[1/760] ppo_full_train_safetyon_seed10: train 4380s eval 2.6s | reward -1.167 | viol% p1=33.2 p2=53.0 p4=43.0 | diurnal 48.8 | flash 52.7
[2/760] ppo_full_train_safetyon_seed3: train 4388s eval 2.7s | reward -0.998 | viol% p1=26.7 p2=65.5 p4=36.3 | diurnal 51.7 | flash 49.3
[3/760] ppo_full_train_safetyon_seed9: train 4408s eval 2.5s | reward -1.450 | viol% p1=42.5 p2=59.2 p4=42.6 | diurnal 58.0 | flash 59.4
[4/760] ppo_full_train_safetyon_seed2: train 4420s eval 2.6s | reward -1.150 | viol% p1=32.2 p2=44.6 p4=36.1 | diurnal 48.8 | flash 45.8
[5/760] ppo_full_train_safetyon_seed11: train 4431s eval 2.5s | reward -1.234 | viol% p1=36.2 p2=60.1 p4=37.9 | diurnal 58.6 | flash 50.9
[6/760] ppo_full_train_safetyon_seed5: train 4463s eval 2.7s | reward -1.126 | viol% p1=32.8 p2=49.3 p4=42.7 | diurnal 56.1 | flash 50.1
[7/760] ppo_full_train_safetyon_seed7: train 4473s eval 2.9s | reward -1.138 | viol% p1=34.5 p2=57.5 p4=38.4 | diurnal 54.8 | flash 48.8
[8/760] ppo_full_train_safetyon_seed4: train 4478s eval 3.7s | reward -1.441 | viol% p1=38.7 p2=73.3 p4=46.2 | diurnal 55.9 | flash 63.1
[9/760] ppo_full_train_safetyon_seed6: train 4488s eval 3.3s | reward -1.130 | viol% p1=33.3 p2=61.7 p4=33.1 | diurnal 55.0 | flash 50.1
[10/760] ppo_full_train_safetyon_seed1: train 4514s eval 2.7s | reward -1.071 | viol% p1=26.0 p2=46.2 p4=40.5 | diurnal 44.0 | flash 49.7
[11/760] ppo_full_train_safetyon_seed0: train 4530s eval 1.7s | reward -0.743 | viol% p1=21.3 p2=45.6 p4=24.2 | diurnal 40.9 | flash 39.8
[12/760] ppo_full_train_safetyon_seed8: train 4556s eval 6.7s | reward -1.194 | viol% p1=29.4 p2=63.9 p4=42.4 | diurnal 64.5 | flash 51.8
[13/760] ppo_full_train_safetyon_seed13: train 4646s eval 3.0s | reward -1.136 | viol% p1=31.0 p2=54.0 p4=34.1 | diurnal 50.1 | flash 52.8
[14/760] ppo_full_train_safetyon_seed12: train 4751s eval 3.1s | reward -0.979 | viol% p1=28.3 p2=76.5 p4=28.1 | diurnal 43.9 | flash 47.4
[15/760] ppo_full_train_safetyon_seed16: train 4718s eval 2.6s | reward -0.896 | viol% p1=27.6 p2=57.1 p4=29.1 | diurnal 51.1 | flash 43.9
[16/760] ppo_full_train_safetyon_seed15: train 4771s eval 3.0s | reward -1.082 | viol% p1=32.8 p2=58.6 p4=32.3 | diurnal 46.9 | flash 48.0
[17/760] ppo_full_train_safetyon_seed18: train 4716s eval 3.1s | reward -1.254 | viol% p1=35.9 p2=66.2 p4=35.6 | diurnal 53.0 | flash 58.1
[18/760] ppo_full_train_safetyon_seed14: train 4808s eval 3.1s | reward -1.206 | viol% p1=32.9 p2=67.6 p4=38.3 | diurnal 52.0 | flash 52.4
[19/760] ppo_real_only_train_safetyon_seed0: train 4735s eval 3.1s | reward -0.771 | viol% p1=21.9 p2=62.9 p4=25.4 | diurnal 43.1 | flash 44.1
[20/760] ppo_full_train_safetyon_seed17: train 4767s eval 2.4s | reward -1.067 | viol% p1=28.1 p2=53.8 p4=35.9 | diurnal 50.7 | flash 46.1
[21/760] ppo_real_only_train_safetyon_seed3: train 4683s eval 3.1s | reward -0.983 | viol% p1=28.2 p2=49.7 p4=28.0 | diurnal 51.6 | flash 45.6
[22/760] ppo_full_train_safetyon_seed19: train 4780s eval 3.0s | reward -1.556 | viol% p1=41.5 p2=66.2 p4=48.4 | diurnal 67.4 | flash 57.6
[23/760] ppo_real_only_train_safetyon_seed2: train 4742s eval 3.0s | reward -1.193 | viol% p1=32.3 p2=65.4 p4=43.2 | diurnal 53.6 | flash 54.3
[24/760] ppo_real_only_train_safetyon_seed1: train 4777s eval 3.1s | reward -1.068 | viol% p1=28.5 p2=49.5 p4=37.4 | diurnal 46.3 | flash 50.3
[25/760] ppo_real_only_train_safetyon_seed4: train 4927s eval 3.1s | reward -1.462 | viol% p1=44.5 p2=69.5 p4=44.0 | diurnal 58.7 | flash 63.3
[26/760] ppo_real_only_train_safetyon_seed5: train 4973s eval 3.0s | reward -1.031 | viol% p1=28.2 p2=52.9 p4=37.2 | diurnal 54.0 | flash 48.8
[27/760] ppo_real_only_train_safetyon_seed11: train 4897s eval 2.9s | reward -1.218 | viol% p1=35.3 p2=69.1 p4=36.0 | diurnal 61.1 | flash 52.7
[28/760] ppo_real_only_train_safetyon_seed10: train 4909s eval 3.0s | reward -1.158 | viol% p1=30.9 p2=55.4 p4=37.2 | diurnal 48.3 | flash 50.9
[29/760] ppo_real_only_train_safetyon_seed13: train 4883s eval 2.7s | reward -1.268 | viol% p1=40.3 p2=63.9 p4=41.3 | diurnal 53.2 | flash 58.7
[30/760] ppo_real_only_train_safetyon_seed9: train 4947s eval 2.9s | reward -1.426 | viol% p1=39.4 p2=50.4 p4=43.6 | diurnal 57.6 | flash 53.4
[31/760] ppo_real_only_train_safetyon_seed7: train 4978s eval 3.4s | reward -1.085 | viol% p1=32.6 p2=56.9 p4=31.5 | diurnal 50.9 | flash 46.3
[32/760] ppo_real_only_train_safetyon_seed6: train 5046s eval 3.0s | reward -1.129 | viol% p1=35.5 p2=59.6 p4=32.9 | diurnal 55.3 | flash 53.0
[33/760] ppo_real_only_train_safetyon_seed12: train 5015s eval 3.0s | reward -0.960 | viol% p1=28.3 p2=55.2 p4=28.5 | diurnal 44.2 | flash 41.4
[34/760] ppo_real_only_train_safetyon_seed8: train 5094s eval 3.0s | reward -1.185 | viol% p1=33.5 p2=61.3 p4=36.8 | diurnal 63.8 | flash 51.1
[35/760] ppo_real_only_train_safetyon_seed15: train 5019s eval 2.9s | reward -1.060 | viol% p1=34.8 p2=39.7 p4=33.7 | diurnal 43.5 | flash 45.1
[36/760] ppo_real_only_train_safetyon_seed14: train 5135s eval 2.9s | reward -1.208 | viol% p1=36.1 p2=65.5 p4=36.4 | diurnal 55.3 | flash 52.2
[37/760] ppo_real_only_train_safetyon_seed16: train 1676s eval 0.5s | reward -0.875 | viol% p1=29.1 p2=46.1 p4=27.2 | diurnal 48.8 | flash 40.7
[38/760] ppo_real_only_train_safetyon_seed18: train 1528s eval 0.5s | reward -1.241 | viol% p1=37.8 p2=66.4 p4=34.9 | diurnal 52.6 | flash 57.6
[39/760] ppo_real_only_train_safetyon_seed19: train 1526s eval 0.5s | reward -1.537 | viol% p1=43.8 p2=72.2 p4=45.3 | diurnal 67.7 | flash 59.4
[40/760] ppo_real_only_train_safetyon_seed17: train 1555s eval 0.4s | reward -1.011 | viol% p1=28.3 p2=40.0 p4=32.3 | diurnal 50.1 | flash 42.4
[41/760] ppo_aug_subsample_train_safetyon_seed0: train 1511s eval 0.4s | reward -0.785 | viol% p1=21.2 p2=59.1 p4=27.7 | diurnal 40.8 | flash 45.9
[42/760] ppo_aug_subsample_train_safetyon_seed2: train 1494s eval 0.4s | reward -1.169 | viol% p1=31.1 p2=50.3 p4=40.8 | diurnal 49.7 | flash 47.9
[43/760] ppo_aug_subsample_train_safetyon_seed3: train 1470s eval 0.4s | reward -1.004 | viol% p1=26.9 p2=51.2 p4=32.4 | diurnal 50.9 | flash 45.2
[44/760] ppo_aug_subsample_train_safetyon_seed1: train 1504s eval 0.4s | reward -1.023 | viol% p1=28.1 p2=38.7 p4=33.3 | diurnal 43.4 | flash 42.2
[45/760] ppo_aug_subsample_train_safetyon_seed4: train 1416s eval 0.5s | reward -1.403 | viol% p1=40.0 p2=57.4 p4=40.8 | diurnal 54.4 | flash 58.4
[46/760] ppo_aug_subsample_train_safetyon_seed5: train 1397s eval 0.5s | reward -0.989 | viol% p1=26.9 p2=38.9 p4=31.0 | diurnal 53.0 | flash 39.0
[47/760] ppo_aug_subsample_train_safetyon_seed6: train 1373s eval 0.5s | reward -1.163 | viol% p1=37.1 p2=52.0 p4=36.6 | diurnal 56.6 | flash 53.0
[48/760] ppo_aug_subsample_train_safetyon_seed7: train 1279s eval 0.4s | reward -1.082 | viol% p1=31.7 p2=58.3 p4=29.6 | diurnal 51.0 | flash 44.7
[49/760] ppo_aug_subsample_train_safetyon_seed8: train 655s eval 0.5s | reward -1.184 | viol% p1=30.8 p2=53.0 p4=38.6 | diurnal 62.3 | flash 47.6
[50/760] ppo_aug_subsample_train_safetyon_seed10: train 639s eval 0.5s | reward -1.213 | viol% p1=38.5 p2=54.8 p4=37.7 | diurnal 49.1 | flash 53.4
[51/760] ppo_aug_subsample_train_safetyon_seed13: train 635s eval 0.5s | reward -1.172 | viol% p1=29.4 p2=63.4 p4=38.7 | diurnal 48.9 | flash 55.7
[52/760] ppo_aug_subsample_train_safetyon_seed9: train 642s eval 0.5s | reward -1.415 | viol% p1=37.3 p2=53.0 p4=43.0 | diurnal 56.7 | flash 56.1
[53/760] ppo_aug_subsample_train_safetyon_seed11: train 642s eval 0.4s | reward -1.213 | viol% p1=35.6 p2=71.1 p4=32.5 | diurnal 59.7 | flash 51.2
[54/760] ppo_aug_subsample_train_safetyon_seed12: train 644s eval 0.4s | reward -0.978 | viol% p1=29.7 p2=44.1 p4=29.4 | diurnal 44.1 | flash 40.0
[55/760] ppo_aug_subsample_train_safetyon_seed15: train 640s eval 0.4s | reward -1.072 | viol% p1=33.9 p2=53.8 p4=31.0 | diurnal 43.9 | flash 46.6
[56/760] ppo_aug_subsample_train_safetyon_seed14: train 645s eval 0.4s | reward -1.202 | viol% p1=40.7 p2=54.1 p4=33.8 | diurnal 51.1 | flash 50.4
[57/760] ppo_aug_subsample_train_safetyon_seed16: train 651s eval 0.3s | reward -0.858 | viol% p1=25.4 p2=47.3 p4=28.6 | diurnal 46.4 | flash 37.0
[58/760] ppo_aug_subsample_train_safetyon_seed17: train 650s eval 0.4s | reward -1.026 | viol% p1=27.2 p2=64.0 p4=32.5 | diurnal 49.9 | flash 48.9
[59/760] ppo_aug_subsample_train_safetyon_seed18: train 647s eval 0.4s | reward -1.256 | viol% p1=37.5 p2=70.2 p4=33.4 | diurnal 53.5 | flash 57.7
[60/760] ppo_aug_subsample_train_safetyon_seed19: train 643s eval 0.4s | reward -1.536 | viol% p1=40.4 p2=68.5 p4=47.9 | diurnal 63.9 | flash 57.0
[61/760] sdhppo_full_train_safetyon_seed0: train 666s eval 0.5s | reward -0.814 | viol% p1=27.4 p2=52.0 p4=24.1 | diurnal 44.1 | flash 43.1
[62/760] sdhppo_full_train_safetyon_seed2: train 666s eval 0.6s | reward -1.152 | viol% p1=32.9 p2=47.2 p4=35.7 | diurnal 49.1 | flash 46.1
[63/760] sdhppo_full_train_safetyon_seed3: train 670s eval 0.5s | reward -1.012 | viol% p1=28.0 p2=57.7 p4=32.6 | diurnal 54.4 | flash 46.6
[64/760] sdhppo_full_train_safetyon_seed5: train 665s eval 0.5s | reward -1.087 | viol% p1=33.3 p2=51.3 p4=32.6 | diurnal 54.7 | flash 45.2
[65/760] sdhppo_full_train_safetyon_seed6: train 665s eval 0.5s | reward -1.135 | viol% p1=33.5 p2=53.5 p4=36.3 | diurnal 53.8 | flash 50.5
[66/760] sdhppo_full_train_safetyon_seed1: train 672s eval 0.5s | reward -1.077 | viol% p1=28.3 p2=51.1 p4=39.6 | diurnal 47.9 | flash 51.0
[67/760] sdhppo_full_train_safetyon_seed4: train 671s eval 0.5s | reward -1.420 | viol% p1=41.3 p2=60.9 p4=43.1 | diurnal 56.0 | flash 60.1
[68/760] sdhppo_full_train_safetyon_seed7: train 666s eval 0.5s | reward -1.103 | viol% p1=33.5 p2=51.2 p4=31.7 | diurnal 52.6 | flash 44.7
[69/760] sdhppo_full_train_safetyon_seed9: train 671s eval 0.5s | reward -1.428 | viol% p1=40.6 p2=51.9 p4=42.1 | diurnal 57.4 | flash 55.4
[70/760] sdhppo_full_train_safetyon_seed10: train 672s eval 0.5s | reward -1.174 | viol% p1=34.2 p2=69.0 p4=37.6 | diurnal 52.5 | flash 54.4
[71/760] sdhppo_full_train_safetyon_seed8: train 677s eval 0.5s | reward -1.186 | viol% p1=29.7 p2=67.7 p4=39.1 | diurnal 63.7 | flash 48.5
[72/760] sdhppo_full_train_safetyon_seed11: train 667s eval 0.5s | reward -1.214 | viol% p1=34.6 p2=69.8 p4=36.9 | diurnal 59.2 | flash 49.9
[73/760] sdhppo_full_train_safetyon_seed16: train 649s eval 0.5s | reward -0.932 | viol% p1=33.8 p2=37.1 p4=30.3 | diurnal 46.4 | flash 40.7
[74/760] sdhppo_full_train_safetyon_seed13: train 652s eval 0.4s | reward -1.208 | viol% p1=32.0 p2=55.3 p4=38.9 | diurnal 50.4 | flash 54.2
[75/760] sdhppo_full_train_safetyon_seed18: train 648s eval 0.5s | reward -1.266 | viol% p1=38.4 p2=68.1 p4=35.5 | diurnal 51.5 | flash 52.8
[76/760] sdhppo_full_train_safetyon_seed12: train 657s eval 0.4s | reward -1.006 | viol% p1=29.3 p2=59.5 p4=32.6 | diurnal 48.5 | flash 44.8
[77/760] sdhppo_full_train_safetyon_seed15: train 654s eval 0.5s | reward -1.099 | viol% p1=32.2 p2=66.3 p4=32.7 | diurnal 47.3 | flash 48.9
[78/760] sdhppo_full_train_safetyon_seed14: train 655s eval 0.4s | reward -1.217 | viol% p1=36.0 p2=66.8 p4=39.3 | diurnal 55.8 | flash 53.7
[79/760] sdhppo_full_train_safetyon_seed17: train 654s eval 0.4s | reward -1.059 | viol% p1=27.6 p2=45.7 p4=36.9 | diurnal 49.8 | flash 44.0
[80/760] sdhppo_full_train_safetyon_seed19: train 654s eval 0.4s | reward -1.698 | viol% p1=46.6 p2=58.8 p4=56.3 | diurnal 65.0 | flash 59.2
[81/760] sdhppo_real_only_train_safetyon_seed2: train 644s eval 0.3s | reward -1.224 | viol% p1=34.2 p2=51.8 p4=42.9 | diurnal 51.7 | flash 50.7
[82/760] sdhppo_real_only_train_safetyon_seed3: train 645s eval 0.2s | reward -1.022 | viol% p1=28.9 p2=61.1 p4=33.6 | diurnal 55.9 | flash 47.9
[83/760] sdhppo_real_only_train_safetyon_seed1: train 647s eval 0.3s | reward -1.067 | viol% p1=30.9 p2=57.5 p4=34.8 | diurnal 49.2 | flash 51.4
[84/760] sdhppo_real_only_train_safetyon_seed0: train 647s eval 0.3s | reward -1.109 | viol% p1=32.1 p2=44.3 p4=36.0 | diurnal 44.0 | flash 46.7
[1/676] sdhppo_real_only_train_safetyon_seed18: train 886s eval 0.6s | reward -1.312 | viol% p1=40.1 p2=60.3 p4=38.9 | diurnal 52.3 | flash 59.7
[2/676] sdhppo_real_only_train_safetyon_seed11: train 886s eval 0.6s | reward -1.235 | viol% p1=36.6 p2=69.6 p4=37.3 | diurnal 63.5 | flash 52.7
[3/676] sdhppo_real_only_train_safetyon_seed15: train 887s eval 0.6s | reward -1.272 | viol% p1=41.5 p2=60.8 p4=31.9 | diurnal 48.6 | flash 51.5
[4/676] sdhppo_real_only_train_safetyon_seed7: train 888s eval 0.6s | reward -1.541 | viol% p1=50.0 p2=48.7 p4=43.2 | diurnal 53.3 | flash 53.0
[5/676] sdhppo_real_only_train_safetyon_seed10: train 887s eval 0.6s | reward -1.162 | viol% p1=34.4 p2=48.6 p4=35.9 | diurnal 49.9 | flash 50.1
[6/676] sdhppo_real_only_train_safetyon_seed12: train 889s eval 0.5s | reward -0.995 | viol% p1=29.3 p2=55.4 p4=30.8 | diurnal 48.2 | flash 44.1
[7/676] sdhppo_real_only_train_safetyon_seed19: train 890s eval 0.5s | reward -1.536 | viol% p1=43.2 p2=69.0 p4=44.5 | diurnal 68.2 | flash 57.3
[8/676] sdhppo_real_only_train_safetyon_seed6: train 890s eval 0.5s | reward -1.154 | viol% p1=32.7 p2=66.7 p4=37.9 | diurnal 56.3 | flash 53.7
[9/676] sdhppo_real_only_train_safetyon_seed16: train 890s eval 0.5s | reward -0.864 | viol% p1=27.6 p2=42.7 p4=25.8 | diurnal 47.4 | flash 38.4
[10/676] sdhppo_real_only_train_safetyon_seed13: train 891s eval 0.4s | reward -1.299 | viol% p1=36.6 p2=63.0 p4=41.0 | diurnal 53.2 | flash 58.0
[11/676] sdhppo_real_only_train_safetyon_seed5: train 893s eval 0.4s | reward -1.070 | viol% p1=31.1 p2=47.7 p4=34.8 | diurnal 55.2 | flash 46.2
[12/676] sdhppo_real_only_train_safetyon_seed4: train 893s eval 0.4s | reward -1.431 | viol% p1=41.8 p2=68.8 p4=43.9 | diurnal 59.2 | flash 62.5
[13/676] sdhppo_real_only_train_safetyon_seed17: train 893s eval 0.4s | reward -1.044 | viol% p1=30.9 p2=59.3 p4=34.2 | diurnal 52.8 | flash 48.2
[14/676] sdhppo_real_only_train_safetyon_seed9: train 893s eval 0.3s | reward -1.436 | viol% p1=39.2 p2=55.9 p4=43.6 | diurnal 56.7 | flash 55.3
[15/676] sdhppo_real_only_train_safetyon_seed14: train 894s eval 0.4s | reward -1.223 | viol% p1=41.7 p2=45.3 p4=33.7 | diurnal 50.9 | flash 47.9
[16/676] sdhppo_real_only_train_safetyon_seed8: train 895s eval 0.4s | reward -1.206 | viol% p1=31.6 p2=59.2 p4=40.9 | diurnal 63.8 | flash 50.8
[17/676] sdhppo_aug_subsample_train_safetyon_seed15: train 832s eval 0.6s | reward -1.093 | viol% p1=30.5 p2=58.3 p4=35.7 | diurnal 44.4 | flash 46.5
[18/676] sdhppo_aug_subsample_train_safetyon_seed12: train 833s eval 0.6s | reward -1.029 | viol% p1=30.1 p2=65.8 p4=33.4 | diurnal 50.2 | flash 46.6
[19/676] sdhppo_aug_subsample_train_safetyon_seed9: train 835s eval 0.6s | reward -1.430 | viol% p1=39.4 p2=54.4 p4=43.0 | diurnal 57.1 | flash 53.2
[20/676] sdhppo_aug_subsample_train_safetyon_seed7: train 835s eval 0.6s | reward -1.103 | viol% p1=32.9 p2=62.2 p4=33.1 | diurnal 53.1 | flash 47.7
[21/676] sdhppo_aug_subsample_train_safetyon_seed3: train 833s eval 0.5s | reward -1.008 | viol% p1=27.3 p2=52.0 p4=31.8 | diurnal 52.7 | flash 45.0
[22/676] sdhppo_aug_subsample_train_safetyon_seed11: train 839s eval 0.5s | reward -1.411 | viol% p1=47.1 p2=60.7 p4=41.3 | diurnal 60.5 | flash 54.2
[23/676] sdhppo_aug_subsample_train_safetyon_seed6: train 837s eval 0.5s | reward -1.137 | viol% p1=34.6 p2=55.7 p4=31.6 | diurnal 54.1 | flash 48.4
[24/676] sdhppo_aug_subsample_train_safetyon_seed13: train 839s eval 0.5s | reward -1.210 | viol% p1=32.1 p2=68.5 p4=39.2 | diurnal 53.7 | flash 56.2
[25/676] sdhppo_aug_subsample_train_safetyon_seed4: train 836s eval 0.5s | reward -1.430 | viol% p1=38.5 p2=68.4 p4=43.8 | diurnal 55.6 | flash 58.6
[26/676] sdhppo_aug_subsample_train_safetyon_seed2: train 837s eval 0.5s | reward -1.202 | viol% p1=32.0 p2=60.2 p4=39.7 | diurnal 51.3 | flash 50.8
[27/676] sdhppo_aug_subsample_train_safetyon_seed8: train 842s eval 0.5s | reward -1.271 | viol% p1=30.7 p2=54.7 p4=44.3 | diurnal 60.7 | flash 49.8
[28/676] sdhppo_aug_subsample_train_safetyon_seed10: train 842s eval 0.5s | reward -1.191 | viol% p1=32.0 p2=79.9 p4=36.1 | diurnal 50.2 | flash 52.3
[29/676] sdhppo_aug_subsample_train_safetyon_seed5: train 840s eval 0.4s | reward -1.043 | viol% p1=28.6 p2=60.4 p4=35.6 | diurnal 56.8 | flash 49.0
[30/676] sdhppo_aug_subsample_train_safetyon_seed1: train 838s eval 0.4s | reward -1.124 | viol% p1=27.8 p2=50.9 p4=46.3 | diurnal 46.8 | flash 51.6
[31/676] sdhppo_aug_subsample_train_safetyon_seed14: train 843s eval 0.4s | reward -1.218 | viol% p1=32.2 p2=77.4 p4=35.0 | diurnal 52.3 | flash 52.3
[32/676] sdhppo_aug_subsample_train_safetyon_seed0: train 839s eval 0.4s | reward -0.910 | viol% p1=27.0 p2=46.7 p4=32.2 | diurnal 42.8 | flash 44.2
[33/676] sdhppo_aug_subsample_train_safetyon_seed18: train 1076s eval 0.7s | reward -1.239 | viol% p1=37.5 p2=50.7 p4=33.3 | diurnal 50.3 | flash 54.2
[34/676] sdhppo_aug_subsample_train_safetyon_seed17: train 1081s eval 0.7s | reward -1.209 | viol% p1=29.0 p2=54.2 p4=45.1 | diurnal 49.4 | flash 49.5
[35/676] sdhppo_aug_subsample_train_safetyon_seed19: train 1082s eval 0.7s | reward -1.674 | viol% p1=44.5 p2=70.1 p4=54.5 | diurnal 66.7 | flash 61.2
[36/676] sdhppo_aug_subsample_train_safetyon_seed16: train 1085s eval 0.6s | reward -0.866 | viol% p1=26.4 p2=41.8 p4=26.9 | diurnal 46.1 | flash 34.7
[37/676] dqn_full_train_safetyon_seed2: train 2931s eval 0.8s | reward -1.169 | viol% p1=33.4 p2=60.0 p4=39.3 | diurnal 48.0 | flash 52.1
[38/676] dqn_full_train_safetyon_seed8: train 2963s eval 0.8s | reward -1.221 | viol% p1=34.2 p2=59.6 p4=42.8 | diurnal 62.4 | flash 51.5
[39/676] dqn_full_train_safetyon_seed4: train 2966s eval 0.7s | reward -1.463 | viol% p1=38.6 p2=84.2 p4=52.8 | diurnal 56.7 | flash 65.8
[40/676] dqn_full_train_safetyon_seed10: train 2965s eval 0.7s | reward -1.166 | viol% p1=34.2 p2=66.7 p4=32.7 | diurnal 49.0 | flash 53.6
[41/676] dqn_full_train_safetyon_seed11: train 2965s eval 0.7s | reward -1.245 | viol% p1=35.8 p2=48.7 p4=41.6 | diurnal 59.6 | flash 47.9
[42/676] dqn_full_train_safetyon_seed9: train 2967s eval 0.6s | reward -1.450 | viol% p1=37.9 p2=66.0 p4=51.2 | diurnal 56.1 | flash 60.1
[43/676] dqn_full_train_safetyon_seed7: train 2970s eval 0.5s | reward -1.121 | viol% p1=36.0 p2=53.4 p4=31.7 | diurnal 51.8 | flash 45.9
[44/676] dqn_full_train_safetyon_seed5: train 2971s eval 0.6s | reward -1.056 | viol% p1=26.9 p2=57.4 p4=39.3 | diurnal 50.8 | flash 47.8
[45/676] dqn_full_train_safetyon_seed3: train 2977s eval 0.5s | reward -1.007 | viol% p1=28.6 p2=45.2 p4=33.3 | diurnal 52.5 | flash 45.6
[46/676] dqn_full_train_safetyon_seed0: train 2981s eval 0.4s | reward -0.794 | viol% p1=24.6 p2=62.6 p4=24.9 | diurnal 40.1 | flash 44.2
[47/676] dqn_full_train_safetyon_seed1: train 2980s eval 0.4s | reward -1.147 | viol% p1=26.6 p2=58.3 p4=56.1 | diurnal 49.8 | flash 56.2
[48/676] dqn_full_train_safetyon_seed6: train 3008s eval 0.8s | reward -1.130 | viol% p1=33.5 p2=55.4 p4=40.3 | diurnal 53.6 | flash 52.4
[49/676] dqn_full_train_safetyon_seed13: train 2991s eval 0.8s | reward -1.185 | viol% p1=30.5 p2=74.3 p4=39.1 | diurnal 48.2 | flash 54.3
[50/676] dqn_full_train_safetyon_seed14: train 3025s eval 0.7s | reward -1.207 | viol% p1=33.2 p2=69.4 p4=37.0 | diurnal 51.0 | flash 52.1
[51/676] dqn_full_train_safetyon_seed12: train 3035s eval 0.7s | reward -0.964 | viol% p1=25.7 p2=58.8 p4=37.7 | diurnal 44.2 | flash 45.0
[52/676] dqn_full_train_safetyon_seed15: train 3023s eval 0.7s | reward -1.064 | viol% p1=36.6 p2=59.2 p4=28.3 | diurnal 44.3 | flash 47.4
[53/676] dqn_real_only_train_safetyon_seed1: train 2923s eval 0.8s | reward -1.022 | viol% p1=27.6 p2=53.5 p4=36.9 | diurnal 47.3 | flash 50.7
[54/676] dqn_full_train_safetyon_seed17: train 2929s eval 0.7s | reward -1.035 | viol% p1=27.9 p2=57.9 p4=37.4 | diurnal 48.3 | flash 47.2
[55/676] dqn_full_train_safetyon_seed18: train 2938s eval 0.7s | reward -1.332 | viol% p1=37.5 p2=56.9 p4=45.4 | diurnal 52.3 | flash 58.3
[56/676] dqn_real_only_train_safetyon_seed2: train 2943s eval 0.6s | reward -1.183 | viol% p1=38.5 p2=57.1 p4=39.6 | diurnal 52.9 | flash 52.2
[57/676] dqn_real_only_train_safetyon_seed0: train 2953s eval 0.6s | reward -0.796 | viol% p1=26.9 p2=44.6 p4=25.1 | diurnal 40.4 | flash 42.9
[58/676] dqn_full_train_safetyon_seed19: train 2962s eval 0.7s | reward -1.585 | viol% p1=41.8 p2=73.9 p4=57.7 | diurnal 68.0 | flash 61.9
[59/676] dqn_real_only_train_safetyon_seed5: train 2959s eval 0.7s | reward -1.044 | viol% p1=28.6 p2=63.8 p4=35.6 | diurnal 59.6 | flash 49.9
[60/676] dqn_real_only_train_safetyon_seed4: train 2966s eval 0.6s | reward -1.442 | viol% p1=38.6 p2=73.3 p4=49.2 | diurnal 55.3 | flash 64.8
[61/676] dqn_full_train_safetyon_seed16: train 2973s eval 0.6s | reward -0.874 | viol% p1=27.7 p2=39.2 p4=31.0 | diurnal 42.5 | flash 38.4
[62/676] dqn_real_only_train_safetyon_seed3: train 2979s eval 0.5s | reward -1.032 | viol% p1=34.0 p2=58.9 p4=33.0 | diurnal 57.4 | flash 51.4
[63/676] dqn_real_only_train_safetyon_seed6: train 2976s eval 0.5s | reward -1.198 | viol% p1=39.0 p2=54.8 p4=35.3 | diurnal 58.7 | flash 51.6
[64/676] dqn_real_only_train_safetyon_seed7: train 2930s eval 0.5s | reward -1.159 | viol% p1=33.6 p2=55.5 p4=40.8 | diurnal 58.3 | flash 48.3
[65/676] dqn_real_only_train_safetyon_seed8: train 2908s eval 0.8s | reward -1.209 | viol% p1=32.6 p2=66.1 p4=41.2 | diurnal 68.1 | flash 53.0
[66/676] dqn_real_only_train_safetyon_seed10: train 2914s eval 0.8s | reward -1.218 | viol% p1=36.2 p2=42.7 p4=46.9 | diurnal 56.8 | flash 51.7
[67/676] dqn_real_only_train_safetyon_seed11: train 2924s eval 0.8s | reward -1.242 | viol% p1=34.7 p2=52.1 p4=44.0 | diurnal 56.9 | flash 49.9
[68/676] dqn_real_only_train_safetyon_seed9: train 2943s eval 0.7s | reward -1.449 | viol% p1=40.4 p2=54.1 p4=45.6 | diurnal 61.1 | flash 56.2
[69/676] dqn_real_only_train_safetyon_seed13: train 2896s eval 0.8s | reward -1.181 | viol% p1=31.7 p2=60.2 p4=43.5 | diurnal 59.0 | flash 57.4
[70/676] dqn_real_only_train_safetyon_seed15: train 2917s eval 0.8s | reward -1.120 | viol% p1=32.1 p2=57.9 p4=45.6 | diurnal 53.2 | flash 52.6
[71/676] dqn_real_only_train_safetyon_seed12: train 2939s eval 0.7s | reward -0.966 | viol% p1=28.3 p2=62.3 p4=33.4 | diurnal 51.3 | flash 46.3
[72/676] dqn_real_only_train_safetyon_seed14: train 2949s eval 0.6s | reward -1.195 | viol% p1=34.2 p2=54.8 p4=40.1 | diurnal 54.0 | flash 50.0
[73/676] dqn_real_only_train_safetyon_seed16: train 2946s eval 0.7s | reward -0.897 | viol% p1=30.8 p2=38.8 p4=26.7 | diurnal 46.1 | flash 37.2
[74/676] dqn_real_only_train_safetyon_seed17: train 2941s eval 0.7s | reward -1.055 | viol% p1=29.8 p2=53.9 p4=40.3 | diurnal 49.6 | flash 48.5
[75/676] dqn_real_only_train_safetyon_seed18: train 2943s eval 0.6s | reward -1.307 | viol% p1=38.3 p2=69.8 p4=46.2 | diurnal 56.1 | flash 61.8
[76/676] dqn_real_only_train_safetyon_seed19: train 2958s eval 0.6s | reward -1.579 | viol% p1=42.8 p2=73.3 p4=52.3 | diurnal 71.6 | flash 61.4
[77/676] dqn_aug_subsample_train_safetyon_seed0: train 2971s eval 0.5s | reward -0.780 | viol% p1=21.8 p2=40.6 p4=29.1 | diurnal 36.2 | flash 35.1
[78/676] dqn_aug_subsample_train_safetyon_seed2: train 2954s eval 0.5s | reward -1.168 | viol% p1=30.1 p2=50.0 p4=39.0 | diurnal 46.0 | flash 46.0
[79/676] dqn_aug_subsample_train_safetyon_seed1: train 2983s eval 0.7s | reward -1.050 | viol% p1=25.8 p2=39.6 p4=40.7 | diurnal 45.8 | flash 43.0
[80/676] dqn_aug_subsample_train_safetyon_seed3: train 2953s eval 0.8s | reward -1.012 | viol% p1=28.8 p2=37.2 p4=35.3 | diurnal 50.7 | flash 39.9
[81/676] dqn_aug_subsample_train_safetyon_seed4: train 2951s eval 0.8s | reward -1.376 | viol% p1=40.1 p2=62.7 p4=39.2 | diurnal 53.6 | flash 58.3
[82/676] dqn_aug_subsample_train_safetyon_seed5: train 2936s eval 0.8s | reward -1.014 | viol% p1=28.7 p2=43.4 p4=30.9 | diurnal 47.4 | flash 41.0
[83/676] dqn_aug_subsample_train_safetyon_seed6: train 2937s eval 0.7s | reward -1.155 | viol% p1=33.8 p2=50.3 p4=35.4 | diurnal 53.0 | flash 47.3
[84/676] dqn_aug_subsample_train_safetyon_seed7: train 2952s eval 0.6s | reward -1.088 | viol% p1=31.3 p2=62.9 p4=31.4 | diurnal 50.3 | flash 45.5
[85/676] dqn_aug_subsample_train_safetyon_seed10: train 2935s eval 0.8s | reward -1.130 | viol% p1=32.4 p2=44.1 p4=36.4 | diurnal 45.1 | flash 45.5
[86/676] dqn_aug_subsample_train_safetyon_seed9: train 2953s eval 0.8s | reward -1.426 | viol% p1=38.4 p2=50.4 p4=44.7 | diurnal 56.2 | flash 50.8
[87/676] dqn_aug_subsample_train_safetyon_seed11: train 2945s eval 0.7s | reward -1.187 | viol% p1=34.8 p2=49.5 p4=37.7 | diurnal 57.3 | flash 45.5
[88/676] dqn_aug_subsample_train_safetyon_seed13: train 2935s eval 0.6s | reward -1.149 | viol% p1=30.6 p2=46.7 p4=37.0 | diurnal 51.1 | flash 47.3
[89/676] dqn_aug_subsample_train_safetyon_seed8: train 2980s eval 0.6s | reward -1.164 | viol% p1=30.8 p2=52.1 p4=36.0 | diurnal 60.3 | flash 44.3
[90/676] dqn_aug_subsample_train_safetyon_seed15: train 2934s eval 0.6s | reward -1.103 | viol% p1=32.8 p2=56.6 p4=34.3 | diurnal 39.6 | flash 46.4
[91/676] dqn_aug_subsample_train_safetyon_seed17: train 2940s eval 0.6s | reward -1.018 | viol% p1=28.8 p2=45.5 p4=34.2 | diurnal 47.9 | flash 40.2
[92/676] dqn_aug_subsample_train_safetyon_seed16: train 2949s eval 0.5s | reward -0.841 | viol% p1=26.5 p2=44.3 p4=22.6 | diurnal 41.8 | flash 35.9
[93/676] dqn_aug_subsample_train_safetyon_seed18: train 2893s eval 0.5s | reward -1.217 | viol% p1=36.2 p2=59.4 p4=35.2 | diurnal 52.6 | flash 48.6
[94/676] dqn_aug_subsample_train_safetyon_seed14: train 2970s eval 0.5s | reward -1.170 | viol% p1=30.9 p2=49.2 p4=42.6 | diurnal 48.1 | flash 46.2
[95/676] dqn_aug_subsample_train_safetyon_seed12: train 2983s eval 0.4s | reward -0.967 | viol% p1=28.9 p2=50.8 p4=29.2 | diurnal 41.1 | flash 40.6
[96/676] dqn_aug_subsample_train_safetyon_seed19: train 2963s eval 0.8s | reward -1.544 | viol% p1=41.9 p2=70.3 p4=45.7 | diurnal 63.0 | flash 56.4
[97/676] ddqn_full_train_safetyon_seed2: train 3389s eval 0.8s | reward -1.174 | viol% p1=30.7 p2=53.6 p4=41.7 | diurnal 49.6 | flash 50.2
[98/676] ddqn_full_train_safetyon_seed1: train 3448s eval 0.8s | reward -1.066 | viol% p1=29.9 p2=46.3 p4=37.1 | diurnal 43.5 | flash 50.0
[99/676] ddqn_full_train_safetyon_seed0: train 3493s eval 0.9s | reward -0.814 | viol% p1=24.3 p2=55.3 p4=27.2 | diurnal 45.4 | flash 45.9
[100/676] ddqn_full_train_safetyon_seed3: train 3452s eval 0.9s | reward -1.032 | viol% p1=27.7 p2=62.7 p4=36.7 | diurnal 51.3 | flash 50.8
[101/676] ddqn_full_train_safetyon_seed5: train 3379s eval 0.9s | reward -1.054 | viol% p1=28.1 p2=41.4 p4=42.1 | diurnal 51.5 | flash 46.1
[102/676] ddqn_full_train_safetyon_seed4: train 3434s eval 0.9s | reward -1.588 | viol% p1=59.7 p2=75.2 p4=38.9 | diurnal 55.1 | flash 67.1
[103/676] ddqn_full_train_safetyon_seed8: train 3432s eval 0.8s | reward -1.186 | viol% p1=30.3 p2=54.5 p4=40.2 | diurnal 63.1 | flash 47.6
[104/676] ddqn_full_train_safetyon_seed7: train 3461s eval 0.8s | reward -1.111 | viol% p1=34.7 p2=55.5 p4=33.1 | diurnal 50.7 | flash 45.6
[105/676] ddqn_full_train_safetyon_seed10: train 3447s eval 0.7s | reward -1.221 | viol% p1=32.7 p2=65.3 p4=48.3 | diurnal 47.7 | flash 58.1
[106/676] ddqn_full_train_safetyon_seed9: train 3469s eval 0.6s | reward -1.426 | viol% p1=38.8 p2=53.1 p4=45.8 | diurnal 62.1 | flash 56.2
[107/676] ddqn_full_train_safetyon_seed11: train 3457s eval 0.6s | reward -1.227 | viol% p1=37.6 p2=63.6 p4=34.2 | diurnal 54.3 | flash 50.1
[108/676] ddqn_full_train_safetyon_seed12: train 3460s eval 0.6s | reward -1.014 | viol% p1=27.5 p2=71.7 p4=37.6 | diurnal 46.3 | flash 50.4
[109/676] ddqn_full_train_safetyon_seed6: train 3486s eval 0.6s | reward -1.131 | viol% p1=35.3 p2=62.2 p4=30.6 | diurnal 54.5 | flash 50.5
[110/676] ddqn_full_train_safetyon_seed13: train 3490s eval 0.7s | reward -1.193 | viol% p1=31.1 p2=52.0 p4=45.2 | diurnal 47.9 | flash 56.0
[111/676] ddqn_full_train_safetyon_seed14: train 3491s eval 0.7s | reward -1.190 | viol% p1=35.0 p2=77.3 p4=34.9 | diurnal 56.0 | flash 54.3
[112/676] ddqn_full_train_safetyon_seed15: train 3457s eval 0.9s | reward -1.083 | viol% p1=33.9 p2=60.6 p4=31.1 | diurnal 43.9 | flash 48.4
[113/676] ddqn_full_train_safetyon_seed16: train 3460s eval 0.9s | reward -0.912 | viol% p1=35.0 p2=46.7 p4=27.0 | diurnal 44.7 | flash 40.8
[114/676] ddqn_full_train_safetyon_seed17: train 3452s eval 0.9s | reward -1.067 | viol% p1=32.0 p2=59.0 p4=35.3 | diurnal 59.4 | flash 47.5
[115/676] ddqn_full_train_safetyon_seed18: train 3435s eval 0.8s | reward -1.266 | viol% p1=37.4 p2=69.5 p4=38.7 | diurnal 50.5 | flash 58.5
[116/676] ddqn_full_train_safetyon_seed19: train 3499s eval 0.8s | reward -1.573 | viol% p1=49.1 p2=77.3 p4=43.9 | diurnal 66.0 | flash 60.9
[117/676] ddqn_real_only_train_safetyon_seed0: train 3497s eval 0.9s | reward -0.864 | viol% p1=36.5 p2=50.4 p4=25.1 | diurnal 52.7 | flash 47.0
[118/676] ddqn_real_only_train_safetyon_seed2: train 3442s eval 0.8s | reward -1.233 | viol% p1=35.0 p2=55.1 p4=42.3 | diurnal 53.7 | flash 52.1
[119/676] ddqn_real_only_train_safetyon_seed1: train 3523s eval 0.8s | reward -1.095 | viol% p1=34.5 p2=50.2 p4=37.4 | diurnal 54.1 | flash 52.4
[120/676] ddqn_real_only_train_safetyon_seed5: train 3474s eval 0.8s | reward -1.035 | viol% p1=30.1 p2=66.5 p4=32.1 | diurnal 53.7 | flash 51.5
[121/676] ddqn_real_only_train_safetyon_seed3: train 3500s eval 0.7s | reward -1.016 | viol% p1=31.9 p2=50.9 p4=30.9 | diurnal 52.2 | flash 46.9
[122/676] ddqn_real_only_train_safetyon_seed6: train 3503s eval 0.8s | reward -1.157 | viol% p1=37.5 p2=49.5 p4=34.0 | diurnal 55.9 | flash 52.2
[123/676] ddqn_real_only_train_safetyon_seed4: train 3512s eval 0.7s | reward -1.425 | viol% p1=39.9 p2=59.1 p4=50.8 | diurnal 56.5 | flash 61.7
[124/676] ddqn_real_only_train_safetyon_seed8: train 3490s eval 0.7s | reward -1.187 | viol% p1=30.4 p2=54.2 p4=44.6 | diurnal 62.8 | flash 50.1
[125/676] ddqn_real_only_train_safetyon_seed10: train 3475s eval 0.6s | reward -1.159 | viol% p1=36.2 p2=46.9 p4=38.9 | diurnal 55.9 | flash 49.4
[126/676] ddqn_real_only_train_safetyon_seed7: train 3511s eval 0.6s | reward -1.132 | viol% p1=35.7 p2=65.7 p4=34.4 | diurnal 59.7 | flash 50.4
[127/676] ddqn_real_only_train_safetyon_seed9: train 3535s eval 0.9s | reward -1.450 | viol% p1=40.9 p2=58.7 p4=47.6 | diurnal 61.8 | flash 56.9
[128/676] ddqn_real_only_train_safetyon_seed11: train 3515s eval 0.8s | reward -1.209 | viol% p1=36.7 p2=57.3 p4=35.5 | diurnal 62.3 | flash 50.4
[129/676] ddqn_real_only_train_safetyon_seed13: train 3470s eval 0.8s | reward -1.191 | viol% p1=31.8 p2=59.9 p4=41.9 | diurnal 54.3 | flash 57.3
[130/676] ddqn_real_only_train_safetyon_seed14: train 3467s eval 0.8s | reward -1.209 | viol% p1=40.7 p2=47.6 p4=36.6 | diurnal 57.4 | flash 49.0
[131/676] ddqn_real_only_train_safetyon_seed12: train 3534s eval 0.8s | reward -0.961 | viol% p1=27.6 p2=59.1 p4=35.1 | diurnal 50.2 | flash 46.0
[132/676] ddqn_real_only_train_safetyon_seed15: train 3519s eval 0.9s | reward -1.185 | viol% p1=34.9 p2=66.9 p4=44.6 | diurnal 52.6 | flash 55.8
[133/676] ddqn_real_only_train_safetyon_seed18: train 3403s eval 0.8s | reward -1.273 | viol% p1=38.9 p2=64.0 p4=39.4 | diurnal 59.3 | flash 58.8
[134/676] ddqn_real_only_train_safetyon_seed16: train 3466s eval 0.8s | reward -0.882 | viol% p1=29.3 p2=38.7 p4=28.6 | diurnal 50.0 | flash 38.8
[135/676] ddqn_real_only_train_safetyon_seed17: train 3466s eval 0.7s | reward -1.089 | viol% p1=31.7 p2=44.0 p4=44.3 | diurnal 51.6 | flash 46.9
[136/676] ddqn_real_only_train_safetyon_seed19: train 3461s eval 0.7s | reward -1.565 | viol% p1=41.4 p2=76.7 p4=55.7 | diurnal 65.7 | flash 63.2
[137/676] ddqn_aug_subsample_train_safetyon_seed0: train 3490s eval 0.9s | reward -0.765 | viol% p1=20.8 p2=40.9 p4=28.2 | diurnal 39.1 | flash 34.5
[138/676] ddqn_aug_subsample_train_safetyon_seed5: train 3527s eval 0.9s | reward -1.008 | viol% p1=27.6 p2=41.4 p4=31.7 | diurnal 49.4 | flash 42.5
[139/676] ddqn_aug_subsample_train_safetyon_seed2: train 3545s eval 0.9s | reward -1.146 | viol% p1=30.9 p2=53.6 p4=35.9 | diurnal 49.7 | flash 44.6
[140/676] ddqn_aug_subsample_train_safetyon_seed1: train 3547s eval 0.9s | reward -1.025 | viol% p1=25.5 p2=45.4 p4=35.6 | diurnal 41.1 | flash 43.4
[141/676] ddqn_aug_subsample_train_safetyon_seed3: train 3552s eval 0.8s | reward -0.990 | viol% p1=26.9 p2=45.0 p4=30.9 | diurnal 49.8 | flash 40.9
[142/676] ddqn_aug_subsample_train_safetyon_seed4: train 3554s eval 0.8s | reward -1.403 | viol% p1=43.3 p2=53.9 p4=42.9 | diurnal 53.9 | flash 55.9
[143/676] ddqn_aug_subsample_train_safetyon_seed6: train 3552s eval 0.8s | reward -1.147 | viol% p1=34.2 p2=51.8 p4=36.1 | diurnal 52.7 | flash 49.3
[144/676] ddqn_aug_subsample_train_safetyon_seed7: train 3530s eval 1.0s | reward -1.103 | viol% p1=35.8 p2=47.2 p4=32.0 | diurnal 49.2 | flash 41.9
[145/676] sdhppo_no_dueling_train_safetyon_seed0: train 1015s eval 0.8s | reward -0.795 | viol% p1=23.0 p2=57.3 p4=30.9 | diurnal 44.9 | flash 44.5
[146/676] sdhppo_no_dueling_train_safetyon_seed1: train 1019s eval 0.8s | reward -1.086 | viol% p1=28.2 p2=53.7 p4=40.4 | diurnal 47.5 | flash 51.7
[147/676] sdhppo_no_dueling_train_safetyon_seed2: train 1029s eval 0.9s | reward -1.153 | viol% p1=32.8 p2=49.2 p4=38.6 | diurnal 48.8 | flash 47.9
[148/676] sdhppo_no_dueling_train_safetyon_seed3: train 1022s eval 0.7s | reward -1.026 | viol% p1=27.7 p2=62.6 p4=32.1 | diurnal 55.7 | flash 47.6
[149/676] ddqn_aug_subsample_train_safetyon_seed8: train 3468s eval 0.8s | reward -1.174 | viol% p1=30.2 p2=54.7 p4=36.3 | diurnal 59.8 | flash 45.1
[150/676] ddqn_aug_subsample_train_safetyon_seed10: train 3474s eval 0.9s | reward -1.126 | viol% p1=31.9 p2=45.8 p4=33.3 | diurnal 47.3 | flash 43.2
[151/676] ddqn_aug_subsample_train_safetyon_seed9: train 3487s eval 1.0s | reward -1.418 | viol% p1=38.5 p2=53.7 p4=44.9 | diurnal 55.0 | flash 51.7
[152/676] ddqn_aug_subsample_train_safetyon_seed11: train 3466s eval 0.7s | reward -1.184 | viol% p1=32.4 p2=59.2 p4=35.3 | diurnal 55.2 | flash 47.9
[153/676] sdhppo_no_dueling_train_safetyon_seed4: train 991s eval 0.7s | reward -1.439 | viol% p1=42.7 p2=64.4 p4=42.7 | diurnal 57.8 | flash 60.7
[154/676] sdhppo_no_dueling_train_safetyon_seed5: train 990s eval 0.7s | reward -1.150 | viol% p1=34.9 p2=57.3 p4=39.7 | diurnal 57.1 | flash 50.9
[155/676] sdhppo_no_dueling_train_safetyon_seed6: train 992s eval 0.9s | reward -1.162 | viol% p1=36.6 p2=44.4 p4=38.9 | diurnal 55.0 | flash 51.1
[156/676] sdhppo_no_dueling_train_safetyon_seed7: train 986s eval 0.7s | reward -1.298 | viol% p1=41.3 p2=48.7 p4=40.9 | diurnal 52.7 | flash 49.0
[157/676] sdhppo_no_dueling_train_safetyon_seed8: train 983s eval 0.7s | reward -1.199 | viol% p1=31.9 p2=64.9 p4=39.4 | diurnal 65.0 | flash 51.6
[158/676] sdhppo_no_dueling_train_safetyon_seed9: train 956s eval 0.7s | reward -1.437 | viol% p1=38.2 p2=68.9 p4=42.8 | diurnal 58.5 | flash 58.9
[159/676] sdhppo_no_dueling_train_safetyon_seed10: train 955s eval 0.7s | reward -1.164 | viol% p1=34.6 p2=53.0 p4=37.0 | diurnal 48.8 | flash 51.6
[160/676] sdhppo_no_dueling_train_safetyon_seed11: train 976s eval 0.8s | reward -1.240 | viol% p1=37.1 p2=60.5 p4=37.9 | diurnal 60.9 | flash 50.8
[161/676] sdhppo_no_dueling_train_safetyon_seed12: train 982s eval 0.7s | reward -0.991 | viol% p1=28.3 p2=57.2 p4=32.4 | diurnal 44.9 | flash 44.5
[162/676] sdhppo_no_dueling_train_safetyon_seed13: train 994s eval 0.8s | reward -1.191 | viol% p1=33.3 p2=55.3 p4=39.4 | diurnal 49.9 | flash 54.2
[163/676] ddqn_aug_subsample_train_safetyon_seed13: train 3361s eval 1.1s | reward -1.154 | viol% p1=31.9 p2=52.4 p4=37.9 | diurnal 48.3 | flash 48.4
[164/676] sdhppo_no_dueling_train_safetyon_seed14: train 992s eval 0.8s | reward -1.203 | viol% p1=34.8 p2=53.0 p4=38.5 | diurnal 52.5 | flash 49.6
[165/676] ddqn_aug_subsample_train_safetyon_seed15: train 3376s eval 0.8s | reward -1.047 | viol% p1=30.6 p2=52.7 p4=32.1 | diurnal 41.3 | flash 42.9
[166/676] ddqn_aug_subsample_train_safetyon_seed12: train 3399s eval 0.8s | reward -0.945 | viol% p1=27.4 p2=53.9 p4=29.6 | diurnal 42.7 | flash 39.8
[167/676] sdhppo_no_dueling_train_safetyon_seed15: train 981s eval 0.6s | reward -1.247 | viol% p1=39.1 p2=56.3 p4=40.4 | diurnal 46.7 | flash 50.5
[168/676] ddqn_aug_subsample_train_safetyon_seed14: train 3434s eval 0.8s | reward -1.163 | viol% p1=30.7 p2=64.1 p4=37.7 | diurnal 47.5 | flash 47.9
[169/676] ddqn_aug_subsample_train_safetyon_seed18: train 3316s eval 0.7s | reward -1.228 | viol% p1=34.9 p2=67.6 p4=34.6 | diurnal 48.0 | flash 53.8
[170/676] ddqn_aug_subsample_train_safetyon_seed17: train 3342s eval 0.6s | reward -1.011 | viol% p1=29.1 p2=48.8 p4=32.9 | diurnal 44.3 | flash 41.1
[171/676] ddqn_aug_subsample_train_safetyon_seed16: train 3359s eval 0.6s | reward -0.834 | viol% p1=25.7 p2=40.4 p4=23.6 | diurnal 41.3 | flash 34.9
[172/676] ddqn_aug_subsample_train_safetyon_seed19: train 3368s eval 0.6s | reward -1.509 | viol% p1=41.0 p2=53.9 p4=49.6 | diurnal 63.4 | flash 52.1
[173/676] sdhppo_no_dueling_train_safetyon_seed16: train 932s eval 0.8s | reward -0.931 | viol% p1=28.1 p2=54.5 p4=30.2 | diurnal 50.5 | flash 43.3
[174/676] sdhppo_no_dueling_train_safetyon_seed18: train 931s eval 0.5s | reward -1.486 | viol% p1=45.2 p2=61.5 p4=43.1 | diurnal 53.9 | flash 62.4
[175/676] sdhppo_no_dueling_train_safetyon_seed17: train 938s eval 0.5s | reward -1.066 | viol% p1=29.5 p2=54.5 p4=35.4 | diurnal 51.4 | flash 46.8
[176/676] sdhppo_no_dueling_train_safetyon_seed19: train 900s eval 0.6s | reward -1.546 | viol% p1=42.8 p2=58.8 p4=47.1 | diurnal 65.3 | flash 55.3
[177/676] sdhppo_full_train_safetyon_seed0_res0.25: train 909s eval 0.8s | reward -14.275 | viol% p1=23.1 p2=19.0 p4=28.5 | diurnal 40.1 | flash 34.8
[178/676] sdhppo_full_train_safetyon_seed1_res0.25: train 896s eval 0.6s | reward -19.649 | viol% p1=28.6 p2=26.5 p4=35.0 | diurnal 43.5 | flash 42.4
[179/676] sdhppo_full_train_safetyon_seed3_res0.25: train 868s eval 0.7s | reward -18.431 | viol% p1=28.1 p2=27.0 p4=29.2 | diurnal 51.7 | flash 38.6
[180/676] sdhppo_full_train_safetyon_seed2_res0.25: train 871s eval 0.6s | reward -21.687 | viol% p1=33.5 p2=30.2 p4=38.2 | diurnal 47.9 | flash 43.3
[181/676] sdhppo_full_train_safetyon_seed5_res0.25: train 865s eval 0.6s | reward -19.588 | viol% p1=30.4 p2=26.8 p4=39.4 | diurnal 53.7 | flash 42.5
[182/676] sdhppo_full_train_safetyon_seed4_res0.25: train 874s eval 0.6s | reward -26.997 | viol% p1=42.5 p2=40.7 p4=46.4 | diurnal 55.6 | flash 56.5
[183/676] sdhppo_full_train_safetyon_seed6_res0.25: train 857s eval 0.6s | reward -21.188 | viol% p1=35.4 p2=32.4 p4=35.1 | diurnal 53.7 | flash 46.6
[184/676] sdhppo_full_train_safetyon_seed7_res0.25: train 890s eval 0.8s | reward -20.762 | viol% p1=35.3 p2=28.2 p4=33.6 | diurnal 50.6 | flash 39.1
[185/676] sdhppo_full_train_safetyon_seed9_res0.25: train 869s eval 0.8s | reward -27.224 | viol% p1=40.8 p2=38.8 p4=44.5 | diurnal 56.7 | flash 54.1
[186/676] sdhppo_full_train_safetyon_seed8_res0.25: train 895s eval 0.7s | reward -22.425 | viol% p1=34.2 p2=31.9 p4=38.8 | diurnal 62.2 | flash 42.8
[187/676] sdhppo_full_train_safetyon_seed10_res0.25: train 870s eval 0.7s | reward -21.693 | viol% p1=33.3 p2=33.3 p4=37.7 | diurnal 48.9 | flash 46.2
[188/676] sdhppo_full_train_safetyon_seed11_res0.25: train 879s eval 0.8s | reward -22.980 | viol% p1=37.6 p2=34.4 p4=35.7 | diurnal 58.7 | flash 43.1
[189/676] sdhppo_full_train_safetyon_seed12_res0.25: train 904s eval 0.7s | reward -18.238 | viol% p1=30.7 p2=25.0 p4=33.0 | diurnal 43.3 | flash 35.2
[190/676] sdhppo_full_train_safetyon_seed13_res0.25: train 880s eval 0.6s | reward -21.589 | viol% p1=31.5 p2=34.0 p4=37.1 | diurnal 48.4 | flash 47.7
[191/676] sdhppo_full_train_safetyon_seed14_res0.25: train 884s eval 0.6s | reward -22.358 | viol% p1=36.0 p2=34.8 p4=38.3 | diurnal 51.6 | flash 44.6
[192/676] sdhppo_full_train_safetyon_seed15_res0.25: train 889s eval 0.7s | reward -19.778 | viol% p1=32.1 p2=28.7 p4=32.9 | diurnal 42.0 | flash 41.3
[193/676] sdhppo_full_train_safetyon_seed16_res0.25: train 934s eval 0.7s | reward -16.123 | viol% p1=30.1 p2=17.5 p4=28.6 | diurnal 46.5 | flash 33.2
[194/676] sdhppo_full_train_safetyon_seed17_res0.25: train 924s eval 0.6s | reward -18.980 | viol% p1=29.4 p2=27.7 p4=35.3 | diurnal 49.1 | flash 39.6
[195/676] sdhppo_full_train_safetyon_seed18_res0.25: train 936s eval 0.7s | reward -23.370 | viol% p1=37.1 p2=39.4 p4=37.6 | diurnal 49.3 | flash 52.5
[196/676] sdhppo_full_train_safetyon_seed19_res0.25: train 941s eval 0.7s | reward -29.049 | viol% p1=44.6 p2=45.2 p4=48.0 | diurnal 66.6 | flash 51.8
[197/676] sdhppo_full_train_safetyon_seed0_init-bc: train 987s eval 0.7s | reward -0.744 | viol% p1=22.0 p2=21.3 p4=22.8 | diurnal 39.3 | flash 34.0
[198/676] sdhppo_full_train_safetyon_seed1_init-bc: train 994s eval 0.7s | reward -1.028 | viol% p1=26.7 p2=27.9 p4=34.2 | diurnal 43.5 | flash 42.6
[199/676] sdhppo_full_train_safetyon_seed2_init-bc: train 1020s eval 0.9s | reward -1.145 | viol% p1=34.4 p2=31.5 p4=36.6 | diurnal 48.0 | flash 43.1
[200/676] sdhppo_full_train_safetyon_seed3_init-bc: train 995s eval 0.8s | reward -0.982 | viol% p1=27.7 p2=28.2 p4=31.8 | diurnal 51.5 | flash 40.0
[201/676] sdhppo_full_train_safetyon_seed4_init-bc: train 1021s eval 0.8s | reward -1.405 | viol% p1=41.4 p2=42.6 p4=42.8 | diurnal 54.8 | flash 54.7
[202/676] sdhppo_full_train_safetyon_seed5_init-bc: train 1026s eval 0.7s | reward -1.011 | viol% p1=27.3 p2=33.9 p4=32.2 | diurnal 52.8 | flash 39.4
[203/676] sdhppo_full_train_safetyon_seed6_init-bc: train 1025s eval 0.6s | reward -1.120 | viol% p1=34.8 p2=37.0 p4=32.0 | diurnal 53.6 | flash 46.1
[204/676] demand_prop_full_train_safetyon_seed0: train 0s eval 0.3s | reward -0.751 | viol% p1=23.7 p2=19.0 p4=27.2 | diurnal 39.4 | flash 35.4
[205/676] demand_prop_full_train_safetyon_seed1: train 0s eval 0.3s | reward -1.033 | viol% p1=28.0 p2=26.4 p4=37.6 | diurnal 43.3 | flash 44.1
[206/676] demand_prop_full_train_safetyon_seed2: train 0s eval 0.3s | reward -1.141 | viol% p1=34.4 p2=29.7 p4=37.6 | diurnal 47.9 | flash 43.5
[207/676] demand_prop_full_train_safetyon_seed5: train 0s eval 0.8s | reward -1.004 | viol% p1=29.6 p2=26.6 p4=35.6 | diurnal 52.6 | flash 41.5
[208/676] demand_prop_full_train_safetyon_seed4: train 0s eval 0.8s | reward -1.412 | viol% p1=41.9 p2=40.7 p4=44.2 | diurnal 54.4 | flash 56.3
[209/676] demand_prop_full_train_safetyon_seed3: train 0s eval 1.0s | reward -0.980 | viol% p1=30.2 p2=26.3 p4=33.4 | diurnal 51.2 | flash 40.6
[210/676] demand_prop_full_train_safetyon_seed7: train 0s eval 0.8s | reward -1.081 | viol% p1=34.8 p2=29.5 p4=32.9 | diurnal 50.4 | flash 39.2
[211/676] demand_prop_full_train_safetyon_seed6: train 0s eval 0.8s | reward -1.124 | viol% p1=36.3 p2=29.9 p4=34.8 | diurnal 53.1 | flash 46.6
[212/676] demand_prop_full_train_safetyon_seed8: train 0s eval 0.7s | reward -1.173 | viol% p1=33.3 p2=33.0 p4=38.6 | diurnal 62.1 | flash 43.2
[213/676] demand_prop_full_train_safetyon_seed10: train 0s eval 0.8s | reward -1.145 | viol% p1=35.2 p2=31.7 p4=37.1 | diurnal 49.2 | flash 46.4
[214/676] demand_prop_full_train_safetyon_seed9: train 0s eval 0.7s | reward -1.428 | viol% p1=40.6 p2=38.9 p4=45.6 | diurnal 56.2 | flash 54.5
[215/676] demand_prop_full_train_safetyon_seed11: train 0s eval 0.5s | reward -1.214 | viol% p1=37.9 p2=34.1 p4=37.5 | diurnal 58.8 | flash 43.6
[216/676] sdhppo_full_train_safetyon_seed7_init-bc: train 1011s eval 0.6s | reward -1.075 | viol% p1=31.9 p2=32.6 p4=31.1 | diurnal 49.7 | flash 38.4
[217/676] demand_prop_full_train_safetyon_seed12: train 0s eval 0.4s | reward -0.969 | viol% p1=31.5 p2=25.1 p4=31.7 | diurnal 43.1 | flash 35.9
[218/676] demand_prop_full_train_safetyon_seed13: train 0s eval 0.4s | reward -1.144 | viol% p1=33.3 p2=32.4 p4=38.1 | diurnal 48.6 | flash 49.4
[219/676] demand_prop_full_train_safetyon_seed14: train 0s eval 0.3s | reward -1.176 | viol% p1=36.0 p2=33.7 p4=37.6 | diurnal 51.6 | flash 44.5
[220/676] demand_prop_full_train_safetyon_seed15: train 0s eval 0.3s | reward -1.036 | viol% p1=33.9 p2=27.6 p4=32.1 | diurnal 42.3 | flash 41.6
[221/676] demand_prop_full_train_safetyon_seed16: train 0s eval 0.5s | reward -0.836 | viol% p1=28.7 p2=18.6 p4=27.0 | diurnal 46.0 | flash 32.5
[222/676] demand_prop_full_train_safetyon_seed17: train 0s eval 0.5s | reward -1.005 | viol% p1=30.2 p2=27.4 p4=35.2 | diurnal 49.5 | flash 39.8
[223/676] demand_prop_full_train_safetyon_seed18: train 0s eval 0.5s | reward -1.230 | viol% p1=38.3 p2=39.0 p4=36.6 | diurnal 49.2 | flash 53.6
[224/676] demand_prop_full_train_safetyon_seed19: train 0s eval 0.8s | reward -1.523 | viol% p1=45.0 p2=45.1 p4=46.9 | diurnal 66.9 | flash 52.3
[225/676] no_control_full_train_safetyon_seed0: train 0s eval 0.7s | reward -0.871 | viol% p1=27.7 p2=23.2 p4=30.1 | diurnal 39.9 | flash 38.4
[226/676] no_control_full_train_safetyon_seed1: train 0s eval 0.7s | reward -1.154 | viol% p1=31.7 p2=33.2 p4=42.7 | diurnal 44.0 | flash 48.6
[227/676] no_control_full_train_safetyon_seed2: train 0s eval 0.6s | reward -1.261 | viol% p1=39.2 p2=33.8 p4=41.9 | diurnal 48.6 | flash 46.4
[228/676] no_control_full_train_safetyon_seed3: train 0s eval 0.5s | reward -1.072 | viol% p1=33.1 p2=30.6 p4=35.0 | diurnal 50.1 | flash 43.0
[229/676] no_control_full_train_safetyon_seed4: train 0s eval 0.5s | reward -1.499 | viol% p1=46.2 p2=47.3 p4=47.2 | diurnal 55.1 | flash 59.4
[230/676] no_control_full_train_safetyon_seed5: train 0s eval 0.5s | reward -1.102 | viol% p1=32.1 p2=30.4 p4=38.0 | diurnal 51.4 | flash 43.6
[231/676] no_control_full_train_safetyon_seed6: train 0s eval 0.7s | reward -1.199 | viol% p1=40.2 p2=34.2 p4=36.4 | diurnal 53.5 | flash 48.8
[232/676] no_control_full_train_safetyon_seed7: train 0s eval 0.6s | reward -1.200 | viol% p1=39.4 p2=32.8 p4=36.9 | diurnal 49.4 | flash 42.4
[233/676] no_control_full_train_safetyon_seed9: train 0s eval 0.9s | reward -1.500 | viol% p1=42.7 p2=43.3 p4=47.9 | diurnal 55.8 | flash 56.0
[234/676] no_control_full_train_safetyon_seed8: train 0s eval 0.8s | reward -1.243 | viol% p1=34.4 p2=37.1 p4=42.3 | diurnal 60.7 | flash 45.6
[235/676] no_control_full_train_safetyon_seed10: train 0s eval 0.7s | reward -1.221 | viol% p1=38.3 p2=36.2 p4=38.5 | diurnal 48.0 | flash 48.9
[236/676] no_control_full_train_safetyon_seed11: train 0s eval 1.1s | reward -1.256 | viol% p1=39.0 p2=39.2 p4=38.0 | diurnal 57.4 | flash 45.2
[237/676] no_control_full_train_safetyon_seed12: train 0s eval 0.2s | reward -1.079 | viol% p1=34.8 p2=31.6 p4=35.1 | diurnal 42.9 | flash 39.8
[238/676] no_control_full_train_safetyon_seed13: train 0s eval 0.2s | reward -1.210 | viol% p1=35.4 p2=38.3 p4=39.0 | diurnal 48.3 | flash 51.7
[239/676] no_control_full_train_safetyon_seed14: train 0s eval 0.3s | reward -1.229 | viol% p1=39.0 p2=39.0 p4=38.8 | diurnal 49.6 | flash 46.5
[240/676] no_control_full_train_safetyon_seed15: train 0s eval 0.4s | reward -1.133 | viol% p1=38.5 p2=33.6 p4=35.2 | diurnal 41.4 | flash 44.9
[241/676] no_control_full_train_safetyon_seed16: train 0s eval 0.8s | reward -0.950 | viol% p1=33.6 p2=23.9 p4=29.8 | diurnal 44.1 | flash 36.4
[242/676] no_control_full_train_safetyon_seed17: train 0s eval 0.9s | reward -1.109 | viol% p1=32.1 p2=32.4 p4=38.4 | diurnal 48.7 | flash 42.7
[243/676] no_control_full_train_safetyon_seed18: train 0s eval 0.8s | reward -1.312 | viol% p1=42.4 p2=44.3 p4=38.5 | diurnal 50.0 | flash 56.1
[244/676] no_control_full_train_safetyon_seed19: train 0s eval 0.7s | reward -1.584 | viol% p1=46.5 p2=49.9 p4=50.1 | diurnal 64.8 | flash 54.6
[245/676] equal_split_full_train_safetyon_seed0: train 0s eval 0.7s | reward -0.898 | viol% p1=21.7 p2=17.4 p4=63.5 | diurnal 40.1 | flash 43.1
[246/676] equal_split_full_train_safetyon_seed1: train 0s eval 0.7s | reward -1.165 | viol% p1=26.6 p2=24.8 p4=69.8 | diurnal 43.8 | flash 50.2
[247/676] equal_split_full_train_safetyon_seed2: train 0s eval 1.0s | reward -1.267 | viol% p1=31.8 p2=27.4 p4=69.5 | diurnal 48.8 | flash 50.3
[248/676] equal_split_full_train_safetyon_seed3: train 0s eval 0.8s | reward -1.120 | viol% p1=27.4 p2=25.3 p4=66.6 | diurnal 51.6 | flash 47.4
[249/676] equal_split_full_train_safetyon_seed4: train 0s eval 0.7s | reward -1.544 | viol% p1=40.0 p2=38.5 p4=72.9 | diurnal 54.7 | flash 61.1
[250/676] equal_split_full_train_safetyon_seed5: train 0s eval 0.5s | reward -1.139 | viol% p1=27.5 p2=25.5 p4=67.5 | diurnal 53.0 | flash 48.5
[251/676] equal_split_full_train_safetyon_seed6: train 0s eval 0.7s | reward -1.253 | viol% p1=33.8 p2=27.5 p4=67.5 | diurnal 53.7 | flash 52.9
[252/676] equal_split_full_train_safetyon_seed7: train 0s eval 1.0s | reward -1.219 | viol% p1=32.7 p2=27.1 p4=67.3 | diurnal 50.9 | flash 47.8
[253/676] equal_split_full_train_safetyon_seed8: train 0s eval 0.4s | reward -1.288 | viol% p1=30.9 p2=31.0 p4=69.3 | diurnal 62.9 | flash 50.2
[254/676] equal_split_full_train_safetyon_seed9: train 0s eval 0.4s | reward -1.546 | viol% p1=38.5 p2=36.9 p4=73.3 | diurnal 56.9 | flash 59.6
[255/676] equal_split_full_train_safetyon_seed10: train 0s eval 0.4s | reward -1.289 | viol% p1=32.7 p2=30.2 p4=69.5 | diurnal 49.0 | flash 52.8
[256/676] equal_split_full_train_safetyon_seed11: train 0s eval 0.3s | reward -1.338 | viol% p1=35.3 p2=32.7 p4=69.1 | diurnal 58.7 | flash 51.1
[257/676] equal_split_full_train_safetyon_seed12: train 0s eval 0.9s | reward -1.117 | viol% p1=29.5 p2=23.2 p4=66.7 | diurnal 43.9 | flash 45.0
[258/676] equal_split_full_train_safetyon_seed13: train 0s eval 0.9s | reward -1.272 | viol% p1=31.2 p2=31.2 p4=68.8 | diurnal 49.3 | flash 54.8
[259/676] equal_split_full_train_safetyon_seed14: train 0s eval 0.6s | reward -1.314 | viol% p1=33.9 p2=31.8 p4=69.3 | diurnal 51.7 | flash 51.6
[260/676] equal_split_full_train_safetyon_seed15: train 0s eval 0.6s | reward -1.197 | viol% p1=32.5 p2=25.9 p4=67.0 | diurnal 42.3 | flash 49.8
[261/676] sdhppo_full_train_safetyon_seed8_init-bc: train 992s eval 0.5s | reward -1.168 | viol% p1=31.2 p2=32.8 p4=36.5 | diurnal 61.8 | flash 42.1
[262/676] sdhppo_full_train_safetyon_seed10_init-bc: train 986s eval 0.6s | reward -1.136 | viol% p1=31.7 p2=51.1 p4=34.1 | diurnal 48.0 | flash 45.8
[263/676] sdhppo_full_train_safetyon_seed9_init-bc: train 993s eval 0.5s | reward -1.430 | viol% p1=38.7 p2=40.9 p4=45.9 | diurnal 56.0 | flash 53.8
[264/676] equal_split_full_train_safetyon_seed16: train 0s eval 0.5s | reward -0.987 | viol% p1=26.8 p2=17.3 p4=64.1 | diurnal 46.1 | flash 41.6
[265/676] equal_split_full_train_safetyon_seed17: train 0s eval 0.5s | reward -1.137 | viol% p1=27.8 p2=25.9 p4=67.9 | diurnal 50.0 | flash 47.0
[266/676] equal_split_full_train_safetyon_seed18: train 0s eval 0.4s | reward -1.360 | viol% p1=35.9 p2=37.0 p4=67.8 | diurnal 49.8 | flash 58.6
[267/676] equal_split_full_train_safetyon_seed19: train 0s eval 0.4s | reward -1.636 | viol% p1=42.6 p2=42.9 p4=73.6 | diurnal 67.1 | flash 58.1
[268/676] threshold_full_train_safetyon_seed0: train 0s eval 0.4s | reward -1.548 | viol% p1=66.7 p2=58.6 p4=67.7 | diurnal 68.7 | flash 69.6
[269/676] threshold_full_train_safetyon_seed1: train 0s eval 0.5s | reward -1.738 | viol% p1=67.5 p2=62.7 p4=72.7 | diurnal 71.2 | flash 73.9
[270/676] threshold_full_train_safetyon_seed2: train 0s eval 0.4s | reward -1.843 | viol% p1=70.8 p2=63.4 p4=71.9 | diurnal 72.8 | flash 73.1
[271/676] threshold_full_train_safetyon_seed3: train 0s eval 0.4s | reward -1.704 | viol% p1=69.3 p2=63.0 p4=69.8 | diurnal 73.6 | flash 72.0
[272/676] threshold_full_train_safetyon_seed4: train 0s eval 0.5s | reward -2.021 | viol% p1=73.9 p2=69.3 p4=74.1 | diurnal 75.9 | flash 79.0
[273/676] threshold_full_train_safetyon_seed5: train 0s eval 0.5s | reward -1.752 | viol% p1=67.9 p2=61.4 p4=70.4 | diurnal 74.4 | flash 71.9
[274/676] threshold_full_train_safetyon_seed6: train 0s eval 0.5s | reward -1.802 | viol% p1=71.8 p2=65.1 p4=70.0 | diurnal 75.0 | flash 74.9
[275/676] threshold_full_train_safetyon_seed7: train 0s eval 0.4s | reward -1.775 | viol% p1=71.9 p2=63.6 p4=70.0 | diurnal 73.6 | flash 71.8
[276/676] threshold_full_train_safetyon_seed8: train 0s eval 0.5s | reward -1.858 | viol% p1=69.4 p2=66.0 p4=72.7 | diurnal 78.5 | flash 73.1
[277/676] threshold_full_train_safetyon_seed9: train 0s eval 0.3s | reward -2.034 | viol% p1=73.0 p2=69.7 p4=75.0 | diurnal 76.8 | flash 78.4
[278/676] threshold_full_train_safetyon_seed10: train 0s eval 0.3s | reward -1.833 | viol% p1=71.2 p2=64.4 p4=71.1 | diurnal 72.7 | flash 74.5
[279/676] threshold_full_train_safetyon_seed11: train 0s eval 0.3s | reward -1.876 | viol% p1=72.1 p2=67.3 p4=71.3 | diurnal 77.1 | flash 73.6
[280/676] threshold_full_train_safetyon_seed12: train 0s eval 0.4s | reward -1.747 | viol% p1=69.6 p2=62.5 p4=69.5 | diurnal 69.8 | flash 70.0
[281/676] threshold_full_train_safetyon_seed13: train 0s eval 0.4s | reward -1.823 | viol% p1=69.7 p2=66.6 p4=71.2 | diurnal 72.8 | flash 76.1
[282/676] threshold_full_train_safetyon_seed14: train 0s eval 0.5s | reward -1.868 | viol% p1=71.6 p2=67.5 p4=71.5 | diurnal 73.6 | flash 74.0
[283/676] threshold_full_train_safetyon_seed15: train 0s eval 0.4s | reward -1.744 | viol% p1=71.2 p2=64.8 p4=69.9 | diurnal 69.6 | flash 73.1
[284/676] threshold_full_train_safetyon_seed16: train 0s eval 0.3s | reward -1.579 | viol% p1=68.6 p2=59.1 p4=66.8 | diurnal 70.8 | flash 68.3
[285/676] threshold_full_train_safetyon_seed18: train 0s eval 0.3s | reward -1.881 | viol% p1=72.2 p2=69.8 p4=70.4 | diurnal 73.6 | flash 78.1
[286/676] threshold_full_train_safetyon_seed17: train 0s eval 0.3s | reward -1.738 | viol% p1=68.1 p2=62.9 p4=71.1 | diurnal 73.4 | flash 71.3
[287/676] threshold_full_train_safetyon_seed19: train 0s eval 0.3s | reward -2.112 | viol% p1=74.6 p2=72.4 p4=75.9 | diurnal 80.9 | flash 77.1
[288/676] sdhppo_full_train_safetyon_seed11_init-bc: train 974s eval 0.5s | reward -1.189 | viol% p1=34.4 p2=39.4 p4=35.0 | diurnal 57.5 | flash 42.2
[289/676] sdhppo_full_train_safetyon_seed12_init-bc: train 971s eval 0.7s | reward -0.968 | viol% p1=29.0 p2=28.3 p4=31.7 | diurnal 42.3 | flash 35.7
[290/676] sdhppo_full_train_safetyon_seed13_init-bc: train 960s eval 0.6s | reward -1.135 | viol% p1=32.1 p2=35.7 p4=36.4 | diurnal 48.7 | flash 49.6
[291/676] sdhppo_full_train_safetyon_seed15_init-bc: train 971s eval 0.6s | reward -1.026 | viol% p1=31.1 p2=37.4 p4=28.5 | diurnal 42.3 | flash 41.0
[292/676] sdhppo_full_train_safetyon_seed14_init-bc: train 977s eval 0.6s | reward -1.166 | viol% p1=34.2 p2=36.1 p4=33.5 | diurnal 50.9 | flash 42.7
[293/676] sdhppo_full_train_safetyon_seed16_init-bc: train 958s eval 0.6s | reward -0.840 | viol% p1=27.2 p2=20.1 p4=23.7 | diurnal 45.2 | flash 31.5
[294/676] sdhppo_full_train_safetyon_seed17_init-bc: train 957s eval 0.5s | reward -1.009 | viol% p1=27.6 p2=29.9 p4=35.6 | diurnal 48.9 | flash 38.5
[295/676] sdhppo_full_train_safetyon_seed18_init-bc: train 941s eval 0.7s | reward -1.238 | viol% p1=40.7 p2=41.8 p4=36.8 | diurnal 49.5 | flash 54.7
[296/676] sdhppo_full_train_safetyon_seed19_init-bc: train 949s eval 0.8s | reward -1.531 | viol% p1=44.0 p2=45.4 p4=44.0 | diurnal 65.9 | flash 50.7
[297/676] ppo_full_train_safetyoff_seed0: train 877s eval 0.6s | reward -0.767 | viol% p1=14.9 p2=97.6 p4=20.0 | diurnal 45.7 | flash 46.7
[298/676] ppo_full_train_safetyoff_seed2: train 871s eval 0.7s | reward -1.184 | viol% p1=27.5 p2=97.1 p4=28.9 | diurnal 51.6 | flash 51.3
[299/676] ppo_full_train_safetyoff_seed4: train 873s eval 0.6s | reward -1.066 | viol% p1=13.5 p2=98.0 p4=37.1 | diurnal 57.9 | flash 56.3
[300/676] ppo_full_train_safetyoff_seed5: train 875s eval 0.5s | reward -0.955 | viol% p1=22.2 p2=97.0 p4=27.1 | diurnal 52.3 | flash 48.3
[301/676] ppo_full_train_safetyoff_seed3: train 878s eval 0.6s | reward -0.946 | viol% p1=17.9 p2=98.3 p4=28.1 | diurnal 51.9 | flash 47.3
[302/676] ppo_full_train_safetyoff_seed6: train 878s eval 0.5s | reward -1.147 | viol% p1=29.7 p2=96.8 p4=24.5 | diurnal 49.8 | flash 48.0
[303/676] ppo_full_train_safetyoff_seed1: train 887s eval 0.5s | reward -1.523 | viol% p1=56.6 p2=70.9 p4=24.0 | diurnal 54.4 | flash 53.4
[304/676] ppo_full_train_safetyoff_seed7: train 896s eval 0.6s | reward -1.855 | viol% p1=78.9 p2=48.6 p4=22.8 | diurnal 54.8 | flash 54.0
[305/676] ppo_full_train_safetyoff_seed9: train 868s eval 0.7s | reward -1.461 | viol% p1=34.7 p2=98.3 p4=37.9 | diurnal 57.6 | flash 58.8
[306/676] ppo_full_train_safetyoff_seed8: train 884s eval 0.5s | reward -2.756 | viol% p1=68.3 p2=33.1 p4=83.5 | diurnal 63.8 | flash 67.7
[307/676] ppo_full_train_safetyoff_seed10: train 870s eval 0.8s | reward -1.397 | viol% p1=43.5 p2=98.6 p4=23.9 | diurnal 59.0 | flash 57.9
[308/676] ppo_full_train_safetyoff_seed11: train 883s eval 0.8s | reward -1.952 | viol% p1=42.3 p2=99.3 p4=50.0 | diurnal 67.2 | flash 63.9
[309/676] ppo_full_train_safetyoff_seed13: train 881s eval 0.7s | reward -1.172 | viol% p1=27.7 p2=98.6 p4=29.3 | diurnal 51.6 | flash 52.0
[310/676] ppo_full_train_safetyoff_seed12: train 893s eval 0.6s | reward -1.063 | viol% p1=26.0 p2=97.6 p4=23.5 | diurnal 51.0 | flash 48.7
[311/676] ppo_full_train_safetyoff_seed15: train 878s eval 0.5s | reward -1.108 | viol% p1=27.5 p2=97.8 p4=25.7 | diurnal 51.1 | flash 51.3
[312/676] ppo_full_train_safetyoff_seed14: train 893s eval 0.6s | reward -0.939 | viol% p1=14.7 p2=98.5 p4=30.3 | diurnal 53.4 | flash 49.7
[313/676] ppo_full_train_safetyoff_seed18: train 914s eval 0.6s | reward -1.026 | viol% p1=34.8 p2=98.6 p4=14.3 | diurnal 54.3 | flash 50.6
[314/676] ppo_full_train_safetyoff_seed16: train 916s eval 0.6s | reward -0.985 | viol% p1=27.5 p2=97.3 p4=18.1 | diurnal 49.9 | flash 49.0
[315/676] ppo_full_train_safetyoff_seed17: train 918s eval 0.5s | reward -1.166 | viol% p1=25.5 p2=96.2 p4=31.4 | diurnal 51.5 | flash 51.7
[316/676] ppo_full_train_safetyoff_seed19: train 918s eval 0.5s | reward -2.067 | viol% p1=22.2 p2=41.8 p4=93.9 | diurnal 62.4 | flash 60.5
[317/676] ppo_real_only_train_safetyoff_seed2: train 914s eval 0.5s | reward -0.904 | viol% p1=10.4 p2=96.8 p4=31.4 | diurnal 51.2 | flash 52.3
[318/676] ppo_real_only_train_safetyoff_seed1: train 919s eval 0.4s | reward -1.003 | viol% p1=25.3 p2=97.9 p4=26.6 | diurnal 51.2 | flash 51.3
[319/676] ppo_real_only_train_safetyoff_seed0: train 922s eval 0.4s | reward -0.737 | viol% p1=8.3 p2=97.7 p4=21.9 | diurnal 46.3 | flash 46.9
[320/676] ppo_real_only_train_safetyoff_seed3: train 876s eval 0.7s | reward -1.016 | viol% p1=26.1 p2=98.2 p4=23.6 | diurnal 52.1 | flash 52.1
[321/676] ppo_real_only_train_safetyoff_seed4: train 873s eval 0.7s | reward -1.127 | viol% p1=20.9 p2=98.0 p4=34.4 | diurnal 56.0 | flash 54.2
[322/676] ppo_real_only_train_safetyoff_seed5: train 901s eval 0.6s | reward -0.984 | viol% p1=17.0 p2=96.7 p4=29.5 | diurnal 53.8 | flash 49.6
[323/676] ppo_real_only_train_safetyoff_seed6: train 873s eval 0.7s | reward -1.056 | viol% p1=35.6 p2=97.8 p4=14.3 | diurnal 54.7 | flash 51.7
[324/676] ppo_real_only_train_safetyoff_seed7: train 876s eval 0.5s | reward -1.824 | viol% p1=80.2 p2=66.1 p4=13.1 | diurnal 56.9 | flash 56.6
[325/676] ppo_real_only_train_safetyoff_seed9: train 865s eval 0.6s | reward -1.617 | viol% p1=59.4 p2=98.4 p4=13.5 | diurnal 64.2 | flash 59.0
[326/676] ppo_real_only_train_safetyoff_seed8: train 880s eval 0.6s | reward -2.603 | viol% p1=61.5 p2=39.0 p4=82.1 | diurnal 60.8 | flash 67.9
[327/676] ppo_real_only_train_safetyoff_seed10: train 889s eval 0.8s | reward -1.146 | viol% p1=27.0 p2=97.6 p4=28.3 | diurnal 52.3 | flash 53.7
[328/676] ppo_real_only_train_safetyoff_seed11: train 895s eval 0.7s | reward -1.237 | viol% p1=36.8 p2=99.3 p4=21.8 | diurnal 57.8 | flash 52.7
[329/676] ppo_real_only_train_safetyoff_seed13: train 923s eval 0.8s | reward -0.978 | viol% p1=27.7 p2=99.0 p4=14.1 | diurnal 52.8 | flash 48.4
[330/676] ppo_real_only_train_safetyoff_seed15: train 922s eval 0.8s | reward -0.937 | viol% p1=16.7 p2=97.4 p4=25.9 | diurnal 50.1 | flash 49.0
[331/676] ppo_real_only_train_safetyoff_seed12: train 933s eval 0.6s | reward -1.392 | viol% p1=19.6 p2=72.6 p4=54.5 | diurnal 54.1 | flash 52.1
[332/676] ppo_real_only_train_safetyoff_seed16: train 931s eval 0.6s | reward -0.869 | viol% p1=24.8 p2=97.3 p4=12.7 | diurnal 48.2 | flash 46.9
[333/676] ppo_real_only_train_safetyoff_seed17: train 932s eval 0.6s | reward -2.020 | viol% p1=45.5 p2=97.5 p4=52.9 | diurnal 67.4 | flash 66.1
[334/676] ppo_real_only_train_safetyoff_seed18: train 930s eval 0.5s | reward -1.078 | viol% p1=34.1 p2=98.7 p4=13.9 | diurnal 53.6 | flash 55.0
[335/676] ppo_real_only_train_safetyoff_seed14: train 937s eval 0.5s | reward -1.143 | viol% p1=28.4 p2=98.3 p4=27.8 | diurnal 53.1 | flash 50.7
[336/676] ppo_real_only_train_safetyoff_seed19: train 892s eval 0.5s | reward -1.457 | viol% p1=23.7 p2=98.6 p4=49.8 | diurnal 61.5 | flash 58.9
[337/676] ppo_aug_subsample_train_safetyoff_seed0: train 891s eval 0.6s | reward -0.920 | viol% p1=25.8 p2=95.7 p4=19.1 | diurnal 48.0 | flash 47.3
[338/676] ppo_aug_subsample_train_safetyoff_seed1: train 888s eval 0.8s | reward -1.076 | viol% p1=22.4 p2=98.0 p4=29.1 | diurnal 50.1 | flash 49.9
[339/676] ppo_aug_subsample_train_safetyoff_seed2: train 913s eval 0.8s | reward -1.728 | viol% p1=29.3 p2=47.9 p4=77.9 | diurnal 54.4 | flash 55.9
[340/676] ppo_aug_subsample_train_safetyoff_seed3: train 902s eval 0.7s | reward -1.054 | viol% p1=24.1 p2=97.5 p4=24.5 | diurnal 50.1 | flash 49.1
[341/676] ppo_aug_subsample_train_safetyoff_seed4: train 900s eval 0.6s | reward -1.379 | viol% p1=34.3 p2=97.4 p4=34.9 | diurnal 56.0 | flash 53.6
[342/676] ppo_aug_subsample_train_safetyoff_seed5: train 904s eval 0.6s | reward -1.049 | viol% p1=20.4 p2=97.0 p4=32.8 | diurnal 53.5 | flash 52.0
[343/676] ppo_aug_subsample_train_safetyoff_seed6: train 885s eval 0.6s | reward -1.030 | viol% p1=23.7 p2=97.6 p4=28.2 | diurnal 50.8 | flash 51.1
[344/676] ppo_aug_subsample_train_safetyoff_seed7: train 900s eval 0.5s | reward -1.790 | viol% p1=78.9 p2=49.6 p4=15.7 | diurnal 54.1 | flash 51.7
[345/676] ppo_aug_subsample_train_safetyoff_seed9: train 893s eval 0.6s | reward -2.006 | viol% p1=37.7 p2=62.9 p4=73.3 | diurnal 62.8 | flash 64.4
[346/676] ppo_aug_subsample_train_safetyoff_seed13: train 894s eval 0.6s | reward -1.163 | viol% p1=27.5 p2=98.1 p4=28.3 | diurnal 51.5 | flash 51.5
[347/676] ppo_aug_subsample_train_safetyoff_seed11: train 900s eval 0.6s | reward -1.871 | viol% p1=42.3 p2=99.1 p4=45.6 | diurnal 68.5 | flash 64.4
[348/676] ppo_aug_subsample_train_safetyoff_seed10: train 903s eval 0.5s | reward -1.113 | viol% p1=22.8 p2=98.2 p4=30.5 | diurnal 54.1 | flash 50.9
[349/676] ppo_aug_subsample_train_safetyoff_seed12: train 902s eval 0.5s | reward -1.369 | viol% p1=19.7 p2=72.4 p4=53.5 | diurnal 54.6 | flash 50.3
[350/676] ppo_aug_subsample_train_safetyoff_seed8: train 911s eval 0.5s | reward -2.281 | viol% p1=43.4 p2=45.4 p4=80.5 | diurnal 60.5 | flash 63.7
[351/676] ppo_aug_subsample_train_safetyoff_seed14: train 908s eval 0.5s | reward -1.188 | viol% p1=29.0 p2=98.0 p4=28.0 | diurnal 52.7 | flash 52.1
[352/676] ppo_aug_subsample_train_safetyoff_seed15: train 892s eval 0.8s | reward -1.129 | viol% p1=27.9 p2=96.9 p4=24.5 | diurnal 50.3 | flash 50.0
[353/676] ppo_aug_subsample_train_safetyoff_seed16: train 907s eval 0.6s | reward -0.945 | viol% p1=23.6 p2=97.3 p4=19.1 | diurnal 47.2 | flash 47.3
[354/676] ppo_aug_subsample_train_safetyoff_seed17: train 886s eval 0.5s | reward -1.958 | viol% p1=50.0 p2=97.5 p4=44.2 | diurnal 67.2 | flash 67.5
[355/676] ppo_aug_subsample_train_safetyoff_seed18: train 871s eval 0.6s | reward -1.191 | viol% p1=33.9 p2=97.2 p4=27.5 | diurnal 54.5 | flash 54.0
[356/676] ppo_aug_subsample_train_safetyoff_seed19: train 873s eval 0.6s | reward -2.584 | viol% p1=35.6 p2=68.4 p4=99.6 | diurnal 70.3 | flash 70.1
[357/676] sdhppo_full_train_safetyoff_seed0: train 880s eval 0.8s | reward -0.920 | viol% p1=27.8 p2=95.2 p4=15.4 | diurnal 46.7 | flash 47.5
[358/676] sdhppo_full_train_safetyoff_seed1: train 883s eval 0.7s | reward -1.507 | viol% p1=53.7 p2=72.0 p4=26.4 | diurnal 52.6 | flash 54.1
[359/676] sdhppo_full_train_safetyoff_seed2: train 898s eval 0.8s | reward -1.593 | viol% p1=24.6 p2=56.7 p4=69.7 | diurnal 51.2 | flash 54.0
[360/676] sdhppo_full_train_safetyoff_seed3: train 919s eval 0.6s | reward -1.064 | viol% p1=25.4 p2=98.2 p4=24.4 | diurnal 50.2 | flash 49.6
[361/676] sdhppo_full_train_safetyoff_seed4: train 887s eval 0.7s | reward -1.254 | viol% p1=30.2 p2=97.8 p4=38.3 | diurnal 57.8 | flash 56.2
[362/676] sdhppo_full_train_safetyoff_seed6: train 925s eval 0.6s | reward -1.007 | viol% p1=25.0 p2=97.9 p4=27.3 | diurnal 50.5 | flash 53.2
[363/676] sdhppo_full_train_safetyoff_seed5: train 930s eval 0.5s | reward -1.287 | viol% p1=38.9 p2=96.9 p4=20.8 | diurnal 55.1 | flash 55.5
[364/676] sdhppo_full_train_safetyoff_seed7: train 927s eval 0.5s | reward -1.839 | viol% p1=74.6 p2=56.7 p4=21.9 | diurnal 54.1 | flash 53.7
[365/676] sdhppo_full_train_safetyoff_seed10: train 920s eval 0.5s | reward -1.192 | viol% p1=28.2 p2=97.0 p4=28.5 | diurnal 53.5 | flash 52.8
[366/676] sdhppo_full_train_safetyoff_seed9: train 927s eval 0.5s | reward -1.442 | viol% p1=33.5 p2=97.6 p4=38.5 | diurnal 57.1 | flash 56.9
[367/676] sdhppo_full_train_safetyoff_seed8: train 933s eval 0.5s | reward -2.506 | viol% p1=59.1 p2=38.5 p4=78.1 | diurnal 60.7 | flash 61.4
[368/676] sdhppo_full_train_safetyoff_seed11: train 877s eval 0.6s | reward -1.468 | viol% p1=48.2 p2=99.3 p4=20.7 | diurnal 59.8 | flash 55.0
[369/676] sdhppo_full_train_safetyoff_seed13: train 889s eval 0.9s | reward -1.171 | viol% p1=25.1 p2=98.8 p4=30.3 | diurnal 52.0 | flash 56.4
[370/676] sdhppo_full_train_safetyoff_seed12: train 901s eval 0.8s | reward -1.486 | viol% p1=17.8 p2=65.7 p4=63.7 | diurnal 53.6 | flash 52.0
[371/676] sdhppo_full_train_safetyoff_seed15: train 919s eval 0.6s | reward -1.136 | viol% p1=28.2 p2=96.8 p4=25.1 | diurnal 50.6 | flash 51.1
[372/676] sdhppo_full_train_safetyoff_seed14: train 925s eval 0.6s | reward -1.030 | viol% p1=31.3 p2=98.5 p4=20.1 | diurnal 54.5 | flash 49.5
[373/676] sdhppo_full_train_safetyoff_seed16: train 904s eval 0.5s | reward -0.878 | viol% p1=21.4 p2=95.9 p4=21.2 | diurnal 47.6 | flash 45.6
[374/676] sdhppo_full_train_safetyoff_seed17: train 901s eval 0.5s | reward -0.913 | viol% p1=16.3 p2=95.4 p4=30.0 | diurnal 48.8 | flash 47.8
[375/676] sdhppo_full_train_safetyoff_seed18: train 876s eval 0.6s | reward -1.256 | viol% p1=33.1 p2=98.2 p4=27.8 | diurnal 53.7 | flash 53.7
[376/676] sdhppo_full_train_safetyoff_seed19: train 915s eval 0.8s | reward -1.967 | viol% p1=27.0 p2=59.3 p4=81.1 | diurnal 62.9 | flash 60.7
[377/676] sdhppo_real_only_train_safetyoff_seed0: train 874s eval 0.6s | reward -0.876 | viol% p1=27.0 p2=92.4 p4=16.2 | diurnal 48.2 | flash 48.1
[378/676] sdhppo_real_only_train_safetyoff_seed2: train 905s eval 0.8s | reward -0.979 | viol% p1=21.4 p2=97.0 p4=31.1 | diurnal 50.6 | flash 47.9
[379/676] sdhppo_real_only_train_safetyoff_seed4: train 904s eval 0.8s | reward -1.111 | viol% p1=23.3 p2=98.0 p4=37.0 | diurnal 55.8 | flash 52.5
[380/676] sdhppo_real_only_train_safetyoff_seed3: train 905s eval 0.8s | reward -1.058 | viol% p1=23.9 p2=98.2 p4=25.1 | diurnal 50.5 | flash 48.6
[381/676] sdhppo_real_only_train_safetyoff_seed1: train 911s eval 0.6s | reward -1.536 | viol% p1=56.0 p2=65.4 p4=28.7 | diurnal 52.4 | flash 53.1
[382/676] sdhppo_real_only_train_safetyoff_seed5: train 911s eval 0.6s | reward -1.025 | viol% p1=21.3 p2=97.2 p4=26.9 | diurnal 51.0 | flash 49.1
[383/676] sdhppo_real_only_train_safetyoff_seed6: train 910s eval 0.7s | reward -0.957 | viol% p1=14.5 p2=97.9 p4=31.7 | diurnal 49.8 | flash 49.2
[384/676] sdhppo_real_only_train_safetyoff_seed7: train 919s eval 0.6s | reward -1.826 | viol% p1=80.2 p2=55.5 p4=15.6 | diurnal 55.3 | flash 53.0
[385/676] sdhppo_real_only_train_safetyoff_seed9: train 883s eval 0.6s | reward -1.444 | viol% p1=34.2 p2=98.5 p4=36.5 | diurnal 57.2 | flash 57.3
[386/676] sdhppo_real_only_train_safetyoff_seed8: train 890s eval 0.5s | reward -1.843 | viol% p1=21.2 p2=56.6 p4=82.5 | diurnal 59.1 | flash 58.9
[387/676] sdhppo_real_only_train_safetyoff_seed11: train 916s eval 0.8s | reward -1.407 | viol% p1=48.4 p2=99.2 p4=17.5 | diurnal 59.1 | flash 55.0
[388/676] sdhppo_real_only_train_safetyoff_seed10: train 922s eval 0.7s | reward -1.830 | viol% p1=74.5 p2=64.7 p4=24.3 | diurnal 58.2 | flash 57.9
[389/676] sdhppo_real_only_train_safetyoff_seed12: train 896s eval 0.6s | reward -1.548 | viol% p1=16.4 p2=63.3 p4=68.4 | diurnal 55.2 | flash 52.5
[390/676] sdhppo_real_only_train_safetyoff_seed13: train 926s eval 0.6s | reward -1.086 | viol% p1=25.7 p2=96.9 p4=30.6 | diurnal 51.9 | flash 55.1
[391/676] sdhppo_real_only_train_safetyoff_seed14: train 896s eval 0.6s | reward -1.082 | viol% p1=31.0 p2=97.5 p4=23.7 | diurnal 54.5 | flash 51.1
[392/676] sdhppo_real_only_train_safetyoff_seed15: train 898s eval 0.8s | reward -1.135 | viol% p1=28.6 p2=96.3 p4=24.7 | diurnal 50.3 | flash 50.9
[393/676] sdhppo_real_only_train_safetyoff_seed16: train 908s eval 0.7s | reward -1.211 | viol% p1=24.5 p2=95.8 p4=34.7 | diurnal 58.7 | flash 52.6
[394/676] sdhppo_real_only_train_safetyoff_seed18: train 880s eval 0.6s | reward -1.254 | viol% p1=31.7 p2=98.3 p4=28.1 | diurnal 53.2 | flash 53.3
[395/676] sdhppo_real_only_train_safetyoff_seed19: train 881s eval 0.5s | reward -1.655 | viol% p1=40.3 p2=95.4 p4=47.9 | diurnal 71.2 | flash 63.0
[396/676] sdhppo_real_only_train_safetyoff_seed17: train 886s eval 0.5s | reward -1.078 | viol% p1=23.6 p2=97.1 p4=27.5 | diurnal 52.2 | flash 49.7
[397/676] sdhppo_aug_subsample_train_safetyoff_seed2: train 906s eval 0.6s | reward -1.163 | viol% p1=28.5 p2=93.6 p4=30.3 | diurnal 51.8 | flash 51.6
[398/676] sdhppo_aug_subsample_train_safetyoff_seed1: train 908s eval 0.6s | reward -1.330 | viol% p1=44.0 p2=78.6 p4=30.6 | diurnal 53.3 | flash 54.2
[399/676] sdhppo_aug_subsample_train_safetyoff_seed0: train 912s eval 0.7s | reward -0.911 | viol% p1=24.6 p2=94.0 p4=20.7 | diurnal 46.6 | flash 47.0
[400/676] sdhppo_aug_subsample_train_safetyoff_seed3: train 904s eval 0.8s | reward -1.000 | viol% p1=25.6 p2=97.4 p4=24.8 | diurnal 49.5 | flash 49.9
[401/676] sdhppo_aug_subsample_train_safetyoff_seed4: train 915s eval 0.6s | reward -1.398 | viol% p1=35.3 p2=98.0 p4=33.6 | diurnal 56.4 | flash 56.7
[402/676] sdhppo_aug_subsample_train_safetyoff_seed5: train 914s eval 0.6s | reward -1.059 | viol% p1=22.1 p2=97.3 p4=27.9 | diurnal 50.9 | flash 51.5
[403/676] sdhppo_aug_subsample_train_safetyoff_seed6: train 905s eval 0.7s | reward -1.164 | viol% p1=28.7 p2=98.0 p4=25.9 | diurnal 50.4 | flash 52.0
[404/676] sdhppo_aug_subsample_train_safetyoff_seed7: train 904s eval 0.7s | reward -1.650 | viol% p1=62.1 p2=64.3 p4=24.1 | diurnal 54.2 | flash 52.7
[405/676] sdhppo_aug_subsample_train_safetyoff_seed8: train 899s eval 0.7s | reward -2.392 | viol% p1=49.8 p2=37.5 p4=83.4 | diurnal 59.1 | flash 61.4
[406/676] sdhppo_aug_subsample_train_safetyoff_seed9: train 923s eval 0.8s | reward -1.647 | viol% p1=50.0 p2=98.3 p4=29.3 | diurnal 61.6 | flash 61.7
[407/676] sdhppo_aug_subsample_train_safetyoff_seed10: train 919s eval 0.7s | reward -1.841 | viol% p1=73.9 p2=98.1 p4=12.0 | diurnal 63.7 | flash 64.6
[408/676] sdhppo_aug_subsample_train_safetyoff_seed11: train 920s eval 0.7s | reward -1.307 | viol% p1=40.2 p2=99.3 p4=24.8 | diurnal 58.7 | flash 56.4
[409/676] sdhppo_aug_subsample_train_safetyoff_seed12: train 941s eval 0.7s | reward -1.277 | viol% p1=19.4 p2=95.7 p4=41.8 | diurnal 58.5 | flash 53.4
[410/676] sdhppo_aug_subsample_train_safetyoff_seed13: train 960s eval 0.6s | reward -1.178 | viol% p1=27.5 p2=95.8 p4=30.6 | diurnal 51.4 | flash 51.7
[411/676] sdhppo_aug_subsample_train_safetyoff_seed15: train 956s eval 0.6s | reward -1.144 | viol% p1=27.9 p2=97.2 p4=25.1 | diurnal 50.5 | flash 50.4
[412/676] sdhppo_aug_subsample_train_safetyoff_seed14: train 966s eval 0.6s | reward -1.207 | viol% p1=29.5 p2=98.0 p4=28.1 | diurnal 52.5 | flash 51.9
[413/676] sdhppo_aug_subsample_train_safetyoff_seed17: train 968s eval 0.6s | reward -1.284 | viol% p1=27.5 p2=97.2 p4=35.8 | diurnal 53.5 | flash 54.1
[414/676] sdhppo_aug_subsample_train_safetyoff_seed18: train 966s eval 0.6s | reward -1.230 | viol% p1=32.0 p2=98.7 p4=27.4 | diurnal 52.9 | flash 53.2
[415/676] sdhppo_aug_subsample_train_safetyoff_seed16: train 971s eval 0.5s | reward -0.928 | viol% p1=24.0 p2=96.6 p4=21.3 | diurnal 48.5 | flash 47.3
[416/676] sdhppo_aug_subsample_train_safetyoff_seed19: train 973s eval 0.9s | reward -2.683 | viol% p1=52.4 p2=41.5 p4=93.1 | diurnal 67.1 | flash 67.5
[417/676] dqn_full_train_safetyoff_seed0: train 3053s eval 0.7s | reward -0.671 | viol% p1=18.2 p2=77.3 p4=18.7 | diurnal 34.5 | flash 44.4
[418/676] dqn_full_train_safetyoff_seed1: train 3085s eval 0.7s | reward -0.889 | viol% p1=17.1 p2=88.2 p4=32.4 | diurnal 40.3 | flash 49.4
[419/676] dqn_full_train_safetyoff_seed3: train 3070s eval 1.1s | reward -0.874 | viol% p1=19.8 p2=69.3 p4=27.8 | diurnal 41.9 | flash 42.6
[420/676] dqn_full_train_safetyoff_seed2: train 3079s eval 0.9s | reward -1.136 | viol% p1=29.5 p2=64.3 p4=35.9 | diurnal 42.9 | flash 45.7
[421/676] dqn_full_train_safetyoff_seed4: train 3073s eval 0.9s | reward -1.173 | viol% p1=29.7 p2=83.9 p4=37.8 | diurnal 49.3 | flash 57.3
[422/676] dqn_full_train_safetyoff_seed5: train 3075s eval 0.7s | reward -0.823 | viol% p1=15.7 p2=81.5 p4=29.6 | diurnal 45.8 | flash 45.5
[423/676] dqn_full_train_safetyoff_seed6: train 3077s eval 0.8s | reward -0.937 | viol% p1=13.7 p2=96.6 p4=31.0 | diurnal 48.9 | flash 51.3
[424/676] dqn_full_train_safetyoff_seed7: train 3087s eval 0.8s | reward -0.946 | viol% p1=17.8 p2=75.7 p4=35.5 | diurnal 42.3 | flash 45.5
[425/676] dqn_full_train_safetyoff_seed8: train 3120s eval 0.8s | reward -1.001 | viol% p1=17.1 p2=85.4 p4=38.1 | diurnal 52.9 | flash 49.5
[426/676] dqn_full_train_safetyoff_seed10: train 3115s eval 0.7s | reward -1.023 | viol% p1=23.5 p2=70.5 p4=32.1 | diurnal 46.7 | flash 48.6
[427/676] dqn_full_train_safetyoff_seed11: train 3143s eval 0.8s | reward -0.961 | viol% p1=28.7 p2=80.9 p4=24.6 | diurnal 48.4 | flash 46.9
[428/676] dqn_full_train_safetyoff_seed12: train 3112s eval 0.8s | reward -0.857 | viol% p1=18.1 p2=84.3 p4=27.0 | diurnal 43.0 | flash 46.8
[429/676] dqn_full_train_safetyoff_seed9: train 3176s eval 0.8s | reward -1.231 | viol% p1=36.7 p2=86.2 p4=27.9 | diurnal 56.2 | flash 57.7
[430/676] dqn_full_train_safetyoff_seed14: train 3168s eval 0.8s | reward -0.933 | viol% p1=20.5 p2=72.0 p4=33.7 | diurnal 45.7 | flash 45.0
[431/676] dqn_full_train_safetyoff_seed13: train 3183s eval 0.8s | reward -1.156 | viol% p1=29.6 p2=71.2 p4=37.6 | diurnal 44.0 | flash 50.2
[432/676] dqn_full_train_safetyoff_seed15: train 3164s eval 0.8s | reward -1.068 | viol% p1=28.5 p2=90.7 p4=27.6 | diurnal 45.6 | flash 48.0
[433/676] dqn_full_train_safetyoff_seed17: train 3182s eval 0.9s | reward -0.872 | viol% p1=14.0 p2=72.9 p4=35.1 | diurnal 36.9 | flash 43.6
[434/676] dqn_full_train_safetyoff_seed16: train 3193s eval 0.8s | reward -0.771 | viol% p1=24.1 p2=67.4 p4=20.2 | diurnal 38.5 | flash 39.2
[435/676] dqn_full_train_safetyoff_seed18: train 3154s eval 0.7s | reward -0.988 | viol% p1=24.4 p2=88.7 p4=30.0 | diurnal 43.1 | flash 49.3
[436/676] dqn_full_train_safetyoff_seed19: train 3162s eval 0.7s | reward -1.317 | viol% p1=44.9 p2=83.6 p4=21.4 | diurnal 57.9 | flash 53.5
[437/676] dqn_real_only_train_safetyoff_seed0: train 3161s eval 0.7s | reward -0.718 | viol% p1=17.0 p2=43.3 p4=33.6 | diurnal 43.2 | flash 35.7
[438/676] dqn_real_only_train_safetyoff_seed2: train 3108s eval 0.5s | reward -1.009 | viol% p1=33.4 p2=63.5 p4=31.5 | diurnal 56.9 | flash 46.8
[439/676] dqn_real_only_train_safetyoff_seed1: train 3142s eval 0.7s | reward -0.879 | viol% p1=15.6 p2=70.6 p4=33.9 | diurnal 49.7 | flash 45.6
[440/676] dqn_real_only_train_safetyoff_seed3: train 3107s eval 0.8s | reward -1.059 | viol% p1=27.3 p2=65.5 p4=35.6 | diurnal 48.1 | flash 48.1
[441/676] dqn_real_only_train_safetyoff_seed5: train 3148s eval 0.8s | reward -0.842 | viol% p1=18.8 p2=60.8 p4=36.7 | diurnal 53.6 | flash 42.5
[442/676] dqn_real_only_train_safetyoff_seed4: train 3181s eval 0.8s | reward -1.138 | viol% p1=23.4 p2=68.3 p4=41.2 | diurnal 57.8 | flash 53.9
[443/676] dqn_real_only_train_safetyoff_seed7: train 3124s eval 0.7s | reward -0.963 | viol% p1=40.0 p2=48.6 p4=23.5 | diurnal 49.1 | flash 39.8
[444/676] dqn_real_only_train_safetyoff_seed6: train 3148s eval 0.7s | reward -1.124 | viol% p1=42.3 p2=55.6 p4=32.9 | diurnal 54.8 | flash 49.2
[445/676] dqn_real_only_train_safetyoff_seed8: train 3150s eval 0.6s | reward -0.914 | viol% p1=11.1 p2=51.1 p4=41.8 | diurnal 61.5 | flash 39.2
[446/676] dqn_real_only_train_safetyoff_seed10: train 3099s eval 0.6s | reward -1.066 | viol% p1=24.1 p2=77.2 p4=35.6 | diurnal 45.9 | flash 49.9
[447/676] dqn_real_only_train_safetyoff_seed9: train 3154s eval 0.7s | reward -1.251 | viol% p1=30.9 p2=59.9 p4=42.2 | diurnal 59.7 | flash 48.5
[448/676] dqn_real_only_train_safetyoff_seed11: train 3139s eval 0.9s | reward -1.105 | viol% p1=20.3 p2=71.8 p4=41.8 | diurnal 52.1 | flash 49.2
[449/676] dqn_real_only_train_safetyoff_seed13: train 3104s eval 0.7s | reward -1.011 | viol% p1=34.2 p2=59.7 p4=27.1 | diurnal 51.5 | flash 45.9
[450/676] dqn_real_only_train_safetyoff_seed12: train 3119s eval 0.7s | reward -0.856 | viol% p1=29.6 p2=78.8 p4=20.6 | diurnal 52.0 | flash 45.9
[451/676] dqn_real_only_train_safetyoff_seed16: train 3078s eval 0.7s | reward -0.817 | viol% p1=27.0 p2=43.6 p4=27.7 | diurnal 48.7 | flash 37.6
[452/676] dqn_real_only_train_safetyoff_seed14: train 3109s eval 0.7s | reward -0.977 | viol% p1=20.0 p2=94.3 p4=29.5 | diurnal 53.3 | flash 49.7
[453/676] dqn_real_only_train_safetyoff_seed18: train 3082s eval 0.7s | reward -1.035 | viol% p1=23.0 p2=66.7 p4=36.5 | diurnal 47.5 | flash 49.4
[454/676] dqn_real_only_train_safetyoff_seed15: train 3155s eval 0.8s | reward -0.910 | viol% p1=23.1 p2=81.2 p4=26.1 | diurnal 47.2 | flash 48.3
[455/676] dqn_real_only_train_safetyoff_seed17: train 3146s eval 0.9s | reward -0.915 | viol% p1=15.9 p2=80.6 p4=36.9 | diurnal 55.3 | flash 47.3
[456/676] dqn_real_only_train_safetyoff_seed19: train 3098s eval 0.8s | reward -1.116 | viol% p1=19.2 p2=80.9 p4=40.6 | diurnal 58.2 | flash 50.5
[457/676] dqn_aug_subsample_train_safetyoff_seed2: train 3097s eval 0.7s | reward -1.078 | viol% p1=28.3 p2=51.4 p4=31.4 | diurnal 39.0 | flash 40.5
[458/676] dqn_aug_subsample_train_safetyoff_seed0: train 3150s eval 0.7s | reward -0.750 | viol% p1=20.4 p2=40.4 p4=23.5 | diurnal 29.8 | flash 28.7
[459/676] dqn_aug_subsample_train_safetyoff_seed4: train 3123s eval 0.6s | reward -1.355 | viol% p1=36.8 p2=65.3 p4=36.8 | diurnal 46.8 | flash 49.1
[460/676] dqn_aug_subsample_train_safetyoff_seed3: train 3131s eval 0.7s | reward -0.931 | viol% p1=26.7 p2=48.3 p4=26.6 | diurnal 38.6 | flash 36.9
[461/676] dqn_aug_subsample_train_safetyoff_seed1: train 3151s eval 0.6s | reward -0.943 | viol% p1=22.6 p2=47.3 p4=33.0 | diurnal 35.5 | flash 36.0
[462/676] dqn_aug_subsample_train_safetyoff_seed5: train 3148s eval 1.0s | reward -0.905 | viol% p1=23.7 p2=47.0 p4=29.4 | diurnal 40.4 | flash 36.9
[463/676] dqn_aug_subsample_train_safetyoff_seed6: train 3164s eval 0.8s | reward -1.057 | viol% p1=31.0 p2=61.4 p4=27.3 | diurnal 38.7 | flash 42.5
[464/676] dqn_aug_subsample_train_safetyoff_seed7: train 3119s eval 0.7s | reward -1.037 | viol% p1=29.2 p2=50.3 p4=29.5 | diurnal 40.0 | flash 38.1
[465/676] dqn_aug_subsample_train_safetyoff_seed8: train 3076s eval 0.8s | reward -1.107 | viol% p1=27.8 p2=52.1 p4=33.0 | diurnal 45.6 | flash 37.5
[466/676] dqn_aug_subsample_train_safetyoff_seed9: train 3113s eval 0.8s | reward -1.359 | viol% p1=35.0 p2=63.3 p4=39.6 | diurnal 49.4 | flash 48.9
[467/676] dqn_aug_subsample_train_safetyoff_seed10: train 3082s eval 0.9s | reward -1.085 | viol% p1=30.0 p2=54.8 p4=31.7 | diurnal 40.8 | flash 40.0
[468/676] dqn_aug_subsample_train_safetyoff_seed11: train 3114s eval 0.8s | reward -1.069 | viol% p1=29.4 p2=65.3 p4=28.3 | diurnal 44.8 | flash 41.3
[469/676] dqn_aug_subsample_train_safetyoff_seed14: train 3102s eval 0.7s | reward -1.078 | viol% p1=29.8 p2=54.5 p4=30.4 | diurnal 40.2 | flash 38.9
[470/676] dqn_aug_subsample_train_safetyoff_seed12: train 3132s eval 0.7s | reward -0.897 | viol% p1=25.7 p2=42.7 p4=26.2 | diurnal 36.3 | flash 31.9
[471/676] dqn_aug_subsample_train_safetyoff_seed13: train 3169s eval 0.7s | reward -1.071 | viol% p1=27.2 p2=61.1 p4=32.1 | diurnal 39.7 | flash 41.4
[472/676] dqn_aug_subsample_train_safetyoff_seed15: train 3168s eval 0.8s | reward -1.023 | viol% p1=29.3 p2=64.1 p4=27.6 | diurnal 36.7 | flash 42.7
[473/676] dqn_aug_subsample_train_safetyoff_seed16: train 3138s eval 0.8s | reward -0.808 | viol% p1=24.3 p2=46.6 p4=22.1 | diurnal 34.2 | flash 33.5
[474/676] dqn_aug_subsample_train_safetyoff_seed18: train 3095s eval 0.9s | reward -1.166 | viol% p1=32.5 p2=62.4 p4=31.8 | diurnal 43.0 | flash 46.0
[475/676] dqn_aug_subsample_train_safetyoff_seed17: train 3115s eval 0.8s | reward -0.934 | viol% p1=23.9 p2=46.2 p4=29.9 | diurnal 36.7 | flash 34.9
[476/676] dqn_aug_subsample_train_safetyoff_seed19: train 3116s eval 0.8s | reward -1.408 | viol% p1=37.8 p2=72.4 p4=40.0 | diurnal 53.3 | flash 49.8
[477/676] ddqn_full_train_safetyoff_seed0: train 3693s eval 0.8s | reward -0.747 | viol% p1=10.4 p2=95.2 p4=21.8 | diurnal 49.7 | flash 46.7
[478/676] ddqn_full_train_safetyoff_seed1: train 3709s eval 0.8s | reward -0.966 | viol% p1=24.1 p2=95.9 p4=17.8 | diurnal 51.0 | flash 50.5
[479/676] ddqn_full_train_safetyoff_seed2: train 3673s eval 0.8s | reward -0.951 | viol% p1=14.1 p2=91.0 p4=35.7 | diurnal 52.5 | flash 50.2
[480/676] ddqn_full_train_safetyoff_seed3: train 3678s eval 1.0s | reward -0.953 | viol% p1=34.9 p2=74.1 p4=28.6 | diurnal 43.8 | flash 45.6
[481/676] ddqn_full_train_safetyoff_seed4: train 3645s eval 0.8s | reward -1.159 | viol% p1=21.8 p2=95.1 p4=35.9 | diurnal 57.4 | flash 55.2
[482/676] ddqn_full_train_safetyoff_seed6: train 3599s eval 0.8s | reward -0.885 | viol% p1=18.1 p2=91.7 p4=28.3 | diurnal 44.7 | flash 49.1
[483/676] ddqn_full_train_safetyoff_seed5: train 3620s eval 0.7s | reward -0.826 | viol% p1=18.0 p2=75.1 p4=31.7 | diurnal 43.8 | flash 46.5
[484/676] ddqn_full_train_safetyoff_seed8: train 3600s eval 1.0s | reward -0.907 | viol% p1=9.0 p2=78.2 p4=46.8 | diurnal 48.8 | flash 47.2
[485/676] ddqn_full_train_safetyoff_seed7: train 3678s eval 1.0s | reward -0.921 | viol% p1=21.7 p2=85.4 p4=28.5 | diurnal 43.0 | flash 47.6
[486/676] ddqn_full_train_safetyoff_seed9: train 3645s eval 0.8s | reward -1.135 | viol% p1=15.7 p2=97.2 p4=41.2 | diurnal 58.4 | flash 56.2
[487/676] ddqn_full_train_safetyoff_seed10: train 3641s eval 0.8s | reward -1.019 | viol% p1=17.9 p2=93.2 p4=30.3 | diurnal 48.9 | flash 53.2
[488/676] ddqn_full_train_safetyoff_seed11: train 3660s eval 0.8s | reward -1.061 | viol% p1=22.2 p2=93.2 p4=30.9 | diurnal 48.5 | flash 51.8
[489/676] ddqn_full_train_safetyoff_seed14: train 3626s eval 0.8s | reward -0.939 | viol% p1=20.0 p2=92.9 p4=28.9 | diurnal 43.0 | flash 48.5
[490/676] ddqn_full_train_safetyoff_seed12: train 3636s eval 0.8s | reward -0.892 | viol% p1=17.7 p2=73.1 p4=31.2 | diurnal 42.3 | flash 45.3
[491/676] ddqn_full_train_safetyoff_seed15: train 3632s eval 0.8s | reward -0.843 | viol% p1=14.8 p2=91.6 p4=27.8 | diurnal 40.9 | flash 48.4
[492/676] ddqn_full_train_safetyoff_seed13: train 3649s eval 0.8s | reward -0.886 | viol% p1=13.5 p2=79.7 p4=37.3 | diurnal 46.9 | flash 49.0
[493/676] ddqn_full_train_safetyoff_seed16: train 3637s eval 0.8s | reward -0.826 | viol% p1=26.8 p2=83.9 p4=16.5 | diurnal 38.5 | flash 46.9
[494/676] ddqn_full_train_safetyoff_seed18: train 3556s eval 0.8s | reward -1.023 | viol% p1=20.4 p2=97.3 p4=26.5 | diurnal 47.3 | flash 54.3
[495/676] ddqn_full_train_safetyoff_seed17: train 3667s eval 0.9s | reward -0.900 | viol% p1=16.6 p2=82.7 p4=31.3 | diurnal 41.4 | flash 47.3
[496/676] ddqn_full_train_safetyoff_seed19: train 3655s eval 0.9s | reward -1.181 | viol% p1=10.6 p2=97.6 p4=47.4 | diurnal 57.7 | flash 54.4
[497/676] ddqn_real_only_train_safetyoff_seed1: train 3582s eval 0.8s | reward -0.896 | viol% p1=26.1 p2=54.4 p4=29.2 | diurnal 48.7 | flash 45.0
[498/676] ddqn_real_only_train_safetyoff_seed0: train 3592s eval 0.8s | reward -0.703 | viol% p1=12.3 p2=77.3 p4=27.7 | diurnal 42.5 | flash 43.2
[499/676] ddqn_real_only_train_safetyoff_seed2: train 3593s eval 0.8s | reward -0.981 | viol% p1=42.4 p2=50.8 p4=23.0 | diurnal 45.8 | flash 47.3
[500/676] ddqn_real_only_train_safetyoff_seed3: train 3585s eval 0.9s | reward -0.934 | viol% p1=22.1 p2=60.0 p4=43.8 | diurnal 53.2 | flash 46.4
[501/676] ddqn_real_only_train_safetyoff_seed4: train 3568s eval 0.8s | reward -1.070 | viol% p1=18.7 p2=93.0 p4=36.4 | diurnal 63.0 | flash 59.7
[502/676] ddqn_real_only_train_safetyoff_seed5: train 3590s eval 0.7s | reward -0.880 | viol% p1=7.6 p2=95.8 p4=34.1 | diurnal 57.2 | flash 50.8
[503/676] ddqn_real_only_train_safetyoff_seed6: train 3641s eval 0.8s | reward -0.960 | viol% p1=34.2 p2=67.3 p4=17.7 | diurnal 53.3 | flash 49.6
[504/676] ddqn_real_only_train_safetyoff_seed7: train 3583s eval 0.8s | reward -0.916 | viol% p1=17.4 p2=63.6 p4=38.9 | diurnal 49.2 | flash 44.0
[505/676] ddqn_real_only_train_safetyoff_seed8: train 3593s eval 0.9s | reward -0.947 | viol% p1=16.3 p2=79.1 p4=40.3 | diurnal 56.5 | flash 48.8
[506/676] ddqn_real_only_train_safetyoff_seed11: train 3614s eval 0.8s | reward -1.055 | viol% p1=17.2 p2=77.6 p4=43.5 | diurnal 54.7 | flash 49.9
[507/676] ddqn_real_only_train_safetyoff_seed10: train 3622s eval 0.8s | reward -1.043 | viol% p1=18.0 p2=72.5 p4=50.7 | diurnal 54.2 | flash 52.2
[508/676] ddqn_real_only_train_safetyoff_seed9: train 3645s eval 0.7s | reward -1.137 | viol% p1=36.8 p2=96.3 p4=12.0 | diurnal 56.7 | flash 54.0
[509/676] ddqn_real_only_train_safetyoff_seed12: train 3578s eval 0.8s | reward -0.821 | viol% p1=18.9 p2=81.5 p4=29.8 | diurnal 47.4 | flash 45.8
[510/676] ddqn_real_only_train_safetyoff_seed13: train 3598s eval 0.9s | reward -0.881 | viol% p1=15.7 p2=57.8 p4=39.1 | diurnal 57.8 | flash 46.3
[511/676] ddqn_real_only_train_safetyoff_seed14: train 3580s eval 0.8s | reward -0.975 | viol% p1=17.4 p2=80.9 p4=36.8 | diurnal 53.3 | flash 49.0
[512/676] ddqn_real_only_train_safetyoff_seed15: train 3633s eval 0.9s | reward -0.977 | viol% p1=11.9 p2=94.4 p4=39.9 | diurnal 50.8 | flash 53.4
[513/676] ddqn_real_only_train_safetyoff_seed16: train 3519s eval 0.8s | reward -0.825 | viol% p1=19.6 p2=65.9 p4=34.9 | diurnal 44.3 | flash 43.4
[514/676] ddqn_real_only_train_safetyoff_seed17: train 3560s eval 0.8s | reward -0.821 | viol% p1=16.6 p2=55.2 p4=38.1 | diurnal 49.2 | flash 40.2
[515/676] ddqn_real_only_train_safetyoff_seed18: train 3496s eval 0.8s | reward -1.075 | viol% p1=28.0 p2=75.4 p4=28.6 | diurnal 49.6 | flash 46.7
[516/676] ddqn_real_only_train_safetyoff_seed19: train 3463s eval 0.7s | reward -1.154 | viol% p1=14.9 p2=85.1 p4=47.3 | diurnal 62.0 | flash 52.0
[517/676] ddqn_aug_subsample_train_safetyoff_seed0: train 3591s eval 0.9s | reward -0.716 | viol% p1=19.6 p2=44.4 p4=23.3 | diurnal 29.8 | flash 32.2
[518/676] ddqn_aug_subsample_train_safetyoff_seed1: train 3566s eval 0.8s | reward -0.947 | viol% p1=22.7 p2=55.2 p4=31.3 | diurnal 35.7 | flash 38.2
[519/676] ddqn_aug_subsample_train_safetyoff_seed2: train 3560s eval 0.7s | reward -0.940 | viol% p1=29.5 p2=54.5 p4=25.5 | diurnal 39.3 | flash 40.8
[520/676] ddqn_aug_subsample_train_safetyoff_seed3: train 3560s eval 0.8s | reward -0.909 | viol% p1=25.3 p2=50.0 p4=25.4 | diurnal 39.0 | flash 37.5
[521/676] ddqn_aug_subsample_train_safetyoff_seed4: train 3585s eval 0.9s | reward -1.319 | viol% p1=35.6 p2=72.5 p4=36.4 | diurnal 46.9 | flash 49.3
[522/676] ddqn_aug_subsample_train_safetyoff_seed5: train 3565s eval 0.8s | reward -0.919 | viol% p1=23.0 p2=53.0 p4=30.3 | diurnal 40.1 | flash 37.7
[523/676] ddqn_aug_subsample_train_safetyoff_seed6: train 3588s eval 0.8s | reward -1.033 | viol% p1=29.2 p2=56.6 p4=27.6 | diurnal 40.7 | flash 39.8
[524/676] ddqn_aug_subsample_train_safetyoff_seed7: train 3578s eval 0.7s | reward -1.031 | viol% p1=29.4 p2=60.0 p4=27.0 | diurnal 38.9 | flash 41.0
[525/676] ddqn_aug_subsample_train_safetyoff_seed8: train 3536s eval 0.8s | reward -0.898 | viol% p1=19.4 p2=52.1 p4=33.1 | diurnal 47.2 | flash 35.6
[526/676] ddqn_aug_subsample_train_safetyoff_seed9: train 3565s eval 0.8s | reward -1.360 | viol% p1=35.5 p2=62.0 p4=39.2 | diurnal 48.9 | flash 48.3
[527/676] ddqn_aug_subsample_train_safetyoff_seed10: train 3518s eval 0.7s | reward -1.032 | viol% p1=29.3 p2=57.7 p4=27.2 | diurnal 39.2 | flash 42.3
[528/676] ddqn_aug_subsample_train_safetyoff_seed11: train 3574s eval 0.7s | reward -1.057 | viol% p1=31.8 p2=67.9 p4=23.6 | diurnal 44.3 | flash 43.2
[529/676] sdhppo_no_dueling_train_safetyoff_seed0: train 968s eval 0.8s | reward -0.855 | viol% p1=22.0 p2=97.0 p4=19.3 | diurnal 46.7 | flash 46.3
[530/676] sdhppo_no_dueling_train_safetyoff_seed3: train 972s eval 0.8s | reward -1.559 | viol% p1=21.5 p2=98.2 p4=57.3 | diurnal 60.7 | flash 58.4
[531/676] sdhppo_no_dueling_train_safetyoff_seed2: train 975s eval 0.7s | reward -1.055 | viol% p1=19.4 p2=97.3 p4=36.7 | diurnal 51.9 | flash 50.8
[532/676] sdhppo_no_dueling_train_safetyoff_seed1: train 983s eval 0.8s | reward -1.414 | viol% p1=51.1 p2=69.2 p4=25.7 | diurnal 51.2 | flash 52.3
[533/676] sdhppo_no_dueling_train_safetyoff_seed4: train 956s eval 0.7s | reward -1.064 | viol% p1=16.2 p2=98.0 p4=37.8 | diurnal 55.2 | flash 51.4
[534/676] sdhppo_no_dueling_train_safetyoff_seed5: train 961s eval 0.7s | reward -1.265 | viol% p1=39.8 p2=96.7 p4=19.3 | diurnal 54.6 | flash 54.6
[535/676] sdhppo_no_dueling_train_safetyoff_seed6: train 965s eval 0.6s | reward -0.949 | viol% p1=20.8 p2=98.3 p4=28.0 | diurnal 50.2 | flash 49.5
[536/676] sdhppo_no_dueling_train_safetyoff_seed7: train 950s eval 0.6s | reward -1.656 | viol% p1=70.7 p2=58.2 p4=16.6 | diurnal 54.9 | flash 51.9
[537/676] sdhppo_no_dueling_train_safetyoff_seed8: train 946s eval 0.9s | reward -2.721 | viol% p1=69.0 p2=18.2 p4=82.0 | diurnal 58.0 | flash 64.3
[538/676] sdhppo_no_dueling_train_safetyoff_seed10: train 921s eval 0.7s | reward -1.302 | viol% p1=35.8 p2=98.1 p4=27.7 | diurnal 56.5 | flash 54.3
[539/676] sdhppo_no_dueling_train_safetyoff_seed11: train 923s eval 0.8s | reward -1.469 | viol% p1=50.4 p2=99.1 p4=16.3 | diurnal 61.5 | flash 56.6
[540/676] sdhppo_no_dueling_train_safetyoff_seed9: train 926s eval 0.7s | reward -1.574 | viol% p1=42.4 p2=98.5 p4=35.6 | diurnal 62.0 | flash 60.8
[541/676] sdhppo_no_dueling_train_safetyoff_seed12: train 929s eval 0.7s | reward -1.243 | viol% p1=23.3 p2=80.3 p4=40.6 | diurnal 51.4 | flash 50.1
[542/676] sdhppo_no_dueling_train_safetyoff_seed13: train 944s eval 0.7s | reward -0.922 | viol% p1=15.6 p2=99.1 p4=31.2 | diurnal 49.8 | flash 50.6
[543/676] sdhppo_no_dueling_train_safetyoff_seed14: train 944s eval 0.6s | reward -1.200 | viol% p1=28.3 p2=98.2 p4=31.8 | diurnal 54.5 | flash 55.1
[544/676] ddqn_aug_subsample_train_safetyoff_seed12: train 3299s eval 0.6s | reward -0.922 | viol% p1=26.5 p2=58.6 p4=27.3 | diurnal 35.8 | flash 38.4
[545/676] ddqn_aug_subsample_train_safetyoff_seed13: train 3310s eval 0.8s | reward -1.054 | viol% p1=27.3 p2=56.6 p4=32.3 | diurnal 39.3 | flash 43.2
[546/676] ddqn_aug_subsample_train_safetyoff_seed14: train 3341s eval 0.7s | reward -1.103 | viol% p1=30.4 p2=65.4 p4=31.4 | diurnal 41.9 | flash 44.2
[547/676] ddqn_aug_subsample_train_safetyoff_seed15: train 3331s eval 0.7s | reward -1.012 | viol% p1=29.6 p2=58.0 p4=25.8 | diurnal 35.4 | flash 41.4
[548/676] sdhppo_no_dueling_train_safetyoff_seed15: train 933s eval 0.5s | reward -1.134 | viol% p1=28.2 p2=97.5 p4=24.5 | diurnal 50.5 | flash 50.5
[549/676] ddqn_aug_subsample_train_safetyoff_seed16: train 3283s eval 0.7s | reward -0.816 | viol% p1=24.6 p2=46.5 p4=22.1 | diurnal 35.9 | flash 33.8
[550/676] sdhppo_no_dueling_train_safetyoff_seed16: train 891s eval 0.6s | reward -1.053 | viol% p1=27.7 p2=97.2 p4=21.6 | diurnal 50.1 | flash 50.0
[551/676] sdhppo_no_dueling_train_safetyoff_seed18: train 893s eval 0.5s | reward -1.230 | viol% p1=33.1 p2=97.1 p4=27.4 | diurnal 53.1 | flash 53.5
[552/676] sdhppo_no_dueling_train_safetyoff_seed17: train 898s eval 0.6s | reward -1.585 | viol% p1=25.7 p2=97.1 p4=54.7 | diurnal 63.4 | flash 60.5
[553/676] sdhppo_no_dueling_train_safetyoff_seed19: train 903s eval 0.5s | reward -2.328 | viol% p1=30.0 p2=98.6 p4=85.5 | diurnal 77.6 | flash 67.6
[554/676] ddqn_aug_subsample_train_safetyoff_seed17: train 3276s eval 0.5s | reward -0.946 | viol% p1=27.1 p2=50.6 p4=28.7 | diurnal 36.9 | flash 39.2
[555/676] ddqn_aug_subsample_train_safetyoff_seed18: train 3213s eval 0.5s | reward -1.134 | viol% p1=33.1 p2=65.5 p4=27.8 | diurnal 44.4 | flash 45.7
[556/676] ddqn_aug_subsample_train_safetyoff_seed19: train 3223s eval 0.7s | reward -1.221 | viol% p1=31.5 p2=75.8 p4=40.2 | diurnal 56.3 | flash 51.7
[557/676] sdhppo_full_train_safetyoff_seed0_res0.25: train 877s eval 0.6s | reward -14.020 | viol% p1=22.3 p2=22.3 p4=25.0 | diurnal 42.0 | flash 27.6
[558/676] sdhppo_full_train_safetyoff_seed1_res0.25: train 868s eval 0.7s | reward -19.521 | viol% p1=28.4 p2=34.6 p4=34.3 | diurnal 46.0 | flash 37.0
[559/676] sdhppo_full_train_safetyoff_seed2_res0.25: train 870s eval 0.7s | reward -22.033 | viol% p1=31.4 p2=28.1 p4=40.8 | diurnal 49.6 | flash 37.6
[560/676] sdhppo_full_train_safetyoff_seed3_res0.25: train 875s eval 0.6s | reward -18.498 | viol% p1=27.6 p2=32.1 p4=29.2 | diurnal 53.3 | flash 33.6
[561/676] sdhppo_full_train_safetyoff_seed4_res0.25: train 846s eval 0.6s | reward -26.721 | viol% p1=39.5 p2=49.5 p4=45.5 | diurnal 56.8 | flash 49.7
[562/676] sdhppo_full_train_safetyoff_seed5_res0.25: train 855s eval 0.7s | reward -19.204 | viol% p1=29.6 p2=37.0 p4=32.5 | diurnal 56.6 | flash 36.8
[563/676] sdhppo_full_train_safetyoff_seed6_res0.25: train 855s eval 0.6s | reward -21.466 | viol% p1=33.0 p2=35.5 p4=37.4 | diurnal 56.2 | flash 40.4
[564/676] sdhppo_full_train_safetyoff_seed7_res0.25: train 850s eval 0.5s | reward -20.468 | viol% p1=32.8 p2=29.5 p4=32.9 | diurnal 52.5 | flash 34.4
[565/676] sdhppo_full_train_safetyoff_seed8_res0.25: train 851s eval 0.8s | reward -23.440 | viol% p1=35.4 p2=30.9 p4=39.4 | diurnal 65.1 | flash 38.8
[566/676] sdhppo_full_train_safetyoff_seed10_res0.25: train 886s eval 0.8s | reward -21.723 | viol% p1=32.4 p2=42.9 p4=35.0 | diurnal 52.1 | flash 41.3
[567/676] sdhppo_full_train_safetyoff_seed9_res0.25: train 891s eval 0.7s | reward -27.561 | viol% p1=42.5 p2=43.0 p4=43.5 | diurnal 59.9 | flash 47.6
[568/676] sdhppo_full_train_safetyoff_seed12_res0.25: train 885s eval 0.6s | reward -19.742 | viol% p1=29.2 p2=23.7 p4=37.4 | diurnal 45.7 | flash 33.0
[569/676] sdhppo_full_train_safetyoff_seed11_res0.25: train 889s eval 0.6s | reward -22.847 | viol% p1=36.7 p2=38.5 p4=34.0 | diurnal 60.9 | flash 39.2
[570/676] sdhppo_full_train_safetyoff_seed13_res0.25: train 884s eval 0.5s | reward -21.375 | viol% p1=30.9 p2=35.4 p4=38.6 | diurnal 50.3 | flash 40.4
[571/676] sdhppo_full_train_safetyoff_seed14_res0.25: train 891s eval 0.5s | reward -22.187 | viol% p1=34.4 p2=34.7 p4=35.9 | diurnal 54.8 | flash 38.4
[572/676] sdhppo_full_train_safetyoff_seed15_res0.25: train 880s eval 0.7s | reward -19.893 | viol% p1=34.6 p2=30.4 p4=29.0 | diurnal 44.8 | flash 35.3
[573/676] sdhppo_full_train_safetyoff_seed16_res0.25: train 900s eval 0.6s | reward -17.396 | viol% p1=30.5 p2=16.5 p4=32.3 | diurnal 48.8 | flash 29.5
[574/676] sdhppo_full_train_safetyoff_seed18_res0.25: train 899s eval 0.6s | reward -24.006 | viol% p1=36.0 p2=38.5 p4=40.9 | diurnal 51.4 | flash 45.0
[575/676] sdhppo_full_train_safetyoff_seed17_res0.25: train 907s eval 0.5s | reward -19.108 | viol% p1=27.2 p2=30.3 p4=36.7 | diurnal 52.0 | flash 34.9
[576/676] sdhppo_full_train_safetyoff_seed19_res0.25: train 904s eval 0.5s | reward -29.870 | viol% p1=42.1 p2=42.3 p4=51.0 | diurnal 68.6 | flash 47.9
[577/676] sdhppo_full_train_safetyoff_seed0_init-bc: train 969s eval 0.6s | reward -0.745 | viol% p1=20.3 p2=22.7 p4=23.1 | diurnal 39.7 | flash 31.7
[578/676] sdhppo_full_train_safetyoff_seed2_init-bc: train 981s eval 0.6s | reward -1.131 | viol% p1=30.8 p2=35.2 p4=34.5 | diurnal 49.0 | flash 38.0
[579/676] sdhppo_full_train_safetyoff_seed1_init-bc: train 986s eval 0.5s | reward -1.014 | viol% p1=25.2 p2=31.3 p4=34.4 | diurnal 43.3 | flash 37.3
[580/676] sdhppo_full_train_safetyoff_seed3_init-bc: train 982s eval 0.5s | reward -0.963 | viol% p1=26.8 p2=48.4 p4=27.5 | diurnal 49.5 | flash 37.9
[581/676] sdhppo_full_train_safetyoff_seed4_init-bc: train 971s eval 0.9s | reward -1.437 | viol% p1=42.4 p2=69.4 p4=39.7 | diurnal 56.1 | flash 54.3
[582/676] sdhppo_full_train_safetyoff_seed7_init-bc: train 969s eval 0.6s | reward -1.080 | viol% p1=32.9 p2=45.5 p4=26.4 | diurnal 49.2 | flash 38.0
[583/676] sdhppo_full_train_safetyoff_seed6_init-bc: train 970s eval 0.6s | reward -1.143 | viol% p1=35.0 p2=41.8 p4=35.0 | diurnal 55.5 | flash 42.8
[584/676] sdhppo_full_train_safetyoff_seed5_init-bc: train 970s eval 0.6s | reward -1.023 | viol% p1=26.6 p2=46.7 p4=32.2 | diurnal 52.8 | flash 39.2
[585/676] demand_prop_full_train_safetyoff_seed0: train 0s eval 0.7s | reward -0.754 | viol% p1=22.7 p2=19.3 p4=28.5 | diurnal 42.0 | flash 28.1
[586/676] sdhppo_full_train_safetyoff_seed8_init-bc: train 973s eval 0.5s | reward -1.216 | viol% p1=32.1 p2=33.9 p4=39.4 | diurnal 61.9 | flash 41.4
[587/676] sdhppo_full_train_safetyoff_seed9_init-bc: train 972s eval 0.5s | reward -1.445 | viol% p1=39.3 p2=54.0 p4=42.5 | diurnal 58.1 | flash 52.5
[588/676] demand_prop_full_train_safetyoff_seed2: train 0s eval 0.4s | reward -1.145 | viol% p1=33.5 p2=29.4 p4=38.7 | diurnal 50.4 | flash 37.7
[589/676] demand_prop_full_train_safetyoff_seed3: train 0s eval 0.3s | reward -0.994 | viol% p1=29.5 p2=26.5 p4=34.3 | diurnal 53.7 | flash 34.1
[590/676] demand_prop_full_train_safetyoff_seed1: train 0s eval 0.3s | reward -1.047 | viol% p1=28.0 p2=26.4 p4=39.5 | diurnal 45.8 | flash 36.4
[591/676] demand_prop_full_train_safetyoff_seed4: train 0s eval 0.5s | reward -1.423 | viol% p1=41.9 p2=40.5 p4=45.8 | diurnal 56.3 | flash 48.2
[592/676] demand_prop_full_train_safetyoff_seed5: train 0s eval 0.4s | reward -1.014 | viol% p1=29.6 p2=26.9 p4=35.7 | diurnal 55.8 | flash 35.0
[593/676] demand_prop_full_train_safetyoff_seed6: train 0s eval 0.3s | reward -1.116 | viol% p1=35.3 p2=29.7 p4=36.0 | diurnal 55.2 | flash 38.6
[594/676] demand_prop_full_train_safetyoff_seed8: train 0s eval 0.2s | reward -1.187 | viol% p1=33.6 p2=32.6 p4=39.1 | diurnal 65.4 | flash 38.3
[595/676] demand_prop_full_train_safetyoff_seed7: train 0s eval 0.2s | reward -1.077 | viol% p1=33.2 p2=28.9 p4=33.3 | diurnal 53.1 | flash 34.5
[596/676] demand_prop_full_train_safetyoff_seed9: train 0s eval 0.2s | reward -1.432 | viol% p1=39.4 p2=38.3 p4=47.1 | diurnal 58.9 | flash 46.8
[597/676] demand_prop_full_train_safetyoff_seed10: train 0s eval 0.2s | reward -1.162 | viol% p1=34.6 p2=31.7 p4=38.8 | diurnal 51.2 | flash 39.7
[598/676] demand_prop_full_train_safetyoff_seed11: train 0s eval 0.2s | reward -1.224 | viol% p1=36.8 p2=34.3 p4=38.5 | diurnal 61.0 | flash 39.4
[599/676] demand_prop_full_train_safetyoff_seed12: train 0s eval 0.2s | reward -0.994 | viol% p1=31.8 p2=24.5 p4=32.8 | diurnal 46.5 | flash 32.4
[600/676] demand_prop_full_train_safetyoff_seed13: train 0s eval 0.4s | reward -1.148 | viol% p1=32.7 p2=32.9 p4=39.6 | diurnal 50.7 | flash 40.8
[601/676] demand_prop_full_train_safetyoff_seed14: train 0s eval 0.4s | reward -1.181 | viol% p1=35.1 p2=33.4 p4=38.5 | diurnal 54.6 | flash 39.1
[602/676] demand_prop_full_train_safetyoff_seed15: train 0s eval 0.4s | reward -1.053 | viol% p1=33.2 p2=26.9 p4=33.8 | diurnal 45.1 | flash 35.4
[603/676] demand_prop_full_train_safetyoff_seed16: train 0s eval 0.4s | reward -0.847 | viol% p1=28.3 p2=17.7 p4=28.0 | diurnal 49.7 | flash 27.6
[604/676] demand_prop_full_train_safetyoff_seed17: train 0s eval 0.3s | reward -1.021 | viol% p1=29.3 p2=26.8 p4=36.4 | diurnal 52.4 | flash 34.5
[605/676] demand_prop_full_train_safetyoff_seed18: train 0s eval 0.4s | reward -1.239 | viol% p1=37.9 p2=39.0 p4=38.6 | diurnal 51.1 | flash 44.5
[606/676] no_control_full_train_safetyoff_seed0: train 0s eval 0.3s | reward -2.205 | viol% p1=62.0 p2=35.8 p4=67.7 | diurnal 59.8 | flash 60.6
[607/676] demand_prop_full_train_safetyoff_seed19: train 0s eval 0.4s | reward -1.542 | viol% p1=44.9 p2=44.0 p4=48.2 | diurnal 69.7 | flash 48.3
[608/676] no_control_full_train_safetyoff_seed1: train 0s eval 0.4s | reward -2.099 | viol% p1=38.3 p2=56.9 p4=82.3 | diurnal 59.9 | flash 63.3
[609/676] no_control_full_train_safetyoff_seed2: train 0s eval 0.3s | reward -2.238 | viol% p1=55.6 p2=42.3 p4=73.1 | diurnal 57.8 | flash 62.4
[610/676] no_control_full_train_safetyoff_seed3: train 0s eval 0.3s | reward -2.406 | viol% p1=66.3 p2=52.4 p4=70.9 | diurnal 59.9 | flash 66.1
[611/676] no_control_full_train_safetyoff_seed4: train 0s eval 0.4s | reward -2.339 | viol% p1=64.6 p2=69.5 p4=64.7 | diurnal 64.8 | flash 70.1
[612/676] no_control_full_train_safetyoff_seed5: train 0s eval 0.3s | reward -2.340 | viol% p1=56.9 p2=43.8 p4=76.7 | diurnal 61.4 | flash 64.3
[613/676] no_control_full_train_safetyoff_seed6: train 0s eval 0.3s | reward -2.295 | viol% p1=77.0 p2=49.3 p4=52.5 | diurnal 60.0 | flash 66.2
[614/676] no_control_full_train_safetyoff_seed7: train 0s eval 0.4s | reward -2.412 | viol% p1=72.4 p2=52.4 p4=61.5 | diurnal 63.8 | flash 65.6
[615/676] no_control_full_train_safetyoff_seed8: train 0s eval 0.3s | reward -2.275 | viol% p1=51.4 p2=61.0 p4=76.6 | diurnal 63.7 | flash 65.8
[616/676] no_control_full_train_safetyoff_seed9: train 0s eval 0.3s | reward -2.334 | viol% p1=59.4 p2=62.2 p4=71.2 | diurnal 63.0 | flash 68.3
[617/676] no_control_full_train_safetyoff_seed10: train 0s eval 0.3s | reward -2.291 | viol% p1=66.8 p2=55.1 p4=61.9 | diurnal 59.5 | flash 65.7
[618/676] sdhppo_full_train_safetyoff_seed10_init-bc: train 975s eval 0.4s | reward -1.156 | viol% p1=31.7 p2=42.9 p4=37.2 | diurnal 49.3 | flash 42.3
[619/676] no_control_full_train_safetyoff_seed12: train 0s eval 0.2s | reward -2.403 | viol% p1=63.9 p2=58.6 p4=71.2 | diurnal 60.9 | flash 67.6
[620/676] no_control_full_train_safetyoff_seed11: train 0s eval 0.3s | reward -2.271 | viol% p1=62.6 p2=70.0 p4=59.6 | diurnal 67.0 | flash 66.6
[621/676] no_control_full_train_safetyoff_seed13: train 0s eval 0.3s | reward -1.992 | viol% p1=53.2 p2=70.7 p4=54.6 | diurnal 58.4 | flash 62.3
[622/676] no_control_full_train_safetyoff_seed14: train 0s eval 0.3s | reward -2.115 | viol% p1=60.0 p2=58.1 p4=55.5 | diurnal 61.0 | flash 61.2
[623/676] no_control_full_train_safetyoff_seed15: train 0s eval 0.2s | reward -2.162 | viol% p1=64.4 p2=51.1 p4=55.0 | diurnal 56.2 | flash 61.1
[624/676] no_control_full_train_safetyoff_seed16: train 0s eval 0.3s | reward -2.268 | viol% p1=74.2 p2=43.2 p4=51.9 | diurnal 57.5 | flash 59.3
[625/676] no_control_full_train_safetyoff_seed17: train 0s eval 0.3s | reward -2.292 | viol% p1=50.2 p2=54.3 p4=79.4 | diurnal 61.0 | flash 65.3
[626/676] no_control_full_train_safetyoff_seed19: train 0s eval 0.2s | reward -2.313 | viol% p1=52.0 p2=62.5 p4=75.5 | diurnal 65.4 | flash 67.7
[627/676] no_control_full_train_safetyoff_seed18: train 0s eval 0.2s | reward -2.221 | viol% p1=65.9 p2=71.7 p4=55.0 | diurnal 63.9 | flash 67.0
[628/676] equal_split_full_train_safetyoff_seed0: train 0s eval 0.4s | reward -1.782 | viol% p1=20.1 p2=17.5 p4=98.8 | diurnal 41.2 | flash 50.3
[629/676] equal_split_full_train_safetyoff_seed1: train 0s eval 0.3s | reward -1.964 | viol% p1=25.1 p2=24.3 p4=99.9 | diurnal 45.1 | flash 55.1
[630/676] equal_split_full_train_safetyoff_seed2: train 0s eval 0.3s | reward -2.036 | viol% p1=29.9 p2=27.3 p4=99.0 | diurnal 49.7 | flash 56.1
[631/676] equal_split_full_train_safetyoff_seed3: train 0s eval 0.3s | reward -1.937 | viol% p1=26.4 p2=24.4 p4=98.3 | diurnal 52.4 | flash 53.9
[632/676] equal_split_full_train_safetyoff_seed4: train 0s eval 0.3s | reward -2.234 | viol% p1=37.8 p2=37.9 p4=99.2 | diurnal 55.4 | flash 64.1
[633/676] equal_split_full_train_safetyoff_seed5: train 0s eval 0.3s | reward -1.947 | viol% p1=26.7 p2=24.7 p4=99.4 | diurnal 53.9 | flash 54.8
[634/676] equal_split_full_train_safetyoff_seed6: train 0s eval 0.3s | reward -1.993 | viol% p1=31.1 p2=27.2 p4=97.7 | diurnal 54.5 | flash 57.2
[635/676] equal_split_full_train_safetyoff_seed7: train 0s eval 0.3s | reward -2.038 | viol% p1=30.3 p2=26.6 p4=99.0 | diurnal 52.1 | flash 54.8
[636/676] equal_split_full_train_safetyoff_seed8: train 0s eval 0.3s | reward -2.026 | viol% p1=30.6 p2=30.4 p4=98.6 | diurnal 63.9 | flash 56.7
[637/676] equal_split_full_train_safetyoff_seed9: train 0s eval 0.3s | reward -2.207 | viol% p1=36.3 p2=36.2 p4=99.2 | diurnal 57.8 | flash 62.8
[638/676] equal_split_full_train_safetyoff_seed11: train 0s eval 0.3s | reward -2.096 | viol% p1=33.3 p2=31.9 p4=97.8 | diurnal 60.4 | flash 57.4
[639/676] equal_split_full_train_safetyoff_seed10: train 0s eval 0.3s | reward -2.066 | viol% p1=30.6 p2=29.3 p4=98.3 | diurnal 51.1 | flash 57.6
[640/676] equal_split_full_train_safetyoff_seed12: train 0s eval 0.3s | reward -1.975 | viol% p1=28.1 p2=22.5 p4=98.3 | diurnal 46.0 | flash 52.5
[641/676] equal_split_full_train_safetyoff_seed13: train 0s eval 0.3s | reward -2.027 | viol% p1=29.5 p2=30.6 p4=98.5 | diurnal 50.1 | flash 58.9
[642/676] equal_split_full_train_safetyoff_seed14: train 0s eval 0.3s | reward -2.064 | viol% p1=31.5 p2=31.4 p4=98.4 | diurnal 53.4 | flash 57.4
[643/676] equal_split_full_train_safetyoff_seed15: train 0s eval 0.3s | reward -2.023 | viol% p1=29.7 p2=25.1 p4=98.4 | diurnal 45.6 | flash 55.4
[644/676] equal_split_full_train_safetyoff_seed16: train 0s eval 0.3s | reward -1.875 | viol% p1=25.1 p2=16.1 p4=98.4 | diurnal 48.5 | flash 49.6
[645/676] equal_split_full_train_safetyoff_seed17: train 0s eval 0.3s | reward -1.964 | viol% p1=26.2 p2=24.9 p4=99.5 | diurnal 51.7 | flash 54.0
[646/676] equal_split_full_train_safetyoff_seed18: train 0s eval 0.3s | reward -2.112 | viol% p1=34.2 p2=36.5 p4=97.9 | diurnal 50.7 | flash 62.5
[647/676] equal_split_full_train_safetyoff_seed19: train 0s eval 0.3s | reward -2.307 | viol% p1=40.5 p2=41.2 p4=99.5 | diurnal 68.6 | flash 63.2
[648/676] threshold_full_train_safetyoff_seed0: train 0s eval 0.3s | reward -1.574 | viol% p1=66.3 p2=63.0 p4=67.2 | diurnal 69.7 | flash 71.0
[649/676] threshold_full_train_safetyoff_seed1: train 0s eval 0.1s | reward -1.760 | viol% p1=67.4 p2=66.9 p4=72.6 | diurnal 72.0 | flash 74.7
[650/676] threshold_full_train_safetyoff_seed2: train 0s eval 0.2s | reward -1.797 | viol% p1=70.7 p2=67.5 p4=71.4 | diurnal 73.8 | flash 74.2
[651/676] threshold_full_train_safetyoff_seed3: train 0s eval 0.2s | reward -1.724 | viol% p1=69.2 p2=67.7 p4=70.1 | diurnal 74.8 | flash 73.2
[652/676] threshold_full_train_safetyoff_seed5: train 0s eval 0.4s | reward -1.716 | viol% p1=68.2 p2=65.6 p4=70.9 | diurnal 75.4 | flash 73.3
[653/676] threshold_full_train_safetyoff_seed4: train 0s eval 0.3s | reward -1.986 | viol% p1=73.5 p2=72.5 p4=74.5 | diurnal 76.6 | flash 79.5
[654/676] threshold_full_train_safetyoff_seed6: train 0s eval 0.3s | reward -1.798 | viol% p1=72.0 p2=68.9 p4=70.1 | diurnal 76.0 | flash 75.8
[655/676] threshold_full_train_safetyoff_seed7: train 0s eval 0.3s | reward -1.778 | viol% p1=70.9 p2=66.9 p4=69.8 | diurnal 75.1 | flash 72.6
[656/676] threshold_full_train_safetyoff_seed8: train 0s eval 0.3s | reward -1.841 | viol% p1=68.8 p2=69.0 p4=72.4 | diurnal 79.8 | flash 73.6
[657/676] threshold_full_train_safetyoff_seed9: train 0s eval 0.3s | reward -2.035 | viol% p1=73.1 p2=71.8 p4=75.0 | diurnal 77.3 | flash 78.9
[658/676] threshold_full_train_safetyoff_seed10: train 0s eval 0.3s | reward -1.850 | viol% p1=70.9 p2=69.4 p4=71.0 | diurnal 73.8 | flash 75.6
[659/676] threshold_full_train_safetyoff_seed11: train 0s eval 0.3s | reward -1.868 | viol% p1=71.4 p2=71.8 p4=71.0 | diurnal 77.9 | flash 74.2
[660/676] threshold_full_train_safetyoff_seed12: train 0s eval 0.3s | reward -1.759 | viol% p1=69.4 p2=67.4 p4=69.5 | diurnal 70.9 | flash 71.5
[661/676] threshold_full_train_safetyoff_seed13: train 0s eval 0.3s | reward -1.810 | viol% p1=69.3 p2=70.1 p4=70.6 | diurnal 73.8 | flash 76.3
[662/676] threshold_full_train_safetyoff_seed14: train 0s eval 0.3s | reward -1.874 | viol% p1=71.1 p2=70.9 p4=71.2 | diurnal 74.9 | flash 75.0
[663/676] threshold_full_train_safetyoff_seed15: train 0s eval 0.3s | reward -1.763 | viol% p1=70.5 p2=68.4 p4=68.7 | diurnal 71.4 | flash 73.7
[664/676] threshold_full_train_safetyoff_seed16: train 0s eval 0.3s | reward -1.624 | viol% p1=68.6 p2=63.7 p4=67.1 | diurnal 71.8 | flash 69.5
[665/676] threshold_full_train_safetyoff_seed17: train 0s eval 0.3s | reward -1.742 | viol% p1=68.2 p2=67.3 p4=71.1 | diurnal 74.3 | flash 72.6
[666/676] threshold_full_train_safetyoff_seed18: train 0s eval 0.2s | reward -1.851 | viol% p1=71.8 p2=70.7 p4=69.6 | diurnal 74.4 | flash 78.0
[667/676] threshold_full_train_safetyoff_seed19: train 0s eval 0.2s | reward -2.088 | viol% p1=74.7 p2=75.0 p4=76.2 | diurnal 81.6 | flash 78.2
[668/676] sdhppo_full_train_safetyoff_seed11_init-bc: train 887s eval 0.5s | reward -1.224 | viol% p1=33.9 p2=69.3 p4=33.6 | diurnal 58.7 | flash 49.0
[669/676] sdhppo_full_train_safetyoff_seed12_init-bc: train 776s eval 0.3s | reward -0.997 | viol% p1=30.0 p2=40.7 p4=26.2 | diurnal 45.0 | flash 35.1
[670/676] sdhppo_full_train_safetyoff_seed13_init-bc: train 721s eval 0.3s | reward -1.124 | viol% p1=30.4 p2=51.5 p4=33.1 | diurnal 47.2 | flash 44.9
[671/676] sdhppo_full_train_safetyoff_seed14_init-bc: train 734s eval 0.3s | reward -1.163 | viol% p1=33.3 p2=53.6 p4=30.5 | diurnal 51.0 | flash 43.0
[672/676] sdhppo_full_train_safetyoff_seed15_init-bc: train 731s eval 0.3s | reward -1.063 | viol% p1=34.6 p2=44.8 p4=27.0 | diurnal 45.3 | flash 39.4
[673/676] sdhppo_full_train_safetyoff_seed16_init-bc: train 622s eval 0.2s | reward -0.846 | viol% p1=27.8 p2=33.2 p4=23.4 | diurnal 46.5 | flash 32.7
[674/676] sdhppo_full_train_safetyoff_seed17_init-bc: train 590s eval 0.2s | reward -1.018 | viol% p1=26.8 p2=42.3 p4=32.6 | diurnal 51.2 | flash 37.6
[675/676] sdhppo_full_train_safetyoff_seed18_init-bc: train 589s eval 0.2s | reward -1.219 | viol% p1=35.8 p2=61.5 p4=32.9 | diurnal 50.4 | flash 48.7
[676/676] sdhppo_full_train_safetyoff_seed19_init-bc: train 587s eval 0.2s | reward -1.540 | viol% p1=41.2 p2=50.3 p4=45.4 | diurnal 68.1 | flash 50.7
SWEEP DONE 2026-10-04T14:54:21.974764+00:00
