P1,P2,P4
5.874785899592022,52.5068940938064,5.983887103450835
5.522675085203648,74.67508241285563,6.401273727305174
5.823082233977949,40.90652716200453,5.617027117794275
5.039866073460355,63.20580865043449,5.686282815252347
5.399057891504163,89.49371723211432,5.867450798140926
5.15451070514507,68.59751509452963,6.241675569286585
5.393362064912183,60.63670081970781,6.41718298233695
5.153052101637114,77.35056908624006,6.167079777578264
5.662820364260673,62.41556645473874,5.593414446757585
5.389696125099971,58.30695042351133,5.9806043375920215
5.415910874926409,53.60341909014017,5.9171390002022095
5.828793198512674,56.26273339498306,6.079988638893658
5.633043812981904,70.4141029127071,5.963622589143742
5.419303517546284,62.95206359797793,5.565454103860441
5.460643908938849,72.75980502543639,5.838226536822377
5.579217279715383,58.84983852341495,5.628574466410324
5.4311905798467635,67.49413783497998,6.001096365611645
5.32387060335955,51.77819704684344,5.749783988999514
5.550346047033954,76.87241303642345,6.115610602307375
5.324571409481001,51.239123291472076,5.426914910687536
5.26293967108678,74.84594838349611,5.767231662885262
5.5427321340277675,66.9118658787874,5.851417755513334
5.4239682600000005,107.586099,6.2572472900000005
5.810597511916602,72.36902243011826,5.745717312290478
5.6220596725385,51.635689765805054,5.535317272094691
5.366332434121252,69.17959019238218,6.110637743977521
5.282703397637915,62.7472464498049,5.526110041242093
5.4824955179584745,66.05089725854945,5.579337227440549
5.132205654790535,105.75408018209839,6.02946175177885
5.209642599004198,57.230028758039,5.788023866762271
5.1652221360868475,74.50309592703742,5.394113181184084
5.61163287046318,46.85630430788374,5.603195496453433
4.5279656096632,92.25872849714327,5.887440822024486
5.175642981174767,91.30108287717981,5.888212276662657
5.34858678911609,50.266432606156826,5.626611335653173
5.432518365391323,57.58253526034999,5.997900048831517
5.500488704949606,53.17927470291912,5.774100918268269
5.752896908738494,62.40093180371905,5.9052976815451625
5.60707515,55.1427975,5.84305555
5.2798750343117415,56.95139592065692,5.820404080655976
5.465418077957162,51.833234939946536,5.423212324674348
5.6463409735414976,71.13517235854376,5.449142150735113
5.4147297566261825,53.763696477567315,5.715342302830787
5.105108388587008,51.46063444861078,5.933809884872546
5.336283585900188,59.33435236463249,5.651776068045795
5.195891106601906,50.61679483736193,5.5673282586164134
5.888298160770392,55.80855091842954,5.935806101853102
5.501139454187465,68.42275499453747,5.80636664156515
5.645330727301012,78.57932748984575,5.579642808542538
5.47091757,73.478772,5.693558994999999
5.327753796322623,46.59341014318567,5.872497382721469
5.701629228645528,76.15257106073905,5.9889926769301525
5.2934214013665395,68.32326785968924,6.00618949122132
5.607832109923187,79.33665803394288,5.878822298559845
5.592633621165347,58.26826408504629,5.79773642291702
5.060063143740856,56.82284170277792,5.710651801413041
5.6555165064852595,77.21773570334064,5.867275436876923
6.010984552833522,46.283362841713185,5.634762844639814
5.61525286092438,61.00288079401016,5.470914198064441
4.846979776826381,88.62373600795601,6.105590178522396
5.277578522505141,69.63353686354328,5.88239142195456
5.4093014919064935,58.00033541422159,5.897433294979818
5.496316197307628,75.13819708826797,5.5199601946242725
5.801811890266481,59.850601055588804,5.624948960749038
5.2099803,56.10933360000001,5.813913299999999
5.605436617673958,68.3828638928932,5.892322635396517
5.469800011189308,58.83284015102577,5.986448319744558
5.2356922475782195,63.570612416289094,6.033541898306287
5.29128,52.915518,5.270355299999999
4.834624912756324,77.60739457290634,6.025026573334582
5.5097109,68.723892,5.986638145
5.435773073955864,67.511849913131,5.8414309333365795
5.3560527067939345,69.01721965245437,6.056131378690802
5.931545044297832,58.13786772308684,5.503491718027432
5.257677875690496,56.49740438924063,5.605300185327171
5.8163678089776605,45.401268184328345,5.461110016874209
5.674432665725827,73.20035301808595,6.06132169611311
5.883979573641908,55.3794316487448,5.611648843068744
5.4752527852232316,57.08233206082595,5.941343404876195
5.821584685548294,65.03074630681586,5.995658380651266
5.430923891286814,60.73700384939492,5.32954118328895
5.1260229633420415,64.72880830836296,5.833318689631731
5.233480342116057,78.93150986488091,6.151269155552858
5.731409326396233,45.628801685932636,5.6183418231845375
5.53730894910518,54.47997810572115,5.722901378920561
5.393337440061228,52.6313568798914,5.800509654174423
5.411209886544031,62.83937958637134,5.739119905660865
5.083588052659342,43.93290623362935,5.800573741336986
5.109414239168388,64.04208809908425,5.651286876877447
5.470875898589402,52.965036965211745,5.566775174523302
5.8350133563594095,51.51744668732141,5.556853506917942
5.768393963539497,63.94152344548538,5.654970988520276
5.641791867666249,62.86998574656541,5.999017872787792
5.742398502585042,50.66532206696791,5.73915429041814
5.759401035004896,66.71490946423495,5.616031117520514
5.325397029692642,48.64538026895551,5.952508437818741
5.3274726685361795,60.081607802854826,6.095718291974823
5.76674982395542,64.6489165190627,5.79764172277767
6.086886783742261,68.12764741429852,5.650389568201127
5.099247710699499,74.72906202669668,6.154299270236775
5.468533949845295,56.7354212258997,6.130054106483445
5.514592434549046,58.119069763613766,5.673264212857393
5.845743418178261,77.42683018715978,5.847640772228599
5.423238902534098,64.6206086850661,5.8083245482895975
5.450197752666622,54.1011868080859,6.10567089455604
5.3896556522074155,74.56869024516422,6.073044601865164
4.889142168523568,74.05310518432957,5.70866063152909
5.233137344118795,68.63266332669508,5.740036087956731
5.258396870974565,53.86112740428624,5.826003409453988
5.434328352496857,81.58099552160097,6.217131548976927
5.0797359756109115,95.07641426031661,6.292442269417909
5.396677487594381,64.67311241021574,5.973879771356615
5.094376390583801,54.028992111364424,5.552462865798219
5.16302001836435,59.422297986117755,5.931851627422553
5.474692609043941,82.25441103093534,5.61554414131825
5.774355652204599,64.77094392003156,5.692415733089619
5.52537370977931,52.82051504944932,5.685701774414589
5.072151041618356,76.61146533198908,6.035547111810214
5.522487274261941,61.48955410319281,5.45107832787665
5.383443319550419,70.65337715489181,5.284473375380591
5.410703151682959,70.64118539189649,5.866471885312843
5.854057206986325,69.58524708445763,5.989776695320058
5.4762125477004115,42.56429160369925,5.6350348629787925
5.45989863615948,59.25221139241189,5.894480102000892
5.149787247479662,57.57423563818685,5.539799995782706
5.786810873986137,47.62712505724914,5.799094971212906
5.67488718826201,56.23923993005166,5.540576197918822
5.459326756752223,66.67996170339846,5.9520314734413775
5.181921266829026,52.472684815434576,5.71331104323852
5.71525614,86.73403950000001,6.411873255
5.372326174041427,75.91162720843673,5.950118656541705
5.543216881805325,45.5099092758439,5.594196406333828
5.748442885504321,76.16269172396404,5.650862316236215
5.582860390271277,68.87954110728444,6.068136702611679
5.420638427657185,56.98221931527519,6.063353385215473
4.699851384440276,68.11772183442163,6.242676329749859
5.432740371191586,62.7709352571463,5.85369563579844
5.164978678332245,66.57087625851005,5.617854900915343
5.412509919369204,66.13896658784628,5.826922412839823
5.967147000977111,37.748368198864746,5.770944580865383
5.6704370367502746,70.05621665313602,5.746148849809394
5.533803375743787,79.81329648628449,6.2062142195507475
5.4112458551180405,62.324637992447165,5.550626935439191
5.856164161623859,51.581617397349355,5.719321047605973
5.458816409939826,55.36314979956678,5.831047867012654
5.221419657204361,67.45774308634567,6.0544335346194265
5.097042427919984,73.6016667713281,5.656367431753906
5.42152764,81.39329099999999,6.2905134
5.245717082877518,83.88698911264999,6.641093818683585
5.6510457715533935,68.74575570031875,6.009586452750737
5.586976973103571,49.32564662788534,5.961941625085413
5.629814540395653,59.8639677938996,5.868067796775294
5.68414071045095,49.826785649430306,5.6690119796103655
5.619331563044786,74.88874183067286,5.6468414946357015
5.692690671946942,48.74210583208814,5.637858404895738
5.713925821446738,51.15475046815736,5.680144946664917
5.621988605920332,85.88758633956992,6.3081557059714735
5.59854014388391,84.11851032461662,5.799889927019717
5.799148091165161,69.19211808564687,5.670932550703765
5.463741659297526,56.32160239836824,5.969874962024838
5.1680371449452105,52.144543789415295,5.50395942761168
5.1039723810173,75.55170596705028,6.079044932173835
5.219226968483564,60.21329098165244,6.01006245824948
5.598450266164112,62.073428887668605,5.6553760588667865
5.467021034152925,53.829332475762726,5.918420375189954
5.0337004402753545,60.510613258168455,5.7997508533460325
5.338434014852455,56.74641590715418,5.776744928371819
5.1897720742379665,72.25847039613247,5.4046087504802705
6.029455730337292,64.28119652611747,5.863457446103171
5.617855384788745,55.70129218572677,5.704231480806077
4.990750291572797,60.53249102672302,5.938479273910308
5.215629305660029,57.31007292858506,5.808701080703175
5.116946648271578,81.02823468667816,5.775041624773899
5.21349580130074,56.51430035410115,5.602833659062841
5.18188070272923,80.96169944752026,6.547698699868877
5.669543068579298,54.54921148063578,5.659047459601706
5.2052139637079895,62.36217344394564,5.772979499922246
5.170275920991689,60.67540857287293,5.7898855378194325
5.3594128253424165,71.23946882954836,5.976939192739696
5.871239452138853,62.994026175086496,5.938066574349523
5.506290726827616,57.28636890071482,6.179104113021223
5.343582280235014,51.54381875077748,5.686840560474145
5.236139288719296,54.97363952900737,6.2780546333405525
5.8939681380684155,60.142536796616554,5.797932911970727
6.003274311121005,63.080243754171605,5.645266154656026
5.578986630647945,51.20889650130796,5.6576064304112865
5.7078684,36.4487643,5.571083939999999
5.021611624447586,70.19424448146266,5.797592008471041
5.4392196471118925,53.438580120541154,5.5186687729716
5.378633218046781,46.60684668196303,5.5818392879599354
5.412566629589599,44.25021669674985,5.511471267136742
5.32150479237886,62.67008243362785,5.69118064475894
5.095605350759915,65.4896406060623,5.960104616892521
5.49220143829962,49.91796548804414,5.667029352058645
5.529335006477352,55.479523169705416,5.9139149438212595
5.11605843882314,78.41550219325316,5.9469295755257425
5.395236478656191,89.23187995479685,6.197664825949639
4.922165318699237,73.84238069130778,5.887795658528414
5.442468596052289,55.690094694147206,5.833005837811228
5.736653632108453,56.68156624304551,5.631289696703698
5.294912462226676,80.2349434485572,5.889398062368062
5.529223099053269,56.903123040030096,5.702112697990961
5.163151224969915,83.45151535660607,6.2944088651215475
5.584024836981535,61.08861640457391,5.635855359280556
5.662410973356521,74.60998100824892,5.956047953046665
5.626557875563221,57.0145138120432,5.141843024120253
5.503977996932452,70.68921775625182,6.249126290283883
5.551021458826774,50.78767479469741,5.906586736509445
5.677660050406623,71.97496030668526,5.6526673478295635
5.547708325441104,64.31591912718147,5.695054120408096
5.437820853672199,65.05036536817485,5.829544553554003
5.229416631193257,67.4391122191565,5.738832548728896
5.823912213261748,64.83894833931207,5.903513073182255
5.486039317243623,61.39602779182434,6.068806438536406
5.37859035,63.4290165,5.72592351
5.091292359124893,57.97067722293844,5.640138769813201
5.467870314849093,65.75536614192228,5.581889034851646
5.369858808727758,50.51841433750981,5.470891109845293
5.3248870869804,90.14790820964814,5.6258996372510905
5.472384460393048,58.28313401324653,5.7394644276227
5.756791334525998,80.22156660184109,5.930243499560836
5.149989665492779,63.25641866500848,5.964713899045093
5.732158098399079,64.12066517891039,5.666074918896434
5.4986650855432995,46.71065328187165,5.843103696321511
5.658167984396329,56.386691215553405,5.659924699741749
5.7915332438276765,39.91472951558494,5.545061793161758
5.592600000000001,43.5505527,5.6597348599999995
5.611864886917383,75.65239040852057,5.918761094084449
5.347076739429861,68.15832079881162,6.1915890244099705
5.758854509177499,50.518182577667716,5.944782213893092
5.094033479783153,60.194220378408424,5.890849831403161
5.882111308425352,59.20000583123207,5.796022449509243
5.351106163642675,58.691461511058506,5.957794339255926
5.401314747947248,68.58789078328121,5.771711175880623
5.645072200204671,53.41472505756919,5.645771939163199
5.104588237721263,66.6487603499098,5.924060871573478
5.394629894473676,69.06990741210562,6.200800168457473
5.31913495489755,47.50346307344964,5.734992886835242
4.887739497086224,70.49175802502947,5.788169251795668
5.832241938037205,55.118312043256765,5.8907617983250615
5.401720126647305,50.96547850103672,5.940732926943845
5.5262205,69.865749,5.66219935
5.448721645623608,71.98730105830693,5.9808646952807605
5.6422480529631045,65.41839518752803,5.847490541461319
5.594370463733553,44.16406442097473,5.779089550375855
5.138190086991219,70.30208826450777,5.941610873886526
5.403207916656816,52.695207165540616,5.907002312507891
5.20492823468797,67.88340427969247,6.1956320432567
5.421989377902031,73.2321832125771,6.390120289284736
5.57160728071205,78.3177931436001,6.072597347669762
5.155182518784552,55.81472793795862,6.231531335269887
5.443590496476546,68.53813549015904,5.970616773745847
5.577482694344926,53.08255054675579,5.505242764840125
5.077476899014392,84.66769348585558,6.410214339404964
5.419947516986871,57.357055964899544,5.974341062310807
5.694111692585475,60.484811929832816,5.887818901333675
5.319755582669969,61.12880017429882,6.132183421107876
5.065518239999999,64.450539,5.798918875
5.344463725412428,63.56044441268611,5.7817565327676625
5.714277176285756,62.86765957991631,6.082772403795749
5.675112375847816,43.45768187808836,5.554206159217265
5.766098794076085,64.66557785257548,5.794530443556815
5.4986872531421715,54.680152186222344,6.078319066655167
5.365845841292483,47.07588327678657,5.66124397783121
5.396779706121842,64.77981043529535,5.601491533786395
5.472630716898804,66.64457125475829,5.615092119852959
5.844368525267977,65.5880806402613,6.083057862887366
5.310129849508086,61.26256546723166,6.0263700249552015
5.244710539174766,68.88895172219753,5.995640893420503
5.692324770000001,49.252320000000005,5.58254772
5.42214703772838,57.20739773660885,6.3983509769025195
5.5090728243068785,42.36909394779216,5.8230936712501125
5.035645293349761,56.10095137154192,6.065347613798156
6.031440724759718,66.5892042755695,5.770967847928366
5.410967641405612,73.23237225441366,6.072854127169469
5.570281204022795,56.24965853033376,5.827355374689511
5.328252791449338,70.993387418593,6.237803422798535
5.207818767810374,65.80961002090764,5.857268447103188
4.885207082595063,81.42235005306625,5.923268919372535
5.295806196663081,65.3227874043107,5.720819657499087
5.584041395669528,85.5986196041494,6.132390761060048
5.395444374652229,66.07571375204206,5.674090343654358
5.459923633973419,59.481030379390724,5.9109466538865805
5.250663286425305,61.88009158892941,5.69743544569484
5.574279214188277,92.52295889285422,5.6165307754074005
5.254467508548215,69.40024917198569,5.953139064698636
5.448775035174686,59.84398466424525,5.975123225417084
5.09122997782813,63.77489317952651,5.539048101940192
5.496650894674302,48.32622372496605,5.8893932969431875
5.455492326370287,54.59001880245675,5.961698856573703
5.788096238333047,89.68940159398943,6.289942266160548
5.2714361704126595,80.15685576191485,5.906759309872865
5.498146631893498,94.62650380835846,6.3358251639206955
5.429305401670225,56.242336813819854,6.17274430609951
5.434442438299309,54.72504439633058,6.022583505926691
5.716622245300293,68.36475141710473,5.988488160427437
5.771455451830676,57.8056705720127,5.572333896499488
5.8150537702314855,43.26481833063064,5.783705091713935
5.059094234091922,100.49705209310805,6.160997727294016
5.624141190329075,48.092067466160415,6.116849784174204
5.700682605508257,69.90885992597615,5.788583931774053
5.819293657204867,44.93984779786497,5.742609907347228
5.535666866499231,46.9807143453683,5.871025864379272
5.455139057909489,63.55186692417907,5.719353272223389
5.297094794343279,66.73576182691222,6.052290115984547
5.423295638317314,79.8744474785243,6.077691432367053
5.45468913,70.113609,5.84194715
5.426520736947045,59.166559436112635,5.459251992838186
5.6460546108532474,59.13211168191552,5.761799638688163
5.55560757,65.538432,5.913135499999999
5.421150471001614,74.6476353677975,5.732185402600355
5.35470031854523,81.28740213791212,5.831789453130047
5.489981171732092,65.44845208947935,6.120226225052094
5.15431090851079,81.16374930125284,5.864440430874739
5.796710962441492,66.88733856050673,5.628283259726517
5.435914356160522,77.08806305980623,5.8208682046261435
5.2212417645789175,70.58185246744513,5.674895264691196
5.387527436745427,70.67376278153735,5.78018130793692
5.665604964396375,46.306891481007526,5.906796505343551
5.3794265919416215,81.18721581858998,6.182927379801963
5.453203220864197,73.5841365242738,5.566814308681381
5.370883606061536,68.87423215157551,5.818007987763596
5.145907321195233,74.9078164532168,5.921129119355106
5.546429222964226,57.35342879264866,5.672650235039952
5.268478602582252,66.30481213115371,5.30392870565388
5.582996630836862,75.93762573408401,5.965136031226507
5.615157594104839,63.11788329752057,6.0616380037822415
5.232231013078844,73.25341768977589,5.869180677149022
5.48762639006725,58.706934940823025,5.947327614826366
5.742820717349997,49.206321908130555,5.6267733117188925
5.867872546461386,73.71204973216808,5.915701903596374
5.550768578063777,63.14123090838551,5.9543837765477345
5.257490707232785,73.66145662080687,5.818064246814241
5.601762668876002,83.47760846337118,5.9744368789038695
5.671815195616123,59.52414285341048,5.941724302209049
5.44536635807786,61.268820492119666,5.538624145983431
5.7984029999999995,56.246827499999995,5.71081255
5.082037692395985,47.54589281675052,5.860529026025319
5.577315302725143,49.76657857016714,5.9482385904131645
5.076776465526579,75.8015005031675,6.04316543616685
5.70093267946925,70.36731425299024,6.204225647356903
5.8642209776744005,64.55591185507382,5.599290967791909
5.147389547556758,68.15718515939922,6.423832502882928
5.404189995830548,59.83420245438033,5.720561846689075
5.278625619917911,78.72640304276872,5.604575417903078
5.250812919092411,63.86298153953541,5.896100143091306
5.233370609095573,72.32621132791901,6.226088555644264
5.556308139677953,45.1643415534153,5.7464917949561745
5.506673801161826,68.06980395889312,6.041051848968551
5.735283030000001,66.7228545,6.196249505
5.9965971300000005,83.7498024,5.97933605
5.615633057146946,52.31966039269123,6.084881670922429
5.348242828542329,56.31185344085727,5.871330445616462
5.520703949540635,50.71863281268425,6.211819647225942
5.995730718919162,71.90768033940952,6.063430911128805
5.150772141289413,62.677232693491874,6.4011565910318495
5.4239364466513615,52.80655823463071,5.788301801338761
4.800585685583502,76.8259183727333,6.235632633267462
5.620786460008347,56.127833789999606,5.977664249232448
5.08838392333338,68.5525169083972,6.193330350618262
5.352077781412452,75.96749165797267,5.843039046261275
5.443994952940172,74.09467690561604,5.506159175538581
5.450637363991262,68.42671386699199,5.888846136468728
5.28604143026341,70.66779282813798,5.890975130788992
5.24029020941014,49.83395736007451,5.733443920614076
5.945470801887848,45.83011335843407,5.8391330138413755
5.66584764987318,74.91744187055934,6.402741699888309
5.28258234445062,59.55496309342304,5.748982337406868
5.5231773216699365,47.93190584607474,5.678105853614071
5.2797988946702965,57.10661751228523,5.944915955007267
4.902932971770916,84.50025799057508,6.375242821444046
5.651072150479183,69.72156571021378,5.708824999523133
5.341008670744204,64.82997085870385,5.4732606151406165
5.9868073920856,64.07346660290628,5.878501778841356
5.588089041783857,41.595649619354724,5.695820126744936
5.223263780515373,77.93008767721594,5.781682478958705
5.420709039044398,65.10474864478682,5.654026461226067
5.223967082178757,58.58581771598964,5.51100541077126
5.536574103352756,50.0274988022068,5.672601859345722
5.559043144080434,52.74647544663046,5.8697747587051365
5.281472387111321,79.71442763055408,6.128004329425793
5.385880156770615,52.89106101134252,5.619001314130139
5.278677088322198,81.28268151747524,6.610212352320185
5.2182459294331665,78.28137809618245,6.330868516368816
5.672264119876783,59.7697852921195,5.966132543834316
5.748718818384064,64.16412221381307,6.3613319070237875
5.746999162091452,58.33008637850612,5.752168592019936
5.353007378062306,75.90719910853528,5.997871123535251
5.65986996,78.26765400000001,5.98478421
5.130261917362153,66.21709784053766,6.239770767085669
5.138309587157168,78.1492251849076,6.383505678641916
5.6624337,76.6807524,6.5489358399999995
5.37131106,60.403518000000005,5.8411033549999996
5.412486322034026,47.10058310499415,5.664549409821225
5.748910445602337,57.72301723193136,5.64928523666762
5.387945875735665,73.85811703817477,6.203207865734443
5.521740094811666,62.16053282178492,5.708971230942626
4.935444609387552,87.42122442180676,5.6473191528412725
5.336586500568108,71.05302123392272,5.371360789906645
5.620708538650394,63.22002115016843,6.067523833593642
5.713160228031061,58.9689873349088,5.9082739928627666
5.571155998607368,71.80577772863698,6.109716641770434
5.0575026559122085,68.95844830709935,5.493153124472618
5.640987813903641,66.76979354048137,5.817963679217105
5.390835211286396,52.539286864920406,5.500351154667601
5.743158744602608,53.39835097359001,5.823770468416776
5.266821243910432,74.08800063185781,6.282570770714067
5.527225364914209,54.17182237338573,5.7389466267701
5.033638033345866,74.33555146921957,5.888646652758125
5.153759118119606,64.85726112385416,5.893604398809001
5.51874118985155,56.287986321266686,5.563693694246496
5.594668237052024,50.3762016336284,5.860594511644467
5.538965624183715,52.57848147773283,5.508663303509199
5.581887406746197,67.49692223706258,5.671546783595774
5.519235202803415,58.36684235253417,6.139144708183832
5.532075227861464,63.64722147693353,5.724210948129259
5.332552165570874,85.22845976856517,6.000861374624705
5.6968822660467024,58.16027797720337,5.772527046203381
5.565450811526164,85.41824937409628,6.099756909407011
5.465535344068819,69.27005780905098,5.927332206203207
5.514220117730649,76.5922566755131,6.157852706303431
5.803015896910238,58.18813607791138,5.149953333633565
5.432425645384339,61.148504018848,5.599985475142443
5.351769284920871,67.99704597420394,5.937088971445453
5.798979618176103,57.63338537369192,5.884964955636943
5.5497006,61.121016,5.685679749999999
5.699503130334377,63.042429790227416,5.559571110022366
5.271184998554801,85.89483010174274,6.177490789643526
5.4331473051858845,67.92000569154918,6.1679089843380455
5.2291544821372655,64.26992893767589,5.775550495009229
5.594926437524034,58.358192594617705,5.588114536900516
4.992947264168681,60.79405011997664,5.769180103307831
5.175719112484036,79.09689617270497,6.2894207269764095
5.2501850324765895,57.68271060219217,5.912248784065635
5.483205138521728,75.18742856454445,6.322479678560491
5.228903164713898,60.59242102428341,5.9606582112118005
5.251617051906431,71.10091344265366,6.010882448645705
5.73163441407784,46.18932567728691,5.591386914201042
5.472853858546549,61.276076450058035,5.885998257200899
5.5934910533786635,56.88100258286406,5.7879998828587915
5.502676616879911,70.50421823490024,5.9816973263591295
5.3608200230282455,67.41705809782266,6.211875939809785
5.514731513537289,60.405678203455686,6.12867863356942
5.449695196319014,70.97382409192312,6.338492233545774
5.3460249300000005,59.337513,5.501338295
5.517779632826895,64.72657328867913,5.585508221279859
5.634295955088038,77.11335663911998,5.802544493440217
5.631225641733974,62.1740339943561,5.9790682501064225
5.164668140662354,77.47636981254172,5.635866115399156
5.467313198579937,65.270248969441,5.859232591554277
5.5522460051602485,65.5093762729029,5.545307088364214
4.908852363832123,64.00240437481665,5.8251207090766
5.4160783063232305,57.864323067571156,5.832587774847865
5.70243197374581,54.70268624981696,6.123307836028098
5.220724187783265,55.159584210226654,6.018304186156457
5.87866185156895,66.88874002288843,5.7938287522408
5.523339332898149,49.83665025027541,5.708893040243991
5.431712267487722,57.7063219394101,5.948854959869479
4.879401776812279,80.81379648246646,6.460118314075946
5.364309635532861,61.0536866343635,5.3918748169941635
5.179902660000001,80.76852000000001,6.34818131
5.798997694012703,71.46741289146833,5.943112628478057
5.013626026019661,54.972175520331604,5.578959398410479
5.4109437641878815,85.53998963159817,6.312569335383971
5.590916244288571,55.408785028256986,6.2100937375764484
5.67388233,52.3966824,5.9715424
5.553617432042709,44.35847268794138,5.984684873094542
5.131032000256509,112.16038052746457,6.433300309484708
5.108825443529014,59.921065714719596,6.065243872520289
5.554482023242754,65.36639442269393,5.989825161190804
5.292199867100327,65.34752460951555,5.999837788689821
5.515357609580308,80.23870059419971,6.128316253381466
5.234528932424749,69.72109488039291,5.7593155038989545
5.8134566186736825,78.78704280681943,6.354882759617169
5.727932795522934,86.34544101244562,6.262785271608159
5.156347500000001,59.723082000000005,5.827822445
5.501806739930765,53.985454310145016,5.9186308269256385
5.747929172949505,57.19162869034793,5.7697207848272285
5.950972608823467,68.70003390996469,5.9520668152132306
5.48812755,68.906655,5.463737525
5.0470152682537295,69.98823571621442,5.400352357303552
5.597309402863527,48.3249481194548,5.895499496694092
5.19267659191289,52.46692213891768,5.57208150136801
5.939507404205632,53.23841631704786,5.608612995492392
5.332411096912574,53.19286115351783,5.838316042536267
5.5383540303346965,79.40674959903076,6.573064616740629
5.483863839500118,43.48025776754183,5.749252765206486
5.305324416187307,61.10199250224531,5.595387418432347
5.822321295721206,70.78529072384178,5.7558573806687905
5.565606454912381,48.99018699476727,5.491610375217969
5.388119211468261,55.2772464399848,6.235637867108613
5.516307530119418,70.14200876206887,5.642494668167729
5.307288928791034,88.29111990527272,6.524383921850282
5.8188406490262485,55.57600030582666,5.992810314984405
5.396335963801956,74.13857664901033,5.5734228763297216
5.303849277472294,69.02645425724047,6.014954168534909
5.2441045314489,76.61647548632682,5.780133871248996
5.3049897,89.70741,6.3489135
5.495198467659023,50.674814930921855,5.67993194858096
5.672827577924966,46.61312796567142,5.755943802834418
5.574519664534449,56.925645786064976,6.073724599952644
5.696735117257381,63.21200235201729,5.509751590278085
5.477511836101016,78.15163892567843,5.580216449942547
4.469813744169509,92.29142987886517,5.8522739691351475
5.432139818267166,66.35568990317404,6.3205482599149
5.601611103128495,48.53337869502473,5.444694489723447
5.615015574973612,44.60008248660636,5.8628278523110415
5.635694276838869,68.2392970461142,5.717117060515095
5.955257430491155,58.72707484520727,5.902695632264572
5.043544107215202,82.07526907407834,5.712459699056344
5.414860065423507,51.39611074018925,5.429355666385553
5.6875545,56.762340300000005,5.7443047599999995
5.4999100515423525,45.859958039140345,6.168389282875277
5.548200092785755,79.43541953121489,6.226454248310762
5.119000071404225,53.79216883144939,5.801298576466896
5.35772925,65.675178,5.672409804999999
5.653984951005578,35.9352780757788,6.206876341398865
5.444853596851163,58.35018019276404,5.845718350208938
5.1216619124073866,64.57953192931437,5.793737208681536
5.1943675243629945,68.05113331260699,6.202389552284619
5.20421716689671,61.03922343498594,5.7327090020851665
5.8794956461063395,64.70046039053655,5.696111048399961
5.305207910540012,50.4154237355526,5.538627433031463
5.521718684939002,73.78856884778023,5.822529381620985
5.344522508605093,72.88732403063912,5.934514055864289
4.723035669609749,98.52499390601778,6.034829636432341
5.6946109658314255,68.67737029524959,5.57438730075911
5.384194727023966,68.30964064953393,6.177124662867039
5.204453596398698,63.07032607923138,6.036294704770019
5.621899609063214,40.372101040389005,5.82085618930398
5.6946717,68.055966,6.1735585
5.2601113741817,72.27422339326625,6.095267870564345
5.4568161,76.886082,5.7703139949999995
5.373985721510696,56.019425046402816,5.779787048339992
5.807990090129739,65.00351288685715,5.6271667568372665
5.652771483114323,54.855927185041516,5.881989861278164
5.702573085092569,40.42734295126426,5.801622829396151
5.302828103941904,93.44958441688765,6.14946032621321
5.5062709492668915,60.86867407876092,5.829522274300033
5.487157185552109,53.68328895091176,5.9116209299048785
5.671175815963221,59.094689090742,5.949899567443125
5.648673018254563,72.35456492170438,5.539684363640972
5.30324388,45.9731826,5.631954394999999
5.627524618652987,57.4175322988338,5.842425201054788
5.446272378838988,70.71464313172574,6.270014406487748
5.276415429200257,58.36208009805048,5.878707111749963
5.08181111506432,84.91903251955763,6.618490572974007
5.35140864,71.1692136,5.9495223
5.176402714229358,74.74133542488384,5.811816841970886
5.402246882676059,107.06944985346728,6.232059154537549
5.465543221968601,75.43471549584348,5.850972215432501
5.343280235387146,46.22823750615752,5.473418062571965
5.622167470214509,63.37199555452966,5.6149697380955015
5.7398071037038205,56.65160589930877,5.5026205063977285
5.3083485897532645,75.05858469716644,5.8270409584789284
5.743354801157421,52.65417898945987,5.6152679395001766
5.575203394526615,60.12654417458922,5.731407454212189
5.16309666290752,59.64752392544854,5.979106388365325
5.318435031486505,57.59905539411724,5.44925312080819
5.4680120503606435,64.18910222550087,5.84303570663398
5.349577223440116,54.105180407947,6.057068739575029
5.751747433230824,69.35152847539213,5.737853162368837
5.531858358805592,58.49426770829297,6.147928422003406
5.639826127554009,93.27459088665009,6.018299815162653
4.911300682074273,82.377042901368,6.011562172704017
5.504702771404997,81.30392546136332,5.3037340696783914
5.359582003500929,63.790117408117055,6.017762307243608
5.220930011191661,53.16394366881779,6.042591582029132
5.724595043140539,70.50420312056899,5.6416528862020225
5.67923217583641,64.33651934656906,5.839672655742645
4.389007522465929,72.50062517965746,6.275105360660076
5.603056669639897,51.32092984946287,5.728167921982905
5.608173051120354,43.805464793796475,5.7346290530257535
5.760919388153061,49.66537172892076,5.639790009321943
5.358812581912613,84.2289020276432,6.070754931817961
5.337931772256732,62.877023246345885,6.002430389358205
5.450989692074228,48.365910430287066,6.028820275126832
5.316791244728929,53.89721508374035,5.8794957945649475
5.254524419597372,66.18582373480511,5.701415966618992
5.685101717367629,56.869561803983395,5.754602471183166
5.603518168849182,62.98678087157965,5.834704109767151
5.114136456831545,50.38907794742131,5.794222940832948
5.462666506845563,70.32242840933799,6.240342753966525
5.583061723204765,60.69896036378383,5.442290031824875
5.616039544832862,61.590939822034265,5.466124644125438
5.25330814284482,76.97754959979379,6.026192832255548
5.569194262082752,53.1082554930505,5.913109004920599
5.111308305083835,64.54431169951147,5.697424373369626
5.478282653062105,46.860904086254415,5.5321563474162465
5.512388433100691,47.24814335469818,5.742806121796389
5.3749656,65.452878,5.80043961
5.4442714500000005,55.322595,5.9976663
5.642602182140071,50.645111254541874,5.859335615877724
4.976860391050529,82.86304017072345,5.867034171092515
5.234458539272113,47.92880705421955,5.746014314679346
5.475245629106593,58.922775917598834,6.159060204642682
5.46464763,67.39330860000001,6.36699725
5.731480870939809,70.31050899229496,5.745887451965209
5.425605035932362,48.18241831909955,5.901787807077758
5.436203202639911,53.707663412637,5.582104489760554
5.523924069424131,61.861654255590736,5.8384735363526845
5.601221780537125,61.05938894603127,5.610691972250394
5.532133504822846,55.04487113104782,6.021153303328514
5.27066664434371,69.2560472106526,6.301275118958235
5.475149298596561,78.84973337984573,5.5485946785975875
5.47420104381296,59.23740288470667,5.510735319467154
5.527767228591504,69.14621365904779,5.718014958412761
5.717930332100472,67.9043789827652,5.807440560119904
5.21790245083531,63.209999638652484,5.915022117944791
5.286993175343956,69.90135056825066,6.0002211993619845
5.603808870000001,60.815538,5.74259354
5.445156215680111,90.48724726252306,6.078515934006152
5.95706094,69.82752239999999,5.7005607
5.156949819137607,77.44976211613525,5.672647103433919
5.146389468706476,78.56706607387716,5.89207114446671
5.4058658559627055,63.07899019329191,6.153214336953461
5.537594643502795,44.612986095582,5.5737380534247745
5.480297630215455,66.79961977325647,5.983337246257259
5.304700263810158,49.76650093354265,5.7497897768058985
5.752966766702741,51.560123990284346,5.609444258019239
5.700128188956129,58.41004140004694,5.993782656120029
5.513959369418073,66.0230735313299,6.030700139545112
5.824532777148711,66.88871188597285,5.380173373182347
5.568333688003516,69.38978407175779,5.463854614365876
6.119698814312162,62.44796728305542,6.147115989562452
5.190138146016031,61.26543358031526,6.0892392775297255
4.9770819,65.051325,6.0048386
5.359808464301064,61.14804849422073,5.560642476570112
5.407044636854751,73.94085782165332,5.1185367236568595
5.644346650954557,62.93954021375596,5.57379605749703
5.605709142396102,51.22280217564204,5.874230497322441
5.226527160000001,68.2210395,6.33996929
6.024157873577094,75.23841989361799,5.737017541364503
5.371203219004502,55.2323050605236,5.966996189345523
5.735868901370173,66.97302673368961,5.747116972090546
5.907597650031066,77.67054209422588,6.086213912159651
5.699962840741667,65.80995866594725,6.1079941602074195
5.304329027638531,56.517289563899084,5.106931640481723
6.033327129523605,79.54144869846358,6.353515051288224
5.474600603440332,59.6469965136001,5.407420549121297
5.302846940477466,67.116574777982,6.107894216982717
5.16593467633894,77.12171661832602,5.558210653102317
4.875560144610965,56.32130540508984,5.790928867489241
5.278746368228603,60.40151104809308,5.674259820037173
5.738447134097241,54.30093227127861,5.953834430379467
5.120937592756915,51.78149840149313,5.7287143799905165
5.413957468301201,69.40406120063443,5.623091520280457
5.340500841481669,75.90631960613477,5.876966652291606
5.465660151557386,73.68726578420555,6.103345405560822
5.75164656754848,55.50778361859641,5.490869835032356
5.4927125865215425,50.130983184052276,5.545522249964606
5.680456545240354,47.46717242872531,5.620003513227638
4.935418996383974,74.48061039439112,6.347235881331823
5.777175497161973,57.530511548447436,5.616327024522605
5.483739328676879,61.73748487254561,5.495371795262217
5.503540549503321,31.05001721073346,5.570539898445494
5.574534779942864,73.15692929848903,5.5569352598555986
4.9987054324204685,50.37802873456197,5.722222850756032
4.871310206535185,66.7903970583812,5.909199003892419
4.867149601668476,69.93992127707898,5.778067023333609
5.589994330210671,55.5904260816082,5.64818854410277
5.298909711058855,76.17249986583441,5.603453335389963
5.81076493706553,63.3907855873735,5.683963632628423
5.5557853726846576,77.12624872652471,6.275026936076596
5.30645439863137,65.52012919716225,5.944896122628782
5.516023865311801,54.74397062554968,5.8986427704467115
5.510435193389148,71.34068697694218,5.316268857460732
5.306737736987114,47.18691412615299,5.468297848347336
5.482252807687992,54.157292966737984,5.843407796591857
5.697401620059948,62.14983897084135,6.08690212578938
5.817006608330583,79.94165507225698,6.227037170311277
5.527476242772675,86.27519155060101,6.549571656464671
5.597532630206823,60.976284865108845,5.9839138600069885
5.428265486396956,63.50385314665455,5.905945833124315
5.383230353315492,48.71895196748729,5.804708744607847
5.613547429748774,54.952786835587325,5.545528820218504
5.482166006762538,60.05770017971767,5.942993502600561
5.388409689377778,62.26131271782553,5.561687500542955
5.102317846328947,81.63280508572947,6.204780201057967
5.4834689952582165,65.77267601868856,5.862746368343017
5.502061156278724,62.55655022146691,5.7899897016707484
5.598258398429126,65.0657559067783,6.04173561417566
5.438627370743852,76.20699818795491,5.782089182747483
5.143039608988725,59.39742367529982,5.632700708119877
5.724020113077735,72.28666531953812,6.01910277597475
5.533005229101813,47.80893484841332,5.96710444782579
5.60482769695444,58.79988311532974,5.726982581912565
4.8584711252346695,66.0892800638439,6.135595826759391
5.348472214316012,76.01421640035913,5.769917600801557
5.744951891655646,84.34063954980492,5.524747883914938
5.4179861541025875,60.70495026708608,6.0659763605566965
5.516230236859502,64.56760253904105,6.058951226473871
5.443911523447063,76.90266475126558,5.922856932082609
5.685953588282907,60.63748850793102,6.177972874913993
5.666613914288727,57.27280815320631,5.667785796742379
5.652681477657337,53.31849117990704,5.849748057405596
4.942608860882736,85.8957234070866,5.876644941983031
5.694659092252659,61.15505899868381,5.635121032071895
5.168320079599008,71.82732572985492,5.672937562694204
5.005363720282766,84.90535511277031,6.295256972072518
5.773300613794662,46.5926053867978,5.721104853816312
5.6672695279269165,52.580763026971844,5.796445232606204
5.470602961360757,66.45459452645075,5.834540834482398
5.484606170862615,53.398096267509466,6.00650946124501
5.440677161307478,69.04528935917794,6.08982639447288
5.1929356952792824,80.9529362050179,5.849779168905441
5.445809065587903,48.87391106829772,5.685700225316005
5.6647932455587835,68.54960443552363,6.157732002175783
5.482510932896233,56.91244415250955,5.809007374023614
5.379143467302311,56.02409373812843,5.569849402184884
5.521789688102516,53.47244666377568,6.140204233521724
4.877224945121332,82.850807301866,5.967760522551644
5.750310980828023,64.1865552509073,5.282205705606991
5.173637519691019,68.62154136247456,6.065858443249291
5.257981318109608,56.91026496152129,5.58428669079572
5.3759114054623165,49.34469496013779,6.175965902038958
5.224310852296448,61.504962363291256,5.91682695480695
5.53266675093612,65.40940614312686,5.869753167308459
5.40637245250082,58.8143558310113,5.755341331820321
5.385769939202106,60.90307614696872,5.71120866104571
5.2595442130319,69.40594483938885,6.035360765628165
5.577575017160512,64.48944179965878,6.233842013555193
5.138125835757584,58.22791078788704,5.732718647480938
5.879228140951419,64.52954409624982,6.07666981441409
5.638511050046724,42.89927214472985,5.723580906056377
5.341435341499711,84.86823374824036,6.515492524131953
5.677260385927977,87.49245418329167,5.8314235113882456
5.798338735224442,44.707931290488474,5.701810179279923
5.433264107780082,63.44839446262699,5.8541947505028755
5.48101785591817,67.81937839795661,6.337297749028563
5.274075361312711,55.092937013628784,5.557557031742251
5.161698779098725,65.96765641651392,6.020639022580886
5.290643150385427,63.484514704413,5.738060328555902
5.5908873,53.9656335,6.092961075
5.474317177529812,65.88455211801679,6.182826780203121
5.463134894170919,60.61835281751346,6.074823776773884
5.657794888444267,74.86697578285933,5.64412208710885
5.2483511791706565,60.48466068637647,5.423968115764048
5.608823341349137,49.68125511902622,5.871971781927964
5.417134713946162,64.43742340085149,6.0597076946166055
5.129266806918668,78.94993284117936,5.830495203063918
5.438760102623272,59.36184898041305,5.744694973611603
4.956837792417544,66.0995381663985,6.2336319585236
5.6721168,61.364484000000004,5.37665885
5.208005040913026,58.04789725720278,5.540932649899
5.794020038372278,66.44685104006011,5.847728571509138
5.606407680104354,59.45899877189368,5.956945728444755
5.104158054960668,106.72188311238087,5.866996938741981
5.397430217997313,63.838313488525436,5.789613630938364
4.925990402725029,68.7854368207202,5.8870584387783556
5.679944908922628,64.42637946733927,5.52341114537805
5.717847507272172,66.01749047176372,5.989294173616061
5.23770297948217,62.41525487414062,5.733623639536196
5.558190437595634,103.09126108715057,6.403281806693554
5.457070839690822,60.62128480797449,5.9615846944173905
5.866173427809143,56.21692594822363,5.618516793908
5.066891892987795,65.7770387348997,5.549249686519885
5.93559226650623,50.260896023539395,5.8695166299195165
5.3825537657755,76.91723609235835,6.0297190356714925
5.241816769038146,63.062585376331334,5.753795976488712
5.31554261521101,89.70598919009029,6.478515510729614
5.38243173,66.880278,6.2947872
5.76927779012788,59.24019330095565,5.839441535455905
5.161793633591031,61.74647793062383,5.635842882769605
5.7361458901041695,57.626928660016056,5.930334244223348
5.6159001,83.503566,6.39242721
5.524832587833524,70.88433351108492,5.195618657390028
5.228409254022122,63.57868873703956,5.935354648893118
5.327607921133409,89.63274837445688,6.423503480261619
5.5547910676384715,47.87878157657604,5.844683773055476
5.297840135086209,71.7302704750508,5.890711116961248
5.392786952895222,94.7526776586643,6.254666436841599
5.108094215021771,77.04637156682688,5.386472890520045
5.422409547544539,84.12129179260641,5.860489816745678
5.015819517246356,70.19313960062027,5.714472521923497
5.636961373321175,63.47137020354248,5.655026794822049
5.23320908068924,50.63688975562948,6.151708426627537
4.557307649243084,94.7810497046514,6.472998820064494
6.011573789439238,59.89029418991321,5.845481294456496
5.56027366147616,49.525203831272485,5.73547629586555
5.879376,58.9789764,5.49212625
5.468080914117263,61.144140334385455,5.817533953994432
5.336107493093068,51.47814936069089,5.9975469354446735
4.9313436676314355,90.54766078431702,6.260770810976458
5.606331959428883,40.89711207573341,5.791249333431533
5.193990694159418,56.12686412868738,5.793488501716405
5.594978964162104,71.71646954533189,5.618161126758181
5.781052974014309,43.92984850965285,5.747796214617788
5.1810317609137835,52.769415595475756,6.127935733573465
5.7601030937844895,54.64557017972987,5.729034793151239
5.188938748409173,69.00344753771687,6.023136154040574
5.684278537645489,76.12394450414897,6.158414114777074
5.64040956194408,59.73053360215116,5.541869416272248
5.4219004876673935,62.15658434739321,5.606412031628975
5.415374036593938,62.530153847698095,6.0448824998810196
5.320567482603135,68.77305098376775,5.874386622096181
5.633000762647094,59.03505077434068,6.056371187593052
5.373788460908085,73.5759536564034,6.053153469086633
5.945721013331127,58.815815678798316,5.998575241244508
5.394674636488969,87.80999211750657,6.1049771138859334
5.683224013510355,68.91076609160422,5.836503538392636
5.344634717465884,48.043776425298525,5.458557054086023
5.86443097793315,39.52728947379836,5.727616834668965
5.559131249584279,55.49000831872258,5.619507129626739
5.384137377230597,85.75803143310446,5.786317862037995
5.45762916027925,52.2880278046875,6.138172626029849
5.521984214526627,59.651734518287654,5.658161247363272
5.436706640431663,53.15015685306937,5.841592768611572
5.353162720905191,58.60156577620565,5.62690151837275
5.470882874359811,53.67157579629779,5.6992167980919834
5.598335513976645,55.20303578579187,5.806461541624902
5.370371886160506,53.13517515451275,5.555476988928632
5.031810923791563,76.9549080538368,5.984136881362075
5.496185772799599,51.23102737857937,5.435251164341015
5.437609380355704,51.144067161411165,5.478987488915882
5.401629581073267,44.75913539031839,5.829331328125978
5.529843616358938,64.1815859754048,6.053801170736911
5.050259759276519,81.51218126973866,5.999029387940812
5.473275012496135,44.22233308574587,5.841032077877401
5.906673856218704,65.78684597702224,5.882877574607551
5.140238048654312,55.02443803537456,5.7742602732387
5.915771101107752,59.26009502667295,5.685741475521165
5.392121999376297,64.41947067431403,5.910689104774503
5.39557968014127,90.1857418622673,6.553290133183224
5.378555002787976,64.64590612439936,5.7995978879695835
5.8778087517241,82.27995625703359,5.734906633507263
4.878366001254273,83.15108811813856,6.247238586512923
5.370587859397974,61.21856847315287,6.116764679617172
5.2603816875303275,62.00089003919149,6.016114292746679
4.973609224409938,59.11381537715494,5.627850901331801
5.568176773753154,45.9846501090886,5.906033874244839
5.413231941157867,41.32587490011799,5.805520965238171
5.277396888327563,64.6101235484587,5.4214948888769685
5.180043643194919,86.87425882166862,6.129396971591215
5.724015049086512,75.39785599340236,5.7152181911532605
4.999725274500847,60.56175185074806,5.809668831153012
5.33619319260247,57.609623062775796,5.559651890834717
4.922374276901973,77.39346555816536,5.821207283954447
5.880589380340085,61.059642055702206,5.793863888019776
5.49413052356691,57.034496271461286,5.707727334302932
5.436833472850269,55.105228348294375,5.9475811950376185
5.518855011097026,38.86066847400556,5.891054730648582
5.803905856545029,60.13481897700907,5.824398634347194
5.360317473956799,56.32593643601963,5.96712159270894
5.6881206,61.069413600000004,5.9300666500000005
5.108655132815051,54.553418897215664,5.804553944921064
5.563212607966062,63.55457194073278,5.690578188525804
5.16934206,67.85516700000001,5.9754558
5.501793555388737,65.05511541958332,5.777321480934322
5.29859825155974,53.34776383060786,6.006987837527663
5.32260774,79.89265800000001,5.7530554249999994
5.595405304778726,65.98706962372874,5.4907844111635455
5.256876682958824,62.57025262907669,6.190069990592298
5.837870123892339,48.037823589830694,5.631362949298748
5.21475791667866,51.13061680264577,6.186445431346339
5.525840220107352,51.97351756619435,5.978586488676177
5.485190705038641,63.79695642199213,6.057402864688977
5.207795923060101,66.5354294976192,6.141554225033107
5.649217387066436,68.75324687667373,5.672455493327656
5.131640520479882,45.40719525663749,6.000715050973418
5.506630818674713,60.58323051162422,5.8576715518434535
5.774706038244367,53.38872035357952,5.575105008641556
5.563806796290922,70.01521550447059,5.344101468961994
5.843874789170485,58.27401901533795,5.8537384100615135
5.6647079630838295,67.17106691890041,5.6880564995185825
5.517390928862107,46.44359376825375,5.659996430810306
5.044456854303443,72.50200281800568,6.486213101063966
5.342457891984225,98.07026344425392,6.271124505879194
5.488600147687725,50.45607238776383,5.7489857272443725
5.357373030000001,87.950142,5.69051965
5.259369518425341,67.47699542841232,5.983939214731748
5.495870231498787,53.54198220215507,5.8123026900053025
5.62973074694618,69.24827361966395,5.982869605968746
5.655522876735744,47.924792095686456,5.767628431332147
5.297065645188141,69.23017674356156,6.22905324328289
5.4059219036431605,59.42667040873682,5.8660666893395375
5.086746210720725,64.96128308085049,6.107707897940769
5.499056354111484,71.68539052589779,5.819210066597371
5.488403071960523,49.29454423852694,5.8380388855971574
5.392069992359447,68.87503650533945,6.022541691782158
5.518712259244787,58.872391304616734,5.826578275412997
5.567907170543825,68.45792993302167,5.645696370711305
5.479336614952093,52.85902126378555,5.430708162396702
5.829238208844138,45.82306412779317,5.512657103877563
5.365241823990628,54.45580012857735,5.738986255309433
5.440480992679286,59.57114367952883,5.876907054952814
5.492377832374245,55.836978772288624,5.801615002206046
5.837755406190076,48.56039886026008,5.69835414378854
5.730882015211424,68.20713387573659,5.7354900199096726
5.321514383325577,55.82112249009132,6.012311411062432
5.765487499116281,73.4426362686522,5.770673131876582
5.527579139854054,51.936320293670896,5.745972965888488
5.6035508657529824,63.92264525415802,5.855276829786019
5.55443185962191,57.91505080759841,5.571666627980189
5.044850507195485,65.52846795991938,5.951524516879177
5.490166877669942,60.00265224805534,6.007877147605834
5.29372155883466,49.04096411777236,5.525709118284368
5.6074198414425895,71.68302181140798,5.834226193318798
5.489040296859349,72.80531841860402,5.725905590820905
5.732360794484425,50.66465369262328,6.07047743178764
5.595806523019344,70.83759117477297,6.092961507100426
5.042975992360857,42.36136499616873,5.628641504438262
5.269219989664197,58.50558274669075,5.834952687469113
5.48493382073146,50.23234917689338,5.799361361985612
5.615768398531025,50.32721239034289,5.913765767335832
5.421072113729632,50.83807496044087,5.68667013539246
5.487554739585301,70.87501607134875,5.629625130544079
5.637106779083651,77.97193664269561,6.233848277891131
5.513882334720956,63.1509264370163,5.746683080801725
5.119112181961156,76.54680640065365,5.757224725220237
5.902230395952761,54.476955878800275,5.7878900976792105
5.135999194538354,78.17231247648239,6.39191073899695
5.814815134860335,57.146440999660186,5.992665018330339
5.576814674978375,51.01614251383036,5.31763678393226
5.2907653381861754,65.72582925806344,5.6402381154551176
5.347924647982692,79.73385287840712,6.028155395137588
5.399800195783022,59.375210947107085,5.67216910761801
5.234212302370819,58.38039670211697,5.981057827098254
5.349580970955125,50.4734469587264,5.761403575671327
4.9327784999999995,81.47725200000001,6.04682282
5.406769544537079,53.5814271874031,6.099740554878307
5.554886167015031,78.28212328946516,6.537840415460504
4.778303261518154,84.84197793320334,6.715378319448347
5.11772961052133,70.07615711511781,5.568967523405498
5.659942836605447,64.16397622164058,5.838382690415442
5.2301696366863375,71.51912896054435,6.334110076663553
5.508396266017038,79.85254170754284,5.893389634666353
5.4623595731820025,75.08319879420975,5.508796375803424
5.42089839961431,43.25173695091438,5.763075401404977
5.793140862780504,71.06793653578306,6.05555452538777
5.036803934513754,75.08946336758751,5.421793839417506
5.451459698175305,52.17267875604495,5.86084649458921
6.030366558188427,49.09948243001586,5.731425353287865
5.511645590294802,53.809043308746666,5.576929935925016
5.259806108674541,88.2499906756525,5.8323358407778025
5.28051123,52.544880000000006,6.0473190500000005
5.968699934794808,91.07212890206337,5.581264585803509
5.685916016247854,63.64744974698353,6.0789420937268845
5.542585455890751,82.73723457382047,6.165779879197469
4.962682433523745,77.6064514916554,5.891579649894013
5.490467463619268,47.906806972742245,5.530189831691116
5.550640625894631,71.20075518683576,5.551866635203648
5.6030263598178625,70.745045775218,5.957682162484979
4.682666128337865,71.22426720758867,5.883496627789668
5.360130423887395,84.56725328584861,5.801631070130205
5.709319048602169,72.04349640407473,6.036678315392712
5.5406624851322235,72.89094137793244,5.983914841201797
5.830265958369542,62.5498864275434,5.741357921707896
5.694464640804637,63.612385430234845,6.297131278209407
5.83551713331009,82.10424534301441,5.940346660936109
5.059343068053627,70.75990814899464,5.728140282009983
5.77946653862164,69.19549357759857,5.790651244515032
5.480855958690632,63.96935731703068,5.808643056785479
5.480672222970555,50.94070897366962,5.415461069623411
5.66852547032927,62.48895631078386,5.912018247482896
5.544292609356093,75.30475393362237,5.974865768012405
5.344079101671368,56.943882111114576,5.6120015635039
5.4463137870580205,69.87441296143194,5.501298596068776
5.91256507659949,69.98085220972168,6.2531901858185055
5.399379190956745,52.93060438074136,5.919924517649405
5.646756703969896,55.6157358832844,5.394094617375988
5.432052745766551,68.22524593790092,5.904871440021885
5.328942070551503,78.03640881947834,5.606038420371418
5.609826032981285,67.03958377181256,5.541492457743949
5.813874892893246,72.69557055155755,5.437644365539906
5.243611768393601,62.80547648448134,5.666157031709341
5.747138779569349,68.03535712126434,6.104466127977752
5.668450620162656,68.82005882310891,6.119160457456731
4.94749005723241,66.6892157165941,6.577911782717585
5.508450947280359,50.50670595405245,6.085992925756479
5.411778216375262,51.952897176858556,5.673068036865122
5.545879400720775,67.06495937858045,5.773837370380447
5.064466969568908,93.17029463859392,5.5606753188567755
5.972674274024537,65.51586194252265,5.449581269556797
5.542530097427714,53.862945777682846,5.92783343968242
5.262195234218216,61.97497930413055,6.145223029692269
5.462228746854258,63.52633041983021,6.2079634512194986
5.46428115,53.271317700000004,5.93294169
5.509116242932307,91.99275136949754,5.8459311942347165
4.971486858970966,84.69876314531636,5.941228327300057
5.759880588485018,57.76867550397521,5.521649097347622
5.449934235458738,68.96737689985275,6.061414834000321
5.636621711780863,87.95096169598548,6.432047422279614
5.611593619251461,61.75735608808708,5.676690955722075
5.14185435,63.569349,5.77957075
5.787477608299067,69.11213274039494,5.76364241140099
5.321633376706485,78.98772966180526,6.484948827481994
5.279622577016939,84.71052826626955,6.557227749864626
4.945605725794845,54.073441055484835,5.769068938862768
5.678798539585819,52.48127179792456,5.649644285873906
5.452440207131973,71.1393938758151,5.969893993378765
5.57683086098209,65.51258748239398,6.082988322512061
5.423423472751533,48.03274010264336,5.691817762503334
5.392490567086945,50.51618705499244,5.749973921639633
5.824245368769765,62.49319543060613,5.432990912908749
5.668003515941811,41.362694147816654,5.568706335372209
5.30564776529549,62.31062450479436,5.707149870389217
5.529929401138065,62.60748658501768,6.102515249549035
5.743850231591463,52.472630935492276,5.3816635901194
5.03337381699256,67.9370062324295,5.68537225130496
5.22568647,56.8412433,5.799718299999999
5.3021680265415965,62.71783701220429,5.894429750816941
5.2804435427652985,86.36741454311398,6.265181419303767
5.250687050606524,69.29615366088653,5.984800383608889
5.673865161273308,59.142767118322254,5.7532792622811915
5.20684884488356,81.26353859670972,6.028147616664085
5.071772514483115,70.80481859229648,6.177653206401813
5.386991359575563,73.39615516039076,5.589393488971516
5.638860601238027,55.94615637086874,6.137094094598427
5.815069632801306,68.16104710846108,5.728522202985911
5.162874812885481,44.99187476954074,5.924763839791322
5.128112820561346,107.05258794128167,6.459675841942613
5.27775467787235,65.09624638160098,5.938752176824534
5.416353556785011,77.51882151840256,5.9665328270415126
5.442247224383194,60.03403557830716,5.822433401187595
5.606900147229791,63.02802227685061,5.477303931547451
5.7597950246977625,46.00684401579499,5.5703289451994005
5.189350763330121,85.30790205982716,5.98128627196104
5.829075327239704,44.174749172207356,5.754821681913996
6.307388191137278,70.64380758181142,5.953899776746773
6.138279578262755,53.81988507617816,5.485959010083596
5.485153771245006,71.30235583267951,5.907303423469798
5.395332523805817,60.602554593879425,5.412200778359477
5.196149761905885,51.084162347505426,5.697282228986849
5.69795355,77.0550156,5.99550815
5.862576388450555,65.53946485593903,5.747701910643013
5.494697184220147,75.98646128749952,5.976973319338882
5.269625759722889,61.374976523902866,5.671642098862119
5.357861100000001,57.73475700000001,5.788112399999999
5.786467929268241,61.95993758272201,6.080348321089208
5.521414751608975,65.94387095673633,5.818149170956203
5.798190135577024,51.90974166169936,5.800600526118131
5.675781709400654,68.20104934714735,5.480098304811087
5.412416049785135,48.436348401400814,5.805717946562501
5.380559714406796,72.53332768607783,5.498867664561975
5.640425499910524,62.48384214286017,6.163854014859054
5.71674524818781,51.603682133988386,5.5919424730413585
5.375437944414443,68.48255400879961,6.023432253764669
5.305022548560714,83.75922400177193,5.9492636549337385
5.086302459097319,70.63386520058236,5.529955921818362
5.96536066857375,66.21650110866189,5.797283826116607
5.854640997183306,66.85020473126507,5.590382564802041
5.6074642090640445,60.794776796775814,5.679682517631063
5.69996253182435,47.153148972070696,5.772362994572401
5.4583642260216925,51.70440035744891,5.957906010742698
5.523113208640392,53.32418801705699,5.899616988909191
4.954550751862854,70.88563278600937,5.706088816698203
5.672526062164725,54.23257869337921,5.5268463602857585
5.4941456126786195,74.43087373157084,6.066218674677164
5.034519979299474,94.64050508892775,5.821580110408232
5.670203030746782,70.46081733075356,6.361979411001045
5.654415804875172,73.01002922043133,5.351984043901677
5.4006480357670785,69.29775945894093,6.071235563860088
5.465789240576366,52.10255154717382,5.7733577189623615
5.640734676139846,49.25663322524679,6.011121300119765
5.354856900000001,65.8891296,6.00686245
5.576250349680662,52.21803026536655,5.520635695058703
5.570727603426188,49.46155195333775,5.957238598990708
5.428969445560148,84.80455163720953,6.249390866061711
5.195796310028207,79.4607888663041,6.1758449513313
5.8824679726810665,58.79402614832208,5.931985962304657
5.7019112685319895,75.90071056142074,6.224456305849576
5.2962822,60.13503,5.937890475000001
5.422946847868797,58.84949774361896,6.220437635736227
5.397961812663511,58.83857159164274,5.998505322115115
5.801156260700375,44.54108816019605,5.854809832037769
5.076356404489446,57.28841117318309,5.659270296794455
5.045352276319465,80.35979119146427,6.314500307496915
5.63549874420802,69.50842441458649,5.673004491138165
5.4364195348584206,60.947666495772154,5.975882241038584
5.255629465663433,73.72481397694587,5.73377276722914
5.487724981718826,79.75505964098436,6.026239791933997
5.847546779806852,72.4278112908994,5.60213569547221
5.6011832915191,48.181721007498794,5.6741204066145965
5.446473889321458,50.166868638597045,5.418639841996866
5.462178875371295,50.89180358133407,5.935738699288967
5.3231148,61.493499,5.9547348399999995
6.055817024193924,92.3157389459989,6.0556896363531605
5.479860345186192,58.11453314227045,5.748049211333155
5.37353475883131,56.60831318406522,6.009598370894066
5.042260320820737,57.28589120725429,5.790553288262123
5.537363600175082,72.0310103112731,5.936933378422495
5.64913319860363,60.36277239626884,5.993580508692264
5.205885639810848,75.28989886799812,5.873216930608749
5.432869855214304,85.66316398204506,6.066983553496516
5.6220075,49.043313000000005,6.088265249999999
5.176572959169579,81.24625272604442,6.055457357727476
5.581096921913432,70.00546743830681,5.564190924704552
5.126197394281512,88.44290741495938,6.3024114039171515
4.73749506628895,101.58283055408788,5.855199042129796
5.432443557314816,75.2111967724414,6.076383119698358
5.360146927333831,68.47019516491055,5.939980804940644
5.400014219687337,88.31280493562144,5.748449946424048
5.269626780805045,71.46488173428028,6.451529118273214
5.464558903780695,67.10814222134185,5.968184333598354
5.287910214457031,68.54251008103483,6.266488624791307
5.340038576833668,60.20155005062878,5.231194928818405
5.4966705876270785,58.65778249627608,5.779128872088121
5.46185692077353,97.33395482345378,5.826186232935169
5.038795727188714,67.87733129347265,5.949850426166123
5.420320161138062,77.90027278359452,6.661367432139081
5.8616848568641124,45.316033807198814,5.771481068839703
5.543890451295536,52.553269890876024,5.687340195383728
5.710107783963696,53.716942603635786,5.771595842781427
5.855224811586249,47.40556041232301,5.831409726519506
5.581369595810185,72.76732288228963,5.706429393860358
5.310964744154978,64.34109122673941,5.819092713990022
5.617759911738512,58.32694981595349,5.69978335368299
5.458194619705472,55.01663914675527,5.876084918983234
5.132730431650543,62.49709986728667,6.049941804531813
5.26793351992454,54.45368922205427,5.461885912908263
5.328960970076478,82.63453195085312,5.675253601373588
5.471941248717702,59.07199617365509,5.648125738228863
5.561152534070474,48.60160370942414,5.851452004527483
5.090495271110354,57.01042118328584,6.0300000293184235
5.247903780302486,62.971697521524256,5.960847572589934
5.794498838375449,57.071469077969404,5.680232329747334
5.6394933300000005,73.2822966,5.880657
5.693312219371795,67.3804437207408,5.991139352520847
5.188458899565518,62.083544021419286,6.03271153347075
5.4985242277375646,62.317596714418,5.825416306469976
5.320635175733363,61.45473752085923,5.993193410353741
5.568817831927389,52.99395615868575,5.6900158836521335
5.335775542822575,72.55337425907183,6.200779678461409
5.252914917180876,62.30428826712113,5.579405146410288
5.100533437794959,90.7958220131693,5.954945926368939
5.372860480379378,54.66031921891563,5.813014900510881
5.2900618149640195,67.82807443598199,5.747819489614364
5.4637663592037535,81.97753380853808,5.88892173052273
5.549700981606227,82.06793080131983,5.754582282612682
4.970841010778701,64.88742667194951,5.991974240631808
5.448545585943264,61.096402585106915,5.938113728918599
5.703311026629209,46.94883216557891,5.478744535767931
5.387698498614907,64.78738202092981,6.060877272546526
5.418239912046719,56.68890310444164,5.848050972969828
5.260888928205329,72.6883743558467,5.948180183590476
5.611519494617939,64.59806484505654,5.278481848344422
5.703492686116505,52.41730206963539,6.147430753393161
5.733468359476596,54.36431461451192,5.813184643127387
5.456654284829475,63.79439528727207,5.616094612543889
5.599050718701893,61.626122570806146,5.797810055665232
5.02394693290599,74.86053647047204,5.671926657619772
5.644858544276667,73.52051181930733,5.575407025672317
5.4742276513767365,50.98634179240489,5.562222686675055
6.184199192600977,73.00916362147255,5.5602864878542135
5.651178745575786,61.82477756694961,5.862381789793732
5.455261588147927,61.937846836353295,5.906957081992817
5.816225747789109,43.78075565044354,5.768068222031757
5.386180532959938,50.907466777388,5.755724219646587
6.138840946514558,52.95112655309043,5.852930525782156
5.607338672981358,56.84413533633251,5.465719161980456
5.496734266553883,52.87874740298205,5.764532708475578
5.7090666544479705,70.7015861478314,5.929293026201272
5.479966480929042,62.69575913041091,6.1120007254294215
5.619995096442111,67.35106993661446,5.8513100948098185
5.4115084512122245,53.224567416979085,5.4429468758448225
5.678517376931941,48.07332123078578,6.034510267528102
5.172311043413329,67.0963079857254,6.188936638441682
5.709257385688133,74.66565256682746,5.656023964526129
5.585505435572683,70.94362614601565,5.736108201820552
5.425351753467977,85.21816770330935,5.95386634024187
5.7447176240265225,71.29378794334919,5.730378659882231
5.626757795611731,57.244903804051916,5.337552543494195
5.4633132,64.047339,6.4438959
5.403721099523371,76.93842547928698,6.230690944081657
5.168447873569393,61.66311229342926,5.999537540059881
5.548721035702491,62.25285388667387,5.546442549882891
5.623209471702814,50.39143075747657,5.568201677703295
5.8915361731267035,52.17564841881955,5.942856442568132
5.216214951007997,77.51238750716611,6.0549216665609835
5.437191621938842,69.20194773761665,6.047694562135256
6.039370349162807,57.02476846590672,5.902456130364895
5.46928088830255,62.97716025425926,5.838987476238601
5.133803820015663,86.32800683304247,6.314713531923887
5.669609475096679,66.09909687551402,6.074956927798461
5.471850918807835,64.39965682186931,6.038130723494932
5.239883334937641,94.14488697314978,5.663267526451603
5.5003443770046365,61.43178035309396,6.059313865807928
5.395657245872192,59.085030130437374,5.794139132563636
5.552967837379592,54.359419685310534,5.648368167239549
5.787611614944971,64.41523706346274,5.858640477836638
5.31671986563373,89.49497577810538,5.942475562517189
5.74833828806974,68.90421645633458,5.666509759602994
5.56469823685354,44.29844129337698,5.603753748942897
5.511778956402207,75.07426537206459,6.027462980843067
5.5991494688201255,101.84592094658016,6.308869220054358
5.351743466716064,75.91695063611878,6.224521588147083
5.836912290946981,63.244395926103465,6.133838963277233
5.27110245,67.27296059999999,5.6530720500000005
5.6213231258500285,60.20420382670463,5.861797533699692
5.6234446851834035,50.624391017448666,5.924338210834535
5.268589278924858,47.1328951214881,6.014672882651299
5.767801372087002,53.62479252056837,5.771691117844617
5.480212810704184,80.63601794449902,5.793209464970731
4.964169106675243,52.45365624422109,6.018096476266271
5.207086005059144,98.94064105998262,6.333434661941516
5.836144070198154,67.38811104636478,5.807928995066157
5.309135325756264,68.41819849845504,6.161216244030237
5.202588960000001,84.416067,5.609744575
5.491939536371678,60.28528539925367,5.652923699460089
5.164562583579,50.86539518319247,5.842943800686041
5.907355630177295,68.42343700711413,5.617324248910981
5.320239784781341,59.49029079138451,5.879833335897713
5.3491088116203125,68.46092730198805,5.822010044724924
5.197974379380423,86.13066365443736,6.2278688170059775
5.939190016748142,69.83728319113231,5.874659052862433
5.579900404610952,61.91240734218085,5.77346034386484
5.476966409025568,80.89585203317732,5.843731516610944
5.456470921432615,68.62702853668213,5.8881155396916744
5.56151917568779,40.026956369389055,5.558931671333671
5.369316324548841,60.740677459008104,6.239474051371738
5.600103040880145,53.21200222409142,5.896194260189166
5.120398055214714,74.71791732364673,6.1052758439011185
5.758634021309375,54.391717091765045,5.442731534205407
5.2110741323543,55.40077657304477,5.7716664137052245
5.595782114392845,49.83303046972817,5.659796378755706
4.864640706605887,61.31641061708616,6.034483539292589
5.714375181206524,54.48692719534711,6.0290562414954785
5.444307274268692,66.27003628041155,5.987432410013661
5.273386460530448,51.86807506700466,5.387978073720742
5.553775836781203,74.37746209258246,5.4713013075497
5.65377993,69.13722600000001,5.94021174
5.458060040678606,84.69811538851529,5.714601553891125
5.662016451466738,68.73600365431103,5.545923808820122
5.609306901062513,51.42488510030332,5.967428844415084
5.742955037319532,67.68274860424519,5.809379963775443
5.206740832414405,57.403058500827115,5.777408058847356
5.3837684999999995,48.0012516,5.3853580050000005
5.179265501592088,59.72959595695222,5.660519667207372
5.7748868031567335,67.00077931829989,6.0591362383889855
5.57533017,52.780929300000004,5.761520405
5.14676264800607,76.17863668671227,6.058449578280752
5.973284013568869,58.52369865521923,5.81362201902107
5.478246,59.35887,5.782519995
5.339442806743931,55.17298082822495,6.1245152355144485
4.904005176631701,74.83744634722602,5.632381644150109
5.615676037191152,50.472270334264635,5.677297534716464
5.281907701342762,54.000990204483095,5.561086488247633
5.531218346527243,53.88232372739409,5.524864827452418
5.328655200000001,83.361726,5.696207254999999
5.191729463007117,70.12877486666035,5.639197233940262
5.735666714410972,59.040896739763355,5.935882881456114
5.766047765667617,57.6587766562143,5.663665492495105
5.255443886925226,66.13281225073099,5.921489805600137
5.431556427740622,63.31443504517698,5.6079938739957855
5.221238815879012,78.46184845517637,6.051483012788057
5.950961536458984,51.894583875247775,5.659312726978442
5.192426126149225,79.13931412244224,6.129159323298287
5.3822509533914475,66.86190757292748,6.034159765652895
5.64593336479331,45.85424237666645,5.649942992577953
5.366535570803564,54.50096465839783,6.075959383661429
5.41263277115593,77.26253509724236,5.955719969824686
5.462995576859558,75.58778251614636,5.935360180633513
5.7250559474388245,44.508672617536035,5.66421927725888
5.857536822672951,44.360874338723306,5.461284732994771
5.616828781174421,77.30829175184279,5.7032754997837065
5.774246176482642,65.55176186826432,5.985281075911957
5.467368303359867,79.0550704116963,5.718090207700598
5.366508875540984,78.17793351775198,6.364587566945702
5.469885709423771,54.39365812105894,5.698205742401743
5.672047201675644,70.47673907619095,5.2576495497792815
5.307497288870448,77.94399707614214,5.887794096943572
5.448859734186954,55.1205580097936,5.728771475224945
5.394326471450424,61.75562031798262,5.90558422423538
5.198982972944906,67.6171619343204,5.886915707639223
5.138292228754088,85.48882315328956,5.560139065930232
5.5692423,58.634877599999996,5.479447395
5.548059836861035,58.05933464002165,5.447188165366312
5.103053437961853,85.44641065889179,6.379555566031359
4.893822237159872,68.13522439742266,5.957775154657927
5.124734065191435,59.29874937733799,6.014963639297526
5.993889868750309,71.88362961445497,6.0306358970216785
5.226079948656512,56.1513307905751,6.0283855593428735
5.661197979831123,71.42006765632777,5.554956277331071
5.626217309523081,58.5661932063148,5.788794195904625
5.5375596,65.425968,5.93268346
5.252144270268946,51.66299490279557,5.683936936047937
4.9736588163869495,73.23249435497883,5.963895097433162
5.31311806088537,69.39491542302072,5.652613626797369
5.194959032782959,48.914926229364575,5.6243523599092216
5.429111400000001,76.45625100000001,6.0668682
5.232192116578378,93.69955427332535,6.412456130272609
5.63265109509688,51.40962878180837,5.522347523641754
5.321322836103966,65.46488582410169,5.708733135081542
5.626566859896049,58.9545978948493,5.778154213550474
5.573825416376352,89.36016743224918,6.501860242791546
5.515714885909557,48.08720988640309,5.722149337731576
5.544272743900913,68.88976161862713,5.916095034510658
5.518168111519217,51.48495330713582,5.6460190943309785
5.40109566,54.9888867,6.003085645
5.715996856708467,59.74038719747686,5.904158546967579
5.210892014800688,50.69595755729631,5.191327002138612
5.072646177386761,54.75866986874193,5.93724542047835
5.444748072118282,59.00664678157115,5.554439526848372
5.351169124772199,91.22835618816073,6.4987800760726335
5.478496832826485,48.059592782860854,5.960227826924514
5.436544500168111,69.4546540992962,6.514455523272045
5.317996716474796,48.921669885783345,5.956324413277429
5.569650924172187,84.2968527311802,5.663120551915109
6.028192273388076,57.33891565767586,5.533717165730381
4.4772323721218115,104.04276412381077,6.259393367133235
5.400550746267513,65.1312627775146,5.543240818200407
5.724082446814236,39.130159276540624,5.550153589957438
4.893431400000001,83.88339300000001,5.7412485
5.745973368971862,64.33112796017414,5.936291944837989
5.267940901002363,99.36602767525805,5.7931503945539875
5.40961158061947,51.402705053224416,5.717861764436692
5.614129552821719,68.25014902443323,5.922235603737819
4.931573461648965,82.20743503297305,5.825408792636913
5.329066164630663,67.80387908615893,6.287811771252183
5.550256881320299,79.09169050145103,6.302370789102298
5.551752002841873,55.4412377475872,5.819166318376684
5.714199435731214,47.60543722087341,5.78505598617855
5.330834260219001,68.44233643233791,5.795803172099918
5.4071151445782775,69.33275026510691,6.062895002902251
5.231567008713341,59.17859454157638,6.12391843625474
5.332507125837612,69.59072920179219,5.499466558183144
5.608666814793535,61.297709154105014,5.946976924077616
5.838850093345875,70.95152034946668,5.812611065698764
5.7655505073280215,62.85261007143295,5.83740423561518
5.696977967012167,67.58116383110905,5.9402292616232755
5.461061874352634,46.067443093516644,5.8095444120840565
5.529140969686228,61.393075547675735,5.623110073980737
5.45074056250391,51.13811973326543,5.821164073915613
5.252461834996486,62.03047135679719,5.7587182850989445
5.42052216,45.71933670000001,5.96834521
5.617577776057219,81.15646810974633,5.398251584094513
5.599456110365355,58.518820275367744,5.658516458604014
5.984580601842388,49.858873119078936,5.89640292939817
5.37692403560996,72.50657448019207,5.88926050694599
5.12738618414883,79.98341773249936,6.152701436147235
5.428327635609682,48.71304052165759,5.64786155973877
5.779538361879325,64.84349646960497,5.776774401725948
5.126621610206583,45.90219081954589,6.270617796214195
5.660334543962016,70.65210586767554,5.996622127199704
4.947035910764491,54.38936360021623,5.980910465174401
5.602070911620888,67.60142279380787,5.410857996738634
5.337937721903324,56.19976900648355,6.243646608530283
5.630102573883448,53.735815946371986,6.022139853119433
5.59102210934937,74.49856862340688,5.92138879580586
5.726033619692582,71.79669796307742,6.12620362702813
5.210629889983113,94.5909060959428,6.3319809519134145
5.110148687374294,50.16715121783018,5.888036464902938
4.718631700008202,78.49621213551235,6.317847276529408
5.050471171031523,86.83110517553688,6.456713661232492
5.607935120337093,56.18331136804819,5.677756944311905
5.535551567523604,52.013054465068585,6.217059046037654
5.537711101458192,67.23674015234471,5.797127850820571
5.853685954115922,83.5885736252886,5.855082643316045
5.121927483921185,54.73530036249757,5.695101634903736
5.656344745255351,75.59963708114576,6.40305162202405
5.680054382414818,56.90172380909228,5.9662164504536985
5.112109986357236,55.79701443022901,6.023014871934176
5.367999426944357,57.38682433888244,5.847301668219659
5.8990809518487755,61.22917287245243,5.516417273059708
5.406764016804573,62.154159614027826,5.728279976823041
5.119629467792792,99.35322142734647,6.225996347200736
5.666710507645698,42.623404711418225,5.752686912547213
5.0008122,60.25032,5.90026565
5.188367284361198,64.22849142536849,5.654635769478097
5.5982260647207855,59.004320067722794,5.52302133637299
5.5621903872492915,79.93249157555354,6.328529736027507
5.607828292077721,59.581621469924634,5.937703353178149
5.6220105600000005,55.7660664,5.39056655
5.742237866205358,57.37399465981054,5.5007656300173124
5.420526061688615,62.36397798577163,5.665947268112481
5.425069895216971,50.16126425425393,5.807422521936909
5.783755425351692,55.63346866175103,6.035862248364592
5.85027336799489,65.2677296763484,5.9160022229407545
5.695977604762544,44.63249585740779,5.639802902712467
5.585751113067491,54.793912700876426,5.855301979710186
5.05166070440948,77.91497517637325,6.026058156855256
5.702494587358653,45.340923336786034,5.857578816258849
5.121153303916058,59.56665339449435,6.128597814463451
4.952921436905861,87.13057131439447,6.872358598051428
5.051026201064604,69.18803512392802,5.576146727872573
5.484096936684766,59.26454277854747,5.937611589205897
5.363690822690857,76.71140142268945,5.999378916320913
5.5677218148002625,72.94501170095921,5.71940454166212
5.213344165291962,50.285056367576445,5.9896858052353315
5.164759819535762,60.540531069908745,5.673452429333329
5.323463953582675,79.48241836947692,6.518726609937983
5.230581996665907,69.22289489051342,5.808399868715219
5.941878951842058,68.47010469686603,6.148918215960833
5.561507915878861,65.31158280509361,5.951025399064479
5.697421867732534,47.63125381544933,5.890903216963269
5.625416576790905,73.28805462445736,6.225036050653672
5.5368119700000005,44.2556694,5.837048175
5.632385246036172,49.30157453022766,5.830827826627112
5.588827721706513,61.43404856365865,6.043417179074695
5.390522941800392,54.52673912259488,5.718430876031777
4.998510430349707,72.82098626956582,5.853139475358577
5.4266202,66.54473999999999,5.963982499999999
5.463201112857781,57.90087477928925,6.109403042259788
5.4738225478132465,56.7280730819949,5.554421950538284
5.125413803665638,84.66820536441206,6.489292259544403
6.0083934963485595,40.25496067213887,5.638908288592197
5.556615526652053,69.65125248493642,6.016040436469391
5.144806465125978,55.80273389137232,5.437156659192598
5.367001158673346,63.48726419372767,5.618174564057609
5.3215894692524515,55.147981878761286,5.9173832751874205
5.50183643926093,64.82015797369623,5.718468954355833
5.494689633898892,46.4576880767709,5.931660173919636
5.484503997140317,53.61129352287464,5.445281367751133
5.297095592769914,78.28777430103099,5.878337266877867
5.270404074131632,62.602954916478566,5.783413698877434
5.378035102899343,67.64752897016113,6.100097095236027
5.733675200169461,72.32767443984929,6.024348223385248
5.5132398,71.9685585,5.747835405
5.052955700786412,78.54564372112334,5.710699860406816
5.556392825901581,51.96113775214289,5.664668550446347
5.80077911563893,65.41999235425472,5.643179717701468
5.616598329412604,70.02050853345608,6.399828827511013
5.015475041720056,71.6066642285335,5.900023362338503
5.39909197807953,62.12606060764968,5.976016541589328
5.3948049575795975,65.90590653080194,5.766166430187509
5.600596446089868,68.2177491808614,5.597825937467489
5.62760392962751,67.81644438509397,5.725462198596666
5.473073467243738,46.43753098838961,5.9450677375697785
5.770099900790015,47.026463524442015,5.439204025796147
5.548812200249371,63.31110212806786,5.722764176583084
5.676149666807181,68.49193831939,5.87913781145579
5.502855561053626,78.99327616241074,6.165572558013505
5.747363311519603,76.84723455199337,6.022878410520888
5.29899351913258,85.03747965895127,5.967045207074482
5.384192977246387,75.73783257799245,6.334240239696581
5.411944489543891,76.15826062135731,5.669347987851792
5.38484843425499,60.683341650376555,5.8649642152646075
5.9613854768959635,65.97455426535332,5.768009580656802
5.667332434943995,61.338022995955704,5.618523696605659
5.5732309634812145,67.41982250210523,5.891329210096497
5.557289052450133,85.2536233496306,6.110434078306371
4.944501524974823,68.37827915243774,6.030429293588397
5.280579694803271,63.79345195741122,5.78697518609071
5.490653926408052,76.41958353680371,5.763919902774692
5.602401101787203,87.00574255783634,6.047755542553629
5.394882070408794,56.795865932034445,5.5199903657309015
5.697166727428591,53.70273752896714,5.893517174382708
5.9655925029698995,67.75522867987418,5.838399652603732
5.8144198996991125,48.51167817456248,5.8268063948043975
5.419127446010255,65.40745379717517,5.915772470047194
5.61783871785301,55.0358960106465,5.601868431051612
5.549367313504014,67.91233139953118,5.97415219567784
6.0876713822193675,49.28650428488123,5.775614680254244
5.216282905550413,94.07128817345095,6.436408472969177
5.322904411229649,64.92875989123773,5.556646378739637
5.638516538039774,53.05826043000311,5.531135314168325
5.659110303911227,75.1462735068295,6.175271772272507
5.60338033329092,55.819292362675064,5.718174758399323
5.423426674686909,57.75019811943055,5.473546596172929
5.415217558635664,65.52052633925271,5.710225120628065
5.731816214719584,61.807002337014914,5.658460328568098
5.325962328752279,57.93119574783742,5.659994904051615
5.360961110293436,48.092658197386626,5.7576246560787
5.564357042339337,64.7829452846067,5.862933296222316
5.476207002791595,95.71117201909982,5.931763627872534
5.579892979458934,71.50687592718626,6.096942501512348
5.4834338778568865,101.39343406314886,6.393782864724213
5.4077102273308455,52.494402070584364,5.944200848648365
5.180745627963188,89.94362361054539,6.379130238874507
5.610212336510613,54.354620133160054,5.868936925226307
5.372833980322934,91.58366015983856,5.95648629053996
5.5177213850894455,81.96496144021391,5.643342886761716
5.615306272528754,64.10656918946314,5.928189221530688
5.019739659733264,57.573154143875776,6.173641994811738
5.642079337366014,72.84727848244846,5.831387236337251
5.462275483076745,64.31028442153888,5.974503109232914
5.9011262597954035,54.805228985134,5.7927193804712624
5.45417028972187,75.53220701838207,6.348703452285585
5.6170025159844315,57.41669023957517,5.990383916480431
5.4746288169300374,66.38903764866322,5.768345245386305
5.300411002271057,81.6824099011452,5.912087968093896
5.934226540845633,46.433046720772985,5.701012858089208
5.435581643753302,60.30874650893032,5.652704996484737
5.2612080036962094,75.89783873254807,5.827873746700257
5.631434053773075,66.13352362791002,5.791353305496919
5.040731326917217,54.11796749204562,5.762672203072363
4.9620968346219865,86.95243712764324,6.485587716322084
5.9424381,52.0480044,5.728756645
5.195658716945723,54.8293669548718,5.814310334746558
5.118888063173044,75.24360371408308,5.969842024890309
5.388597552580097,66.29416334069109,5.983440008826608
5.022098175252914,80.91683684731007,6.397020465145135
5.56382244845239,65.1201236669588,5.618997156004117
5.6418132499207125,62.6985348894828,5.776675954473472
5.354234111236381,58.7582873176863,5.6650892915827145
5.450813060486376,43.20776752931419,5.640037488747753
5.573284817438996,78.27701316913367,6.178719307116562
5.7689523,71.08632899999999,6.0084188
4.9133575184171505,64.06326975830673,5.991260449433744
5.472530432266378,58.82204224513877,5.5628280944216435
5.47217146324105,61.98269857722736,6.071978512732684
5.079128369788476,71.80176413883572,5.874774504006778
5.89015925108083,46.14374075038111,5.572913667566513
5.362675065944374,65.80394636625749,6.036250280644022
5.4092904116486284,69.21417691677475,5.743538520826435
5.53305935175252,56.31284537930489,5.872675049156982
5.470819002463604,80.73869146942243,6.259135356673012
5.541990872682404,57.30929784467137,6.28637360837107
5.57029323,83.422818,5.650605349999999
5.601810949988162,64.95164117494888,5.718895179264712
5.384481204757123,73.60204531952137,6.183718959323758
5.524675895181084,53.22380889725896,5.652141324585123
5.08246045787469,71.00794379895176,6.225407949726106
5.326650997208261,69.23518585108299,6.292065002194501
5.426013193344331,65.20513382111525,5.759828810851961
5.662669560094748,72.49240020392274,5.960287507722378
5.731548100315696,62.418404633112665,5.668633178658365
4.984636503563261,74.5457981088996,6.06578064075315
5.703051378660774,58.11128135590387,6.0749268936141725
5.3614447830857355,64.79199562167992,5.756737131747794
5.27296005397861,53.81379463313043,5.560859115392146
5.774992397787862,41.67043792034342,5.9712373017262035
5.320149452254176,60.32325965530854,5.56761739728536
5.250014095850376,65.00773134952455,6.039773893524677
5.493995161428237,55.28539696527672,5.84360530673787
5.018835648039329,81.8550053050822,6.487722848341614
5.439111625503956,71.50320567472941,6.176300832596567
5.2877830657641836,66.63932021205194,5.570682560205589
5.291705964698822,58.84195700489294,5.617136434791956
5.52187967304278,99.16328864729185,6.456046522823117
4.963049629812718,80.71142629446459,6.2892411582001095
5.361926101963779,70.51832144692258,6.010898378375941
5.597165493947726,85.16607385339574,6.150168771683601
5.399447445716547,65.18003865857148,5.8476280730317045
5.345228456997319,82.84108450164382,5.66457371852994
5.188922980459178,63.01524255199313,6.226090208131779
5.411132948926926,64.29988423106767,5.530549195673037
5.735663111463683,84.68396182935214,5.568505180820769
5.214877073824663,53.51664706127949,5.707013824448467
5.30201136682919,54.914709821136476,5.814139669347763
5.10855075,66.358503,6.051105375
5.08248954,80.535465,6.4005068
5.658203211874249,57.92414382317692,5.6633448201028616
5.48150621367182,66.89383543401212,6.002322839085868
5.424469933733225,82.19935713759423,5.7226292171568875
5.46635759480902,105.10572878435087,6.714544427506836
5.657830657209907,64.0299487018489,5.776601469335597
5.645520619104444,82.90543080604058,6.084100117088048
5.877081004913123,42.475078238218224,5.829931388507023
5.256777436265105,61.01589024055409,5.7478073320019725
4.48493285345571,86.72525463588882,6.063286853082257
5.838046230710754,65.13515951637673,5.988760110829816
5.389292914151251,70.38041229666621,6.199520441256673
5.255650976522344,54.630813812499724,5.902733467578489
5.582199029972493,67.09411699030227,5.9303485654328
5.09727798069613,72.25745270008107,6.040254669376281
5.715441189259351,63.88040911531609,5.625220395843452
5.334059194845023,65.09414123571985,5.30488184795132
4.883812284418929,80.83291453348852,6.0453007087227455
5.135390071083695,62.87072811948946,5.946466572502378
5.537946915783119,50.51123946862811,5.730201059283107
5.324276750379324,89.1280405411679,5.714415713333693
5.493645070850374,60.13837752434731,5.83605782099947
5.242958185599341,73.39318427359413,6.1313251253030066
5.528074853011338,57.923748182109655,5.9463240718730095
5.75761356,53.0265087,5.70690765
5.720273968210482,73.12139615296816,5.678305185876162
5.555012429782984,68.73891284213435,5.744628330878308
4.71926840288322,89.05874863396788,5.9559414475644346
5.587087989262488,70.95047107323397,5.572389911097363
5.867484624678397,46.81803981338131,5.793729158211352
5.410245344136858,62.12701678317737,5.736709162204616
5.455040757527941,70.24543025644059,6.020041520226069
5.526877603383198,59.13625821889758,6.004143378248537
5.2530869435287295,79.50956768599724,6.018525233139569
5.359837219771076,62.497165829967976,5.552385574044206
5.548863751082801,92.95631445599066,6.306875523858816
5.57072639884469,57.23045678186739,5.852742850912371
5.736325574015618,64.43105614764214,6.173477849984169
5.591223977793368,68.35283747496581,5.926954875761691
5.4796854919686915,60.558426042965046,6.300017797259736
5.8622676283027975,62.18881512669898,6.006162101677543
5.590175689956415,76.98833715739555,5.732411582700032
6.020222638055327,78.30806277920634,6.080291509330007
5.5306925792272565,76.36573210416341,5.996442614432882
5.521852241449863,69.01277915733687,6.3738420307407315
5.390548233312004,65.63340299241311,5.545173164540719
5.560000347661247,59.55611068703518,6.119530771857703
5.879620559391858,71.6275397437042,5.692542653768141
5.434825031822272,54.071736968778296,5.5899390375344185
5.4650392815317295,58.01991090938208,5.904315924417554
5.723380755867863,60.40934582499791,5.718349819748068
5.120018418170753,65.72402970545984,6.118175232076181
5.613841802043016,56.40905435090018,5.582517523231743
5.881664730777567,75.2405229200125,6.1338733323888
5.800950038991791,61.39640209095686,6.105813896908658
5.588853855202693,68.20482377553982,5.682060496498322
5.8247668417052205,43.666833530021336,5.469834572122596
5.66001014663651,47.50573491587026,5.9607667185558855
5.120622412033946,70.52763623841078,6.154215487917721
5.379492307861112,61.63508895466149,5.977879132819248
5.3040343591594645,71.54599311577176,5.689248108632756
5.3728861269985915,63.73164206493544,5.8174111892828595
5.343837583126688,76.15903003505039,5.9692683023003585
5.743680078233331,47.299804279525276,5.925724628977201
5.458692402302981,67.88501639916939,5.793889461885664
5.287603741909817,55.66335247837194,5.674032600071186
5.198699986310978,71.03656129095555,5.940699609688849
5.415203541525781,46.849080188511905,5.691183045419991
5.691546586311928,67.734640176377,6.596675784579471
5.69106920673939,54.27471211221635,5.73832058695448
4.913156338621674,75.62960308222723,5.800537485193819
5.7299265379478035,73.47163998658344,5.843393401463539
5.4366743880453585,63.131646344834806,5.469922670281559
5.446914770057563,54.31691807234668,5.746687302496999
5.38244006549794,69.09918742271952,5.827278751392463
5.022041196519329,76.73888801644313,5.824340372526259
5.135688146650314,43.778267625224586,5.8925434427623635
5.343013490623409,55.454739471774694,6.099042144281626
5.385024610598965,61.566352581022265,5.9762295076724055
5.939971296848511,63.902565228945726,5.471660592267475
5.855729267580914,61.98611365226078,5.899241008190514
5.3478567,39.137076,5.57208184
5.6667517165837,57.24312709572035,5.7294787668688665
5.51899305,44.9994438,5.705163025
5.247360856253839,53.66503233564377,5.784264224444509
5.610247751923519,61.032873840091476,5.845038413528908
5.497650639435518,44.40312530269995,5.568601699398397
4.88556298346089,57.65003825131989,5.946426208678388
5.371657339630554,61.55209532610051,5.859863780488457
5.595371341594074,63.76552839758277,6.03577912643756
5.549163314307723,63.63395335019976,5.533304441365887
5.576721002398455,47.368208823365094,6.026547745510323
5.36076936,79.9440354,5.773079045
5.679764040930938,51.918318945640564,5.333828209344864
5.52057534,40.058055,5.57880925
5.462199794096603,48.562602559408596,5.907395600640834
5.648984623764408,69.3158014268452,5.488950353294664
5.7902330143855805,53.98097957013083,5.814731058312476
5.765432500951761,59.27731791796648,5.739328094018483
5.482865875914292,41.16447093140525,5.720194366522879
5.601506694561639,58.475891579786534,5.454203448542786
5.358276841241532,76.06655481072082,5.838627679318428
5.864821530738974,45.51008774992837,5.739779929905945
5.430382144523594,52.41194083152944,5.887995889239147
5.465975781967091,68.18602967356921,5.970171967668078
5.373610529664517,59.14454856345042,5.83111986482816
5.685308031755655,46.862768922113084,5.816467951235974
4.930918104027772,68.33549356225669,5.468683693985343
5.613098994785309,46.17765039315939,5.490830329081702
5.587068010359795,73.49445808144785,6.157186023081416
5.265658127207556,74.75807349226787,6.004785589544702
5.679332494959765,56.09365934571481,5.803238540810302
5.154417880838218,56.281969131440555,5.967151549707311
5.7833713705611185,60.594935045650665,5.562436642789912
5.4910566138254735,79.6815279107355,5.739357147118828
5.40378291926626,46.122569852627194,5.615850292797885
5.446877796516008,47.638508120701545,5.788008802846444
5.923136121809306,40.895177442660646,5.588378332328989
5.3071464231929255,52.95489325400305,5.8481020446201795
5.397070535743385,46.82924491013783,5.895186537008323
5.3470486727200415,60.32041117790592,6.106063951735262
5.666437876038378,63.51626498475682,5.956904380984068
5.347187773040524,57.458842042773824,5.562988036124425
5.484642340415109,78.87184429339403,6.548043449410822
5.708851042576119,54.68098068871963,5.97525708195822
5.239594603483278,72.27672900213463,5.816643327002284
5.386050156396744,65.85622041452389,6.215923186493481
5.497023766209555,82.39405729056567,6.122276133913278
5.468513948661089,82.5402098656826,6.077667457108641
5.82677176940687,59.91178501281291,6.0364725096892675
5.098991772695354,83.11060428146321,5.800119825623944
5.410884686859893,59.98658085121155,5.4560417458068855
5.78832947668423,41.07789830867404,5.3618851945832375
5.3510629961416125,63.49047888673104,5.573701825775039
5.445729991312797,66.06266735031399,5.989601060028123
5.656947388842621,57.554118711860056,5.681622796903389
5.585426556884486,67.44714288077563,5.6775156052869535
5.389669656248331,69.77812316040516,6.659095561740984
5.3692659,71.27260199999999,5.8333698
5.545654211080313,73.51054504302621,5.89568230851177
5.292052082702028,73.66511814614904,5.482692884777427
5.528031846166687,62.28877380280303,5.665428477717209
5.673837051355129,47.69686104730807,5.617653369899284
5.824959390681005,71.81610559864896,5.894745988429818
5.397319852366441,58.03492759494555,5.766829330677804
5.318641421994782,80.25714154332393,6.087641634522999
5.3814477473969164,74.76517733025312,5.937301740795073
5.6758947636772845,56.376420148613754,5.647134454594403
5.676894521015851,60.54730732297242,5.733016074361896
5.067437780011925,84.09608837662519,6.346698910664773
4.973067130279162,82.78731888056898,6.142014041135612
5.3970645739260314,56.26835154793054,6.084811764243567
5.794488816230011,52.00260652340284,5.878132016934031
5.498045062896255,48.85862466668969,5.7892757416653975
4.923724186953592,57.87743189952671,5.6831556460053
5.275093698449737,49.795681931143726,6.08278933431133
5.354226703789058,48.7274712812768,5.822619987350458
5.242981163566518,78.72712327299536,5.814395145361573
5.292747954759958,86.3595433886506,5.998168639038187
5.192126924392911,55.13525237848005,5.856626227956051
5.78238349804969,60.90481487003648,5.639128697109813
5.312312804321611,55.0333600959754,5.896713862473976
5.609612196645856,72.36466352639809,5.523890550430194
5.5372388377144635,48.5748750783279,5.86755239739623
5.354569517439419,67.48490763999777,5.939012546204462
5.240811363093513,65.3323885953905,5.96810524096613
5.231269800000001,67.8035106,6.202737725
5.674892653630137,59.15805656871343,5.845404338112456
5.646734212190527,59.61094318436301,5.458530172246099
5.218957649659765,69.88335684825029,5.858266617561684
5.606181674283153,49.824524867231545,5.66833090121676
5.537799238342218,64.7355887441789,5.791111906304386
5.356752474543662,50.88166065697276,5.795639244365352
5.502433299048075,81.09706359572534,6.2722099287271025
5.1456338180964085,65.50808937735177,5.489870507975903
5.5801174065122,68.04885195736676,5.607323998784885
5.257076236362779,64.51380568112221,5.69354795470616
5.329762983571472,50.52584561543312,5.439110311533123
5.5259964,63.185589,5.85075655
5.233587524225851,54.03495134805516,5.606993023529545
5.464624819141769,70.76444411605429,5.612492285082838
5.550152643873792,53.7975205770048,5.931524962620569
5.338894313918317,66.38866234877386,6.192656985066366
5.021405565144377,80.6463893419629,5.847699734320007
5.219362320799703,73.43991936470688,5.995504840058892
5.665239922020721,61.817781628646856,6.107708632880211
5.534847902401238,62.32579149797678,5.70757496299994
5.0775973972678665,62.06802975024366,6.094640457045083
5.399020231142402,70.64106934620023,5.74416782062307
5.84777170583688,71.18598595747584,5.758399845820977
5.407619400000001,48.1636296,5.6990273
5.368726880013942,53.4963712132752,6.296971822688273
5.604482996936178,53.68258184420537,6.11925336492126
5.259171596140167,64.00825405396611,6.118304593417004
5.484548448968185,81.27193661472826,5.929270132100486
5.3978636770757795,69.61510686293184,5.501282555179095
5.626398087947422,57.178913297370315,5.725238854608657
5.23621917,60.903441,5.9626035449999994
5.793449860421991,38.206771536401156,5.874107386439143
5.474139520944705,69.96003034482104,5.900216543242939
5.562925427186054,68.84647957434072,5.9159466918423025
5.610687815383157,59.33674029394913,5.677238959537878
5.2842665547446,71.5636857023669,6.312460986418023
5.311520634016764,59.77167518845349,5.784521703057587
5.756120784184706,70.14443969195365,6.203565127849877
5.016965446478713,73.90917767457246,6.014243320827335
5.386849307027077,65.15880429458909,5.882602580627872
5.908959669823185,47.02449594043494,5.401689004807389
5.732882465428317,70.95540878861355,5.843395059885238
5.534349351053849,48.534380550255534,5.353730836384031
5.4367485122584105,50.75957581902634,5.8542692112721655
5.611992030131191,66.49524633758128,5.892521136196415
5.321214862050092,66.71410609149599,5.885074995096647
5.477430647694111,67.85246475946425,6.187060994231462
5.560880318968851,66.99160692110932,6.12644553520568
5.630710354779334,45.45745411368635,5.6666872748630945
5.2404260129417795,81.54682038044258,5.842581085184932
5.575332736763743,59.853565097597176,5.932092373920217
5.216107534544915,71.6631214746061,5.819178856208838
5.576957935931909,67.89804163452861,6.215346382666444
4.605861841903031,68.74497717234298,5.721334535527587
5.142908741458273,57.638816851708896,5.8194999538640975
5.231510931526137,50.739857064881804,5.565734255031418
5.717756477942216,75.17933418177634,5.947303046017885
5.322063080441213,57.778213254529604,5.76474853433861
5.687383191783486,73.2105837743032,5.971905653306444
5.578915081326541,90.1821581815986,5.755384959227946
5.22385455961988,57.91292335418821,5.883659098700735
5.805158733784184,104.34863436429472,6.240043212542736
5.362251473429114,81.62200043305324,5.558083064857423
5.544368889069081,61.62482777374923,5.559081739757448
5.83516403211134,45.17934686905745,5.888435801621046
5.303803807388304,54.74881588915366,5.8687598728765185
5.468345616776257,60.92484435665666,5.898659531957708
5.38180947,69.589071,5.76307599
5.349369724533906,69.34888561550021,6.14109035622427
5.554800104430199,45.94030347203064,5.693857437999019
5.231919685285477,54.741818928806715,5.684709206624201
5.526977976603729,54.07106165809849,6.1116539142852275
5.6184617814663165,74.03680388475681,6.252569327044732
5.596460449704969,52.63132271667391,5.539426434441751
5.521892729130435,84.6757130470655,5.5397964744314345
5.91718185,50.5737693,5.7813413
5.992380587117636,64.18206880031866,5.533689775999595
4.970591198905697,74.66060505876744,6.25990051453755
5.534926380644075,48.48024855783568,5.6892749288835285
5.475721252756762,52.19101792165342,5.600178460295034
5.706031821570018,66.25085026525254,5.615083432998328
5.481033819034428,73.09941397207528,5.671489123250921
5.374917936200666,63.14188743456328,6.003410195086282
5.561804401865393,71.26244663052559,5.642201539765984
5.116037718470242,81.47492502588057,6.082488896410275
5.464906318209481,87.47507710419006,6.263859191966361
5.343774583798918,66.6834672033484,6.310143436618312
5.15473623,77.138325,6.356430645
5.434861165916204,93.6442329836458,6.291680068735382
5.597500129495438,53.06205845991278,5.790081086319396
5.5097854741274075,46.422209569285876,6.046577652510905
5.247460058613575,51.55564716213084,5.866532580638725
5.667427941295338,55.6776325852561,5.460344382786929
5.523535750075059,42.07991288999887,5.786294522791039
5.2657633819623495,60.111738352999865,6.383922335380972
5.321850855293369,71.23104840206337,5.840057848309813
5.535951956621053,50.73657016819497,5.912424348465194
5.486067004295589,78.94863803134781,5.890565606298202
5.5926516475554084,57.15501182406592,6.014817980527344
5.253885072332972,53.62497250737136,5.936713216094079
5.397002347377693,66.94197104751336,5.87244768450878
5.32906353,63.790290000000006,5.5289592999999995
5.4825465835704055,46.17616150462675,5.659634271551943
5.118876658291018,74.05779474200679,6.287104090899014
5.26736457,48.7604826,5.7548366
5.6590546219049696,63.54199833088732,5.856563200983408
5.515658214873851,46.986979045371704,5.784227840935597
5.71831512069977,45.70505959288314,5.7184026333623885
5.578473769458991,55.7936863973161,6.118047535212621
5.391177484452647,54.658200586341735,5.4732104962780594
4.466161390822422,90.77639081724905,6.200735282205673
5.25266500496605,84.08970202340349,6.334679444973275
5.33571366073445,61.55466817185163,5.596530790272868
5.53369806,70.86397500000001,6.082308449999999
5.70931912811324,50.052786914864875,5.696224089155372
5.60058417,74.912094,5.63126666
5.772003063085301,69.475878477556,5.408404067810125
5.267152245987393,62.01703362562287,6.190624713918704
5.544786331834879,65.82524041663594,5.669049889669055
5.04109673126062,82.80679916178418,6.0335962181399605
5.268450335228539,87.25731592681683,6.4290743654548335
5.450424312157702,63.85873195066451,6.113600608313982
5.595265042651087,52.28679947443738,5.867592783519402
5.6945010745365865,88.93889048941362,5.913731666457176
5.253645561489768,74.72416441293502,6.449296253223831
5.325305020536202,46.462725615420936,5.786969271740086
5.514719376540899,54.84623731757327,5.799613854072718
5.303300469709467,62.98169401612916,5.720081609522364
5.243556475946868,61.181503965215384,6.138880345314492
5.3067827645999905,76.80661606329738,6.063726989866316
5.5339396840687325,37.382399426333826,5.323281522871005
5.457870610745221,56.64164526088536,5.774685799057869
5.84620290075987,59.017959350004126,6.049878708090865
5.303485578283677,54.573967444857836,5.521477661374748
5.707955925283384,73.03057845775116,5.852627445073262
5.327204885280684,78.43130151942998,6.449746007841438
5.195794518322024,53.35551694381446,5.6721029702749135
4.929245227712131,98.4710685501504,6.095692066697359
5.272629684111684,93.60654081924737,6.047039249661311
5.743910700868367,65.42531476391197,5.772774211168856
5.2319994236281335,63.33673001003587,5.860086422956386
5.62338855,47.4977763,5.5709297499999995
6.009767357469293,47.93474269992483,5.823376383935859
5.7867371835328285,64.1588410998249,5.994098122764111
4.976098903000018,70.17617630071902,5.654558215937119
5.64185902360472,41.5222717435792,5.849554605321673
5.619746114665121,49.321938058335185,5.677456587165072
5.224141134736597,72.33906787946104,6.155062422303754
5.426908905530101,85.61919992299563,5.772018669594314
5.342191502365041,58.76580176771075,6.052579963227734
5.377828796524256,51.57840761864766,5.717871272368964
6.004056413429319,56.029228974672435,5.5505699618409725
5.818099535753012,66.02211404453546,5.686595451809646
5.855337131675425,71.21199407427532,6.279272885724687
5.4838872,78.90181199999999,5.77051502
5.556102157735731,57.64630758503904,5.913742653063908
4.967256306428651,78.6096281129837,5.941079649514708
5.198073038947182,54.54269264526392,6.229092135843003
5.492566196306819,61.05136630289244,5.689950599465838
5.737456071538532,47.387004883277896,5.72736914714566
6.074151460910058,51.16356495537158,5.583140574904303
5.519024570939064,65.54336003435374,5.864848589721203
5.968631882681377,41.65044640069664,5.676562844652194
6.0040397783422765,50.32160783286777,5.77359015010518
5.713502865044296,72.63250905896899,5.950302101132655
5.4357132955928025,61.632780496387475,6.088737040964074
5.584991690907404,38.82371140801474,5.796062474328751
5.3346620007250305,52.504467381017975,5.832655188486624
5.141260293870091,67.98453210925877,6.1414772797581465
5.5250518500000005,56.4681267,6.0717387
5.703490779954522,52.28138471621318,5.717964141297888
5.426291049349615,51.196703240615484,5.592133430467024
5.461655831827011,55.01274302027464,6.073910762937324
5.45605743613404,61.531807907509055,6.3392637716793345
5.593656590236109,55.8149924274872,5.828639548833968
5.278950048443819,65.65366739227771,5.6161455679286165
5.300040806254923,64.2798052243318,6.152418204624995
5.370203718293479,49.08221063461644,5.888479569715371
5.640804745442104,77.71902147080421,6.060577689934826
5.507261032907724,54.611956504362844,5.914101250655759
5.538442040155792,56.075899456511735,5.682371417237926
5.556429467959221,66.31940245469164,5.912261469444102
5.570359152257807,67.20657589212621,5.781401352857489
5.538826747863769,104.77678131500208,6.426820251825383
5.664035812534278,43.69411886812412,5.720926030526105
5.616334666489346,50.985106998599825,5.688620288650865
5.515456516243777,62.42147553152162,5.511531200135782
5.429876919953358,81.19526856221117,5.786485434975903
5.789124151738367,44.682381555116685,5.657183729553811
5.943846340600407,56.937348879022416,5.6194627197017715
5.378314954186976,60.409721842426066,5.9885931476898495
5.730311407205582,45.818307355082034,5.789492329345155
5.073299136401224,56.33271683879385,5.733640619523096
5.626702313006351,37.83360695949636,5.948838310581736
5.161253935974419,74.8079969474402,5.84097538400127
5.380838160450834,74.8194985963732,6.428207669168422
5.266024879576559,46.311364700065425,5.852710171074682
5.404092749508667,60.189056078219885,5.7302162140268855
5.182949837301279,48.77744529216099,5.728331716013056
5.832272970379311,49.13603867790577,5.553389218891948
5.107361535298872,47.47647725769711,5.391567226844072
5.529198373773935,51.25779419120006,5.9279275934885645
5.235142258418703,55.20056745345026,5.652062144549246
5.690305235662318,60.11856126860113,5.905710060446754
5.744751314170006,93.89432757475042,5.5009095699177495
5.305728521783567,78.26194639710289,5.862521021570324
4.825859429439801,87.2081464628056,6.064388360130284
5.273141954767915,63.163468254945336,5.584323376215553
5.4517493888440605,61.102636737334,6.3038144754516585
5.415748641008667,57.7097551858068,5.755416944220568
5.297229643614841,52.776289879032014,5.572202738884086
5.209898014313436,66.5012585084675,6.113751464696371
5.913807307267714,66.54893523226477,6.254842828781074
5.431438025680891,86.60277630902232,6.031144927822289
5.849734950518273,61.31117377532959,5.892020921475876
4.978175252415219,71.1007678188982,5.883959208257723
5.43920810487526,66.0676220643899,6.240928320153827
5.72728498661213,55.96505232913939,5.8991952638590925
5.40994525091701,79.06341380289102,5.759961302322387
5.699341032879079,60.268941496955755,5.594933846613463
5.152288985971272,73.06718352529656,5.983910057702189
5.7860582733007835,64.48747803125121,5.856893477471513
5.51610873,49.70736,6.122384675
5.379434882066935,62.4504478718943,5.901892535689932
5.064215950144055,65.50962900196362,6.2050475618930365
5.591677437502029,61.67677723161089,5.875013532932793
5.449744796375788,79.01446675076866,5.896312573163665
5.341290665950936,58.95335224044906,5.768014689302349
5.463407564404547,75.7144130660832,5.553403737010152
5.633136387185007,62.44675217742622,5.431994959839516
5.63720812267251,54.65936306792474,5.796456853577613
5.639595855440825,59.94044134779126,5.494893899652386
5.324035402176666,75.26388056967473,6.080743700855885
5.53405705870556,48.246352102916454,5.520741165962845
5.76466351799612,60.4467410923233,6.130014343692837
5.380396796583903,51.6267269602287,5.890916297461947
5.6439584970829015,64.82341930340338,5.989262161948132
5.634410309449219,50.58319664460895,5.638310970881495
5.745950359132325,67.62298540483475,5.886576510272655
5.370076835564613,70.79226346883863,5.906882962131351
5.494412053486678,70.04769633871852,5.584033504159663
5.734536195655644,41.546624435686645,5.490626387986958
5.170319928490892,72.34210851841485,5.777340005133659
5.5753219334368405,66.86395829635126,5.8337082994845675
5.36159574355638,76.64099509982013,6.067738307335106
5.440852598425884,68.79969874823344,5.582559859350696
5.848928487359202,86.7451107449013,6.738401463776441
4.968402162066651,67.39149820891124,6.089086796275252
5.432416870933688,64.96085519564075,5.841469867190379
5.583901968378443,47.27324082559598,6.166102076008574
5.3417952,53.1862218,5.4177997
5.515274780561844,58.8855097099103,5.725574616052944
5.152885404757261,64.50247156309783,5.715121900685895
4.834828646070808,93.48337053770125,5.987415523528665
5.420499718097043,76.35756328031098,5.69812431115591
5.560890160250591,66.49123217334812,5.5935071157444565
5.24217758186692,60.83828150472689,6.00035597931
5.407485675169319,67.17804738415539,6.078625442089672
5.2538448739408405,60.50003026486799,5.937252335685745
5.864478677939152,84.12106118512239,6.1635943317994295
5.335658204582488,55.99000046037756,5.710135018724456
5.463157983931923,71.9078639079485,6.035841136920715
5.3702321052344635,64.01780498262731,5.670346460313365
5.41935608192848,68.8136711589627,6.093072112705506
5.7431882806794645,47.32935748166395,5.613121156071483
5.0405093999999995,79.199415,5.68970535
5.391154835704207,58.77274538923651,5.951957612605468
5.863514398907723,48.97842368429757,5.671658764327848
5.759041980660247,63.110136511831755,6.274924035376371
5.257006425947001,74.90147951316216,5.4528400018210625
5.414711328567911,57.20796702927066,6.050519811219394
5.466230643089188,66.12941053917838,5.741794078805609
5.487232145107484,60.4768200078317,5.961883430647939
5.325495619453192,65.32578649603246,6.064740024601936
5.263117220522009,98.881299273036,5.902342561679003
5.5395657,74.5155666,5.61896665
5.179795335779997,80.90721486463801,6.528292624264148
5.676104017591351,55.396533966876746,5.9215259122853725
5.407685264397132,70.98517042889642,5.855523996759217
5.141671952725749,59.34120204882723,5.959587517401877
5.590874458533939,62.86055635769384,5.8902530545309615
5.282157049823415,64.20159965190365,6.183605640420433
5.477355285983558,54.731483207177156,5.372074089609471
5.536990523390597,50.011859030662094,5.616092104235346
5.68081953,68.52867750000001,5.255844355
5.4943630874044596,43.56466736989618,5.640095825333888
5.538867828055667,73.20517866402434,6.019742972019864
5.588005957481056,65.30453038217306,5.885344786190578
5.108297896865649,61.34405935670105,5.3625255535489424
5.5374147,57.939983999999995,5.965402849999999
5.789394268859105,57.01590214844613,6.158078500046627
6.12449311329422,73.15617954904556,6.001209009268284
5.331478312203025,60.705766071948524,5.392497121393768
5.525976235468584,93.85207923597437,5.900567103327482
5.594859902023709,60.14067050785542,5.469380709005147
5.6579104817498855,57.92119916849949,6.028112786055357
5.913792,75.262815,5.813390975
5.76754655492363,58.12961912442979,5.973606920829228
5.924853,54.5470776,5.9156854999999995
5.853051864082756,57.10704961396893,6.224287231009165
5.666106982470774,60.75662690758503,5.8390046473207065
5.635645869702011,55.305626588238574,5.630713726793688
5.482109772644051,64.09455490312874,5.9084895597440745
5.733894151507439,52.90866665760398,5.694974193145307
5.64083406,55.002645,5.6116439
5.6025723693913685,68.75600448174781,5.6106314213665645
5.58801189055475,59.558126704162426,5.954967839489251
5.107666247954249,84.36551087585985,6.239791961089595
5.3671368932708505,47.1980718754828,5.8719482705833315
5.918788456477654,76.99502233157695,5.4279045280514655
5.263057795391779,59.03002282554531,6.103395867569026
5.450277924861861,82.598332923244,5.734219542836725
5.450654401708916,66.67586049809306,5.694630439581364
5.642317800328693,69.17094361448478,6.275486840869055
5.189536596114296,62.22001250831491,5.767560608226822
5.379394456264329,73.14339491249943,6.02505045913568
5.335401057922473,54.239021518195884,5.530307860987935
5.483184901408016,55.981805730964695,5.719417722915754
5.3619183,54.6577587,5.546264705
5.445419476894873,35.9238153193708,5.668094440710315
5.1764953798234465,49.01096717685461,5.612857011162436
4.994570256276151,52.94103439705145,5.657830827833811
5.265035103296307,64.15681152361859,6.131559393429731
5.324345595467031,62.09435425498247,5.906262229706269
5.13445103057316,55.442529105342935,5.627546847030792
5.476361460045233,53.017555600955006,5.777169244919876
5.889399846055306,48.04216015438875,5.727031648354161
5.799419599304455,47.046193650469824,5.81061983454444
5.446682630877274,42.956368398542644,5.758318412597436
5.771797582251025,92.53551312838447,5.823327662524718
5.567834058120143,77.7320586035934,5.944994447725552
5.6065131816839076,64.01581117713143,5.740436469132374
5.172519847893523,80.38213524404459,6.446483159563351
5.0004929824736415,92.17266044869375,6.073508548654843
5.678166494744557,71.6033127204752,5.602951616474798
5.518743031038105,43.111385273517776,5.824949348836875
4.831903372011078,68.03797771553874,6.164692135920375
5.350875154872889,94.26184522522736,5.909881518537575
5.139029082198907,48.104871467457556,5.8208737696437955
5.6442321,55.5018723,5.7899603
5.4116844858542335,64.64082100150931,5.935782346708
5.552417608988476,63.753543288905384,5.754085426531126
5.75146118585706,43.322455210634146,5.772383564093862
5.261162143517747,54.11667496141767,5.767649722621917
5.47857083887682,47.04978187096095,5.938273793728933
5.7578805982398205,47.54771056015146,5.885197063709876
5.444137386330574,60.47320200298905,5.721332086077824
4.978195853736022,71.18711250725585,5.736318471462265
5.456060774176935,55.158173783178185,5.680221804578328
5.542658392331046,41.57213169331098,5.527512174032327
5.496828745775312,55.88231245220685,5.553112709866465
5.1933978916976455,51.903018905699255,5.600595440030348
5.410404946874417,78.37208041026092,5.6352410164143745
5.298733110552728,60.26078939454853,5.900502067385384
5.182035614861669,62.993706511073114,6.235163875103045
5.49211040122481,68.49566676787913,5.536548917222292
5.287913810941101,64.61124018354744,5.991822899138928
5.1137987956938815,81.48280612278195,5.971138908843731
5.579751897354669,51.22946747762335,5.694077754788667
5.781043280137295,47.65663972615065,5.5938865155445985
6.184862226715755,70.37695549663364,6.022905340971029
6.31219216362272,70.66691071611572,5.8193309071592205
5.6553807149987705,52.281570714313496,5.730091632747931
5.91917273650547,51.97879184159624,5.571066442376694
5.211363876107979,71.93066781102371,5.9652248519601105
5.671107531391976,67.95151608549611,6.017945872165434
5.632741958316732,53.85685414524538,5.8811685672560605
5.479488284460248,70.09718021175635,6.191170951079569
5.205038856714465,87.82673429066956,6.403826989235861
5.3394174,90.99612,5.8996052
5.375233149191326,56.36853801319841,5.840813680054799
5.684062239482442,83.91300747465479,5.94722093444072
5.376726357257873,70.56238816775156,6.26172569077698
5.543189834221817,66.52256381122947,5.623286427966775
5.577811703734362,78.58590477724253,5.708695186774462
5.003783316092154,74.45036294206587,5.963204468178363
5.478571410987488,46.54962186619008,5.954465458835755
5.559810182347888,70.07340132202077,6.003462181830297
5.473729305038452,73.13742843731761,6.300940610943526
5.314052940865838,78.65214045133906,6.385468368145082
5.509942602685964,59.06266148481694,6.000939477986866
5.474307320156707,65.29929783872223,6.016378525057793
5.4527334828667735,65.2435940405581,5.734048548521508
5.450088853606639,66.82423352350914,5.764814930829054
5.152171332210431,80.29501583128953,6.314834211839485
5.540409904983518,53.877504753080785,5.570640152581997
5.719770604737282,63.43348663144112,5.887591714048541
5.940906772881509,77.72820034757113,5.97014928736106
5.684158688802239,69.35994413417458,5.943670017664604
5.379240840009499,68.71910056347275,5.686732264101887
5.046221389004496,70.74744604356354,6.166765036714467
5.62384059226061,56.03297005457872,5.56321408082257
5.796320958725274,49.60260348318922,5.5273793193022245
5.535589142662584,64.96724701946516,5.78404309982876
5.512669317161314,55.30302659263372,5.426265537367689
5.742442919434871,69.20392773174629,6.188681935681253
5.690772146384366,53.032805671089534,5.644569312097787
5.682171371760541,58.570893682339666,5.9197970534984785
5.300429856343639,63.51018306794671,6.065753319431405
5.133163113296986,53.53895808865488,5.949507371068552
5.550988538136614,47.04872517956458,5.778852139231598
5.557990814700651,84.88020655059599,6.204039103479556
5.2524218633020165,44.81940931902541,5.499704514166433
5.109080906258852,77.12767625581145,5.721231824359038
5.3147518110797884,47.08920274503765,5.90945566438057
5.3579493000000005,71.8979715,6.1506680000000005
5.33324017596196,69.83424588748177,5.9888060889791666
5.686208917404807,57.80682035656429,5.410354255709915
5.324986399309006,56.191264506024154,6.116509529371691
5.434237835989535,85.4977001662289,5.8449684514801055
5.394169799999999,55.424837700000005,5.99948649
5.499925767764961,56.50088810638239,5.2257961642490445
5.366333455782128,63.33279218042214,6.055074587563984
5.348470579851252,54.799616035090864,5.822310646319885
5.505476276477752,50.50289484595388,5.7505212831850585
5.427903257842746,75.51662550038051,5.91143653653774
5.623247470343256,60.82607525103235,5.846318106897235
5.66418004056775,79.48898608203739,5.684254482581774
5.143744185206037,67.43493215528869,5.829359562680907
5.670343605106402,39.25178151990855,5.7991234219957715
5.731135142478495,67.72818701929855,5.6655284953610865
5.07162694046545,91.65501799619841,6.593048616764778
5.557144715510922,65.48418259790706,5.713532798681804
5.909503312233825,69.19982962463102,6.210153032891537
5.721958771596235,57.06622405400544,5.735868620282775
5.478746778852916,66.72745932575548,6.152428544142339
5.374902533428112,57.353708373300776,5.958474641194898
5.155971971500861,56.05134107133389,5.925095043936108
5.1788648427131525,69.67958153876666,5.816789801834761
5.699563309492743,73.37933077098012,5.812109543582725
5.530975285072835,69.61656524200397,5.8651438184513855
5.349490270856547,70.09121792839157,5.887962023864663
5.0001149578289095,73.28498221679384,5.556450147180134
5.321594847763241,57.356017996500135,5.655807021376104
5.455834597458184,51.821976775237026,5.768545472438713
6.2814870854869636,76.55990069940698,5.85840959279635
5.600906409439114,51.93751173381901,6.007525560103916
5.723638083569822,41.26607652646909,5.542522752278421
5.432728535467863,47.940546754938666,6.1583120341755455
5.581216139168161,51.210890561884945,5.862208010534943
5.646137571838021,47.51804203277826,6.096637374225253
5.361038954691866,53.33992785934467,5.699473532412061
5.640832746026122,60.92680551441699,5.864467417866513
5.446653590367865,69.22239012857526,5.9441787132796025
5.841332602113694,78.26716211005747,5.974993522086599
5.540950010088783,54.046850573814424,6.345394190231446
4.959740622535599,113.24063534346656,6.498733150689035
5.570022801592618,48.57640997732781,5.535015410459859
5.493542262014028,58.2954186137594,5.807166834935269
5.2468673767574785,69.12366073943186,5.620371668224693
5.269184889640951,78.28737084764266,6.064925189364669
5.528731640612489,58.74841162098663,6.059734978171515
5.585898121274267,72.57249003722372,5.999064900496658
5.2139297685165085,59.84058023451609,5.720957902388625
5.44999329093877,72.67900081333971,5.745003554286224
5.293173731895953,74.90016813124598,5.7126021892737375
5.375256371197832,78.28386403690706,6.280308007118419
5.325591069719553,55.058951327073814,5.458276216856301
5.45313128617301,70.60554129786014,5.677306370094776
5.784310764052606,59.69395150881279,5.73421245870403
5.275126510567886,76.08312416760897,5.857347196108413
5.3143049563994404,77.64814619641758,6.3979321078956275
5.526991533883237,75.65995557254314,6.085407673993223
5.689012078541517,61.129839239379166,6.119183977325284
5.676600286616546,112.23873954826892,6.16171327695857
5.779699200380182,79.37176248918384,6.024071829329699
5.2552364367743625,60.58912253146477,5.567299912051154
5.1075544729559725,70.87228481621146,6.045825981556892
5.817262754693251,67.03296142093008,5.944146970049174
5.524609064700851,80.21493428106076,5.980075677530262
5.370185008189094,67.80696827662075,5.66934253752247
5.361759465904919,84.58420441011893,6.030924315461219
5.015425284840882,85.02772924195351,6.122823847939466
5.898959274271453,52.66469784338427,5.676149107063141
5.502529822090149,70.28412827366174,6.133159865570202
5.836705277309942,66.79706128475891,5.724465710425202
5.621270607408196,69.30639725227654,5.806235552619427
5.33701388469913,89.82149493558443,6.663004333385294
5.744059368892908,52.71332132101307,5.773403991873448
5.373775295589108,72.83970948239833,6.4056100123771955
5.520667280610138,54.04907730677366,6.119625378595517
5.4334125,57.346182,5.712272
5.3679061210525845,61.64274689068126,6.037573648566112
5.652221178499922,52.78898233244138,5.56480757769964
5.591460795549075,60.80827556226266,5.815010400209186
5.869878739286328,62.93838508078409,5.931548800297462
5.005494530252544,57.164597750512925,5.989596055047026
5.515333809605702,43.606529501855704,5.843703748740527
5.8346664569049,51.48175359615244,5.573228636570762
5.148031033899644,59.00265582375026,5.6651082104087624
4.952459798396534,79.62649808203633,5.7690407070443825
5.252556235124409,58.86396925515943,5.822517000681902
5.1260097576694985,81.23424920968563,6.222410945258617
5.6310861485709,50.492476853569954,5.834308515991387
5.6241278999999995,51.0497586,5.99138565
5.06188845,64.092789,6.5637289
5.19728218951716,58.1705661148003,6.198009413065007
5.468542469769895,51.90321178677859,5.960400130925742
4.834402424118864,63.90669896266127,5.695889094384109
5.44500583273015,69.32081350912286,5.76063262711618
5.568222721498372,52.257474594301335,6.001024647930311
5.347270817402785,61.4053210009296,5.7312051087392435
5.508978433530462,86.24995794372336,6.250525424723695
5.5971104835209164,67.92246672904376,5.220908059484437
5.701564539236452,43.64512835705881,5.386416642952019
5.436936918879605,55.37186627842379,5.915570718523503
5.6393403740872445,48.947423544995786,5.849591314172366
5.420383642332343,69.3910838669071,5.753312498698374
5.790075131650955,58.367653590961694,5.489059546330363
5.592736778549202,85.17219639702363,5.928740673057532
5.284753911108877,66.47735569553167,6.336959308692812
5.343664662617397,60.49682067101097,5.536461724029792
5.375907937367725,54.161350147892556,5.578270594104391
5.357025769303599,56.368284959811405,5.9472529380037855
5.745993472758906,84.10931879847539,6.078256885075066
5.292720216769123,44.40686783730333,5.559066033071956
5.467687779376984,69.31886234529019,6.102594727038861
5.209099128811211,55.569191616259516,6.231281349131435
5.483211372627746,71.87853335206542,5.7967542169459305
5.6807592921461065,79.0364360542411,6.173832199251192
5.564111375895102,59.912875055021594,5.5341017649435935
5.413673787512971,64.23483400749421,5.900719976652726
5.670406292788108,77.02564284329354,6.043360293556967
5.634644136583861,57.356317899279354,5.712636100440848
5.62744358179741,48.104130738649374,5.868663971924686
5.195183761790158,86.54835059027751,6.046652435420963
5.731736237445271,56.3931273469495,5.519516640889213
5.722913813704079,62.483113241427894,5.9883305139641605
5.436786569962163,74.75973328699303,5.918202008787631
5.524964740985262,59.18128603480316,5.922519474348294
5.511480750540173,63.030070044967616,5.7517465384826485
5.4457506906577935,39.032833385042245,5.84854257517694
5.659031120434569,56.450474516366064,5.649687045468652
5.522646302851743,62.800241440929284,5.780112692234105
5.073272445577974,58.21376309622377,5.758734272033871
5.288102905499477,49.564807549858095,5.922905557897009
5.782383526590425,92.71887062810562,5.921646164573273
5.3836300049158545,97.88556954448522,6.391909241215533
5.554184177033622,66.36401937068152,5.569319964840186
5.755858222765562,64.01768137571632,5.860272387499407
5.931187435684204,56.62541025009155,5.4783927207457275
5.544117201516903,57.343940693215124,5.8941353549174105
5.791110342004205,59.629657280957574,5.814178192929773
5.618889811372912,65.28031720038682,6.090232727548071
5.009969981196519,65.47580285668161,6.005348490193456
4.919154343380307,60.17644340205713,5.676200770074693
5.3957220224239935,48.57830544299608,5.946571601329684
5.197245775648373,55.931252203102396,5.656185437219704
5.540411011947042,64.59107201925039,5.918755968998743
5.4324202260879995,71.38655786670184,6.038081739930952
5.608210854218519,62.60084704615438,5.8656801784796
5.925868210009413,59.34841483159077,5.686643420181022
5.698825391587233,67.88407132740355,5.680395376817966
5.647852377060122,49.162837889568856,5.872604373008793
5.295846401460004,73.21124769717741,6.0141114101843485
5.554227641633034,77.67592792827362,6.126385374571247
5.372680236291761,51.570198563004254,5.833055317933845
5.616265235975269,61.36022363186345,5.617892035458037
5.4152289,43.1956395,5.91150605
5.4435286651651635,57.83664274828112,5.768053611604506
5.871366798053066,67.96688726265317,5.729486460207832
5.616183239459217,47.65134375211942,5.794492475971406
5.507230669538463,62.77677745071709,6.0548486441351415
5.740591183799732,74.43317077232004,6.314345862777084
5.319094126509814,58.70385725299185,5.770065377105737
5.135853812207472,64.88395990198785,5.351690038093523
5.537085345057923,58.48903859891182,6.014352624832618
5.717085725126077,63.94815712085044,6.1470794736001135
5.434878813915104,57.638862351393705,5.737366125215992
5.2680848813128,52.09782998735476,6.099246170657861
5.56761350257181,69.18191350523186,5.9805974420246635
5.346242170813524,61.06437440882674,5.724677870429665
5.3215646714599725,47.75102649745524,5.479306895803422
5.287188653715572,86.83487286992836,5.9195742789960315
5.9611209814920425,72.39801081786632,5.618239206097102
5.798974487190459,51.68901085884157,5.87236286615166
5.892418210459611,59.18693091074317,5.835688434329769
5.5861766535274695,68.46398654106092,5.467782447011461
5.582068680591499,77.91936070851338,5.84435999415807
5.1270642,87.7032,5.644502095
5.035955422852804,63.773494570096354,6.1157138725988665
5.644639039242604,58.786830486456154,5.627180397804404
5.771991809179688,74.53197715819358,6.000308426789761
5.368831626800708,73.9915836645816,5.714933014526754
5.024854626061243,75.66800411242288,5.886047531034067
5.537446870038361,54.32387885863691,6.270625495744169
5.460965802540867,81.66393999323141,6.021682316327798
5.334852916523516,63.003251800476846,5.529711808951097
5.39096114976132,84.41410234010107,5.9070488497947435
5.706918264567971,82.67672183282387,6.248937215104633
5.332308764265322,76.08930845020718,6.636387162584766
5.330377835301697,58.132656384997375,6.071824953866288
5.445934814813626,52.02064896980006,5.639252691283155
5.554699153001539,54.870099155150726,5.3145056911848245
5.611203586460925,82.88402795676326,6.069538903688645
5.4224163,74.370555,6.21081995
5.882714447919356,50.2290123653072,5.873918663569233
5.67173989463253,67.35697872255845,5.59945386271126
5.586198970038688,54.38057284050842,5.767167832402935
5.544954782019925,61.66692570253729,6.385933673127394
5.43350665411199,59.04013852470319,5.941015500022511
5.537015931673408,68.61035419521833,6.1945126014989365
5.58453464130541,69.92964780377835,5.953688820687782
5.858237517858927,67.26680811678159,5.7912434794399505
5.747478692454815,63.69794660960913,5.706866978827477
5.66307495,61.290440999999994,6.142056905
5.2647327,68.3811306,5.903672875
5.6181039325228745,42.9041496304297,5.588227994252855
5.156744618940229,77.21200646245218,6.051489264602027
5.662719233379172,50.16441929540324,6.04864655845823
5.6831157,58.36894649999999,5.75666274
5.518139836683113,60.411101752423406,5.438980440817399
5.2822178973186915,51.72178193796724,5.76916709960109
5.773915263477171,48.80384494112159,5.565899104817581
5.199987756061077,78.1654006961918,6.108518673209811
5.382650098605438,48.71136017465347,5.663988151105612
5.6686514762058735,50.19180099690698,5.707261330278236
5.34819089913413,58.108713623791935,6.443566080329594
5.282148719035283,90.51366910532266,6.218986383507162
5.617194475660324,75.15399605313301,5.965622753554821
5.705729085606962,58.144547067938205,5.821309480594504
5.456505359369938,80.84280543823736,5.8178258291479805
5.441632539194241,62.493005055996505,5.776963123360482
4.8514852924237495,110.66765191937291,6.2552559370530485
5.693139596024651,70.37252816716827,5.788878988065207
5.749175004182953,48.77176536707473,5.563792042153764
5.296019071779427,84.8409254850998,5.622210564288475
5.755349504101276,78.23922091009617,5.681058399681091
5.4750954599999995,64.9704186,5.91017121
5.71321467,50.635011600000006,5.04177755
5.663163563503441,44.34122286513413,5.732445218059314
5.630309234314754,69.3233824240315,5.690355290338624
5.041917704346371,68.03086279127831,6.223465804594976
5.395672195098725,71.01476228279442,6.211262503650121
5.171538419244557,68.90647558333934,6.049675141299145
5.384613654414269,61.3963272445985,5.8816893248676
5.6335788,69.206301,5.517765225
5.312819124078923,84.9385743755691,6.382188226878017
5.5731074792892334,52.76160260699773,6.1153666155156445
5.078352866857349,57.09224927720487,5.9839932571761105
5.474720573486707,54.95207406044164,5.773371019680006
5.374042088308605,71.93615457435733,5.912102848249245
5.317083230069935,67.8930888735193,5.676254202830632
5.10494636559872,48.054908181612255,5.696133336027119
5.2061020224704455,57.974004227324365,5.777709421536108
5.324583706842662,80.2598573916483,6.2022302686005055
5.491683838370514,54.913607376857755,5.776047986588496
5.816059269211878,71.73346018564844,5.569025978050872
5.346357643082603,56.864492041794215,5.7451074181744755
5.761889995655257,55.50821941612069,5.926084079746303
5.2258573038284535,72.22546043499095,6.258469872488515
5.3573552428821625,80.78530281011939,5.927324924078196
5.449328911474496,54.61047409669206,5.791276868187142
5.4082430413512705,87.6516659812026,5.919802971128999
5.585293714041961,77.8111689556551,5.82235536800805
5.516626731762224,73.114558411762,6.050079066541073
5.498297042477869,71.82409903196299,6.168506365743774
5.255186782840966,66.44191984030157,5.9661296952998235
4.895781174692091,65.48326940482988,6.119764689983395
5.418837849347127,66.43172248137098,6.150832603659828
5.58090789814845,56.46946059295136,6.088703230087096
5.259859379874617,73.3534260598138,6.1147478038502605
5.317247230368277,64.76063122231605,5.911542454508656
5.4847289994731785,52.762609358112925,5.71587908085915
5.937596437287302,75.24630195237314,6.329151992432858
4.92780482838015,77.30412379704605,5.756221112254794
5.4283940688537715,62.81339401320041,6.017220254468871
6.244691657994628,75.8677100686531,5.579429693236793
5.366058158734703,67.13172951088785,6.3911220301822524
5.1089543461132045,75.6231533523221,5.855917261278369
5.049096107911921,60.26619893452997,6.098231720799762
5.733981511898632,62.08292504463582,5.977472251495361
5.300239065306286,74.837827486894,5.501894623614481
5.3981876912443045,91.07520590172099,5.762872089492038
5.462021058036933,45.03625270795558,5.638322305308368
5.39382753,56.312642700000005,5.4475905
5.289815634394587,59.9492608487367,6.143096518562484
5.276595522408533,72.44291503191985,5.792106589339436
5.608257768122113,52.45465731659585,6.0299963004979436
5.460748120987605,47.942847408472836,5.525198382502851
5.141733066081405,57.25577459275871,5.768536976159882
5.23701591768533,51.37515308412537,5.825497735808925
5.345528930074972,66.35345120343679,6.050079728333473
5.516970809392006,54.80474858392716,5.837570705855116
5.179266165615607,57.56682535885455,5.947056331495367
5.658752993004561,86.41903880954885,6.399012873047948
5.21823717,58.434651,5.881776705
5.713134148271992,57.77543314103437,5.4898157005289905
5.876196813846391,71.81868387332418,6.219996905011168
5.530204330758751,63.15306839091099,5.775191250941411
5.71100273176812,48.27481174657173,5.558569760864299
5.035314540929007,74.00580568420386,5.72950077268954
5.480176357762635,83.72477132692336,6.062630822617459
5.689550139123595,65.82761492363137,5.890732267653189
5.44469076108366,70.7883031497258,5.900637958211775
5.1927265550851445,57.86156091066479,5.927010062986598
5.702416616155304,56.40852099030829,5.830303535684719
5.50610224680766,66.28771251129551,6.483284841514855
5.287566842177238,62.26366048267222,5.7420041726404305
5.33314326407257,73.9996446698985,6.5994629872587085
5.404534031724308,76.57636045748019,6.314286488959842
5.587716599999999,66.221721,6.051231854999999
5.5719500610593675,53.86534864331725,5.790381217819627
5.495889745591355,55.45764146912575,5.549692733497023
5.388726281367206,62.130096373785555,6.270495499448335
5.3294319,52.1176302,6.04577834
5.278552883516371,55.68562793138981,5.410783583436376
5.449278365196001,76.72953507468348,5.857204045475392
5.6578310693828415,63.947158616737056,6.137204623186649
5.716579639454413,41.77698935084478,6.11727037581906
5.873195528280317,56.192133489466265,5.746195433673069
5.354630370000001,52.4479824,5.926998575
5.534410158857345,70.7405282633105,5.555538006634713
5.650386703919411,64.4754771212101,6.006199306648245
5.345795124227286,69.05817944124412,5.815207610021749
5.273803203721881,39.74790523862493,5.629480632356798
5.620440986757803,46.980300075335855,5.742182742992275
5.336664578688859,76.9360311573608,6.084807616193198
5.069371466925568,60.649534515570096,6.1468123631529155
5.718537145435434,76.6888479662733,5.50157619233294
5.34563678583681,51.11242203684868,5.6829327454577285
5.618720165123381,66.82518810073579,5.66639322359128
5.93560928876816,69.02291190438902,6.246112475077003
5.718576097872633,36.100624739084985,5.621442759128958
5.0737203,90.615798,5.99253094
5.0347448689063015,72.6632144641853,6.20202712566871
5.314185217265256,67.59260371557612,5.744852403330254
5.645671723457241,60.511883610560666,5.746367451201523
5.520496349575557,47.29055399018822,5.541718526783606
5.3421194929685445,77.59391579156667,6.220667724069313
5.630605868700653,60.774285074763185,5.738019800654539
5.879139373399878,81.50227649420398,5.766608576396612
5.714301805748546,72.76890454224986,5.639822249079229
5.591271059003568,68.14151374363261,6.046719667474694
5.561191010490936,76.0060095101037,5.799686693011429
5.6811010500000005,54.140859,5.9762746899999994
5.7481902185467035,68.11712130268674,6.014143885036023
5.425322225996703,64.13991158045455,5.823741051572517
5.422889943264384,65.67504236472915,5.4703573290504
5.46859845785903,47.883993901038735,5.8148065478413775
5.547226482894898,60.5483868139267,5.775768047814608
5.457797875310084,68.3059675713527,6.1906267460430575
5.922002734286999,48.923029514161755,5.779798492582645
6.011063681132438,74.66186746398085,5.869356800661233
5.778509711599374,58.85360348656475,6.0799080567031085
5.3640473785960605,69.00746268511712,6.041130884176074
4.663812666756492,80.37496759317649,5.983820946075376
5.399554706152951,72.97973281634718,5.546379891914874
5.293619777621162,76.46596678862714,5.973716127543706
5.473042473697867,53.62649632731324,5.9575871899700905
5.175457791097938,59.08329391267257,5.733248590063799
5.062467025834609,64.34424397093976,5.655070097155124
5.393648257790402,68.7841300094378,5.6737358825728075
5.551773324078798,67.37695674974442,5.861701554832208
5.935575583342646,49.577860489600006,5.8463730376162895
5.202533960522033,66.40702878811311,6.013188619822818
5.677286985595107,89.62309256130159,5.832033628064287
5.516771157650291,41.31070692461943,5.5175230846456955
5.653244313884371,73.94468679894999,5.868701415477777
6.017404378525507,73.46858408887088,6.31331243113245
5.533429505899489,56.72356486344546,5.886655627216548
5.847375929909456,47.26079021476525,5.494436583615822
5.591896990213022,63.7428300335056,5.620213242969089
5.952093108032265,49.4356649690296,5.650242620824214
5.159565022065044,64.35315017654001,6.043265337976337
5.388540420990228,50.402786340870854,5.739052470856357
5.827524971614576,79.38437244935537,5.642474127912423
5.818073424478665,81.62164675731958,5.84262820511958
5.439107682370307,57.09548712818326,5.950126268965298
5.62072526572027,45.91477048569579,5.864346417872107
5.081817632086709,67.67822164368927,6.269173563299728
5.2644213,67.1048145,5.916727175
5.510117530660343,67.86646550950528,5.973385555565358
5.503657166814684,43.13959454157661,5.603654848173584
5.130586431614202,65.73482432320833,5.92691241995737
5.325629903512075,67.4156113237902,5.863376608684965
5.5066614534582845,59.52289671022188,5.834864193689629
5.098855163701552,83.94358310283243,6.332991746600047
5.546410059888411,59.28274693121129,5.552091611264574
5.447087208223897,53.044890453907264,5.9353238322915125
5.148314062903484,106.69295263846962,6.164766040934836
5.496166438352898,68.59849151453972,6.047432782861903
5.51267894103958,66.11665496629118,5.924083692716384
5.4612029893449305,49.533812924395704,5.73496918258462
5.2015624548347414,60.35775768351858,6.156892962856556
5.433381575338036,77.36399400681525,5.855383925175011
5.594740004104996,89.27378218247378,5.927175924689603
5.2348677299999995,68.674671,6.24132645
5.513731764517685,61.384573408969786,5.672700999136155
5.28447365447731,80.86466835539044,5.733526318016199
5.601256274191308,58.80270677886987,5.708906970097893
5.349077702234142,83.14942986150649,6.15046254978821
5.811033351049144,83.01232632371976,6.325304147733733
5.055157653535432,80.3354114723543,5.538449140080931
5.574641616630489,65.81819903582193,6.2254804831139365
5.203470089055537,67.59058689154595,6.041103688090275
5.50407825,72.592065,6.12230401
5.396227378689003,79.23043162361199,5.905538510586035
5.37478335,62.890767000000004,5.98066426
5.412583796153004,57.183023267703405,5.847946542785373
5.628118986497933,62.32780617264843,6.178314587667635
5.536322579981002,50.35384950264591,5.810615550137586
5.660119499941957,63.9720556946807,5.679762798969573
5.686660050645042,69.26977533502233,5.673128208690431
5.661425399976552,60.85411361208344,5.8034002341714785
5.464026365219556,61.41642254990422,5.4547857168646035
4.993352483500301,74.32507516496247,5.933522141842934
5.5047236036837095,64.79482727196933,5.913642839743042
5.8314753377214075,71.30392672345042,5.470245044366896
5.290697300155611,65.45224073389221,6.167772809502041
5.305490795958129,57.50138066571605,5.711295430518466
5.919406929426415,66.4558891885047,5.8667342984257544
5.822409019404351,66.29156846464426,5.520920140942267
5.300887889360809,49.5343953686769,6.133895952682627
5.2957584,72.4925376,5.8311785
5.917499069470577,57.89624448461136,5.6904027881059545
5.320053519714648,49.442606422566996,6.1771098180643325
5.41333655851109,64.03544524089969,5.451112623373406
5.89154245800544,72.41855043059832,5.919687566213879
5.157923512935638,59.98862224817276,6.052782165293217
5.691508614627063,37.118555104091044,5.8289551494283005
5.543785236660098,45.209544232862704,5.633308580603102
5.70607507340211,52.501102074681754,5.571481193131155
5.200641443256659,70.00771508206363,6.000742361624735
5.3971170425242185,68.44816516875267,6.2336206867694495
5.1644322,72.92705400000001,6.30768136
4.906035594600762,59.16186869311952,6.1901443181094855
5.498237279574637,70.95050965682398,5.877637406064028
5.784640085646439,51.0501991760485,5.883664983032651
5.84719923872447,64.28493042574227,5.841537851444021
5.352211227066516,84.99535574104156,5.426932218143701
5.413470780006021,49.20505187169095,6.068841773263067
5.194983309111405,72.35773694373846,5.84344089962511
5.229290565399146,45.88487429310194,5.783436941530627
5.422108073192436,68.3203098861495,5.696909013739103
5.546889417675198,89.97964854217356,6.271680589717279
5.647804947397479,55.58307080233524,5.69954325923055
5.650823790727557,51.83628025351458,5.589174282264492
5.3014532004405455,49.17646030273128,5.782205143279719
5.134669460775686,95.53409407754052,5.829519979453028
5.174851259213686,83.27592388480902,6.116223907662547
5.582001407560615,61.35665945945967,6.016033842103523
5.304110261821747,60.42166246324778,5.7413498583154565
5.248332837866561,59.04452225200331,6.295477562633911
5.200290705016994,58.64451204836688,5.5106130053904145
5.481442176775264,83.19627378092171,5.987352974172934
5.46035674428758,50.403869024387596,5.925765938826859
5.618538188148613,87.1104366873889,6.28355527510705
5.908798858721528,62.13075834918433,5.728654493336495
5.481710768666529,69.10231911995315,6.074221389618591
5.483607743887764,59.93875082041634,5.939745062529339
5.391210671409154,70.28045193089807,5.960676975394362
5.592892864062989,53.41299980882501,5.611492858429265
5.654157292109633,69.38933019804955,5.8715911463970665
5.419883625572705,53.692562778609975,5.969047394059858
5.098940640690315,62.506567139849786,5.822442613022071
5.978999458388221,50.29997096785068,5.694053253569834
5.38845679529736,73.39334008026837,5.903924748612732
5.355381083226907,69.62823052092203,6.165263786207533
4.982362817856252,75.20242091010691,6.08540947442072
5.126846038221354,88.76936814848375,5.958920894311425
5.5483459109428805,54.10755430008173,6.096950129566708
5.577155664346715,82.80018859884616,6.196602184309956
5.115831638808119,77.33157362146741,5.7319662529149
5.1004485455786295,55.07475849491329,5.626820728710283
5.5082882188797,63.7919665348649,5.88471484638904
5.019759463026315,68.16064010780836,6.210559638347006
5.291308851717782,77.04372840961265,5.944968546277101
5.592841977838397,51.837032709364145,5.637116500169994
5.016711521780491,100.81965477638245,5.982378495090172
5.34783726,79.476012,5.83361154
5.577996710824835,48.87982897115493,5.892862335951624
5.500499164851725,72.57160810934984,5.712561626694774
5.30791593712616,57.68862979031848,6.015989187237644
5.1685518322784905,70.04731370057702,5.9454031563140575
5.714645713540817,51.76941552719169,5.930934195259452
5.685036563553553,72.54040836291283,5.858968831391549
5.549507607602509,61.36943381303376,5.985520051027893
5.4901243299561955,51.93934578378737,5.602449248220862
5.188157431491995,39.6558798727932,5.392455205253483
5.330447477131068,72.19412358707785,6.087003298030507
5.07262566198055,77.5790241400149,6.291048072002382
5.759136145203173,57.31338735814333,6.125671086064279
5.508797886366069,60.525420232068896,5.726123338740522
5.42550857372689,60.75193660937667,5.849758896121967
5.0575891000236695,79.83820980287075,6.450402064715177
5.413743752198851,76.87454373711735,6.012838744391501
5.623409132879563,73.89394776177978,6.095094310030861
5.04322587,92.81170800000001,6.594585599999999
5.4007500161033635,55.64528452981854,5.527557501807901
5.772070036938071,69.92345721544926,5.805540865404135
5.5808854743077765,71.5479925412736,5.890203733849967
5.468392514290863,65.05976383022963,5.7767681311966115
5.743305938036412,56.96095357723749,5.869671661739946
5.523775669747559,80.04853959042156,5.818798433614508
5.23911484984603,68.69715122652843,6.030519947962397
5.419619780888783,52.091403404642335,5.658710976107403
5.830248567092323,48.296127959472805,5.771835858797678
5.5726974,47.4050718,5.84494646
4.822820094327545,71.51631726174544,5.884541873097511
5.430550207750646,58.92961982386899,5.90952677080341
5.5542096240255,56.01176322442205,5.677390960681318
5.396589487702267,57.49787776468455,5.781685077497852
5.361125425760614,56.873172620674744,5.535802541494019
5.60986171359911,52.67062971821386,5.4609610364063705
5.366603842166448,78.2184440720811,5.822274994965612
4.8925619174726105,89.66458750954818,5.995624172280121
5.2771403647877575,57.35381144646579,6.046531422654593
5.57448984549423,60.61256442610646,5.903246867872944
5.476041768253505,62.353301495675744,6.308694552457035
5.933738320167541,69.64768458194733,5.90596499311142
5.510178083930413,109.62708928831941,5.810420891133247
5.427391815121097,74.52393047476316,5.986548112103087
5.399013647778863,61.52629730544198,5.6592555884675475
5.3064603,56.965464000000004,5.73893225
5.788091088010633,64.2818417513026,6.200795070317036
5.748616120872069,43.260213126103594,6.207205855985183
5.637853763520808,61.330183246945865,6.043314182654895
5.5694718000000005,55.2055572,5.682326925
6.107618707026291,76.72568018231088,5.852323184513673
5.298059022804832,57.888543268178935,5.616077435320119
5.676424242571592,78.68982964010239,5.758128813276493
5.193454750923805,67.11627514884758,5.606704175531519
5.393596338401622,76.64060539855465,5.643034360749183
5.411523607281732,74.31996136453861,5.981953844127995
5.673824644352925,67.37443733543921,6.066953853979962
5.728789233932261,56.37600410694796,5.442793600044086
5.629163112484895,79.65079919924068,6.087938149153224
5.432856545956403,66.33575537230071,5.720987418977196
5.421417530883618,69.86929569227637,6.198183599657309
5.56117884,54.4287006,5.806477924999999
5.897432092085746,64.82846975749678,5.536657156505516
4.982039528931636,74.05730737600761,6.013591362298776
5.214929889085663,67.54712288911087,6.369257997330174
5.831694026922655,50.43240351601339,5.708659496111915
5.272512816500931,49.892094661437035,5.974426358384972
5.228065730978537,64.60019676792312,5.614585467363572
5.527887971754423,61.281850757836196,6.127917632132007
6.157981937827002,58.30657586149167,5.2850180159028035
5.680749093799746,60.708162416294876,5.832909623387625
5.137946387043816,56.56743087953974,5.933225191162917
5.6779085172472,50.084139863653085,5.941801188832579
5.481139285200601,64.64275371244813,5.90604164849
5.732645378619388,62.1972744142003,5.760622430586421
5.47610147174325,54.80953105084882,5.561299723613338
5.725209230831826,69.77028346898402,5.887465516979414
5.8544757,49.609836,5.755612139999999
5.419566908662427,70.76842472078884,5.724428555117017
5.66563635132072,69.91398978131247,6.136698127916859
5.592159364365909,56.049212967633885,6.071851164592399
5.497273598965779,61.835397171074156,5.740007715458326
5.559445992293636,53.47234670293107,5.967276022363085
5.190334255958498,69.93121139219177,5.431688434427358
5.258420149070263,53.58989454924363,5.572641511027007
4.975796284042274,116.77797548236977,6.790245509763476
5.237244777772692,62.01928453877503,6.3891608253468295
5.800814851942516,61.847234612711134,6.026530775762895
5.400980100000001,66.301398,5.51022955
5.41638886132307,49.79628869595308,5.487157316226874
5.821485877103246,61.37198854828321,5.24118399097946
5.0937530733647005,52.783410339266396,5.898460526068611
5.712975018253231,57.05320813114825,6.229682690684389
5.333916570992482,50.31194324008434,5.862272117382455
5.369205586580271,41.20304317412915,5.863166171344379
5.770857622188773,48.230045594149495,5.768095166715107
5.875624453874087,78.98089106808042,5.8095957635080575
5.649654104534927,59.35580234428138,5.742697538409698
5.407239160807395,79.03316888980281,5.996927751981473
5.354919545677184,55.74735669160226,5.858174812237044
5.785139946523482,45.15423321304858,5.630750744639497
5.65096448979215,66.94054810745895,5.663383749469601
5.800945347993183,47.627253925848,5.922455549877953
5.51116107,54.602483400000004,5.73481604
5.257029095301654,55.40155165933988,5.655128019703358
5.351738747759366,54.2915752093985,5.495633564520613
5.429690173485088,55.4391461501779,5.747228251195999
5.3351462779789,74.66287687229348,6.133194535379499
5.124904049753813,58.79171379575742,5.801010918673206
5.531177255921311,53.16706014252475,5.543457909337044
5.2623786221705675,56.600585931479934,5.865867935036182
5.5040256,67.62159,6.043481895
5.528108965507149,64.6779406959325,5.915356999855053
5.419430630230451,63.58290489834202,5.828796367894834
5.545928588733047,61.33289139489585,5.616413601656354
5.394628836951256,63.59833080278636,6.039703924359083
5.2410904461957335,72.99036812927783,6.200503139588279
5.636070331018067,70.47761825885225,5.7632520091746295
5.470994343494404,62.54221221300995,5.6155947360115555
5.636449547553289,63.90425540041715,5.973737964204821
5.234517104000509,58.11733915468776,5.747744806372382
5.433392514491995,53.94223692768365,5.515257130012632
5.44000214597345,75.47439135259384,5.699743894612196
5.359820066261291,62.8620707520175,6.294749768219906
5.682036076096624,60.58211246014863,5.9658264059221
5.271447627015552,68.04031162768936,5.517427263889057
5.006917127422811,85.10693516378832,5.53071933293866
5.3030727,90.90932400000001,5.956027775
5.4477390266840215,54.85583315205536,5.507470209624128
5.412352295229146,58.83051534466463,5.81586204263339
5.266518514825011,78.6736240998088,6.201886412899695
5.45245803,52.425261,5.958871875
4.991089759869576,58.54802583569526,5.722750968004322
5.667223553638544,71.22745651022434,5.775236176131251
5.595008283099747,73.44136871997036,5.995716378174
5.1752839963939365,73.28380151772804,5.968274956062839
5.58557230690959,45.97521814929998,5.804958371651798
5.668230262950504,66.71773636312557,6.088662527626889
5.9350482,63.102699,5.73621276
5.4378423040004975,69.1240343368442,5.691011058156467
5.507357806432064,46.75173467460165,5.592691995800037
5.53119696,64.83713399999999,5.96662685
5.5164915,52.6084515,5.712786505
5.40441216,77.4079236,5.95393839
4.916839682279583,61.695414619108234,5.806125501775929
5.243020651400959,67.74636283266311,6.321515124404287
5.479204412687015,50.096890388047456,5.608737152659471
5.558985691176691,63.577260079151,5.766393499017772
5.383371816523307,50.3454879678997,5.636871153320145
5.31956008184042,53.31854082491779,6.098914563209797
5.483618328047026,48.71260148510815,5.86071447041143
5.156991008138236,55.772620382900975,5.855742645983699
5.711564822619736,68.00116775161148,5.973930724128276
5.693659043122839,58.88805417000049,5.736637686021893
5.375154447562963,67.50891488897011,6.099231597245559
5.415505724799159,37.06563883053661,5.6062470269640325
4.920678313472557,86.38665998058892,6.306658314363242
5.939570728022159,72.51702530456234,5.741645092129766
5.2380917169040115,76.22878893217688,6.162947464581509
5.494851801720977,60.532130344748204,5.439134335434636
5.333249571282861,42.29857912052966,5.6787167889255645
5.027869916097736,87.40376563669038,6.178035416731265
5.612015400893048,61.263262950524926,5.662105411517545
5.562236725954294,75.53518301846339,5.718049650735044
5.472786641477526,75.04255668995022,6.118582379669928
5.5569541205187205,73.76883189322936,6.233848820236226
5.280752536850485,61.625555411578596,5.867978191712565
6.089528457623052,66.203665771406,5.76704925598408
5.3336777608534875,73.07044231238676,5.549123735043921
5.8540513181746014,83.147067722479,6.011133299748021
5.667762893580203,68.67417624487065,5.61705061666168
5.380726205797338,58.81643762193912,5.94155597243281
5.425229182948172,53.77016393558318,5.694678196244863
5.3117368890586105,64.0949478052977,5.674389607582125
5.434259788008809,72.83452307714343,5.761126304872742
5.579461344209195,76.12978533324599,5.894057784284056
6.014634069833347,62.02296581076187,5.725855060227215
5.42729588010453,67.83174939698868,5.647371798713797
5.4486531,98.4942855,6.1231789999999995
5.660238404583633,47.11975648662332,5.983916089450464
5.638976507090997,58.58990918089412,5.826088634852391
5.789298141934919,78.4806661914878,6.2292846682874785
5.669772863241273,52.16584478221056,5.559877567220669
5.82799694762392,51.980386277592764,5.565777033885837
5.418732053209806,59.576495673563,5.533767842402971
5.319135270904191,49.56510919960237,5.747279286630684
5.506132247089361,49.00062292699706,5.8045042970351375
5.369992829796695,64.83309072621131,5.680420076656186
5.449932130514413,52.643434398685706,5.662751796047094
5.187120035645235,99.78296191023045,5.984859282924958
5.447341206076315,59.31971139285893,6.167743714875206
5.443142760000001,66.1721994,5.57603281
5.505974159695297,44.542491044651264,5.795915109169483
5.470219014379024,63.030148188098785,6.127523454659713
5.337877326162278,48.23420969435275,5.947359377625286
5.887702862144154,100.65425549293444,6.368564582531909
4.983777890834214,61.25484147366584,5.763019735902979
5.4054559494166075,61.36667052320242,5.896575334518833
5.148682969180527,80.00425535816645,5.6362510064165345
5.912664299999999,68.817042,5.56927259
5.130039511227631,66.62740340417581,6.00770206300505
5.344512564482358,53.269711723027584,5.58594028023355
5.760820220539046,70.8273872185798,5.584673335779095
5.391047107447678,58.71444979147631,5.976077664122958
5.202073682530496,61.63321373540193,5.8835452873197935
4.963532857244766,74.1274849700855,6.161727061734137
5.826767762353502,58.10278217829126,5.836767340369703
5.995065909703753,54.320403059749815,5.547211408348159
5.349688516767015,66.09173691695386,5.733262521610592
5.311856933056257,57.35537909322989,5.6894224429787545
5.537254620070307,60.88862829387867,5.7750508903001805
5.287126316720741,71.35739040164952,5.865793221995756
5.371500155437482,88.67111794594896,6.21518535265218
5.411559147121337,78.59657970494449,5.930270847742334
5.33416952847476,82.35583307941722,6.153885150097766
5.244852206528992,71.40804503209233,6.004298246234104
5.4986409,66.209598,5.550005725
5.7996637459515625,55.855255553334864,5.700377696816346
5.347291606241137,79.38061357715107,5.641014978004479
5.45023537696445,52.8057559853663,5.5698600964905145
5.721429643863677,50.96584791911471,5.744449607646299
5.829750510122394,44.784955970805214,5.845581759854388
5.165829490319252,44.68550937108707,5.737396648983126
5.623705678853793,64.92654372694695,5.922719623265896
5.469736194835126,62.5520950376606,6.046701350870729
6.17637995949702,63.867970527860166,5.719571617715955
5.267461435898764,66.6330181669405,5.957392148916477
5.193723089495205,66.44535600746514,5.923670991175685
5.110583367507094,91.76618624997523,6.058428340750655
5.64406480888722,80.28504077991009,6.448760987483996
5.8966639011341035,55.922397184731366,5.588030759877101
5.275239186295188,49.404832812889126,5.478897133516236
5.657993796788257,50.485210388971716,6.060479024379361
5.420778895110892,46.85108459861374,6.1504262924856485
5.82043005,68.235885,6.3034384999999995
5.56670461209259,62.046176823410214,5.759720991562211
5.579271073900103,86.46684414529454,6.2766087220405975
5.3276823,54.813407399999996,5.89305765
5.717717033600828,67.34933773811109,6.009721614639164
5.807789704896262,47.10556904835082,5.619766466355655
5.265435090248835,72.56284178088998,5.9400649617729995
5.363168729413032,72.70528867406846,5.811585500089655
5.521539981036078,55.3074712164628,5.583286493493407
5.516080608511663,76.29670284151777,6.497728767018693
5.5350854446097655,62.80999254073334,5.649288554970217
5.796104477522343,45.59441590365142,6.068112148382068
5.480235204230517,62.0514607126633,5.786936891295731
5.553079335808754,50.21828750474453,5.834612707245827
5.630292820998669,75.05243156090737,5.398392372027946
5.50610510375315,61.847630107121944,5.66737762846589
5.8159141334447195,73.0737350673409,5.624695842417113
5.605425484505546,63.03360241307759,5.870302586514732
5.475089736260086,58.8754353899166,5.9049869521114084
5.656714724481129,45.6351036312105,5.731304343983352
4.962150491427853,95.30254063487685,6.408682125287313
5.43942493399143,71.99614542676665,5.7283249532454725
5.395397014771995,81.90869064641261,6.317764494235772
5.460635808493083,38.043342755853296,5.647682718214883
5.6128673973804,69.44227567918395,5.881839249943402
5.248427469517922,95.65783326703357,6.832788043740905
5.45347296,73.8405666,5.9098239
4.898189945727465,103.52388446314008,6.306621235605106
5.422675385610156,56.581157322020914,5.788874474173176
5.579227235435498,57.866845060915765,5.528960814541096
5.382391322537457,56.07465926738421,5.689322833144069
5.497707715377753,54.59462750818598,5.709691801029454
5.547318704667461,55.899683992957414,5.774190496213687
5.28326253,55.654520399999996,5.68362275
5.8127730398585795,46.255886653622056,5.656720079999876
5.390176861979068,64.21818154090327,5.57030921032721
5.605588299351752,76.15088965145542,6.118442502481356
6.1074342,47.439589500000004,5.695994075
5.185609654896736,89.04932433480353,6.7123793623953905
5.487089577318371,53.92616654256142,5.8588074621826705
5.126328132295702,70.37937024606931,5.809646846813998
5.409545464691749,57.73095255814915,5.691613139414713
5.620443697222728,94.56869762630373,5.9260502073329615
5.458187449185162,50.75961298934092,6.239213875015665
5.216955110720892,72.14740192724614,5.925909713388825
5.594603896889013,74.13755815766203,5.913888806675143
5.39571376056302,63.35383324812185,5.437306761379175
4.907036814714598,80.96423814103292,5.5241302009515945
5.55766949445591,48.059192546267504,5.627874613572855
5.46101313920603,62.85386874938584,5.727397845919987
5.24247363,75.736476,6.298816795
5.13401906400758,71.12252082615494,5.99069242807737
5.20216355036509,56.33531158922617,5.834805916793227
5.285665701740361,57.37764007883072,5.856244065127134
5.640131974711477,61.651808461929555,6.0634788866255915
5.448639822876602,65.0283018838808,5.863714695856064
5.731313245285892,65.61132775986206,5.898042325133661
5.291690344620611,68.71109652759432,5.887388540201211
5.392093200543338,78.26850014733017,6.490464128922522
5.342114459173659,63.071797594787775,6.065645411814103
5.122243239232743,56.33121973066903,6.0324410295202355
6.053642512817144,66.44439827306746,5.86215687166704
6.071072087907266,66.20615981655884,5.673826099956405
5.415201772771159,48.22124237420985,6.102948132742856
5.445934830000001,64.8136845,5.9193354
5.505792404510159,70.37723380377359,5.791285799776108
5.5172718365394475,69.63116446114897,5.946463212547675
5.014549112491578,69.99077433658076,6.012071227164326
5.635870405034798,64.64750780832517,5.818787717330282
5.455971,57.513546,5.6077962050000005
5.614066399887933,64.8422469854886,5.739062114539852
5.479219345144505,33.07196125356513,5.785207900590657
5.327402720307875,83.001607029778,6.107427646869538
5.739282456117153,68.82072846937967,5.2995205739138855
5.547485035220704,66.57105055635131,5.97432899632324
5.157817852146631,61.38988286719602,5.885532865324998
5.615326740406364,65.68979338827357,5.6531385768236975
5.381281024987569,83.36145809172437,5.922294008855223
5.676298657963197,61.210442026903635,5.928710106804684
5.358756536539042,57.806876005882025,5.94087908737879
5.972361936460659,70.35883873208333,5.600283757116843
5.833893045444107,52.6419572649637,6.059250922233191
5.437177884305938,47.00900498516112,5.594086175600401
5.712627078863674,54.51459382136722,5.782214971567079
5.061175474190712,87.98095083062935,6.460599895846963
5.294951405096103,43.29636375687027,5.456931106513788
5.625816070649456,67.3593416298583,5.602519360738242
5.601074442539518,49.489538474412925,6.146331566081418
5.489278481128216,65.51134786255508,5.7118980248846265
4.923564397650182,58.00586866618351,5.937456005850553
5.9435846541274335,68.36047343042702,6.382061909407824
5.1205048009241585,81.21842589829384,6.587366648796726
5.253232235449637,41.552274410814576,5.682456201644845
5.202583983740013,104.48320965521877,5.853334391962936
6.0148492553734245,71.1488885936107,6.074381439008486
5.270653429364007,83.48583394274586,5.824776876040009
5.50162385285187,42.546294534885156,5.538640133579532
5.691164086146533,60.03625738562644,5.887805276584079
5.765939558235669,62.76911898844099,6.3304012990332845
5.204262208685017,74.3229959193027,5.90275863673383
5.36058828486649,58.71315871061611,5.3117471734710255
6.055093328342772,92.19381836083213,5.653153894454081
5.090639313865321,74.45817862101478,5.566600636847012
5.515449181383224,58.225874398605704,5.797127843676423
5.680828404951096,62.620684112339084,6.114462782268239
6.051960980161106,63.43589784023869,5.919023574518103
5.673662567358122,55.74157719231397,5.551186577013209
5.326326361321786,82.4880095648176,6.154088188825793
5.960314885249549,57.349716216857935,5.64031719227167
5.181990663489143,57.55345782192861,5.948978920277109
5.4530775474749165,54.64872607628706,5.835367410769454
5.131634565096856,70.90683460123134,5.751577884131969
5.310250437569618,80.87602361154556,6.1426697289514545
5.087356694768925,55.85492667965021,6.042756249242111
5.214099739953464,49.59040332724486,5.883103432983385
5.0982598140857585,63.193576636563755,5.736660037487769
5.770041068213472,53.58009635484695,5.543088313304789
5.605098031058585,50.01582713110885,5.86743119917827
5.22779030311143,78.77477960852367,6.081996479866371
5.283456361987913,53.646486176464855,5.834912999692768
5.4798741,66.882537,5.680984605
5.8997651452005675,61.2305558230418,5.591858721401229
5.306255191307804,72.31173701692755,6.006499032973504
5.523878780047924,67.29457368907899,6.132705036797249
5.55175906789062,52.92379833902228,5.783732845204223
5.3457274306620315,45.064730198212985,5.538960746620943
5.823699503725388,56.776460001931284,5.595452544133607
5.204677987706948,74.29611712633752,5.48014692452842
5.156855995601184,58.31354454128227,5.576878285313368
5.383267271303939,68.81334751146557,6.169019629777253
4.993369589268995,98.4005947054217,6.302566193076765
5.844645894011422,48.57973660485309,5.7138339897376
5.709016951237298,76.55547802802754,6.1327787330297046
5.6309206961124225,49.30945154856267,5.937971955192954
5.0975202177673244,86.51399030385565,6.213897335257709
5.368742603368772,57.93893727763581,5.619347607785976
5.244563879801577,65.65123578307504,5.892151682652763
5.175803740928478,79.68616687946128,6.399011172287407
5.093070199241698,80.38660982181638,6.163998225057224
5.312670696457495,48.02066475824028,5.500791288920298
5.2721454236858944,87.91193651734828,6.201803280727291
5.200634341007262,52.04281186195284,5.650127492610305
5.684313494056928,58.9104805566861,6.0512817242578905
5.455309958518173,54.75659795305438,5.92112914164772
5.510824385442305,73.84516970617587,5.4480124540492945
5.844760393541586,78.9799436153174,5.91977660633485
5.55331142158016,60.52201466077388,5.852156295119087
5.8630212,63.35483760000001,6.0368388049999995
6.037839039753435,70.09533882023753,5.916537872424991
5.205246334472984,69.28458345885366,5.780309035799987
5.380130190690803,44.04145526757946,5.609668903565173
5.600204592532128,70.58606230483801,6.208177691803038
5.2088333330286165,61.56609505872154,5.96123830924511
5.686298009708166,44.835337981269774,5.74971483464405
5.362214713689633,49.351099049724816,6.159864355265033
5.71194718583867,63.62340591662883,5.880666151743698
5.53284229241718,53.59290748740506,6.1473543521072225
5.788018570298768,74.28120459545852,6.017765671828315
5.353854294744015,79.42797397831201,5.298802660877853
5.490098840323025,77.8743667398705,5.717887105356919
5.250454112008393,58.334115019463304,5.659334062272832
5.590170851511359,58.78822855479686,5.95061938960167
5.41197297,50.58144,5.6963668
5.393031614365388,56.529849728998784,5.676690735142082
5.543244727183694,71.25571358406008,5.547028517771661
5.381490648962814,76.85632612599004,5.744999546000087
5.6037515102624775,85.48140951259279,5.811197322744728
5.043612340250253,75.38021592231131,6.31785434540708
5.295190372632551,86.11179669723397,6.043829103626236
5.921953239219547,58.88133578995567,5.579505458687842
5.989766226093436,61.363010181588656,5.7877111445457095
5.181457282083199,91.60012342972271,6.159268486110652
5.520436163372293,62.64434186118692,5.808075183852795
5.548077568185643,69.91421058495283,6.296969579590786
5.3319375,73.47807,6.21034174
6.031912376385355,75.2137902759254,5.69267111130755
5.467076834455476,81.55410973407751,5.9065011891600125
5.36937663366132,56.023221677957174,5.786548269611069
6.0133833,66.245067,5.922523495
5.451307702646195,48.31965466260653,5.415960004978687
5.211463630159568,70.57874032879042,6.464476915698788
5.847857884491325,62.90757757947618,6.008058800227447
5.4689259157037435,59.63458501975954,5.930456419989109
5.513684838218242,59.77595662401617,5.520744937958238
5.656800701737046,82.29598978950978,5.654534725680518
5.773694150040239,53.129372981652196,5.808927898717067
5.051725169862449,71.62122033254147,6.2614825123906135
5.541697002382266,65.66717100784403,5.891144155637357
5.70306384,78.090714,5.83287085
5.410816363509345,61.788997707053404,5.97134430143203
5.501616474666577,51.99928428972738,5.907947852795294
5.840511377360356,70.3426419317218,6.023680081719754
5.6915950523272985,58.368568638716695,5.850983133520364
5.417719026756608,41.596425747307514,5.664360620158954
5.30156317998848,58.34700838875836,5.652968050723769
5.752707368088418,67.34507004520849,5.953408888933025
5.312510021633664,62.01721246536684,5.92477221369416
5.17806928869077,63.52121180066371,5.603158855499193
