P1,P2,P4
5.973777494192145,53.391648238499,6.442629893366722
5.631839668558807,76.15115589768764,6.911793342493004
5.907294355576947,41.49810826993715,6.033449959340953
5.0661219711505865,63.53508828230667,6.0521342567731615
5.507427172171241,91.29002502424382,6.337243622914444
5.278131596470686,70.24269277361441,6.767323466710567
5.401296923267776,60.72591115388602,6.80465714116869
5.194821158669222,77.97754903286291,6.582773767755926
5.671416970014572,62.510318183242084,5.931417005774379
5.503342234435429,59.53639971138275,6.465911420697749
5.67125607455223,56.130671857826165,6.560580896267832
5.834271287909925,56.31561094146216,6.4436842236411636
5.696877935230076,71.21204139899515,6.385977953899313
5.560121852851331,64.58784664116472,6.045955187904865
5.494393692669117,73.20950065196227,6.219825602568911
5.639194538815403,59.4824813899952,6.0237317584579
5.435316048787881,67.5454055939091,6.358928412018175
6.040779952372318,58.750619238037025,6.907812124952151
5.753198574048102,79.68192493171276,6.7120117037706315
5.5195466663803,53.11539848035596,5.956552409147313
5.419148539611149,77.06744466528892,6.287725858086109
5.707434380838538,68.90015150797743,6.379717145559358
6.625419218401196,131.4172527896418,8.09288047508495
5.858555238603276,72.96631966007915,6.133717729270077
5.629330824347885,51.702471507895666,5.86849675300985
5.3991757883812905,69.60298732928074,6.509683335529607
5.476864990747154,65.05347195914537,6.066103344205767
5.538235465857005,66.72242969478822,5.967575387059357
5.193688350791344,107.02099082442855,6.4606044376144265
5.265314737675643,57.841609694089655,6.193987150007249
5.353724466730625,77.22205105663485,5.919847292074997
5.702572261605835,47.615634770748144,6.0289371567331695
4.66444270860672,95.03949246554374,6.421651551091075
5.191521577814222,91.58118973018826,6.253692631668926
5.407602785559586,50.82106950836599,6.023320873621791
5.487913354890561,58.16970012966871,6.415432162225449
5.602394681466132,54.16451187178469,6.227017772932787
5.891878921901465,63.90845179980183,6.403701723666764
6.846100521517896,67.327996258924,7.553887170422268
5.2862942127205965,57.020636417576306,6.170272886057636
5.565784535153718,52.78509591046238,5.8476731364976455
5.686362178238201,71.63937770275464,5.8105643529285596
5.428262824920082,53.89806842388153,6.066659942304039
5.1748598652102,52.163744934723375,6.368699187422418
5.593256308841098,62.19164243282944,6.272406861082398
5.582619930051327,54.3841897100839,6.333554811698431
6.2555917570519926,59.289713524402764,6.676998670428395
5.61842114765861,69.8814957962476,6.278975525652516
5.731651159342522,79.78085169207752,5.9981911453645225
5.544208182171111,74.46312318287873,6.109234095437795
5.3913579841424015,47.14965506800872,6.292168022917419
5.7752191027197,77.1354582128234,6.4231318239179815
5.518978063209634,71.23457362133986,6.630476983673092
5.638248705681025,79.76697602651012,6.258396968198062
5.695946567021827,59.344656071424104,6.252117951386528
5.4640126239692295,61.359061255557435,6.529275387749616
5.732022900320416,78.2623176600911,6.296134320240408
6.052015115475899,46.59928985860789,6.00688616712395
5.664147342730612,61.53405976653099,5.843163497327789
4.853856596605003,88.74947399092609,6.473884152365613
5.325773993371904,70.26943855272621,6.285284150894344
5.620277877486348,60.26249461285759,6.487879827211726
5.595165253554249,76.4895276165018,5.949773673460102
5.841191579839253,60.25683588961834,5.996251165352261
6.364617428368491,68.54429805131927,7.520182104557383
5.651952534169507,68.95032933823228,6.290699802677836
5.492568636247886,59.077738113618494,6.3649686759589255
5.28818770927046,64.20800065284848,6.452506840082288
5.440777752418518,54.41057231749249,5.7380419632084845
4.994278846847916,80.17022541950845,6.59010724496541
5.603313148847437,69.8914143904667,6.446480524743218
5.732538734729111,71.19765476129292,6.5227131968303205
5.385073147248963,69.39117230433082,6.4471162989309105
5.992278963525267,58.733149481208805,5.886886372468615
5.415896592593121,58.19757451037428,6.113621853876513
5.82655813866477,45.48081162212419,5.79247640051794
5.686096217412758,73.35081318762589,6.43105677580719
5.997047502876485,56.44361577452953,6.055911781079049
5.6953715976019454,59.37718412225896,6.543740901867946
5.828478096263546,65.1077500210322,6.355861073300452
6.278039604984364,70.21076400395677,6.523245201538953
5.173091448257918,65.32316517318249,6.2331639085653485
5.523941657134741,83.3122562617411,6.874587771995788
5.772717218983752,45.95766140116167,5.991705457793141
5.62785877482664,55.37087160076069,6.158621488651996
5.404439049359554,52.739692908818725,6.154357835638046
5.510965619256323,63.99782446011618,6.188621805570418
5.099529024771502,44.07066980255388,6.161025505275151
5.283136895076153,66.21955132944132,6.18715996310591
5.526461659148365,53.503177825527,5.954116274166781
5.968964324333238,52.700102395176096,6.018783305695009
5.915879067514002,65.57636709403867,6.14070133383646
5.697597303395893,63.49186032669858,6.414569441327996
5.83123636923813,51.449140731537234,6.17075845319139
5.9080090121446975,68.4363328692534,6.099817744767797
5.435820893592546,49.654058273661626,6.433325473602938
5.38516097609598,60.73219889646822,6.524006806320168
6.031574421775827,67.61776792398506,6.420580947986734
6.091113481747162,68.1749548477428,5.986919542025553
5.18607677235232,76.00153488977385,6.627273130671888
5.51753855395355,57.24383845098961,6.548801714951002
5.664696092705918,59.70103345063759,6.170470046603765
5.901379458719676,78.16372915023958,6.250537623780941
5.492027193308294,65.44025563407969,6.2278840167964455
5.791297584621311,57.48710169892785,6.869428137142251
5.44724866925115,75.36551960224193,6.498982119238724
5.1522400640029735,78.03810203165907,6.3697322617601575
5.2854677107542285,69.31897675569166,6.1384594942690835
5.269530730854957,53.9751701934164,6.181770247609139
5.513887411567285,82.77534868186689,6.679118470207052
5.73686382724218,107.37574637987082,7.524474519217269
5.541883784744051,66.41324663165463,6.495474630184289
5.254402357635498,55.7261658277452,6.063752177167654
5.181336553329167,59.63310689154154,6.303063702517926
5.508335015772804,82.7598707067123,5.982391153705549
5.888171306246824,66.04761404380132,6.146024867317543
6.633050170157194,63.409489518589375,7.22702039422169
5.158804026349644,77.92030098794311,6.499755261034366
5.713660357471085,63.61815070455552,5.971520532823205
5.406407429057025,70.95476267967376,5.619181801076501
5.52530489126701,72.13740547738993,6.34312153737774
6.107882183494788,72.60238085716307,6.617100571651977
5.482953796431391,42.616688488272146,5.973845371395207
5.5282000240936995,59.99343546010268,6.3192895688000394
5.3390760104189905,59.69046982756301,6.081272465402112
5.888153079845524,48.46120068493901,6.247742147592449
5.733303473928952,56.81815672547994,5.926870460039506
5.537443413496941,67.63407489577936,6.39231902711162
5.239811910290348,53.05889161628926,6.11696903870511
6.737277475394802,102.24411231258536,8.003081654565039
5.412074800257465,76.47328016799439,6.3467369618089915
5.6516772721946955,46.4003710116718,6.03915535482459
5.926674617439452,78.52413267852832,6.168766319380092
5.599237050806093,69.08159109307194,6.44393149305891
5.454493038263364,57.33810190588516,6.4595949384982525
4.748094242415496,68.81693406716012,6.677739610490662
5.437953695022053,62.8311710111632,6.203967986294399
5.195042251052033,66.95836253949196,5.982939581100094
5.426977871752481,66.31575987479209,6.186167508668088
6.0823896993744135,38.4773972994751,6.228412436972619
5.850035798966423,72.27509497149228,6.276858135460668
5.585754391172304,80.56257894459057,6.632975137508727
5.57395529376598,64.19866240996569,6.053812791944599
6.055809746204459,53.34011355194676,6.26220035511591
5.512187802115678,55.90444083376658,6.2344140444592595
5.313098250447921,68.64217785611343,6.523035496788597
5.263872992049861,76.01071236237505,6.185121543898772
6.397318025047117,96.04281342964899,7.859337525925112
5.2893494435281205,84.58473687621188,7.090225677213061
5.727033933836152,69.67016223524773,6.448570818528746
5.603466409164863,49.4712266258284,6.33123637646332
5.697458810343158,60.58325514671081,6.287888804580783
5.816812722764593,50.98977936404333,6.142584317538297
5.694527973030209,75.8908831833964,6.059017163596987
5.765615872056806,49.36650789895215,6.0458908028793035
5.729738893108149,51.2963192879587,6.030913224291521
5.627250701641727,85.96797581245546,6.685474454811805
5.667897261009035,85.16060651809467,6.2170659545360465
5.982764965236907,71.38292960374642,6.194605362308177
5.8447022313394905,60.24863833929541,6.761776927401317
5.328861495928914,53.76723189653859,6.0090745445892955
5.119247001014675,75.77780899282139,6.455893979298744
5.287136666803902,60.9967530633229,6.446394757427532
5.900248825616401,65.41965338336253,6.310843929493415
5.48646984423362,54.02082917159608,6.288837146189712
5.068425750821767,60.928049667361854,6.18327427561879
5.425816918487478,57.6752775506721,6.216671418749114
5.231988215420603,72.84625609158277,5.769072965799332
6.084202414824301,64.86486154366723,6.2647344396452604
5.656046983302217,56.07996362565008,6.080708045061994
5.067048050348282,61.45790166212081,6.3839277008285515
5.263500579795499,57.836089263547905,6.206830028692568
5.230705910459018,82.82964338368319,6.250690126764135
5.284459469448995,57.28354659670073,6.013160651180041
5.2857441074057405,82.58446118894494,7.071815579975826
5.6727474036762535,54.58004182282462,5.995316182567084
5.337977042221768,63.95276975505877,6.2684253166132695
5.1961094014506335,60.97857556157112,6.161093279592991
5.427584252372217,72.1456308307271,6.4089734793915865
5.88377659988759,63.12854043223491,6.300789935754695
5.538447313179689,57.620919718995694,6.580742428457118
5.530625147230351,53.34802108723134,6.23212665697965
5.263044224376082,55.2561114329794,6.681506438398987
7.140113137000155,72.858303101511,7.436936541364265
6.042421145730924,63.49158458942604,6.016253741146135
5.590242706004453,51.31221476250899,6.002481547510178
6.9202359745106214,44.19058609258028,7.151715639485793
5.029547165693425,70.30517088596422,6.148326873438434
5.543004229389953,54.45823019447923,5.954646492087221
5.462077195331306,47.329904101603425,6.00187270790723
5.47535324318372,44.76352608346601,5.9030803966015295
5.362415385967618,63.1518766577518,6.072272754814243
5.2149616357149915,67.0236291447581,6.45850345210443
6.088078477528051,55.333821008545904,6.651391231358783
5.61029161032515,56.29181502282212,6.35347291871375
5.119665007851017,78.4707812571844,6.301187614494718
5.5041011643874524,91.03239428015006,6.694645477582097
4.952106516265232,74.29155888136624,6.2720543776789475
5.609818047908783,57.402499029867556,6.366027769586068
5.782184419590626,57.131437633628366,6.009740871610765
5.3689581553886825,81.3569737079516,6.323015903397649
5.609259368642349,57.7268036212807,6.12492306649477
5.198180773437518,84.01769457052136,6.7098407466977585
6.808264380824042,74.48166211343431,7.275661603336204
5.68154023822102,74.8620351411894,6.32760400890227
5.6574482642797665,57.32752943066644,5.474162977097404
5.621348062477133,72.19663623175764,6.757782601201129
5.678242196188394,51.95164893606727,6.397353890540814
6.0311436650254375,76.456026257337,6.357806318363193
5.683047151849579,65.88493474650264,6.177108215180576
5.453870302518787,65.24235817917805,6.190658811997542
5.414251222863316,69.82275874203354,6.291182090467572
5.83090751003128,64.91682858016205,6.258268380578041
5.5550186434063225,62.1679975830059,6.5065698183831095
6.568487612633792,77.46132016947422,7.4039937383552425
5.116643988927323,58.259336966808405,6.001646665967809
6.634602527015298,79.7862226514884,7.171359263121414
6.24769524703398,58.7769005455344,6.73966271731056
5.489762291166824,92.93917017074882,6.14127566955797
5.488965413182151,58.45972794601368,6.095465005918575
5.773063139674175,80.44831612680613,6.296823863165891
5.163215907314944,63.41887427063298,6.331792801243079
5.820482190871666,65.10866995188543,6.091781254635895
5.514924500878966,46.84877551708599,6.205104039611184
5.961797986300099,59.412527706859414,6.3144513103932915
5.872869793591833,40.475293747349845,5.953697370022104
5.613575878274442,43.71389552663159,6.01513680446903
5.7215018804830615,77.13038405369603,6.389350658359322
5.350600686411529,68.203239979994,6.5601197952251
6.1390263528023645,53.853149727215055,6.709993999716365
5.135976520053777,60.68984503800487,6.288727017902413
5.982808191345438,60.21346099103451,6.24154556835566
5.430785039036805,59.56538729489225,6.402170786583592
5.474202975460861,69.51345243287598,6.193688964185951
5.6649075490181495,53.60241082414885,5.998879926710992
5.1656098173772715,67.44549702077627,6.3474853761731085
5.41779444661555,69.36649374017257,6.592756615956398
5.447450618701193,48.64940850422484,6.218816685980197
4.953870241536903,71.44550616128168,6.211566623237336
6.013848081439847,56.8346029974705,6.431493048833429
5.450595432460141,51.42661926531799,6.347040314867699
6.203350997447498,78.42643335468907,6.729873249562148
5.5195673134278485,72.9232982974019,6.4150189138756994
5.654236388887481,65.5573925676113,6.204612292353093
5.673930742485774,44.79214318317718,6.206042421869223
5.171980839391697,70.76442235833525,6.332482553350627
5.412401655455011,52.78486982114623,6.2651144017709015
5.269158242814518,68.72110105704367,6.640839428935359
5.500139842907524,74.28772367430425,6.86293688784188
5.642461435877985,79.313760875723,6.511559692576664
5.205467906268239,56.35916360273476,6.662448199471808
5.575371541358748,70.19733948704625,6.474869206376091
5.618870584206604,53.47645132171178,5.872202409933567
5.111404287957929,85.23343781615561,6.8326377850553275
5.468882350970388,57.874913011047845,6.3828453283677336
5.732466570327358,60.89223062691078,6.2761482526058
5.372213477236799,61.731588799585765,6.556923814745832
5.126851173141288,65.23090152405382,6.214374815993607
5.388590807250381,64.08523737159777,6.172403734906232
5.803080653911572,63.84466272986174,6.54067298684969
5.963177927996635,45.66356967312062,6.179436372285801
5.7957136571216346,64.99770227504165,6.166890794911158
5.5441332740679306,55.132077386925246,6.489043457077534
6.440036487257863,56.50002160691452,7.1942497284885025
5.459278610264286,65.53001099622774,5.9996761717821485
5.536082553420715,67.41727466909101,6.014304391630828
5.864627856855172,65.8154397925998,6.463208534543047
5.326015700495611,61.44583932563195,6.399754497034478
5.287744905491549,69.4542054881487,6.40036436014275
6.305668819836595,54.55922335376769,6.547831802218644
5.45047777043342,57.506306542059804,6.810122438066983
5.525397299538419,42.49464197498139,6.183898260078058
5.083774200704703,56.63714431877965,6.483513203978556
6.118005824134477,67.54491309348721,6.198128776438539
5.416018778107613,73.30073465237707,6.436076223402339
5.9176093005856005,59.75703744246824,6.554864920870302
5.336168313568592,71.09885345979406,6.614534429690266
5.260264011526752,66.47234449580132,6.264256357350791
4.973209595021725,82.88909880111456,6.384658831444174
5.487751601707518,67.69039838200331,6.27685620055264
6.4075233254210415,98.22189931521235,7.450663348352861
5.573542463421955,68.25680533897788,6.2061731931987225
5.569333433081604,60.67295320117951,6.384039980829449
5.989439345802057,70.58671163370195,6.881369809683762
5.862841121407907,97.31256494842626,6.254765253102074
5.266923708792692,69.56476886866218,6.318260640383649
5.556872618106222,61.03122217238903,6.452112798534679
5.150852333694681,64.52174794606823,5.933499553827557
5.55815359489448,48.86695176236236,6.305599284139406
5.510907928713083,55.14453131807703,6.376406431781012
6.940710646790838,107.54972946458506,7.986167910639667
5.317730777663613,80.86080626724339,6.309130314611053
5.508276346551376,94.80084246224067,6.720868279282304
5.601201970055943,58.02301849978933,6.742776136483764
5.627415143882221,56.66828696448809,6.603279738141108
5.7700660775909425,69.00388308481837,6.3999582958970835
5.790736836989284,57.99878882579685,5.919827415025139
7.0177655362197155,52.21316311223381,7.390516819650024
5.161169689317701,102.52474358620674,6.655024101106882
5.6267224928102015,48.11414020026716,6.479631103688669
5.714836703819404,70.08243508261728,6.144306599778013
5.832473985602141,45.04163368237108,6.0941812106015485
5.677002534016576,48.180217636042926,6.37509508029952
5.457574152304888,63.58023554930877,6.058485727676904
5.447484131332364,68.63045077703798,6.590241896053756
5.646316752572143,83.1591085896188,6.699831328060841
6.653584872455938,85.52400275754863,7.5451330752845465
5.507918786083109,60.05406042351365,5.86694236008796
5.700479081654856,59.70210862801016,6.159426192103576
6.727278263993321,79.3604054092331,7.581397116333663
5.523350046864558,76.05489323945571,6.18356648547142
5.387307470468712,81.78239728484803,6.212430751852608
5.524839346633106,65.86401154561787,6.521380188599974
5.217336055364979,82.15619180418793,6.285332846182747
5.933963056503045,68.47106894539502,6.100446925884724
5.470782529442739,77.58253735881972,6.2027991699349885
5.514459799738429,74.54563599473249,6.346153966605943
5.425038291198635,71.16583140865517,6.162799733338451
5.8873282819189665,48.119110594032385,6.499013048304248
5.386107092202251,81.2880390582357,6.554733024426989
5.557619254238984,74.99309990670865,6.007133674255299
5.412413417886573,69.40679515435976,6.2078555176796355
5.410178099709523,78.7547467874186,6.5913971569799426
5.555640457941676,57.44867852687122,6.016309512895715
5.277469263642073,66.41796132230998,5.625494458204341
6.600029595653835,89.77089015250093,7.466591216273966
5.617789512818171,63.147467709963614,6.421206186371551
5.295212765935993,74.13518851322507,6.289050570182891
5.491225520307642,58.745438638022364,6.301299489310389
6.087985483147879,52.16380385178287,6.31583197083259
5.997644865019173,75.3422459444493,6.402197137927562
5.693797327025208,64.76821483641326,6.467094466883447
5.272979551847768,73.8784671528737,6.178444220126424
5.630263737195354,83.90233210173055,6.358042088633216
5.72028454143033,60.032815326816554,6.344997019600068
5.4826049990730406,61.6878129823347,5.904442116637277
7.085861801842391,68.73569264797017,7.389342052199429
5.817794728634291,54.429396501994496,7.1036387827268435
6.498815372687043,57.98915576815444,7.338725372296965
5.122172562761855,76.4793109820783,6.45585560679332
5.768081854283867,71.19614478856658,6.646552800170002
5.899738102326745,64.94689991250402,5.9645683892134365
5.226031669778895,69.19849466902559,6.905617792475617
5.415173070600725,59.95580504790079,6.0693744930611855
6.263081032721677,93.4087539398626,7.04098578265909
5.30489810482124,64.5207922958858,6.3072125406923885
5.4241057260105014,74.96220816515208,6.832591843663383
5.632601915387654,45.7844940103941,6.168012323700661
5.644133323024178,69.76898626809025,6.556076933986759
7.009296701327617,81.54441228160496,8.018111109966686
6.086931225935258,85.01142837228879,6.426434245892512
5.751109913248122,53.581869484729765,6.598223115247488
5.417548182791997,57.04157216835149,6.29707512197056
5.574476586969696,51.21264130835102,6.641261748499142
6.146538545062803,73.71634077854496,6.581580703405232
5.1818839989085195,63.055817706773276,6.818539342059135
5.549975674709126,54.03365554702442,6.27115072075066
4.802657318518787,76.85907164052362,6.6052829535297155
5.672761824952698,56.6468473952179,6.387686529611207
5.215420121467482,70.26399372535514,6.721339560672428
5.526548347970615,78.44393012745829,6.388418436100436
5.449874323168748,74.17469719242024,5.836316384197962
5.550664457400556,69.68244321433068,6.349670669377127
5.4108381704204325,72.3361698727356,6.384746083119225
5.333676035366059,50.72203513492096,6.178889713731026
5.949342928089247,45.859961286152746,6.18663691140604
5.793476147490597,76.60502705500984,6.932056267388801
5.444038155690962,61.3751893109544,6.273203561584782
5.7358506767718795,49.777553493982055,6.243586022975958
5.2861901411160535,57.17574561232954,6.302232658476799
5.958292473578224,102.68899332286978,8.203253525635217
6.504154757760837,80.24669323929423,6.957110829711932
5.3515395115408175,64.95779579666018,5.806643478060126
6.053605378336716,64.78836826265574,6.293701357175388
5.704434622187996,42.46168270527458,6.15643050913934
6.352467709698022,94.77759239924968,7.445233276327068
5.630513563903424,67.6245796774249,6.218307130509293
6.284108051477597,70.47510120563418,7.019361696923079
5.5857509307377216,50.471851867328404,6.059632442608953
5.7829592833157735,54.87108337539926,6.465395572955943
5.311040118383961,80.16069992016871,6.524796868986017
5.745291718253982,56.42059718245497,6.346555016010859
5.338796576041613,82.20841974535465,7.078743368457365
5.323873749287724,79.8659510379963,6.838957848659945
5.674913417582686,59.79770147368478,6.3200301622981305
5.760508736603824,64.29571496994585,6.749304939014614
5.808311366000014,58.95238438989848,6.155505459663289
5.762881235253532,81.71932942890483,6.83695109500258
6.871512070457582,95.02287737851096,7.693393395517488
5.166257815235257,66.6817025585258,6.653171378521485
5.180094245794897,78.78473354456662,6.813969115748042
6.675179177623307,90.39536511393827,8.174366717199211
5.4843606317204125,61.67482620837367,6.314866527287095
5.58548624014653,48.60606441901491,6.189461177654887
5.812186841540844,58.35835579350643,6.047432470505935
5.706219391731501,78.22101954995293,6.956068598996885
5.533341950303625,62.29113975125253,6.057493473848455
4.958881101969015,87.83635356209271,6.007907902037459
5.376334959336959,71.58224493986626,5.72968269835589
5.66447603658703,63.7123046632197,6.47445280459916
5.752488914251962,59.3749225278831,6.298871194486117
5.656111453231344,72.90075559195465,6.567758934108102
5.3888379486126,73.47616568828309,6.197324919193697
5.752142281145287,68.08547814638214,6.281151738560878
5.450058329303748,53.116477646051,5.8877894982969226
5.810021638918233,54.020024247227305,6.238131750286256
5.33848512019825,75.09609129334211,6.742644674980283
5.578742154817253,54.67673364579195,6.132594749154978
5.083458949232012,75.0712947293754,6.2967494180148575
5.223375987649479,65.73335163996887,6.324488604142246
5.543937599176572,56.54497520598554,5.917864315998244
5.621319683387363,50.61617987318248,6.234895835986919
6.518591297467501,61.87755170358457,6.864266189360226
5.600724772719097,67.72470616274464,6.02542779270185
6.322651349213317,66.86310348979622,7.446491184640933
5.555522000105346,63.916979541395435,6.086610333161822
5.92507385932964,94.69854271769556,7.059841442004682
5.847175889024436,59.69464686221313,6.273309157323969
5.602803752344131,85.99154036555326,6.501875170165199
6.360859819302135,80.61737774260023,7.304086378597041
5.5836108864465395,77.5560911715843,6.602126827510659
5.834746867678052,58.50630960659409,5.4827060308727145
5.676759608393641,63.89877752359622,6.196077630662942
5.487148119098908,69.71710532681377,6.445327809763677
5.910120834608066,58.73796669304115,6.350544253133347
6.782068355152666,74.69356246864557,7.3569632459105545
5.7539686908775085,63.64487551189936,5.942836574475735
5.382192738447341,87.70371955651665,6.678618722439766
5.979096605871104,74.74494113448188,7.186965382067561
5.472702372123974,67.2633011235305,6.400062904618204
5.821372222402311,60.72014799720097,6.156239248298621
5.011059689537258,61.01458673640632,6.130700089989853
5.374701027068577,82.13779763897209,6.915407352316856
5.414928582592417,59.49271433846551,6.45645887827425
5.504032000193176,75.47301302374048,6.719812004906289
5.283871795976467,61.229396379089465,6.377573658727437
5.278822398392916,71.46924284797669,6.397431462246394
5.834187269970778,47.01576485985939,6.026219322044504
5.547200805879444,62.10849210491508,6.31689526376631
5.638610247880163,57.33982606081105,6.17779995351597
5.577576302045039,71.4638864320842,6.419761501486464
5.429520969490755,68.28103332533311,6.6615497089399165
5.561403899377925,60.916904745157005,6.544106842921853
5.461685609222352,71.12998061545969,6.7261097790101765
6.043244000476504,67.0762059915135,6.584625591372716
5.599649397922009,65.68695041556359,6.001816469492435
5.688653651917547,77.85731906053127,6.2031442193208095
5.918698384360063,65.34800378523481,6.6539351182430755
5.293728641495922,79.41243594853377,6.116505927542945
5.49446630875367,65.59441006959426,6.234700133709032
5.582805845320893,65.8699431617012,5.903805023326874
5.015559826682348,65.39367338862324,6.301845223489876
5.428136749337321,57.99315311817154,6.189339281511569
5.705897683841967,54.73593235479388,6.4874298629499085
5.238255031118202,55.344806412056926,6.393719488205595
6.303283079635638,71.72017609617984,6.577745730573295
6.705666785043862,60.50469654663931,7.338642387005297
5.4636720071706995,58.04586110062172,6.335843243691908
4.956639235941906,82.09302139331244,6.948195343989562
5.501556399492109,62.615755472232884,5.855109016202438
6.328867862829401,98.68395684414149,8.212536931487417
5.840194670646733,71.97512844755903,6.337409905947155
6.100047061217692,66.8842981090403,7.18717178746163
6.5599405183793404,103.70413524530309,8.1032009222864
6.520631541587425,64.62273007673434,7.668794119044042
6.893516208395322,63.659652841362664,7.68193415463333
5.564275216262576,44.44359973099322,6.348885337820176
5.170987039416671,113.03376669928527,6.864764007692433
5.657251307532982,66.35351532566843,7.11141810638374
5.660742181929553,66.61688788276355,6.463488384131869
5.29472275304775,65.37867693854248,6.35579683696619
5.545708834604323,80.68025724922765,6.524513514399533
5.351537604674142,71.2795871239251,6.234369686657429
5.916133778286219,80.17857805001545,6.847459712691011
5.810205036416302,87.58564985857114,6.726427761030793
6.1914210161443055,71.71175818614041,7.409314927554583
5.755971525557289,56.47939894874954,6.556283482721519
5.8942515985569,58.64753003892267,6.264626216437879
7.094529523458996,81.90164043340111,7.513235937079124
6.704222519591495,84.17543943575471,7.067041405774369
5.0590697754727465,70.1553986130644,5.731675297386926
5.725458876128554,49.431339816133175,6.38517322382454
5.240696123142815,52.952112572327614,5.954272568058872
6.453342622458578,57.84414729876892,6.452280078889628
5.417652149555016,54.043173591059336,6.280561213277534
5.557665923712334,79.68363595792404,6.983982833595365
5.575302043757458,44.20524963591628,6.188946169177007
5.3918144173440385,62.098107157566545,6.021101835288942
6.0554248530621075,73.61926402024221,6.338432281013224
5.6015161550903585,49.30627526670974,5.852030055828595
5.446373849545419,55.87488651788235,6.6738223894089455
5.5674009358800385,70.7916814090302,6.0297413964985465
5.328114089436853,88.63756359437583,6.935263721271074
5.927469843903481,56.61352247422099,6.463785813563097
5.46685065626102,75.10735601464391,5.978383126838579
5.427668717965997,70.63789087586719,6.517452836547452
5.372415655119568,78.4911036525622,6.269790119565785
5.776334406447825,97.67785202228039,7.319657776316196
5.5301950644258895,50.997541412014456,6.052331653226307
5.698122842232227,46.82097693972945,6.121703369908247
5.882190180392265,60.06750263804912,6.7859438091340065
5.856911459127473,64.9893479878285,5.997865379972127
5.535093388476403,78.9731967469436,5.970573146358705
4.8579628037443765,100.30582013417035,6.734607441187204
5.510118684180558,67.30823192503989,6.788403921113921
5.687324422888898,49.27601450649977,5.852784823184824
5.633060488961189,44.74341328267694,6.227625508402461
5.724772330190522,69.31789063979697,6.148806678966579
5.961189764935523,58.78557586770505,6.256132370881363
5.048014437113536,82.14801623786951,6.053845321572973
5.4561809264544125,51.788315067496896,5.792595782492392
5.941203892895758,59.293785608600984,6.353454768835745
5.502384836590705,45.88059356543255,6.534170869135022
5.683248786117006,81.36895643192244,6.753178387364917
5.176916049390114,54.40076934373671,6.212037799518957
6.546207773194491,80.24357720755147,7.338380141596276
5.850990593669414,37.187395407708266,6.800943573296785
5.47233542343613,58.64469123970688,6.220821256155073
5.299576989403358,66.82288039550924,6.347639649944115
5.2022381251655725,68.15424563609093,6.577158121065885
5.289349702495891,62.03772593697203,6.169196208378061
6.153292774571515,67.71343996082251,6.312025120704287
5.522620566917127,52.48149755990696,6.104759042095185
5.532611935058403,73.93413898314478,6.177082746988023
5.408413281750381,73.75865116553486,6.3587179682239885
4.761855099475199,99.33478751302744,6.442332550772079
5.794912435329187,69.88701239427745,6.0061570049340425
5.390737828178046,68.39265341397304,6.548421501620947
5.210282143745291,63.14095950402975,6.3984964279773475
5.742043318945258,41.234879519553864,6.294965237586051
6.085858849707681,72.73097112104023,6.985738671399415
5.262627010798549,72.30878838056194,6.456899435444391
5.512989036420411,77.6775539713205,6.172638465005787
5.462675220524597,56.9439408527112,6.220761812109232
5.857213049392191,65.55442038103205,6.008659862114126
5.793329207222838,56.21993496459249,6.382815922005262
5.741247646219053,40.701519138543176,6.18455216375286
5.322088681195497,93.7890057416407,6.534840897610996
5.558553184518051,61.44662426808745,6.231028201386869
5.558290234458145,54.37921507244456,6.340449468383897
5.68656489179759,59.255046075137734,6.316987347124323
5.7204860827295905,73.27442751934338,5.940117317120284
6.158141580771804,53.384187824580074,6.924537685430199
5.64049576720072,57.54987669377858,6.20033925826056
5.508843396085812,71.52706800643269,6.714938966323897
5.383532871922034,59.546899007007056,6.350807750441732
5.143279329511571,85.94619019688487,7.092566866507243
6.340462451048584,84.32279365259915,7.463774329836702
5.231132281848515,75.53156779220676,6.218750365282872
5.562479991129018,110.24517860910511,6.7943501999960905
5.618349642255883,77.54372980094993,6.368351589536857
5.368011462765562,46.44220364731114,5.822207584862478
5.635284536262131,63.51984861220932,5.959132535089159
5.889900164419675,58.13301681961805,5.978655973674794
5.381216440397715,76.08891600394129,6.254490287089944
5.7483181359194555,52.699682066666966,5.950713917954259
5.654439040951222,60.981071849692235,6.15477989154358
5.201231439596307,60.088082209254736,6.377577759303095
5.416396728153606,58.6599880104649,5.876070160839534
5.5606948651667025,65.27710763209849,6.2915794967037195
5.716138792813291,57.812553722356704,6.852819888656258
5.788745350422984,69.79762979285577,6.11445273644231
5.555620897869312,58.74553450351188,6.53753265999124
5.7497351546318045,95.09232769334793,6.496500016318935
4.949242820814157,83.01344482278833,6.414350806402826
6.575524423687329,97.11985729547311,6.708135136176098
5.48841619996143,65.32351096623921,6.524902889290591
6.016688578456933,61.26703326269916,7.373207762490402
6.022266754076742,74.17033262194586,6.284067595588829
5.690168651426798,64.46041193479567,6.1950820203799015
4.412117436023336,72.88237052235364,6.679203528350931
5.63377531805887,51.60229584190816,6.098266106037752
5.6169935417594825,43.87436168564242,6.081505058818336
6.601338635084529,56.91069690962472,6.84268785953956
5.499867942618417,86.44598612524057,6.597047734770977
5.378592100537813,63.355972868711085,6.403907423223205
5.523632287989068,49.010458574002925,6.468513806546461
5.350396324751675,54.23787548256415,6.26465403265059
5.378952726130314,67.75311875642396,6.179708213335276
5.958207713187432,59.60151262570135,6.38578829440993
5.725610978145791,64.35917457022279,6.31252829512291
5.2000266357027,51.2353453387177,6.238056207812786
5.506102039185083,70.88158612279892,6.659958030094803
5.965229818637201,64.8538859632165,6.1568697075519925
5.665163438856295,62.12968011694637,5.838282376307132
5.539967643667746,81.1780163043605,6.728783237564159
5.66203357383384,53.993578154866185,6.365309126845396
5.297567856460977,66.89635032123577,6.252378755956042
5.5349898859974145,47.3459743850812,5.918210311820233
5.582505357125394,47.84913410818291,6.157558878433929
5.471359829909706,66.62670500462008,6.251785685885081
6.645082753852013,67.5247781652841,7.751156494019259
5.657958798742088,50.78294439095617,6.2208254049909595
4.9874459985129596,83.03928695031327,6.225366279428545
5.273534397943726,48.28660132781983,6.1294276366571046
5.5705519436239,59.94843083689272,6.634858047994357
6.369593794102876,78.55364687487088,7.857923925678642
5.875043679987323,72.07165491667092,6.236268822807427
5.592935326785446,49.66840523077941,6.4416747784060995
5.467388631417433,54.015763836725,5.944363705939603
5.55592675961318,62.220047913947106,6.217726748116397
5.620750323510146,61.27227123272848,5.9614430824267295
5.575712037405701,55.47847865480194,6.425557942508698
5.451107876858425,71.62702746059847,6.900351932170668
5.482022073873073,78.9487108631212,5.88232074617309
5.523579441887021,59.771736212456936,5.887527817923951
5.537422037171506,69.26698456514835,6.064930521739769
5.722711816071379,67.96116241327286,6.154195273744755
5.276580882831583,63.92083386758432,6.333356763052493
5.595305438167792,73.97766443009662,6.723107951252985
6.847701106076044,74.3149233833897,7.430074068016744
5.619833261770177,93.39001890663552,6.642535898145426
6.175393666066379,72.38677661505812,6.257109615737343
5.37285592075997,80.6923525613668,6.257796388493022
5.156225147134638,78.71722190674711,6.250581297077751
5.429077794618359,63.34984146667529,6.543140655260038
5.5471105652813915,44.68965001075196,5.911745913044286
5.6484734988281255,68.84952378146667,6.529709577889481
5.629613782846928,52.814705006217224,6.460832370800498
5.83566294282031,52.30127638470153,6.024787634955897
5.86595898604331,60.10933366193533,6.530968845370939
5.524728630379891,66.15202256064335,6.397902884603777
5.897661963802767,67.72852467160082,5.768177737700978
5.604647767709994,69.84231193570852,5.82298213871038
6.338030065304188,64.67591072153509,6.740892989208102
5.278554533641815,62.309118386211395,6.557254610753632
6.082014565386253,79.49298687403054,7.7695808639323
5.447296930466161,62.146171656154635,5.983818263551
5.503183445186862,75.2555475339548,5.515989067454165
5.860464895408859,65.34945295989418,6.127630432006874
5.628206309165429,51.42837258496318,6.244728538650036
5.257080764791897,68.61985091254326,6.752151459649345
6.157758605072987,76.90701957930546,6.2092046150882005
5.381216792752097,55.33527505391657,6.329774479018091
5.781234671060115,67.5027255393079,6.133310045533
5.968219901121175,78.46757726555586,6.510346515500099
5.729375706807902,66.14955026577849,6.5006600110653965
5.482799847798943,58.41888483997553,5.589241017593891
6.136038964127361,80.8955685642473,6.841649325308686
5.480194703529668,59.70794548370683,5.731351509916341
5.319637650148295,67.32908985409999,6.487659422184199
5.177718532829851,77.2976366207847,5.898588437292462
4.977586988762069,57.49989512165877,6.259880036795074
5.398247402412128,61.76888931046581,6.14391714292984
5.894963480154895,55.78199209600448,6.476002861175441
5.130396867294121,51.877147957937716,6.076892782470151
5.48840963127098,70.35849841325175,6.0354432083068845
5.4416347011233315,77.34376888305168,6.3404772616724
5.469006876070172,73.73238585604352,6.466322295812935
5.799759334142532,55.97210857424698,5.862438285853195
5.5684048762649505,50.82181286875133,5.952644491880911
5.7312228293104095,47.89138691577004,6.003772394721653
5.08060324661576,76.6715918662455,6.918097579533636
5.830281322629499,58.05935220887921,6.001346913525131
5.496037430020231,61.875940367991156,5.831674329570221
5.579875512385803,31.480685775807565,5.980015066771948
5.656662233674461,74.23472189702565,5.970497443544804
5.002176338420993,50.413009271941775,6.0630311115413535
4.979696824425435,68.27648292394423,6.396012054968965
5.048184715604782,72.54135798096657,6.345494511651992
5.599433073405051,55.684290891633985,5.990532700458586
5.413732079836226,77.82308599528581,6.061529598764797
5.8391920190389035,63.700902254932046,6.047749998327094
6.405874230953907,88.92731020108627,7.660764119699489
6.374286036142064,78.70491542062685,7.561268958222023
5.5283071458543835,54.86587647034437,6.2595294884854855
6.583509968872428,85.23321796114588,6.725151714820768
5.380793647326851,47.84541093811703,5.87075751965977
5.5650488386284644,54.97520652552867,6.280578649411991
5.776794843336439,63.01589623186309,6.53473402370801
5.84648542219553,80.34677497818177,6.6267275529124685
5.668693229041243,88.47936611515921,7.112002085705673
5.82654400673747,63.47100242286384,6.59512885386185
5.712082971591282,66.82415941122461,6.580264213875675
5.433607777873989,49.174874372108064,6.203671764288565
5.751705519813585,56.30525996740929,6.016111089613271
5.623817821115208,61.60951057469868,6.455172989024782
5.42081957020027,62.63579829731191,5.9242626224709625
5.224132743105825,83.58174124075161,6.726565342762452
5.486650856961975,65.81084155936337,6.211215302375841
5.7890485503800155,65.81949856429625,6.450323112836893
5.7390641562673155,66.70227076867523,6.557675826830971
5.446754246625113,76.32087339457202,6.13135946874243
5.306912604925094,61.29000753787813,6.154067326340168
5.788776098054087,73.10444620097279,6.4452666491619945
5.6688365560958625,48.98261005632311,6.473214711286068
5.680291392768717,59.59156784379006,6.145507902338838
4.874154150915498,66.30261463962954,6.51748363603206
5.590071067063636,79.44789741036416,6.385289349071503
5.749197400089607,84.40296712073803,5.854055196865582
5.493278680691456,61.54855321328401,6.512053838424659
5.633323748276309,65.93818479910374,6.551451952026005
5.581894363830298,78.85186030114114,6.4302126483824855
5.769287113389588,61.52619355846023,6.6372536424339295
5.691356361005782,57.52288155250629,6.027105939731956
5.668762917994356,53.4701781515078,6.211437064742154
4.9814514485368075,86.57075399507326,6.271211614705505
5.8868402679545255,63.218896525757785,6.167950526714529
5.3500763961929225,74.35330514954725,6.217877433041581
5.097654304541823,86.47086868340801,6.788433307905936
5.915229932942164,47.73802586673189,6.206541585283995
5.942506699747806,55.13440555913178,6.435482459980578
5.479114341956618,66.55798721467053,6.187359307390743
5.696627412881881,55.46233394281388,6.605687720360412
5.531233555139375,70.1945015307644,6.5552825420695475
5.33014911651856,83.0919631423538,6.357504527091483
6.275367574523538,56.31885970740191,6.937200711710349
5.6675719378178435,68.58322936179185,6.523148831874561
5.628916792138672,58.43224327187652,6.314925040231934
5.447082735051342,56.731685184240284,5.971963292873494
5.550894609530237,53.754295746519716,6.535658809621006
4.97037176509887,84.43311882523751,6.439482918196583
5.8289359727916485,65.06418907064354,5.669396475843823
5.182031941206318,68.73288239497514,6.433094324551576
5.455308645235777,59.04605620753062,6.134666941447556
5.667722968678734,52.02319010016638,6.894205076874383
5.653367884536362,66.55618105331646,6.779376102177373
5.6437904768447735,66.72315541582013,6.339846538583422
5.551562900903404,60.393840554018794,6.257538434992904
5.58600194679879,63.167329047367936,6.271966186902197
5.326757136897743,70.29289935433864,6.472028547946065
5.806677046236294,67.13838187214715,6.871484264358837
5.404649635421693,61.24829692200792,6.384780331690626
5.991358492704713,65.76027035903799,6.556800334844167
6.812581885347938,51.83191124638767,7.322149229511832
5.344103035533905,84.91061982359052,6.902202155903578
5.8517085343303155,90.18088057100559,6.364148590766198
6.009946054376481,46.33952370293963,6.257534924069286
5.442097846768251,63.551552811785584,6.2086368364590285
5.509412489292026,68.17071941451132,6.7448386555045845
5.312682854476535,55.49623049038321,5.927545077690386
5.493878968280278,70.21299298613984,6.7850393932489075
5.343732183853268,64.12155096447275,6.136558676724002
6.221295538299727,60.050603222688515,7.178803768524052
5.491391998836852,66.09005116343693,6.566941432724958
5.526273729636814,61.31893449431634,6.506504225483988
5.806425739266813,76.833738899678,6.133121553844213
5.505440277454329,63.44748583755312,6.024333897256532
5.655233451253271,50.092341789068264,6.268815708015036
5.697886438250603,67.77699656726182,6.74864531990812
5.170585475566215,79.58591186851531,6.223191618930733
5.631489555554649,61.46541237778956,6.298162814420729
5.015334370432871,66.87959128757235,6.678207377814034
6.931794880175399,74.99246419181728,6.957233872441076
5.217272836883406,58.15119517340353,5.877308595568101
7.046045888972283,80.80530590251422,7.52967554274323
5.620800394966368,59.611641330932265,6.323543990750265
5.1083800097989736,106.81015917395806,6.21725170347036
5.563625210158706,65.80399115017359,6.318933667067443
4.961548196904372,69.28195796774769,6.278346382212725
5.6867144237580804,64.5031646014545,5.8552866149055545
5.803057478377211,67.00131322121125,6.436086723149457
5.314009077412658,63.32455892773807,6.159333223616445
5.631248689014567,104.44631852106929,6.869057610597641
5.695066393046651,63.26512005344707,6.58751859459713
6.005429930781555,57.55145391807475,6.0902307639219755
5.070607154313904,65.82526926622324,5.879982419313216
5.975234206456983,50.59657262202801,6.256286633548664
5.398043093277855,77.13858014431858,6.402779174992905
5.244843025913377,63.09899328430939,6.095766721325862
5.604437556875944,94.58142870588046,7.231007521139459
5.6917997227961985,70.72438014572508,7.048159391750908
5.907671048004163,60.661245232649556,6.331253262993731
5.195765321878604,62.1528545217886,6.006633006675625
5.775718132581503,58.02448249456763,6.322465670835738
5.732124969795602,85.23172905721295,6.908530061812438
5.6994444997849705,73.12462745755326,5.675081447805536
5.316211406980294,64.64638360983001,6.390030027510577
6.444939805450944,108.43096497003648,8.227770139400567
5.558672817775309,47.91223980473862,6.1928117661074165
5.54042653208372,75.01477650515139,6.522823971173325
5.42552764726568,95.32794022458845,6.662793680117047
5.416038610354793,81.69115635465968,6.047145372465527
5.5377004193739765,85.9098724937045,6.337123963050214
5.104570972336469,71.43515862771608,6.157676799118567
5.650966554554999,63.62906651969374,6.002551735651851
5.267017073220825,50.96401820860839,6.555639367898869
4.743300769918973,98.64925974713833,7.133466028298486
6.135080689645712,61.120731484194515,6.316492001333509
5.992974402429598,53.37925737222222,6.545444876224287
7.140322436119079,71.62816401744975,7.062373537276983
5.471177531105642,61.17876673927468,6.163213936800129
5.370712985988641,51.811993222398044,6.391491705207849
4.9345882074768666,90.60723592511559,6.63341174019481
5.761424253491831,42.028480495990344,6.301541822772178
5.569176799591989,60.18116857445097,6.577385789510215
5.641623940710475,72.3143650980232,5.9982319647473075
5.806322990602125,44.12187373507962,6.11250393989381
5.2176826983976845,53.14270968848681,6.534231822294435
5.856478914090532,55.55987875483954,6.1675200606669405
5.327789264278846,70.84990685280037,6.548090920458794
6.795673810423881,91.00776687612581,7.795601761843616
5.896768855058789,62.44531471927524,6.134556686394012
5.645511569775295,64.72005837604165,6.1810218064744085
5.444456290265643,62.86596034675819,6.434813505575905
5.642111086895122,72.929287092751,6.595830432723552
5.659182591461782,59.309441930771825,6.442433176860266
5.521581961024553,75.59948841114685,6.585491289978773
6.00315993901844,59.3840087134931,6.412788257445051
5.813440685661955,94.6263148718463,6.965869442925684
5.785790837354851,70.15441905863572,6.291344754739666
5.386059865638936,48.41615370876507,5.824425868769386
5.930916385534687,39.97541273792034,6.133289022339957
5.598177912228262,55.87976339692747,5.991852753563941
5.4465769188840865,86.75256255306314,6.19772156972959
5.8124026410727305,55.68701389980469,6.921715019598181
5.5331572041095995,59.77243175002289,6.003114896980642
5.496144177128957,53.731228190435175,6.252769334371984
5.361618342159888,58.69413024154513,5.967306509850526
5.487411721876595,53.83373048187518,6.05269555980709
5.60644887197417,55.28303849208951,6.156921801224554
5.534031636419988,54.75444653461797,6.061528069584721
5.06293545818615,77.43091673517037,6.375230156233788
6.704449783785552,62.49349360265008,7.020126479670614
5.648894041187883,53.13132960119128,6.026695707435227
5.420522125777459,44.91568332711982,6.193796580489921
5.6130212881122965,65.1469794406159,6.506322175690448
5.795369518064138,93.53839865639613,7.288994862640402
5.480858941947254,44.283608839937,6.193191744707756
5.973590978534671,66.53214976832456,6.299495675300741
5.338642074610173,57.14828325982583,6.349886523267388
5.94134402979691,59.51626690322613,6.046220659146094
5.39382967898655,64.43987225584102,6.260354623487634
5.532806495651364,92.47945317668353,7.11514238011202
5.758172130745857,69.20859874434257,6.57415402428937
5.911323982792759,82.74911608559465,6.106545494121503
4.954416900535583,84.44736540155232,6.717476468115449
5.430558509662213,61.902165400658006,6.548882459132784
5.420495409730768,63.88805220224279,6.563883096159764
5.062262200719416,60.16750002299994,6.065101929646084
5.702498710314018,47.09394449856308,6.404300406588465
5.492915509226223,41.934197839423554,6.237506805067076
5.503432448737013,67.37743208966411,5.986272223909509
5.182735419488102,86.91940247035026,6.493300263554529
5.72947745827724,75.4698079253955,6.057182099296446
5.080516860940307,61.5403816235736,6.250805888088018
5.3759701680660905,58.0390558963196,5.930550157793728
4.927970422602999,77.48145259149665,6.170618137914096
5.930039008798769,61.57309001443386,6.186263165271145
5.4956167162825045,57.04992441837782,6.045108015824884
5.460660003120398,55.34672303409624,6.325033854528784
6.050477629028454,42.60405551120362,6.838418015280542
6.647836610326958,68.87886554878057,7.063691535620957
5.449381973115844,57.26182154780857,6.4230980745575765
6.944260236506487,74.55571538501636,7.665497568364705
5.228501812050605,55.83321679427487,6.290175686702497
5.621982678355658,64.225965779104,6.088968791430162
6.209235257758862,81.5052845153597,7.599717803087354
5.574154941298914,65.91074154675722,6.197585492093862
5.4774435321500805,55.148427956887616,6.5750011130267865
6.491127861251545,97.43221435537183,7.428785942055066
5.598227183240236,66.02034826582289,5.816697842965483
5.404836762496472,64.33135529783439,6.738260884774685
5.843672580123306,48.08557000468671,5.968545414516628
5.273913079311991,51.71063221291614,6.624655803714036
5.5774132731808725,52.45859003899321,6.389341861761168
5.636890656161662,65.56134269248653,6.5910621832183605
5.363025753569341,68.5186645545156,6.696644268215325
5.701280295777249,69.38687340765257,6.061481419520341
5.3135747429305855,47.017035760802635,6.578931629269955
5.519286712335497,60.72246899486911,6.216492876668595
5.865169569063306,54.22508018161297,5.995526476075
5.684171468924129,71.52989040280765,5.780843284121768
5.947810992439342,59.310451263492105,6.308310089642465
6.102672076399632,72.36436495921058,6.488260933743703
6.225545817677951,52.40461019888556,6.7621282454815965
5.573921359699568,80.11178880111217,7.588585345729128
6.347421645032406,116.51815054154586,7.889056411389946
5.519690717551249,50.741884434806764,6.1216370837135194
6.447433737528737,105.84529200708711,7.251210479250652
5.274662392259054,67.673200919232,6.354357920811458
5.575508070893081,54.317831630882296,6.243379178059102
5.673054541543496,69.78117618949723,6.383549583527153
5.702818371819,48.325573211478854,6.157970520815087
5.392986888292622,70.48382264081748,6.714899666164077
5.43731844730243,59.77180895962035,6.247199474770915
5.093758371296243,65.05083324303365,6.475898438399851
5.604668706308372,73.06214723178826,6.279619458041896
5.53793485567373,49.73941803359091,6.237229595354796
5.452306131327629,69.64445646395517,6.448042659131169
5.6577424231277345,60.35553407901134,6.324735081345098
5.904788463980608,72.59991636983729,6.339470234106345
5.855468903458362,56.487559905104824,6.144862788194552
5.867924295707399,46.12717162446384,5.875668008914337
5.395405389677271,54.76195242479861,6.110730165551007
5.517180856578207,60.41097725649953,6.310333206753351
5.508948366592449,56.00543924526147,6.161408289839843
5.859348309735238,48.74001584242969,6.055866208275854
5.793194662671903,68.94875917463601,6.138855079906235
5.3876027144515515,56.5143696677196,6.445033974683905
6.109468974095487,77.82438306004227,6.474667328431218
5.771065857017001,54.22408566253781,6.351965394348549
5.658100593371057,64.54492262270165,6.260055930060456
5.613051391584116,58.52626600614798,5.961669521055393
5.052220908527863,65.62420342460196,6.310818409792351
5.680574625056791,62.083639967801574,6.58187416150722
5.426547907499069,50.27146559510732,5.9975502629027835
5.624507891388659,71.90146863572915,6.1961773246971665
5.546331799423044,73.56521921386992,6.125595807137078
5.77028651765728,50.999854790300844,6.470088522167802
5.688742959018261,72.0140781085956,6.558391639295474
5.046751534270605,42.39307982271946,5.964196731149396
5.302856583685636,58.87905899909591,6.217621840833711
5.582880456966341,51.12936813698659,6.250137979703951
5.645065218942797,50.5897636920687,6.294292699757337
5.804161996361929,54.430639634229784,6.446673050754777
5.565635522206635,71.88347557394475,6.045592223772288
5.651546820399226,78.17166995105755,6.617437267973158
5.521963728658406,63.243483275024765,6.093640997490331
5.312235310113776,79.43460377190091,6.325854219047334
5.9723683462420105,55.124321665462375,6.201174387758303
5.164726446374744,78.60955469987155,6.805717870302436
6.704085090606065,65.88594722301916,7.315543849299471
5.78919752432466,52.95899956417433,5.844861566369644
5.423888848897815,67.37958870041037,6.122279705821767
5.411297187282103,80.67869355168331,6.4583660887683525
5.455678357943502,59.989636952759334,6.067969779932171
5.244572808506019,58.49595381429864,6.3454160757923495
5.495051961557496,51.84596984754085,6.266178919023925
5.831726891019075,96.3256471975658,7.569311702059438
5.717767404470238,56.66343559375057,6.830044640432012
5.747446904367821,80.99578166678194,7.1621685921271
4.804821073168965,85.3128194574393,7.14986046571497
5.2447698027594205,71.81569576774787,6.042918508849461
6.10156115265882,69.17038493429183,6.66415314920299
5.270511799995577,72.07078150351786,6.758374015457283
5.53031386350091,80.17027045883248,6.264872203290242
5.8709624132170015,80.69967421205833,6.269157650820441
5.469738825621053,43.641420192047356,6.156773703052253
5.880383717916691,72.13819701086551,6.508320601960167
5.086654936128981,75.83264992165881,5.797539714605934
5.46329799180392,52.28597602406147,6.219077638063765
6.34840893410691,51.688996002322014,6.388624425784705
5.629760899090982,54.9621783683795,6.031500777465401
5.911910659976275,99.19112032623397,6.9410347919964295
6.452910740280434,64.21109732186794,7.824672207394392
7.137781740386188,108.91031310616434,7.067072559218109
5.845414686313913,65.43285838804174,6.617072100506443
5.5614832022327105,83.01933167172803,6.5506531678103626
5.11562795583523,79.99821429677695,6.430395483878166
5.574213053561771,48.63752504707343,5.944808207112133
5.614491395462787,72.01979992760037,5.946065551461989
5.686480574117243,71.79875707900285,6.402086347306299
4.77421207429746,72.61669894158292,6.351372116832057
6.054640222726879,95.52459600389517,6.938834475811881
5.834125679277895,73.61837879753506,6.531482184922101
5.547400703829289,72.97958693346978,6.343613575952053
5.844310802933026,62.70056624877477,6.093728384029462
5.7672007950182,64.42491488970171,6.7527152518993345
5.896963675299246,82.96878259716105,6.355971356702626
5.196174459646749,72.67363026089588,6.2291216156610965
5.88589088292185,70.46967433170701,6.244178466197997
5.6940944549412995,66.45815280138856,6.3896058847614885
5.623873290005491,52.27170699430875,5.883837944411694
5.687567772634309,62.698875733925696,6.280812350749075
6.347960141611728,86.2204811553104,7.243353769830615
5.347672141510635,56.98216777888544,5.946114035115728
5.448908843337131,69.90770667920039,5.827678843805445
6.020700469463682,71.26073781751299,6.742026973554039
5.449500749641113,53.42195057070922,6.326324386400756
6.031484197908431,59.40497346011866,6.100525476293001
5.44111072437101,68.33901192047004,6.262626640560824
6.487142554123914,94.99696219656177,7.225901943445552
6.819693261382899,81.49796357438481,7.1328937668804295
5.979670826100809,74.76865092939377,5.921691816160612
5.286735426623467,63.32199105926467,6.048788813873287
5.751322141001758,68.08488028399587,6.468247586251831
5.878631112837356,71.37183793147624,6.719349941219568
5.008996968046633,67.51829219697122,7.051433091748452
6.031602783785081,55.30345847641301,7.055988331430602
5.460206483881622,52.41780699053095,6.060523590993236
5.56259973356815,67.26715426277858,6.131901046679115
5.068385387945414,93.24238123662091,5.892328963127613
6.018403558354982,66.01747869600165,5.814276893651268
6.761007891667831,65.70425330489415,7.656370242392622
5.305556456828374,62.485661776797414,6.559958210150701
5.538611398758555,64.4146691929015,6.665042833243012
6.611504643544543,64.4556080979264,7.600828514552207
5.515003923253995,92.09106548887576,6.196417937044966
4.9767537156193375,84.78849409632467,6.29737614513791
5.820874762362671,58.38041607467651,5.908362514590454
5.522198650855344,69.88186264551162,6.503067957912889
6.015713612279506,93.86611778146997,7.268436129364222
6.334863133136638,69.7171650028714,6.785311727093526
5.734608138214154,70.89763367497483,6.825007679665568
6.0051529206299366,71.71153892359041,6.332175876871527
5.350441187246362,79.41531709408355,6.903586463526714
5.317912873484011,85.3248887047065,6.992636087066967
4.983361904623699,54.48625328184852,6.155059106837177
5.892953970983143,54.46041392170635,6.207563975665291
5.538244735294024,72.25890768859644,6.420514272400177
5.674262038391084,66.6571386966288,6.553334365852177
5.483776942812634,48.56726272590936,6.093691724939241
5.476232760734253,51.300673604584695,6.182752867391968
5.835472791762649,62.61366383378136,5.763663303805272
5.782910722411418,42.20123837652337,6.01580235107237
5.560554518575755,65.30430212720965,6.333165332494211
5.535898364349953,62.67506462392318,6.4684560731808745
5.908237322530746,53.97438025095558,5.861269892012939
5.050516934400004,68.16839220066832,6.040302944559287
6.385902915817148,69.46123986044304,7.504287183738744
5.333761209694075,63.09154378681708,6.278260854710579
5.2933331458005695,86.57823806193915,6.649912472887729
5.450956596196844,71.9392190485332,6.578541562652063
6.773264792674084,70.60259820731373,7.272068206267583
5.247609059253633,81.89968520905613,6.4327081832414805
5.107711013700676,71.30654040854758,6.587389843783009
5.488603002853393,74.78058358032226,6.029809571807862
5.779413280486756,57.3406547860038,6.659816750761306
5.831808141623103,68.35724670027548,6.082941549539498
5.2955416351690525,46.14799984918787,6.434479103498695
5.175562278244418,108.04312528301418,6.902941801982617
5.338753761663349,65.84861393747828,6.3607499059457595
5.473217613304519,78.33265957419681,6.383743729297943
5.4472698295772375,60.089440495886805,6.170618829965026
5.65978457970418,63.62250427235061,5.854192917926431
5.847481773082485,46.70724924512863,5.987784981999398
5.349303046576242,87.93736272566377,6.52831315701422
5.9322185921330455,44.956404511978626,6.201146220887661
6.384623581345868,71.50885693014048,6.381320854645146
6.1694583517138275,54.09325776677624,5.838165314791445
5.526900390718876,71.84502654724395,6.302393271839754
5.507390596933419,61.86123614213183,5.849581262253424
5.3788799225429536,52.88061118356552,6.244551524172821
6.05578659962026,81.89409176633426,6.746852869744611
5.909272766443662,66.06149739276158,6.134274565646156
5.518879427833914,76.32087882801103,6.35638384200561
5.362137193148016,62.452450962041794,6.110688204467386
6.385460669308556,68.80787187177862,7.30400940202303
5.862422774277235,62.773241572891656,6.522521443300509
5.608239255787433,66.98084139945817,6.2572231253566
5.802530586443133,51.948600629392146,6.146406196597408
5.701091704919959,68.50517807192355,5.828323142669934
5.975990715119702,53.479844427806924,6.787317542499954
5.401532304759035,72.81605138940775,5.845007251901901
5.703208276178985,63.17934092778539,6.599072248887741
5.8221314547064305,52.554978031635336,6.03002730435977
5.4445578589991745,69.36313496472917,6.459752412167398
5.778627361869825,91.23681175623634,6.861580249521558
5.106000563386088,70.90741425792388,5.877920089820736
5.993022259201551,66.52354939094305,6.166758611258972
5.865027277890405,66.96879867955326,5.9297273335101695
5.692591922590827,61.717710969893695,6.105063102924333
5.8110412047565845,48.072051365402245,6.230973384420711
5.527638299133856,52.36059958898921,6.388423878095919
5.529656997835689,53.3873665600657,6.254053031163883
5.322299813905061,76.14708357638061,6.4897692863785625
5.914740465269913,56.5482862869833,6.101830148692846
5.500740080037236,74.52021100107521,6.4307635263760385
5.046731715044242,94.8700651748246,6.178942321695855
5.680570754542243,70.58965192248272,6.748527480402982
5.801142278903639,74.90456696330357,5.81376633287118
5.469779467540741,70.18481103097011,6.510653874575138
5.467958643508732,52.123231347132275,6.115378544942798
5.700943777431307,49.78239764945913,6.432651989188357
5.368271194766026,66.0541865236185,6.376140068529302
5.898519769001869,55.235877965242615,6.183197958580824
5.694024860314503,50.55628752675453,6.447269359486869
5.449211176951833,85.12074257772707,6.641629017443943
5.278295942171359,80.72247917518365,6.6429125223486185
6.039152995763675,60.36005989248383,6.448165438161313
5.916182755235671,78.75297488612473,6.838267632846355
5.711804305843502,64.85294973255544,6.78044142526529
5.519848188532715,59.901065348600376,6.704034916197776
5.5711160384614775,60.7259779247346,6.555092594331922
5.9388757851529865,45.59849416761214,6.346341127596117
5.104856907593501,57.61004905877831,6.025799438812076
5.101628034763489,81.25612269618964,6.7605153854578495
5.643469914810676,69.60674109150881,6.015204457877166
5.499457195655787,61.6543813293711,6.400707896055336
5.361650612552762,75.21205530229139,6.193437831651045
5.5499539395954125,80.659455226291,6.453079632157228
5.872473560712218,72.73655481215484,5.956950823643357
5.740442220067555,49.37963482211798,6.157261497004827
5.566947330223667,51.27653617891713,5.8642638494268535
5.585205015168542,52.03805350920844,6.426409815644031
5.374073626684927,62.082183759868556,6.365372021259455
6.128829199925744,93.42874697246504,6.489201515383118
5.496034255020173,58.286059268828154,6.104120212686253
5.454976571050167,57.466274250528215,6.4595273202259245
5.247655165833318,59.61941347649056,6.380903042657155
5.652971648126095,73.53486035531974,6.417405382854347
5.679423552428591,60.6864343935095,6.380171359631359
5.218267883534474,75.46897653935176,6.233489180253625
5.519994167965671,87.03690281418002,6.5266896323192265
5.844213058615923,50.98171254171896,6.701187484140157
5.182725355316973,81.34281451242406,6.4192733366559045
5.70880014243844,71.60728940472507,6.026216971412468
5.168189171128621,89.16739665059075,6.727804324957913
4.810621761886225,103.15083571797656,6.2953106129126075
5.514585292681652,76.3484342157253,6.531097463631904
5.384349780342101,68.77936095672369,6.3175862222356916
5.459746723522348,89.2896810594408,6.1539157089809065
5.30727903604586,71.97550878240735,6.879835767932183
5.612392204335626,68.92362602037764,6.490205236895311
5.35732241487834,69.4422391335662,6.722189699983719
5.3640837383393745,60.472625993814106,5.5637809478872535
5.504569021230608,58.742070720027385,6.127870215004161
5.575561197149766,99.36024131549733,6.297307068932923
5.1791412857178925,69.76791834792495,6.475310739816785
5.529859594657912,79.47456203184532,7.195599902914142
5.868324269159541,45.36736236535001,6.117900261383447
5.576365763165384,52.86111937752807,6.057135319671035
6.065310478935077,57.058456196780206,6.491245057764646
6.009526444445944,48.65483018652127,6.336962248466099
5.62315130916666,73.31205359295036,6.087284290896522
5.342541451466376,64.72363562378113,6.198024688833918
6.6187550264964665,68.71988093828648,7.110416121426567
5.517505689426893,55.61447340288291,6.289343745412204
5.247580817707634,63.89553996516228,6.5491566658920055
5.303272281184037,54.81897969427431,5.82193810600307
5.4813401294278625,84.99742794179248,6.180912641907592
5.8686061217768435,63.35416675965398,6.4138894709938
5.592648520600229,48.87686238042414,6.230739042195005
5.212204607463249,58.37349101399472,6.537347449424914
5.338227234543333,64.05552479383488,6.420112262255173
6.848374557130075,67.45135475446564,7.108227292859522
6.88057672700104,89.40953291049418,7.59686113072443
5.793321167554855,68.56405126674724,6.454808982112026
5.227563478452486,62.551457691309096,6.43555795542481
5.528515892773473,62.6575076448952,6.201731431995548
6.16930107451432,71.25705215621649,7.3578953452441205
5.607826713168919,53.36517227756489,6.066924926168608
5.388725581272674,73.27336405734397,6.630684071890164
5.261710119741496,62.40860726797002,5.91749597789822
5.119426107205343,91.1321349635811,6.328591576903248
5.41473083729741,55.086283578739824,6.202900148175108
5.504649864816927,70.57947786520529,6.332692193092618
5.689681663213033,85.36713326333356,6.493142972629756
6.034733028870151,89.24049318318664,6.625553125807643
5.043453058601239,65.83527612405801,6.437021616569111
5.490589355471153,61.56785373271196,6.335926191199759
5.733853429709124,47.20025281394216,5.832089163924471
5.419964284150541,65.17537993399787,6.455830855340983
5.443963880294001,56.95804281901753,6.221445929847186
5.321693532786971,73.5284962289191,6.370861172992312
5.690822165433281,65.51097249451388,5.667964578294793
5.801012374565656,53.313545695864434,6.620323707178687
5.833107364275426,55.309084144077254,6.2620947388529515
5.547670221274488,64.85847344284754,6.045637980959798
5.748865361318922,63.27506200583935,6.303115529744267
5.082565743881142,75.73400024217689,6.075641500856666
5.671817584842046,73.87163531425014,5.93156266688599
5.829921960355509,54.2992386549685,6.272082959499965
6.284645023270243,74.19500286403789,5.9829541770191765
5.66318733635211,61.95615342445898,6.220416502272521
5.468504103290869,62.088199456736085,6.26959315160234
5.82015493706994,43.81033202578864,6.11147884353888
6.223574590128809,58.82209382786298,7.04177988262642
6.231719429698026,53.75225829114257,6.290648454076267
5.636197639488316,57.136691768797114,5.817003519704068
5.584418397669215,53.7222713565976,6.200945039067912
6.62610113439483,82.0582222161773,7.286452702123094
5.487865692431892,62.786133234600484,6.480855166789958
5.66160524839327,67.84973376212383,6.241368537645721
6.253274165156915,61.50370370496077,6.659577770245
5.8119560816087485,49.20298964398944,6.5396265537629725
5.2425893738640905,68.0079732868004,6.641907663405537
5.790410899807491,75.72697800382784,6.073194074207163
5.648066757637524,71.7382412609705,6.1414861949511055
5.57865477088493,87.62615945044547,6.482205954028828
5.755047303319502,71.42198257592023,6.078339526663554
5.63718449113605,57.35098179851423,5.661975478630556
6.676356386368179,78.26804818045902,8.33787754644413
5.500292478399134,78.31341314060802,6.714724938114281
5.725411610257682,68.3080699826435,7.036994751946796
5.647485213238955,63.360920389540794,5.97722929783597
5.670889869657707,50.81871049587574,5.945732807657726
6.015794347504258,53.276083115131854,6.425149601006353
5.3121356089608875,78.93775806398146,6.528928364124569
5.448080021179038,69.34053002192056,6.416253742273592
6.077231917450476,57.38226387362909,6.288832273142337
5.533099487245917,63.7120126443522,6.25447581543736
5.188441050904572,87.24676481579334,6.75725643580383
6.908699868017364,80.54502234514904,7.838084913519287
5.551484334634054,65.33688349833714,6.486347737967694
5.601617885185453,100.64416494758368,6.410359014262432
5.5106673316312,61.54707449428724,6.427782300264691
5.532908844986115,60.58800085291994,6.291028479798757
5.602999738483607,54.849194737033244,6.034489897420698
5.857688685410125,65.19518420004486,6.2783646124532995
5.513455928854537,92.8065832461673,6.524858716652468
7.018241871817366,84.12630448042059,7.325296975887788
5.604583385846544,44.615951759522794,5.975914031529357
5.919130607381308,80.62267835945981,6.85364298618105
5.663593076945757,103.01812016276908,6.756857207377089
5.930624719151436,84.12864832653096,7.303560551154582
5.901134566279439,63.94026024715912,6.566080887336803
6.159007184083119,78.60493161728256,6.99386681573394
5.996783142557004,64.2253694612965,6.6211581748950605
5.628543793049059,50.67029512869763,6.278516416210061
6.349749977043649,56.80497831038809,7.675344204482853
5.8703783585783835,54.578478208256186,6.219807639635589
5.503847942797978,80.98378599684787,6.16044084394405
5.297992845967626,55.980988873453505,6.800593463793748
5.346790537981396,101.59518835051774,6.885906701336288
5.949779365124434,68.70022188207597,6.26926809825595
5.382964516151643,69.36962653588819,6.614354789780557
5.310839717763805,86.17252004490673,6.0633180613437
5.514355656195044,60.531348228632204,6.009879045772533
5.223715739768204,51.44799024660863,6.257502113797769
5.91470728535074,68.50858940797663,5.955156230256653
5.423323230775909,60.642957668455885,6.346275828404922
5.35979019657259,68.59763372252559,6.176787587386894
5.297158809423192,87.77415401438581,6.720035363748563
5.95731196391573,70.05037412655426,6.2392000099123415
5.75079392948414,63.808575509509915,6.30029672609142
5.618886033433376,82.9920323051211,6.347787065826318
5.839833504058039,73.44864955813598,6.672494318646289
5.623734520638013,40.474728069739456,5.951764284025463
5.522647629171348,62.475246025189044,6.795162802331318
5.755445039815634,54.688056991746365,6.4162051798738435
5.165117163043355,75.37046788036072,6.520851156925809
5.7887880671286585,54.67652948361099,5.793067359641492
5.433960191622207,57.77035728848338,6.37254290938209
5.620261482453912,50.051030575795416,6.018925825752225
4.8673044885285615,61.349986281974076,6.392946095693857
5.902607379054845,56.28173305508699,6.593986200896048
5.474887427300745,66.64226873328442,6.375217581626862
5.277715530228877,51.91065501326292,5.709599973986473
5.706793331639457,76.42670809346494,5.952755058682263
6.824148006449742,83.44906749480879,7.59163024191651
5.558723815011606,86.26021472607404,6.162335370313734
5.76604875672044,69.99893974349042,5.980036321296465
5.641618333365917,51.72110916558206,6.3548460887959
5.795159804053696,68.29800017418623,6.207010836491203
5.495325475871013,60.584634404826616,6.4563055705634484
6.568817519934981,58.56705437629554,6.957272010779087
5.26646841680507,60.73525880438468,6.094391898641151
5.827267155494094,67.60850108795465,6.473746945802748
6.2588421094750695,59.25164838803915,6.848320744778943
5.234923631372202,77.4835314295063,6.524701664013545
6.127828823223,60.037863032533465,6.314860114336301
6.583473715051889,71.33443083793283,7.357907140020415
5.4508401742985,56.32406064064286,6.620048421830931
5.02181063018713,76.63521347681142,6.106950929532528
6.850875737134694,61.5739316052264,7.3334659812526075
5.290712420573932,54.091007596652744,5.898014373620939
5.88165544598499,57.29610421048178,6.22048161218281
6.187579789832641,96.7987816218933,7.003458495552268
5.5262912639656125,74.64796435555431,6.35568674520577
5.785525183487605,59.55412194459615,6.3395865102236515
5.767669568197071,57.674994203072494,5.998508039990157
5.389739868187831,67.8227496006403,6.430009894331861
5.456683312062559,63.60733350005886,5.9653431724909325
5.22614458762373,78.53556964142417,6.413468518931694
6.040316900873387,52.67379567571016,6.082186093327431
5.2081288488670285,79.37864399937271,6.509321755053907
5.438974978629079,67.56657121002769,6.456439181867504
5.7279885853525805,46.52066539810311,6.069235145539305
5.400528499112624,54.84618688975445,6.47408075326211
5.421108400777006,77.38352032915378,6.315909819735029
5.491078516322184,75.97634719474625,6.316804290002277
5.768756481702053,44.84841650660731,6.04318683386437
6.000906077776623,45.446652491251946,5.924008086587134
5.643161166549683,77.67072254872512,6.0670722592089845
5.896130902839554,66.93545045952452,6.471127429559147
5.545819930453539,80.18943681243634,6.141271404661798
5.664713064524719,82.52209613850894,7.113443928288668
5.705775632260672,56.739395582243496,6.293575068675053
5.82838219113387,72.41924411339717,5.72033917949422
5.4083964711780075,79.4257661930585,6.352646193810225
6.329063772221052,64.02468476396716,7.045582702316986
5.729357135382939,65.59113650080921,6.641330844929118
5.745566290603091,74.7259393419442,6.888517959485242
5.194580097518891,86.42531789595557,5.951694247358001
5.747398146906054,60.51056296514577,5.98736199265763
5.659497317362877,59.22550554699549,5.883455301744853
5.938104369074693,99.42864808759792,7.860165703380293
4.94834360123992,68.89430905477703,6.378486598025411
5.159850299803189,59.705082421907484,6.412423056727572
6.06565924115901,72.7443466274228,6.461835223464692
5.228972034737063,56.182404651629525,6.386521353253055
5.705405721750641,71.97777998684047,5.927499631666338
5.745315466906249,59.80594725634277,6.259027233309719
6.6329929352901225,78.36845377312375,7.524296172917102
5.367386763431607,52.79658378201786,6.15033217399123
5.15047278956834,75.83591545218506,6.539199899218225
5.663107062247225,73.96614024245308,6.3793558294165384
5.243549487460446,49.37244639285416,6.010782520963723
6.631972349273909,93.39571528429968,7.846971905650592
5.2785593906386445,94.52991233654518,6.849805642880314
5.649087795920348,51.55964778235817,5.8642464131429675
5.415146188691365,66.61913548230612,6.151113212625778
5.634474425418387,59.03745256578894,6.126643664120526
5.829060999345481,93.45213169825897,7.199561843359083
5.531360127583665,48.223608528404725,6.075897436556057
5.561940618256541,69.10929188145666,6.284062097610945
5.573756428672373,52.003596787220836,6.038346507276535
6.597815468820844,67.17276458726835,7.764552283956753
5.830383156684816,60.93588852856207,6.376509110918856
5.299413949340629,51.55717368374452,5.590060796298938
5.331331975503254,57.55115523504645,6.607081607435133
5.507400757763863,59.68563593641138,5.948845822244659
6.422513733370668,109.49296440265954,8.258700415817499
5.487148031238865,48.13548459871287,6.320794768241501
5.4427449593334645,69.53386815641892,6.9055247293319555
5.480262347396231,50.414394694197476,6.498575233599019
5.726638127221137,86.67285929178239,6.165242245663309
6.036343775449968,57.41645105601967,5.867151000635719
4.586444830644727,106.58066368252773,6.789256743650902
5.449620270198285,65.72304687651813,5.922628333207016
5.768856766128471,39.43623911772806,5.922597453307673
5.975692801371753,102.43556039321155,7.423431192488373
5.915401433532927,66.2280212803172,6.470818673996399
5.356289910620752,101.03250235669424,6.236704994254422
5.525236991294394,52.501390012949464,6.183608855811881
5.661165168669939,68.82195410318911,6.3231333942175745
4.976075461623287,82.94926627612018,6.22373862000556
5.601945390218318,71.27583260395735,6.998593373635018
5.577412282666803,79.47865756345654,6.705244134633994
5.600969733108652,55.93273878792912,6.216089386236951
5.7428508433506735,47.844134312576045,6.1560353995217545
5.367498427301359,68.91306599097159,6.178936531878099
5.687470993061811,72.92761397866427,6.752384700671611
5.374522116207701,60.79567835794842,6.661330618546024
5.352486240996914,69.85146231661649,5.844777619839311
5.6489338594975385,61.73779191820341,6.341889559473068
5.846173184351903,71.04050780970776,6.162248259877868
5.856796016385686,63.84731446163499,6.27859718543666
5.825166663713097,69.10181940731192,6.431160888250338
5.494931131326378,46.353151277045065,6.189431375135829
5.57530386764617,61.90564744582272,6.003580564183417
5.488633361973953,51.493624915379165,6.206389039098666
5.297176058105886,62.55853694260472,6.14937249220967
6.510573254693755,54.91336110345478,7.590242024407615
5.7767530989552025,83.45605478777813,5.877751330890036
5.6934671437366005,59.50131119186402,6.091919960617543
6.0180744282131595,50.13791764206165,6.278075827161199
5.705329543381095,76.93504664219684,6.616543638742539
5.174487057677525,80.71815639030862,6.574001775433972
6.056385722332141,54.349144508411456,6.671981219576721
5.802025941258425,65.09579573345215,6.1403746575716385
5.167515404251814,46.26834125550985,6.692433794900179
5.856799176319452,73.10437081717015,6.569737907094936
5.207239541450655,57.250129144426545,6.665814326406693
5.694675071292968,68.71889757219232,5.82379958703484
5.437127092586219,57.24407113413923,6.733759202840435
5.790622737788415,55.267880748049144,6.558154935496748
5.784368168226253,77.07484257718329,6.4864874924115705
5.7448889688099545,72.03311847603297,6.507902894988924
5.255419903885627,95.40399934734285,6.762017694885648
5.168151656290973,50.73657568876886,6.305152684694791
4.784351676512683,79.58948864980943,6.782654062011731
5.9775479823235065,102.77003470924497,8.091448419511408
5.695995975523115,57.06555239617825,6.105948742347717
5.602226733685982,52.63954651500584,6.661910742823017
5.784606664727688,70.23445031240463,6.41179599835515
5.857580452078675,83.6441856844672,6.203623331838924
5.535047729325568,59.15009553267956,6.516479084883653
5.727215517622739,76.54685739955532,6.864644302589955
5.725660230407954,57.358594675438034,6.367884842151798
5.157313585547447,56.29039698323464,6.433680809574128
5.449979760746047,58.26323855597534,6.285787702247122
5.959536309731758,61.85666579704487,5.900757132651048
5.520440289762038,63.46094000832027,6.192757537112915
5.1633667549299265,100.2020016761719,6.648547526817969
5.694188630547666,42.83008743353373,6.120616051202166
5.020044543613946,60.48203333190441,6.271366395463842
5.341099478855252,66.11921309305144,6.163510962498694
5.653641187675954,59.588385736675384,5.905790733744026
5.706715755489528,82.00942026282013,6.87490594700548
5.646006089916849,59.98724999150753,6.329776294089317
5.695475533992978,56.494783035097655,5.782242871175283
5.757682796871138,57.528313827735424,5.840005681050096
5.711127902991443,65.7073964339782,6.320851522713184
5.469676633581698,50.57370693865254,6.199594772308147
5.793436720723865,55.7265922472215,6.401595209011241
5.877213009558336,65.56827789564353,6.292843601207781
6.095969793046746,47.766751454140305,6.390898948147512
5.754318672081602,56.44749087252302,6.386824566715395
5.340774901033536,82.3741672661028,6.745698743966766
5.732677893778582,45.58091286443424,6.234967035947038
5.745659103269015,66.83058756816247,7.280425839867477
4.987977801204442,87.74727422164858,7.328116660647332
5.202163342115486,71.25828410053289,6.08081967402606
5.577091389631927,60.269498343425994,6.393477566177845
5.424756852287293,77.58476658569336,6.424235453318405
5.574611081028462,73.03527080914438,6.063330133864665
5.314471891715634,51.2604789106332,6.465039248550188
5.214313079853594,61.121386869735005,6.064804030044078
5.428396351585633,81.04912020709723,7.0382316990350775
5.3362227472086845,70.6209723082155,6.2741365975463745
6.2559541901560936,72.08929058475566,6.854756197378669
5.944581378264434,69.81020701591171,6.735056031890796
5.777187048108456,48.2981020215894,6.324752283066895
6.219743860873566,81.03096394789509,7.287564530101227
6.692790454963655,53.49539109205963,7.470751903532615
5.639634852536738,49.36503201752472,6.181763717054987
5.658761596596803,62.20278241629976,6.47898155945367
5.69176154996211,57.57385703271764,6.39316823666344
5.132319693907498,74.77039153340577,6.363345924988407
6.032040779460614,73.96880020064863,7.019315867055112
5.615525024504551,59.51525571675718,6.649089558983356
5.49528580767648,56.95050801909125,5.904208714386207
5.281556441114426,87.2475711288309,7.080336502421617
6.013462747165561,40.28892357626617,5.975636789881336
5.607272128400237,70.28622457207621,6.427976207340658
5.153438237788975,55.89635772663009,5.766647309191775
5.932437361694329,70.17591518234882,6.575368355900326
5.329521262384369,55.230179572971345,6.274802348109242
5.543204557627023,65.30753850511836,6.1003718116758225
5.5796215244938665,47.17578855995178,6.377660598820496
5.55853765641876,54.33497614580984,5.843396479966759
5.407535695635188,79.9200102491042,6.353870493265289
5.299998181003189,62.95447986830664,6.157991766989851
5.637862689657218,70.91576613599419,6.770969696844573
5.829821238293063,73.54051247153265,6.485671540688145
6.723398411371971,87.76568940237837,7.421810672112934
5.086863238357544,79.07271926328735,6.087198720611572
5.611080374254384,52.47255357933936,6.056909555505474
5.858415679102523,66.07000564832211,6.034496468924265
5.770574982542468,71.94009097857642,6.962056591341376
5.220566417460155,74.53478353061915,6.502504817003494
5.405153890428148,62.19581358379781,6.334648240202435
5.6324917893727005,68.80961968501889,6.374344396041548
5.6945600948159445,69.36226810533941,6.026544549167025
5.737891161740334,69.14548033653848,6.180666897201842
5.497174705203667,46.642023398608686,6.3224953793363
5.9316915996697,48.343440052383535,5.920430712602153
5.565535724208444,63.50191498947025,6.07762471863085
6.813273196439874,82.21317528898156,7.4720386545002855
5.543487753069237,79.57654968819428,6.576453912824941
5.794848147304086,77.48214800976609,6.429742637615347
5.349949222951536,85.85520940543365,6.378748562804288
5.698692495128841,80.16180325138808,7.0985988976734955
5.471594158997011,76.99766595542263,6.068998112428893
5.4216852618072515,61.098466016263956,6.252260389223957
6.037754642799258,66.8197305586183,6.185540740798408
5.729237176227479,62.008023298213004,6.013730708198647
5.587678920123454,67.59460059379398,6.254048282141456
5.769721594175064,88.51252237908406,6.71718079493132
5.109127523588563,70.65491764311278,6.59775099668401
5.333363511565065,64.43112093948078,6.188633672322768
6.068287047605797,84.4591509818919,6.7449947333436455
5.613655550264186,87.18052505359631,6.416368950768385
5.551238747813648,58.44194693465245,6.014088384688783
5.740572429674363,54.11188915581751,6.2877333532054065
6.113064384346252,69.43016558539223,6.334651051326904
5.931664496644204,49.48988963036066,6.293964847128443
5.423812671280002,65.46400324326468,6.2691741163632155
5.648687263535052,55.33810784646179,5.9639559078644515
6.75965408787248,82.72364084545103,7.705145839377155
7.426203898725574,60.123421139973516,7.459976373291568
5.361460216664176,96.6894392433436,7.004688946034453
5.411603476160887,66.01071061673785,5.981543504894938
5.751817489211738,54.12441875971496,5.974100216216457
5.678213492606318,75.39994119758678,6.560590514011467
5.646576251408181,56.24959789948404,6.101203960944432
5.473282380325466,58.28107592984677,5.8487957923640455
5.744875998925281,69.50917393947852,6.414185959930139
5.7842328149255415,62.372218109828474,6.046039102508293
5.567520903659248,60.55866027419329,6.2647050755795215
5.442338827027512,48.82268974121952,6.188843962606305
5.896276606275744,68.64731394135678,6.578098409977452
6.027546484626051,105.34728474454626,6.913020771433944
5.723736304664856,73.35024225093449,6.621932580456556
5.585829992652923,103.28682677019329,6.8963045314819515
5.411071971605247,52.52703561568576,6.297739104306653
5.185665302292419,90.02903474012612,6.760784826361179
5.86739975940419,56.84638405151141,6.499016825758132
5.726037501500645,97.6042577381865,6.721452913247155
5.590040040734196,83.03924471905947,6.053605417611372
5.940840832138618,67.82300116242358,6.640794920428844
5.972761579424072,68.50369668276251,7.777840005836248
5.649519209824687,72.94333783015763,6.182551815933833
5.728601496342408,67.4458827111224,6.634249522559976
6.184925885148668,57.44094677333808,6.428440517238865
5.544344060688401,76.78098063095283,6.833291849318734
6.201303440077402,63.3893820925472,7.002551997805205
5.486864289045346,66.53741322736919,6.121307617126045
5.539944982211945,85.3737675574479,6.542750192478467
6.078364951825839,47.56087450510765,6.18298453066206
5.4438701309143065,60.40070875030517,5.994340061660156
5.404661862981402,77.9672946198538,6.338911793344128
5.645136611564091,66.29444150793523,6.146941603173745
5.086351905419521,54.607756140603875,6.156875132419872
4.985793109638109,87.36767466374339,6.899884736181334
6.128626665575981,53.67877330617142,6.255794265682125
5.274233117890873,55.65855626413679,6.24940993381672
5.209307705492735,76.57270090290785,6.432658759681463
5.446565674431403,67.00732629284428,6.403532852900732
5.128144469224167,82.6254714394846,6.915462166078444
5.628507099128759,65.8772061386633,6.018690672348126
6.302281210384705,70.03843992145441,6.832515554632177
5.45469083063507,59.86071665842676,6.110795616374373
5.505103950501526,43.63812317143647,6.030995684268262
5.588045580335891,78.48432868763209,6.5594798676336445
5.977106583564591,73.65125294368242,6.5914024977472305
5.036485838942209,65.66868983675957,6.502659220835686
5.548029762330318,59.6335543669017,5.971311983645243
5.5673830071647075,63.06114951169372,6.541014611616731
5.123917091366468,72.4349257738028,6.275163394519141
5.949296905269826,46.607027474416974,5.959975716229997
5.389264214983059,66.13021467745487,6.42300442633702
5.5948680980638335,71.5887225303154,6.290029357974815
5.554949380587053,56.53563167721748,6.242689962991683
5.600485375840211,82.65231597597227,6.7843968619234625
5.572611862240242,57.62594712309563,6.692822516300982
6.806790511789412,101.94106891373383,7.311102742541604
5.875607789262784,68.12624921120148,6.351226359305614
6.049477806875981,82.6920779865938,7.3560858001319245
6.136847019695974,59.121363715274704,6.647755773637392
5.190658101635176,72.51959199985802,6.731926671252591
5.381620893077409,69.94967811999827,6.730899266441679
5.466619449769277,65.69310469214278,6.1442783059894595
5.717669408942363,73.19649762855684,6.372187511941195
6.116214712157974,66.60754791632044,6.4049019835133905
5.141666082155084,76.89419307299853,6.624912580399275
5.8796334162182085,59.910565245453625,6.631313377310067
5.557319642449637,67.15910440368977,6.318046404397774
5.341543266104365,54.5137284188664,5.964550545528303
5.806627748625523,41.89870816424434,6.356853461540636
5.35060836391151,60.66862229092865,5.928859030417534
5.273640538621161,65.30028322011898,6.423833686706931
5.556780939306908,55.917202518759154,6.258054637291432
5.1582411183114845,84.1286473027321,7.060156440429032
5.471217708605953,71.92527604605395,6.578213017769928
5.459269992439056,68.80048531219698,6.08965757384373
5.360550919377804,59.60748930964469,6.024928774878979
5.858068757855919,105.2006558539959,7.25190566248502
5.1589478880729684,83.89721507598496,6.921793246545925
5.519216771845562,72.58695756916661,6.551143867382223
5.621363548000509,85.53426973054037,6.540095195102945
5.444979724525414,65.72968669622934,6.243680361473696
5.386838914438469,83.48596908398977,6.044468272492969
5.251642288726413,63.776917457948926,6.6720112952371355
5.500570201870203,65.36265704860449,5.952646308318198
5.754018586077767,84.95497047846055,5.914929003737226
5.448754173193674,55.91676464899235,6.3135963033049105
5.483905167246185,56.798644912384034,6.367342687725067
6.234416275173842,80.9831498883264,7.819093103948771
6.209646852983643,98.39603069617421,8.279962231290197
5.859732831921387,59.98724234741211,6.21006040012207
5.549235181795378,67.72036928641796,6.433915471906567
5.468004581254935,82.85905662587834,6.107876598816586
5.910461642946129,113.64484808380132,7.687117036011938
5.727072675199807,64.81356403580308,6.1912493656091385
5.764720267799017,84.65589792744488,6.577976277870402
5.912133164285693,42.72840862630098,6.209684489319939
5.33751222439186,61.9529862144016,6.179358712922764
4.646955800833118,89.85829627269638,6.651877734225172
6.054516564681196,67.55032191429619,6.576123911284329
6.384749950197602,83.38038794033433,7.776671869791413
5.519945529125482,57.3780712996158,6.564248332778514
5.745088915451647,69.05193916292536,6.462418428641365
5.157209450737382,73.10702287815495,6.470508412805548
5.722511691475332,63.959434786170064,5.963483834804046
5.475064240121749,66.81489498008449,5.765393085772795
4.920072255325287,81.43306027181089,6.448427791644394
5.162962986465901,63.20829337596677,6.330061981114842
5.743884441492177,52.3895817198008,6.2928868084407155
5.346048329972506,89.4924953431254,6.0752973943776905
5.535326339290477,60.59465815857411,6.226238147613888
5.3388371984061935,74.73533994331348,6.6107093712904215
5.681201204584697,59.52822215621818,6.470478349681708
5.802539396957054,53.440266980133345,6.089757708681964
5.742872223327452,73.4102662270165,6.036067906750356
5.621005983030453,69.5555311957674,6.154782253384447
4.777413231004858,90.15601736080836,6.383972533851528
5.718117750510082,72.61441896576703,6.03854650949845
5.916243931492281,47.207101790311576,6.185309711066595
5.416264749251229,62.19613891328013,6.080900060524703
5.49022966581248,70.69856344326246,6.415276454725435
5.605669735261354,59.979315038811926,6.447952908407183
5.329469694802166,80.66568019616604,6.465216397134662
5.64796095224705,65.85676724130886,6.195012154693245
5.717084730448342,95.77440532242191,6.880308423316464
6.482795253765468,66.6005305292437,7.211630011174165
5.790905800673736,65.04410741242563,6.598783168572545
5.631247200356072,68.8421222608943,6.320515675983512
5.6500086806052625,62.440742872565444,6.877931038746782
5.876003294985759,62.33452748412609,6.374364029185653
5.949474052554319,81.93662233016501,6.459721059942594
6.20824880075317,80.75381361566245,6.63902830826124
5.5642436428845405,76.82899262757147,6.387677349036302
5.5490398350370524,69.35257300005648,6.781998276834569
5.442592268232921,66.26707269899453,5.928044346222548
5.633777975798483,60.34638196631961,6.5654796562109174
6.321896328486415,77.01549376361028,6.480789716714185
5.525834855889115,54.97720480623453,6.017871973557162
5.5083244970429845,58.47945094528691,6.301113247832676
5.835156152555646,61.58911681722412,6.172961646642741
5.263937577308195,67.57147366323245,6.660160094595591
5.764723296849535,57.925143108155254,6.069765965722793
5.91720355120402,75.69514921294865,6.533931117778909
6.010315220318568,63.61229237964809,6.69830613445456
5.610253550778426,68.46597973048294,6.039335378715802
5.826181651071077,43.67744000522189,5.792994898493854
5.704536211144387,47.87945216417152,6.361045009899169
5.19809687634263,71.59471176104402,6.614811524213066
5.439408170153275,62.32156999986648,6.399912713008118
5.330153410479404,71.89831237680744,6.053572051467991
5.458780167319203,64.75049266102695,6.258082643990698
5.434714171808624,77.45418033467101,6.427885439767456
5.765947016554353,47.48317483814673,6.298620536620718
6.366572021250727,79.17552670429988,7.155019464188209
5.50865585454508,57.99039933405429,6.258950438700556
5.259401754779615,71.86600805796385,6.3635978681375835
5.420545330790417,46.89529413258437,6.031900292021013
5.707278610408733,67.92186573542028,7.004018657445342
5.870285668338911,55.983867546060914,6.267174508706481
4.917825812684326,75.7014816152153,6.1475804491658215
5.90367647720924,75.69953818048927,6.374736000251891
5.645759672817814,65.55958248962008,6.014420947715647
5.55001448398591,55.34503379494119,6.1998993532963125
5.38726370027672,69.16111272789371,6.175579642742503
6.080115992681138,92.90671303387964,7.466239568788827
5.491862988220381,46.814417229790536,6.671862093194696
5.476458212976537,56.83975231611108,6.619055799105453
5.405654238938162,61.80220869381452,6.351958017829013
6.019146814664412,64.75434016840553,5.870740112603081
6.097083100955056,64.54097666971016,6.503704118418459
6.530966917329401,47.79539971536755,7.205079756404257
5.904799254873276,59.64778256161195,6.321343865369339
5.608066513075895,45.72570967122719,6.138255353734297
5.286020743856428,54.06040901643992,6.169634106324583
5.665548609843856,61.63448190339732,6.249785915991328
5.537434810743356,44.724451931019026,5.9388330171225485
4.9072272393662715,57.905678222774505,6.324131025845671
5.3763863321516725,61.60628333178524,6.210021599838344
5.6396350818271275,64.26996333362221,6.441360652296931
5.586957629884197,64.06735232912243,5.898693991914665
5.579200621003051,47.389270499539016,6.383887583828273
6.534831646216278,97.45258140673943,7.451408424536648
5.967037097587204,54.54426151517105,5.933209979318619
6.575577476696599,47.713295806279774,7.0358189292678235
6.472777952911892,57.547317020934905,7.412125192203601
5.651929152440643,69.351932232399,5.814858880283433
5.793455059381288,54.01101793726652,6.1601982490429155
5.857791613444566,60.22690851207256,6.174283939172745
5.760249897816296,43.24702534087587,6.363084690731765
6.6246595982031575,69.15690680038288,6.829886341457749
5.557743642938041,78.89820253138079,6.412193878574878
5.991661390307355,46.494345004627526,6.208833549868327
5.494234446696918,53.028218469897894,6.307653197432971
5.596028673362196,69.80839147419334,6.471760939826596
5.629464926320839,61.960605422181665,6.468092343260929
5.71651351603538,47.119989004250264,6.192408281123721
4.981064204531625,69.03044700821927,5.849232043157995
5.836913658226299,48.01892119398481,6.045638125142011
5.759098899938944,75.75741907985437,6.720105095597046
5.30845662634088,75.36569617993077,6.409684683277678
5.693014385847223,56.22879271347016,6.159407222634217
5.216096586108416,56.95544944800347,6.393756531029582
5.806442082698608,60.83665708178759,5.913132620399737
5.7090376067166035,82.84468207041621,6.318204371697337
5.46391273384983,46.63579209245262,6.012253444604301
5.570287375656497,48.7178509034269,6.267326328477526
5.982745161454725,41.30673682663465,5.976493741889554
5.5180884351128014,55.05968005151546,6.43821540991609
5.50875017201069,47.79826560453132,6.371124866257856
5.35914413378194,60.45686087741256,6.47986800939542
5.770197254057539,64.67932514584804,6.422804106820107
5.384937754712496,57.86448895963421,5.931804467316156
5.499347582604313,79.08331288154554,6.951808218036919
5.89050921707974,56.42095376874909,6.528053884823072
5.355674146259916,73.87796922983873,6.295229465451372
5.444341541537261,66.56895984260416,6.65279532897613
5.547445336808967,83.14981858128189,6.541857354600906
5.626616944739967,84.92657197415613,6.621226969257223
5.9094878671964555,60.76228495754868,6.48225850474328
6.167559648167704,100.5276400024919,7.4283005970714395
5.462233615830212,60.55584943806232,5.831805669583797
5.836477795645809,41.41959132355929,5.724514569046068
5.399996486540884,64.07107581509632,5.955533956684293
6.573935625734398,79.74903697356753,7.655803701707935
5.674733273946377,57.73507336324609,6.034734574414548
5.657763850603235,68.32065607361199,6.0893318395916225
5.466879423585176,70.7777303716135,7.151734906351368
5.7077472397033535,75.76566422832137,6.565879580912983
5.635998370700503,74.70810409780192,6.34410466347961
5.38969185650264,75.02425924309622,5.912308090609789
5.594780652578875,63.04088620372903,6.071117754840124
5.874035292465172,49.37981873567887,6.157972436340905
5.830201871233869,71.88074030452961,6.247110220850405
5.538013032441241,59.54773742317236,6.265220637685554
5.749627444529915,86.76062682638018,6.9680330833632675
5.4556234922176,75.7957109292841,6.373205297198548
5.858474326547146,58.189910809640885,6.1716114626979826
5.742884266538222,61.251125473462345,6.140748195795822
5.237101063190517,86.9117161308986,6.945022965038442
5.057968607228094,84.20068521194362,6.61418330354489
5.4096140556666255,56.39918908760637,6.457720639079976
5.852041591160584,52.51911357069606,6.285694274814391
5.638138046900286,50.1035672682121,6.286011335158443
5.02052405165925,59.01529571249783,6.135761055785925
5.337341400683171,50.38328604939314,6.516571474199532
5.476991294257002,49.844720958461956,6.306483658149553
5.276114265743995,79.22464057053388,6.195243508074582
5.342594373694968,87.17286645175159,6.410767132821268
5.28249073526194,56.09482667061424,6.309056798144317
5.788633787356213,60.970648053398726,5.977281780440509
5.601707788313985,58.031372252011295,6.583669697327417
5.678139702152896,73.24867648566922,5.92022451033774
5.540492308280742,48.60341582416888,6.216347775897831
5.469369507162308,68.93175909617733,6.423173334112525
5.266514679904729,65.65280827199369,6.350160898404122
5.420520751561499,70.25642918207355,6.805200009637583
5.700950694975335,59.42969925485004,6.217552462427772
6.803146443289394,71.81885331707586,6.963246462510825
5.395687607366175,72.24982224790311,6.412913064386067
5.678886063818405,50.4706797503266,6.079585138720902
5.578613179625597,65.21269425202334,6.1769524152510105
5.420651216868554,51.488609389219235,6.209744755264378
5.930862976613701,87.41143160702799,7.158236475283843
5.288516754495477,67.32710497368336,5.974173941152668
5.7391436860299105,69.98815806221724,6.10636805427146
5.325061504423141,65.3481075203247,6.106422369187546
5.39957042129219,51.18761609790258,5.834487902896061
5.697169028231,65.14281852976477,6.386811788377035
5.290705136163206,54.62467061191874,6.001589219222307
5.5482219322963715,71.84698929305719,6.033531441184881
5.57057936584761,53.995516391934366,6.303547078354454
5.360242947427386,66.6541306533152,6.5831398114305015
5.144646025642764,82.62569534126828,6.34363360588995
5.26407617348789,74.06907318352104,6.402447778576269
6.025592076455551,65.74986060480416,6.878303993358776
5.54270746183835,62.414294971131085,6.0518942282954455
5.162303309895337,63.103466137502785,6.56079930902735
5.460304162440098,71.44291157965529,6.151037786798876
7.0037594379461705,85.2580343554681,7.302409448583217
6.605726905967974,58.83472197355375,7.371210589202952
5.412862189906597,53.93615497847657,6.722185229120125
5.676177643291998,54.36930954467153,6.562093715517855
5.316885789346082,64.71068117080617,6.549293906043601
6.66218731319625,98.72259677738755,7.626069823749788
5.453708589761028,70.33532689754391,5.884593998718795
5.692404509918162,57.8497111008566,6.13307570582383
5.92743730630603,68.94312796036156,7.146751320124752
5.884302476390791,38.80592838170636,6.317178978845312
5.588953485232386,71.42736386725728,6.378149016695491
5.579083751079588,69.04645416153457,6.28212729604581
6.550576561051022,69.27668638291026,7.01817282154898
5.344503583663487,72.37946283255822,6.759970955269831
5.414542609527668,60.931003464065185,6.243582505671835
6.181904153855212,75.33306185876941,7.054353396078121
5.048677192075807,74.37635032399774,6.408270837585002
5.499431125708962,66.52058300279474,6.3588126344933364
5.9709878449747125,47.5181266019373,5.779468896359148
5.770999781560057,71.42718363562334,6.228258304376353
5.574792938330943,48.88905719446669,5.710077664962743
5.500758234059214,51.35719520855242,6.271616812657863
5.662873881391304,67.0981340850135,6.2956083988801055
5.33918090099538,66.93935319376732,6.252293273351109
5.5598666905931475,68.87365316977692,6.649581216628838
6.276889270282079,75.61732577622503,7.321992987106234
5.636265963231644,45.50230526041248,6.005941510350824
5.244969510101882,81.61752221764034,6.191625702515361
5.595534987738158,60.07044484287979,6.30373105463866
5.886771149823815,80.87724288832874,6.953699266328671
5.587750557023179,68.02943904591653,6.593689358888574
4.609503695790589,68.79933380981036,6.062663649670267
5.178392460296207,58.03649833394677,6.2043269970147605
6.359328019957406,61.67843267168838,7.163579735608416
5.742968589196822,75.5108330388456,6.324907569274807
5.398459048097509,58.6075951021919,6.191465642208377
5.7602352848915395,74.1483690589884,6.404182902178105
5.628986676681778,90.99155650849646,6.148604733149046
5.260547564833808,58.319710942612886,6.273512835865493
6.107689747949891,109.78667656584845,6.951428223817039
5.371298266697198,81.75970702285127,5.894950816267133
5.6398164202929495,62.685712752866856,5.987415750976717
5.89952330783987,45.67765506165996,6.303571330930441
5.414055477144568,55.88689500900137,6.3431523537006145
5.486861370573985,61.131135161468265,6.266773470159048
5.67379164136678,73.36452387830062,6.433139876446713
5.440853011869278,70.53486907819747,6.613530967783814
5.766960973397881,47.69495431851053,6.259053186833109
6.166240493669939,64.5176609888149,7.09397078616327
5.91178490354682,57.83567211272327,6.921707225162592
5.895246825564146,77.68411534208536,6.946501227956891
5.679904843270201,53.41606672515884,5.9527261785453724
5.613748242859793,86.08427556428099,5.963240769564235
7.195292036099529,61.497694122722436,7.4436458319561
6.244550001024663,66.88295777714877,6.105755868904719
4.994828933516583,75.02466717107734,6.660443481343577
5.554333874410241,48.650238194004764,6.045046721241522
5.488894174338221,52.31657365296322,5.943865123541594
5.8293789706258625,67.6829932602939,6.073714267397344
5.529650269616694,73.74780151433498,6.058361371662184
5.437295767156935,63.87467145608772,6.43031755468768
5.5695933972198315,71.36224569314004,5.982461411778152
5.1664454228414405,82.27768766376006,6.503719750162983
5.5189586021729,88.34027541355591,6.6979190660049674
5.393975960099773,67.30991612585163,6.744091906899003
6.295082460197599,94.20309692869036,8.219243988819695
5.589905131462116,96.31568544380116,6.851783776159647
6.824329722347549,64.69191144254016,7.474361645579571
5.574143304510041,46.96445076968766,6.477036538390732
5.315644934726904,52.22555515102959,6.292327269354056
5.702438912210712,56.021585432168486,5.817252809755254
5.6696473808811545,43.193034081701605,6.288729792480951
5.281484272847754,60.291201426258446,6.779601751326799
5.4952142253896,73.55145439280749,6.385012137105203
5.560468280367051,50.961260373195266,6.287937463013383
5.491320650170599,79.02424195419567,6.243040667556111
5.853294523667794,59.818694027940275,6.665435430390625
5.373030887246228,54.84106135612392,6.428350308926182
5.481631661949384,67.99167470913613,6.315383319907862
6.510652119065057,77.93421572594285,7.152215138321709
5.522939594729888,46.51636731565404,6.036704034074449
5.223974595589149,75.57830832102157,6.793518011494684
6.4309413760367065,59.53182106547409,7.439397305984855
5.979000059283898,67.13446629704087,6.55162328246989
5.598175290675184,47.68992835087925,6.216101532812042
5.7497778342175785,45.95653317661059,6.0880783118076325
5.58004233316319,55.809374550567874,6.479752998072961
5.426249620175743,55.01377779278183,5.832814936040497
4.609962258992779,93.69919692893957,6.77681591059811
5.271311494309044,84.38821291856861,6.731114290407372
5.583033259973848,64.40783399587393,6.20039738666389
6.757342724286977,86.53384421923163,7.864163099964809
5.7194455678503955,50.14156396848486,6.041993379173866
6.359301833199719,85.06052266026914,6.770266852098334
5.9460666837835126,71.57103033849907,5.89923104483777
5.3163831159191774,62.59669268489993,6.616043148580992
5.58901574705677,66.3503123880756,6.050371676157236
5.214531261571519,85.65569476620985,6.608304257237319
5.284231577423953,87.5186885788005,6.827644655279987
5.502741474574658,64.47169480637311,6.535350974225558
5.655356159161859,52.848340730346344,6.279465459871954
5.723245368934953,89.38782984656352,6.2931878713350295
5.324644339996271,75.7340011703148,6.920950079319572
5.581408956767163,48.69720549445897,6.422056372611659
5.558245548841059,55.279123673614386,6.189234431362045
5.329909480818009,63.297701114969215,6.086882190563244
5.435118212370229,63.41663487118185,6.737208960081629
5.322590804221344,77.03541043528675,6.439536215848918
5.630026289255791,38.03147550227366,5.734278201648903
5.4983634740301754,57.06187918751389,6.159626722417869
6.067965763982857,61.256675978421804,6.648739719426482
5.4700987281219335,56.28845134057927,6.02989400154984
5.833244924105358,74.63359154652287,6.332917823054731
5.447366413100345,80.20041406952154,6.983182353329512
5.4246128421820945,55.70524804128558,6.270240830384612
4.947507289528917,98.83588804237569,6.478160665903259
5.280730634458315,93.75035936610675,6.412584446884381
5.801162377122402,66.07743300438452,6.173271495561433
5.320485918545812,64.40791614450396,6.309711362957328
6.872343814991238,58.04703805877728,7.208718256884008
7.31400207756756,58.33750074521217,7.504050653333527
5.822600695721048,64.55646782915234,6.385952146868824
4.978152772720415,70.20514130451154,5.989633793822018
5.767157927661655,42.44443146463168,6.331140758069399
5.696594469202059,49.996400873027966,6.093627140314191
5.23026411927639,72.42385329831272,6.524752268816998
5.510901622479594,86.9443353453437,6.206132207081771
5.386564443415832,59.25391820016861,6.4618410638980865
6.117188098843128,58.669554792445524,6.886510511779189
6.066196751311479,56.60911613428932,5.937898563487843
5.9625059116901875,67.66079591346782,6.170544273770507
6.352244589964185,77.25533029546354,7.21287194721241
5.496001476135349,79.07611141632412,6.123454386662736
5.72041783909225,59.351134465397074,6.446717417114064
5.059333143152268,80.06679590263366,6.407160080390775
5.211122148287164,54.67961522305233,6.61205459159789
6.308864437324685,70.12474314417624,6.920028083189304
5.779713568162447,47.736019529125215,6.108933167075498
6.2074815349867105,52.286625838760095,6.041321653884287
6.632797460685015,78.7704106790477,7.463019330738306
6.269195387274778,43.74784566808939,6.313135133921313
7.294274844937145,61.13544408818441,7.4269087094857635
5.972669031624377,75.92714098382058,6.586100253061438
5.561911614359774,63.063678863651276,6.59655967305491
5.775265227258205,40.14638568806648,6.34606698346138
5.490936250765383,54.04253975797861,6.356661256919694
5.419598172727705,71.66508305996238,6.8547854238634764
6.049257104811882,61.82570334347044,7.038860240067011
5.780990325574622,52.99178887328424,6.1365813342867845
5.429770926762113,51.229535657745544,5.9248786732211975
5.475168491730175,55.14884981822431,6.447100486762511
5.548194541615785,62.5709030310519,6.825510703959463
5.6870619315828685,56.74701575352699,6.274537682676762
5.453684344915021,67.82681684004068,6.1433366813247225
5.353247903235972,64.92511003527922,6.5797170440100725
5.471066915214956,50.004072995203735,6.351959827554822
5.646910167129493,77.80314198562861,6.424027098049593
5.549163663669347,55.02747787422316,6.309623150228047
5.652033485614014,57.22599589671135,6.1400271506114965
5.626871923608153,67.16017647927295,6.339395810327643
5.6367112031209405,68.00711568140066,6.194383881050098
6.7133501092529295,126.99498437273382,8.247850065605181
5.713289102888489,44.074073938079835,6.11012536842804
5.782160192496372,52.49047174066427,6.201083133676224
5.51871065906116,62.458304467739886,5.8391689031483835
5.762024526327903,86.16201357309228,6.501648360660745
5.982292707360367,46.17332057810537,6.1898288967915835
5.9532217889708035,57.027158262403724,5.959403096154217
5.521529395351139,62.01831944748272,6.5096945321398225
5.887476970581316,47.07496856887385,6.298179543881738
5.126091548022151,56.91891132390523,6.133993637952089
5.914727662441984,39.77027203590006,6.6211904814786315
5.169325067872881,74.92498115668714,6.194230625421584
5.4363656311991635,75.59159717949927,6.876445204104645
5.27245148647454,46.36788265101371,6.204546020431754
5.820957225042916,64.83195923661401,6.535307965509462
5.190730357478822,48.85066882494021,6.074397382244128
5.8517679753268,49.30028121627646,5.899713747570901
5.170181376585901,48.06043136895061,5.778934595813155
5.645446678629577,52.33546065974807,6.408588616503358
5.276647993662214,55.63821365768283,6.031953813095905
6.054675008074341,63.968159063442236,6.653510687568283
5.859494491123288,95.76973224496555,5.940797875229392
5.317911897438384,78.44165681547773,6.221627809902668
4.873233038779628,88.06423535685343,6.4841414579688195
5.48004786684072,65.6418568743062,6.144818040817261
5.679710176475692,63.65759739372717,6.953721371112921
5.468254469338832,58.26925281016431,6.153047227238719
5.333439129064667,53.13704492063647,5.940307964526482
5.298165750963069,67.62794382107205,6.583048938619948
6.084448255626011,68.46918268542623,6.813867234136413
5.464517919358417,87.13022605970264,6.424810989338944
5.869699308805596,61.520420561828615,6.259797797982765
4.999384879636066,71.40369423351633,6.256568300553644
5.5041773177726085,66.85677396311492,6.686971208305779
5.9503102941570285,58.144378665553454,6.489380531512499
5.4231881436960245,79.2569514937867,6.113676532485962
5.765419954262528,60.96770765677429,5.992573853496163
5.221368524427622,74.0468349633227,6.420846731604929
5.7894628475668295,64.5254231050505,6.20506262515161
6.603521443894473,59.50637192740441,7.760451182749972
5.486573853522688,63.69423590885908,6.373518456571877
5.1040527569319964,66.02494952916717,6.621724176850844
5.700046777271345,62.87210219489681,6.341151925135524
5.472371844796728,79.34253058346653,6.2690046645517
5.426739016665464,59.896470118334136,6.205008621631431
5.547737551588482,76.88309678741157,5.970834891861636
5.729493842900365,63.51493333689415,5.849903622659442
5.7401411561308375,55.65741989411377,6.2494913430232995
5.670653514762162,60.27053766225576,5.850151352604675
5.373787724971772,75.967210393399,6.49859368622303
5.956443615308461,51.92875188976806,6.291640317377597
5.81526788666023,60.97736515411472,6.547557100216088
5.38690205484708,51.689147113398825,6.2449812452977795
5.789355488348341,66.49336959363396,6.504939665595776
5.702286126930928,51.1925551461247,6.041887833522875
5.763275662114163,67.82688356570435,6.251638604789286
5.424115096096801,71.50463517116833,6.317283173544502
5.649621544954133,72.02644624341488,6.079522741588083
5.787808962590039,41.93258479323917,5.86759876874721
5.195077080821221,72.68850576757121,6.1464660019458535
5.670509831124544,68.00553176911116,6.281593778910064
5.483571532648992,78.38457038995246,6.570822892692163
5.465323600042906,69.10913509278828,5.937521006384119
6.786411915896037,100.64887175098852,8.278360864513312
5.021952948522949,68.11786206027352,6.516715139861655
5.530963733075238,66.1392788316865,6.297126393284511
5.631590900004493,47.676974695252056,6.584566719770232
6.496830005094338,64.68646376556005,6.976872689517868
5.888925065879201,62.87490069759279,6.4730413409588285
5.37268741056304,67.25389557417905,6.309430501305785
4.848238778221435,93.74266087549127,6.35719522472545
5.461092829525828,76.92939083051265,6.078487169053734
5.672951566260499,67.83114372526788,6.041858400227308
5.276606799837604,61.23785103898562,6.394814909502393
5.777319903953371,71.77255633673984,6.876379198797437
5.594774904636732,64.42596977587459,6.694429125988001
5.911364962454016,84.7936058775014,6.578334608556819
5.379794261764956,56.45314441885736,6.0960283171521885
5.499548806206942,72.38685175771356,6.433458982800782
5.41376388085914,64.53674134662016,6.052544145911157
6.375166061251509,80.9503148142703,7.58933431146204
5.7904251134455205,47.71863410555721,5.992181817296148
5.0878102561028715,79.94263355889142,6.080927667989981
6.483908346396446,70.6856148604989,7.579463639056922
5.976372849254129,49.9211397111311,6.1208047605603575
6.154553220182657,67.44432410797104,7.100280198124238
5.311471071950759,75.67748818355432,5.833411505158932
5.729418408660747,60.53293694351919,6.778769325143844
5.508181965712762,66.63692959894276,6.126183252811089
5.504204575384569,60.663879454893355,6.332107388108023
5.35430972938478,65.67923799199998,6.456199926226616
5.340292507473865,100.33123708095967,6.341170289332172
6.760239932502383,90.93548776258054,7.260498344302935
5.318439932201757,83.07281165473341,7.097316950803804
5.731502467141648,55.93720096006684,6.331044326985758
5.44235682107991,71.4402942461729,6.239650329284907
5.203128496516971,60.05048595800471,6.385559694112851
5.646456764901003,63.48549163889019,6.2985842894286534
5.297082440748018,64.3830092472169,6.565847235611108
5.484687379509906,54.80474782719144,5.695688425752204
5.54417873035571,50.07678520163959,5.954169843187988
6.888316346429755,83.09491384642931,6.747892738379836
5.765925872458938,45.7178818940804,6.267027903253276
5.612963040510738,74.18446783183002,6.459108262177729
5.591819139048493,65.34909333243083,6.235792378210337
5.258164464770902,63.14376325470704,5.844524968274871
6.765681434044379,70.79178556694126,7.717343954105384
5.906759979084704,58.17175914125797,6.652338961341837
6.140027333150301,73.34173354607415,6.370327884581029
5.369036056008482,61.13340949017751,5.74991540392458
5.534388181136786,93.99494604497612,6.257167062758291
5.616837101592463,60.37690940232206,5.813805524303076
5.7676564186707795,59.04469101073215,6.5065074192599255
7.226809719596862,91.97314396012246,7.522006256829899
5.928051608294678,59.74730829800749,6.501013231928159
6.118838633202911,56.33300366223383,6.468745743585229
5.891007874083824,57.47737876816292,6.633153942148476
5.679403878348578,60.899207085540716,6.19697699471335
5.648863690682157,55.43534018067138,5.975914574467772
5.9535077125806515,69.60594420314922,6.793968918328582
6.1147309919778285,56.42278270351767,6.430474140910412
5.927549810007058,57.798352947761714,6.243751010934937
5.615680556539339,68.9168710471165,5.954565697713828
5.716137950125253,60.92371937637979,6.449826770295322
5.162014412757377,85.26320278958225,6.677128756388315
6.2617875646906755,55.06554154000044,7.2537310980363365
5.93170821126446,77.16308997171028,5.759619616855294
5.335441334539656,59.84187063991552,6.55129154524822
5.4897327587499145,83.1962663772521,6.115478444217563
5.470898579473949,66.9235001158492,6.0519753182329765
5.692498929769114,69.78612981949298,6.703722705385223
5.206123962147903,62.418886936306,6.126345212212944
5.586190538402277,75.95519234158729,6.624674665088217
5.910232612416395,60.08268738605741,6.486489943771818
5.502129421033087,56.17522405195634,6.0767752456679105
6.5464056066558785,66.73206080012896,7.169797580209669
6.510506990298878,42.950272563452835,7.175365041352474
5.180378222743536,49.04772986530423,5.947481583126176
5.008944963440831,53.09340223400331,6.007882183114278
5.364460487573275,65.36835437462962,6.614839039704739
5.407637533979165,63.06573356232118,6.350622625942733
5.32778283722072,57.530153323242885,6.182939033666458
5.573114243344277,53.95423520209694,6.224770918044619
6.001500358702558,48.95660830237715,6.179337826116972
6.018175635517019,48.82079172285275,6.384492044449024
5.5518323319368985,43.78565286430311,6.214739056961861
5.789451195979095,92.8185421469212,6.1847350502237735
5.702489252678466,79.61196834325611,6.446933900162408
5.619500964215406,64.16410716916836,6.092176408759444
5.224966699631586,81.1971712523163,6.894896611966896
5.4756067470945755,100.9302969166171,7.041779005469742
5.865219636804283,73.96210664429665,6.127968107441127
5.781019026282148,45.16023614687223,6.46070242448349
5.259779228754625,74.06289290212244,7.105329254755452
5.361055870092556,94.44119028085709,6.269426501956072
5.150973222699459,48.21667689497666,6.177599874858272
5.681936384349036,55.87263281055787,6.171499132665491
5.996821964782904,71.63009894917445,6.964392700078776
5.559977385661602,63.8403455763638,6.100855714505225
5.8305256730997845,43.918002602268714,6.195939941166737
5.267674860663187,54.18366521704203,6.114472808596612
5.511121370027828,47.329324736332175,6.324930892280406
5.839407759435618,48.22094957530464,6.319608549178827
6.605565981364625,73.37429193798819,7.3502428559872275
4.981491523172044,71.2342398597791,6.077762791364432
5.657580613392875,57.19544330276263,6.236491384998055
5.560529505699658,41.70617211685467,5.87152929207303
5.593508420071438,56.86518530793226,5.983173216621578
5.194935979461193,51.91839061415196,5.931797213561392
5.473949691438701,79.2925538091178,6.036795930491567
6.287825150235277,71.50941540600603,7.41380146166514
5.19334795212176,63.13122120728106,6.6162747242584175
5.549439375401996,69.21065354427552,5.923401164320064
5.72391274335891,69.93856448371484,6.867380502164364
5.255361597609838,83.73845496693059,6.49739221341818
5.594525898329893,51.36511225473853,6.044983738044173
5.7847016485409855,47.686797871757214,5.926681169636797
6.2647207678406716,71.28565819505394,6.45952986673944
6.3524589420455335,71.1177095450914,6.200935578054547
5.808607253203297,53.69808438441947,6.231527123706951
5.993390149117071,52.630526739847895,5.972726154261958
5.224979278246092,72.11859653593969,6.332621964128118
5.7353247082483945,68.72096975957464,6.444050708376214
6.049372546144736,57.840422532923846,6.687710021524546
6.262659823820023,80.11602023499557,7.492299239968317
5.280338485516207,89.09729550510228,6.8785911100157655
6.520931348364901,111.13187208169461,7.628906444867039
5.3839388973530715,56.459832712901346,6.194407049668641
5.70944420553586,84.28771785209709,6.325172544149673
5.773781484819099,75.77320906012446,7.119671271290183
5.720209539319682,68.64693713785051,6.144208449733736
5.7696959111726525,81.28936535550237,6.252438798515389
5.325131603629102,79.23164444979943,6.719456477531545
5.6225068197488985,47.7725937594763,6.470311875262849
5.592372872236346,70.48380713837814,6.393827940722036
5.475799603538514,73.1650908042258,6.674106596828491
5.320010501073205,78.74031700271922,6.768657725315792
5.569381171635651,59.6998006222203,6.422471393187546
5.533987013870573,66.01117641382456,6.439729766357542
5.507843060945715,65.90299669635021,6.132637993032814
5.710882936629253,70.0218629885627,6.396002131715906
5.243766632813919,81.72250060184616,6.80511490190401
5.613200569665652,54.585354794801354,5.975795309704811
5.7260186928159715,63.50277927252769,6.2407276683109325
5.946504343349502,77.8014364873439,6.327281629098192
5.794954851149151,70.71191476894974,6.415966998090268
6.001087144964058,76.66310605349666,6.717307905982188
5.095445875706645,71.43756771055394,6.592450638996738
5.690367766816161,56.695811598276975,5.960141976831605
5.7989903108134575,49.6254467339564,5.8552136453022685
5.538364396647811,64.99981818877583,6.127348625030297
5.637883884790744,56.559177499752046,5.8759593284954645
5.817705308145256,70.11093768940812,6.638601332556592
5.765498751519291,53.72918947044769,6.055079400105119
5.82668077360003,60.06047297473907,6.427416923147607
5.5203345193264965,66.14509868461532,6.689021785694189
5.2449410884112835,54.70480382408005,6.436598830318835
5.679225109611797,48.13562477733078,6.26013695314846
5.614030219441891,85.73602592993497,6.635214631405295
5.351418974792624,45.66416097393329,5.93295023270115
5.239632095390439,79.09850232705593,6.212520146500086
5.350567967528224,47.40653727212363,6.299215952257586
5.403634302162856,72.51101555838302,6.568001136381627
5.343604491868726,69.96995779274171,6.353411637495922
5.7436411020424725,58.39068423287607,5.786466578361571
5.497468583581477,58.011361556467115,6.686075485767638
6.6064810835748435,103.94078358082977,7.5238011228743105
5.995253871860036,61.60094790085012,7.0602589239328095
5.51191316447086,56.62403496118841,5.545255352661526
5.427310407309723,64.05243448940534,6.48407453949822
5.370892594087326,55.029348582466,6.190640335408235
5.530281743630261,50.73044062697202,6.116203074607384
5.6210647505360125,78.20401755802918,6.481911537123967
5.633438773346758,60.936313501556874,6.201437592365504
5.6692365888045435,79.55994779044687,6.023989517197567
5.437865884372604,71.29089312740325,6.52517841644043
5.789457552876655,40.076323201940184,6.269233271308924
5.750023858620504,67.95140606188201,6.018545936166244
5.106320442222119,92.28200289969898,7.028628343087686
5.58381006106678,65.79840122038459,6.078649303794514
5.943306409651322,69.59566129752865,6.613068351492328
5.852295775817533,58.36610071902823,6.211610549296733
5.541657668745623,67.49367174912679,6.589138295934373
5.381750025097133,57.42677556620913,6.3170065632828125
5.168889536547719,56.19176984950698,6.289344488501979
5.2599464114720105,70.7705020306527,6.255374701469762
5.759076041743558,74.14553060556113,6.218245359357262
5.846591994698515,73.58912887222338,6.564521739808378
6.095489506378972,79.8656062053972,7.103702523426664
5.022683807101012,73.61576615506506,5.909843965712452
5.4276907271137596,58.49951676697504,6.107879987758315
5.729339990599466,54.41985430947769,6.414063940183986
6.432265115662381,78.39761060166133,6.351901736093189
5.669541478605998,52.57396848735428,6.43885604375515
5.976208335760912,43.08704829356003,6.127514342753297
5.438122299248266,47.98814346127349,6.527038820842636
5.795983422225792,53.181504771170324,6.445887841781974
5.6671404364545035,47.6948026927793,6.479266817832716
5.4399345612289665,54.12490368150788,6.123259249019289
5.7549605148574665,62.15950300580781,6.335010807013124
5.4554967610976215,69.33477939733862,6.3040541282634015
5.86015779640556,78.51939813799083,6.346852234839254
5.821481660962343,56.78317777192712,7.05880991312871
4.981820065336801,113.74475245787315,6.911639341930934
5.572631454783618,48.59916015473435,5.86333300967524
6.567576152680999,69.69266510346628,7.35089583292797
5.263579085639763,69.3438253466549,5.969932137877465
5.42855420954597,80.65521432067574,6.6159102353885295
5.5565230422212535,59.043723603438906,6.448441054151487
5.637650792182695,73.24486538535213,6.41079009122374
5.254101135834185,60.30162939241213,6.104153125362845
6.482151049299874,86.44345712636756,7.234975216211462
5.3276187046390175,75.38757594750285,6.087978532256108
5.390688785995114,78.5086177934395,6.668829301913172
5.349776123445177,55.30898999479899,5.805596184714484
5.757440960064986,74.54565352325221,6.346717337031285
5.7912179113564966,59.76523310709501,6.078763640329234
5.2877474055586875,76.26515527506541,6.216733580743874
5.327901367037057,77.84680549233639,6.7916105268646865
5.704885314276194,78.09517470371962,6.650723562192671
5.714339104443789,61.40198438522219,6.507965713214278
5.747695048461378,113.64443768712879,6.605870276426971
5.818787452111005,79.90855572442561,6.4215391793426875
5.362621313391271,61.82719345855737,6.015149498351276
5.109941708750112,70.9054100341649,6.404454653940582
5.833528180536796,67.2203897199502,6.311270277722664
5.550252410350001,80.58726456939483,6.361234473480384
5.439804526339334,68.68602336530918,6.080628582099044
5.495200182323569,86.68929265698283,6.544589392022789
5.152027772591948,87.34358456480743,6.659560380975069
5.965887666105292,53.26222079093981,6.078174487777035
5.62388609141922,71.83421884583743,6.637154005400105
5.855979921525789,67.01764627744869,6.081214933475653
5.775577720608584,71.20889774250806,6.316526435733425
5.4103424127955915,91.05560789787842,7.151672694010664
5.784433310185969,53.08383360225835,6.155975778842925
5.37925156947105,72.91393852560638,6.789322352178061
5.530596805684619,54.146290495160336,6.491256961213781
6.376963802339136,67.30476046432186,7.0986168714637765
5.589411920399658,64.18642511754494,6.656519544773853
5.693207171682601,53.17177146996274,5.934871008187395
5.667893198204838,61.63949351630378,6.240800748327863
6.019259612002611,64.54008612237394,6.439968194528878
5.01070863888641,57.22414479843816,6.348530606920283
5.564992145395063,43.999149016714526,6.243158512979322
5.89629553576393,52.025533275010304,5.963395644936981
5.306138239231866,60.81475543193883,6.182570188804119
5.009271169069088,80.53992104396742,6.178467483676093
5.257540274746478,58.91982403175718,6.17086562031247
5.8625999132057345,92.90733433612436,7.5351694999837875
6.537496010716897,58.620017043284385,7.17186667788263
5.629696345530533,51.100302934191085,6.35010111232946
6.181020423086608,78.26305176313805,8.486367350823832
5.282664932636096,59.126212224161264,6.670385491019082
5.5300154027965664,52.486665728971715,6.381953157867587
5.842969203444874,77.2390962055068,7.28913333661907
5.6970738858592025,72.52991245949173,6.381859604482936
5.659000281182833,53.10941717207001,6.457370193457055
5.47790371197226,62.90544229611683,6.216423766741891
5.697178868657339,89.19647149619719,6.844294329176726
5.637738344026506,68.41549692946374,5.568143940945685
5.756417952090102,44.06502788259165,5.758115517740688
5.50928508698482,56.10868797593144,6.346823909534872
5.6503261391940685,49.042775990845726,6.205750436561434
5.521283678954781,70.68279370987106,6.205138166988658
5.8585353113817575,59.05777590620756,5.88046210381043
5.772873511457484,87.91551184366304,6.479681757984495
5.4380188457224135,68.40528795980215,6.904225731099987
5.665376909519386,64.13899684360122,6.215007542246866
5.569475927520466,56.11151443906525,6.119069253224981
5.363693999230581,56.43845014118042,6.304929514267176
6.025757503803737,88.20447870198953,6.749150811666076
5.387585817502022,45.20280716935134,5.99156085960108
5.923171006103802,75.09343843084395,6.999848655072284
5.21936847508932,55.678742088805855,6.61082333012334
5.486310325967001,71.91915703147784,6.141208585225575
5.771306648252916,80.29622193017333,6.640768001221538
5.5715600167767265,59.993080043800894,5.867481102260697
5.568703577167511,66.0743081235087,6.426722401912362
5.739973385010298,77.97062803879321,6.477322784709698
5.965615509191239,60.72535040651035,6.403964291647816
6.125115728485096,52.358297957079714,6.763389190079159
5.582487196070571,93.0005715225683,6.879631015652573
5.988195433849264,58.91636559849767,6.105668252701943
5.739927506708581,62.668869753103735,6.359435148763505
5.676166632501511,78.051381653059,6.542211645449638
5.577074761920619,59.7394684303174,6.329982548496199
6.06609204496082,69.37268291386631,6.702918854523433
5.611676574061632,40.222119808359146,6.381255005327224
5.711307931804218,56.971950851310254,6.037279865174675
6.200494355615076,70.50832539912513,6.871298956094859
5.07489507332246,58.2323820976916,6.099433057664752
5.381257904291583,50.43793911895752,6.381786360190988
6.883985023067603,110.38273643117893,7.464471376141781
5.539733449421273,100.7238542258835,6.96414402309372
5.604020541147898,66.95948781897675,5.949837344413411
5.837084140904796,64.92109051917313,6.292551226657748
6.130518176197814,58.52843305613708,5.9955947532140765
5.6458785273639505,58.396478946309664,6.355398179416874
5.816110541817937,59.88707826912897,6.182762459552581
5.871449785701418,68.21456147101044,6.738312145748162
5.020581878709565,65.61449081531356,6.372070837878823
4.944992624772557,60.49252534811347,6.0416586957793115
5.429964286259834,48.8865924794231,6.336305437086043
5.260202028745829,56.60876914606762,6.061442856421745
5.6932610570594315,66.37302434204936,6.439802833489108
5.6496077990039355,74.24058472703862,6.648858196214843
5.687075605655014,63.4811634911567,6.298056228200197
5.931222899903158,59.40204281416584,6.026591401739538
5.838634290676409,69.54946667220318,6.162086365401828
5.737307377606846,49.94151647333508,6.316535259698124
5.390851232483828,74.52462079927422,6.482118789099399
5.7218065817241675,80.01952104556763,6.682473203680853
5.445342712162128,52.26765646928394,6.259704842919731
5.879291062457454,64.23389908268108,6.226934754787531
6.599020432709373,52.638385731847464,7.62753793686663
6.00030105206384,63.75226248943104,6.732018389297841
6.271769126247869,72.60194087728071,6.480202791863824
5.676138636421859,48.16004425362527,6.2008201049380895
5.583747019955849,63.64898531520008,6.500088208183
5.781045943570426,74.9577118772611,6.732885308894738
5.665431420999418,62.526187637366114,6.507276261777735
5.194480291998517,65.6246192554366,5.731175476456911
5.627465549897909,59.44373786035299,6.472072136324882
5.769234874137958,64.53146864267599,6.567493063726258
5.62805214921081,59.687535682353975,6.290770432070851
5.389742630516624,53.30094361924553,6.606930672873592
5.781090781534422,71.83453417326164,6.575166599048584
5.370143682779485,61.337375673826365,6.088522462754935
5.547148619798877,49.77521783206441,6.047552633479583
5.297056193140582,86.99693376611137,6.279476344982228
5.986142575229097,72.70189889859473,5.973681879765216
5.884987328891714,52.45568412469516,6.3100190622245895
6.038803715700559,60.657313438862204,6.332466895374234
5.958188619705862,73.02335224416092,6.174949801884251
5.7055826184075,79.64347548099482,6.32507010991961
6.234415708946431,106.64547711434363,7.267352470266945
5.090561903160318,64.46501103181487,6.545591706583734
5.667694370384102,59.026943243747056,5.9825189220969435
5.802542206359863,74.92646515819132,6.386887594765127
5.3781324505328945,74.11976475223094,6.06158421316584
5.678665679940117,85.51357800366866,7.043201760291257
5.542638161728149,54.374806859843,6.645710104001975
5.531673813472482,82.72131610041625,6.458390542954122
5.954405535435425,70.32001015609211,6.534929154627542
5.482967003251577,85.8547715114526,6.361265773782415
5.733841721796751,83.06676477384545,6.647736258183774
5.468873663254392,78.03801944614337,7.206716643602191
5.6656249571949715,61.78883355352975,6.833334064823577
5.65376046368078,54.00584076776857,6.198834392413951
5.688992586576739,56.19666857199757,5.763160694659626
5.614985923443943,82.93989748981654,6.430901552192658
5.436391304307497,74.56222763614119,6.593110813611783
5.887399466055696,50.269014958665295,6.224396432721541
5.7681275450780864,68.50166819012779,6.029258695140827
5.834061092938423,56.793462947188374,6.377275811521721
5.54654671434642,61.68463000786721,6.763517101021403
5.4728812907467965,59.46798082789049,6.336065615038905
5.586831843893766,69.22763386791085,6.61789273859797
5.688272182551522,71.22865124619852,6.421005139817075
5.977362930275103,68.63465744593614,6.256589898588729
5.78723678725183,64.1385761682719,6.084347889225483
6.159023343587933,66.65800120794779,7.072890917054628
5.924355347440366,76.94865814063608,7.034134084202
5.6273204233355285,42.97453382154522,5.926653638400911
5.243848268279779,78.5162105742879,6.515680093241799
5.754653579343838,50.97883952154398,6.508417149822074
6.721698582235462,69.03580459141936,7.209197215964834
5.572441967360979,61.005586785214064,5.815549920803364
5.42831548305748,53.15232259685994,6.277384137369157
5.808083999688097,49.092655155296406,5.928173286775971
5.324739146878953,80.04064404447091,6.623008967813763
5.723944754577436,51.7999738887501,6.377422190174431
5.737527185571956,50.8016454921161,6.116398730911087
5.593040543979943,60.76903337706327,7.134440626620519
5.334540019316506,91.41143421378374,6.650097842368221
5.849926011868597,78.2677755438422,6.578237962138068
5.742421202975258,58.518460114515364,6.203142959675182
5.465062742489055,80.96959040645355,6.169709629537731
5.455867100959454,62.656478156018636,6.132730272056025
4.855919183379936,110.768793790658,6.629264406007957
5.828334573810568,72.04366449218345,6.27495484482522
5.761194987504322,48.873734050553566,5.903389915963824
5.342934104910438,85.59249279935074,6.005662570294898
5.883157815311551,79.97666929403901,6.1488022203712465
5.570193220416076,66.09889961869533,6.366521506091802
6.976934635331284,61.83509400539318,6.519156026784528
5.734382845872223,44.89885289584005,6.145974773691952
5.677556953654564,69.90512164654075,6.0756040638435245
5.0498109032375345,68.13736614223266,6.599866144025652
5.4267983604469885,71.42442713140953,6.614568624540526
5.903471392727926,78.65887757232815,7.312120002036555
5.615987452967124,64.03449264763188,6.495266549139904
5.874796649064017,72.16956745309317,6.092496194162375
5.386897175194403,86.12289552547468,6.851833646188348
5.6408937955108875,53.40334775402212,6.553847205069715
5.130878654868364,57.68275873198843,6.401456912564435
5.5004914682537285,55.21074737514916,6.141733052039061
5.412129484627731,72.44598698428729,6.304235682550125
5.361199640053726,68.45640511556554,6.06001339940972
5.1702890930268826,48.67000548959899,6.108383702501125
5.213062665198001,58.051516409984345,6.125748369971995
5.465545785767208,82.38464253448963,6.7409040671949505
5.5284837112771745,55.281584454888936,6.156790030551446
5.861411677009855,72.29282263168147,5.942592862248331
5.396024806911188,57.39275786888927,6.139473103831172
5.924638528815734,57.07608712882183,6.451857064965741
5.4145997477858545,74.83402954162574,6.865948736016739
5.362700146292566,80.86590034769615,6.282252353363407
5.832523171511069,58.45065709017299,6.563119503113365
5.684931309880244,92.13596661425244,6.588698697864144
5.873966231719423,81.83279202435493,6.483470831243383
5.5845668851899575,74.0150025704534,6.484854761414752
5.633651769115758,73.5922340045513,6.692142721899068
5.614683656606506,70.98707940485968,6.749216985477676
4.941677268833808,66.0971502524559,6.5403938876139165
5.452620883925647,66.84588235108718,6.553237037892026
5.643386587151156,57.1016405054183,6.5190283226994605
5.6122271874535885,78.26750912788984,6.908172772577616
5.581904704015571,67.98398802867526,6.570825265803981
5.566894204060447,53.55303138131296,6.1426913685282125
6.097598790195465,77.27398865812683,6.882032530930023
5.078123606572277,79.6622247858396,6.280720037273995
5.554377501577556,64.27118187797964,6.518985337642193
6.774078465958066,82.29931102837729,6.408443642743273
5.370754183212447,67.19047882662221,6.772990584222912
5.304335212247372,78.51519665527594,6.437492533747641
5.1548671594057085,61.528686139091256,6.592212829474473
5.773895649619689,62.51508312104669,6.37314483164978
5.313307364887061,75.02234805993282,5.839898888992649
5.456274073365421,92.05520687877988,6.167514394667946
5.589375752829953,46.08633621318183,6.109151527467366
5.733841726577443,59.86245920011955,6.131640481104254
5.294552436588109,60.00294283123189,6.51026465859298
5.553574631336665,76.24558930711967,6.4547116993492635
5.742773536367799,53.71279822572327,6.537828936605835
6.082524537688222,53.401757288145774,6.516318950353364
5.28058799543016,58.80199382151085,6.272802751461324
5.375711524979982,52.73575770493543,6.331525737907249
5.582071016136159,69.28962159374463,6.68943014370125
5.697359730705155,56.596704681114204,6.383051319423139
5.437891889875317,60.441414427206944,6.611132968285873
5.761644470368702,87.99037132512176,6.898613050297863
5.802827991452716,64.98099213332047,6.925450030502446
5.7999670363127835,58.653551453547834,5.901090975799406
5.973922882922262,73.01308867008055,6.695389313821882
5.55823524842807,63.473172017242554,6.145899587513835
5.869712825241172,49.616379986781695,6.049071685527752
5.147747108316386,75.6582670482384,6.2019756148700775
5.493409938251736,83.92695067808914,6.43475729379817
5.76939920105561,66.75146183109241,6.324781317738677
5.612619444202558,72.97160189887072,6.44040737203469
5.241400587084428,58.403926359224016,6.3344783584657165
5.705634660907327,56.44035401079088,6.176745313799304
5.995710254477251,72.1820808685934,7.475064919921115
5.300056588383546,62.410733293383785,6.094127279950825
5.358645723885075,74.35350221148133,7.021063436792791
5.5507617988126015,78.6482486416819,6.8666016898209286
6.827772939785957,80.91800408593654,7.829104247266817
5.715112303222281,55.24933162991246,6.288494717655073
5.498868399110413,55.48769831279755,5.8793298994016645
5.390949361142153,62.155727692477996,6.6420786775161025
6.505481791910864,63.61846828432947,7.814017015677253
5.285237426333116,55.756145926074886,5.736316537389947
5.453883658960557,76.79438073419202,6.206982011747764
5.8271270181787065,65.86061180366671,6.692651854150057
5.816339554265499,42.50603874078763,6.590139795502961
5.944595136870026,56.875253320510495,6.158170214783193
6.53651034152829,64.02435941622124,7.660813016555799
5.585197646664429,71.3896911575513,5.936296111386109
5.99291200934203,68.38396757512763,6.744952326847762
5.413866341625333,69.93753868278218,6.235681512416062
5.4292455316431285,40.91945197285359,6.136310548652844
5.685726828134644,47.52601320101073,6.150396058901133
5.424460381785696,78.20173945567085,6.548728007733917
5.076290554667158,60.73231390026063,6.51723736979307
5.743370061381698,77.02187154680252,5.8504786218395
5.463855228689963,52.24277024151136,6.150276425961949
5.699711202902521,67.78843972655261,6.086187556478786
6.084423118327129,70.75341055214201,6.779329959700763
5.771260414298867,36.433213954369926,6.00695171970185
5.954093507239478,106.33911658967959,7.445999409848782
5.093071524042106,73.50500533173965,6.64292254290719
5.4475715787367935,69.28918204384296,6.235444743353057
6.133634506778216,65.74200477186018,6.610270401886876
5.571076696890716,47.72384340731354,5.92144674223175
5.441193216216937,79.03295476271123,6.708742182022172
5.7155104005843995,61.690707276062255,6.167163555990062
5.892617262784386,81.68911994141746,6.119817804776468
5.729788909315098,72.96612541006202,5.987759641282665
5.634003158301342,68.66229513678375,6.4513395441783
5.57164083808825,76.14882958124352,6.152383695264849
6.476801542813669,61.723879933531066,7.2141008691643655
5.762628188550681,68.28821392779722,6.383904903708503
5.444425586249633,64.36575767520654,6.188016166432548
5.4606970584001635,66.13291333651875,5.832522197762041
5.755946374200704,50.40006195386991,6.480357056455212
5.55633086341505,60.64776179981113,6.125546272563705
5.62716572715548,70.42565673172197,6.758190758913413
5.9532216108148095,49.18093584860605,6.152017898741042
6.021046393357628,74.78586015090376,6.224916155879644
5.924516984262342,60.34067447204947,6.6001590977984375
5.5944409710331495,71.97143300656377,6.6712066179350975
4.671160886244657,80.5016049487973,6.345776093230044
5.572569301054516,75.31817729860354,6.060809860131741
5.300025445412349,76.55849621105575,6.33276393166895
5.494253939807859,53.834332574685874,6.332480704302043
5.17996939801496,59.13479865066027,6.075789567670728
5.088909324237442,64.68032708830167,6.018989217800107
5.557547068033445,70.87429913677502,6.190034315429356
5.580887176792145,67.73028579986573,6.239050668638992
5.948463235669667,49.685506701856255,6.203713924517031
5.274490877562429,67.32551295326519,6.454798943708348
5.687533252164323,89.78484272462266,6.186238985705512
5.718434431537389,42.82080262497425,6.0556377640893935
6.621280208937657,86.60663931602998,7.277939573401738
6.036861930576768,73.70614811301112,6.706267081668127
5.59470366074574,57.35169042159498,6.301461775851846
5.959955934403395,48.17070605368888,5.92964493695043
5.6178514189407975,64.03868826227965,5.978430730917921
5.993249098332548,49.77748988860416,6.02396221292819
5.608665012026641,69.95459118458726,6.955710196060735
5.453859133692098,51.013757933020116,6.150303161133447
5.92437773436997,80.70373115288282,6.07367474837845
5.948339915436361,83.44915300097229,6.324822799927855
5.556139860975711,58.323999163127226,6.4356919713309395
5.717059972501325,46.70171269378326,6.315728790158164
5.133148859516079,68.36183653086519,6.704979024641762
6.430076175719553,81.96324807676962,7.651923299120983
6.459972777626396,79.56554778833986,7.415042974501848
5.55146540817672,43.51433229968768,5.984796141354913
5.169873909661889,66.23818889994621,6.32360666500926
5.36708072578009,67.9403253151303,6.256600632469705
6.309840269749931,68.20465972144568,7.0792009401748475
5.153190914550507,84.83812461664411,6.776959760014116
5.605545298870735,59.91481332541083,5.941326610482025
5.484483795534658,53.4090663522212,6.327605968255105
5.256678021839392,108.93867242114065,6.664785224316944
5.7147022720354546,71.3260705827217,6.657760149385464
5.573214710361815,66.8426944502163,6.340690485684585
5.463603973579454,49.55559015994973,6.074989779838276
5.226950984571064,60.65236045702588,6.5508337481216135
5.435778855710828,77.39812803215872,6.20255272547307
5.6777675761262385,90.5986311252889,6.368968477885366
5.274413487636557,69.19346001917094,6.658385609691649
5.531921844759697,61.58708422444261,6.026183077443296
5.361455187126618,82.04266384069324,6.159223497133186
5.607533637858665,58.86860734777916,6.05149934194259
6.4428064301170105,100.15103746736109,7.843818036533952
5.849278706494693,83.55867251291164,6.74138090745006
5.172921635468423,82.20688979085803,6.000695160341228
5.579590437101608,65.87662834359823,6.597534875532007
5.260986649697112,68.3376994958682,6.467133508839784
6.677730392005875,88.07110230835944,7.864710777067638
6.492870273070145,95.33195658935465,7.5236670108928205
5.39426648857398,63.11874075237179,6.355422705203133
5.433905785322243,57.408286441207515,6.216334941748689
5.7806273469557015,64.01673839905024,6.71900581115464
5.701412427959976,51.855371359339536,6.335877421916806
5.669773437872225,64.08116686361528,6.024123690336761
5.721232485081267,69.69090561973321,6.043360538580194
5.724378057482421,61.53078563394928,6.213103941584058
5.485257174490839,61.655059823249275,5.798022184406071
5.0254536423194995,74.80289463594978,6.3229155686358425
5.660306422328353,66.6261566149757,6.438470359015502
5.874253708795095,71.82699604291678,5.834483446350432
5.315254630504768,65.75604422265869,6.5608952631999315
5.659593814870303,61.339180648492395,6.450864139591491
6.079946680287793,68.2582339201293,6.380301079745013
5.838544438259382,66.47527974637819,5.861875925116667
5.4207621451436045,50.65456597111288,6.641582504616198
6.471521330841351,88.5873123300373,7.544980868867815
6.090113226835747,59.58508487799281,6.200885883304589
5.32440253191402,49.483024530712655,6.545804441212795
5.417632023288155,64.08625715635014,5.776345959675694
5.940313072739065,73.01803643070667,6.319770041755408
5.53856096637063,64.41558134331106,6.881776695125353
5.783812778373098,37.720539115771004,6.271928629175913
6.652966517175578,54.25491269918131,7.158054705128484
5.71220050049261,52.557461598310944,5.905545888040769
5.265396436948693,70.87940546833528,6.432838694258667
5.39916729764998,68.47416723622321,6.602805610419964
6.311525133376336,89.12517705704283,8.162159283914965
4.966357914147808,59.88929536573362,6.634794004258937
5.708752641952815,73.66704797480618,6.461659583665479
5.875967681796932,51.8561770596719,6.328117010803989
7.093520326014232,77.98715966635822,7.503514089414402
5.487778737425357,87.14822457992564,5.891701473487228
5.424261420732498,49.30313202364005,6.43857018343853
5.267014816897583,73.36101964590071,6.272943823612976
5.244948600718808,46.02226711404663,6.141969589406526
5.427015701109177,68.38214758018873,6.037473004431259
5.6736434573564045,92.03580706328499,6.792283643140262
5.692578529890476,56.023711587376724,6.082642239238207
5.652867547610841,51.8550280960408,5.9200875566869495
5.314962352022674,49.30177165254134,6.137935682389272
5.163219322477382,96.06528409756932,6.206749583001175
5.1823596686850255,83.39675242737204,6.485396673251572
5.7598532780077445,63.311584915851,6.572860443008894
5.469863964374542,62.309842341363435,6.269037834492831
5.3473577116194155,60.15856675764465,6.791564071733856
5.249061415984153,59.19450717540116,5.889484961526108
5.4859510474457736,83.26470855167162,6.344762905831802
5.661353750196194,52.259247204707144,6.505299047759495
5.680423075076179,88.06990681005907,6.726448235974217
5.91404029488377,62.18587181833184,6.071014419835537
5.491466793576049,69.22530334423828,6.442973277816467
5.520547427943743,60.34252122512556,6.3314999590313885
6.544246924907923,85.31156719010234,7.661124884266496
5.618485072648377,53.65740939533114,5.968760285030007
5.698891947871521,69.93832585550845,6.265843492564708
5.425919172254133,53.752354462617134,6.327205359312284
5.250965444942486,64.37019907901752,6.34871604855634
6.1573501317847255,51.80039486927033,6.208835954610606
5.425333222147253,73.89561452350068,6.293993613900251
5.382555624471882,69.9815415538253,6.5609905493655205
5.451394547194205,82.28185747852699,7.049942547284536
5.141836597596479,89.02892392098045,6.327879289071822
5.67291543494635,55.322358206027744,6.6005326931299395
5.6104883366389275,83.29505582479477,6.60029570836544
5.120275479981631,77.39874730018362,6.074412430019588
5.453136649432632,58.88309259929831,6.369783017996029
5.554951838699341,64.3323819880228,6.283659426712382
5.138282280603016,69.76999831967345,6.731150533802757
5.328590059222627,77.58655879549217,6.3390222420520255
5.741022377827358,53.21043683405626,6.126850021566494
5.033208937022208,101.15119939523315,6.355110726880205
6.533121377612784,97.09091876977016,7.545771224775424
6.433065856881064,56.372775952753194,7.19597453508341
5.543840574658871,73.14343908562374,6.0959199507247925
5.3550022786560065,58.200383660739895,6.426375008049775
5.199316007082582,70.4642482449466,6.3326016580765785
5.7440102712310726,52.03543131627849,6.312069724205553
5.719977025349164,72.9862446101749,6.241741546336937
5.593726475622074,61.8584297899915,6.38776248871851
6.626883535383278,62.69366133205688,7.160257726674152
5.260334994861531,40.207571840565684,5.788901884093642
5.3962905596779125,73.08588429931348,6.524669447099844
5.12302472038065,78.34981032231892,6.727277585232007
6.513201621426335,64.81764592097961,7.335240344358211
5.65736660223493,62.1577516674909,6.226467152769846
5.436943664760834,60.87998062887758,6.206916778304083
5.081124038474783,80.2097281916914,6.861564692537248
5.420739115792777,76.9738771021921,6.374761007465292
5.695879619361175,74.84624026189898,6.536769704952954
5.154527713522872,94.86002280230856,7.1366032492492675
6.125536782846451,63.11294471379519,6.638147096075937
5.804895031695783,70.32110261854555,6.181988693450903
5.583306697220087,71.57903307053519,6.239389758479306
5.58003442580874,66.3880145689845,6.241395982653294
6.156585875132659,61.05978090166022,6.66216494248488
5.62758928894887,81.55296864465952,6.276871725423932
5.28416965369792,69.28792595897887,6.440106047877181
5.424572222038908,52.13900445789308,5.997050744380712
5.878239446323777,48.69367081164759,6.161657051379238
5.649174197842598,48.05563432520771,6.273698254097176
4.953380289663697,73.45235969517518,6.3993638528928
5.468414371128379,59.3405028223567,6.30075795547049
5.60069204830836,56.480518046308255,6.061607288026808
5.700341518037078,60.73419899140842,6.466351159868929
5.387441083118793,57.152340669302504,5.890203995922849
5.616627432773781,52.73415261906588,5.789073803520835
5.468729962826943,79.70693595486497,6.282076675185084
4.941054361647048,90.55329470990115,6.4112257665608166
5.3526241692878,58.174195895483855,6.4934644500319
5.610013238013613,60.9988175142622,6.2903205727876665
5.5477826166648025,63.170183276322184,6.767304058411479
5.939525628033439,69.71561352843501,6.2594675123754895
5.636170673169636,112.1337597842288,6.292878213610458
6.4546929196295855,88.6298802010646,7.538487206673074
5.553779168193372,63.28998045997,6.1638886531797175
6.482437283408808,69.58971269421959,7.423147425195813
6.016509217812526,66.81862596042954,6.824587483682574
5.7521628663712026,43.2869035439312,6.5763873942036435
5.791933248419038,63.00630388429672,6.57367804947226
6.802457006699157,67.42711748425967,7.348549038515408
6.115777751900483,76.82817647385085,6.204784912128747
5.573847503637988,60.90190973632437,6.255973597878427
5.912176405781079,81.95796055623626,6.350043876596632
5.257903588568826,67.94916310645175,6.010161265213934
5.469102954299498,77.71352083214164,6.058612511467352
5.448889394201254,74.83312993622843,6.377557697314983
5.739511098176926,68.15443815399766,6.49819644610646
5.740693374615183,56.493150655132176,5.774922519692003
5.723660101695585,80.98790039210891,6.554112091609884
5.472160757361889,66.81566396750115,6.101332128683176
5.486431060453816,70.70716687553467,6.641458191336084
5.808598594023161,56.85026194548126,6.421564761415684
5.92857219718509,65.1707823657907,5.893297259495658
5.072058487446077,75.39542636154717,6.482381090196154
5.287296801408243,68.48446563843322,6.837471051983714
5.978721610174626,51.70389587694928,6.196854291347548
5.281460029509602,49.976759263292074,6.336590793965092
5.300961557272893,65.50092850399759,6.027744783220178
5.585701230247102,61.92276524396101,6.556208514288133
6.418803944826218,60.77615733980512,5.832916226146645
5.849718378552944,62.513877580402045,6.359718913910016
5.199855590773737,57.24903483936903,6.357702258601105
5.732909501851559,50.56929685362496,6.3522457632583516
5.61640627713419,66.23804811932374,6.407782467937851
6.043234411613435,65.56706096810436,6.4298850370288365
5.514841481864047,55.19727437492387,5.930089612112103
5.792780065175849,70.59373569166083,6.3073599134736
7.1529517442923,60.61290218528961,7.445817566179153
5.771934037905338,75.36961649130653,6.455210048489162
5.6790300586345195,70.07926821752072,6.51303952872746
5.647980144472602,56.60869466126303,6.493186465457687
5.5790986252481884,62.75579578460837,6.168117088922042
5.6065339663789615,53.92525234844313,6.371806669675517
5.194992812319249,69.9939777716927,5.75635380734292
5.313810180624246,54.15438842114964,5.962591363169893
5.227527969073945,122.68591762160914,7.553404860240731
5.259390374106053,62.28153197966392,6.793595924579225
5.8026483160482405,61.86678267407751,6.383048370417929
6.5968117638469765,80.98119863205946,7.1261472154445595
5.513640148748517,50.69038129319465,5.91392905083139
5.862293716108656,61.80219799669408,5.588388257825716
5.191712447176793,53.798502698481556,6.365535740357533
5.749003186999131,57.4130071156487,6.637699090807672
5.337047963251305,50.34147996558266,6.210750762549591
5.385936871307021,41.33143830369506,6.227387010457093
5.955728637878706,49.775108407946725,6.303046716501942
6.043242533505273,81.23403460921718,6.3267987645016195
5.710726776669166,59.99743763535649,6.146231146190429
5.560189901202559,81.26872410346687,6.529296369792467
5.445390735234102,56.68920644891832,6.307568416795202
5.825198875296916,45.46690157177818,6.0032526381309985
6.119151253327563,72.48662411348081,6.493327929468788
5.8826459904257655,48.298037222295996,6.359141781412035
6.729259368504587,66.67093708496279,7.414250221727157
5.28421025398759,55.68800211259027,6.0187395768328695
5.365465323243022,54.43082666399359,5.83379665976845
5.466715189599038,55.817185267322664,6.1264824610842705
5.494838803164246,76.89769907286787,6.68834402773504
5.2386670564221856,60.09677669325948,6.278591984596729
5.548063534492721,53.32937527849845,5.887451624823933
5.303048742876656,57.03802170475751,6.258908755270506
6.4816412971343995,79.63242218965887,7.535556958038014
5.5302610084178445,64.70311923431181,6.265755452742013
6.54036682478602,76.7341719443611,7.448190228397381
5.5521810716558395,61.402038130183996,5.953490811343837
5.460154586958826,64.37082664096847,6.472640587166101
5.329271850284886,74.21843187148929,6.675693550607848
5.803084322479248,72.5660855140084,6.283078909762461
6.0392589209689564,69.03838485844713,6.56351829848877
5.649341178862262,64.05041657736838,6.339591739031803
5.323914832013547,59.10989643845737,6.189784547388777
5.455722386410814,54.16392590715588,5.8636509134945864
5.579385460590398,77.40819037567103,6.189629052094183
5.502876845169067,64.53989673238277,6.842817562083507
5.71667160470984,60.95139795243716,6.355240354600787
5.515759014476251,71.19371921383858,6.112726409648269
5.020582751935959,85.33922169656181,5.872038206755071
5.755688261402952,98.66840577140827,6.84463006962242
6.159950110196733,62.027419781820676,6.5938123425024795
5.470234499998147,59.45967615129715,6.22379589408617
6.065302656319988,90.60622114811757,7.56268066298554
5.760621253784619,55.38824344729635,6.665989455538429
5.130034881265462,60.177922901991,6.22806484053868
5.669603266159945,71.25736548920155,6.117522836008781
5.647778504106903,74.13404280771518,6.408279239014649
5.79603614836307,82.07386550809186,7.077325849140831
5.599734758231157,46.09179023059456,6.162010767625916
5.868566289170569,69.07578562388885,6.6746480306884814
7.245223301459383,77.03276026971065,7.414405936385622
5.47092606222865,69.544584016645,6.062430070576322
5.607172009713213,47.59905335491457,6.028992972393532
6.352311924312086,74.46230941058742,7.255463370691914
6.7419566021393535,64.29519503814208,7.3925552190080195
6.566798404706725,94.05689539565762,7.660077112439904
4.963944705736194,62.28647801360375,6.206553343409508
5.345825032366705,69.07472359199596,6.824611207691946
5.511602530000664,50.39310947563666,5.973776051997503
6.219427346779069,71.13062920762046,6.830973096942812
5.631618799088109,52.66710272900963,6.243612327410459
5.346537776360631,53.588941249860525,6.490423584383905
5.59062474012208,49.66317105358136,6.326452581322289
5.407630430699005,58.48327420126353,6.5015310544950795
5.821834592630708,69.31402567432141,6.447454276701605
5.9357998758938715,61.39245465639996,6.332406619153531
5.467523398439353,68.6690169295589,6.568986591224402
5.536354633465167,37.892771554479005,6.068422024325287
4.937811591149819,86.68744912768804,6.700673954819173
5.983201636838019,73.04972099311328,6.123952458217611
5.402675639996786,78.62394232259595,6.730315228593854
5.513195303129867,60.73420517011732,5.778305332358212
5.611455728499317,44.505062240352636,6.326411260910988
5.0607993642326825,87.97620641486513,6.584279155745861
5.675641141722499,61.9578299130882,6.063127999318783
5.599084628940106,76.03557759586288,6.094512107315636
5.671924961925974,77.77313065169334,6.714160242783738
5.626955918865176,74.6981091164074,6.683692511631326
5.922987086670889,69.12033206717861,6.968756554418343
6.131438242689204,66.65929733998792,6.148302560531509
5.44731885406942,74.62730519733587,6.000727880356342
6.031026803702116,85.6607103061527,6.557142446400225
5.711118834531379,69.19950406574964,5.9929553463996
5.585568237184095,61.0555551872279,6.530556868587102
5.579325464216173,55.2974325589414,6.20091907191228
5.453006643041289,65.79960255328386,6.167966111636937
5.482475495774484,73.48075057029509,6.154120502460774
5.780498359298921,78.87286461252123,6.465497094199509
6.8229152527788015,70.3579693360382,6.8774065735740955
5.469071982885945,68.35387794815904,6.025595702381409
6.649563824538266,120.20292460618275,7.912332685456037
6.1401530483028885,51.114899364015834,6.873098774945426
5.964026510580015,61.96723309060047,6.524389678081695
6.892308603644229,93.43325521503306,7.852365411525235
5.673368182485557,52.19892421416731,5.89066186711926
5.944927223872375,53.02329707208423,6.011348058002472
5.432716612594003,59.730249546880245,5.874403751065009
5.360324697260595,49.948923167709474,6.132475087300366
5.515936961373638,49.08787784315073,6.156878668701069
5.393139603854775,65.11254676090091,6.0404788019148405
5.540438523664087,53.51767783077535,6.095412422700696
5.20156914839319,100.0609148507944,6.354559688147838
5.474403024052343,59.61440547780323,6.562995239193248
6.6366509986148285,80.68165995127225,7.198601943903018
5.515130752370882,44.616566482606885,6.147055830162048
5.544982443722964,63.891603646867814,6.576638633049882
6.28393244171666,56.78296756902517,7.413283463290572
5.946390011596405,101.65755193527012,6.81039731606005
5.141024733219117,63.187538037097454,6.294526583551197
5.495567039638007,62.38967721049213,6.347505016589914
5.2909821806340025,82.21541159336995,6.132732717321934
7.223480082651543,84.07352540444326,7.20419262565926
5.141955379765725,66.78216310500484,6.375845370149134
5.35410733002409,53.36534446563816,5.925136692200236
5.87998942323711,72.29253331599358,6.034694826677227
5.554322959914875,60.49270393223533,6.519078072477913
5.464073731912216,64.73734220948661,6.5433879039112925
4.968550322262697,74.20241790060126,6.530766769093925
5.8298592914403295,58.13360997999125,6.183382393220786
6.039895376833137,54.72659621260245,5.917438503466631
5.930119575906415,73.26256503878501,6.729147139406999
5.376475424944842,58.05310460530806,6.097376109341741
5.599579662566708,61.573965452153566,6.183487577232202
5.30327155813503,71.57529370596153,6.229803115354925
5.373374941496318,88.70206635345824,6.58307842353741
5.460652571992158,79.30960439449274,6.335958334792643
5.592795927072036,86.34884312514377,6.831790931415894
5.277979432768291,71.85906831548238,6.397620884155961
6.683575420261227,80.47749431649136,7.1428332218747075
5.910308999972373,56.92085507941257,6.150840372957845
6.519312202855885,96.77927460692358,7.281967605890941
5.463728260771662,52.936484638457856,5.912097880553072
5.753533142039144,51.251822248526814,6.116462974988461
5.92404449328668,45.50933549219159,6.28952015889219
5.269769442105085,45.58461177047137,6.197105216004219
5.854712378601756,67.59355147039997,6.528686988852554
5.577896187679702,63.789016510779376,6.528969656561016
6.384554915771208,66.02064119565392,6.260132445940972
5.305946029628551,67.11984558169246,6.353895583139181
5.19818020541936,66.50237765633703,6.27750112720748
5.164542795679992,92.73508756310883,6.482518269162542
5.6738837831074065,80.70920627806544,6.864165298117784
5.945718705809284,56.38761994744254,5.965959305141711
5.3406585498437655,50.01751265634338,5.873114805775436
5.932790377413207,52.937168394810406,6.728622251710791
5.698656609691277,49.25274542370605,6.846033253428269
5.934336596390384,69.57126983127058,6.804844498971343
5.630932517736817,62.76205745087195,6.168885466976633
5.593808591424048,86.69214477065451,6.663137500173976
6.510260681549562,66.9802647612786,7.624727605806435
5.733562531583913,67.53598282548072,6.380868995907542
5.893155700275164,47.79795186419417,6.03778840015384
5.26900496467439,72.61203813953448,6.293743800199491
5.366249807307153,72.74705701458156,6.156971644277631
5.595845643534188,56.05176688469109,5.991252150096327
5.635261440846968,77.94517486258655,7.028592403687454
5.61494208160718,63.7161745363555,6.066867363242501
5.958273634726087,46.87010167311374,6.604821317478895
5.516165782216567,62.4582945008488,6.167511836585689
5.695786443103969,51.50883390427257,6.336561437121892
5.68195760116365,75.74112884552814,5.768136399548867
5.605866137111247,62.968201431855675,6.109440984036922
5.8513337042063585,73.51876232714021,5.991819527825129
5.62551682843349,63.259531700443745,6.237887897591242
6.609938046687251,71.0788314247641,7.548291644150196
5.867929868866754,47.33906528952148,6.2950280333229305
4.965580892637839,95.36842455985523,6.790347965881756
5.461143074243987,72.28360639975494,6.089482252319205
5.668724174596984,86.05812945843554,7.0282773189388985
5.463014013052487,38.05991131203795,5.982503631897802
5.686538112904966,70.35372819974899,6.309571894998211
6.321191724902309,115.21003340171862,8.71347304983839
5.885209526251802,79.68632267283685,6.75284667282284
5.056244970995509,106.86439807244594,6.892659335867554
5.490494622311149,57.288795273468466,6.206047648128572
5.586982796287507,57.94728448724586,5.8623109668869615
5.469982342480933,56.98719726469533,6.122013913217782
5.871248330362582,58.3040481958724,6.456319627062006
5.627334208696139,56.70599090046876,6.20203217673676
6.447877229355172,67.92271115814547,7.344519625824511
5.871898065825701,46.726381627496714,6.050389671493054
6.485864813172123,77.27212941007602,7.096883476605698
5.632199580093742,76.51239902300549,6.5091045240045196
7.463806792758798,57.97523456835425,7.370461885643446
5.226464623392869,89.75090188930858,7.162918019781721
5.5241189845711,54.29008514719606,6.245239883664251
5.141710365837658,70.59055296432733,6.1698451245793695
5.473102712677575,58.40923883786439,6.097217806893587
6.846844872825912,115.20393003713112,7.643790849623437
5.463917833902805,50.81290396061217,6.613161925689739
5.380742979611993,74.41249122874494,6.471478608946229
5.674890422060579,75.20148458371222,6.3516052061514445
6.518454888508543,76.53651071343774,6.955096078792848
4.986314751696372,82.27229390085006,5.943573290715134
5.649436126618123,48.85273204133927,6.057317937255447
5.563671985438862,64.03542709444046,6.17829341394017
6.400350752230722,92.463986535666,8.142355889404731
5.154072023112496,71.40031819772375,6.367861404111582
5.74632399493029,62.22813827610743,6.82426730355669
5.302280645794516,57.55800076254845,6.2202127037826065
5.701852419444561,62.3264694546032,6.490393164562855
5.834718948714578,69.63607020078194,6.648568062681842
5.7858591025025365,66.2357616308824,6.304244792209643
5.373202804020872,69.76951266710758,6.329720702574348
6.134522828194109,89.04517837969294,7.8184804055428785
5.363366878869572,63.322714778181016,6.447998094626981
5.131421791707766,56.432159696252825,6.398735644421586
6.191293839049423,67.95525054484081,6.348108167664739
6.28697750965234,68.56064822492219,6.2212201012973845
5.482436403827226,48.81995274108803,6.542175748944303
5.625433081689435,66.94994639377308,6.474109717389679
5.528508225067487,70.66759647947092,6.157246278510203
5.5584379452045685,70.15070458308077,6.343233490966999
5.03737358807832,70.3093478881216,6.394692810366368
5.649404849581391,64.80275767154515,6.175862305636096
5.4682756744433645,57.64325443496299,5.951057596839604
5.642432150501225,65.1698702938329,6.107353489060288
5.526031427021141,33.354513796272656,6.1778438783820535
5.380854654837155,83.8343949186809,6.531540193695195
5.747404458244085,68.91812080148375,5.6191976413231695
5.588531096116791,67.0636123889122,6.372522906472015
5.197527937245762,61.8625241164149,6.279707482685743
5.64744988704443,66.06557968944311,6.019916249647379
5.390961172429938,83.51141331643606,6.281932003304672
5.738170992103932,61.87764316451072,6.345882676777794
5.372727449965311,57.95758538306952,6.306692430698151
5.982904503260507,70.48303796266985,5.940168432332087
5.960487248867702,53.784276226711086,6.554891852593513
5.68912459834005,49.18729758254161,6.197614830111561
5.761824793253088,54.98407894263511,6.1742576131274705
5.063418878906965,88.01994905960608,6.8436470854218605
5.31935511873374,43.49591083140182,5.804543191835216
5.901781094085026,70.66354177754326,6.223067143190289
5.6345008481996395,49.784884913020136,6.546714647599572
5.529669613990021,65.99339255468892,6.092328725118208
5.069683068063485,59.72733297966269,6.47328811913805
6.146756207800105,70.6972624903783,6.9884202339042725
5.215244579200244,82.72113236195116,7.103891916534971
5.274803084961236,41.72289657598972,6.041419762992232
5.261841666464813,105.67327845702344,6.268226187851102
6.054133543949031,71.61357745823156,6.473704106434208
5.487818245360124,86.9256703898648,6.421517564578426
5.6003459819601025,43.309752905448335,5.969656269135673
5.738259742494177,60.53307085004837,6.285735576024551
5.815876477633274,63.31274182803655,6.760828099818349
5.276857220574893,75.35973821938299,6.3371518346740485
5.395982285422965,59.10082018761158,5.661117994106277
6.136713034175957,93.43654608214186,6.066369956227125
5.453352928334174,79.76340522012524,6.313838093971744
5.516980847196025,58.24204399391949,6.139839617677724
5.747393846511841,63.35444566816092,6.5499788808971635
6.064991248197842,63.57247947959805,6.280695077721691
5.68377474071232,55.840925450147985,5.888195248659193
5.336962119714505,82.65272394401872,6.529104310040212
6.544110465966681,62.96695482377116,6.557047367639628
5.511391062731488,61.21192292065881,6.6993156001036045
5.518441295274107,55.30377737854692,6.252678604612356
5.139776803838825,71.01934073712951,6.099538379246371
5.37369737281903,81.84233130148196,6.581686074210285
5.121483454652714,56.229609994677666,6.441132578154036
5.237923040953463,49.816982634142974,6.257619876398961
5.152436744096392,63.86510655135974,6.1386548580971
5.835452099606409,54.187497467468255,5.935686896992692
5.7478868776892424,51.289971174577175,6.370837980117023
5.270815625610253,79.42310521091312,6.4927608343952175
5.4142699738253475,54.97472476467758,6.331087067082703
5.8482361859048275,71.37844153910736,6.419504668949864
5.926170662458544,61.504604782400136,5.947288594354201
5.539910294185959,75.49590471011835,6.639828018462705
5.65725818429318,68.91946636051267,6.650237934663558
5.572134768926454,53.11803578330791,6.146426284103894
5.849411396167096,49.3108093904401,6.4173640758906885
6.029093210075908,58.77888604499874,6.133531891863681
5.238602105695248,74.78037960125327,5.84028678820163
5.319830519519048,60.15645467251053,6.091527882754326
5.607911189352036,71.68493073776828,6.804479614436031
4.999923075495529,98.52973935024643,6.682052744922256
5.88622923575218,48.925370510747285,6.092926080738247
6.235761144114352,83.61889259285044,7.092657880688849
5.706819756505029,49.97409259804406,6.372005982560119
5.17927939213407,87.90158900209367,6.684940493626892
5.3718086094594515,57.972025311036646,5.953290630492908
5.3326361171030285,66.75372044138742,6.343515069516015
5.198072642913916,80.02901671084142,6.804568288406439
5.181082348592353,81.77575193701517,6.639342542558568
5.382901923934219,48.65547734552681,5.901333985268364
5.320746211862408,88.72234462666779,6.627137824502456
5.252687899251545,52.563712459999444,6.042323084318709
5.686159827880073,58.92961539379585,6.409319498071399
5.716220618099166,57.37543724852558,6.569204961293792
5.543099700959897,74.27765965414319,5.80223345335831
5.851483718586552,79.0707955574339,6.275208820589606
5.855248415981966,63.81263422350973,6.533301062407543
6.623337203363305,71.57068660934065,7.220854014364872
6.400188245344899,74.30197469939054,6.640525015819527
5.331567448143196,70.96598433410836,6.268855520809268
6.334831061738038,51.85658505363901,6.993633599371926
5.909729796094034,74.4873778626076,6.936676540130949
5.2947825190992335,62.58197624007749,6.41604259128809
5.767834928495454,45.47824049983951,6.175134594654024
5.416481221696666,49.850540410194874,6.588212726113367
5.773416878435702,64.30809558136654,6.293593997301178
5.715256638004732,55.35983208615017,6.723558884581389
5.981006925006874,76.75794292767048,6.584171982592192
5.42939013236382,80.5485981519631,5.689651977976324
5.556296488379717,78.81334799904585,6.127205521496773
5.521033564802993,61.34033364065337,6.301040391030317
6.8025304373770945,71.53783394569552,7.667100043673248
5.73888374949616,53.636817044582365,6.395777383571101
5.396333652435684,56.564461748593864,6.014293093343268
5.674323505010521,72.94066748912108,6.012206329684615
5.421587906548395,77.42897933804184,6.128264093532145
5.6784073172719,86.6202329596672,6.235005121908189
5.097697004307747,76.1885480025158,6.761224298517037
5.530645856981539,89.94083651878597,6.683892753920928
5.9429723275559665,59.090326295003734,5.928680179029679
5.997233671600413,61.43951148687817,6.13579507136668
5.269022291333041,93.14813689750635,6.631725878665781
5.875400815853917,66.67237993293098,6.54515397578023
5.576126555662307,70.26767046236753,6.70107431045802
5.689474330855534,78.40519382415981,7.016591209660128
6.2314213250911115,77.70152936923057,6.2267611533717755
5.481387087539718,81.76758029351788,6.27029574909796
5.4398985704812475,56.75903634866833,6.207377417528497
6.258686099962735,68.94738940456367,6.526715154604699
5.6233490567016595,49.844605971374506,5.91551834991455
5.363534074736881,72.63822710279238,7.0444674499676445
6.166430512003244,66.33458156550873,6.70802464975666
5.499201788009048,59.96472097494841,6.314047621868133
5.836110538484544,63.2714964016968,6.187313310882157
5.666353315161409,82.43496265036964,5.997243728329029
5.79578389392051,53.33264219044393,6.17416100283838
5.10977754815138,72.44426236995555,6.705991366160298
5.578705603828422,66.10570998947388,6.279336893089051
6.958728903505993,95.28424086643577,7.535769895279825
5.427563902509928,61.98024678656101,6.342137590285778
5.508167217995441,52.06119954067864,6.2629188215059655
6.0407523922997,72.7543283584485,6.596683367682833
6.781468331454707,69.54546065499592,7.38145802452421
5.487905488568419,42.13530676583258,6.075187230121295
5.396951192472839,59.396812941804164,6.093188134350836
5.8110418376650985,68.02797266623944,6.367519629068035
5.639244065994589,65.83144238046992,6.659109723598276
5.269706950173748,64.64536348335577,6.0377306602663925
