P1,P2,P4
5.874785899591681,52.50689409380335,5.983887103450283
5.522675085203568,74.67508241285455,6.401273727305027
5.823082233898099,40.90652716144359,5.617027117671943
5.039866073443904,63.205808650228164,5.6862828152228655
5.399057891469316,89.49371723153672,5.867450798080782
5.154510705144158,68.5975150945175,6.241675569284833
5.393362064838176,60.636700818875774,6.4171829821971
5.15305210163677,77.3505690862349,6.167079777577612
5.66282036419149,62.4155664539762,5.593414446649052
5.38969612507687,58.30695042326141,5.980604337551307
5.415910874911019,53.60341908998786,5.9171390001755055
5.82879319850982,56.26273339495551,6.079988638888931
5.633043812979476,70.41410291267674,5.963622589139661
5.419303517546048,62.95206359797519,5.565454103860056
5.460643907276115,72.75980500328147,5.838226533998977
5.5792172797141575,58.84983852340203,5.628574466408362
5.4311905798467635,67.49413783497998,6.0010963656116445
5.323870603350237,51.77819704675286,5.749783988983538
5.550346047033303,76.87241303641443,6.115610602306237
5.324571409474276,51.239123291407374,5.426914910676651
5.262939671086599,74.84594838349352,5.767231662884947
5.542732133561123,66.91186587315406,5.851417754730917
5.4239682600000005,107.586099,6.2572472900000005
5.810597511665474,72.36902242699055,5.745717311896095
5.622059672532805,51.635689765752744,5.535317272085784
5.366332434119946,69.17959019236535,6.110637743975161
5.282703397564031,62.74724644892731,5.526110041119343
5.482495517931884,66.05089725822911,5.5793372273975725
5.132205654602349,105.75408017822065,6.029461751427715
5.2096425990034065,57.2300287580303,5.788023866760874
5.165222136085442,74.50309592701714,5.394113181181752
5.611632870408083,46.856304307423684,5.603195496366056
4.527965609661934,92.25872849711747,5.887440822021871
5.175642981173214,91.30108287715241,5.888212276659851
5.34858678911553,50.26643260615157,5.62661133565224
5.4325183653491385,57.58253525990285,5.997900048757545
5.500488704924065,53.17927470267219,5.774100918225686
5.752896908510866,62.400931801249996,5.905297681174059
5.60707515,55.1427975,5.84305555
5.279875034311519,56.95139592065451,5.820404080655585
5.465418077953943,51.83323493991601,5.423212324669277
5.646340973534347,71.13517235845366,5.449142150724152
5.4147297565495665,53.76369647680658,5.715342302702345
5.105108388586881,51.46063444860951,5.933809884872312
5.336283585891337,59.33435236453408,5.651776068030906
5.195891106572283,50.61679483707335,5.567328258566001
5.888298160738211,55.808550918124524,5.935806101801578
5.501139454179714,68.42275499444106,5.806366641552156
5.645330727300811,78.57932748984297,5.579642808542222
5.47091757,73.478772,5.693558994999999
5.327753796322244,46.59341014318236,5.872497382720806
5.70162922864552,76.15257106073894,5.98899267693014
5.293421401366516,68.32326785968894,6.00618949122128
5.607832109923127,79.33665803394203,5.878822298559745
5.592633621042648,58.268264083767924,5.797736422715
5.060063143740803,56.82284170277732,5.710651801412945
5.655516503487219,77.21773566240681,5.867275431937287
6.010984552613272,46.28336284001731,5.634762844311904
5.615252860891627,61.00288079365435,5.470914198013759
4.846979776813512,88.62373600772072,6.10559017849665
5.277578522494134,69.63353686339806,5.882391421935078
5.409301491902978,58.00033541418389,5.897433294973729
5.496316197306804,75.1381970882567,5.519960194622957
5.801811890266418,59.85060105558816,5.624948960748942
5.2099803,56.10933360000001,5.813913299999999
5.605436617495324,68.38286389071398,5.892322635098285
5.469800011158808,58.83284015069771,5.986448319691541
5.235692247431646,63.570612414509434,6.0335418980380195
5.29128,52.915518,5.270355299999999
4.834624912756308,77.60739457290607,6.02502657333455
5.5097109,68.723892,5.986638145
5.435773073831211,67.51184991158281,5.841430933123827
5.356052706793152,69.0172196524443,6.056131378689397
5.931545044296628,58.13786772307504,5.503491718025659
5.2576778756893585,56.49740438922841,5.605300185325245
5.816367808936321,45.401268184005666,5.4611100168125635
5.6744326657218105,73.20035301803414,6.061321696106295
5.883979573612074,55.379431648464006,5.611648843023556
5.475252785152976,57.08233206009349,5.941343404755115
5.821584685548227,65.03074630681512,5.9956583806511565
5.430923891286664,60.73700384939324,5.329541183288716
5.1260229633341305,64.72880830826307,5.833318689617434
5.2334803420843965,78.93150986440341,6.151269155493754
5.731409326382529,45.62880168582353,5.6183418231632025
5.537308949077765,54.47997810545143,5.722901378875562
5.393337440037637,52.63135687966119,5.800509654134127
5.411209886517489,62.83937958606312,5.739119905616159
5.083588052519853,43.932906232423875,5.8005737410841975
5.109414239168276,64.04208809908285,5.65128687687725
5.470875898576882,52.965036965090526,5.566775174503069
5.8350133563487745,51.51744668722751,5.556853506901855
5.768393963533019,63.94152344541358,5.654970988510191
5.641791867590654,62.86998574572302,5.999017872660132
5.74239850256536,50.66532206679425,5.739154290386899
5.759401034892382,66.71490946293163,5.616031117346263
5.325397029337189,48.645380265708596,5.952508437187721
5.327472668338993,60.08160780063102,6.095718291616492
5.766749823899573,64.64891651843662,5.797641722688499
6.0868867837420595,68.12764741429628,5.65038956820083
5.099247710696215,74.72906202664855,6.15429927023048
5.468533949842748,56.73542122587328,6.130054106478911
5.5145924344602,58.119069762677405,5.673264212712225
5.845743418167649,77.42683018701922,5.847640772211739
5.423238902005,64.62060867876164,5.8083245473896135
5.45019775266659,54.10118680808558,6.105670894555982
5.389655652139136,74.56869024421952,6.0730446017429704
4.889142168485775,74.05310518375714,5.708660631459004
5.233137344098315,68.6326633264265,5.7400360879210535
5.258396870974292,53.86112740428345,5.8260034094535085
5.434328352370985,81.58099551971135,6.217131548748219
5.079735975610552,95.07641426030987,6.292442269417201
5.396677487594307,64.67311241021484,5.973879771356485
5.094376390583595,54.02899211136224,5.552462865797862
5.16302001836036,59.422297986071825,5.931851627415271
5.474692609007841,82.25441103039296,5.61554414125944
5.774355652117115,64.77094391905024,5.692415732952646
5.52537370977752,52.82051504943221,5.685701774411664
5.0721510416074205,76.61146533182391,6.0355471117895485
5.522487274261179,61.489554103184325,5.4510783278754555
5.383443319546971,70.65337715484657,5.2844733753752156
5.410703151622057,70.64118539110135,5.866471885207968
5.854057206984455,69.58524708443541,5.989776695317021
5.476212547640768,42.56429160323567,5.635034862881317
5.459898636159479,59.25221139241188,5.894480102000891
5.149787247479584,57.57423563818598,5.539799995782575
5.786810873984888,47.627125057238864,5.799094971210919
5.674887188245901,56.239239929892015,5.540576197893843
5.459326756751365,66.67996170338799,5.9520314734398925
5.181921266828855,52.47268481543285,5.713311043238222
5.71525614,86.73403950000001,6.411873255
5.372326174033938,75.91162720833091,5.950118656528532
5.543216881787822,45.5099092757002,5.594196406305773
5.7484428854944,76.1626917238326,5.650862316220726
5.5828603902682366,68.87954110724692,6.068136702606431
5.420638427378881,56.982219312349635,6.063353384721092
4.699851384420944,68.11772183414143,6.2426763297090755
5.432740371170934,62.77093525690768,5.853695635763099
5.164978678331235,66.57087625849704,5.617854900913599
5.412509919367875,66.13896658783004,5.826922412837551
5.967147000974555,37.74836819884859,5.770944580861459
5.670437036748313,70.05621665311179,5.7461488498062385
5.533803375692899,79.81329648555054,6.206214219460104
5.411245854758658,62.324637988307934,5.5506269348537085
5.856164161622784,51.5816173973399,5.719321047604305
5.4588164099397884,55.3631497995664,5.831047867012592
5.221419654369508,67.457743049721,6.054433529398787
5.097042427881116,73.60166677076685,5.6563674316854025
5.42152764,81.39329099999999,6.2905134
5.2457170828732655,83.88698911258197,6.641093818675032
5.6510457705155295,68.74575568769299,6.009586450997801
5.586976973031316,49.32564662724742,5.9619416249629555
5.629814540392811,59.86396779386938,5.868067796770588
5.684140710450471,49.82678564942611,5.669011979609608
5.619331563044606,74.88874183067045,5.646841494635415
5.692690671924611,48.74210583189693,5.637858404860612
5.713925821445601,51.154750468147185,5.680144946663122
5.621988605920088,85.88758633956621,6.30815570597104
5.598540143560192,84.11851031975273,5.799889926487093
5.799148091161683,69.19211808560539,5.670932550698365
5.463741659297359,56.32160239836651,5.969874962024546
5.168037144944736,52.144543789410505,5.503959427610878
5.103972381000416,75.55170596680037,6.079044932141896
5.21922696848339,60.213290981650424,6.010062458249162
5.598450266163849,62.07342888766569,5.6553760588663655
5.467021033998307,53.82933247424033,5.918420374924111
5.033700440273949,60.510613258151565,5.799750853343461
5.338434014852215,56.74641590715163,5.776744928371407
5.189772074236419,72.25847039611092,5.404608750477712
6.029455730335741,64.28119652610093,5.8634574461007745
5.617855384761943,55.70129218546103,5.7042314807628545
4.990750291567796,60.53249102666236,5.938479273900855
5.215629305647405,57.310072928446345,5.808701080680847
5.116946648269717,81.02823468664867,5.7750416247705605
5.213495801299255,56.51430035408505,5.602833659060306
5.1818807027147855,80.96169944729458,6.54769869983989
5.6695430685773305,54.54921148061685,5.659047459598587
5.205213963565635,62.36217344224014,5.772979499671495
5.170275920665046,60.67540856903963,5.789885537238474
5.359412825325109,71.23946882931831,5.976939192709042
5.871239452138789,62.9940261750858,5.938066574349419
5.506290726740815,57.286368899811755,6.179104112866519
5.343582280182655,51.543818750272436,5.686840560385645
5.236139288718969,54.97363952900395,6.278054633339931
5.893968138068182,60.142536796614166,5.797932911970361
6.003274311020782,63.08024375311851,5.645266154506344
5.57898663046097,51.208896499591745,5.657606430110142
5.7078684,36.4487643,5.571083939999999
5.021611624447072,70.19424448145547,5.797592008470099
5.439219646415412,53.438580113698464,5.5186687718492955
5.378633218046553,46.60684668196106,5.58183928795956
5.4125666294505494,44.250216695613055,5.511471266911874
5.32150479237201,62.670082433547165,5.691180644747304
5.095605350753679,65.48964060598215,5.960104616880937
5.492201438297436,49.91796548802429,5.667029352055067
5.5293350064773295,55.479523169705196,5.913914943821224
5.1160584388217085,78.41550219323123,5.946929575523101
5.395236478655332,89.23187995478266,6.197664825948072
4.922165318689513,73.8423806911619,5.88779565850994
5.4424685960509445,55.69009469413345,5.8330058378089396
5.736653631957066,56.68156624154972,5.631289696467681
5.294912462226137,80.23494344854905,5.889398062367111
5.529223099052231,56.903123040019416,5.702112697989261
5.16315122494304,83.4515153561717,6.294408865069513
5.584024836981522,61.08861640457377,5.635855359280535
5.6624109732985985,74.60998100748571,5.956047952949901
5.6265578750599445,57.01451380694345,5.141843023389795
5.503977996904298,70.68921775589023,6.2491262902331135
5.551021458749993,50.78767479399492,5.906586736379687
5.677660050405799,71.97496030667482,5.652667347828261
5.5477083254376955,64.31591912714195,5.6950541204025384
5.437820853664184,65.05036536807897,5.829544553540357
5.229416631192106,67.43911221914166,5.738832548726889
5.8239122132369685,64.83894833903621,5.903513073142363
5.4860393171757424,61.39602779106466,6.068806438417143
5.37859035,63.4290165,5.72592351
5.091292359120318,57.970677222886344,5.64013876980515
5.467870314846838,65.75536614189517,5.5818890348479915
5.3698588086761845,50.51841433702461,5.470891109761839
5.324887086980265,90.14790820964585,5.625899637250864
5.472384460386775,58.28313401317972,5.739464427612251
5.756791334521156,80.22156660177363,5.9302434995529145
5.149989665489965,63.256418664973914,5.964713899039916
5.732158098109114,64.1206651756668,5.666074918441214
5.498665085512861,46.710653281613084,5.84310369627014
5.658167984396306,56.38669121555318,5.659924699741714
5.7915332438231,39.91472951555339,5.5450617931547965
5.592600000000001,43.5505527,5.6597348599999995
5.611864886913175,75.65239040846386,5.918761094077401
5.3470767394269885,68.158320798775,6.1915890244046885
5.758854509175602,50.51818257765107,5.9447822138899795
5.094033479783095,60.19422037840773,5.8908498314030515
5.882111307821866,59.20000582515833,5.796022448564865
5.3511061636157,58.69146151076265,5.9577943392082275
5.401314747944982,68.58789078325242,5.771711175876777
5.64507220020306,53.41472505755395,5.64577193916064
5.1045882376848,66.64876034943372,5.9240608715062715
5.394629893876393,69.06990740445833,6.200800167367248
5.31913495485267,47.50346307304882,5.734992886758388
4.887739497077078,70.49175802489758,5.7881692517784655
5.832241938037045,55.11831204325525,5.890761798324805
5.401720125544856,50.96547849063506,5.940732925018195
5.5262205,69.865749,5.66219935
5.448721645623528,71.98730105830587,5.980864695280622
5.6422480529626595,65.41839518752288,5.847490541460587
5.594370463616418,44.16406442005002,5.779089550183673
5.138190086987797,70.30208826446093,5.941610873880239
5.403207916656346,52.695207165536026,5.907002312507076
5.20492823467425,67.88340427951353,6.19563204323076
5.421989376814755,73.2321831978918,6.390120287249724
5.5716072804927865,78.317793140518,6.072597347290207
5.155182518784405,55.81472793795702,6.231531335269602
5.443590496475143,68.53813549014139,5.970616773743403
5.577482694297832,53.08255054630759,5.5052427647663
5.077476899014295,84.66769348585396,6.41021433940477
5.419947516590494,57.35705596070484,5.974341061616877
5.694111692584515,60.48481192982263,5.887818901332098
5.319755582669695,61.12880017429567,6.132183421107373
5.065518239999999,64.450539,5.798918875
5.344463725408467,63.560444412638994,5.7817565327608555
5.714277176285663,62.867659579915276,6.08277240379559
5.6751123758477915,43.45768187808817,5.554206159217228
5.766098794035928,64.66557785212514,5.794530443492723
5.498687253090622,54.68015218570973,6.0783190665646645
5.365845841290238,47.07588327676687,5.661243977827447
5.396779706121775,64.77981043529454,5.601491533786285
5.472630716893415,66.64457125469268,5.61509211984418
5.8443685252672175,65.58808064025277,6.083057862886112
5.310129849371173,61.26256546565211,6.026370024708431
5.244710539128932,68.88895172159552,5.995640893337288
5.692324770000001,49.252320000000005,5.58254772
5.422147037723289,57.20739773655514,6.398350976892977
5.509072824306862,42.36909394779204,5.823093671250084
5.0356452933497575,56.10095137154188,6.065347613798151
6.031440724369884,66.58920427126559,5.770967847335957
5.410967641381813,73.23237225409156,6.072854127127046
5.570281204017059,56.24965853027583,5.82735537467998
5.328252791437719,70.99338741843818,6.237803422776931
5.207818767804215,65.80961002082981,5.857268447092188
4.885207082545076,81.42235005223313,5.923268919276275
5.2958061966565175,65.32278740422973,5.720819657487825
5.584041395669104,85.59861960414291,6.132390761059306
5.395444374651628,66.0757137520347,5.674090343653353
5.459923633967619,59.48103037932752,5.910946653876605
5.2506632864121805,61.88009158877474,5.697435445672222
5.574279214188213,92.52295889285315,5.616530775407298
5.254467508538599,69.40024917185868,5.953139064681333
5.448775035173221,59.84398466422917,5.975123225414532
5.091229977804879,63.77489317923526,5.539048101900016
5.496650894657262,48.32622372481624,5.889393296914191
5.45549232621542,54.59001880090708,5.9616988563049205
5.788096238333043,89.68940159398939,6.289942266160542
5.271436170400985,80.15685576173732,5.906759309852088
5.498146631875941,94.6265038080563,6.335825163888563
5.429305401670111,56.24233681381867,6.172744306099304
5.4344424382975385,54.72504439631275,6.022583505923574
5.716622245197641,68.36475141587711,5.988488160256649
5.7714554518302945,57.80567057200887,5.572333896498902
5.815053770231256,43.264818330628934,5.783705091713575
5.059094234091206,100.49705209309383,6.160997727292631
5.6241411903274265,48.09206746614632,6.1168497841713565
5.700682605499904,69.90885992587371,5.788583931760582
5.81929365720352,44.93984779785457,5.742609907345117
5.53566686649917,46.98071434536779,5.871025864379171
5.455139057908882,63.55186692417201,5.71935327222238
5.297094794325419,66.73576182668722,6.052290115952138
5.423295638317179,79.87444747852231,6.077691432366815
5.45468913,70.113609,5.84194715
5.426520736884138,59.16655943542675,5.459251992737676
5.6460546106728735,59.13211168002643,5.761799638395819
5.55560757,65.538432,5.913135499999999
5.421150470962677,74.64763536726134,5.732185402534968
5.354700318539543,81.2874021378258,5.8317894531202095
5.489981171612235,65.44845208805047,6.12022622483988
5.154310908478455,81.16374930074367,5.864440430816307
5.796710962321599,66.88733855912331,5.628283259541633
5.435914356159985,77.08806305979861,5.820868204625231
5.2212417645785045,70.58185246743955,5.674895264690484
5.387527436544835,70.673762778906,5.780181307595115
5.665604964387858,46.306891480937914,5.9067965053294476
5.379426591824982,81.18721581682964,6.182927379589042
5.453203220862719,73.58413652425385,5.566814308678982
5.370883606055108,68.87423215149308,5.818007987752537
5.145907321191678,74.90781645316504,5.921129119348608
5.546429222956392,57.353428792567655,5.672650235027228
5.268478602499448,66.3048121301116,5.303928705521482
5.582996630822601,75.93762573389003,5.965136031202305
5.6151575940870195,63.117883297320276,6.06163800375169
5.232231011970707,73.25341767426148,5.8691806751748405
5.487626390059878,58.706934940744155,5.947327614813678
5.742820717320081,49.20632190787422,5.6267733116723395
5.86787254645511,73.71204973208924,5.915701903586327
5.550768578063614,63.14123090838365,5.954383776547456
5.257490707232022,73.66145662079619,5.8180642468129005
5.601762668870713,83.47760846329237,5.974436878894911
5.671815195615305,59.52414285340189,5.941724302207687
5.445366357458653,61.268820485152624,5.538624144983157
5.7984029999999995,56.246827499999995,5.71081255
5.08203769239596,47.545892816750296,5.860529026025274
5.577315302723673,49.76657857015403,5.948238590410676
5.076776465524641,75.80150050313857,6.043165436163187
5.700932679404155,70.36731425218679,6.2042256472443915
5.86422097767434,64.55591185507315,5.599290967791818
5.147389547547294,68.15718515927391,6.42383250286417
5.404189995830066,59.834202454374996,5.720561846688265
5.278625619917896,78.72640304276848,5.6045754179030505
5.250812919076408,63.86298153934077,5.8961001430627675
5.233370609095013,72.32621132791128,6.226088555643206
5.556308139616027,45.16434155291193,5.746491794854455
5.506673801152367,68.06980395877619,6.04105184895207
5.735283030000001,66.7228545,6.196249505
5.9965971300000005,83.7498024,5.97933605
5.615633057144467,52.31966039266814,6.084881670918163
5.348242828508689,56.311853440503086,5.871330445557813
5.520703949537657,50.71863281265689,6.21181964722062
5.995730718915398,71.90768033936438,6.063430911122758
5.150772141043682,62.67723269050169,6.401156590546835
5.423936446556313,52.80655823370533,5.7883018011776635
4.800585685583361,76.82591837273104,6.235632633267171
5.620786459950456,56.12783378942152,5.977664249134667
5.088383923268885,68.5525169075283,6.193330350493586
5.35207778139953,75.96749165778927,5.8430390462388715
5.443994952929397,74.09467690546938,5.506159175521273
5.4506373639835335,68.42671386689496,5.888846136455464
5.286041430259936,70.66779282809154,5.890975130782843
5.240290209410127,49.833957360074386,5.733443920614054
5.945470801868691,45.8301133582864,5.8391330138114945
5.665847649822761,74.91744186989268,6.4027416997978195
5.282582344450473,59.554963093421385,5.748982337406613
5.52317732138325,47.93190584358678,5.6781058531459765
5.279798894669978,57.10661751228179,5.944915955006698
4.902932971770731,84.5002579905719,6.375242821443663
5.651072150443859,69.72156570977796,5.708824999466458
5.341008670744112,64.82997085870274,5.473260615140467
5.986807392075997,64.0734666028035,5.87850177882638
5.588089041768076,41.59564961923726,5.695820126719388
5.223263780510102,77.9300876771373,5.781682478949437
5.420709039043405,65.1047486447749,5.65402646122442
5.223967082178204,58.58581771598344,5.5110054107703315
5.536574103351582,50.02749880219619,5.6726018593438114
5.559043144080432,52.74647544663044,5.869774758705132
5.281472387085623,79.71442763016623,6.128004329378439
5.38588015676376,52.891061011275205,5.61900131411878
5.278677088316106,81.28268151738143,6.61021235230807
5.218245929432775,78.28137809617657,6.33086851636806
5.6722641198756145,59.76978529210719,5.966132543832366
5.7487188179718185,64.16412220921181,6.361331906299277
5.7469991620912175,58.330086378503744,5.752168592019563
5.35300737806177,75.9071991085277,5.997871123534299
5.65986996,78.26765400000001,5.98478421
5.130261917361873,66.21709784053404,6.239770767085125
5.138309587156798,78.149225184902,6.383505678641187
5.6624337,76.6807524,6.5489358399999995
5.37131106,60.403518000000005,5.8411033549999996
5.412486321959809,47.10058310434831,5.664549409697862
5.748910445602262,57.723017231930605,5.649285236667504
5.387945875546105,73.85811703557629,6.203207865387824
5.521740094811605,62.16053282178423,5.7089712309425265
4.935444609387365,87.42122442180344,5.647319152840932
5.3365865005289725,71.05302123340167,5.371360789844084
5.620708538612159,63.22002114973837,6.0675238335280905
5.71316022801125,58.96898733470432,5.908273992830229
5.571155998606315,71.8057777286234,6.109716641768599
5.057502655910475,68.9584483070757,5.493153124469627
5.640987812095224,66.76979351907596,5.817963676255006
5.390835210572428,52.53928685796205,5.500351153510633
5.743158744599637,53.39835097356239,5.823770468411991
5.266821243906309,74.0880006317998,6.282570770706254
5.5272253638733835,54.1718223631847,5.738946625053863
5.033638033322462,74.33555146887394,5.888646652714641
5.153759116755107,64.8572611066827,5.893604396330789
5.518741189851434,56.28798632126551,5.563693694246308
5.594668237051936,50.37620163362761,5.860594511644322
5.538965624181286,52.57848147770978,5.508663303505365
5.581887406746045,67.49692223706074,5.671546783595529
5.519235202802299,58.36684235252236,6.13914470818186
5.5320752278610055,63.64722147692826,5.724210948128505
5.332552165568068,85.22845976852032,6.00086137461969
5.696882266018375,58.160277976914166,5.772527046157793
5.565450811416155,85.41824937240786,6.099756909215518
5.465535344068496,69.2700578090469,5.927332206202652
5.514220117730353,76.59225667550899,6.157852706302905
5.803015896907983,58.188136077888764,5.149953333630386
5.432425645382368,61.14850401882581,5.599985475139216
5.351769284869114,67.99704597354635,5.93708897135426
5.798979618154296,57.633385373475186,5.884964955601794
5.5497006,61.121016,5.685679749999999
5.699503130333662,63.04242979021951,5.559571110021259
5.271184998532201,85.89483010137445,6.177490789601459
5.4331473051855514,67.92000569154501,6.167908984337445
5.2291544820254305,64.26992893630135,5.77555049481305
5.59492643729514,58.3581925922302,5.588114536537424
4.992947264167929,60.79405011996749,5.769180103306452
5.1757191124839546,79.09689617270371,6.2894207269762505
5.250185032476327,57.68271060218928,5.912248784065165
5.483205138056818,75.18742855816944,6.322479677709084
5.228903164690291,60.59242102400985,5.9606582111690605
5.251617051901905,71.1009134425924,6.01088244863748
5.731634414075939,46.18932567727158,5.591386914198097
5.4728538585460305,61.27607645005223,5.885998257200013
5.5934910528699,56.881002577690374,5.787999882022671
5.50267661687884,70.50421823488651,5.98169732635728
5.360820022892398,67.41705809611426,6.211875939559774
5.514731513535179,60.40567820343257,6.128678633565695
5.4496951963182925,70.97382409191373,6.338492233544442
5.3460249300000005,59.337513,5.501338295
5.517779632817391,64.72657328856765,5.585508221264581
5.634295955087978,77.11335663911917,5.80254449344012
5.631225641729646,62.17403399430832,5.979068250099124
5.164668140659135,77.47636981249345,5.635866115393578
5.4673131985787915,65.27024896942731,5.859232591552328
5.552246005143259,65.50937627270245,5.545307088337267
4.908852363831213,64.00240437480478,5.825120709074885
5.41607830631005,57.86432306743034,5.832587774825323
5.702431973738335,54.70268624974525,6.123307836015349
5.220724187783255,55.159584210226555,6.018304186156439
5.878661851562318,66.88874002281297,5.79382875223042
5.523339332898138,49.83665025027532,5.708893040243976
5.431712267473455,57.70632193925852,5.948854959844662
4.879401776778456,80.81379648190627,6.460118314004827
5.364309635469115,61.05368663363797,5.3918748168924
5.179902660000001,80.76852000000001,6.34818131
5.7989976939992705,71.46741289130277,5.943112628456194
5.013626026018383,54.972175520317606,5.578959398408222
5.410943764185456,85.53998963155983,6.312569335379476
5.590916244260596,55.40878502797975,6.2100937375270995
5.67388233,52.3966824,5.9715424
5.553617432039825,44.35847268791834,5.984684873089605
5.131032000203543,112.16038052630678,6.433300309379237
5.1088254434546565,59.92106571384747,6.0652438723800834
5.554482023226906,65.36639442250743,5.989825161163662
5.292199867100223,65.34752460951427,5.999837788689634
5.5153576095803025,80.23870059419964,6.128316253381457
5.234528932290544,69.72109487860537,5.759315503664438
5.81345661840196,78.78704280313691,6.354882759145423
5.72793279545161,86.34544101137047,6.262785271484305
5.156347500000001,59.723082000000005,5.827822445
5.501806739927741,53.985454310115344,5.918630826920471
5.7479291729483695,57.19162869033665,5.76972078482542
5.950972608823433,68.70003390996428,5.952066815213176
5.48812755,68.906655,5.463737525
5.047015268253614,69.98823571621283,5.4003523573033565
5.59730940226302,48.32494811427028,5.895499495689543
5.192676591595951,52.46692213571533,5.572081500827871
5.939507404195505,53.238416316957085,5.608612995477205
5.332411096912149,53.19286115351359,5.838316042535525
5.538354030316152,79.40674959876488,6.573064616705674
5.483863839500043,43.48025776754123,5.749252765206362
5.305324416174761,61.10199250210081,5.595387418411331
5.822321295720844,70.78529072383738,5.755857380668222
5.565606454831615,48.99018699405634,5.491610375091401
5.3881192114679495,55.277246439981596,6.235637867108038
5.51630753011829,70.14200876205453,5.642494668165897
5.307288928788965,88.29111990523829,6.524383921846242
5.818840649026208,55.57600030582627,5.992810314984338
5.396335963779503,74.13857664870187,5.5734228762928915
5.303849277459283,69.02645425707114,6.0149541685114745
5.244104531370807,76.61647548518587,5.78013387111229
5.3049897,89.70741,6.3489135
5.495198467625184,50.6748149306098,5.679931948525409
5.67282757791849,46.6131279656182,5.75594380282398
5.574519664532025,56.925645786040235,6.07372459994845
5.696735117248327,63.21200235191682,5.5097515902641785
5.477511836098045,78.15163892563604,5.58021644993774
4.469813744141787,92.29142987829277,5.8522739690775
5.43213981826609,66.3556899031609,6.32054825991291
5.601611103072551,48.53337869454001,5.444694489637088
5.615015574959312,44.60008248649277,5.8628278522873245
5.635694276656582,68.239297043907,5.717117060221412
5.9552574304884915,58.72707484518101,5.90269563226038
5.043544107212704,82.07526907403769,5.712459699051852
5.414860065422788,51.396110740182436,5.429355666384411
5.6875545,56.762340300000005,5.7443047599999995
5.499910051539894,45.859958039119846,6.168389282870899
5.548200092730907,79.43541953042961,6.226454248213002
5.119000071367768,53.792168831066284,5.801298576401275
5.35772925,65.675178,5.672409804999999
5.653984950916608,35.935278075213326,6.206876341243744
5.444853596849513,58.350180192746365,5.845718350206125
5.121661912290098,64.57953192783548,5.7937372084708105
5.194367524356174,68.05113331251765,6.202389552271686
5.2042171663716505,61.039223428827626,5.732709001166567
5.879495646072727,64.70046039016667,5.696111048348243
5.305207910539957,50.41542373555208,5.538627433031374
5.521718684846242,73.78856884654064,5.822529381465635
5.344522508601701,72.88732403059286,5.934514055858308
4.7230356696034965,98.52499390588734,6.034829636419651
5.694610965607845,68.67737029255319,5.574387300411515
5.384194726962626,68.3096406487557,6.1771246627552685
5.204453596393478,63.07032607916811,6.036294704760402
5.621899609062482,40.37210104038375,5.820856189302775
5.6946717,68.055966,6.1735585
5.260111374181683,72.27422339326603,6.095267870564314
5.4568161,76.886082,5.7703139949999995
5.373985721384593,56.0194250450883,5.779787048124588
5.807990090123436,65.00351288678661,5.627166756827568
5.652771483084071,54.85592718474794,5.881989861228169
5.702573085087626,40.42734295122922,5.801622829388164
5.302828103941215,93.44958441687551,6.149460326211941
5.506270949249296,60.868674078566414,5.829522274270446
5.487157185487126,53.68328895027601,5.911620929793689
5.671175815949983,59.094689090604064,5.949899567421068
5.648673018218705,72.35456492124509,5.5396843635851205
5.30324388,45.9731826,5.631954394999999
5.627524618627038,57.41753229856905,5.842425201012004
5.446272378577697,70.71464312833311,6.270014406010002
5.276415428677768,58.36208009227126,5.878707110825417
5.081811115024298,84.91903251888884,6.618490572891221
5.35140864,71.1692136,5.9495223
5.17640271422931,74.74133542488316,5.811816841970802
5.4022468826481616,107.06944985291437,6.2320591544864365
5.465543221968564,75.43471549584297,5.850972215432439
5.343280235387133,46.228237506157406,5.473418062571944
5.622167470214464,63.37199555452915,5.614969738095427
5.73980710366143,56.65160589889038,5.502620506333186
5.308348589425409,75.05858469253064,5.827040957907337
5.743354801133636,52.654178989241814,5.6152679394632425
5.57520339431358,60.126544172291716,5.73140745386436
5.163096662901479,59.64752392537875,5.979106388354215
5.318435031486198,57.59905539411391,5.4492531208076915
5.468012050281825,64.18910222457562,5.843035706500213
5.349577223428652,54.10518040783105,6.057068739554412
5.751747433230133,69.3515284753838,5.737853162367742
5.53185835880549,58.49426770829189,6.147928422003227
5.639826127553552,93.27459088664253,6.018299815161878
4.911300682029915,82.37704290062399,6.011562172617785
5.504702771403944,81.30392546134777,5.303734069676781
5.359582003500586,63.79011740811297,6.017762307242997
5.2209300111912675,53.163943668813786,6.042591582028411
5.724595043136138,70.50420312051479,5.641652886195135
5.679232175832448,64.33651934652417,5.839672655736175
4.389007522465584,72.50062517965178,6.275105360659296
5.603056669548453,51.32092984862529,5.728167921834431
5.608173051030352,43.80546479309347,5.734629052879587
5.760919388153022,49.66537172892042,5.639790009321882
5.3588125818193735,84.22890202617769,6.070754931650201
5.337931772254664,62.87702324632153,6.002430389354512
5.450989692071202,48.36591043026022,6.028820275121518
5.316791244711377,53.89721508356242,5.879495794534121
5.254524419584978,66.185823734649,5.701415966597635
5.685101717346359,56.86956180377062,5.754602471148971
5.603518168847427,62.986780871559915,5.834704109764248
5.114136456827264,50.389077947379135,5.794222940825246
5.462666506768492,70.32242840834583,6.24034275382669
5.583061723187833,60.69896036359975,5.442290031798661
5.616039544817499,61.59093982186579,5.46612464410169
5.253308142807352,76.97754959924477,6.026192832187285
5.5691942620825605,53.108255493048674,5.913109004920277
5.111308305070691,64.54431169934549,5.6974243733463545
5.4782826530617355,46.86090408625126,5.532156347415653
5.512388431990196,47.248143345179834,5.742806119959058
5.3749656,65.452878,5.80043961
5.4442714500000005,55.322595,5.9976663
5.642602180994584,50.64511124426056,5.859335613988558
4.976860391049421,82.86304017070498,5.86703417109044
5.234458539251078,47.92880705402694,5.7460143146426725
5.47524562903994,58.92277591688154,6.1590602045236
5.46464763,67.39330860000001,6.36699725
5.731480870938967,70.31050899228462,5.745887451963867
5.425605035932362,48.18241831909955,5.901787807077758
5.436203202638809,53.70766341262611,5.582104489758756
5.523924069423265,61.86165425558105,5.838473536351232
5.601221780530854,61.0593889459629,5.610691972240417
5.5321335048209415,55.04487113102888,6.021153303325224
5.270666644343708,69.25604721065255,6.3012751189582294
5.4751492985281995,78.84973337886125,5.54859467848756
5.474201043812931,59.237402884706356,5.510735319467107
5.5277672285114665,69.14621365804659,5.718014958281266
5.717930332099337,67.90437898275172,5.807440560118073
5.217902449614312,63.20999962386122,5.915022115746488
5.286993174772146,69.90135056069055,6.0002211983313885
5.603808870000001,60.815538,5.74259354
5.445156215679787,90.48724726251767,6.078515934005578
5.95706094,69.82752239999999,5.7005607
5.1569498191196095,77.44976211586496,5.672647103402478
5.146389468344227,78.56706606834689,5.892071143808009
5.405865855961707,63.078990193280255,6.153214336951656
5.537594643502753,44.612986095581654,5.573738053424705
5.480297630214153,66.79961977324061,5.983337246255002
5.304700263724479,49.76650093273884,5.749789776658403
5.752966766689481,51.5601239901655,5.609444257998703
5.700128188948423,58.41004139996798,5.99378265610716
5.513959369361175,66.02307353064862,6.030700139446277
5.824532777144384,66.88871188592316,5.380173373175998
5.56833368796344,69.38978407125838,5.463854614303419
6.119698814060059,62.44796728048285,6.14711598916026
5.190138145282456,61.265433571656,6.0892392761628065
4.9770819,65.051325,6.0048386
5.3598084642611985,61.14804849376591,5.560642476504422
5.407044636854678,73.94085782165232,5.1185367236567485
5.644346650949469,62.939540213699225,5.5737960574890515
5.605709142352344,51.222802175242194,5.874230497249614
5.226527160000001,68.2210395,6.33996929
6.0241578735690835,75.23841989351794,5.737017541352387
5.371203219004488,55.23230506052346,5.966996189345498
5.735868901369751,66.97302673368469,5.747116972089875
5.9075976500246625,77.6705420941417,6.086213912149175
5.6999628407416525,65.8099586659471,6.107994160207395
5.3043290275723045,56.51728956319345,5.106931640380456
6.033327128310997,79.54144868247695,6.3535150492601495
5.474600603438661,59.6469965135819,5.407420549118676
5.302846940465609,67.11657477783193,6.107894216961025
5.165934676335644,77.1217166182768,5.558210653096683
4.875560144602438,56.32130540499132,5.790928867473155
5.278746368193039,60.40151104768614,5.674259819976459
5.738447134097017,54.300932271276494,5.953834430379097
5.1209375927479766,51.78149840140274,5.728714379974635
5.413957468082848,69.40406119783526,5.6230915199202816
5.340500840753668,75.90631959578745,5.876966651019232
5.465660151554686,73.68726578416914,6.103345405556032
5.751646567303246,55.50778361622972,5.490869834660529
5.4927125865008515,50.13098318386343,5.5455222499314285
5.680456545230098,47.467172428639614,5.620003513211524
4.935418994381104,74.48061036416573,6.347235877240957
5.777175497129716,57.53051154812622,5.616327024472801
5.483739328675302,61.737484872527844,5.4953717952597065
5.503540549503046,31.050017210731905,5.570539898445051
5.574534779942858,73.15692929848895,5.556935259855587
4.998705432420409,50.378028734561376,5.722222850755925
4.8713102065351395,66.79039705838058,5.909199003892333
4.867149601081419,69.93992126864309,5.778067022226725
5.589994330207972,55.590426081581356,5.648188544098438
5.29890971098244,76.17249986473593,5.603453335261624
5.810764937063559,63.390785587352,5.683963632625362
5.555785372683245,77.12624872650511,6.275026936074063
5.3064543986294535,65.52012919713859,5.944896122625369
5.516023865311676,54.74397062554843,5.898642770446497
5.510435193388548,71.34068697693442,5.316268857459813
5.306737736979057,47.186914126081355,5.468297848334151
5.482252807687942,54.1572929667375,5.843407796591775
5.697401620009843,62.14983897029478,6.086902125704361
5.817006608325396,79.94165507218568,6.227037170302458
5.527476242772192,86.27519155059346,6.549571656463763
5.597532630206804,60.97628486510864,5.9839138600069575
5.428265486386034,63.50385314652677,5.905945833105442
5.383230353314955,48.71895196748244,5.80470874460693
5.613547429502225,54.95278683317379,5.545528819831681
5.482166006762503,60.05770017971729,5.942993502600501
5.388409689332138,62.261312717298175,5.561687500468136
5.102317846180902,81.63280508336088,6.204780200772035
5.483468995257933,65.77267601868516,5.862746368342535
5.502061156229855,62.556550220911284,5.7899897015890724
5.598258396832124,65.06575588821715,6.041735611438466
5.43862737074201,76.20699818792909,5.782089182744373
5.143039608988637,59.3974236752988,5.6327007081197245
5.724020113077674,72.28666531953733,6.019102775974647
5.533005229100769,47.80893484840429,5.967104447824
5.604827696954437,58.7998831153297,5.726982581912559
4.858471125232529,66.0892800638148,6.135595826755098
5.348472214309577,76.01421640026767,5.7699176007905315
5.744951891654242,84.34063954978433,5.524747883912796
5.417986154101791,60.70495026707715,6.06597636055528
5.516230236791042,64.56760253823971,6.058951226354445
5.443911523444223,76.90266475122546,5.922856932077701
5.685953588270742,60.63748850780128,6.177972874892999
5.666613913618023,57.272808146427465,5.667785795676973
5.652681477582131,53.31849117919766,5.849748057281987
4.942608860787416,85.89572340543009,5.8766449418030335
5.694659092205111,61.15505899817319,5.635121031997167
5.168320079598733,71.8273257298511,5.6729375626937255
5.005363720281685,84.90535511275198,6.295256972070358
5.773300613645455,46.59260538559365,5.721104853581481
5.667269527850289,52.58076302626089,5.796445232481726
5.470602961360514,66.45459452644779,5.834540834481986
5.484606170860902,53.39809626749278,6.00650946124203
5.440677161082818,69.04528935632688,6.0898263940735
5.1929356952760735,80.95293620496787,5.8497791688996985
5.445809065587266,48.873911068292,5.685700225314949
5.664793245558665,68.54960443552221,6.157732002175581
5.482510932868828,56.91244415222507,5.809007373977497
5.379143467299468,56.02409373809881,5.56984940218021
5.5217896881017605,53.47244666376836,6.140204233520388
4.877224944910857,82.85080729829059,5.967760522142614
5.750310980825473,64.18655525087884,5.282205705603271
5.173637519690643,68.62154136246957,6.06585844324859
5.257981318107542,56.91026496149894,5.584286690792236
5.375911405438546,49.34469495991961,6.175965901995588
5.224310852292066,61.50496236323968,5.9168269547990695
5.532666750774036,65.40940614121061,5.869753167035346
5.406372452469507,58.81435583067066,5.755341331767379
5.385769939193418,60.903076146870475,5.711208661031076
5.259544212858595,69.40594483710187,6.035360765312315
5.577575014816919,64.48944177256153,6.233842009395167
5.138125835741925,58.22791078770959,5.732718647453191
5.879228140676518,64.52954409323254,6.076669813962823
5.638511050045826,42.899272144723014,5.723580906054931
5.34143534149953,84.86823374823749,6.515492524131605
5.67726038592586,87.49245418325903,5.83142351138479
5.798338735224116,44.70793129048596,5.701810179279412
5.433264107780072,63.44839446262687,5.854194750502858
5.481017855917005,67.81937839794222,6.337297749026427
5.274075361311947,55.092937013620805,5.557557031740973
5.161698779081088,65.9676564162885,6.020639022548211
5.290643150384364,63.48451470440024,5.73806032855407
5.5908873,53.9656335,6.092961075
5.474317177522272,65.88455211792603,6.182826780189597
5.463134894170833,60.61835281751251,6.074823776773733
5.65779488842383,74.8669757825889,5.64412208707647
5.248351179161558,60.48466068627161,5.423968115749113
5.608823341345107,49.68125511899052,5.871971781921264
5.417134713827301,64.43742339943763,6.0597076944054376
5.12926680690324,78.94993284094187,5.830495203036062
5.4387601025986285,59.361848980144075,5.744694973570262
4.956837792408488,66.09953816627775,6.233631958505514
5.6721168,61.364484000000004,5.37665885
5.20800504091279,58.04789725720015,5.540932649898602
5.794020038372216,66.4468510400594,5.847728571509038
5.6064076800605065,59.458998771428654,5.95694572837076
5.104158054960537,106.72188311237812,5.866996938741742
5.397430217995822,63.838313488507815,5.789613630935825
4.925990402663627,68.7854368198628,5.88705843866181
5.679944908918894,64.42637946729693,5.523411145372283
5.71784750711185,66.01749046991267,5.989294173349346
5.237702979310002,62.41525487208898,5.733623639236863
5.558190437595389,103.09126108714601,6.403281806693105
5.457070838526201,60.621284795037006,5.961584692396706
5.866173427805182,56.21692594818568,5.618516793901975
5.066891892964631,65.777038734599,5.549249686479593
5.935592266505902,50.26089602353662,5.869516629919001
5.382553765774337,76.91723609234174,6.029719035669423
5.241816769037954,63.062585376329025,5.753795976488378
5.315542613261091,89.70598915718314,6.478515506955851
5.38243173,66.880278,6.2947872
5.769277790127373,59.240193300950445,5.83944153545509
5.16179363357037,61.746477930376685,5.635842882733778
5.73614589008842,57.62692865985783,5.930334244197488
5.6159001,83.503566,6.39242721
5.524832587784652,70.88433351045788,5.195618657317035
5.2284092540220755,63.578688737038995,5.935354648893035
5.3276079211325245,89.63274837444202,6.423503480259926
5.554791067636849,47.878781576562055,5.844683773052764
5.297840135086201,71.7302704750507,5.890711116961234
5.392786952881732,94.75267765842726,6.2546664368167475
5.108094215018866,77.04637156678307,5.386472890515179
5.422409547492217,84.12129179179472,5.860489816655866
5.015819517246055,70.19313960061606,5.714472521922953
5.63696137332114,63.47137020354208,5.6550267948219926
5.2332090806855724,50.636889755594,6.151708426620691
4.557307649225891,94.7810497042938,6.472998820025708
6.011573789439237,59.890294189913206,5.845481294456494
5.560273661475286,49.525203831264704,5.735476295864119
5.879376,58.9789764,5.49212625
5.468080914088169,61.14414033406012,5.817533953945271
5.336107492914989,51.47814935897294,5.9975469351267865
4.931343667628378,90.54766078426088,6.2607708109702935
5.606331959428482,40.89711207573049,5.7912493334308754
5.193990694158234,56.12686412867459,5.793488501714308
5.594978964144813,71.71646954511026,5.618161126730605
5.781052974005215,43.92984850958375,5.747796214603428
5.181031760793364,52.76941559424928,6.127935733347258
5.760103093784342,54.64557017972847,5.729034793151005
5.188938748408307,69.00344753770534,6.023136154038977
5.6842785376454605,76.12394450414858,6.158414114777027
5.640409561939449,59.73053360210213,5.5418694162650235
5.421900487645539,62.15658434714267,5.6064120315930825
5.4153740365788074,62.530153847523394,6.044882499854197
5.320567482557898,68.77305098318303,5.874386622016856
5.633000762647006,59.03505077433976,6.056371187592901
5.373788460903967,73.57595365634701,6.053153469079264
5.9457210133215375,58.81581567870345,5.99857524122914
5.394674636487623,87.80999211748464,6.104977113883512
5.683224013207457,68.91076608793149,5.836503537898588
5.344634717269212,48.04377642353061,5.458557053767006
5.864430977914661,39.52728947367375,5.727616834640287
5.559131249583927,55.490008318719056,5.6195071296261725
5.38413737718629,85.75803143239874,5.786317861962369
5.457629160271046,52.28802780460891,6.138172626015196
5.521984214524599,59.651734518265734,5.65816124735997
5.436706640421845,53.15015685297338,5.8415927685948175
5.3531627209041295,58.601565776194036,5.626901518370978
5.470882874359006,53.67157579628989,5.699216798090653
5.598335513657465,55.203035782644555,5.806461541099123
5.370371886158551,53.13517515449341,5.555476988925421
5.031810923759268,76.95490805334288,5.984136881301075
5.496185772799464,51.23102737857811,5.435251164340803
5.4376093803523675,51.14406716137979,5.478987488910543
5.4016295810249,44.75913538991762,5.829331328043078
5.529843616358935,64.18158597540477,6.053801170736905
5.050259759241618,81.51218126917537,5.999029387874968
5.473275012495641,44.22233308574188,5.841032077876562
5.906673856216412,65.7868459769967,5.882877574603924
5.1402380483860375,55.02443803250277,5.774260272760063
5.915771101105626,59.260095026651655,5.685741475517919
5.392121999337494,64.41947067385044,5.9106891047069485
5.3955796800992974,90.18574186156575,6.5532901331022595
5.378555002713431,64.6459061235034,5.799597887841921
5.877808750361122,82.27995623795407,5.734906631395279
4.878366000690823,83.15108810853464,6.247238585366989
5.370587859397168,61.218568473143684,6.116764679615715
5.260381687522445,62.000890039098586,6.016114292732364
4.973609224378631,59.113815376782846,5.627850901275538
5.568176773753138,45.98465010908846,5.9060338742448115
5.413231941157645,41.3258749001163,5.805520965237794
5.2773968883275275,64.61012354845826,5.421494888876911
5.180043643139443,86.87425882073822,6.129396971486958
5.724015049086386,75.3978559934007,5.715218191153059
4.999725274434876,60.56175184994897,5.809668831031263
5.336193192563324,57.60962306235318,5.55965189076994
4.922374276846019,77.39346555728561,5.821207283849353
5.880589380339994,61.059642055701254,5.793863888019633
5.4941305235578035,57.03449627136675,5.707727334287905
5.436833472845504,55.10522834824608,5.94758119502934
5.51885501106315,38.86066847376702,5.891054730591151
5.803905856327575,60.13481897475601,5.82439863400061
5.360317473909933,56.32593643552717,5.967121592626079
5.6881206,61.069413600000004,5.9300666500000005
5.1086551328104015,54.55341889716601,5.8045539449126755
5.563212607964208,63.55457194071158,5.690578188522792
5.16934206,67.85516700000001,5.9754558
5.501793555238644,65.05511541780857,5.777321480684001
5.298598251555877,53.34776383056896,6.006987837520707
5.32260774,79.89265800000001,5.7530554249999994
5.595405304775547,65.98706962369127,5.490784411158592
5.256876682291033,62.570252621128276,6.1900699893434865
5.8378701238863,48.037823589781006,5.631362949289497
5.214757916678252,51.13061680264177,6.18644543134557
5.525840220094817,51.973517566076445,5.978586488654637
5.485190704877049,63.79695642011269,6.057402864405561
5.20779592301872,66.53542949709052,6.1415542249556
5.649217387066416,68.7532468766735,5.672455493327625
5.131640520478908,45.407195256628874,6.0007150509716105
5.506630818674033,60.58323051161673,5.857671551842304
5.774706038244365,53.38872035357951,5.575105008641554
5.5638067962223445,70.0152155036076,5.344101468857379
5.843874789035166,58.27401901398857,5.853738409846234
5.664707963063968,67.17106691866489,5.688056499486907
5.517390928778238,46.44359376754777,5.659996430673662
5.044456854289705,72.50200281780822,6.4862131010359105
5.342457891979392,98.07026344416522,6.271124505870185
5.48860014764078,50.45607238733228,5.748985727166275
5.357373030000001,87.950142,5.69051965
5.2593695184231315,67.47699542838397,5.983939214727757
5.495870231498558,53.54198220215283,5.812302690004918
5.629730746945459,69.24827361965508,5.982869605967528
5.655522876735442,47.92479209568389,5.767628431331656
5.297065645187899,69.23017674355839,6.229053243282439
5.4059219036238115,59.42667040852412,5.86606668930619
5.086746210678243,64.96128308030795,6.107707897859756
5.499056353973679,71.68539052410138,5.8192100663657715
5.4884030719372054,49.294544238317506,5.838038885557765
5.392069992358941,68.87503650533299,6.022541691781262
5.518712259243845,58.87239130460668,5.826578275411418
5.567907170521196,68.45792993274344,5.645696370674864
5.4793366149320795,52.85902126359249,5.4307081623652
5.829238208844135,45.82306412779315,5.51265710387756
5.365241823986033,54.45580012853072,5.738986255301627
5.4404809926791495,59.57114367952733,5.8769070549525795
5.492377832348243,55.836978772024274,5.801615002162423
5.837755406189298,48.560398860253606,5.698354143787334
5.730882015191352,68.2071338754977,5.735490019877768
5.321514383271426,55.82112248952329,6.012311410965262
5.765487499115161,73.44263626863793,5.770673131874801
5.527579139852178,51.936320293653274,5.745972965885392
5.6035508657526565,63.9226452541543,5.8552768297854785
5.554431859619777,57.91505080757618,5.571666627976792
5.04485050719537,65.5284679599179,5.951524516878963
5.490166877657771,60.00265224792231,6.007877147584679
5.293721558834304,49.040964117769065,5.525709118283779
5.60741984119971,71.68302180830311,5.834226192917451
5.489040294499828,72.80531838730789,5.725905586911979
5.732360794483361,50.66465369261388,6.07047743178585
5.595806522910852,70.83759117339957,6.092961506912809
5.042975992360672,42.361364996167175,5.628641504437933
5.269219989663251,58.50558274668024,5.834952687467449
5.484933820674328,50.23234917637015,5.799361361889672
5.6157683985280515,50.32721239031624,5.913765767330858
5.421072113694211,50.838074960108706,5.686670135333449
5.487554739585216,70.87501607134764,5.62962513054394
5.637106779054591,77.97193664229366,6.233848277840091
5.513882334719981,63.15092643700513,5.7466830808001115
5.119112181958841,76.54680640061903,5.757224725216103
5.902230395921288,54.476955878509784,5.787890097630192
5.13599919361714,78.17231246246108,6.391910737176081
5.814815134848414,57.14644099954303,5.992665018310827
5.576814674977733,51.016142513824484,5.317636783931287
5.290765338186095,65.72582925806245,5.6402381154549825
5.347924647967773,79.73385287818468,6.028155395110879
5.399800195776189,59.37521094703195,5.672169107606611
5.234212302215893,58.38039670038898,5.981057826817086
5.34958097094387,50.47344695862021,5.761403575652075
4.9327784999999995,81.47725200000001,6.04682282
5.406769544507184,53.58142718710684,6.0997405548247405
5.554886166816556,78.28212328666815,6.537840415089511
4.778303261518022,84.84197793320098,6.715378319448051
5.117729610499056,70.07615711481282,5.568967523367004
5.659942836604111,64.16397622162545,5.838382690413254
5.230169636427364,71.51912895700308,6.334110076165434
5.508396265991471,79.85254170717221,5.893389634622909
5.462359573179037,75.083198794169,5.508796375798674
5.42089839500596,43.251736914145724,5.763075393624193
5.793140862713609,71.06793653496241,6.055554525276713
5.036803934508665,75.08946336751164,5.421793839408806
5.4514596981192485,52.172678755508464,5.860846494493493
6.030366558188086,49.09948243001309,5.731425353287352
5.511645589931253,53.80904330519741,5.576929935340779
5.25980610867445,88.24999067565096,5.832335840777642
5.28051123,52.544880000000006,6.0473190500000005
5.968699934787165,91.07212890194675,5.581264585792159
5.685916016241917,63.647449746917076,6.078942093716804
5.542585455564002,82.73723456894294,6.165779878620175
4.962682433517679,77.60645149156055,5.891579649882577
5.490467463616498,47.90680697271808,5.530189831686684
5.5506406258909955,71.20075518678914,5.551866635197874
5.60302635981642,70.7450457751998,5.957682162482544
4.682666128337787,71.22426720758747,5.883496627789512
5.360130423886986,84.56725328584216,5.801631070129502
5.709319048596134,72.04349640399857,6.036678315382575
5.540662485132136,72.8909413779313,5.983914841201649
5.830265958166441,62.54988642536445,5.741357921390245
5.694464640804546,63.612385430233836,6.297131278209248
5.835517133242615,82.10424534206506,5.940346660827019
5.059343068045245,70.75990814887741,5.728140281994911
5.7794665386212,69.19549357759331,5.79065124451433
5.480855958619195,63.9693573161969,5.808643056665236
5.480672222969569,50.94070897366046,5.415461069621864
5.668525470329198,62.48895631078307,5.912018247482776
5.544292609355713,75.30475393361719,5.974865768011753
5.344079101671029,56.94388211111096,5.612001563503333
5.446313787057706,69.87441296142792,5.501298596068273
5.912565076079947,69.98085220357238,6.253190184945822
5.39937919095593,52.93060438073336,5.919924517647985
5.646756703969207,55.61573588327763,5.394094617374945
5.43205274575432,68.22524593774729,5.904871440000766
5.328942070545896,78.03640881939623,5.606038420362052
5.609826032980518,67.0395837718034,5.541492457742745
5.813874892882594,72.69557055142435,5.437644365524083
5.243611768343609,62.80547648388255,5.666157031623544
5.747138779559726,68.03535712115041,6.104466127961517
5.668450620162001,68.82005882310095,6.1191604574556075
4.947490057232214,66.68921571659146,6.577911782717172
5.508450947277039,50.506705954022,6.085992925750651
5.4117782163613,51.95289717672453,5.673068036841879
5.5458794007199135,67.06495937857002,5.773837370379021
5.064466969567857,93.17029463857457,5.560675318854943
5.972674273923478,65.51586194141409,5.4495812694103485
5.542530097427101,53.862945777676885,5.927833439681379
5.262195233885312,61.97497930020981,6.14522302907485
5.462228746847723,63.5263304197542,6.207963451207703
5.46428115,53.271317700000004,5.93294169
5.509116242876779,91.99275136857031,5.845931194141134
4.971486858970912,84.69876314531544,5.941228327299955
5.759880588484337,57.768675503968375,5.521649097346585
5.44993423545872,68.96737689985252,6.06141483400029
5.636621711775795,87.95096169590641,6.432047422270427
5.61159361924855,61.757356088055054,5.676690955717399
5.14185435,63.569349,5.77957075
5.78747760821715,69.11213273941671,5.763642411271421
5.321633376706194,78.98772966180096,6.48494882748143
5.2796225740701015,84.71052821898809,6.557227744052337
4.945605725794841,54.073441055484786,5.769068938862758
5.678798539585721,52.481271797923654,5.649644285873749
5.452440206905408,71.13939387285905,5.969893992984777
5.576830860977839,65.51258748234405,6.082988322504696
5.423423472695934,48.03274010215094,5.69181776241066
5.392490567086666,50.516187054989835,5.749973921639163
5.824245368766588,62.493195430572044,5.432990912904043
5.6680035159383095,41.3626941477911,5.568706335366746
5.305647764780755,62.310624498749206,5.707149869509836
5.529929401128564,62.60748658491012,6.1025152495323844
5.743850231517208,52.47263093481393,5.381663590008904
5.033373816988256,67.9370062323714,5.685372251297237
5.22568647,56.8412433,5.799718299999999
5.302168026414401,62.71783701069974,5.894429750592363
5.280443542764957,86.3674145431084,6.265181419303124
5.2506870505971985,69.29615366076347,5.984800383592009
5.673865161238209,59.142767117956396,5.753279262224665
5.206848844883222,81.26353859670442,6.028147616663461
5.071772514483018,70.80481859229513,6.177653206401627
5.386991359569448,73.39615516030744,5.58939348896144
5.638860600834729,55.946156366867406,6.137094093901326
5.815069632797785,68.16104710841981,5.728522202980402
5.16287481288082,44.99187476950012,5.924763839782826
5.128112820552711,107.05258794110141,6.459675841925337
5.277754677831197,65.0962463810934,5.938752176750989
5.416353556703531,77.51882151723643,5.966532826898959
5.442247224383003,60.034035578305044,5.822433401187271
5.6069001472228885,63.02802227677302,5.477303931536743
5.759795024697675,46.006844015794286,5.570328945199265
5.189350763328953,85.30790205980796,5.981286271958904
5.829075327229627,44.17474917213099,5.7548216818981945
6.307388191136306,70.64380758180054,5.953899776745317
6.138279578256486,53.81988507612321,5.4859590100746995
5.485153771244907,71.30235583267823,5.90730342346963
5.3953325238012235,60.60255459382783,5.41220077835216
5.196149761905479,51.08416234750143,5.697282228986144
5.69795355,77.0550156,5.99550815
5.862576388448043,65.53946485591094,5.747701910639099
5.494697184138127,75.98646128636527,5.9769733191971826
5.269625759721888,61.374976523891206,5.671642098860409
5.357861100000001,57.73475700000001,5.788112399999999
5.786467929266618,61.95993758270464,6.0803483210865
5.52141475159053,65.94387095651604,5.8181491709253335
5.798190135574913,51.90974166168046,5.800600526114776
5.675781708923051,68.20104934140839,5.480098304078695
5.412416049784026,48.436348401390894,5.805717946560611
5.3805597142980774,72.53332768461223,5.498867664385509
5.6404254999102506,62.48384214285715,6.163854014858581
5.7167452481359895,51.60368213352061,5.591942472960851
5.375437944367264,68.48255400819855,6.023432253680706
5.305022548555877,83.75922400169556,5.949263654925123
5.086302459097114,70.63386520057952,5.5299559218180105
5.965360668571445,66.21650110863631,5.797283826113049
5.854640997147484,66.85020473085603,5.590382564747715
5.607464209045237,60.79477679657192,5.679682517600808
5.699962531758237,47.15314897152377,5.7723629944660635
5.458364226020362,51.704400357436306,5.95790601074039
5.523113208638891,53.32418801704251,5.899616988906645
4.954550751455975,70.88563278018808,5.706088815954009
5.672526062164498,54.23257869337703,5.526846360285406
5.49414561260117,74.43087373052161,6.066218674541347
5.034519979266409,94.64050508830618,5.821580110347508
5.670203030726191,70.4608173304977,6.361979410964353
5.654415804857987,73.01002922020943,5.351984043875844
5.4006480357670155,69.29775945894012,6.071235563859975
5.465789240527938,52.10255154671218,5.773357718881117
5.640734676139797,49.25663322524636,6.011121300119683
5.354856900000001,65.8891296,6.00686245
5.576250349643462,52.21803026501819,5.52063569500021
5.570727603421843,49.46155195329918,5.957238598983329
5.428969445555423,84.80455163713572,6.249390866053074
5.195796308628401,79.46078884489647,6.175844948688746
5.8824679726498985,58.794026148010566,5.93198596225474
5.701911268529919,75.90071056139317,6.224456305845985
5.2962822,60.13503,5.937890475000001
5.422946847868564,58.84949774361643,6.220437635735803
5.397961812663269,58.83857159164009,5.998505322114685
5.801156260651218,44.54108815981862,5.854809831958974
5.076356404469371,57.28841117295655,5.659270296758911
5.045352276319144,80.35979119145915,6.314500307496275
5.635498744201514,69.50842441450624,5.673004491127763
5.436419534828972,60.94766649544201,5.975882240987173
5.255629465612478,73.72481397623109,5.733772767140849
5.48772498171881,79.75505964098413,6.02623979193397
5.847546779805005,72.42781129087652,5.6021356954694
5.601183291518462,48.1817210074933,5.674120406613569
5.446473888385574,50.16686862997672,5.418639840518066
5.462178875305059,50.89180358071694,5.935738699174648
5.3231148,61.493499,5.9547348399999995
6.055817024182503,92.3157389458248,6.05568963633502
5.479860344964156,58.11453313991574,5.748049210963253
5.373534758784048,56.60831318356733,6.009598370810118
5.042260320799161,57.28589120700917,5.79055328822277
5.53736360017504,72.03101031127257,5.936933378422424
5.6491331986030735,60.36277239626289,5.993580508691326
5.205885639807166,75.28989886794487,5.873216930602152
5.432869855015949,85.66316397891748,6.0669835531447225
5.6220075,49.043313000000005,6.088265249999999
5.1765729591109855,81.2462527251248,6.055457357618617
5.581096921878398,70.00546743786735,5.564190924649079
5.126197394280505,88.442907414942,6.302411403915187
4.737495066246611,101.58283055318002,5.855199042046688
5.432443557260938,75.21119677169546,6.076383119602642
5.3601469264966815,68.47019515421685,5.9399808034672725
5.400014219682545,88.31280493554307,5.748449946415946
5.269626780801738,71.46488173423542,6.451529118266782
5.464558903771459,67.10814222122842,5.968184333582333
5.287910214454549,68.54251008100266,6.2664886247866365
5.340038576783912,60.20155005006785,5.231194928740993
5.496670587627063,58.65778249627592,5.779128872088097
5.4618569202546166,97.3339548142064,5.826186232056041
5.038795727188612,67.87733129347129,5.949850426165932
5.420320160850525,77.90027277946207,6.661367431577856
5.861684856834842,45.31603380697252,5.7714810687939275
5.543890450863496,52.5532698867805,5.687340194679793
5.710107783938215,53.716942603396085,5.771595842740521
5.855224811472911,47.405560411405396,5.831409726340235
5.58136959577896,72.76732288188255,5.706429393809657
5.310964744154875,64.34109122673816,5.819092713989843
5.617759911738144,58.32694981594967,5.699783353682395
5.4581946197053615,55.01663914675415,5.876084918983045
5.132730431645164,62.49709986722117,6.049941804521743
5.267933519901966,54.45368922182093,5.4618859128710895
5.328960970067996,82.63453195072158,5.675253601359242
5.471941248717139,59.071996173649,5.648125738227938
5.561152534057445,48.601603709310275,5.8514520045057115
5.090495270640198,57.01042117802039,6.030000028433892
5.2479037803017725,62.971697521515686,5.960847572588646
5.794498838375222,57.071469077967166,5.680232329746981
5.6394933300000005,73.2822966,5.880657
5.693312219066965,67.38044371713313,5.991139352011394
5.188458898971319,62.08354401430929,6.032711532373491
5.498524227737322,62.31759671441525,5.825416306469569
5.32063517570881,61.45473752057565,5.993193410309816
5.568817831927378,52.99395615868564,5.6900158836521175
5.335775542822486,72.5533742590706,6.200779678461242
5.25291491717738,62.30428826707966,5.579405146404391
5.100533437785307,90.79582201299748,5.954945926351043
5.37286048010697,54.66031921614431,5.81301490004279
5.290061814613677,67.82807443148995,5.747819489009798
5.463766359136141,81.97753380752364,5.88892173040699
5.549700981357948,82.06793079764833,5.754582282203801
4.97084101055274,64.88742666899991,5.991974240199215
5.448545585939507,61.09640258506478,5.938113728912095
5.703311026629189,46.948832165578736,5.4787445357679
5.387698498613857,64.78738202091719,6.0608772725446505
5.418239912036927,56.6889031043392,5.848050972953042
5.260888928199971,72.68837435577268,5.948180183580855
5.611519494617914,64.59806484505626,5.278481848344384
5.703492686005181,52.41730206861229,6.147430753202593
5.733468359467186,54.3643146144227,5.813184643112235
5.456654284829451,63.79439528727179,5.616094612543852
5.5990507187017915,61.62612257080503,5.797810055665065
5.023946932905902,74.86053647047072,5.671926657619615
5.644858544273983,73.52051181927239,5.575407025668108
5.474227651375388,50.98634179239233,5.56222268667288
6.184199192274587,73.00916361761927,5.56028648738813
5.651178745573227,61.82477756692161,5.8623817897895165
5.455261588145802,61.93784683632918,5.906957081989164
5.816225747783253,43.780755650399456,5.768068222022532
5.386180532959684,50.90746677738561,5.755724219646157
6.138840946369781,52.95112655184163,5.852930525562936
5.607338672936427,56.84413533587703,5.465719161910899
5.496734266484181,52.87874740231152,5.764532708359483
5.709066654350936,70.70158614662972,5.929293026041215
5.479966480923651,62.695759130349245,6.1120007254198745
5.6199950963682275,67.35106993572903,5.851310094687645
5.411508451203837,53.22456741689659,5.4429468758314234
5.678517376931457,48.07332123078168,6.034510267527284
5.1723110432387225,67.09630798346036,6.1889366381098645
5.709257385249316,74.66565256108862,5.656023963835758
5.5855054353594245,70.94362614330697,5.736108201472718
5.425351753426728,85.21816770266145,5.953866340169975
5.744717624022298,71.29378794329676,5.730378659875537
5.626757795601517,57.24490380394799,5.3375525434788065
5.4633132,64.047339,6.4438959
5.403721098472855,76.93842546432968,6.2306909421579615
5.168447873553386,61.663112293238285,5.999537540030371
5.5487210356493115,62.252853886077226,5.5464425497984635
5.623209471396273,50.39143075472956,5.568201677221199
5.8915361730613505,52.175648418240776,5.942856442463431
5.216214950792758,77.5123875039677,6.054921666164174
5.437191621850352,69.2019477364904,6.047694561978932
6.039370349072481,57.024768465053846,5.902456130224688
5.469280888094751,62.977160251866515,5.838987475886265
5.133803819986611,86.32800683255397,6.314713531867134
5.669609475096089,66.09909687550714,6.074956927797456
5.471850918807297,64.39965682186298,6.038130723493989
5.239883334932861,94.14488697306389,5.663267526443396
5.500344377000024,61.43178035304245,6.059313865799858
5.395657245872186,59.085030130437296,5.7941391325636245
5.552967837369746,54.35941968521415,5.6483681672236425
5.787611614937889,64.41523706338391,5.858640477825253
5.316719865633712,89.49497577810509,5.942475562517156
5.748338288069709,68.90421645633421,5.6665097596029455
5.564698236853488,44.29844129337656,5.603753748942814
5.511778956389243,75.07426537188802,6.027462980820552
5.5991494688195464,101.84592094656965,6.308869220053324
5.351743466715705,75.9169506361137,6.2245215881464215
5.836912290909176,63.244395925693844,6.133838963214134
5.27110245,67.27296059999999,5.6530720500000005
5.621323125842602,60.204203826625104,5.861797533687395
5.623444685182652,50.6243910174419,5.9243382108332785
5.268589278864768,47.132895120950536,6.014672882542349
5.767801372034386,53.62479252007918,5.771691117760996
5.480212810703342,80.63601794448664,5.793209464969319
4.96416910663789,52.453656243826394,6.0180964761943505
5.20708600505895,98.94064105997896,6.333434661941143
5.836144070190184,67.38811104627277,5.80792899505356
5.309135325752897,68.41819849841166,6.161216244024032
5.202588960000001,84.416067,5.609744575
5.491939536371666,60.28528539925353,5.652923699460069
5.164562583578106,50.865395183183665,5.842943800684436
5.907355630174053,68.42343700707659,5.617324248906085
5.32023978477639,59.49029079132914,5.879833335889021
5.349108811611489,68.46092730187513,5.822010044709669
5.197974379378168,86.1306636544,6.227868817001687
5.939190016725782,69.83728319086937,5.874659052827305
5.579900404610276,61.91240734217334,5.7734603438637295
5.476966408912392,80.8958520315057,5.843731516419158
5.456470921431006,68.6270285366619,5.8881155396889175
5.561519174557052,40.026956361250996,5.558931669538631
5.369316324548112,60.74067745899986,6.239474051370395
5.6001030408801284,53.212002224091265,5.896194260189138
5.120398054886203,74.71791731885301,6.10527584327901
5.758634021295933,54.39171709163808,5.442731534185228
5.211074132146822,55.40077657083901,5.771666413340252
5.595782114387997,49.83303046968499,5.659796378747917
4.864640706595547,61.316410616955835,6.034483539272216
5.7143751812060755,54.48692719534282,6.029056241494724
5.444307274188424,66.27003627943449,5.987432409873459
5.273386460528503,51.868075066985526,5.387978073717586
5.5537758367762144,74.37746209251564,5.471301307541895
5.65377993,69.13722600000001,5.94021174
5.458060040673729,84.69811538843962,5.714601553883016
5.662016451449116,68.7360036540971,5.545923808792708
5.609306900798379,51.42488509788181,5.967428843968796
5.74295503701082,67.68274860060691,5.8093799632794685
5.206740832399412,57.40305850066182,5.777408058820934
5.3837684999999995,48.0012516,5.3853580050000005
5.179265501569419,59.729595956690794,5.660519667168024
5.774886803156119,67.00077931829276,6.0591362383879614
5.57533017,52.780929300000004,5.761520405
5.146762647769478,76.17863668321041,6.058449577838428
5.973284013568017,58.523698655210886,5.813622019019755
5.478246,59.35887,5.782519995
5.339442806494496,55.172980825647514,6.12451523506004
4.904005176627871,74.83744634716759,5.6323816441431225
5.6156760371909735,50.47227033426303,5.677297534716177
5.281907701339154,54.00099020444621,5.5610864882416005
5.531218346527236,53.88232372739402,5.524864827452407
5.328655200000001,83.361726,5.696207254999999
5.1917294630050765,70.1287748666328,5.639197233936744
5.735666714321713,59.04089673884456,5.935882881309403
5.766047765666322,57.65877665620135,5.663665492493084
5.2554438867046365,66.13281224795516,5.921489805205389
5.431556427738879,63.31443504515666,5.607993873992927
5.221238815872958,78.4618484550854,6.051483012776915
5.950961536458917,51.89458387524719,5.65931272697834
5.192426126147005,79.13931412240841,6.129159323294124
5.382250953387868,66.861907572883,6.03415976564652
5.645933364792331,45.8542423766585,5.649942992576397
5.3665355707848414,54.500964658207685,6.075959383627762
5.41263277110876,77.26253509656905,5.955719969742256
5.462995576845152,75.58778251594705,5.935360180608655
5.725055947438674,44.50867261753487,5.664219277258646
5.857536822539064,44.36087433770934,5.461284732796514
5.616828781174385,77.30829175184229,5.703275499783648
5.774246176482641,65.55176186826431,5.9852810759119555
5.467368303352904,79.05507041159564,5.718090207689034
5.366508875540958,78.1779335177516,6.364587566945653
5.469885708967144,54.393658116518154,5.698205741646243
5.672047201499392,70.47673907400096,5.257649549519804
5.307497288868589,77.94399707611484,5.887794096940298
5.448859733883652,55.12055800672541,5.728771474718488
5.394326471450402,61.755620317982356,5.905584224235341
5.198982972943391,67.61716193430068,5.886915707636498
5.138292228751762,85.48882315325086,5.560139065926234
5.569242336803841,58.63487798748335,5.479447452510698
5.54805983684847,58.05933463989017,5.447188165346718
5.103053437960121,85.44641065886279,6.37955556602792
4.893822237128893,68.13522439699136,5.957775154598028
5.124734065190835,59.298749377331056,6.014963639296407
5.9938898686704345,71.88362961349705,6.030635896894041
5.226079948632535,56.15133079031749,6.028385559298947
5.661197979744632,71.42006765523662,5.554956277196282
5.626217309485142,58.566193205919866,5.788794195842627
5.5375596,65.425968,5.93268346
5.252144270251979,51.66299490262867,5.683936936018774
4.973658816386576,73.23249435497331,5.963895097432449
5.313118060865216,69.3949154227575,5.652613626763316
5.19495903273501,48.914926228913096,5.624352359826774
5.429111400000001,76.45625100000001,6.0668682
5.232192116350933,93.6995542692522,6.412456129829888
5.632651095093353,51.40962878177618,5.522347523636261
5.321322836091873,65.46488582395291,5.708733135060936
5.626566859895459,58.95459789484312,5.778154213549511
5.573825416376089,89.36016743224498,6.501860242791059
5.515714885513055,48.0872098829463,5.722149337078272
5.5442727439008905,68.88976161862686,5.916095034510621
5.518168111484169,51.48495330680881,5.646019094274024
5.40109566,54.9888867,6.003085645
5.715996856695145,59.740387197337625,5.904158546945722
5.21089201478932,50.69595755718571,5.191327002120625
5.072646177386285,54.758669868736796,5.937245420477467
5.44474807211774,59.00664678156527,5.554439526847495
5.351169124771972,91.22835618815685,6.498780076072196
5.478496832824295,48.05959278284164,5.960227826920732
5.436544500160255,69.45465409919584,6.514455523257093
5.317996715026999,48.92166987246468,5.956324410702202
5.569650924167008,84.29685273110181,5.663120551906746
6.0281922733870115,57.33891565766574,5.533717165728828
4.477232372121641,104.0427641238068,6.259393367132858
5.4005507462233275,65.13126277698173,5.543240818128377
5.724082446695052,39.130159275725866,5.550153589773898
4.893431400000001,83.88339300000001,5.7412485
5.745973368970975,64.33112796016421,5.936291944836534
5.267940900983835,99.36602767490857,5.793150394521626
5.409611580483877,51.402705051936,5.7178617642090686
5.6141295527751,68.25014902386647,5.922235603659711
4.931573461631486,82.20743503268169,5.825408792604122
5.329066164630399,67.80387908615556,6.287811771251687
5.550256880676683,79.09169049227944,6.302370787941652
5.551752002818176,55.44123774735056,5.819166318337236
5.714199435639698,47.60543722011099,5.7850559860314
5.330834260218646,68.44233643233333,5.795803172099304
5.407115144567869,69.33275026497343,6.062895002883714
5.231567008713278,59.17859454157568,6.123918436254622
5.332507125823974,69.59072920161421,5.499466558160806
5.608666814743991,61.29770915356353,5.946976923994182
5.838850093345851,70.95152034946639,5.812611065698727
5.765550507327485,62.852610071427094,5.837404235614318
5.696977966988231,67.5811638308251,5.940229261583635
5.461061874351673,46.06744309350854,5.809544412082432
5.5291409696227705,61.393075546971126,5.623110073878238
5.450740562489246,51.13811973312785,5.82116407389074
5.2524618349934356,62.03047135676117,5.758718285093633
5.42052216,45.71933670000001,5.96834521
5.6175777760098065,81.15646810906135,5.398251584022149
5.599456110330601,58.518820275004536,5.658516458548235
5.984580601022464,49.85887311224796,5.896402928115148
5.3769240356099575,72.50657448019203,5.889260506945987
5.127386184019615,79.98341773048371,6.152701435900992
5.428327635602103,48.713040521589576,5.647861559726246
5.779538361872206,64.84349646952509,5.776774401714646
5.126621610206351,45.90219081954382,6.270617796213744
5.660334543592559,70.65210586306401,5.99662212657806
4.947035910659328,54.389363599060026,5.98091046497247
5.602070911405495,67.60142279120866,5.410857996408217
5.337937721902148,56.19976900647117,6.243646608528097
5.630102573836018,53.7358159459193,6.022139853038858
5.591022109343565,74.49856862332953,5.921388795796095
5.726033619679347,71.79669796291148,6.1262036270056415
5.210629889944696,94.59090609524539,6.331980951839269
5.1101486873742585,50.16715121782983,5.888036464902873
4.718631700007047,78.49621213549314,6.317847276526952
5.050471171031371,86.83110517553428,6.456713661232185
5.6079351202640595,56.1833113673165,5.67775694419447
5.535551567431283,52.01305446420112,6.2170590458729755
5.537711101457286,67.23674015233371,5.797127850819066
5.853685954102846,83.5885736251019,5.855082643295274
5.121927483920965,54.73530036249521,5.695101634903346
5.656344745250254,75.59963708107765,6.403051622014888
5.680054382339101,56.90172380833376,5.966216450327383
5.112109986353552,55.7970144301888,6.023014871927281
5.367999426743331,57.38682433673336,5.847301667871876
5.899080951838487,61.22917287234565,5.516417273044427
5.406764016804277,62.15415961402442,5.7282799768225425
5.1196294677836045,99.35322142716818,6.225996347182992
5.666710507645619,42.623404711417635,5.752686912547087
5.0008122,60.25032,5.90026565
5.188367284361198,64.22849142536849,5.654635769478096
5.598226064720624,59.00432006772109,5.523021336372737
5.562190387249169,79.93249157555178,6.328529736027284
5.60782829207,59.581621469842595,5.937703353165165
5.6220105600000005,55.7660664,5.39056655
5.74223786619561,57.373994659713134,5.50076563000248
5.420526061684178,62.36397798572058,5.665947268105114
5.4250698952162555,50.16126425424731,5.80742252193569
5.783755425293235,55.633468661188736,6.035862248267701
5.850273367987681,65.26772967626798,5.916002222929177
5.695977604761534,44.632495857399874,5.639802902710879
5.585751113067038,54.79391270087198,5.855301979709431
5.0516607043981985,77.91497517619923,6.02605815683388
5.7024945873511,45.34092333672597,5.857578816246526
5.12115330391512,59.566653394483446,6.128597814461668
4.952921436905525,87.13057131438858,6.872358598050689
5.051026201064516,69.18803512392681,5.576146727872421
5.484096936656509,59.2645427782421,5.9376115891573065
5.36369082261008,76.71140142153416,5.999378916177422
5.567721814779137,72.94501170068244,5.719404541627655
5.213344165288062,50.28505636753883,5.989685805228215
5.16475981947388,60.54053106918337,5.6734524292253665
5.323463953581466,79.48241836945886,6.518726609935633
5.230581996608366,69.22289488975191,5.808399868613738
5.9418789518414945,68.47010469685954,6.148918215959906
5.561507915840109,65.31158280463852,5.951025398998622
5.69742186773253,47.63125381544929,5.890903216963261
5.625416576783247,73.2880546243576,6.225036050640214
5.5368119700000005,44.2556694,5.837048175
5.6323852460360095,49.30157453022624,5.8308278266268445
5.588827721706492,61.43404856365841,6.043417179074656
5.390522941798968,54.52673912258049,5.718430876029379
4.998510430349701,72.82098626956574,5.853139475358566
5.4266202,66.54473999999999,5.963982499999999
5.4632011128461775,57.90087477916627,6.10940304223918
5.473822547809635,56.728073081957476,5.554421950532465
5.125413803665635,84.66820536441202,6.489292259544396
6.008393496281868,40.25496067169205,5.638908288492789
5.5566155265841655,69.65125248408545,6.016040436352654
5.14480646512522,55.8027338913641,5.437156659191325
5.36700115866119,63.48726419358387,5.618174564037398
5.321589469250773,55.14798187874389,5.917383275184456
5.5018364391553005,64.82015797245174,5.718468954181462
5.494689633898875,46.45768807677076,5.9316601739196075
5.484503996949913,53.61129352101344,5.4452813674508915
5.2970955927678345,78.28777430100027,5.878337266874203
5.270404074129903,62.602954916458046,5.783413698874422
5.378035102895264,67.64752897010983,6.100097095228681
5.733675200165595,72.3276744398005,6.0243482233787935
5.5132398,71.9685585,5.747835405
5.052955700784687,78.54564372109654,5.710699860403721
5.556392825852826,51.961137751686955,5.664668550367403
5.800779115635704,65.41999235421835,5.643179717696484
5.616598329375986,70.02050853299959,6.399828827444745
5.01547504165666,71.60666422762839,5.900023362220056
5.399091978075797,62.12606060760672,5.976016541582765
5.394804957579241,65.9059065307976,5.766166430186903
5.600596446086721,68.21774918082308,5.597825937462493
5.627603929420425,67.81644438259846,5.7254621982620675
5.473073467242946,46.43753098838289,5.945067737568412
5.770099900789023,47.02646352443393,5.439204025794662
5.54881220020108,63.31110212751687,5.722764176503984
5.676149666807142,68.49193831938953,5.879137811455726
5.502855561022415,78.99327616196271,6.165572557957966
5.747363311494018,76.84723455165127,6.022878410478305
5.29899351802069,85.03747964110782,5.96704520508592
5.3841929769937416,75.73783257443857,6.334240239224521
5.411944489542323,76.15826062133526,5.669347987849183
5.384848434154969,60.68334164924939,5.864964215091592
5.961385476889247,65.97455426527898,5.7680095806464795
5.667332432091672,61.33802296508477,5.618523692114721
5.57323096348112,67.4198225021041,5.891329210096339
5.5572890524348155,85.25362334939562,6.1104340782796225
4.944501524962617,68.37827915226895,6.030429293564753
5.28057969479076,63.79345195726009,5.7869751860689345
5.490653925243275,76.41958352059221,5.763919900832691
5.602401101787015,87.00574255783341,6.047755542553305
5.394882070408772,56.795865932034204,5.519990365730864
5.69716672742831,53.70273752896449,5.893517174382245
5.965592502966015,67.75522867983005,5.838399652597695
5.814419899590238,48.511678173654104,5.82680639463111
5.419127446010208,65.4074537971746,5.915772470047111
5.617838717852884,55.03589601064527,5.601868431051413
5.549367313502655,67.91233139951454,5.974152195675515
6.087671382219304,49.286504284880714,5.775614680254149
5.216282905467548,94.07128817195654,6.436408472806783
5.322904411226265,64.92875989119645,5.556646378734024
5.638516537906894,53.058260428752725,5.531135313961304
5.659110303910099,75.14627350681451,6.175271772270552
5.603380333289687,55.81929236266279,5.718174758397325
5.42342667468682,57.750198119429605,5.473546596172787
5.415217558635633,65.52052633925234,5.710225120628015
5.731816214706032,61.80700233686878,5.658460328546849
5.325962328734358,57.93119574764249,5.659994904021366
5.360961110292719,48.09265819738018,5.757624656077476
5.5643570417871056,64.78294527817735,5.862933295298183
5.476207002791381,95.71117201909605,5.931763627872165
5.579892979378273,71.50687592615259,6.096942501372372
5.483433877856801,101.3934340631473,6.393782864724057
5.4077102273082165,52.4944020703647,5.94420084860886
5.18074562795168,89.9436236103456,6.379130238852001
5.610212336336213,54.35462013147038,5.868936924936544
5.372833980322319,91.58366015982807,5.956486290538878
5.51772138501098,81.96496143904834,5.643342886634259
5.615306272528454,64.10656918945973,5.928189221530187
5.019739659733238,57.57315414387548,6.173641994811686
5.642079337366011,72.84727848244842,5.831387236337247
5.462275482026346,64.31028440917198,5.974503107408227
5.901126259795393,54.80522898513391,5.792719380471247
5.454170289684785,75.53220701786849,6.348703452217024
5.617002515976236,57.416690239491395,5.99038391646655
5.474628816913517,66.38903764846289,5.768345245358658
5.300411002265805,81.68240990106428,5.912087968084592
5.93422654084335,46.43304672075512,5.701012858085725
5.435581643753058,60.308746508927605,5.652704996484334
5.2612080036607125,75.89783873203599,5.827873746637808
5.631434053772966,66.13352362790873,5.791353305496739
5.040731326916734,54.11796749204044,5.762672203071487
4.962096834621633,86.95243712763703,6.485587716321349
5.9424381,52.0480044,5.728756645
5.195658716942665,54.829366954839536,5.814310334741123
5.118888063167837,75.24360371400655,5.969842024880667
5.3885975525586804,66.29416334042762,5.98344000878884
5.0220981740612185,80.91683682810928,6.397020462734577
5.5638224484514955,65.12012366694834,5.618997156002684
5.64181324992066,62.69853488948222,5.776675954473387
5.354234110808776,58.75828731299369,5.665089290864155
5.450813060082487,43.20776752611262,5.640037488084045
5.573284817377429,78.27701316826895,6.178719307008157
5.7689523,71.08632899999999,6.0084188
4.9133575184171425,64.06326975830663,5.991260449433729
5.472530432266243,58.82204224513732,5.562828094421426
5.472171463238949,61.98269857720355,6.071978512728981
5.079128369649132,71.80176413686587,5.874774503750799
5.8901592510765965,46.14374075034796,5.572913667560154
5.362675065502197,65.80394636083166,6.036250279853533
5.409290411645637,69.21417691673646,5.74353852082139
5.533059351421334,56.312845375934245,5.8726750485986985
5.470819002463585,80.73869146942216,6.259135356672978
5.541990872616655,57.30929784399146,6.286373608252621
5.57029323,83.422818,5.650605349999999
5.601810949915799,64.95164117410982,5.718895179147381
5.384481204721247,73.60204531903096,6.183718959258319
5.524675895173259,53.22380889718358,5.652141324572409
5.082460457859217,71.00794379873558,6.225407949696006
5.326650997027576,69.23518584873447,6.292065001855521
5.426013193343766,65.20513382110846,5.759828810851009
5.662669560092809,72.49240020389793,5.960287507719137
5.731548100314494,62.41840463309956,5.668633178656476
4.984636503562401,74.54579810888673,6.065780640751488
5.70305137849837,58.111281354249044,6.074926893339422
5.361444783034746,64.79199562106372,5.75673713166084
5.272960053953245,53.81379463287156,5.560859115349661
5.774992397674667,41.670437919526634,5.97123730154032
5.320149452145259,60.32325965407356,5.567617397104328
5.2500140958496875,65.00773134951604,6.03977389352342
5.493995161428184,55.28539696527619,5.84360530673778
5.018835648039222,81.85500530508045,6.487722848341395
5.4391116255029175,71.50320567471576,6.176300832594694
5.287783065764014,66.6393202120498,5.570682560205305
5.291705964226851,58.841956999644786,5.617136433996255
5.521879672932819,99.16328864531714,6.45604652261893
4.9630496297621916,80.7114262936429,6.289241158098422
5.361926101956005,70.51832144682034,6.0108983783621
5.597165493939578,85.16607385327177,6.150168771669382
5.3994474449311145,65.18003864909004,5.847628071680738
5.34522845698767,82.84108450149428,5.664573718513701
5.18892298045483,63.01524255194034,6.226090208123494
5.411132948925895,64.2998842310554,5.5305491956713615
5.735663111461706,84.68396182932294,5.568505180817719
5.214877072581543,53.516647048522216,5.707013822287819
5.302011366829161,54.91470982113617,5.814139669347712
5.10855075,66.358503,6.051105375
5.08248954,80.535465,6.4005068
5.658203211869086,57.92414382312407,5.663344820094653
5.481506213340019,66.89383542996296,6.002322838508822
5.42446993372418,82.19935713745717,5.722629217141733
5.466357594808919,105.10572878434893,6.71454442750664
5.657830657184434,64.02994870156061,5.776601469294291
5.64552061871635,82.90543080034136,6.084100116423783
5.877081004912997,42.475078238217314,5.829931388506825
5.256777435494143,61.015890231605454,5.747807330663131
4.484932853455511,86.72525463588497,6.063286853081829
5.8380462305875485,65.13515951500212,5.988760110629086
5.389292914151145,70.38041229666483,6.19952044125648
5.255650976521482,54.63081381249075,5.902733467576949
5.58219902996696,67.09411699023576,5.930348565423463
5.097277980634589,72.25745269920868,6.040254669260461
5.715441189258972,63.88040911531187,5.625220395842862
5.334059194843906,65.09414123570622,5.304881847949555
4.883812284406517,80.83291453328309,6.0453007086983455
5.135390071082771,62.870728119478144,5.946466572500678
5.537946915780721,50.511239468606234,5.730201059279166
5.324276750370957,89.12804054102783,5.714415713319429
5.493645070810339,60.13837752390905,5.836057820931921
5.242958185599125,73.3931842735911,6.131325125302605
5.528074852991784,57.92374818190476,5.946324071839602
5.75761356,53.0265087,5.70690765
5.720273968207785,73.12139615293368,5.678305185871911
5.555012429686455,68.73891284093989,5.744628330719765
4.7192684028807,89.05874863392032,5.9559414475593835
5.587087989261821,70.95047107322549,5.572389911096305
5.8674846233012055,46.81803980239238,5.793729156051613
5.4102453441190885,62.12701678297332,5.736709162174691
5.455040757526367,70.2454302564203,6.020041520223311
5.5268776033811395,59.13625821887555,6.004143378244986
5.253086943528707,79.5095676859969,6.018525233139528
5.359837219586309,62.49716582781355,5.552385573740212
5.548863751081299,92.9563144559655,6.306875523856103
5.570726398843997,57.230456781860255,5.852742850911214
5.736325573985453,64.43105614730332,6.17347784993261
5.591223977792395,68.35283747495392,5.926954875760051
5.479685491966444,60.55842604294022,6.300017797255634
5.862267628301837,62.18881512668879,6.00616210167598
5.590175689951994,76.98833715733467,5.732411582692832
6.020222638055295,78.30806277920593,6.080291509329958
5.530692579196436,76.36573210373786,5.99644261437981
5.521852241420514,69.01277915697005,6.373842030686926
5.39054823331189,65.63340299241172,5.545173164540532
5.5600003476004565,59.55611068638402,6.119530771751437
5.879620559389739,71.6275397436784,5.692542653764884
5.434825031822229,54.07173696877787,5.589939037534349
5.465039281517405,58.01991090923,5.904315924392975
5.72338075547393,60.40934582084,5.71834981912296
5.12001841816923,65.72402970544029,6.118175232073292
5.613841802042308,56.40905435089306,5.5825175232306234
5.881664730775701,75.24052291998863,6.1338733323857095
5.800950038874095,61.39640208971119,6.105813896711906
5.588853855201349,68.20482377552342,5.682060496496153
5.824766841705091,43.66683353002036,5.469834572122403
5.660010146630038,47.505734915815935,5.96076671854506
5.120622412032972,70.52763623839738,6.154215487915865
5.379492307333078,61.635088948611596,5.977879131887336
5.304034359158764,71.54599311576231,5.689248108631562
5.3728861269985675,63.73164206493516,5.817411189282819
5.34383758312615,76.1590300350427,5.969268302299403
5.743680078233328,47.29980427952524,5.9257246289771945
5.458692402302981,67.88501639916937,5.793889461885663
5.287603741829443,55.663352477525834,5.674032599934203
5.198699986218814,71.03656128969618,5.940699609521578
5.415203541521453,46.84908018847446,5.691183045412766
5.691546586306008,67.73464017630654,6.596675784568575
5.691069206735008,54.274712112174576,5.738320586947465
4.913156338606788,75.62960308199808,5.800537485165908
5.729926537947778,73.47163998658311,5.843393401463497
5.436674388045281,63.131646344833904,5.469922670281435
5.4469147700575276,54.316918072346326,5.746687302496939
5.382440065483127,69.09918742252937,5.827278751366992
5.022041196517474,76.73888801641479,5.824340372522843
5.135688146649243,43.778267625215456,5.89254344276041
5.343013490471504,55.454739470198085,6.09904214400623
5.385024610480506,61.56635257966794,5.976229507463612
5.939971296848389,63.90256522894442,5.471660592267297
5.855729267573456,61.986113652181835,5.89924100817858
5.3478567,39.137076,5.57208184
5.666751716581829,57.24312709570145,5.729478766865864
5.51899305,44.9994438,5.705163025
5.247360856252303,53.66503233562807,5.784264224441821
5.610247751803025,61.03287383878064,5.845038413329529
5.4976506394324405,44.40312530267509,5.568601699393445
4.8855629834606935,57.650038251317575,5.94642620867801
5.371657339630329,61.55209532609794,5.859863780488068
5.595371341383549,63.7655283951836,6.035779126076879
5.549163314307371,63.63395335019574,5.53330444136533
5.576721002398451,47.368208823365066,6.026547745510318
5.36076936,79.9440354,5.773079045
5.679764040889871,51.91831894526517,5.333828209283611
5.52057534,40.058055,5.57880925
5.462199794096308,48.56260255940597,5.907395600640328
5.648984623764376,69.3158014268448,5.488950353294615
5.790233014381216,53.980979570090135,5.814731058305514
5.76543250095148,59.2773179179636,5.73932809401804
5.482865875912747,41.16447093139365,5.720194366520317
5.601506694559011,58.4758915797591,5.454203448538721
5.358276841214241,76.06655481033341,5.838627679271201
5.864821530736041,45.51008774990561,5.739779929901386
5.430382144523549,52.41194083152901,5.88799588923907
5.465975781959974,68.18602967348043,5.970171967655732
5.373610529478326,59.14454856140112,5.8311198645072695
5.685308031753908,46.86276892209868,5.816467951233134
4.930918104008188,68.33549356198529,5.468683693950847
5.613098994783743,46.17765039314651,5.49083032907927
5.587068010358745,73.49445808143405,6.157186023079579
5.265658127204506,74.75807349222457,6.004785589539178
5.679332494956852,56.09365934568604,5.803238540805575
5.154417880829724,56.28196913134781,5.967151549691696
5.783371370560828,60.59493504564762,5.562436642789467
5.491056613825379,79.68152791073412,5.739357147118671
5.403782918794883,46.12256984860388,5.61585029201986
5.446877796515397,47.63850812069621,5.788008802845414
5.923136121312675,40.89517743923175,5.5883783315848214
5.307146423187482,52.95489325394873,5.848102044610652
5.39707053574324,46.82924491013657,5.89518653700807
5.3470486727185325,60.32041117788889,6.1060639517325255
5.666437876029875,63.516264984661504,5.956904380969869
5.347187773028,57.45884204263924,5.562988036103732
5.48464234041485,78.87184429339032,6.548043449410333
5.708851042574342,54.68098068870261,5.975257081955267
5.239594603392093,72.2767290008768,5.816643326841514
5.386050156396677,65.85622041452308,6.2159231864933595
5.4970237662085815,82.39405729055109,6.122276133911558
5.468513948600627,82.54020986477,6.077667457001915
5.8267717692876975,59.91178501158757,6.036472509493184
5.0989917726937914,83.11060428143774,5.800119825621122
5.410884686853892,59.98658085114503,5.4560417457972745
5.788329476684139,41.077898308673404,5.361885194583106
5.351062996141441,63.490478886729,5.573701825774757
5.445729991309206,66.06266735027043,5.989601060021853
5.656947388841241,57.554118711846016,5.681622796901186
5.585426556808052,67.44714287985265,5.677515605163557
5.389669656215287,69.77812315997734,6.659095561676142
5.3692659,71.27260199999999,5.8333698
5.545654211048161,73.51054504260001,5.8956823084574825
5.2920520826964665,73.66511814607162,5.482692884768275
5.528031846151614,62.288773802633195,5.665428477692675
5.673837051353293,47.696861047292636,5.617653369896399
5.8249593906659545,71.81610559846341,5.894745988405631
5.397319852364869,58.03492759492865,5.766829330675136
5.3186414215641715,80.25714153682611,6.0876416337402075
5.3814477473967255,74.76517733025048,5.937301740794739
5.675894763658476,56.37642014842693,5.647134454564683
5.676894521000388,60.54730732280749,5.733016074337094
5.06743777979263,84.0960883729859,6.346698910228556
4.973067130186601,82.78731887902809,6.1420140409540505
5.397064573925633,56.268351547926386,6.084811764242852
5.794488816147737,52.00260652266447,5.878132016801474
5.498045062799051,48.858624665825886,5.789275741502838
4.923724186952487,57.87743189951372,5.683155646003272
5.275093698258186,49.79568192933553,6.082789333960521
5.354226703787693,48.72747128126438,5.822619987348102
5.242981163518386,78.72712327227262,5.814395145276797
5.292747954640994,86.35954338670952,5.9981686388240645
5.19212692439268,55.1352523784776,5.856626227955637
5.782383498046096,60.90481486999863,5.639128697104247
5.31231280429562,55.033360095706136,5.896713862428155
5.609612196639225,72.36466352631255,5.523890550419823
5.537238837712251,48.574875078308494,5.867552397392507
5.3545695174378345,67.4849076399778,5.9390125462016705
5.240811363093332,65.33238859538824,5.968105240965802
5.231269800000001,67.8035106,6.202737725
5.674892653546709,59.15805656784372,5.845404337975974
5.646734212190523,59.61094318436297,5.4585301722460935
5.218957649648468,69.88335684809901,5.8582666175415445
5.6061816742812685,49.8245248672148,5.668330901213734
5.537799238002289,64.7355887402052,5.791111905739804
5.356752474541975,50.88166065695673,5.795639244362453
5.5024332990340685,81.0970635955189,6.272209928701743
5.145633818030144,65.50808937650817,5.4898705078636185
5.580117406512182,68.04885195736654,5.607323998784855
5.25707623636271,64.51380568112137,5.693547954706042
5.329762983571442,50.52584561543283,5.439110311533074
5.5259964,63.185589,5.85075655
5.233587524214234,54.03495134793521,5.606993023509776
5.464624819120559,70.76444411577963,5.612492285048239
5.550152643826606,53.79752057654743,5.931524962540475
5.338894313917305,66.38866234876129,6.192656985064503
5.021405565133634,80.64638934179035,5.847699734300135
5.21936231979609,73.43991935058538,5.995504838227922
5.665239922017553,61.81778162861228,6.107708632874785
5.534847902400447,62.325791497967856,5.707574962998644
5.0775973972662065,62.06802975022337,6.094640457041919
5.399020231010427,70.64106934447345,5.744167820400065
5.847771705836261,71.1859859574683,5.758399845820009
5.407619400000001,48.1636296,5.6990273
5.368726880013819,53.49637121327397,6.296971822688042
5.604482996934433,53.682581844188654,6.119253364918232
5.259171596139989,64.00825405396395,6.118304593416676
5.48454844896095,81.27193661462107,5.929270132088063
5.397863675610267,69.61510684403144,5.501282552807147
5.6263980879003626,57.17891329689206,5.725238854532603
5.23621917,60.903441,5.9626035449999994
5.793449860421952,38.20677153640089,5.8741073864390785
5.474139520763951,69.96003034251098,5.900216542933521
5.562925427176162,68.8464795742183,5.915946691825594
5.610687815378399,59.336740293898806,5.67723895953023
5.284266554743939,71.56368570235794,6.312460986416769
5.311520634012958,59.77167518841067,5.784521703051006
5.756120784184453,70.14443969195057,6.203565127849445
5.016965446478376,73.9091776745675,6.0142433208266945
5.38684930702687,65.15880429458659,5.882602580627513
5.9089596698208045,47.02449594041599,5.4016890048039325
5.732882465427225,70.95540878860004,5.843395059883471
5.534349350668988,48.53438054688043,5.35373083579273
5.436748512257546,50.75957581901827,5.854269211270688
5.611992030120652,66.4952463374564,5.89252113617884
5.321214862047202,66.71410609145975,5.885074995091571
5.477430647617078,67.85246475851,6.187060994093265
5.560880318877444,66.99160692000814,6.1264455350457405
5.630710354779204,45.45745411368531,5.666687274862887
5.2404260129417555,81.54682038044221,5.8425810851848885
5.575332736643038,59.85356509630136,5.9320923737162445
5.216107534544914,71.66312147460609,5.819178856208837
5.576957935924625,67.89804163443993,6.215346382653552
4.605861841899243,68.74497717228644,5.721334535520114
5.142908741447182,57.63881685158459,5.819499953844167
5.23151093152546,50.73985706487524,5.565734255030275
5.717756477937852,75.17933418171896,5.947303046010674
5.322063080441128,57.77821325452868,5.764748534338466
5.68738319178289,73.21058377429553,5.971905653305451
5.578915081305079,90.18215818125168,5.755384959192783
5.223854559618898,57.912923354177316,5.883659098698979
5.805158733783911,104.34863436428981,6.240043212542271
5.362251473394447,81.62200043252555,5.558083064800353
5.5443688890690765,61.62482777374918,5.559081739757443
5.835164032101869,45.179346868984126,5.88843580160587
5.303803807040003,54.748815885558294,5.86875987226441
5.46834561676849,60.92484435657013,5.898659531944402
5.38180947,69.589071,5.76307599
5.349369724474335,69.34888561472795,6.141090356115655
5.554800104429992,45.94030347202893,5.693857437998683
5.2319196852369405,54.74181892829887,5.684709206540441
5.526977976603724,54.07106165809844,6.111653914285218
5.6184617811847035,74.03680388104587,6.252569326546985
5.596460449704513,52.63132271666962,5.539426434441034
5.5218927291302755,84.67571304706304,5.53979647443118
5.91718185,50.5737693,5.7813413
5.992380587116011,64.18206880030124,5.53368977599721
4.970591198903522,74.66060505873477,6.259900514533202
5.534926380600045,48.480248557450025,5.68927492881165
5.475721252753905,52.19101792162619,5.600178460290392
5.706031821446324,66.25085026381637,5.615083432805012
5.481033819030935,73.0994139720287,5.6714891232451805
5.37491793619897,63.14188743454336,6.003410195083273
5.561804401865297,71.26244663052435,5.6422015397658285
5.116037718299507,81.47492502316156,6.082488896087883
5.464906318209449,87.47507710418954,6.263859191966302
5.343774583796175,66.68346720331415,6.310143436613166
5.15473623,77.138325,6.356430645
5.434861165911152,93.64423298355874,6.291680068726093
5.5975001294952875,53.06205845991135,5.790081086319147
5.5097854740865575,46.422209568941696,6.046577652439706
5.247460058613077,51.55564716212594,5.866532580637842
5.667427941294658,55.67763258524942,5.46034438278589
5.5235357500750055,42.079912889998475,5.786294522790951
5.26576338183362,60.11173835153034,6.3839223351331045
5.321850854331557,71.23104838918985,5.840057846633486
5.535951956619163,50.73657016817764,5.912424348461987
5.486067004287106,78.94863803122573,5.890565606283735
5.592651647554315,57.15501182405475,6.014817980525477
5.253885071822058,53.6249725021566,5.936713215177185
5.397002347375947,66.9419710474917,5.872447684505762
5.32906353,63.790290000000006,5.5289592999999995
5.482546583541228,46.17616150438101,5.659634271504105
5.118876656720404,74.05779471928379,6.287104087835256
5.26736457,48.7604826,5.7548366
5.659054621863884,63.54199833042599,5.856563200915877
5.515658214869922,46.98697904533823,5.784227840929052
5.7183151206973815,45.705059592864046,5.718402633358596
5.578473769457169,55.793686397297876,6.118047535209447
5.391177484418262,54.658200585993136,5.473210496222618
4.4661613907722675,90.77639081622965,6.20073528209508
5.252665004962228,84.08970202334231,6.334679444965955
5.335713660733798,61.5546681718441,5.596530790271778
5.53369806,70.86397500000001,6.082308449999999
5.7093191280790805,50.0527869145654,5.696224089101244
5.60058417,74.912094,5.63126666
5.7720030630725745,69.47587847740282,5.408404067791186
5.267152245987216,62.01703362562078,6.190624713918373
5.5447863317590045,65.8252404157352,5.669049889545849
5.041096731260372,82.80679916178012,6.033596218139491
5.268450335228386,87.2573159268143,6.429074365454539
5.450424312156932,63.858731950655496,6.113600608312612
5.595265042650752,52.286799474434254,5.867592783518845
5.694501074512453,88.93889048903671,5.913731666417372
5.253645561489708,74.72416441293416,6.449296253223711
5.325305020535101,46.46272561541132,5.786969271738183
5.51471937653794,54.84623731754384,5.799613854067776
5.30330046964757,62.98169401539407,5.72008160941633
5.243556475865216,61.181503964262674,6.138880345162671
5.306782764598126,76.80661606327038,6.06372698986293
5.533939683840753,37.3823994247938,5.323281522522705
5.457870610653357,56.641645259932,5.774685798903501
5.846202900758995,59.0179593499953,6.049878708089427
5.303485578200798,54.57396744400499,5.521477661237706
5.70795592528301,73.03057845774637,5.852627445072652
5.327204885280684,78.43130151942998,6.449746007841437
5.195794518321655,53.35551694381067,5.672102970274274
4.929245227671618,98.4710685493411,6.095692066617791
5.272629684106724,93.6065408191593,6.047039249652277
5.743910700861729,65.42531476383635,5.772774211158259
5.231999423627526,63.33673001002852,5.8600864229553045
5.62338855,47.4977763,5.5709297499999995
6.009767357459573,47.934742699847305,5.823376383920898
5.786737182231443,64.15884108539615,5.994098120623163
4.976098902966852,70.1761763002513,5.6545582158772625
5.641859023595076,41.52227174350823,5.849554605305792
5.6197461146635455,49.32193805832136,5.6774565871625455
5.224141134733269,72.33906787941497,6.155062422297527
5.426908905418076,85.61919992122823,5.772018669405078
5.342191502358747,58.76580176764152,6.0525799632164095
5.377828796436259,51.578407617803684,5.717871272220368
6.004056413422978,56.02922897461326,5.550569961831661
5.81809953575249,66.02211404452953,5.686595451808836
5.8553371316754195,71.21199407427525,6.279272885724678
5.4838872,78.90181199999999,5.77051502
5.556102157630316,57.64630758394532,5.913742652885707
4.967256306421902,78.60962811287689,5.941079649501887
5.1980730389242575,54.54269264502337,6.2290921357993705
5.49256619630515,61.05136630287389,5.689950599463093
5.737456071537903,47.387004883272695,5.727369147144661
6.074151460907412,51.16356495534929,5.583140574900441
5.519024570924351,65.54336003417902,5.864848589696373
5.968631882669968,41.650446400617014,5.676562844634958
6.004039778342125,50.3216078328665,5.7735901501049485
5.713502865034434,72.63250905884364,5.950302101116345
5.435713295585666,61.63278049630655,6.088737040951377
5.584991690885649,38.823711407863506,5.796062474292893
5.334662000721179,52.50446738098007,5.832655188479936
5.141260293869949,67.98453210925688,6.141477279757876
5.5250518500000005,56.4681267,6.0717387
5.703490779954465,52.281384716212656,5.717964141297799
5.426291049349481,51.19670324061422,5.592133430466803
5.461655831813056,55.01274302013408,6.073910762912677
5.456057436134026,61.53180790750889,6.339263771679306
5.593656590193932,55.81499242706634,5.82863954876417
5.278950048435332,65.65366739217217,5.616145567914278
5.300040806254349,64.27980522432483,6.152418204623936
5.370203718293375,49.082210634615485,5.88847956971519
5.640804745441095,77.71902147079031,6.060577689933104
5.507261032906579,54.61195650435149,5.914101250653807
5.538442040155179,56.075899456505525,5.682371417236926
5.5564294679047235,66.31940245404117,5.9122614693520035
5.570359152251201,67.2065758920465,5.7814013528466
5.538826747848527,104.77678131471376,6.426820251797293
5.6640358125340295,43.6941188681222,5.720926030525705
5.616334666489301,50.98510699859942,5.688620288650795
5.5154565162201195,62.42147553125387,5.511531200098235
5.429876919953318,81.19526856221059,5.786485434975836
5.789124151736932,44.6823815551056,5.657183729551584
5.943846340553406,56.93734887857219,5.619462719631197
5.378314953645789,60.4097218363474,5.988593146732787
5.730311407191977,45.818307354973264,5.789492329323325
5.073299136303076,56.332716837704034,5.733640619346927
5.626702312909493,37.83360695884508,5.948838310419095
5.161253935973587,74.80799694742814,5.8409753839997745
5.3808381587684115,74.81949857297944,6.428207665976284
5.266024879576158,46.3113647000619,5.8527101710739755
5.404092749508175,60.189056078214406,5.730216214026057
5.182949837301276,48.77744529216097,5.728331716013053
5.8322729703793055,49.136038677905724,5.5533892188919385
5.107361535291382,47.47647725762749,5.391567226831516
5.5291983737678825,51.25779419114395,5.92792759347826
5.235142257270937,55.20056744134794,5.652062142581158
5.690305235662144,60.1185612685993,5.90571006044647
5.744751314079111,93.8943275732648,5.500909569779514
5.305728521532607,78.26194639340112,5.862521021129913
4.825859429439529,87.20814646280068,6.064388360129741
5.273141954725743,63.16346825444018,5.584323376144621
5.451749388809068,61.10263673694181,6.303814475387396
5.415748640983792,57.709755185541724,5.75541694417858
5.297229643614605,52.77628987902967,5.572202738883693
5.2098980142804985,66.50125850804709,6.113751464634984
5.913807307267037,66.54893523225715,6.254842828779938
5.4314380256762425,86.6027763089482,6.031144927814091
5.849734950284325,61.31117377287758,5.892020921101631
4.978175252402873,71.10076781872189,5.883959208234549
5.439208104874023,66.06762206437486,6.240928320151574
5.7272849865545865,55.965052328577094,5.899195263764959
5.4099452508811385,79.06341380236678,5.759961302261731
5.699341032158849,60.26894148933953,5.594933845490555
5.152288985910071,73.06718352442864,5.9839100575892985
5.786058273270326,64.48747803091176,5.856893477422546
5.51610873,49.70736,6.122384675
5.3794348820566995,62.450447871775474,5.901892535672095
5.064215950130626,65.50962900178989,6.205047561866902
5.591677437491828,61.67677723149838,5.875013532915771
5.449744796364913,79.01446675061098,5.896312573144976
5.341290665950727,58.953352240446755,5.768014689301991
5.463407564400226,75.7144130660233,5.553403737003175
5.633136387183129,62.4467521774054,5.431994959836639
5.637208122672463,54.65936306792428,5.796456853577536
5.639595855429376,59.94044134766958,5.494893899634669
5.324035402160501,75.2638805694462,6.080743700826561
5.5340570586093305,48.24635210207751,5.520741165810377
5.7646635179916235,60.44674109227615,6.130014343685242
5.380396796583852,51.626726960228225,5.890916297461859
5.643958497082561,64.82341930339948,5.989262161947561
5.63441030944795,50.58319664459754,5.638310970879477
5.7459503591321734,67.62298540483296,5.886576510272407
5.370076835562563,70.79226346881161,5.90688296212777
5.494412053466089,70.04769633845603,5.584033504126429
5.734536195453355,41.546624434221066,5.490626387679341
5.170319928490431,72.3421085184084,5.77734000513284
5.575321933156298,66.86395829298675,5.833708299018404
5.361595743556084,76.64099509981588,6.067738307334572
5.4408525984041685,68.79969874795883,5.582559859315307
5.848928487359156,86.74511074490061,6.738401463776357
4.968402161923733,67.39149820697271,6.089086795997068
5.432416869937855,64.96085518373258,5.84146986548971
5.583901968377271,47.27324082558605,6.16610207600652
5.3417952,53.1862218,5.4177997
5.515274780495939,58.88550970920664,5.72557461594428
5.152885404757145,64.50247156309636,5.7151219006856895
4.834828646068489,93.48337053765641,5.987415523524104
5.42049971801359,76.35756327913542,5.69812431101658
5.560890160092785,66.49123217146125,5.593507115492355
5.242177581460857,60.83828150001432,6.000355978571828
5.407485675167919,67.178047384138,6.078625442087173
5.253844873864902,60.50003026399353,5.937252335549448
5.86447867793911,84.12106118512177,6.16359433179936
5.33565820458049,55.99000046035658,5.710135018721058
5.463157983931543,71.90786390794351,6.035841136920049
5.370232104997108,64.01780497979782,5.670346459915321
5.419356081924404,68.81367115891095,6.093072112698228
5.743188280649166,47.329357481414256,5.613121156024453
5.0405093999999995,79.199415,5.68970535
5.391154835704193,58.77274538923635,5.951957612605443
5.863514398839527,48.97842368372792,5.671658764223082
5.759041980643378,63.11013651164689,6.274924035347177
5.257006425946903,74.90147951316078,5.452840001820902
5.41471132855421,57.2079670291259,6.050519811195079
5.466230643002291,66.12941053812712,5.741794078660639
5.4872321451074555,60.47682000783139,5.961883430647891
5.325495618921481,65.32578648951018,6.064740023640235
5.263117220515506,98.88129927291384,5.902342561667421
5.5395657,74.5155666,5.61896665
5.179795335765106,80.90721486440539,6.528292624234339
5.6761040175906015,55.396533966869434,5.921525912284131
5.4076852643806514,70.98517042868009,5.855523996730875
5.1416719527224775,59.34120204878948,5.959587517395855
5.5908744583425625,62.86055635554211,5.890253054210743
5.2821570498210075,64.20159965187439,6.183605640415957
5.477355285970929,54.731483207050964,5.3720740895898
5.5369905233905845,50.011859030661974,5.616092104235325
5.68081953,68.52867750000001,5.255844355
5.494363087404428,43.56466736989592,5.6400958253338365
5.538867828054991,73.20517866401539,6.019742972018693
5.588005957480836,65.30453038217048,5.885344786190211
5.108297896395967,61.34405935106078,5.362525552765856
5.5374147,57.939983999999995,5.965402849999999
5.789394268823048,57.01590214809102,6.158078499985715
6.124493113287951,73.15617954897067,6.0012090092585275
5.33147831217568,60.70576607163716,5.392497121349839
5.525976235467897,93.8520792359627,5.900567103326316
5.594859901863172,60.14067050612977,5.469380708755899
5.65791048174939,57.92119916849442,6.0281127860545185
5.913792,75.262815,5.813390975
5.767546554919486,58.12961912438802,5.9736069208224105
5.924853,54.5470776,5.9156854999999995
5.853051863842591,57.10704961162569,6.224287230603534
5.666106982434048,60.75662690719122,5.839004647260597
5.635645869701301,55.30562658823161,5.630713726792563
5.482109772459693,64.09455490097329,5.9084895594284985
5.73389415150664,52.90866665759662,5.6949741931440485
5.64083406,55.002645,5.6116439
5.602572369366932,68.75600448144792,5.610631421327697
5.588011890521782,59.558126703811055,5.954967839433453
5.107666247925903,84.36551087539165,6.239791961034594
5.367136893270786,47.198071875482235,5.8719482705832196
5.918788456252809,76.99502232865203,5.427904527723983
5.263057795391593,59.03002282554323,6.103395867568684
5.45027792486184,82.5983329232437,5.734219542836692
5.450654401686756,66.675860497822,5.694630439544595
5.642317800320738,69.17094361438726,6.275486840855002
5.18953659611393,62.22001250831053,5.767560608226178
5.379394456239358,73.14339491215989,6.02505045909126
5.33540105791222,54.239021518091654,5.530307860971056
5.48318490132403,55.98180573010721,5.719417722776616
5.3619183,54.6577587,5.546264705
5.445419476892123,35.92381531935266,5.668094440705769
5.176495379822428,49.01096717684496,5.61285701116068
4.994570256268919,52.94103439697481,5.657830827820801
5.265035103284621,64.1568115234762,6.131559393408116
5.324345593318138,62.09435422992133,5.906262225920843
5.1344510305656135,55.44252910526145,5.627546847017655
5.476361459756666,53.017555598161344,5.777169244436412
5.889399846055295,48.04216015438867,5.727031648354146
5.799419599304418,47.046193650469526,5.81061983454438
5.446682630876477,42.95636839853636,5.7583184125960996
5.771797582250898,92.53551312838242,5.823327662524514
5.567834058119033,77.7320586035779,5.944994447723667
5.606513181682602,64.01581117711652,5.74043646913025
5.172519847893388,80.38213524404249,6.4464831595630825
5.000492982472719,92.17266044867675,6.073508548653062
5.678166494622443,71.6033127189353,5.60295161628342
5.518743031034047,43.11138527348607,5.824949348830071
4.831903372009556,68.03797771551731,6.164692135917292
5.3508751548686675,94.261845225153,5.909881518530171
5.139029082196502,48.10487146743504,5.8208737696394675
5.6442321,55.5018723,5.7899603
5.411684485820007,64.64082100110048,5.9357823466483755
5.552417608988447,63.75354328890506,5.754085426531079
5.75146118583422,43.3224552104621,5.772383564057455
5.261162143517246,54.11667496141252,5.767649722621047
5.478570838852003,47.04978187074782,5.938273793686211
5.757880597676323,47.54771055549818,5.885197062795121
5.444137386326373,60.47320200294238,5.721332086070811
4.978195853731513,71.18711250719137,5.736318471454013
5.456060774127134,55.15817378267472,5.680221804495983
5.542658392329496,41.572131693299355,5.527512174029873
5.49682874572729,55.88231245171865,5.553112709789414
5.193397891697393,51.90301890569674,5.600595440029917
5.410404946868549,78.37208041017591,5.635241016404667
5.298733110550074,60.26078939451835,5.90050206738069
5.1820356147494016,62.993706509708375,6.235163874888504
5.492110401214315,68.49566676774823,5.536548917205487
5.287913810940481,64.61124018353986,5.991822899137812
5.113798795490548,81.48280611954205,5.971138908466648
5.579751897348809,51.22946747756956,5.694077754779169
5.78104328011515,47.6566397259681,5.593886515510567
6.18486222671327,70.37695549660536,6.022905340967184
6.312192163616252,70.6669107160433,5.81933090714975
5.655380714997762,52.28157071430419,5.730091632746311
5.919172735568102,51.978791833364824,5.571066440975492
5.211363876107716,71.93066781102009,5.965224851959633
5.671107530933297,67.95151608000018,6.017945871392394
5.632741958282675,53.85685414491975,5.881168567199587
5.4794882844579815,70.09718021172735,6.191170951075503
5.2050388566066434,87.82673428885023,6.403826989025174
5.3394174,90.99612,5.8996052
5.375233149190745,56.36853801319232,5.840813680053796
5.6840622394099025,83.91300747358392,5.947220934320177
5.3767263572337916,70.56238816743551,6.261725690732437
5.543189834221519,66.5225638112259,5.623286427966296
5.577811703719355,78.5859047770311,5.708695186750068
5.0037833160534255,74.45036294148964,5.963204468105061
5.478571410982148,46.549621866144705,5.9544654588265375
5.559810182345979,70.07340132199671,6.003462181827025
5.473729305038239,73.13742843731475,6.300940610943137
5.314052940865299,78.65214045133108,6.385468368144052
5.509942602676317,59.06266148471354,6.00093947797018
5.4743073201554555,65.29929783870729,6.016378525055607
5.4527334827285925,65.24359403890472,5.7340485482907235
5.450088853606473,66.82423352350709,5.7648149308287735
5.152171332193357,80.29501583102345,6.314834211806248
5.5404099049783495,53.87750475303053,5.570640152573745
5.719770604736693,63.43348663143459,5.88759171404758
5.940906772866125,77.72820034736985,5.970149287336507
5.684158688794192,69.3599441340764,5.943670017651242
5.379240840009102,68.71910056346768,5.68673226410122
5.0462213879440165,70.74744602869573,6.166765034656406
5.623840592260225,56.03297005457488,5.563214080821966
5.796320958722991,49.602603483169695,5.527379319298767
5.5355891426620465,64.96724701945885,5.784043099827867
5.512669317149646,55.303026592516666,5.4262655373494475
5.742442919434454,69.20392773174126,6.188681935680537
5.690772146384016,53.03280567108627,5.644569312097237
5.68217137173056,58.570893682030636,5.919797053448874
5.300429856343603,63.510183067946286,6.065753319431339
5.133163113220531,53.53895808785745,5.949507370927814
5.55098853808256,47.048725179106434,5.7788521391422245
5.557990814700485,84.88020655059344,6.20403910347926
5.252421863161626,44.81940931782744,5.499704513932963
5.109080906201863,77.12767625495114,5.721231824257683
5.314751810972631,47.089202744088226,5.909455664191335
5.3579493000000005,71.8979715,6.1506680000000005
5.3332401759618575,69.83424588748044,5.9888060889789845
5.686208917401643,57.80682035653213,5.410354255705136
5.324986399305685,56.19126450598911,6.116509529365634
5.434237835989527,85.49770016622877,5.844968451480091
5.394169799999999,55.424837700000005,5.99948649
5.49992576776308,56.500888106363064,5.225796164246205
5.366333455776635,63.33279218035731,6.055074587554142
5.348470579850121,54.799616035079275,5.822310646317929
5.505476276444573,50.50289484564952,5.750521283130017
5.427903257842719,75.51662550038014,5.911436536537693
5.623247470342807,60.82607525102748,5.846318106896493
5.664180040557092,79.48898608188782,5.684254482564787
5.143744184866623,67.43493215083895,5.829359562069988
5.6703436051063605,39.251781519908256,5.799123421995702
5.731135142440833,67.72818701885349,5.665528495301956
5.071626940465155,91.65501799619308,6.593048616764168
5.557144715506215,65.4841825978516,5.713532798674119
5.909503312230913,69.19982962459693,6.210153032886678
5.721958771596149,57.06622405400458,5.735868620282638
5.4787467788529,66.72745932575528,6.15242854414231
5.374902533425273,57.353708373270486,5.958474641189901
5.155971971480589,56.05134107111351,5.925095043899109
5.178864842538857,69.67958153642157,5.816789801523839
5.699563309487544,73.37933077091319,5.812109543574306
5.5309752850612615,69.6165652418583,5.865143818431892
5.349490270856399,70.09121792838963,5.887962023864404
5.000114957791598,73.28498221624699,5.5564501471142815
5.321594847752433,57.35601799638365,5.655807021357861
5.455834597456686,51.821976775222794,5.768545472436196
6.281487085480105,76.55990069932339,5.85840959278619
5.600906409438637,51.93751173381459,6.0075255601031055
5.72363808356902,41.266076526463316,5.542522752277189
5.43272853546708,47.94054675493175,6.158312034174135
5.581216139148874,51.21089056170797,5.8622080105027665
5.646137571836498,47.518042032765436,6.096637374222639
5.361038954625443,53.3399278586838,5.699473532299912
5.640832746015611,60.926805514303446,5.8644674178491565
5.446653590361355,69.22239012849252,5.944178713268318
5.841332602112057,78.26716211003553,5.974993522083938
5.540950010088724,54.04685057381385,6.345394190231339
4.959740622534537,113.2406353434423,6.4987331506868244
5.570022801464294,48.57640997620869,5.53501541025733
5.493542262013577,58.29541861375461,5.8071668349345105
5.2468673767488205,69.1236607393178,5.620371668209963
5.26918488964085,78.28737084764117,6.0649251893644855
5.528731640611174,58.74841162097267,6.059734978169227
5.585898121266617,72.57249003712433,5.999064900483607
5.21392976851594,59.84058023450957,5.720957902387634
5.449993290935715,72.67900081329897,5.7450035542811095
5.293173731884715,74.90016813108694,5.712602189254474
5.375256371197712,78.28386403690531,6.2803080071181965
5.325591069718908,55.05895132706714,5.45827621685525
5.4531312861717005,70.60554129784319,5.677306370092611
5.784310764052074,59.693951508807295,5.734212458703192
5.275126510567277,76.08312416760019,5.857347196107341
5.314304956399344,77.64814619641616,6.397932107895442
5.526991533815618,75.65995557161749,6.085407673874977
5.6890120785155185,61.1298392390998,6.11918397728087
5.676600286616389,112.23873954826581,6.1617132769583
5.7796992003479355,79.37176248874101,6.02407182927632
5.255236436662306,60.58912253017284,5.567299911862617
5.107554472955928,70.87228481621085,6.04582598155681
5.817262754629494,67.03296142019539,5.944146969945705
5.524609064690862,80.21493428091573,5.98007567751309
5.370185008176489,67.80696827646159,5.669342537501337
5.36175946579082,84.58420440831897,6.030924315257386
5.0154252848405445,85.02772924194778,6.122823847938812
5.898959273611507,52.6646978374924,5.6761491060545906
5.502529822087054,70.28412827362222,6.133159865564724
5.836705277309911,66.79706128475856,5.724465710425154
5.62127060695728,69.30639724671705,5.806235551879702
5.337013881390838,89.82149487990615,6.663004326825686
5.74405936889192,52.713321321004,5.773403991871871
5.3737752955876505,72.83970948237858,6.405610012374438
5.520667280608976,54.04907730676228,6.11962537859347
5.4334125,57.346182,5.712272
5.367906121052558,61.64274689068097,6.037573648566066
5.652221178491687,52.78898233236447,5.564807577686762
5.59146079545565,60.808275561246646,5.815010400054884
5.8698787390032905,62.93838507774929,5.9315487998432355
5.005494530252365,57.16459775051089,5.989596055046688
5.515333809605622,43.60652950185507,5.843703748740391
5.834666456904827,51.4817535961518,5.573228636570651
5.148031033897433,59.00265582372492,5.6651082104049
4.952459798396506,79.62649808203591,5.769040707044332
5.252556235119928,58.863969255109225,5.822517000674012
5.126009757668561,81.23424920967075,6.222410945256809
5.6310861485704,50.49247685356547,5.834308515990565
5.6241278999999995,51.0497586,5.99138565
5.06188845,64.092789,6.5637289
5.197282189441971,58.17056611395875,6.198009412922596
5.468542469769523,51.90321178677506,5.960400130925098
4.834402424118715,63.90669896265929,5.695889094383828
5.445005832638248,69.32081350795283,5.7606326269617565
5.568222721226843,52.25747459175305,6.001024647465559
5.347270817350833,61.405321000333,5.731205108650807
5.50897843350175,86.24995794327383,6.250525424671954
5.597110483520826,67.92246672904265,5.220908059484303
5.7015645392291,43.64512835700253,5.386416642940987
5.436936918851339,55.37186627813592,5.915570718474658
5.639340374047767,48.94742354465313,5.849591314107329
5.420383642327366,69.39108386684337,5.753312498689985
5.790075131619265,58.367653590642234,5.48905954628265
5.592736778549197,85.17219639702354,5.928740673057524
5.284753911027465,66.47735569450758,6.336959308537769
5.343664662546152,60.496820670204386,5.536461723912554
5.3759079373671215,54.16135014788647,5.578270594103397
5.3570257693035765,56.36828495981117,5.947252938003746
5.745993472758876,84.10931879847496,6.078256885075018
5.292720216506718,44.40686783510171,5.559066032634222
5.467687779375484,69.31886234527117,6.102594727036202
5.209099128804995,55.569191616193216,6.2312813491196275
5.483211372627716,71.87853335206502,5.796754216945879
5.680759291656641,79.03643604743117,6.173832198406387
5.564111375876727,59.91287505482373,5.534101764914567
5.413673787404943,64.23483400621244,5.900719976465719
5.6704062927774865,77.02564284314926,6.043360293538989
5.6346441365838515,57.35631789927925,5.7126361004408315
5.627443581769195,48.104130738408195,5.868663971877956
5.195183761785665,86.54835059020266,6.046652435412657
5.73173623702503,56.39312734281486,5.519516640246486
5.722913813701182,62.48311324139626,5.988330513959345
5.436786569954751,74.7597332868911,5.918202008774817
5.524964740929102,59.18128603420159,5.922519474252683
5.511480750539619,63.03007004496128,5.75174653848173
5.445750690653308,39.03283338501009,5.848542575169289
5.659031120420055,56.45047451622129,5.649687045445639
5.522646302850992,62.80024144092076,5.780112692232858
5.073272445577785,58.21376309622161,5.75873427203353
5.288102905498563,49.564807549849526,5.922905557895383
5.782383526590227,92.71887062810245,5.921646164572952
5.383630004915571,97.88556954448008,6.391909241215001
5.5541841770330125,66.36401937067424,5.569319964839215
5.755858222741723,64.01768137545118,5.860272387460857
5.9311874356841905,56.62541025009143,5.478392720745708
5.544117201516883,57.34394069321492,5.8941353549173785
5.79111034199823,59.629657280896055,5.814178192920246
5.618889811270449,65.2803171991964,6.090232727371686
5.009969981191898,65.47580285662121,6.0053484901846605
4.919154343377169,60.17644340201874,5.676200770068941
5.395722022397578,48.578305442758264,5.9465716012834475
5.197245775531363,55.93125220184317,5.656185437017455
5.540411011942956,64.59107201920274,5.918755968991808
5.432420226081035,71.38655786661032,6.038081739918657
5.608210854190079,62.60084704583693,5.865680178432357
5.925868210007685,59.348414831573464,5.686643420178386
5.698825391578848,67.88407132730364,5.6803953768046895
5.647852377059328,49.16283788956195,5.872604373007483
5.295846401459631,73.21124769717225,6.014111410183676
5.55422764163068,77.67592792824071,6.126385374567125
5.372680236258625,51.570198562686194,5.833055317876707
5.616265235975211,61.360223631862816,5.6178920354579445
5.4152289,43.1956395,5.91150605
5.443528665152021,57.83664274814149,5.768053611582388
5.871366797984904,67.96688726186412,5.729486460102191
5.616183239381728,47.65134375146196,5.79449247584443
5.507230669517671,62.77677745048009,6.054848644098837
5.7405911837975365,74.43317077229158,6.314345862773249
5.319094126504229,58.70385725293022,5.770065377096115
5.135853812194689,64.88395990182636,5.351690038072366
5.537085344836597,58.48903859657392,6.014352624450803
5.7170857250029385,63.94815711947307,6.147079473389849
5.434878813781958,57.63886234998164,5.737366124992756
5.268084881173606,52.09782998597823,6.099246170401919
5.56761350249195,69.18191350423955,5.980597441888419
5.346242170813519,61.06437440882667,5.724677870429655
5.321564671447331,47.7510264973418,5.479306895782749
5.287188653712897,86.83487286988442,5.9195742789912735
5.961120981487178,72.39801081780723,5.61823920608982
5.798974487186416,51.68901085880553,5.872362866145157
5.892418210456875,59.18693091071569,5.835688434325466
5.586176653525041,68.46398654103115,5.467782447007686
5.582068680568296,77.91936070818949,5.844359994119487
5.1270642,87.7032,5.644502095
5.035955422701523,63.773494568180595,6.115713872307086
5.644639039226617,58.78683048628967,5.6271803977790915
5.771991809178778,74.53197715818183,6.000308426788259
5.368831626796761,73.9915836645272,5.714933014520083
5.024854626061146,75.66800411242143,5.8860475310338884
5.537446870035757,54.32387885861138,6.270625495739488
5.460965802534665,81.66393999313867,6.021682316316936
5.334852916498948,63.00325180018671,5.529711808910655
5.390961149760703,84.41410234009143,5.907048849793672
5.706918264567927,82.67672183282322,6.248937215104554
5.33230876426232,76.08930845016434,6.636387162578831
5.330377835301677,58.132656384997155,6.071824953866253
5.4459348148133975,52.020648969797875,5.6392526912827785
5.5546991529510406,54.8700991546519,5.314505691108092
5.6112035864347165,82.88402795637614,6.069538903643622
5.4224163,74.370555,6.21081995
5.88271444790369,50.22901236517344,5.873918663544391
5.671739893529749,67.35697870946193,5.599453860982202
5.586198969748375,54.38057283768229,5.767167831926919
5.544954782019452,61.66692570253203,6.38593367312653
5.4335066541046375,59.040138524623295,5.941015500009741
5.53701593166992,68.61035419517512,6.194512601492741
5.584534641305292,69.92964780377686,5.953688820687582
5.858237517829853,67.26680811644775,5.791243479394301
5.747478692448379,63.6979466095378,5.7068669788173265
5.66307495,61.290440999999994,6.142056905
5.2647327,68.3811306,5.903672875
5.618103932522474,42.90414963042663,5.588227994252221
5.15674461892484,77.21200646222178,6.051489264573347
5.662719232510265,50.16441928770585,6.048646556984153
5.6831157,58.36894649999999,5.75666274
5.51813983665133,60.41110175207546,5.438980440767647
5.282217897296114,51.72178193774617,5.769167099561927
5.773915263449498,48.803844940887686,5.565899104775214
5.199987756060752,78.16540069618691,6.108518673209204
5.382650098605028,48.711360174649755,5.663988151104927
5.668651476201966,50.19180099687238,5.707261330271988
5.348190898495192,58.108713616849805,6.4435660791070575
5.282148719034189,90.5136691053039,6.218986383505117
5.617194475650313,75.15399605299906,5.965622753537934
5.705729085490166,58.14454706674798,5.821309480405254
5.456505359356635,80.84280543804026,5.817825829125452
5.441632539187507,62.49300505591919,5.776963123349129
4.851485292421214,110.66765191931508,6.255255937047856
5.693139596024104,70.37252816716149,5.788878988064323
5.749175004182666,48.7717653670723,5.563792042153323
5.296019071774564,84.84092548502188,5.6222105642802775
5.75534950408035,78.23922090981169,5.681058399648284
5.4750954599999995,64.9704186,5.91017121
5.71321467,50.635011600000006,5.04177755
5.663163563431309,44.341222864569346,5.732445217943351
5.630309234260019,69.32338242335757,5.690355290250766
5.041917704345642,68.03086279126846,6.223465804593546
5.395672195098634,71.01476228279323,6.211262503649957
5.171538419243594,68.9064755833265,6.049675141297354
5.384613654411314,61.39632724456481,5.881689324862473
5.6335788,69.206301,5.517765225
5.3128191240786835,84.93857437556528,6.3821882268775605
5.573107479280598,52.761602606915964,6.115366615500594
5.078352866652177,57.09224927489827,5.983993256792142
5.474720573478854,54.952074060362825,5.773371019666854
5.374042088303773,71.93615457429264,5.912102848240802
5.317083230044973,67.89308887320057,5.676254202788307
5.1049463655709815,48.054908181351145,5.696133335977962
5.206102022397823,57.97400422651565,5.777709421408103
5.324583706729179,80.25985738993771,6.202230268390561
5.491683838369869,54.91360737685131,5.776047986587419
5.816059269194416,71.73346018543307,5.569025978024318
5.346357642907087,56.86449203992739,5.745107417874926
5.761889995618236,55.50821941576404,5.926084079685832
5.225857303828453,72.22546043499092,6.258469872488513
5.357355242882132,80.78530281011894,5.927324924078142
5.449328911473138,54.610474096678445,5.791276868184849
5.408243041331946,87.65166598088942,5.9198029710954065
5.585293713952693,77.81116895441147,5.822355367860255
5.516626731761049,73.11455841174643,6.050079066539027
5.49829704247368,71.82409903190826,6.168506365736308
5.255186782840949,66.44191984030134,5.966129695299791
4.895781173762309,65.48326939239362,6.119764688137519
5.418837849189187,66.43172247943474,6.1508326033751
5.580907898113224,56.46946059259493,6.088703230026058
5.2598593798376845,73.35342605929874,6.11474780378207
5.317247230368058,64.76063122231338,5.911542454508269
5.484728999357755,52.76260935700257,5.715879080668108
5.937596437270418,75.2463019521592,6.329151992404277
4.927804828319147,77.30412379608906,5.75622111214162
5.42839406884931,62.81339401314878,6.017220254461015
6.244691657989076,75.86771006858565,5.579429693228914
5.366058158732961,67.13172951086605,6.3911220301789555
5.108954346074027,75.6231533517422,5.855917261207049
5.049096107911887,60.26619893452956,6.098231720799697
5.733981511893442,62.08292504457963,5.97747225148677
5.300239065306265,74.8378274868937,5.5018946236144455
5.398187691239063,91.07520590163257,5.762872089483151
5.4620210579315405,45.03625270708659,5.6383223051355795
5.39382753,56.312642700000005,5.4475905
5.289815634378282,59.94926084855192,6.143096518532414
5.27659552222602,72.44291502941411,5.792106589021246
5.608257768104646,52.454657316432474,6.029996300468115
5.460748120983868,47.942847408440024,5.5251983824968445
5.141733066080744,57.25577459275136,5.768536976158704
5.237015917619471,51.37515308347929,5.825497735692571
5.34552893007113,66.35345120338908,6.0500797283265655
5.516970809391824,54.80474858392536,5.837570705854812
5.1792661655353225,57.56682535796221,5.947056331348959
5.658752993003343,86.41903880953026,6.399012873045762
5.21823717,58.434651,5.881776705
5.713134148268937,57.775433141003475,5.489815700524329
5.876196813834444,71.81868387317816,6.219996904991083
5.5302043307011886,63.15306839025364,5.775191250845937
5.711002731763633,48.27481174653381,5.558569760857363
5.035314540917334,74.00580568403228,5.729500772668442
5.480176357762591,83.7247713269227,6.062630822617383
5.689550139034971,65.82761492260599,5.890732267507456
5.444690761066375,70.78830314950108,5.900637958182024
5.192726555075959,57.861560910562446,5.927010062969947
5.702416616152825,56.408520990283776,5.830303535680694
5.506102246807129,66.2877125112891,6.4832848415138615
5.287566842132185,62.2636604821417,5.742004172562726
5.3331432640295855,73.99964466930209,6.5994629871742285
5.404534031529649,76.57636045472209,6.314286488598637
5.587716599999999,66.221721,6.051231854999999
5.571950061050991,53.86534864323627,5.790381217805802
5.495889745590641,55.457641469118535,5.549692733495878
5.388726281363199,62.13009637373934,6.27049549944093
5.3294319,52.1176302,6.04577834
5.278552883515744,55.68562793138319,5.410783583435354
5.44927836519269,76.72953507463686,5.8572040454697385
5.6578310693805545,63.947158616711214,6.137204623182709
5.716579639452398,41.77698935083006,6.117270375815637
5.873195528280022,56.19213348946344,5.746195433672611
5.354630370000001,52.4479824,5.926998575
5.534410158850375,70.7405282632214,5.555538006623601
5.650386703889497,64.47547712086876,6.006199306597744
5.345795124224247,69.05817944120486,5.815207610016499
5.273803203693992,39.74790523841474,5.629480632309518
5.620440986388991,46.98030007225302,5.742182742393845
5.336664578687367,76.93603115733929,6.084807616190497
5.069371466913062,60.649534515420484,6.146812363128832
5.71853714537871,76.68884796551261,5.501576192246268
5.345636785828543,51.11242203676964,5.682932745443771
5.618720165107662,66.82518810054883,5.666393223566103
5.935609288763856,69.02291190433897,6.24611247506981
5.718576097872633,36.100624739084985,5.621442759128958
5.0737203,90.615798,5.99253094
5.034744868814612,72.663214462862,6.202027125489324
5.3141852172420565,67.59260371528104,5.744852403290423
5.6456717234572364,60.51188361056061,5.7463674512015155
5.520496349471314,47.29055398929523,5.541718526617408
5.3421194929683615,77.59391579156402,6.2206677240689725
5.630605868700019,60.774285074756335,5.738019800653512
5.87913937339981,81.50227649420306,5.766608576396508
5.7143018057484865,72.7689045422491,5.639822249079136
5.591271058992528,68.14151374349807,6.046719667455731
5.561191010490334,76.00600951009547,5.79968669301043
5.6811010500000005,54.140859,5.9762746899999994
5.74819021854217,68.11712130263302,6.014143885028491
5.425322225992565,64.13991158040562,5.823741051565461
5.4228899432617945,65.6750423646978,5.4703573290462515
5.4685984578456095,47.88399390092123,5.814806547818715
5.54722648254874,60.548386810148365,5.775768047242178
5.457797875310061,68.3059675713524,6.190626746043015
5.922002734215142,48.923029513568125,5.779798492471259
6.0110636810759805,74.66186746327962,5.869356800573681
5.7785097111655475,58.853603482146276,6.079908055978158
5.364047378267934,69.00746268089583,6.04113088358915
4.663812666747746,80.37496759302576,5.983820946057555
5.399554705864233,72.97973281244491,5.546379891443853
5.293619777621137,76.46596678862679,5.973716127543661
5.47304247369707,53.62649632730544,5.957587189968714
5.175457791094385,59.08329391263202,5.733248590057548
5.062467025811813,64.34424397065001,5.655070097114681
5.39364825776675,68.78413000913618,5.6737358825332915
5.551773324076753,67.3769567497196,5.861701554828778
5.93557558333873,49.5778604895673,5.846373037610164
5.202533960473203,66.40702878748982,6.013188619733182
5.677286985594842,89.6230925612974,5.832033628063853
5.516771157650289,41.31070692461941,5.517523084645691
5.653244313875634,73.94468679883569,5.868701415463371
6.0174043784504505,73.4685840879545,6.313312431007382
5.533429505387567,56.72356485819771,5.886655626351661
5.847375929831588,47.260790214135895,5.494436583499615
5.5918969902111995,63.74283003348482,5.62021324296618
5.952093107961374,49.435664968440804,5.650242620717331
5.159565022061723,64.3531501764986,6.043265337970158
5.388540420989289,50.40278634086207,5.7390524708547686
5.827524971606316,79.38437244924285,5.642474127899722
5.818073424478493,81.62164675731717,5.842628205119305
5.439107682368281,57.095487128162,5.950126268961778
5.6207252657166284,45.91477048566605,5.864346417866073
5.081817631834579,67.67822164033149,6.269173562805726
5.2644213,67.1048145,5.916727175
5.5101175306442345,67.86646550930686,5.973385555537621
5.5036571667855165,43.13959454134798,5.603654848126417
5.130586431457131,65.73482432119587,5.926912419669183
5.325629903505171,67.4156113237028,5.863376608672894
5.506661453458142,59.522896710220344,5.83486419368939
5.0988551636934485,83.94358310269902,6.332991746584059
5.546410059831378,59.28274693060168,5.5520916111739
5.44708720822389,53.04489045390719,5.935323832291501
5.148314062903378,106.69295263846742,6.164766040934633
5.496166438349138,68.59849151449279,6.047432782855333
5.512678940671549,66.11665496187719,5.924083692088317
5.461202989344854,49.533812924395015,5.734969182584493
5.201562454822869,60.357757683380825,6.156892962834238
5.433381575308749,77.36399400639824,5.855383925124883
5.594740004104313,89.27378218246287,5.927175924688453
5.2348677299999995,68.674671,6.24132645
5.513731764378875,61.38457340742441,5.672700998909337
5.28447365447403,80.86466835534024,5.733526318010545
5.601256274191295,58.802706778869734,5.708906970097873
5.349077702232634,83.14942986148304,6.1504625497854555
5.811033350993184,83.01232632292037,6.325304147636993
5.055157653380469,80.33541146989165,5.538449139811291
5.574641616629642,65.81819903581193,6.2254804831124355
5.203470088986889,67.59058689065424,6.041103687963694
5.50407825,72.592065,6.12230401
5.396227378688938,79.23043162361103,5.905538510585922
5.37478335,62.890767000000004,5.98066426
5.412583796152974,57.1830232677031,5.8479465427853246
5.628118986329968,62.32780617078833,6.178314587374788
5.536322579980562,50.35384950264191,5.810615550136853
5.660119499941947,63.972055694680584,5.679762798969559
5.686660050643852,69.26977533500784,5.673128208688546
5.661425399974642,60.85411361206291,5.803400234168371
5.464026364947641,61.41642254684785,5.454785716433473
4.993352483363389,74.32507516292456,5.933522141584544
5.504723603667236,64.7948272717754,5.9136428397149325
5.831475337668691,71.30392672280584,5.470245044288359
5.290697300154782,65.45224073388195,6.167772809500507
5.30549079595812,57.50138066571595,5.71129543051845
5.919406929423623,66.45588918847335,5.866734298421361
5.82240901939702,66.2915684645608,5.520920140931226
5.300887889360329,49.534395368672406,6.133895952681742
5.2957584,72.4925376,5.8311785
5.917499069470539,57.89624448461099,5.690402788105896
5.320053519707356,49.44260642249923,6.177109818050886
5.413336558511075,64.0354452408995,5.4511126233733815
5.891542458000601,72.41855043053883,5.919687566206157
5.157923512935068,59.98862224816612,6.052782165292155
5.6915086146269545,37.11855510409033,5.828955149428124
5.5437852366067055,45.20954423242729,5.633308580516932
5.706075073391809,52.50110207458698,5.57148119311518
5.2006414432563535,70.00771508205952,6.000742361624177
5.397117042477854,68.44816516816465,6.2336206866843975
5.1644322,72.92705400000001,6.30768136
4.9060355945924625,59.16186869301945,6.190144318092855
5.4982372795746,70.95050965682351,5.877637406063966
5.784640085641622,51.05019917600599,5.883664983024871
5.8471992387244045,64.28493042574155,5.841537851443917
5.352211227065908,84.9953557410319,5.4269322181427215
5.413470779990358,49.20505187154858,6.068841773235178
5.194983309104256,72.35773694363888,5.843440899612339
5.229290565397685,45.88487429308911,5.783436941528061
5.422108073165462,68.32030988580962,5.696909013694091
5.546889417549105,89.97964854012812,6.271680589490848
5.6478049473747705,55.583070802111756,5.6995432591941535
5.6508237907267596,51.83628025350726,5.589174282263238
5.3014532004404495,49.17646030273039,5.782205143279555
5.134669460755593,95.5340940771667,5.8295199794168
5.174851259213454,83.27592388480527,6.116223907662111
5.582001407556645,61.35665945941604,6.016033842096729
5.304110261819118,60.421662463217835,5.741349858310937
5.248332837861481,59.04452225194617,6.295477562624235
5.200290705016327,58.644512048359346,5.510613005389291
5.481442176773595,83.19627378089638,5.9873529741700375
5.460356744286846,50.403869024380825,5.925765938825595
5.618538188141773,87.11043668728284,6.283555275094901
5.908798858694832,62.130758348903626,5.728654493295387
5.481710768663672,69.10231911991714,6.074221389613562
5.483607743849192,59.938750819994716,5.939745062462982
5.391210671409149,70.280451930898,5.960676975394353
5.59289286406271,53.41299980882235,5.61149285842882
5.6541572919474765,69.38933019605952,5.871591146129634
5.419883625546839,53.69256277835373,5.969047394014614
5.098940640676505,62.506567139680506,5.822442612997028
5.978999458387851,50.29997096784757,5.694053253569273
5.388456795296883,73.39334008026188,5.9039247486119
5.355381082425428,69.62823051050157,6.165263784742106
4.982362817856199,75.2024209101061,6.085409474420618
5.126846038211115,88.76936814830648,5.9589208942925245
5.548345910942768,54.10755430008063,6.09695012956651
5.577155664339469,82.8001885987386,6.196602184297171
5.115831638808041,77.33157362146622,5.731966252914761
5.100448545510387,55.0747584941764,5.626820728590712
5.508288218877979,63.79196653484497,5.88471484638612
5.019759462947291,68.16064010673533,6.210559638191722
5.291308851717607,77.04372840961008,5.944968546276787
5.5928419778383525,51.83703270936373,5.637116500169922
5.016711521761275,100.81965477599627,5.982378495053778
5.34783726,79.476012,5.83361154
5.577996710824826,48.87982897115486,5.892862335951608
5.500499164042702,72.57160809867588,5.71256162536039
5.307915937125965,57.68862979031636,6.0159891872372935
5.168551832245354,70.04731370012794,5.94540315625352
5.714645712735879,51.7694155198997,5.930934193932638
5.685036563553496,72.54040836291209,5.8589688313914525
5.5495076072044975,61.36943380863233,5.985520050346129
5.490124329956181,51.93934578378724,5.6024492482208395
5.188157431363683,39.655879871812445,5.392455205041675
5.33044747709447,72.19412358658218,6.087003297964132
5.072625661964741,77.57902413977311,6.291048071971242
5.7591361452028735,57.313387358140346,6.1256710860637735
5.508797886360745,60.5254202320104,5.726123338731731
5.4255085737217374,60.75193660931898,5.849758896113145
5.057589100002806,79.83820980254141,6.450402064672918
5.413743752169457,76.87454373669996,6.012838744339651
5.623409132331802,73.89394775458197,6.09509430908792
5.04322587,92.81170800000001,6.594585599999999
5.400750016103008,55.64528452981488,5.5275575018073235
5.7720700369128775,69.92345721514407,5.8055408653638905
5.580885474306874,71.54799254126203,5.890203733848457
5.468392514132411,65.05976382834446,5.776768130930762
5.743305938036274,56.96095357723612,5.869671661739722
5.5237756697474865,80.04853959042049,5.8187984336143845
5.239114849832392,68.69715122634962,6.030519947937466
5.419619780888654,52.09140340464109,5.65871097610719
5.8302485670785265,48.296127959358515,5.771835858775985
5.5726974,47.4050718,5.84494646
4.822820094327524,71.51631726174514,5.88454187309747
5.430550207652042,58.92961982279898,5.90952677063299
5.554209624015252,56.0117632243187,5.677390960664682
5.396589487699189,57.49787776465176,5.7816850774926145
5.3611254257562395,56.873172620628345,5.535802541486847
5.609861713470502,52.67062971700636,5.460961036207537
5.366603842115054,78.21844407133202,5.8222749948770565
4.892561917455051,89.66458750922638,5.995624172245944
5.2771403643232215,57.35381144141706,6.0465314218092745
5.5744898454937095,60.612564426100796,5.903246867872069
5.476041768253461,62.35330149567524,6.308694552456954
5.933738320163412,69.64768458189886,5.905964993104893
5.510178083918712,109.6270892880866,5.81042089111365
5.427391814983538,74.52393047287434,5.986548111862104
5.39901364759558,61.52629730335332,5.659255588162421
5.3064603,56.965464000000004,5.73893225
5.788091087046576,64.2818417405959,6.200795068676725
5.748616120796748,43.26021312553678,6.207205855856013
5.637853763518836,61.330183246924406,6.043314182651538
5.5694718000000005,55.2055572,5.682326925
6.107618706969501,76.72568018159747,5.852323184427249
5.298059022804815,57.88854326817875,5.61607743532009
5.67642424256927,78.6898296400702,5.758128813272753
5.193454750887983,67.11627514838463,5.606704175470096
5.393596338401102,76.64060539854727,5.643034360748319
5.411523606877489,74.31996135898687,5.9819538434182835
5.673824644350359,67.37443733540873,6.066953853975604
5.728789233907893,56.37600410670816,5.442793600007317
5.629163112401517,79.6507991980609,6.08793814901001
5.432856545943469,66.33575537214278,5.720987418955564
5.421417530841462,69.86929569173309,6.198183599580765
5.56117884,54.4287006,5.806477924999999
5.897432092083646,64.82846975747368,5.536657156502383
4.982039528931614,74.0573073760073,6.013591362298735
5.214929888860713,67.54712288619719,6.369257996893821
5.831694026914304,50.43240351594116,5.708659496098932
5.2725128164806465,49.892094661245096,5.974426358348468
5.2280657309785035,64.60019676792271,5.614585467363516
5.527887971558471,61.28185075566389,6.127917631787011
6.1579819378269836,58.306575861491496,5.285018015902779
5.680749093799241,60.70816241628947,5.832909623386801
5.137946386844892,56.567430877349636,5.9332251907980895
5.677908517240562,50.08413986359453,5.941801188821545
5.481139285200479,64.64275371244669,5.906041648489792
5.732645378585039,62.19727441382763,5.760622430531601
5.476101471741072,54.80953105082702,5.561299723609825
5.725209230831539,69.77028346898052,5.8874655169789465
5.8544757,49.609836,5.755612139999999
5.41956690864812,70.76842472060203,5.724428555093017
5.665636351320585,69.9139897813108,6.1366981279166275
5.592159364235853,56.04921296633035,6.0718511643681214
5.497273598965635,61.835397171072536,5.740007715458088
5.559445992293083,53.47234670292575,5.967276022362141
5.190334255946848,69.9312113920348,5.431688434407995
5.258420148893076,53.58989454743787,5.5726415107287774
4.975796284039036,116.77797548229374,6.790245509756455
5.237244777772395,62.01928453877152,6.389160825346256
5.800814851942162,61.84723461270737,6.026530775762311
5.400980100000001,66.301398,5.51022955
5.416388861194955,49.79628869477523,5.487157316020749
5.821485877098262,61.37198854823067,5.241183990972334
5.093753073359097,52.78341033920833,5.898460526058305
5.712975018218884,57.05320813080525,6.229682690624906
5.333916570952641,50.31194323970854,5.86227211731291
5.3692055865541715,41.20304317392887,5.863166171299113
5.7708576221845975,48.2300455941146,5.76809516670848
5.87562445386252,78.98089106792494,5.809595763489893
5.649654104534255,59.355802344274316,5.7426975384086125
5.407239160807364,79.03316888980237,5.99692775198142
5.354919545677,55.74735669160035,5.858174812236724
5.785139946523229,45.15423321304661,5.630750744639107
5.650964489757826,66.94054810705236,5.663383749414967
5.800945347985609,47.627253925785816,5.9224555498656715
5.51116107,54.602483400000004,5.73481604
5.25702909529741,55.40155165929516,5.655128019696107
5.3517387477300264,54.29157520910087,5.495633564472763
5.429690173213488,55.439146147404756,5.747228250739429
5.3351462779708765,74.6628768721812,6.133194535364852
5.1249040497538045,58.79171379575731,5.801010918673189
5.5311772559050505,53.16706014236844,5.543457909311162
5.2623786221075,56.6005859308016,5.86586793492453
5.5040256,67.62159,6.043481895
5.528108965494086,64.67794069577967,5.915356999832852
5.419430630227095,63.582904898302644,5.828796367889102
5.5459285887296055,61.332891394857796,5.616413601650818
5.394628836898244,63.59833080216139,6.039703924264821
5.241090446097783,72.99036812791373,6.2005031394042325
5.636070330897792,70.47761825734824,5.763252008979294
5.470994343493704,62.542212213001946,5.615594736010415
5.636449547547203,63.90425540034815,5.973737964194577
5.234517103985234,58.11733915451817,5.747744806345743
5.433392514436927,53.94223692713694,5.515257129923853
5.440002145969498,75.474391352539,5.699743894605619
5.359820066188273,62.86207075116111,6.294749768083709
5.682036076092648,60.58211246010623,5.96582640591547
5.271447626898493,68.04031162617845,5.517427263694465
5.006917127374961,85.10693516297498,5.530719332854714
5.3030727,90.90932400000001,5.956027775
5.447739026683773,54.85583315205286,5.50747020962373
5.412352295202899,58.83051534437933,5.815862042588594
5.266518514822416,78.67362409977005,6.201886412894843
5.45245803,52.425261,5.958871875
4.991089759516723,58.54802583155612,5.722750967361756
5.667223553637344,71.22745651020925,5.775236176129309
5.595008282927879,73.44136871771438,5.995716377881487
5.175283996371897,73.28380151741594,5.96827495602247
5.585572306908959,45.975218149294776,5.804958371650756
5.668230262896359,66.71773636248827,6.088662527534518
5.9350482,63.102699,5.73621276
5.437842303979891,69.12403433658226,5.691011058122216
5.507357806410513,46.751734674418714,5.59269199576528
5.53119696,64.83713399999999,5.96662685
5.5164915,52.6084515,5.712786505
5.40441216,77.4079236,5.95393839
4.916839682219486,61.69541461835414,5.806125501663217
5.243020651400899,67.74636283266234,6.321515124404171
5.479204412686816,50.09689038804562,5.608737152659145
5.558985691175293,63.57726007913501,5.76639349901547
5.383371816465231,50.345487967356576,5.636871153223565
5.319560081840113,53.31854082491472,6.098914563209237
5.483618327709848,48.7126014821129,5.8607144698390945
5.15699100740012,55.77262037491828,5.855742644652555
5.711564822619418,68.00116775160768,5.973930724127748
5.693659043122828,58.88805417000037,5.736637686021875
5.375154447560634,67.50891488894086,6.099231597241363
5.415505724760428,37.065638830271524,5.606247026900355
4.920678313422355,86.38665997970757,6.306658314261054
5.9395707280127334,72.51702530444726,5.741645092115296
5.238091716602967,76.22878892779586,6.162947464018975
5.494851801626707,60.5321303437097,5.43913433528643
5.333249571282859,42.29857912052964,5.678716788925561
5.0278699160325155,87.4037656355566,6.178035416603985
5.612015400867011,61.26326295024069,5.662105411475823
5.562236725952443,75.53518301843825,5.7180496507320235
5.472786641165467,75.04255668567127,6.118582379115825
5.556954120518626,73.76883189322811,6.233848820236059
5.280752536636448,61.62555540908082,5.8679781913348235
6.089528457614948,66.20366577131789,5.76704925597189
5.333677760852189,73.07044231236897,5.549123735041775
5.854051318171407,83.14706772243362,6.011133299742813
5.667762893575445,68.67417624481301,5.617050616654191
5.380726205791198,58.81643762187201,5.941555972422042
5.425229182929198,53.77016393539512,5.694678196213231
5.31173688905628,64.09494780526958,5.674389607578171
5.434259788004362,72.83452307708383,5.761126304865255
5.5794613441023975,76.1297853317888,5.894057784104877
6.014634069833331,62.0229658107617,5.7258550602271905
5.427295880104469,67.83174939698793,5.6473717987136975
5.4486531,98.4942855,6.1231789999999995
5.660238404567101,47.1197564864857,5.983916089422706
5.638976507082509,58.58990918080592,5.826088634838461
5.78929814193408,78.48066619147642,6.229284668286044
5.669772863241195,52.165844782209845,5.559877567220548
5.8279969475955,51.980386277339285,5.56577703384273
5.418732053202205,59.576495673479435,5.533767842390643
5.319135270835316,49.56510919896057,5.747279286512489
5.5061322470817045,49.00062292692892,5.8045042970223175
5.369992829792305,64.8330907261583,5.68042007664881
5.44993213049232,52.643434398472294,5.662751796010635
5.187120035644879,99.7829619102236,5.984859282924308
5.447341206075285,59.3197113928477,6.167743714873352
5.443142760000001,66.1721994,5.57603281
5.5059741596840235,44.542491044560066,5.795915109150634
5.470219014378437,63.030148188092014,6.127523454658665
5.33787732616187,48.234209694349055,5.947359377624562
5.887702862141498,100.65425549288902,6.368564582527345
4.983777890827172,61.25484147357928,5.763019735890046
5.405455949410536,61.366670523133486,5.896575334508313
5.148682969180521,80.00425535816636,5.636251006416523
5.912664299999999,68.817042,5.56927259
5.130039511033131,66.6274034016497,6.00770206264329
5.344512564480981,53.26971172301387,5.585940280231266
5.760820219276991,70.82738720306324,5.5846733338362045
5.391047107377219,58.71444979070893,5.976077663998909
5.202073682529497,61.63321373539011,5.883545287318002
4.9635328571770465,74.12748496907415,6.161727061600621
5.826767762293894,58.10278217769686,5.836767340274868
5.995065909703746,54.32040305974975,5.547211408348149
5.34968851663508,66.09173691532388,5.733262521386022
5.31185693305623,57.35537909322961,5.68942244297871
5.537254619981309,60.88862829290003,5.775050890152762
5.287126316719707,71.35739040163557,5.865793221993934
5.371500155437273,88.67111794594554,6.215185352651798
5.41155914597465,78.59657968829019,5.930270845746595
5.334169528471406,82.35583307936545,6.153885150091622
5.244852206467262,71.40804503125189,6.004298246121867
5.4986409,66.209598,5.550005725
5.799663745950286,55.855255553322564,5.7003776968143525
5.3472916062408,79.38061357714605,5.641014978003914
5.450235376946633,52.805755985193684,5.569860096461598
5.7214296438179595,50.96584791870746,5.744449607573396
5.8297505101102525,44.78495597071194,5.845581759835052
5.165829490314179,44.68550937104319,5.737396648974177
5.623705678759527,64.92654372585862,5.922719623108217
5.469736194821927,62.55209503750965,6.046701350847553
6.176379959469394,63.86797052757449,5.7195716176753235
5.2674614356865765,66.63301816425634,5.957392148535333
5.193723089486481,66.44535600735352,5.923670991159882
5.11058336748903,91.76618624965087,6.058428340716645
5.64406480888644,80.28504077989899,6.448760987482582
5.896663901134007,55.92239718473044,5.588030759876953
5.275239186291934,49.40483281285864,5.478897133510867
5.657993796782717,50.48521038892229,6.060479024369935
5.420778894955058,46.85108459726688,6.150426292204832
5.82043005,68.235885,6.3034384999999995
5.566704612073968,62.04617682320266,5.759720991531609
5.579271073900087,86.4668441452943,6.276608722040569
5.3276823,54.813407399999996,5.89305765
5.717717033600784,67.34933773811056,6.00972161463909
5.80778970489545,47.10556904834423,5.619766466354407
5.265435090246234,72.56284178085414,5.940064961768339
5.363168729410618,72.70528867403573,5.8115855000855
5.5215399810165335,55.30747121626703,5.583286493462021
5.516080608504075,76.29670284141282,6.4977287670044985
5.535085441421543,62.80999250455463,5.64928854980297
5.796104477519295,45.594415903627436,6.068112148376998
5.480235204230181,62.051460712659484,5.786936891295167
5.553079335725126,50.21828750398826,5.834612707106272
5.630292820545564,75.05243155486743,5.398392371337979
5.506105103526839,61.84763010457989,5.66737762809593
5.815914133440276,73.07373506728507,5.624695842410287
5.605425484504061,63.0336024130609,5.870302586512263
5.475089736259935,58.875435389914976,5.904986952111149
5.656714724480901,45.63510363120865,5.731304343982985
4.962150491427297,95.30254063486618,6.408682125286173
5.439424933973666,71.99614542653151,5.728324953215762
5.39539701470204,81.9086906453506,6.317764494105671
5.460635808493016,38.04334275585283,5.647682718214771
5.612867397380362,69.44227567918348,5.881839249943337
5.248427469517499,95.65783326702586,6.832788043740031
5.45347296,73.8405666,5.9098239
4.898189945559606,103.52388445959237,6.306621235261869
5.422675385366318,56.58115731947666,5.788874473759752
5.579227235381335,57.866845060353995,5.528960814455846
5.382391322512071,56.07465926711974,5.689322833101451
5.497707715377717,54.59462750818563,5.709691801029394
5.547318704666708,55.899683992949825,5.774190496212443
5.28326253,55.654520399999996,5.68362275
5.812773039858535,46.255886653621694,5.656720079999806
5.390176861974812,64.21818154085256,5.570309210320223
5.605588299350811,76.15088965144263,6.118442502479725
6.1074342,47.439589500000004,5.695994075
5.185609654563192,89.04932432907576,6.7123793617097025
5.487089577270855,53.92616654209444,5.858807462102095
5.126328132294613,70.37937024605435,5.809646846812037
5.409545464691039,57.73095255814158,5.691613139413527
5.6204436972227185,94.56869762630357,5.926050207332946
5.458187449184705,50.759612989336674,6.239213875014836
5.216955110691955,72.14740192684596,5.92590971333662
5.5946038967665945,74.13755815603979,5.913888806469618
5.395713760539397,63.35383324784449,5.437306761341368
4.907036814714452,80.96423814103052,5.524130200951333
5.557669494419584,48.05919254595339,5.627874613514432
5.461013138734102,62.853868743954145,5.7273978451338925
5.24247363,75.736476,6.298816795
5.134019064005434,71.12252082612521,5.990692428073392
5.202163550363608,56.33531158921012,5.834805916790588
5.285665701731755,57.377640078737315,5.8562440651119925
5.640131974655849,61.651808461321494,6.06347888653061
5.448639822873674,65.02830188384586,5.86371469585106
5.731313245120053,65.61132775796356,5.8980423248626135
5.291690344604498,68.7110965273851,5.887388540172737
5.392093200542549,78.26850014731872,6.490464128921014
5.342114459173622,63.07179759478735,6.065645411814038
5.1222432392323025,56.33121973066419,6.032441029519414
6.053642512804099,66.44439827292429,5.862156871646976
6.0710720878896085,66.20615981636628,5.673826099930194
5.415201772766632,48.22124237416954,6.102948132734754
5.445934866024808,64.8136849287419,5.919335462189493
5.505792404507862,70.37723380374423,5.791285799772271
5.517271836539337,69.63116446114758,5.946463212547487
5.014549112421289,69.99077433559968,6.012071227030483
5.635870404970073,64.64750780758273,5.818787717224147
5.455971,57.513546,5.6077962050000005
5.614066399887717,64.8422469854861,5.739062114539503
5.47921934514437,33.07196125356431,5.78520790059043
5.327402720298591,83.00160702963335,6.107427646852634
5.739282456116758,68.82072846937493,5.2995205739133056
5.547485035191853,66.57105055600509,5.974328996273892
5.157817852109386,61.389882866752714,5.885532865257497
5.6153267404046945,65.68979338825403,5.6531385768210285
5.381281024966231,83.36145809139383,5.922294008817927
5.676298657962725,61.21044202689855,5.928710106803902
5.358756536517354,57.80687600564806,5.940879087340601
5.972361936454329,70.35883873200875,5.600283757107415
5.833893045439468,52.64195726492183,6.059250922225537
5.437177884303003,47.00900498513575,5.594086175595607
5.712627077220619,54.51459380568783,5.7822149689260804
5.061175474139588,87.98095082974064,6.460599895743314
5.294951405093215,43.29636375684666,5.456931106509064
5.625816070649442,67.35934162985814,5.60251936073822
5.60107444252952,49.48953847432459,6.146331566063996
5.489278480689588,65.51134785732032,5.711898024159737
4.923564397649792,58.00586866617891,5.937456005849807
5.943584654055456,68.36047342959918,6.382061909285075
5.120504800870427,81.2184258974416,6.587366648686942
5.253232235448087,41.55227441080231,5.682456201642182
5.202583983736996,104.48320965515816,5.853334391957543
6.014849255370619,71.14888859357751,6.074381439003985
5.270653429277061,83.48583394136867,5.824776875887401
5.501623852805201,42.54629453452424,5.538640133504913
5.691164086146529,60.03625738562639,5.887805276584071
5.76593955817178,62.76911898774548,6.330401298921879
5.20426220867809,74.32299591920378,5.9027586367213525
5.360588284537353,58.713158707011154,5.311747172953061
6.055093328337581,92.1938183607531,5.653153894446385
5.090639313526176,74.45817861605428,5.566600636258026
5.515449181383212,58.22587439860557,5.797127843676402
5.6808284048161335,62.62068411085137,6.114462782037525
6.051960980161077,63.435897840238376,5.9190235745180555
5.673662567334255,55.74157719207949,5.551186576976122
5.326326361321359,82.48800956481101,6.15408818882501
5.9603148852490575,57.34971621685321,5.64031719227093
5.181990663486066,57.55345782189444,5.9489789202715
5.453077547251783,54.6487260740509,5.835367410390219
5.131634565085175,70.90683460106995,5.7515778841111755
5.310250437563879,80.87602361145817,6.142669728940911
5.087356694703481,55.8549266789317,6.042756249118653
5.2140997399505435,49.590403327217075,5.883103432978151
5.098259814080943,63.19357663650407,5.736660037479164
5.77004106821248,53.58009635483775,5.543088313303276
5.605098031058564,50.01582713110866,5.867431199178234
5.227790303111399,78.77477960852319,6.081996479866313
5.2834563619723784,53.64648617630713,5.834912999665522
5.4798741,66.882537,5.680984605
5.899765145200294,61.230555823038955,5.591858721400817
5.306255191236066,72.31173701594993,6.006499032844534
5.523878780045305,67.29457368904707,6.132705036792632
5.5517590678881845,52.923798338999056,5.783732845200191
5.345727430661531,45.06473019820877,5.5389607466201225
5.823699503722689,56.776460001904965,5.595452544129488
5.20467798759469,74.29611712473505,5.480146924340692
5.156855995572391,58.31354454095668,5.576878285263912
5.383267271303929,68.81334751146542,6.1690196297772335
4.993369589263801,98.40059470531934,6.302566193066355
5.844645893866915,48.579736603651966,5.713833989513226
5.709016951236426,76.55547802801584,6.132778733028218
5.630920695610789,49.30945154416991,5.9379719543528
5.097520217628372,86.51399030149737,6.213897334988688
5.368742603360919,57.93893727755107,5.619347607772923
5.244563879798907,65.65123578304161,5.892151682647998
5.17580374092336,79.6861668793825,6.399011172277356
5.093070199223708,80.38660982153243,6.1639982250226435
5.312670696420924,48.02066475790973,5.500791288860159
5.272145423685083,87.91193651733475,6.201803280725774
5.200634341005241,52.04281186193261,5.650127492606817
5.684313494014862,58.910480556250135,6.051281724186765
5.455309958331371,54.756597951179394,5.9211291413257054
5.510824385412338,73.84516970577431,5.448012454002244
5.844760393541583,78.97994361531737,5.919776606334846
5.55331142156144,60.522014660569866,5.852156295087757
5.8630212,63.35483760000001,6.0368388049999995
6.037839039734833,70.09533882002157,5.91653787239604
5.205246334472945,69.28458345885315,5.780309035799918
5.380130190689576,44.04145526756942,5.609668903563142
5.600204592531218,70.58606230482653,6.208177691801436
5.208833333012343,61.56609505852919,5.961238309215531
5.686298007777647,44.83533796604801,5.749714831543783
5.362214713655773,49.35109904941318,6.159864355203254
5.711947185838442,63.6234059166263,5.880666151743326
5.53284229240905,53.592907487326315,6.147354352092876
5.788018570285963,74.28120459529417,6.01776567180717
5.353854294742741,79.42797397829311,5.29880266087585
5.490098840311613,77.87436673970862,5.717887105338043
5.250454112007703,58.33411501945564,5.65933406227165
5.5901708515109245,58.7882285547923,5.950619389600936
5.41197297,50.58144,5.6963668
5.393031614365019,56.52984972899492,5.676690735141467
5.543244727178249,71.25571358399009,5.547028517763008
5.3814906489614485,76.85632612597054,5.744999545997774
5.603751510261178,85.48140951257298,5.811197322742588
5.04361234024681,75.38021592225984,6.317854345400231
5.295190372629917,86.11179669719114,6.043829103621461
5.9219532392193655,58.88133578995388,5.579505458687572
5.989766226001141,61.36301018064313,5.787711144404069
5.181457282037463,91.60012342891417,6.159268486024305
5.520436163369221,62.64434186115207,5.808075183847662
5.548077568183352,69.91421058492395,6.296969579586656
5.3319375,73.47807,6.21034174
6.031912376311745,75.21379027500753,5.6926711111972175
5.467076834454644,81.5541097340651,5.906501189158585
5.369376633623427,56.02322167756181,5.78654826954621
6.0133833,66.245067,5.922523495
5.451307702642063,48.319654662569896,5.415960004972165
5.211463630157471,70.57874032876202,6.4644769156946555
5.847857884487883,62.907577579439156,6.008058800221829
5.468925915700096,59.634585019719765,5.930456419982827
5.513684838202842,59.775956623849204,5.520744937933747
5.656800701726635,82.29598978935832,5.654534725663988
5.773694150040103,53.129372981650945,5.808927898716849
5.051725169734321,71.62122033072492,6.261482512138383
5.541697002380834,65.66717100782706,5.891144155634941
5.70306384,78.090714,5.83287085
5.410816363398825,61.788997705791324,5.971344301238316
5.501616474662969,51.99928428969327,5.907947852789139
5.840511377360341,70.34264193172163,6.02368008171973
5.69159505232718,58.36856863871548,5.850983133520169
5.417719026745653,41.5964257472234,5.664360620140762
5.301563179985788,58.34700838872873,5.652968050719211
5.75270736805592,67.34507004482803,5.953408888879608
5.312510021633342,62.01721246536307,5.924772213693589
5.17806928865753,63.52121180025595,5.603158855442067
