P1,P2,P4
6.977243446981784,62.36029516630024,7.524852950838085
6.091911689351017,82.37203899120037,7.476426378502825
6.390232442067545,44.89069644898105,6.526701624640155
5.355288649755787,67.16157626623301,6.397581044566624
6.001445297538416,99.47877189593774,6.905696571399468
5.634546177422539,74.98594698246701,7.224298196019343
5.799516237403271,65.2030267491759,7.306341447397128
5.614366812600969,84.27519447661254,7.114413653080757
6.0053421966282965,66.19083969583711,6.280650676700997
6.040458382605701,65.34704355773698,7.09697256295499
5.184978286834808,51.317787626307606,5.9980485890610575
5.009727596696465,48.356659527111816,5.533013650987969
6.376416481493926,79.70640052673727,7.147714158291144
5.512188795227529,64.03104356080405,5.993833826883945
6.482996791044681,86.38204401586869,7.3389552474393716
6.357581548070397,67.0600603535684,6.7911056471802995
6.200237006794131,77.05118150317492,7.253830855437052
6.117625943309255,59.49799781979328,6.995687808578015
5.68682644400323,78.76266949219954,6.634578166942107
6.263378627532382,60.27340137571461,6.759276677643591
3.686799694353191,52.431157655065235,4.277717357685109
5.9620639034339815,71.97403926814691,6.664339661154375
5.436439060044433,107.83346120122893,6.640553612189345
5.958899756390919,74.21607661598954,6.238775191856341
5.447953512510583,50.03661537151677,5.679413503366201
5.799563036216598,74.7645433945337,6.99242260854992
5.229367528738595,62.11373011195096,5.791978423378068
6.332273409077853,76.2886789393658,6.823169432413426
5.505734348687846,113.45100156479052,6.848768998632568
6.243752015556608,68.59013850137644,7.344996772075564
5.933521693441166,85.58503860329847,6.560954443521474
6.54772749555338,54.67255594563216,6.922461615416489
2.630513339867747,53.597539591079986,3.621491595975295
6.2327766161308995,109.94947998811743,7.507985590526425
5.663047519431821,53.22175888783259,6.307850943341063
6.338742970304598,67.18815585036091,7.4100615097235885
5.640983888487139,54.537596183164396,6.269909374047244
5.99789315816067,65.0583745660147,6.518925331698274
6.657913903203044,65.47727439265016,7.346244808574718
5.97863920330053,64.48861878760624,6.978392402541117
6.279110453955296,59.550175801992914,6.59712665676912
5.573789043768686,70.22113014013752,5.695532383148425
6.273081662827989,62.28640646129313,7.010834675132162
5.549405121615991,55.93924489618343,6.829651973054536
6.172887163549809,68.63658127857823,6.9224182943548485
5.994753915599172,58.3990739645814,6.8011261706548
4.4142278491747575,41.83749751795651,4.71159158471007
5.533876187067658,68.82993199338232,6.184490665152325
6.635709298805598,92.36475227157352,6.944290860135753
5.279003587772718,70.90121465915882,5.817001751858852
6.024355168763764,52.685477211836435,7.03092895390851
6.287152245362026,83.97298192053007,6.992497938300683
6.358194777913854,82.06651463708113,7.638708407576239
6.14649812053349,86.95742132367754,6.822548491666004
6.547915850795432,68.22111295774593,7.187276382111755
4.037617911654712,45.34111866450778,4.824791059240527
6.547008501429915,89.38974389540262,7.191325931104426
6.846483264861611,52.71653359813304,6.795430089389141
6.707319922001797,72.86685885447525,6.919305689220725
5.370363948677263,98.19346041626083,7.162781464144403
6.183329227163348,81.58421174465514,7.297339549071935
6.0809161646501195,65.20161202018015,7.019626818388579
6.0972305119666474,83.35308440318053,6.483658647628376
6.837959146460875,70.53933713291195,7.019478806707027
5.827212604154921,62.75667030154667,6.885205660578147
5.468122514719954,66.7077166647055,6.086094498566327
6.5305360494204985,70.24205322134402,7.567799356655336
5.743072892113463,69.7311155123594,7.007545714477971
5.651198108508911,56.514883966142264,5.959958918486292
5.3076638964228415,85.2008115837917,7.0036286259293545
6.579306281882306,82.06520134314145,7.569337762462755
6.0165741838851705,74.7253514389391,6.845900157845317
6.129625538884691,78.98535271467314,7.338509178519733
6.469196758366804,63.40764549602679,6.355416106202629
5.844694678103544,62.8053080785387,6.597661624883616
5.215627251465004,40.712021551965,5.1851190787109545
6.08670851384221,78.5187239285794,6.884155057108625
4.887407799541213,45.99979703986426,4.935380361416634
4.724249366302934,49.25273437479396,5.4279625620770355
6.212481017439748,69.39730310613585,6.774610046604842
5.832169215903934,65.22435062752245,6.059960154122553
5.713222189001214,72.14366118520825,6.8839785080717135
5.774473450390917,87.090784395635,7.186376510783526
6.802478811442617,54.15578245835021,7.0605310939201305
6.385706837071055,62.82711907006813,6.987942114490818
6.197710658320135,60.48090354469839,7.05770364041205
6.320623873858619,73.40023602110757,7.097839731369784
3.542389363453466,30.613703969619408,4.279758211363475
5.921535544185041,74.22132621297906,6.934798088089699
5.0354291493290635,48.74935859880944,5.42508615721658
6.795768131315895,59.99996932704534,6.852487894992948
6.393337034654748,70.86889565452397,6.636304226020679
6.182436223491959,68.89472110405454,6.960419341769545
6.785358211205611,59.86738101783042,7.18043376883369
6.69271343085032,77.52607743330533,6.909998285755271
5.160154164374676,47.13595252576466,6.107072304851079
6.344753671368039,71.55419190420741,7.686532736935626
6.729150738836041,75.43804008144248,7.163147465099341
6.770406287582226,75.77795822388713,6.654592437334143
5.904928899611335,86.53625456876603,7.545892271311628
5.5354559542812645,57.429729452890534,6.570067991723915
6.578488802028169,69.33162407957579,7.165850990153102
6.512094285408683,86.25264270600532,6.897385708762189
5.887436941987383,70.15176089852828,6.676273284949467
6.1558501271690504,61.10581905575921,7.3018472032759325
5.4692876658107705,75.6704405867756,6.525276318983165
5.72986127280282,86.78700780235623,7.083847365688507
5.923207761161093,77.68294568891947,6.879120809696367
6.113637295599694,62.62125232492439,7.172005073871166
6.303405658479107,94.62772130045222,7.635482920894186
4.704402268766801,88.0513674529421,6.170297233026755
3.997838766819616,47.90960300273484,4.685746091776512
4.806309889511973,50.9738698509194,5.546638813131488
5.335450156337268,61.406833200773015,6.4905419423864545
6.478659421706122,97.33849058888416,7.036223232847102
6.281431409039293,70.4588123831748,6.556506533929749
6.16799206771938,58.96370724413286,6.720317700197522
5.938685630612554,89.69989351146945,7.482355013690333
6.419624679372222,71.47863624497089,6.709345356127745
4.720887479668513,61.95786298994251,4.906682553761971
5.752751451286024,75.10690762205199,6.604233132457202
6.275724061713017,74.5974619016388,6.798935544059632
4.866518678750578,37.82539818038503,5.3022205116490335
6.210891989613359,67.40218264617232,7.099675263530621
5.976495651713088,66.81677366588868,6.807301183843992
6.645418743149836,54.69371583588113,7.051253968259148
6.336036595190988,62.79135962730288,6.549952972231609
5.73113096200693,69.99976555554754,6.615908237727703
5.7627155483962715,58.35386936263514,6.727408004699016
6.507253986440764,98.7533035214911,7.729841199308409
6.035104011028947,85.2767592673419,7.077362953915002
6.098403202559831,50.06799885225217,6.516508742955326
5.645424443258759,74.79777221186151,5.8760276904193525
6.712987269080325,82.82268411351541,7.725700784449303
6.140336570871799,64.54774835484557,7.27181916919408
5.323031641790744,77.14984135280466,7.486333974743936
5.769663223947441,66.66380720242428,6.582403591600442
5.9762100434573195,77.02675346306056,6.882581870576319
5.978439556993121,73.05442761267197,6.814774154968892
5.947447568836318,37.62374894319073,6.090230688407329
4.242900780983659,52.419518006093625,4.552465523334922
6.57443459473233,94.82217959515586,7.807013727448301
5.860837194521107,67.50285724602871,6.365392133549862
6.344896432532492,55.886414925558746,6.56113952686207
6.026928746785472,61.124927819889365,6.81659815899104
5.36770795808358,69.34770391407427,6.590081322893283
5.762469148371322,83.21047745556318,6.7709787317197225
5.866382012867976,88.07188121068563,7.207063352897139
6.12973579560663,98.02379194788922,8.216740186398521
5.876741814269609,71.4913793675701,6.617140077977908
6.22933975775989,54.99686379512935,7.038397234107208
5.754087119856475,61.185405585700224,6.350385529044102
4.444693440045665,38.96187631446135,4.693619258918465
6.721784077150257,89.58110884677498,7.15202476593933
6.8374261999881,58.54359048546919,7.169803381841868
6.771923368513211,60.62662710907684,7.127878418016461
6.0502738807436724,92.43053601410674,7.18804859050017
5.145165663804186,77.30652275225515,5.643686327721154
6.100879244170903,72.7922016221749,6.316901884050399
6.3899988179853455,65.86969062495635,7.392634365852481
4.025320836810031,40.614746518760114,4.539140863908599
5.8770707342961845,86.99551778855847,7.411587204511763
5.183293341825493,59.79873113762688,6.319782735094596
6.374876440687335,70.68213891266878,6.818500621925776
5.344722678298347,52.625159523544475,6.126360204219865
5.760912784315213,69.25250511861356,7.028080428634913
5.269572899009048,56.014436920693164,6.037653633071081
5.829736535763316,81.16885267038606,6.428182568737127
6.746094367759553,71.92141998087571,6.946266221489714
6.396348207260081,63.420084001973855,6.876591746449078
5.692100355665171,69.03912108852963,7.171425408908302
6.096627571582364,66.99060655377463,7.189270811578913
5.739638982427041,90.88873628221216,6.858864813429917
5.904033252408752,63.99972710133992,6.718170636351681
5.401734736817391,84.39669867874449,7.2269998498793315
3.5118696676257155,33.789269941951375,3.7115647059726804
4.778858055246281,57.25412576373088,5.611847818202459
5.411833719499874,63.510193087745904,6.416880358634649
5.835718783497758,77.57071901779408,6.890904899408563
6.357118094470884,68.20714210443755,6.807679562614845
5.848798728234159,60.84975497919131,6.949499700900703
6.029587236607958,58.16097429907137,6.7943768285700505
6.162055479841947,64.69472984348943,7.822813491029809
6.502403708966189,66.35106352324424,6.772716737403166
6.366044885489948,66.8921062598782,6.338475990819102
6.488606733773073,59.5581980501869,6.967093243856761
6.763105684609628,43.187198400426766,6.989329391984842
5.9998210110163255,83.86807550825405,7.3344298288862655
6.328169562163506,62.17222655157977,6.7981208610438335
6.155499054013226,53.33853211979096,6.763822709684327
6.25706776102051,51.154401092776716,6.74586139008826
5.259364705610165,61.93827357275748,5.955580593976218
5.422706268921639,69.6936007045675,6.715786156071503
4.334965844384011,39.39998884651364,4.73606802409074
6.4777898455087985,64.99600610225025,7.3358864770620755
5.732015437319841,87.85647671380192,7.054857031533216
6.186498686012253,102.31857496415995,7.524646479674345
5.667950225911781,85.03065444209143,7.178701005346538
5.908470764857905,60.45846486486108,6.704939205451475
6.450783366855148,63.73759480290402,6.704652366733227
5.868819894041736,88.93148577383366,6.911702503577427
3.9612188254009966,40.766255615345145,4.325376838654589
5.5611882143772196,89.88494883292546,7.178412776939208
5.2708440743342715,57.662453371067,5.632695163369146
5.775892195286409,76.10525075338417,6.432684989893732
5.4484559127446115,55.20978754002256,5.271941385343101
6.0978469464462615,78.31645236988129,7.330612433438799
6.587988535010725,60.275144268319224,7.422313566261767
6.241496069079011,79.12263640971615,6.579551963609575
5.372573487885938,62.2855387632941,5.839643230459685
4.859788677031571,58.135609384692636,5.516319957960302
6.0050067885210945,77.44120525265232,6.977620654458839
6.32457468726668,70.41293831352857,6.7881175816683434
5.8711353534968085,65.70576120368789,6.8768359825485055
6.151380326893461,72.54242819446192,6.933830755037162
5.158468044991186,58.73555571112915,6.050704839093815
6.455495978004495,77.63232798492359,6.977762524793194
6.020931609138496,56.64355964702403,6.495042841414492
5.257974942275083,89.01511613716379,5.881980288307931
5.610978155526313,59.75921358428291,6.230959465302284
6.3804573541019485,88.91242618305549,6.959323872471794
5.591192041578726,68.67562997036141,6.856631633219113
6.790223957842874,75.95632734070239,7.106723749801918
5.824719821937478,49.48045822646862,6.553669500089644
6.302295853853011,62.805772334839276,6.675090367754231
5.872860237341929,40.475227886529574,5.953687682250721
6.175940643468644,48.09312814530864,6.617729709598878
6.221327977874673,83.86843634436839,6.947519522259903
5.682436313367159,72.43309494873495,6.966967847011324
4.504564558395929,39.51522206912603,4.923517089053411
5.886131692696822,69.55413812898799,7.207251680816988
6.874275718625261,69.18555962128765,7.171566223584969
5.305135079779446,58.18724611770446,6.25404625344325
6.215227922908206,78.92326106928644,7.032108376064755
6.443828513743522,60.97270613602703,6.8237218679700815
5.590572912096685,72.99408627783141,6.869678713360607
6.407484046179953,82.03794115098825,7.797081128368905
6.113805011902576,54.60040271280899,6.979527724826657
4.988502977249321,71.94498499542168,6.2549919724559935
5.784222518545769,54.66449867683874,6.1859206313748665
6.143737737462067,57.966448878012265,7.154181884683653
5.926518612287036,74.92655456109186,6.42954414287925
5.033793060679675,66.50535668589669,5.85043643081181
5.943004736829835,68.90548391808316,6.52148896995485
6.335160077838209,50.012136237418744,6.929283062621879
5.648374660487801,77.28256977840786,6.915770785518543
6.052716045908731,59.029585918784925,7.006309007173021
6.1174301942831,79.78438285926,7.709935774533723
5.788482868533389,78.18223320004454,7.222724101156368
6.328719945099251,88.96021462961316,7.303521374214212
5.224111416577132,56.56101532222436,6.686309920248099
6.3199676367577595,79.57225997471573,7.33959405807844
6.5055217755034915,61.914972650891116,6.798829066354277
5.469571874831733,91.2059363750139,7.311416071723341
5.46677150692721,57.8525748242779,6.380381718771612
6.036832710348745,64.12531240171587,6.609381250027102
6.245355075956502,71.76477500195189,7.622615445681389
5.5002916065294905,69.98232794794983,6.667030597514852
5.991267234832349,71.25272573755237,6.862744190437139
6.4760964731740405,71.24908644120737,7.299231526925363
4.972222949482874,38.07524307098432,5.152543780539362
4.967545319834182,55.70996961515043,5.285683751568146
6.177181883854577,61.42725162230839,7.229985230350233
4.301258481459201,37.735996934210924,4.804992599595142
6.087872599552257,73.07528830681535,6.69049278849883
6.035760929323838,73.50225515653898,6.557146341980757
6.0831677207440515,68.26799050939401,6.704053946715866
5.189726284576339,59.873478667442285,6.235988775813191
6.125633099474481,80.45981560004091,7.414556578262661
5.60622531917935,48.50735236814737,5.821526864818311
6.099425304298481,64.35315142134647,7.620952671239596
6.554394475651839,50.40843789258166,7.335528360509855
5.443635377391988,60.646273873734785,6.942456618563701
6.3341102349927825,69.93078098412597,6.417063345342067
6.25503507875905,84.65603339536973,7.4331135463705
4.5148337642812315,45.591568586992544,5.001027266554969
5.447460849517408,72.58170992900875,6.752488907049823
5.905507304778292,74.62608628112534,7.032653037238303
5.660703133643899,94.34763855480301,7.267270273624041
5.960137232662579,73.51718754267391,6.817167951505372
5.157525940521537,79.06049934078305,5.997167320603999
6.285402302470941,76.97465018926556,6.9988334231
6.345499974194105,69.12859996592766,7.273747571474204
5.920695019245895,69.77654632858471,6.80238827133958
6.684357078569332,110.94824486571555,7.131198599548998
4.9552907834644735,65.44876612760636,5.944422294659777
6.441023142292583,70.74186173242305,7.478704427492715
5.604668450307369,70.20643995294319,6.456270845061539
4.917628106911297,43.23549023661587,5.57893763480863
5.808494141271152,58.12230783521592,6.720729121310637
6.311026321149827,97.79246074713849,7.2616362292055525
5.974527168474994,90.84797709911422,7.088375107747391
5.817988369822892,100.13117792102844,7.098760306108641
6.194706853451249,64.17115331318497,7.457242528882838
5.677663366695685,57.174288501080696,6.662241635050822
6.367287461280778,76.14601871753416,7.062375657784333
6.7068373549297835,67.17425681526585,6.856350195059208
6.435300731417997,47.87954300148986,6.77711417538612
6.031195235683905,119.80748207846439,7.776870761492739
6.238559466694001,53.3459620963653,7.184211415127523
6.643314490941826,81.46858443631115,7.142559479226144
3.286714397631622,25.381851043338173,3.434191592813826
4.735546165263859,40.19016082885459,5.317869224085983
5.738049495348353,66.8477474289129,6.369843084512169
5.858174550075972,73.80455828954403,7.087085785574185
6.3112742228013845,92.95262051915789,7.488859483245451
6.269158594302826,80.5826553932209,7.109195534559834
6.3470523690103855,69.20332003493773,6.760773325041141
5.269992005911527,55.19354263016394,5.694280485626254
6.130170247375156,72.31643719320871,6.908478170857861
6.104843810132207,84.06189002754374,6.834567293956058
5.51828668501526,83.7707363983702,6.363470822381881
6.408906937097576,76.40336560320569,7.564911141830636
5.772765686976757,90.90241456311935,6.954459785729385
6.454213699390644,74.47415951047775,6.635293773577023
5.743930663058192,81.45611945912509,6.5124958188770545
6.066016001099099,82.00168959026695,6.980896208309682
6.367160157428776,83.52461715350712,7.2330425729871655
5.506356252573708,45.005298294895205,6.07845858434513
6.111568650034488,92.23682756890072,7.4375982830772625
6.094896462062452,82.24298182209367,6.587867232975519
4.4366741604829585,56.89427448495309,5.0887155213016655
3.5866064453129582,52.20942401913001,4.369680090219407
5.187852645000012,53.645530358493374,5.618025042459008
6.144111540038013,77.3248203334074,6.549287867423826
6.211823876603153,84.49067550249086,7.0274153959291805
6.4340205629169915,72.32241521598513,7.3541688501460145
5.569108852851112,77.9698480319343,6.614353143984175
6.003731463457685,64.22825596606681,6.889411091337431
6.010670183968138,51.501341677338175,6.23562310046889
6.754787446334638,84.85344973532308,7.210410390995101
6.410298686832973,72.91857765005722,7.280906710872853
6.037615550389667,84.59160096018897,7.0743818620685985
6.677343112254574,99.50593533663935,7.5404688891373395
5.890350222633985,61.81760794669126,6.533635579895116
6.232825276693899,70.12895513816305,6.712385093504813
6.447722084837704,62.54548224292218,6.723871460490271
5.764567709551185,53.93142181202574,7.038647573053063
6.463856210669628,57.677213948685,7.299248071500012
5.192873831647196,77.53495373203556,6.544965682166243
6.286563899728874,77.59583253751201,7.243998949175499
6.6166541000495736,72.83902507843547,6.689362341686105
5.587458159261071,73.9841849568028,7.383202574610263
6.284634592214038,69.58232386952659,7.043874756151134
4.525757074731513,67.49798170845007,5.08787784358361
5.709069679615252,69.43652671979218,6.787748825228259
5.989201690515679,82.77194556045936,7.5444271715497795
6.438328335949121,52.33382539052126,7.050327560283881
6.2030749127290035,76.67824688702362,7.205328794987492
6.746617015474357,78.48846223212803,7.717625198576511
6.680256833591405,93.29794509549282,7.052853021212351
6.365753306240845,59.308371422576954,7.303400777377793
4.892573232341356,51.514090822117446,5.686871651950518
6.487376418122605,59.59943975909179,7.728862823552344
6.804874000989216,81.61185472674137,7.286512088985356
5.849757197832278,71.18284075311058,7.697354785115704
5.418181488426201,52.75052890249456,6.122230931774787
5.6427066228545195,90.3027561221441,7.760635705569212
6.621589292724079,66.12161232097515,7.456092470461527
5.372662407397479,72.38241769401465,6.923984558087224
4.507133498161475,63.97433677292157,5.210024941552129
5.882005756938534,80.05615726773503,6.299089581795507
6.439531501771376,80.84118426593194,7.366488213282581
5.286100820586997,70.6685868028237,6.237557000636314
5.688590605651864,54.097191253246486,6.590046666843895
6.834205580598894,52.68084343703052,7.106792971278526
6.697802521173144,88.56260564148884,8.014108069598496
5.8879168273122895,66.37940432979572,6.784688085405687
6.008662644707097,52.145103329734845,6.540547203781926
5.728074525269275,61.9551932795433,6.829050295137403
5.538852329572285,95.4600957254172,7.625777032937416
6.299173552985128,77.71768455606293,6.737854521591207
4.591386046701132,55.730938097731766,4.981845277576448
6.8747465213743935,73.57658477923356,7.147410312975996
6.196073682382222,46.1212604131666,6.687025022027874
6.139105019352514,91.59426223168316,7.1951674633734815
4.743716032646272,56.97380872560635,5.238932984732177
5.694940107727195,63.867692465556594,6.3612598846151105
5.88965688619539,53.21789202480327,6.389321039545756
6.001797928851077,56.94751396683896,6.7100589608026535
5.803999231450205,87.60104054170397,7.130414225620003
5.572556379188517,54.7242810574403,6.155742366915047
6.052386172684722,93.19649023112882,8.024896223897834
5.949486390939794,89.2510625113141,7.6426092287137495
4.913365326634893,51.773116418473734,5.471910279108656
5.805921934683325,64.80259277763663,6.802513350998576
6.667044778095591,67.66823638341356,7.0655699988152
5.99714421095486,85.04124645319176,7.114875355950723
6.635178681128774,91.75473516405017,7.4287928653926185
6.118953206720686,78.97829188795647,7.8800644097573915
6.016315916339559,91.50293873002921,7.913946908938985
5.704915094289814,77.25603600590676,6.986189708216054
6.169943601967425,69.38460559393188,7.104268472420092
6.006091327247765,52.26625747645439,6.65554752104707
6.289572146954519,63.15163279293224,6.544139729857513
5.76235864308094,78.9905780221854,7.024504187724667
6.4561755828505705,72.6798631101954,7.067743474084613
4.7223270224045,83.64628581456519,5.721311975526834
6.123615073829208,81.5317716339531,6.526076147650888
5.869243668998193,66.01546875060929,6.7085006429857055
6.51115192686067,67.20554302448429,7.129593455350215
6.477563292597794,83.48832273368824,7.521611718224706
5.257730762557537,71.68853477093725,6.046547731426602
6.008281673939946,71.11728302501183,6.560847600333923
5.885433611344188,57.35966185415442,6.358132723732317
6.116303888207503,56.86775452455934,6.566982336838672
6.02503663260093,84.75376269115226,7.609776978428508
6.208014047119526,60.844169008705215,6.824340199191852
5.886455915727191,86.9297601051332,7.291401038484832
5.580634045357938,70.22925038229359,6.757058367463439
6.548200820685332,66.78788251593258,6.989862940823827
6.496064413814902,58.49266424201993,7.20512037123478
6.249143336456849,59.31982421646025,6.580529651179648
6.114461603191661,73.93687999749687,6.578121292575639
6.581029814830145,69.59549930476112,7.750795954942104
5.732618288016558,65.95449461397787,6.280636402349297
6.261362905504624,100.07334197940433,7.460536420842802
6.508211973906302,66.44325788386423,6.982520544721257
5.818412357789757,89.30069001952448,6.752082084450632
5.915599609749348,74.97416101923523,6.792800306601419
6.48924810255173,90.13534927696668,7.672962865701228
6.710519270351728,67.28787502797924,6.3056384978165045
4.603362079054163,51.81639344303274,5.024484172571944
4.88948866828795,62.1235273920895,5.743303553179086
6.850000330449845,68.07899576286181,7.360463762055146
5.976281240751756,65.81911487918607,6.4828720580545784
6.085840953575273,67.31572774971896,6.2856021901352666
4.149875188275232,67.62290155592476,5.149468901442311
6.162339302277326,77.03566588088549,7.407225900068735
6.046596176338043,74.31685330689139,7.0712041795849245
6.277876854858088,65.48174505458408,6.639003728559711
5.919135382912201,72.07130259878795,7.241670639136406
5.859676851071886,89.54934404707134,7.539405852348328
6.174163816847455,67.83427678352515,7.36172863283078
6.011837080125147,82.4361955433701,7.339785630088609
6.2507369559209405,72.43340972560019,7.544569001100923
6.270131877632146,84.89044412400727,7.598804414903193
6.7340602434425705,54.267540328613606,6.955711580209284
6.387943010984883,71.52174978845078,7.27429353351166
6.286478094216954,63.92808593092885,6.887619886980714
5.754307905866409,73.72829781446542,6.623178664222973
6.197921534385156,77.94435074754767,7.604310329662162
5.796756979020668,63.49484754403913,6.821046933384458
4.951994161174087,64.49204035058592,6.098420659151919
6.306909878815022,70.0027313422975,6.871911871711996
5.286822177210089,62.01731600181477,5.6665219837214
6.316880228394367,86.45549360233582,6.888188571596024
6.125149410238419,67.62741752529197,6.886032049372272
6.103341554298538,91.55762470586215,7.051952852675312
6.325622394977198,75.51697398899191,7.177832491014606
6.423850242099651,75.79318752075697,6.7932076413142015
5.856986577084504,76.36433030383463,7.359063426676162
5.713090637153665,61.037544814782535,6.514253036032668
6.263944599204063,60.08920363699009,7.121912011814779
5.606548447334474,59.23601210980118,6.843251780667714
6.24446843555795,71.05096981478755,6.516370131684667
6.200748832872049,55.94886213726428,6.786063142532186
4.5206906670334455,48.02766018771046,5.242332881980054
5.739052073577726,95.05152629168921,8.04497826014743
5.873716690352275,66.85148370563363,6.251185856328815
6.2207829932431995,96.99862499065247,8.07228262337885
6.228135844521207,76.75615329250996,6.758379133324742
5.623898686863992,61.663543335379494,6.626166252839164
6.2755924381506505,99.20896159454209,7.751958465208644
6.575252767656147,65.16405383137176,7.733033132486108
6.479755270745682,59.83868878560044,7.220850988554321
5.184228461571916,41.408047895748126,5.915248758973461
5.588802869788181,122.16689674457137,7.419437042514432
6.068275104511512,71.17438544959482,7.628093416192871
6.5838901915754455,77.48070140426445,7.51754741833908
5.938793597154609,73.33159564767757,7.128940894679158
6.434634072332189,93.61254760095004,7.570331984106496
4.97480191456238,66.2616714462778,5.795484689518788
5.906939899979154,80.05397774227208,6.836818521387651
5.780947317845547,87.14460581996363,6.692556334947672
6.192335821637766,71.72235386525243,7.4104096814052465
5.636764798248926,55.30970513092406,6.420502217332887
3.3544250555484814,33.376373729407796,3.5652056571881077
6.634900903039109,76.59553269531168,7.026480859490116
6.272780484697721,78.75843205389764,6.612250605517395
6.031834041189532,83.64496642823234,6.8337689943390725
6.097644261317428,52.644640731903564,6.800243562678102
5.422527938571931,54.78934536232177,6.160862716613536
6.930768710195113,62.12352723548548,6.929627558368575
5.220246206742177,52.073973033172415,6.051712982812491
6.011494469392583,86.19045178990977,7.554281735316552
6.31875201932401,50.099888438227055,7.014223767080278
5.705687335461068,65.71301534884114,6.371607371466664
6.650540389548908,80.8544240406023,6.9613612445347455
5.615263390601609,49.42728267961491,5.8663921023119
6.436065237750534,66.02822808629153,7.886560392283979
6.323655528878762,80.4077544794384,6.8487985612715665
4.715404437211502,78.44463419151604,6.1377389401903795
6.406013775229834,61.18411639110296,6.985628278549302
3.3455647219173414,45.96367020769069,3.6586087568260925
6.33512153040148,82.44785129729799,7.607106832353033
5.845897955117736,85.40868983214136,6.822359919984872
6.126189986343382,103.5939121319689,7.76298791196617
5.853286076369497,53.976974699537074,6.405927491289611
6.639103722554266,54.552934519118,7.132633808857862
6.1160622412064205,62.45574752627942,7.055748527196589
6.223060918799284,69.05220856139633,6.3728266856682545
6.069259930453308,86.59453869268238,6.546765847614732
3.586250412391936,74.04786807840865,4.97162899119766
6.424026986536079,78.47197548464217,7.914328616903195
5.6174028407081655,48.67020118521484,5.780829023836808
6.674865297982738,53.01847143645999,7.3793919799596335
6.674731442748913,80.82038507600971,7.1691293397019455
6.611142503200571,65.19500880178911,6.938242910176857
5.397204146024197,87.83049639616561,6.472612048959551
6.336494453401551,60.14396802443494,6.727187302128576
5.66287060682417,56.51599267478159,6.05580836995827
6.424924025306064,53.57301182090647,7.629701056782592
6.225417094647565,89.13135979236611,7.3974154146839926
4.45438290435217,46.80814883542376,5.3450345169546605
6.068625414769236,74.38936081555323,6.80300439177733
6.309816048446194,40.103572307456965,7.334262842568101
6.3327090016165135,67.86494894304562,7.19887355544524
6.1032443106830625,76.95639961695545,7.3102429981207315
5.891836094414507,77.1886320397017,7.4490126526328755
5.720897367748974,67.09926228671988,6.672528823908748
5.783830014625772,63.64771526188879,5.933031578973346
5.972097369817811,56.75287841050831,6.601615116756081
6.240347583928623,83.3918465616078,6.967259559925555
5.916604269363069,80.68923872016451,6.956202479092668
5.293629927316815,110.42788850516918,7.16177281334177
6.016720020906921,72.56202597824634,6.236050242965264
5.2604650117717515,66.73987342991117,6.3901720487218405
5.945464343778323,72.05028691465652,7.301338260923169
6.1609026632359045,44.24280085314574,6.7541580484532515
6.289101388217432,75.1598850285045,7.219033477605633
5.788555065075141,79.5350691528936,7.102178789230021
6.367148502585944,89.7125893386805,7.1290012550042885
5.769632563884447,60.14372119823028,6.570317376449753
6.640282430605914,74.31859866355603,6.811976647840011
6.176830690978338,59.94153056262591,6.805339705665862
6.139027166004321,43.52150387620256,6.613045819030849
5.713864007983345,100.6931030941269,7.01589064734817
6.434944066212292,71.13462390249467,7.213445049440936
6.402754442182884,62.640982421000764,7.303746167743735
6.288892289045629,65.53140770212481,6.986089805223489
5.903779599510964,75.62225728694132,6.130448169674231
5.452776423105364,47.2694622100611,6.131388071673102
6.712079045663081,68.48322157832395,7.378281791004117
5.459114697587529,70.88138837032514,6.654322762289498
5.8122722428831555,64.28915667131939,6.856579960772324
5.958915473338425,99.57578615263351,8.217326677944794
5.765993950462505,76.68284795323981,6.787529768643053
5.804646552887904,83.81245799127899,6.900541971833652
5.506758019502412,109.14080093507778,6.726288006573519
4.423591126211388,61.05382841625452,5.014102961516328
6.04990871531657,52.34174601773676,6.5618012655834885
6.454252342371727,72.75109695958379,6.825164705634251
5.764233358706721,56.892691801155095,5.851095475585705
6.283515720005468,88.8471789091622,7.3032163777167405
6.308527388767143,57.83559292229602,6.530647894999923
6.21098345140007,66.98320122721869,6.76057090306102
6.10406364779723,70.51819987995593,7.484600716899385
5.42307540664577,58.73231860586605,5.883315638852189
5.728388996460313,67.24567237502224,6.481314949510802
4.4211703577748205,44.71535035956509,5.3003408869268185
6.737342521916574,81.2353127777571,7.116423322451348
6.400516302744607,67.67951921402296,7.531756600967333
5.124053626038925,84.74445751350153,5.789556139531902
4.4493130300207655,74.62814315022494,5.766428452859285
6.4201250804660575,94.82462408440142,6.549601804500518
4.562070500001475,54.298080079585986,5.423616923734062
3.332892228924682,33.93833940178589,4.084324214791551
6.205779951915509,76.43048406990427,6.475558505406269
6.077464869062633,68.84785196670654,6.616744712896981
4.346102073828342,71.79188366260236,6.5792673760404465
6.182370114227332,56.62712366535253,6.69209118115195
6.362830017440501,49.700093734129624,6.889020372158815
6.157617500080242,53.08533959612276,6.3827439918855005
6.40966590109648,100.74603523840587,7.688343130169052
6.22103616634239,73.27936218302338,7.406945710160196
4.57946025635159,40.6329450411194,5.362830172304128
6.303736887114965,63.90205054091138,7.380898220182951
6.120719724885234,77.09639245951779,7.031900795790738
6.500737606147327,65.02858127144536,6.967251916794688
5.533129392708778,62.19557037043035,6.100315928792226
4.641090374530857,45.72820193932601,5.567545062766793
6.178434875855104,79.53671411106718,7.4731845999277935
6.457250029554582,70.20312205647461,6.66469663529853
6.465380902628512,70.90564140822362,6.662953291167392
4.203562870808136,61.59546719607747,5.105600827014003
6.455911495340813,61.56405774340127,7.257793834587555
5.748473333860328,72.59027092691198,6.784553501843923
6.563378285627014,56.14274760953735,7.0178001858037975
5.867226477284408,50.289554347911256,6.4716091030476965
6.452826777302337,78.57837895928171,7.373247480325282
6.063216302091058,61.61207481268798,7.072438396249229
6.438280586958519,57.786713663163766,7.078775378978746
5.78711339779648,96.35347835282947,7.223516928827505
5.682055647869728,52.02718615017562,6.604251777452414
6.382897419831311,68.69062318855434,7.602409733197788
4.891716781195854,60.3275821132736,6.034723653522479
6.767324172992668,83.01763851842976,7.183410890649972
6.2940717698606345,55.894890420040696,7.2492101203487485
5.928487323415315,58.57124721854622,6.445688655444397
5.460401318842597,61.15027184257204,6.1108226952188
6.4288025793147865,70.08091672277764,6.818474128701274
6.480749306209077,64.483622834104,7.468540322483206
6.160841931647556,80.95286392916617,7.798777512240819
5.55000240748417,79.92772182482813,5.95526502135909
5.961886423976421,64.51474200954122,6.354714825369262
5.871015655591224,73.43986932325387,6.430303091254952
5.837787910127052,69.32777065240161,6.277947924047633
5.30193373939467,64.2279599722387,6.363787204495924
6.063130562610979,80.16295859329767,7.2852289737238936
4.254745092330457,46.17477466588477,4.61659623964828
3.6531450676508026,60.707724063173956,4.317947903913403
6.711852834067299,78.67504778561789,6.800667484281642
5.7900191605269775,86.9575276777991,6.743668828351186
5.83561634316715,89.08910948215696,7.074166338875233
4.380032511784536,51.108931523413396,5.278828169975184
4.260158081900365,34.321467263010284,4.540196528121573
6.255078961720334,76.24346787132201,7.230953462961989
5.662369073185552,53.12200157457126,6.498424015324952
6.786731930239293,60.82509320882378,7.006679278036756
6.010118671669161,61.58655889731477,6.691471572686453
4.362297004487259,52.23329310153376,5.051750856148084
5.718495999654694,65.67098958437627,5.592945394427394
6.010122321164419,74.89513263347148,6.24425233807411
6.81978873653932,69.59197777850531,7.253273589482717
5.730706093894041,67.6464062586223,7.118937337403007
5.338694717585744,69.7776673414704,6.820013314699518
5.875312958394813,67.02924630451298,6.453990930417694
5.828585665579319,79.70539415606163,5.84214848192543
6.2285339567923605,69.45375393979032,6.512478941786472
5.9150278180592775,54.04923660708561,6.562968909329283
4.999805070029198,65.26167160963574,6.421708665321641
6.47465644990178,80.86489943786461,6.528750035235297
6.037606096177323,62.08495343453945,7.101866818192665
6.867485841088794,80.18598763974643,7.285713570416586
6.561344216568661,86.26571956284494,7.1573476120258
6.864474851085782,79.25504408281526,7.788565359467287
5.775834398017666,61.541149397970266,5.887964438678132
6.031356424720608,79.51546755876699,6.724928875961658
5.473609432615534,59.636197486052055,5.724464436657317
6.362987532366833,80.5344625860563,7.760095467489122
6.1563020927745065,91.90681167347613,7.013415679255197
5.5418121344168325,64.01768913980412,6.969457133793324
5.807204821196042,66.4483424089418,6.609364594425321
6.476099988804037,61.28108504904756,7.114419317089849
4.96061420007057,50.1603527906089,5.87578727509378
6.115535941743748,78.39792485637035,6.725075631099808
5.487766255235699,77.99945204729393,6.3942287694380155
5.684827853711166,76.64205409377827,6.721499886781134
6.435235135794901,62.10493556191228,6.504781778868304
5.186574067829004,47.33691291534278,5.544466008244635
6.526907000221143,54.540302797553096,6.837295501832397
5.552503477177508,83.79305759048174,7.560669275130061
6.905241474348948,68.76406551609946,7.107847343211854
5.904321294492645,66.47251533185836,6.264891636027455
6.384130850039395,36.01815431108019,6.841944517711232
6.63490004971607,87.07254201481453,7.003008514311242
5.508270312819285,55.513533223456186,6.676456809586429
5.217556695125617,71.53777291262269,6.701523545734722
4.680791065373522,67.26198810787606,5.883686055247489
5.610894267838935,55.79826823120667,6.002794416804228
5.39256353788151,77.51878551704964,6.037828066858718
6.389390087580383,69.70312195771584,6.617599449629943
5.972173683351333,82.90661392442959,7.142103048004819
4.716366613558102,58.23416666714604,5.594621306369127
5.464687147517426,54.23447758498819,6.187494551724381
6.060936435626393,78.46773510010694,6.191335208147895
5.002149780874077,44.47855233378631,5.45763513066888
6.441854492553125,63.63686849921571,7.270120166370201
5.9183104618037286,64.55961273389697,6.694817071827853
6.124697572559786,84.17017441002685,6.942068478141612
6.262683828513845,97.75062310441565,7.857228932820349
4.352433782235612,47.412897734606986,4.926567376570493
6.451222418013387,75.47115779000957,7.431745691393553
6.327643743390361,57.26601898277332,7.224412660993937
6.478197590260902,63.41712004958598,6.775999958484962
6.127884616321834,67.13161487065165,7.0337547398178515
6.362992485704851,73.52229837954117,6.953937142152876
5.7455817086981265,91.92448723431575,7.397980238297286
5.828322819204055,69.9091011276496,6.598008297883828
6.483122597641241,73.71088267684212,7.223680224995754
6.473449897813171,75.23766874427584,7.3968132704585114
5.58002558646303,78.18829472374196,6.2813817488799115
6.163895087391641,71.18737474936354,7.147851902648958
6.814826147607888,86.06207651462852,7.587678456553053
4.058027819898846,35.06412512212406,4.633840669533872
5.90026077189669,61.89925230458172,6.383492798575757
5.298653765678766,72.07703898093473,7.085104028629175
6.317803019469637,89.79065921130956,7.216545164772234
6.00233414003113,88.11922357385654,6.111808817910006
5.218869066101418,58.473975033735734,6.186752631647588
5.9127202145878535,69.2085269010474,6.876384905713607
6.215754197801832,87.80599375853802,7.1604044535366995
5.498721656203156,58.640765539034575,6.32598267759329
6.5215272250135,65.91346847934894,6.906250984968431
6.430551758464229,60.65569386331432,7.046152417571842
5.012273543879879,87.10639949139572,6.310013936539196
5.3839733505044665,57.818598543569074,5.641070549141921
5.809563130381501,80.73907515156131,6.751894516858586
6.006162169352291,101.88177330396572,7.998273105100306
6.20218712094778,50.053873233436555,6.507630763683381
6.749436061199966,62.62107287307232,7.309352699334131
6.087310433810043,73.94609871941005,6.874172451776436
6.202575802010384,60.38824474614617,7.192374687748283
5.98048104564538,75.89570784318185,7.087703421105882
6.116037803566517,95.34322148253953,7.294868712684989
6.12828912461256,54.99889071942634,6.774610598018536
6.231669048762158,75.40936266308591,7.172402066009423
5.477047017232262,56.855724740749885,6.144546567814242
6.312056022585555,65.74043255012836,6.920285353272992
6.600670801602277,63.92022103708676,7.771672011180719
5.405768514099597,91.82932723416108,7.0035714935252615
6.012075714883597,67.1084453228035,5.847523635457446
5.777730343790359,76.63404331258849,7.172608101441911
6.004524063030573,64.9905419439105,6.752277032165607
5.415529036979457,49.70833933498186,6.587436963138685
5.532678838259446,65.13532853156036,6.6346488435175734
5.72333861927194,67.66360547185676,6.429205457467236
6.447573066078991,70.14127492814588,7.267491514299307
6.237827678491759,70.53826999359998,7.003836491973242
6.193521677924616,81.73088893795895,7.525150496197745
6.14616707406177,71.06365805824161,7.273228732930849
4.532883004616336,51.36898465348953,5.354919228075171
6.445514078152713,70.74501532472362,7.053817413418695
6.193171833174283,47.11927697795633,6.656408558411837
4.045351444601593,64.27520133527172,5.224793249055914
4.784112672054872,73.72812418556136,5.203062275111952
6.88823382898793,53.11153742508806,7.172005099556481
6.079190117106762,70.99136815587056,6.935465836822542
6.391701931702178,79.08772846726008,7.824971963380446
6.258822511625001,65.37959562386943,6.983186007359744
6.101138517108673,77.97390484619874,7.535015864248043
6.053280176719203,72.63569729908285,6.951379244515599
6.399036381746372,61.7662338016527,7.383900380459664
4.91636127618628,59.16943615569862,5.879284627590002
4.473369647465908,49.636024887940565,5.266839816004119
6.647193285604744,87.95922590862898,7.021194490925986
5.430273169847443,62.58122196854555,5.942082209563305
5.787653608174848,51.26527935521023,6.415603204397494
6.303456751373557,74.98032318294136,7.46589009195157
4.564685228467683,70.25986477103167,5.493944736257601
6.518936134203863,71.15152994612092,7.29066808079743
5.812800800770199,77.51382322252438,7.740079987950316
5.8110294780213785,62.867327666378664,5.832355373623077
5.8628041206589705,65.34622154963472,6.604505865379395
6.825946279786392,78.28116448624482,7.294468637995684
6.690256747857089,70.95380686748126,7.526709699987708
5.852268406194733,122.36398208342838,7.122615319883341
5.665165949940522,67.00496815519979,6.434259407919773
5.224641836913447,72.95573917178055,6.61126524894161
6.84016908339856,77.58654987929937,7.042933316712337
6.668793916428987,76.99698851291001,7.396262426294466
5.928241836374732,70.6440832216595,6.871274845129581
6.631930948994886,123.00660307539569,8.089700575117597
5.512204017042823,61.233745988121754,6.37600055090089
6.794145617828223,65.10990269538345,6.890083663148849
5.882016462566423,76.35876842626003,6.820909673622958
6.542038735781727,55.39611110697698,6.849751505070729
5.474546326554429,78.2318190624653,6.49352193128043
5.59863460669096,67.3553442311792,6.506957472647479
6.155852116921182,103.88719335559401,7.942458543742258
6.040471307788283,75.05685544773347,7.479919647923687
6.212810626083948,63.79448447797595,6.658271462498738
6.117770920381097,73.18208241834041,7.072529735495237
5.339229754541387,53.63939796147758,5.844657938095162
6.464468891462889,96.12104829521776,7.791173065076283
6.090252366819401,78.1387441290029,6.06421875337053
4.781078283971582,58.13903871626082,5.74680565907194
6.129653072590357,103.12651749367538,7.8252672698182195
5.013714638678098,43.21504538146456,5.5856842135092855
2.836412221329832,38.4036910565286,3.3393489693041625
6.243511241870878,109.70012598803515,7.667314581843835
5.979434353455475,90.18896315596173,6.676191102354606
5.858795088339798,90.89121853632419,6.704571922855345
6.01874507792328,84.2284320682954,7.260450903119374
5.948192188670883,66.97578419390709,6.31826980418376
5.126193141657367,49.601396194547,6.380361616400114
4.7065291003687735,97.88449736820625,7.0781649904213015
7.1655943165973595,71.3872218320749,7.377477408239567
4.75266004041895,42.331811628854915,5.19079045246457
6.6235760716179355,66.44442145077282,6.5512683480104155
6.3046086046591885,70.49820208062646,7.102063750882013
5.822974864391538,56.175024618730696,6.929712245373566
5.2162391398968575,95.77881487138707,7.012026231049534
6.055387718993955,44.17288737054082,6.623063549124126
5.0750809984511385,54.84191220489841,5.993841970014561
6.117898974485682,78.41926096514409,6.504612425696957
5.748671674027574,43.683785100554715,6.051812534976726
5.950271681619787,60.60421432699456,7.4516709468127225
6.685823733042923,63.427797048899485,7.0409118858799555
6.073533245211576,80.76694541499887,7.464643574534795
3.5499155136617686,47.54052247206391,4.072256615708799
5.802922406524573,61.45150418370067,6.0369258698399575
6.502548986174207,74.54512222264664,7.119354301989427
6.224410659393682,71.87192491470805,7.356643095276433
6.250578285839013,80.79426499816138,7.30715043445658
5.757312439313772,60.337863689354755,6.554144537507248
6.318673531123344,86.51297576706486,7.5361680397316775
6.255248720127815,61.87770245579588,6.682078429913147
4.8347125040527255,78.69539786510316,5.793122854142755
6.334508453854699,76.80778187366366,6.888008511768573
5.527283061077214,49.68563160320945,5.9771430782509425
6.027731788727728,40.62796547184007,6.233407926569588
6.553200729132245,65.4125881631236,7.014034646476455
6.090714339443139,97.01232252745582,6.930692836770238
4.162769618165247,39.88233849292825,4.957245182151315
6.506618460166302,70.28833511993341,7.059256906379391
6.139678144950793,60.02252429893607,6.984895226623426
5.222798616405943,57.17445790690161,5.812804678440147
6.492956094555753,63.69852785630361,7.161825741426259
4.735156942529948,46.69156350083523,5.200081491408767
5.906317761938429,58.437895075303636,6.46930000657473
5.110617549415638,78.16015139878427,6.435271274361615
4.938298383765677,46.03084942185746,5.170816452713235
5.118340085933727,48.14114269694258,5.460657962457341
6.059531038700261,50.21065700494262,6.923964473531435
6.17170050486173,71.631234813842,7.153914050093737
5.485428372271414,88.53588788209365,6.899173400460595
6.493854625901434,52.46829395953501,7.337843809966104
5.03291520851997,56.05517177653638,5.30749890713209
5.749629170847227,61.54775538469261,6.838722708042526
6.833068814645443,68.44894779716206,6.953686173579214
5.861451474382889,70.0265315596715,6.80310039839744
5.667449883703733,94.7299831582988,7.288292638897727
6.309567141106521,75.83592338056194,7.203686390468582
6.885639924472606,96.38798670016399,7.113038225840284
5.207699336222961,88.76453023158005,7.0608910082469025
5.725685672572328,65.26627802741345,6.904785649745105
4.920657737034221,57.99677236303143,5.958610735860936
5.385886717025163,64.01393810151396,6.4528368198000985
5.842675326356871,48.25158961367351,6.561728440284242
6.485602804886236,49.512604130029935,7.364757670583338
5.860073824373346,71.74372172638273,6.374203279801475
5.298327278367651,88.85798788732295,6.638121981619671
6.007787892702209,79.13576789864607,6.3514108476809845
4.557361390876878,55.203391085527294,5.6071423825499815
5.4814026555530955,59.17730663864982,6.046858960810686
4.946275592818591,77.76926097032403,6.19353917957292
6.557528872426846,68.08847546113817,6.840865508389578
4.102180656328737,42.5846831167648,4.51234619300548
5.810329893523892,58.89081524391446,6.7300533747786515
6.263189628914418,44.10185360363222,7.078831030793187
6.450809091507571,66.83744474173353,6.854338974998915
6.14372002380319,64.55788956955135,7.241503064052547
6.316116917694861,67.81177536788945,6.972114699787562
5.145732051039368,54.949349450115285,6.190599104916277
6.687444242337203,76.39788125132387,7.242932185257178
5.93685576007778,77.92990565901722,7.266342237209689
6.165868386488031,72.90736657177189,6.855477980192945
4.576848551601918,46.08098671142776,5.493946974406364
4.0411934828595015,60.65855396624118,4.624953009137441
6.114920523821002,72.11375483458409,6.35355512675496
5.7256630646177555,68.15000731964338,7.138238056590735
6.158317779551749,50.674677035634666,6.289914234637737
5.899728041387883,57.846737766909875,7.410753082569451
5.801844045758495,54.56948290529672,6.6464440093091826
6.339743722825941,73.7360605603366,7.41288906449486
6.237283913445873,79.68829236224336,7.788303373410029
6.340455962875885,77.16589825775051,6.741039558908349
5.999358001037196,53.085172096601134,7.428025014769797
5.387440568235385,59.271914998585714,6.067991691944356
6.235987467421629,57.65339202059507,6.37458602435075
5.777704494271272,72.7069145458514,5.8759670439129135
6.658853862145692,66.40083687318617,7.062449539406201
6.625142275213549,78.5597206450411,7.043742686256544
6.232617801324231,52.46413984611165,6.769809766390222
6.000094671840278,86.2370109152482,8.168796716243719
5.101619608710972,93.64925080070878,6.34067927629668
5.150083983509862,47.34413207063542,5.711723121993982
5.463161834169321,89.68684024680884,6.144233187102875
5.766533379407949,73.98383876944182,6.946912300745587
6.424857072617755,62.59237728392966,7.19446880161402
6.093508894371385,74.95295782132715,6.856661764845333
6.797777513953311,57.60423592468601,7.340320313345717
5.883234208052032,76.89112639508231,7.325314939180344
6.05094142881194,66.51729498908318,6.952220746735484
5.630847171157452,71.90983035474423,7.15872087848708
6.128828110194344,79.89505985274991,6.866901555207283
5.936734163137463,53.32126686034674,6.6863867104066985
5.535592374346071,70.70830449196966,6.54653919160135
6.205987490571403,66.20409015969864,6.937612895835363
6.210691234353938,76.36101902099541,6.667892076673941
5.584805283637672,53.87647483389496,5.86082220442988
5.99576969015503,47.13215160612398,6.003682116866019
5.799833134908607,58.86678817745588,6.5687770858619805
6.045786466134104,66.1990023886582,6.91493139158166
6.360786215691682,64.66545014568142,7.114134733396223
5.519552751826493,45.9134829244015,5.704674176656421
6.694170300608356,79.67188447932642,7.093588900168887
6.006488374056523,63.00629841650194,7.185389066550537
5.8729672936317225,74.81174850001806,6.224028572409953
6.250107289769277,58.725088480566775,6.879225813600536
5.618322324991943,64.09115104119194,6.21604572190934
5.712628058062872,59.564533797367396,6.067430743631187
5.607451660369363,72.83619523298437,7.004366952867675
6.188968535652497,67.63993428493343,7.170931601093982
4.916124784451211,45.54291276434951,5.4334184450307115
6.259391095644722,80.01756264424834,6.8955894314995
6.111235467440059,81.0579664340622,6.749498535171011
5.3713757904150485,47.474139195175276,6.022799170105013
6.541746421320079,82.81229107121936,7.541795321928339
5.787101604342799,48.612074240058554,6.839134488208796
5.475141401749794,60.79198419466997,6.419626520902818
5.542628584241711,50.760731761086284,6.205075263349977
5.322801525083497,47.70171129824207,5.93496611326392
5.597300483457671,52.49072057784562,6.216912313319446
6.245721517411869,80.66718856223885,6.784325938494429
6.317264891052953,87.37982038374243,7.396931397758314
6.187819864401376,70.86958577292442,6.828431815860962
5.597869129799067,83.70572656033585,6.665989359506709
6.79998765297497,62.76315943232605,7.06050042898549
6.088791181083269,92.67425262018061,8.023386210265812
6.917583160210853,67.98414889499793,7.548514414085877
6.181986746115919,56.55219605440503,6.241427518124725
5.539147825207688,68.81142158529106,6.2523796601597175
5.457336607158171,81.3651094181429,6.51331399086713
5.365875114150935,59.00217698191036,5.968087907556068
4.882936050797906,54.462396106388276,5.907871249979897
6.17237677760353,58.23654854186143,7.038553504984428
3.603623869458984,59.52291799137642,4.677337062358563
6.249160685222802,61.92957652059797,7.464809850770593
6.117481684345807,86.21048947477156,7.623286636930422
5.436839678363722,96.53473351784386,8.090341863474483
4.24591146915853,58.13850708289463,4.89205398307759
6.401430458553753,72.56985513540468,6.9916717840622375
5.881993201053324,80.43238738193273,7.542476237151875
6.626574488404209,96.0622275811774,7.506742535794407
2.4938884708705253,34.279897051867046,2.663035272079669
6.271053737563968,50.03487368098675,7.05873899518
5.624523080278902,68.99940097804819,6.225137881401475
3.0219507134444186,45.051715402486835,3.4442830301574654
5.64556282175675,54.030324317572116,6.426556550959538
3.9246667171727183,31.954791249269988,3.949528442896564
6.495881353556258,63.417931243161235,6.959427609194524
5.925481973305453,99.41882230802017,6.956968550709774
5.880568283202853,58.51587873106369,7.130661039836828
6.819023641856543,104.04661096750648,6.751472181806524
6.61846725212961,74.08631443521712,7.492175893819981
6.570737635716565,98.08503006688288,7.739414422932648
5.39045065997676,84.29589305084974,6.775850370518832
6.1862554019983,53.97787080815449,6.597541488227173
6.42149613953621,82.37164056908051,6.8007294507564415
5.983705545166045,75.55158507445582,6.736715104835369
5.534125501062538,84.1751307150995,7.362322798295501
5.955588002191045,93.96184033189708,6.8253170846083755
6.8003620780397025,85.81090962776175,7.613213393996288
5.50559244969194,72.42957274119283,6.29580462493298
6.604222227642369,70.85326007954724,6.886070539374047
6.287697365325364,70.23933828751144,7.3621556466070395
6.45056016351058,90.75774471496264,6.9526586717323955
5.64269530802418,78.91866519780386,6.764406312137641
6.262783770728167,74.98207858621184,6.6440136824660785
6.376180847756324,74.41906775918517,7.155006470216222
5.9811107000587125,55.5920892758394,6.257588724353689
5.962597603704522,65.73076245435539,6.584529304790774
5.494541400379216,74.62901352562483,6.269558453122605
6.358723966742213,67.7554394406406,7.070309626983222
6.213608806547438,79.71855546795742,6.6455353955642025
6.717426342644121,79.5071536674966,7.522225997567925
5.230881788175679,51.27880904458036,6.072529675511054
5.248185518595678,51.690149756849046,5.308260522610259
5.838250947227205,73.32699540375138,6.719728336462257
6.331215933522175,92.7135908725688,7.052218312873144
6.574596354311615,78.56896104610404,6.876540565391141
5.803250443172436,72.56272448099715,5.746982008853026
5.0040951967973175,59.93666142542092,5.725407573360766
6.668142367187709,78.93831429646521,7.499353142446813
3.587021706428036,43.54965075607597,4.100011317193765
5.529360773537233,74.53248599504484,7.78397706835531
4.122083882093759,37.79517700046649,4.822163662935947
4.215059365007298,40.46443461447906,4.678479979552643
2.784849208811655,33.676498453996736,3.0698631208904117
4.964086135906034,91.32360239938404,5.7710742722183825
4.83587254156485,53.04597961798999,4.671853873944674
5.627869436,54.69228329780847,6.373169913166894
5.7441082417910545,67.65066166507874,7.102197540888492
4.679817836360962,54.42680414079949,5.63158959628613
5.728831117805595,55.85041730992703,6.586074617339471
6.43877215956403,107.51640377156852,7.234323648228314
5.857117045598863,99.78716296199917,7.411351107545168
6.332735763879805,63.51412182526058,6.42791678736045
6.299063754084625,79.7128708852371,7.4179221455014694
3.8932434243742247,60.74817874944825,4.703979110370008
5.10090068333266,56.13701940030408,5.463606789594382
5.664166656706165,70.02675736902532,6.741172195065436
6.775605472644378,80.9120270548348,7.144585007599906
6.276319594521217,93.15790854234874,8.098232178831546
5.5700948802061205,89.3711004740235,7.324235540210825
4.922534491173951,53.821188628882496,6.079929840236683
6.705704292076405,61.97153977126974,7.063704994120797
6.0739588480968285,79.24850790936766,7.041570269665346
6.287519652727775,73.86124692762536,7.261599541475384
5.548052322039312,49.13651987518144,6.165115918628279
5.3222710488258365,49.85837926186619,6.0089276745338935
6.5408360581919425,70.18209573654775,6.460346592314398
6.566127815877456,47.91682570762873,6.8305614677941895
5.10255781031495,59.92549407675073,5.811532307323059
6.158299849426918,69.72162703020483,7.195705094230348
5.519687861091936,50.42480780943773,5.4758091978048
5.109576093053949,68.96553196724193,6.110936349922377
3.9659021658939944,43.1382194874729,4.660463710114475
6.030888817675285,71.33766791476022,7.098835454857983
5.844080598155227,95.58631345197894,7.341805888991708
3.48013906689949,45.92927539135361,4.200040688524446
5.0203498987884005,52.33070869274976,5.390063433339408
5.955637680768164,92.94992171986998,7.300635167923053
5.857569997833481,81.77499678937127,7.5544792979624065
6.01282823858452,81.92299651037487,6.605726311012987
5.905845715309194,58.59505869295138,6.805509195029471
6.755523032788078,79.1845244780572,7.046434098495667
5.295095483834308,46.14411186319003,6.43393699626242
5.999133641148122,125.23569667100462,8.001385774302506
4.973400380297969,61.342316244365406,5.925457028637112
6.211228060229996,88.89506092302798,7.244529814482011
6.437599247999515,71.01387466591764,7.292455189897848
6.3713112528380025,71.62088445163901,6.590159870752308
6.8239558151903195,54.50691724513446,6.987688330404936
5.753568156077167,94.58308970392245,7.021680089172953
6.491038206241617,49.191332849651275,6.7852990271889615
7.151508710678158,80.09809923966363,7.147809278993852
6.240836549717302,54.71909540817265,5.905710583121272
5.974230832390768,77.65994362287577,6.8124897394034365
5.19341438083885,58.334528438186865,5.516096763899035
5.6211036118067845,55.26195021991899,6.525758453824474
4.728734639459435,63.947997858249856,5.268362143820961
7.000296280610724,78.25836998356012,7.266839951945742
6.395336775617266,88.44145437469358,7.36584588887692
6.346454375854093,73.91672693442821,7.232415452606924
6.079867405657,65.51488750946292,6.954456537085006
5.910878020189601,63.29208727444649,6.576432666129842
6.14988499909018,73.44987490037627,6.861547961756441
6.330962470412689,56.67951871611592,6.706154561164164
3.489331258015371,41.92833084512329,3.56720277030136
3.3818843511374053,30.26488118766102,3.8410238699176444
4.569973871647277,61.60612091367724,4.945176463583541
6.285940347774407,69.63476503962373,7.2733402846990876
6.618907958590311,59.74728758072503,6.855254991379486
4.788008514712702,60.99876049059725,5.680782600422009
6.032334482079627,95.2425084932394,7.162833757695735
5.902705041787098,81.97130933388922,6.795069471437315
6.760833659856035,75.04638435220895,6.95682868976385
5.527377774555693,63.11340627612581,5.588353049264703
6.000371555147639,65.05458363929736,6.435143689080072
5.984231244073464,49.50477231379308,6.416678921071686
6.461260351575608,61.20434221647133,7.46743322895565
6.461487306148608,62.38394017415283,7.307954957904684
5.232356857868482,74.86025381670969,6.380096954112108
5.784173437153927,55.29999116247247,5.967133143260167
5.883502000432594,79.70560399474776,6.878239931577766
5.893259060376175,110.78335499455254,7.215384109348613
6.08861359535824,75.66019911699316,7.233283052231143
5.244381762457457,67.71565426617381,5.255794231797574
5.362855087466255,68.8128238320958,6.383382266359553
6.2203819865876895,59.29569524805178,6.956890683013131
6.72393946804441,58.715511227143104,7.586947755128803
6.105720104479178,75.12816696658207,7.252041708204234
4.364722983797374,40.87284870216139,4.5753760774041705
6.0042108605479205,53.31037676929929,6.7984888824266125
5.961756644961938,93.12708504182542,7.266331702392831
5.55388892790626,84.93720098986473,6.989755540638476
6.697179650822912,66.93689746193903,7.150758125830972
6.41425582827793,85.38305002672767,7.413969418117103
6.305389781744841,71.59263599793067,7.485082434432862
4.856634643707273,52.70391127266083,5.8985405240436775
6.140995383744128,66.93774596232036,7.225624647539102
6.326901195716977,48.57774058740094,6.760988901131118
5.93990828751022,67.03388832291964,7.011498397189638
5.21225774797885,83.01817619942754,6.907118366542478
6.343291481285835,78.2383630055462,6.761123169223956
6.273985760660635,70.33761638300898,7.302166153729031
6.2002727799197555,86.97606258058418,7.1621608300634705
5.738909062605302,83.40560725747444,6.672782798878601
6.241062025723908,77.30189764618868,6.330841542356193
6.6039068674515375,56.80721049226002,7.083423179945637
5.434450901077668,50.05612622357286,5.724691122485352
6.452267279888973,60.11658104844787,7.424062978534378
5.4319000447718615,62.750204066851694,6.433865065707616
6.360248939902834,96.95654251472213,6.734228628778135
6.169491736680145,65.42815134280211,6.852089609425453
6.2854485421714275,66.21500661046271,7.442933264553732
5.693966719855662,64.69002734834693,6.92359700082275
6.519311555529933,84.80436391497405,7.40089773541159
6.711966710268374,71.71948414376388,7.5401134245994985
6.0576905839182755,87.60909151538773,7.2362227380711985
6.486379879750536,102.27445863729237,7.669317579741895
6.4813984646940215,56.540168895489444,7.431807471033406
5.70128620405409,89.48162103609113,7.0615577722602
5.769058034894952,72.36312324658194,6.089825282287382
4.826334698170623,83.26933983074571,6.282787719427823
5.198377980793597,111.4652241722988,6.802738958132025
6.197440216561748,85.80243691361292,7.339824108462369
5.757190611773206,73.5420073616858,6.755049276425753
5.923591575919748,96.87548330063112,6.67673522209135
5.981724343255781,81.12210608822905,7.754120484552975
6.332258888017443,77.76403137413863,7.322663545259606
5.78427959809099,74.97650803142196,7.257921350435695
5.093044471817299,57.41703309229438,5.28265127490573
5.875421408456904,62.699626174980665,6.540715487555427
5.772252411818658,102.86541072591112,6.519459590039607
5.665068712228928,76.31381913447589,7.08284988773217
5.706391462842113,82.01165952382435,7.425307849711672
6.433881418146111,49.739621794030604,6.7075101859399435
6.647978210726367,63.01946191150329,7.22113744592974
6.309530171802983,59.35591461977278,6.7526150040919335
6.911654080432214,55.958711339427424,7.288243322838678
6.518044160666641,84.97925390146163,7.056041291635799
6.221633921282611,75.37363454524555,7.217883286317241
5.9851956854722115,62.14188820275956,6.42979408083658
6.375482788729275,64.26257405837877,7.267342356912473
5.385737826778687,65.57776592817717,6.721581241773554
5.681461092655379,58.728249985789596,6.23711419654267
6.349245370499324,98.45576321134192,7.159586898539865
5.407822723399563,58.37980868294672,5.9102922409302545
5.846466564019308,51.095101115107106,6.5135163322248575
5.226569961923634,58.53437416280769,6.5553650293962
4.86001149687315,58.317222789207875,5.844977749143276
6.451654090862321,63.543955606630874,6.696453780409852
6.6064690115586435,85.84764503724473,7.294218150099805
6.55651864130203,77.5965059163725,7.305149187011744
5.338961139438435,63.88440871271614,6.572697582007798
6.539804362088857,74.11895882389054,7.33616599067447
5.9246693665989785,68.43149150364935,7.066132229255959
6.435001309380228,61.23672699711102,6.961818158918305
5.423902375199412,73.75168160921962,6.673968184928092
5.961746249984613,70.71166443598418,6.70478012902523
5.245442883981934,93.37538990434804,6.48437245846229
5.838582378519892,59.398299613634954,6.688447605076109
5.855701042604144,75.08058319263944,6.736550586913096
5.631459853251938,84.49358192883332,6.426699442291858
6.531997226658213,96.59394229860786,7.171501114599413
5.7147249160431945,74.59779806597078,7.29377420388213
5.924408737129736,66.43241862860175,6.83653685510996
6.575407090077789,54.12780093020337,6.688060814344919
5.936848506169631,71.39094221187052,7.07150227570584
5.985602658503501,62.624995319082785,6.840439083776214
5.596466517712125,77.32496520282812,6.699805432984321
6.394184827499508,73.60786441430916,6.368502134801441
6.842634527055803,62.88645584308095,7.809060324995217
6.721266075957147,63.730538070770336,7.215571787767066
6.430185663365299,75.17606660911909,7.007369421849596
4.407260651259329,48.50864883020166,4.832166229095728
5.582862012987398,83.1887858120966,6.673689992204781
6.45914201332704,84.12601006891065,6.754943199999343
2.652916901170405,24.70897019343069,2.85412309151831
7.146423742260755,84.36895450122942,6.803363693763461
5.5165803404113305,60.352250005036375,6.059384114902115
5.827162090747516,66.16032379665549,6.680791464605794
6.423502322505531,48.35193780237503,6.745026372988403
5.637923420849269,53.28681381621203,6.379133912477624
6.65186145062447,57.37623120625425,6.714763465069547
6.03003066924095,61.12915581436075,6.223470479662337
6.382543083565723,61.40025461265649,7.087183669331221
4.798027707086771,59.41919928504994,5.27619504171013
6.006908306506481,68.72444888373606,7.093814775449553
6.363399531508334,76.26016740700764,7.015028403772391
6.039646722899461,59.40258378524566,6.432069983444428
5.910628381657028,50.038331840188604,6.650652856174051
6.119691249642791,79.38592351024026,7.753119939416409
5.937272423230695,77.64763260784693,6.227227794648745
6.584391106677139,83.63085247331053,7.159608556172746
6.400064886254699,100.52837632883147,7.436656401175748
6.484426145477416,80.4738079059744,6.848691534655453
5.948787041593537,60.521130341241204,5.974948382487652
5.383845595148367,63.1157269102061,6.723704173876342
5.623281253356173,80.06453288245696,6.864868916376419
5.826279933570405,69.5114979554958,7.1609700938274745
5.4619711952345895,61.279580026158584,5.780883529461836
5.850838840961496,52.431292451601486,6.134403109317064
6.86662525586023,60.8110711104082,7.333876787402808
5.850568480840155,86.938812047318,7.190694160061629
5.790825290647655,73.70282619875177,6.819907985479561
6.529034301596522,61.64825931003157,6.756365757645641
5.945128551425962,68.45640609098912,6.720223055860482
6.105016093741207,102.659526840805,7.950973883171806
6.711552205336928,78.24657789116429,7.61441618421978
6.556569509681628,77.16599604366111,7.660688069068429
3.0712867679938864,55.18175256059513,3.5147079329818878
6.5943230450169255,73.65011663132162,7.691785840108137
4.7316258904740165,51.813568869388675,5.3799536675359585
6.657706156581654,65.17398510233049,7.170419849557364
6.269727655112547,69.78111526774642,6.719994583806119
6.073920333038115,102.24073617213134,7.188136178230076
6.880278252969027,82.47256133243037,7.181297310673832
6.401818766802833,50.9624387058238,6.8259700966277155
6.3168430491315615,86.03979860863976,7.314146270822116
4.2722623712703784,77.71046266052632,5.096952835935649
6.150563773203222,87.24858529907979,7.574415355648217
6.825742001016696,73.95861169119885,7.594874102832904
6.274833898746797,80.08318139252589,7.125393958315504
6.651416224558173,71.23647033882213,7.343950558646426
4.79294329608173,43.1479011760542,5.346422498049277
5.811282115213717,51.98783506495727,7.024464059982916
6.162276799633148,57.29233611161447,6.529081087234937
6.523000882599395,95.97963334450884,7.301175737391443
4.9588115166702105,52.39704552480712,6.365214557456325
5.876300143300835,111.6564817009295,7.5678398561494955
6.574220909918993,75.91045104304844,6.927240640725905
5.540408193021172,71.39858456303202,6.807814794039907
5.374306732916254,87.20232190790055,6.135777544160749
5.655385182295285,62.079436144452835,6.163581571795293
5.984051602361967,58.936481962393785,7.16831034004858
6.703528811068175,77.64531374857008,6.74937227456901
6.2107951705450155,69.44837557855205,7.267761405466651
6.194684669317554,79.28308653650767,7.138945736660485
6.160548622123033,102.08056111314139,7.815341410401704
6.342665901736195,74.58164388025727,6.642788122677358
6.253904578821444,69.3908958380628,6.851480860968929
6.394919029174327,94.45418958490116,7.2244897046959675
5.96781043181501,75.05823868628781,6.818718577057562
6.375004109404851,45.881710245162814,6.746855071061707
3.8059220504699125,43.054696301794856,4.6828734481120895
3.6983861603073382,35.141948487593005,4.122983413928632
5.895647254683482,86.03051547842078,7.443129944196108
6.6079919496837665,62.41411198243448,6.612876828892891
5.72137715819166,60.8259889574619,6.709604074307831
5.5355207207277894,49.29637485925774,5.928174112359598
5.362721764080405,67.59447810092476,7.0436503910472625
6.161275675689,58.74815155221371,6.882952596436323
6.201267800140155,75.48402788397684,7.2210492056311555
3.7566962473616674,36.950184557967994,4.064113094644393
6.242264649942632,83.59786495129053,6.511305090823126
6.112265047515382,74.74380948569602,6.799684903884092
6.54333723361382,101.53943487394956,7.253866142026536
6.041388527191514,73.34152195452839,6.265594404064215
5.971865532742718,54.748742451154655,6.726843980054054
6.3716795606350916,75.09248863814113,6.824502760363409
5.893544549354011,64.97490338633261,6.924162121321324
5.800823886988355,51.719684248425246,6.14386220136654
5.6922385451464,65.64542950881176,6.587095892187732
6.698858470536861,77.72078542277579,7.442033015959401
6.6363447386982894,62.825416931973635,7.261377831329222
5.985578905611363,88.59418473219615,7.460303033167609
5.694896157738298,55.796172733650536,5.868713640547446
6.133799540281892,66.46204086447608,6.855336466174127
5.858945385668024,60.54105140498822,7.115692427906651
4.991404487100398,76.1712013031044,6.0699744607921895
6.281267499548171,56.45443739621378,6.723733329069211
4.629584890734707,47.331794206065446,5.160998379588652
6.00244290782275,58.47275440094816,6.348227311033108
5.859371842278607,91.66428145850841,6.631973873667943
5.751395274573303,77.68862134547871,6.614574760363572
6.606413481757273,68.00405177250052,7.2390886672557855
6.944847100740225,69.44642225778968,7.222799551485881
5.657967145154507,71.19803521491413,6.750007535591924
6.290149675891706,73.32286396670108,6.876503413727239
5.91767367010617,88.92748083059851,7.262105583227583
6.384990274325726,55.67947487202204,6.429248612257348
5.493488717928936,83.72789881147291,6.865975604758123
5.520126538993516,68.57468996470352,6.552771692324961
6.313159060539264,51.273209763610616,6.689267319349293
5.406437010157492,54.906191998710035,6.481163796642458
5.8692913820200285,83.78110072714568,6.838069327164397
6.204065246356366,85.84146334366011,7.13700702824525
6.203469179165343,48.22803153774693,6.498579613600621
6.736971022932192,51.02109197420944,6.650640803520188
3.5051140390454028,48.24330406193086,3.7684162340978387
6.936345426927415,78.74441957702304,7.612784704537386
6.432290893911389,93.00730832678417,7.122922242088371
5.84339121524054,85.12503389780373,7.337818400896477
5.209861471733488,51.80792411499976,5.7465726630336285
6.202869199757228,77.07234770293972,6.087884175239093
5.9761361305215495,87.76338672103822,7.01950728752333
5.583440310367411,56.48197247414542,6.215546546205674
6.353881555465763,72.74085077377072,7.365264297932534
3.1291044163196027,40.69664415689207,3.7515696240726224
5.734810660717643,95.41345500907157,6.570663841603494
6.23202223320096,65.61285021558801,6.492219975494707
6.249106367141442,65.39564612486761,6.4963963979856825
5.2567187043578425,88.0194084955995,6.958227323772973
5.685579108703595,79.15861868853627,7.328793848873394
4.771704277071554,55.21381059570512,5.9300531504463025
6.169563023357771,73.9904457648222,6.5725254374990145
5.885288217534371,63.23415805868048,7.1881277279047255
5.933869120785209,74.86000941498887,6.164856408672394
6.226135971246824,64.81105548547279,6.782839833041846
6.452822361943202,76.23974816671596,7.319915319698657
5.774654925375084,56.80269859757288,6.6170088996017
2.4774719533907295,36.478467369642274,3.145475184480377
6.273845464333271,81.94302674726555,7.0673381583344215
5.952723876072979,56.04992213112839,6.823722883132756
6.469333709875992,91.10533298783297,7.654537322555804
5.727326008996063,102.56654997827152,7.4321547058107305
5.507807275668623,50.27016988329845,5.717584896440841
3.561525657007632,43.81520867587859,4.0455689952886615
6.216425254734324,65.13507443560691,6.7594276812373355
6.491955352974177,104.07972513814528,8.018312735672481
5.895846411972155,51.40127974975073,6.476265741981019
6.168986073901821,76.65206956624466,6.969921872313688
6.614025228685613,61.70938854875647,7.16532497423565
4.342469586436954,44.21094961439315,5.110378170580711
6.40907889987036,66.984091254017,7.009410685259086
5.840831043029863,56.82453633960144,6.161171960440941
5.704675347240192,61.58135677596249,7.069763379269103
6.076427627834906,65.852379941234,6.563482974624594
6.330576207725356,107.9255855474854,8.140478094652032
6.355860519980215,55.75618234268786,7.321488265606954
5.8969908776924145,75.33709355716059,7.4818527487161255
5.358297357238668,49.29240622669306,6.353947364683098
5.025539376068502,76.06170628048086,5.4104462304512415
6.654950200934359,63.30050717890279,6.468418496871035
5.102849455271754,118.58097103469053,7.553684030942331
5.585548666364856,67.36235895885893,6.0703548408365515
6.346974506499102,43.38828548873846,6.5161220970351215
5.710028723344681,97.88153634719599,7.0934043539104055
6.795379273282279,76.08013220667927,7.433420638061635
5.280373115152207,99.6005291168067,6.148309730863685
4.224346343181914,40.140188604147696,4.727707698126575
4.977290778815142,60.50819351351335,5.559292583518001
5.9016137281448176,98.37763361309553,7.381339283031665
5.896212278367212,75.01991006269364,7.366225356816273
6.09452179059753,86.84751742546813,7.326920517746575
6.238093256398988,62.295219804955565,6.923184221518063
6.615145411521351,55.11128779054075,7.091089501908327
4.692048978765565,60.24100151792891,5.401375191241974
6.034320337475669,77.37509074452805,7.164177606431519
5.821212334183485,65.84856198750909,7.2149707676922805
6.235016597401866,81.36873357301282,6.808478121567971
6.691400469761807,73.13101907698181,7.512235730302955
6.216300356262513,75.53815463226175,6.552386466379275
6.155104052372686,67.09929163939718,6.598389097243237
6.491034597738834,77.00076691945688,7.166299307674846
6.279968691228867,52.975429864827625,7.073689246216314
4.773581915617403,53.00369022697372,5.1402729412553825
6.258768673748308,58.7189315196328,7.077235940758022
4.977090739500424,58.77839654154635,5.777792648194365
6.057638017768989,51.093083648808665,7.062195117453169
6.066514651612361,87.64220496586368,6.172578948168575
6.509804082824038,68.0326888258758,6.965387597870365
6.718141918884435,55.97033573689449,7.0083886278737175
6.419191355884483,86.56130774130314,7.444418312509655
5.62029033561767,87.67235654715195,7.140378985001909
5.966830331703373,53.54548716392582,6.573323057467965
6.569871940876171,73.71063938494812,6.952998069584156
4.1459527891234815,37.121584256636,5.369411097480408
6.372493664982342,79.5412521225787,7.148207055285469
4.660025216891931,51.23387225797273,5.965322433298519
6.511804631632375,78.57937983978287,6.659457238521902
5.535161199271308,58.27621021808765,6.855172231603933
6.632444547481989,63.302544634134165,7.511558067775271
6.414334932936295,85.46894679164114,7.192921007894333
6.602543885785235,82.78694828570292,7.479468219817321
4.697078954885568,85.26818517679249,6.043614323515418
5.711776903970229,56.07343214336424,6.968376293023005
5.142764606536703,85.551822473665,7.290766985156398
5.867765387501398,100.88257832851784,7.94284230108458
6.411384584208955,64.23270039066777,6.872825368361139
5.547306783145554,52.12350861998609,6.596602459903902
6.223069712240194,75.55809855838132,6.897798898190974
5.325311278659336,76.0435693651803,5.639909783206219
5.9496277174928425,63.58049019325449,7.004569152759641
6.709818273181227,89.67979307810756,8.042392614470069
6.37273202072312,63.840839002386716,7.0875361102184655
5.559019994421392,60.67489151728645,6.934804266774354
4.882481101379919,52.19637019639105,5.63125754788247
6.690420284200506,69.4428341489857,6.624432365310371
6.169740734714823,70.92505779996485,6.92113426311233
4.792033230664286,92.99578058305308,6.170404349786487
6.443738423289176,48.46799043286205,6.92629826341713
5.673200913504076,68.35133110235832,7.087331846273021
4.993412768582003,61.81508586659017,5.762288169557271
6.1212121399488595,64.5165015010852,6.394215114711209
6.6233481327926,95.1820563424153,7.979177064044512
4.55082582255918,48.35126316515997,5.101962157215605
6.236936483674884,61.86566360366213,6.331952671108885
6.855067192116185,68.49291123723903,6.953080389856468
3.8461088164588206,44.25006776663274,4.2567218213237
5.8512578294559,54.10188179545493,6.6320972666290405
6.820210630737118,65.60304620221432,7.5361533754215415
6.934489124524883,77.36362613396825,7.42488921942114
6.2680047991011865,49.11478198161883,6.571257180974051
6.448826235656964,63.260323388390056,7.157671337912405
5.519220393357265,85.12644555997217,6.971085425813582
4.891998191925797,38.89661122616565,5.320628165707988
5.280505396326075,61.42015597349672,6.691021385709946
5.354197264054013,94.18971661267256,7.866150119118864
5.8100121122740225,79.58448562585882,6.7913353801533285
6.09648692121106,65.88240764383417,6.988903290292322
5.6459622213853935,80.74844145560796,6.6861965721886865
6.2291459523825665,81.6106011574915,6.775247243679328
5.390013355405949,51.98911040690887,6.556935214433857
6.157509070542651,72.17738718234138,7.161841886776115
4.399676685433735,65.68973624151857,5.704436799991614
5.977113595793936,79.10268999779338,7.0276727444856375
6.655485696473819,76.69321541880004,7.292529714532753
6.463984390617079,75.90981765453546,7.3235261307473225
6.514150600292365,54.45922170374083,7.13156568038253
6.191099569651793,80.65778547282866,7.254002517682863
6.663992477247503,53.26520921337203,7.43860648552072
6.406480200277205,56.07740722150986,7.022324652506712
6.058683905188896,66.59884680603106,6.9368713677362095
5.528841322773351,55.92587059028385,6.210171037566072
5.510752543017679,80.28360465819605,6.832548794623678
6.274466289973283,76.94157919970826,7.30141960188309
6.179044096426188,65.48762366460457,7.316327040973337
6.525933201096708,67.63164357747125,7.011550085637663
5.5162498332411305,91.12453971779493,7.3949612176317485
7.086118690099036,47.475490638454154,7.041545499218462
5.254319251731733,65.86201890043878,6.023363653930509
6.052592496093447,65.64896283307506,6.772792186640509
5.613432331385197,66.40234479553524,6.221790988996849
6.334140255396056,65.64111231060146,7.457607576938489
6.232166422255281,73.42457676971917,6.858583689769865
6.537735299698133,55.27665573830646,7.472810950234645
6.244481745341614,61.040113002433245,6.564493200439141
6.122746155726774,90.49037547978104,7.194244906793192
5.553620848582087,65.96706262304633,6.452672301875853
6.1809906867756075,77.7474930058624,7.423256460894887
6.768932331711439,85.38696680602436,7.530431893221943
6.240479818465807,81.46178167024873,6.888727527652756
5.798959881951774,90.1419018516198,6.939329704820651
5.7039983412145565,53.34148481443129,6.157210332614551
6.462654646036715,72.8844882909048,6.656896467845034
6.62178358216041,82.55186264492107,7.989018802127093
4.940467893102736,70.5357762944689,6.153626580768778
5.407796880797871,62.22622584211115,6.337745730973991
5.983446056117777,73.0970701642415,6.771522669379519
6.285837960145954,76.56429480044946,6.652293041942015
6.371917614470524,76.78592913285264,6.863619256854343
6.048854608783718,51.32287644607784,6.957001981055872
6.379185160781367,51.99052415679553,6.367074739585072
6.229844934219167,71.08158190227635,6.803057502758658
6.628264853015778,79.98075000243983,7.269142123917562
6.44970395365706,92.58524777260814,7.651533238998516
6.752420494533464,90.28572119271536,7.492228416892671
5.617350625059542,90.14642833416653,6.6975714596779286
5.482025452246806,77.11401274902002,6.82870673678233
5.944390415840739,83.65097524547072,6.593415586928504
6.311912618053664,71.1306835364376,7.278866134133552
6.358580040531498,70.37029991777513,6.514218980601072
6.003346163205943,64.97472827620487,6.30145097211536
6.0922187360187,73.69805926180778,6.818757961057995
6.356108792030899,97.50820945442271,7.399859977893521
3.4399135227119495,47.57109810324933,4.4421856311463745
5.962700704017033,72.03399681146254,6.918892791546093
6.099420526962498,84.89247050236789,6.779600076275546
6.2645320182507565,97.28868928206045,7.160316192023378
6.142731783695331,64.66902636423534,6.654898762034087
6.350146091280903,59.85786358837598,6.955408343857238
5.496707152328472,62.42978378206447,5.695952071189805
6.852956276163219,57.17653955999668,7.271528240594408
6.448355439007353,77.82996702820827,7.453403253655234
5.059119134634404,49.562326115624195,5.341482373501154
6.520991014989633,79.80291767417908,7.433100293979281
5.106616676814042,41.34376987860409,5.12984026240204
5.978962160775493,107.82556900930236,7.81144846065835
5.3584200271901725,65.36197918712163,5.922758873840563
5.3721578620153645,50.551833800773586,5.57976839585243
6.5957483137307635,87.58371548673678,7.620707441911836
6.608077762591674,65.82780440476763,7.1401196803635765
6.457022016828244,68.75621689028976,6.900028279005277
5.659513546006362,68.47634510401686,6.318878307141784
6.423624573625982,69.2668718188535,6.714371048786318
5.250252086469363,57.10768544207916,5.907706762727883
6.2496754224824445,56.06522743859346,7.106919880584636
6.033791237905127,70.24832602395561,6.731514682665046
5.250657217407787,91.76909417274813,6.022002899554827
5.501813472718157,70.5062793885928,6.365184548577915
5.324657095522239,98.45751405955086,6.573858657484418
5.975778197951827,58.00882262930531,6.95497901957122
2.9422074121121504,51.080059717815665,3.8358879851003413
6.356176469462228,61.58190399471277,7.040409639093295
5.37699752550912,91.65463065860854,6.311735763673282
6.285379953161416,93.36841959620216,6.806607798681615
5.702544496183334,65.1025154387422,6.374422340842498
4.626417936683646,53.06200939847801,6.024606546428762
6.726805130905868,86.8526331104432,7.361479753036482
5.0837680632921485,59.853914562965016,5.887472861960386
7.021022534066857,65.20598454415392,7.297456197303741
6.138781339689005,85.01305943155937,7.565923765567757
3.8662879626050635,39.52098253368637,4.365837401482224
5.775872383469106,70.04212010395827,6.443733570568945
4.993852341035465,76.95816300499642,5.897807373616408
6.302379309031594,49.31370093373545,6.410854577331985
4.702180558523296,52.17153083683357,5.177652776661989
6.033285138744846,87.03577242455206,7.076198897945592
6.311488561039033,74.11983766356971,6.872526615977991
5.716518636682294,61.37331067332366,6.91967289968723
5.440278806628175,95.33177538769716,7.528851653683874
4.626714693382188,40.52398403926173,4.722717963941654
5.374785332149509,56.719675662862926,6.36855370175591
5.692941036164754,83.68172814220446,7.029868284805304
5.153669677757882,63.40392209428584,6.059174729030722
5.882839234190969,94.78523236714955,7.933191507634021
6.541780609054579,76.56634736470467,6.995274810679231
4.094016168722333,45.497573957512905,4.438460966739926
5.731937503306218,62.90326939561405,6.421390259520441
5.660812641061602,44.87240232013533,6.20157891924702
5.5233077110984095,77.57508266686752,6.483487869388126
6.19654764422916,76.35525509577346,6.833396568816669
4.839863177942218,63.10500695290209,6.2487976593296635
6.317282304441451,67.90194247168968,6.799253995482687
6.283581262160907,71.17345024261293,7.382462603377998
5.598008330706904,79.13697873822275,6.855773880154054
6.5496196428843065,51.30997956624005,6.5613760152995795
5.629761562713523,69.08129308080315,6.7096327057040845
6.275630134642158,80.29936301219617,7.0553759435992776
5.392523437220895,54.882537710049185,6.0601545811347535
5.25540133750152,77.55954399980135,6.366363975541064
5.388326657472031,55.720268111517626,6.471492160197912
6.222425739165253,93.18940108237324,6.683442631013645
6.680078291934884,77.45388984239763,7.220817122527057
6.329787335719977,86.52371075879886,7.696938516779185
6.326044803518479,60.94406370365544,6.852704773625298
5.289045101978071,73.89417398604374,6.859527846044709
6.174311833703765,80.25298213325156,7.722333441531975
5.384393913197425,64.70498930711992,6.051859840574221
5.246683107315228,67.16702211249857,5.847286050371916
6.797436892688378,74.0262768470008,7.118278066700806
4.094197883225887,61.22918864849333,5.275275101462559
6.622826083817644,67.48333205763991,7.469519287388864
6.1830909321340775,74.72142618481085,7.029477867969912
6.079416769338121,62.044180529591024,6.788485424830242
6.335421274803723,45.71430761225899,6.935754521303225
6.125115944090026,69.45048495915077,6.787069153184085
4.86778705780554,60.274846418152094,5.929462626935702
6.393103725397456,64.33301575877344,7.199922554513889
5.422673936440817,88.44143043586186,7.422089320485584
6.373388909884272,83.78532551743143,7.662921149777034
6.067137678037731,76.46114174294918,6.767716373028894
5.8957842010792305,65.55909999239275,6.626497988322832
5.475648958748206,98.33306598084299,6.778494983773452
5.281838786812099,85.8957241491691,7.086676748261662
5.819217347447135,76.53246830956742,6.907235503624695
5.754586805163934,87.56138537878036,6.6950918923651965
5.323557545223592,64.26392516776419,6.104447285372535
5.856199905203811,90.76019015996022,6.571129207057541
5.543940746251102,67.32664410986808,7.0433653408795065
6.116360724806778,72.68002657345835,6.619046890172318
6.262546286085422,92.46310676536093,6.437677617941722
5.489324572131444,56.33311036344571,6.360606154110307
5.021886394773895,52.01336154219641,5.830894342472148
5.767255822670184,74.9148792953514,7.233188841002023
5.795297656200943,91.83038900175544,7.7274677366511435
5.489130889206957,56.193317062811275,5.817301802644419
5.549962306505318,67.72924278920911,6.434758517617917
5.895179783275216,89.33222864455395,6.585040321202424
5.2106988910068495,100.18998847334248,6.777009078874815
6.144585582642058,69.5385782091807,6.642601508306592
6.046765636097227,88.79778214738432,6.899811103458079
6.53619291696765,47.23863858541333,6.865152500434366
5.920989977637577,68.72546516780774,6.854864114453965
4.932741049266192,95.38453250663285,7.060964588565631
6.767117440515487,75.50081937264288,7.350116617178063
5.866129299256734,76.6075634121036,7.14498814549146
3.2285875053470985,33.56013625522197,3.8393947978979153
6.406203241755517,76.99806966003436,7.206079226345324
6.058042699636495,85.87695932649017,7.600741569169452
5.703180189648101,63.74337023320824,5.943338292974764
6.109367447533744,74.55560820828595,6.433331792226274
4.054346056198801,67.10425977989779,5.313775170159099
6.077844404098872,74.4088565412567,7.4517543299013855
5.438850713395996,49.60738970529035,5.958697856135247
5.767388773137376,96.54570648534424,6.554112462725312
6.014317580449445,65.83812687928177,6.76501641564626
6.167999059622312,86.34230439327207,7.637402616009395
6.437163759211325,67.44927710095072,7.331465166859439
6.030554043468689,55.54023782933646,6.329058789862869
6.376705918872923,81.5124664021559,6.702261246793411
6.37671126946975,78.90679016692336,6.982250058935117
5.42875053922724,102.44760170330159,7.254343022001635
4.873110487418216,61.88366557654287,5.1461871909816095
6.292993842921703,50.213277942661925,6.579193890419574
5.616565558357411,64.49623640192905,6.305779983978465
6.433874000260021,82.85002210850607,7.517915078044389
4.694261722539409,50.227468978369984,5.39960075355051
5.859492478442952,88.68798838257867,7.108190686863985
5.094649614586546,59.40500592702646,5.588108089470793
6.050039694941597,101.35217182877713,7.281007897750933
6.467038037988179,66.43864990686531,7.19410127461164
6.741150052121009,75.71735807244941,7.681594042780438
5.307344202042853,64.88240090305035,5.9569667310522165
6.187276822306637,68.37833054473212,7.531964233531506
6.8746349788978165,72.92833266467375,7.457692537487577
4.618767809767298,63.610031797205025,5.014888951222355
7.231712364992366,94.06651878607491,7.73350821612731
6.329591099406554,87.39662371429678,7.266286002059596
6.082911362782498,76.02496411659465,7.434492381915448
5.78782365122596,70.47048754752255,6.304068646267155
6.2668276283340525,67.12731232950863,7.303221653312712
6.442011744601633,78.47878066362652,6.6039240917703985
6.062538739649657,60.316937191895406,6.60236560111096
5.851521531424168,62.123022442833296,6.693705111495948
6.468308428878508,68.27193532114045,6.8427680093248755
4.755795106751609,61.04861220028507,6.017236398205404
4.409816513176813,44.31075690069506,4.643163740641482
6.415493917587753,82.06947169626372,7.084156389299549
6.60279606706734,69.88302252792917,7.358607290857765
6.1192389635327995,74.67749666770182,6.587248870089334
6.359431154684624,47.675079384971276,6.323206937709926
6.484167849104817,54.42307540254739,7.230400862267898
6.149690191048412,84.70124876887917,7.825756717083113
5.62547897004538,64.45346082652607,6.618840368462134
5.551307763448253,74.88145817557252,6.304741897266537
6.374334721795406,75.61053952924418,7.307697373174411
6.26843036898493,89.33609401819042,7.4139597824673285
6.187325717247617,50.95327237123959,6.758927322350984
5.8298298266919355,72.50053020433639,6.551806175074298
5.675869572943477,59.75068179861495,6.4489391408016115
5.609806813701905,76.65404555009412,6.787569450821124
6.213060724000679,53.751660088623076,6.913799351988668
5.510465275782998,65.57960599975407,6.762487734942515
6.67804310924368,63.68730620916669,7.129544268692765
5.388474770287147,82.94631393914479,6.735920183102043
6.659678052636475,85.39332312017774,7.191059604319252
6.1681670324713265,71.6258712396149,6.5709408758075805
6.226325769653038,62.08924519639784,6.955404030758569
6.19195291692385,79.49162645800756,7.098018680728552
5.452663532064381,83.31897724543514,6.695742690994077
5.388571845251047,45.93393010302132,6.546377487548485
5.376104990638375,55.79819368825395,6.497765075713755
4.616707588056991,52.7822744895836,5.424899833343949
6.8219963385232285,73.39144319525614,6.653794762909866
6.556237762933485,69.40138120018088,6.993480297724983
6.382912094652254,46.71189408454502,7.041743022470021
6.133104911471008,61.95402966240688,6.565754979019326
6.26784719861611,51.10527141560961,6.860411967937226
5.938915111227066,60.737593661545276,6.931666559836747
6.470197678955968,70.3881140587382,7.137411239815178
6.11796546545372,49.41325030941315,6.561445244169761
4.193449755257213,49.48304619426092,5.404258741026207
6.130379133188131,70.2460445507653,7.080924710457094
4.513408413326417,51.435348036769064,5.155030589661452
6.281147749391718,72.02784279928298,6.631617947751145
5.961255711750869,50.63441496934287,6.8210464020614285
3.9031347260702987,58.206634114908695,4.450589174211023
6.498306083549328,59.400553512573765,6.461467202738183
6.225365031697232,45.172106071611815,6.661094221282241
6.222454261288346,55.32177229431093,7.125473841827277
5.304020513722172,65.08292324720134,5.456920982830166
6.750150160840688,62.9300611948381,7.177455037690123
6.685576393386319,68.73778112399906,7.046793343596675
6.101053413467226,45.805723060431895,6.739554752179637
6.395262263762387,66.76215581838834,6.593382458044812
6.3440652829376685,90.06089156370572,7.319404993467386
6.601089007793369,51.22340695538796,6.840350318119709
6.194961063337897,59.79135980931587,7.112122050530254
5.310986890972037,66.25260048507414,6.1421124728213625
6.414141323634271,70.59713221013907,7.369662823551248
6.120826621510507,50.452654803224014,6.630380100045864
4.8950833088907855,67.83887440113372,5.748265223773438
6.0062114698756215,49.41169462732924,6.220989923119655
6.1245506688590465,80.56471329246945,7.1465388723361425
4.565272139340792,64.81449077402083,5.512328152278275
6.828083141021403,67.43964542251834,7.387465016794495
5.460056233432513,59.61928650146703,6.692795968401247
6.525704337889554,68.37268526353913,6.645610968279028
6.068041200048892,88.05423586924913,6.71551443148369
5.883813879083327,50.21974803435042,6.474294518427346
4.860231637137634,42.50768843434824,5.468417632284568
6.745887867958409,46.57571186869518,6.738839034310287
6.308727670312987,62.94870608620009,7.360691692709852
5.731211466020933,49.72851542269438,6.628411662317302
5.687333700150501,64.15918917089708,6.876689781499587
6.737727680665593,75.52457224846285,7.499761812749799
6.25695758714477,67.23488175984836,6.892382170017236
4.2281889315207914,60.803428619690074,5.344917396117585
6.619869514462224,63.406971802649934,7.33635468655306
5.239438955113606,72.27458193620954,6.158602930631733
3.7698329078892097,46.09443649777808,4.606604227394647
5.879324951797014,88.12431190237437,6.933228331390116
4.6437106407493545,70.09086096174273,5.464573549955307
5.908411847534282,60.751221153915914,6.481078193054156
5.15746431369105,84.06367273747607,6.21172674870645
6.210254231630576,68.84861517691633,6.630436994239634
6.874117984855942,48.78338744903205,6.742249337949419
6.019924464146604,71.42653475883331,6.639238498072709
6.346006960576645,76.98401270502353,7.390364972492338
6.502345357688068,66.155247856823,6.914849817696455
6.058339898057346,73.1578354066662,6.5204633863209915
5.251984773243445,67.99556628096767,6.8706111695799335
5.231509842892753,69.44400330249573,6.018042182361958
6.050282843205162,80.19966130954296,6.810439797231135
6.226601478472419,86.6740021436942,6.830369393708458
6.174706934845937,69.57538130499773,6.700418699310056
6.490502791341485,54.56212558868628,6.804238534001206
6.713217320555748,82.76746525838799,7.1932686833634865
6.081537950387435,65.39201386441866,6.880116903379559
5.4702766000918075,82.54528337991268,6.629484900078437
5.516226627793058,76.63767844262847,6.444001279587602
4.749015707143082,47.17009668882701,5.002851961290599
6.460125923311576,68.90091548747922,6.907679968292698
5.723492136012945,94.98356396039088,7.590035755508352
5.541740631050698,92.25410330434164,7.24680028699492
6.307094290633492,65.75607794389431,7.529086650938225
6.710719037278936,60.22530936763011,7.208002126339409
6.491092518522935,57.68338553271221,7.236978025295052
5.32723582532998,62.62063368826167,6.510604426094635
5.405917966079721,51.030633193088505,6.60029931851628
4.294772996174121,39.08564941461665,4.945217960129765
5.718996807515465,85.87483964120572,6.715278718373874
6.255566067233341,102.06944177607433,7.506274018941859
6.092385142178137,64.695104201477,7.276340996037058
6.64147819604053,69.95350621930616,6.857919860657973
6.157482267853544,63.78896563765903,7.236869710210241
5.092683896231581,65.69622706137494,5.309808072253143
5.8919205802542605,51.686285266938356,6.610644931333843
5.79207405278925,72.99888090414217,6.80215435368955
6.124299604159984,76.34602619572226,7.384444977404315
6.0077220702576035,77.86726027255663,7.542402688641955
6.752692138016254,70.3936035224091,7.364599323362727
6.133660523306419,64.75128370264656,6.278005375481067
5.561177638718255,74.46578177318484,6.609602209738843
5.3328643951730745,47.395437770013025,5.709148371592477
6.113226165873702,71.46219607134445,6.768905804077195
5.73482432819319,54.472814784919784,6.5696525877812775
4.759243926273271,70.14364125473807,5.744154535715449
5.337582822509967,67.95175579076724,6.029601434065083
6.526598966591152,79.59107927448824,6.944209382602592
6.246688590250368,76.65813386429375,7.163282322498858
6.16493208849408,58.44320055000894,6.661496912913035
6.092037246050968,69.65783792433675,6.829478835103412
5.720665569011287,59.06386093079497,6.489321162708489
6.124497964371744,79.30950582747205,6.660215016708135
6.325868949550228,61.316523493547855,7.158216428880035
6.324923219173097,78.64984157579765,7.767904226871545
5.849275797635023,93.94241656539677,7.212481157119133
4.984963913494833,70.14177697227612,6.062976689999314
6.387186267946232,69.69549240070964,7.291069202112952
5.722115292436889,64.43453748549862,6.2477835516966485
5.028384400806048,61.466455129511736,6.39060104025563
6.302934037255135,82.46792591033766,7.100261135184052
6.767656172689962,82.38390647043681,7.056238412823901
5.783797191509693,51.51410352832766,6.454034160168055
5.975375463533203,59.54128624532273,7.420765441675292
4.7024241293385565,45.04220430811987,5.436360481652504
5.41007039702102,65.84481112510433,6.664077899411567
6.422708436251016,95.17391591719368,7.351943241736686
6.388431511834382,82.39025084527495,6.893167303868342
5.539417573048518,56.29496387853717,5.968245454532166
5.440410014581677,63.27842276680033,6.559539214757594
6.4928391294118,42.81911938769642,6.970482402274882
5.004579191206396,63.95900410288354,5.711257381495379
3.4182660668820093,42.30428540407313,3.8490159893640734
6.107873159860132,64.59480465858947,6.5438681631287
5.668191540232772,76.76309922742689,7.169386189206137
4.248337890891337,47.80745289379123,4.898816030568794
6.8153712011473475,83.0525300147728,7.777221351509303
4.91632299635068,72.4265282907028,6.240274053391989
6.131307811746006,74.16370182367812,7.08943101351634
6.937428478511123,55.209223882647656,6.7149110253197986
6.865144435540567,84.9693208877365,7.4090962501890845
5.41213202362722,47.46257573583238,5.543469422058171
6.408142090859742,59.82887999816105,7.3061585266726405
5.9374442521685165,70.35145738693647,6.600857565390582
5.769644386896519,72.33623856889756,6.756375080510183
6.538310559142073,80.99426817706663,7.819796678959371
6.163574827663315,74.25223317164108,7.189811659944611
5.842198028462248,47.16482150009281,6.225380398960618
5.967200610852743,92.8562363413873,7.044211144232853
6.443808170849143,69.177017774588,7.259365505841582
6.131598842473399,84.24088456222023,7.242899933965514
6.136871733542449,74.71484943165517,7.24166646907017
4.833321893305892,72.13994136754535,6.357041209547246
5.540051921105187,62.089773333017774,6.637637831144665
5.422504348571813,52.5922814998249,6.1082778157962885
6.845423335584852,90.0063461161741,7.539074817782739
5.969491995655575,64.80693226161492,6.846380469546137
5.290829126696258,68.10595944636076,5.882300940103368
5.871469932261344,94.91125469215582,6.413471889282519
5.821191608891008,64.53514729940711,6.9421138823148265
6.960230713385523,125.11123349227633,7.92174229896775
6.158348980462572,93.73987132848217,6.758731790100059
6.146169963128951,68.31375635786868,6.524977428876449
6.667074078695083,51.620494427485426,7.123690310334566
5.037989919182081,52.004936938369326,5.902550823257194
5.816690986555437,64.80588789769568,6.643485646302307
5.779788854748654,74.73511264569402,6.553323158333128
5.491524822612142,71.19177517893317,6.675124175468444
5.862637354615959,48.48623427559822,6.362893591082426
5.555805822927444,58.13065464626091,6.391694297668554
3.2058193462103106,31.362899629315987,3.7534760302116235
6.351957971023072,83.70238774893272,7.484654188575031
5.010630344310412,47.121945207218005,5.251304598338584
6.459682817602649,99.05629744540822,6.861840301687317
6.691174441946846,57.189033758202996,6.922128038139838
6.424037337445241,68.80537715746931,6.281253840346086
5.617897706420503,84.38345161274934,7.49128561871282
5.943514377369109,52.059058152891716,6.4686104422165105
5.936819124941949,56.58590330752614,6.428918288586187
6.339652465854632,73.60761022421165,6.605375602826519
5.734082300982521,76.47426921793975,6.2823399347844076
5.619278872528208,66.01251930618301,6.645536517796865
6.32928218863744,81.09600798367447,6.798465122549006
5.746140175330307,91.50955597591344,7.233461749209238
5.518842584482912,88.33841835402256,6.6977782646049615
6.113068946869884,76.28327621944926,7.643174370050069
5.037442057667287,75.38307010774206,6.5771918975323045
5.817681802927151,100.24034350584667,7.130979301920485
6.217255540839804,58.937091440138246,6.809462356873718
6.453695987811391,54.375044010236536,7.49905813991165
5.952547556368366,58.483044769094235,7.046252669430379
6.780856319716308,66.61611416911744,6.917383261037691
6.295566815863222,47.96147163546321,6.982994873540158
5.9411953733854395,67.82218567061933,7.626442961395087
5.721297028406187,76.57749092078171,6.647702795202218
5.972438000778703,54.73693089754629,6.753804672030638
5.5087766153155995,79.27544644598211,6.262886221519217
6.423652112620419,65.64755604096808,7.3149297734524525
5.770617881952445,58.89912341246464,6.904027544713422
3.681618727793469,45.66513008905423,4.241589901992574
3.210390771321285,38.429220661947795,3.5267443344630287
5.7847222788307056,48.721203939637974,6.32283871978968
5.8351529626840195,84.42058468018239,7.58832494807525
5.1037743519457734,47.24611277141544,5.904113090768014
6.332162377895465,71.09990592592972,6.938608806163583
6.386969014525927,54.40953147526234,7.091962259086255
6.569975874226329,52.51217054623818,6.956534457895215
3.4801911652551203,34.80749439748382,4.041327608377732
5.729966570257111,58.09299787538773,6.15928807803832
4.365930964109563,88.73917012796477,6.4180808344871485
5.8519250998489705,93.68323269127957,7.472519259867829
6.040832468468422,69.68916657104458,6.708819400968682
6.428474001345555,82.32238477418868,7.481427255238009
6.5968560809991335,57.833696859646125,6.96888540889462
6.454234952209309,86.33032568779147,6.871334951341792
4.6897870240510455,56.4495669540455,4.65284677708242
6.084541458146538,71.64121988192734,7.571987937793194
6.108138743144576,72.51311001060837,6.612346666767268
5.988131761850534,98.36312425488005,7.588677606816981
2.7393681674533554,45.3700611029816,3.5394800839661347
6.516731026236463,76.35188674590887,7.7396193620694085
6.569112208366065,61.3872354831599,7.294061072993735
6.767375791838969,105.69545717401688,7.441296765840501
6.220538643254265,88.47657248193536,8.085429686458875
6.401529058114248,55.852667030208536,7.365699378160856
5.0071020314556725,49.797766221565475,5.575523431290291
3.8600436043675934,45.841657769112715,4.408260732153496
5.6057684883104635,65.40777210446915,6.94874190622588
4.743685686959706,68.65674768406251,5.7391478889480405
6.188066290928125,41.801099934293056,6.302651500960934
6.285702858959033,65.23286771429665,7.041655845797213
6.6743656617975695,67.37833906925016,7.313179046093097
5.711347094310598,58.77094710457569,6.295831080287754
6.3025307943317355,80.63788082508451,6.842402490736532
6.027327506927746,88.73905757940388,7.7266561292615705
5.703285586754791,58.56693325466264,6.592355103268312
5.11879701455547,102.25772677748259,6.7024437834822645
5.969506673192338,105.97840234423565,7.248990395059677
6.44641833928044,73.42714239681958,6.859916684849717
6.278842466660943,76.00944072938742,7.446252892054982
5.271811115018863,44.52818844200612,5.52984571999749
6.055381710680708,48.298569143538344,6.212726028829559
6.676793986131834,74.02709866131742,7.322790814295974
4.942650321546737,69.70446269638144,5.94691781240846
5.741456155731776,42.25527467182651,6.30292555434845
6.482724235524714,56.895901820089875,6.93454739640249
5.905199775400377,81.76973714474587,7.366734213355919
5.7492836073997715,90.70523776331558,6.474587392013113
5.29209199626307,58.21469130247468,6.348509840475177
5.89674325554699,56.55528258052502,6.638341629917689
6.966941240888445,65.01476987553333,6.819592585293569
6.945651571348925,78.8172490586061,7.187992962348808
6.306436230164359,76.69821384371038,7.16085728866636
6.309486559074506,90.78048182694633,7.0298112756188935
5.195959702044435,53.909716322708405,5.855670835945115
5.8616343802400035,92.76366475565216,7.4231976318365085
4.321798048800369,45.34805511281601,5.4836489760505565
5.9946935593427595,66.63264843509967,6.5754222796959105
6.41171922263185,52.95590350926868,6.776938641539674
6.929796380096372,58.37080117317962,6.744301806155076
6.111477420537692,72.57926826877106,6.876446084655962
6.517324887157161,45.47934873921531,6.563003732154737
4.942155076092385,41.42164255564,5.032019680988055
6.784893519078281,86.25248846965837,7.481745378220498
6.262543698479138,71.00778869819065,7.427526015601188
5.415985010510254,37.64887231264995,5.951277093889944
6.184513626139846,60.86882241217699,7.1595910724141545
4.491416067816149,59.39143370012831,5.680807398065231
6.184702232682084,63.21000395260811,7.196462952062504
6.356903321019451,58.2709293224528,6.747918966592655
6.271252537247837,59.16885994069871,6.8430898676016865
5.710407749143598,57.5183064839029,6.724098561482303
6.551021373739085,73.880488518559,8.05921028416235
5.714405617143486,57.019858316863726,6.30470598179103
5.31750390292423,66.13315704751577,5.989935374675745
4.548550677374441,55.165603866591916,5.590657663989923
6.399259488150932,58.48750225862975,7.429600080706875
6.081990203595559,83.79767578383301,6.918982013455869
5.870442662220122,58.21339453765692,6.674930344212953
6.314399962964885,63.93235767101395,6.859582009042669
5.4280469030236,64.78707759729393,6.115393821372865
6.63344530608444,80.03274711809807,7.289730695637922
6.403339385583491,121.13057891687697,7.866978827558009
6.467763132542827,49.89431925885918,6.917004002677521
4.5487301734473595,41.293389438621176,4.878289950322272
6.068231778153714,68.6775392651617,6.420599390894665
4.115742072947629,61.54444895753642,4.644046129830655
6.732519074198697,51.96381666993874,6.966081927486211
6.425981314756247,61.555820766960984,6.43265349427003
6.194126102086951,69.57298672006613,7.302663072316349
5.669702821219017,45.33369445645363,6.065213759123101
6.03704864426177,67.03396402926533,7.224064890178773
5.826743061506032,39.1786688862889,6.522696884565785
5.541012582193419,80.31227633371526,6.639611435113723
6.196354541367056,86.15909382258762,7.837753263758454
5.636812918531201,49.57221144711522,6.633321378358774
6.084471177252088,67.76689332862294,6.831160479849625
4.825527784968568,45.41369778328127,5.64702292861857
5.082470398088829,42.819062709878985,5.124113021168146
5.831570613043931,54.208504268463464,6.518197855932993
6.524706395581007,60.48653619827096,7.406705175523404
6.1675890794609405,65.0325053647697,7.050425290856463
2.576197592485829,27.21774779905198,2.8309955847396795
6.217443427205654,101.62018125859827,6.303713529837523
6.038484181725848,89.07043083899042,7.064652788396104
5.552317458477304,100.33597563431087,7.387705766136007
6.018411892168953,72.09056227899904,6.748489588173853
5.51931571034761,61.85991299932753,6.757348952051362
6.433041092170997,68.5499367009543,7.238654652383334
6.153612094286125,61.30842677032624,6.853804843312225
5.238633803353427,66.86805381427641,6.509079617359211
6.99601638377545,78.72719164108862,7.834716444964561
5.680635191630662,90.57615616119966,6.678907077296087
5.738774280897767,60.14819306682295,6.120171531238782
5.355303399214142,76.48709904347943,6.701988803432445
5.777725189690037,70.17943731224472,7.0193018433852075
6.1490723681872534,60.08661305761744,6.706149518313299
5.668820638039494,82.846737091048,6.390583321720128
5.906910246716468,62.46392802841011,6.139638773971926
5.294656658131971,75.08617059262893,6.510970972320647
5.659869470041572,63.081063285046795,6.066166315680155
6.609697737708546,59.562028419165024,7.767709556489146
5.8763696145613595,68.21941752906629,6.826327539908711
5.785033772683305,74.83397626468377,7.505192407043544
4.903744894168557,54.088810525772324,5.455287051331188
5.806990652472585,84.19408375543689,6.652335133617185
6.122301152056616,67.57358827897501,7.000324009699324
5.463675424218841,75.7181251905008,5.88036177944141
6.413173089559176,71.09393472270776,6.547950921675626
6.282460953910048,60.91584819420005,6.839933771037707
6.515508395064031,69.25007727789564,6.721749116052216
5.079430429499521,71.80599232144961,6.142623454470026
6.134062254679892,53.477245395391485,6.479254381198325
6.722552908520219,70.49091657686587,7.5690922388510815
6.397691620846788,61.38801485699115,7.4167793991051365
3.01299937861345,34.605662352354585,3.38541642671689
5.120133305393664,45.96624945808333,5.42506469076871
5.734379460562046,67.48680972348811,6.220293824538272
6.22444171070647,82.05512342253697,7.249396479814814
6.172372563753169,78.69094542351434,6.6420518741483905
6.466577087639625,46.85024917065028,6.555724282313493
6.151863494476882,86.0756747480071,7.278471373794657
6.520890163392703,78.20400922954454,7.223615566009902
5.752990664428243,82.23576532260044,6.893660916830994
5.796137484553704,73.29228381522574,6.29691681388415
5.471635349140716,81.1494986376945,6.674539137996533
5.46521444215439,74.130269103772,7.091911466086754
5.433541117419594,64.9742989380689,6.186208557993107
6.275937781018753,53.13200693863765,7.337949752033966
5.969995366183576,59.44097177121502,6.411110894730823
5.103189080505252,54.48575131935451,5.609369030731316
5.57148643682582,69.74240978147115,6.542890694330644
4.48405728889415,86.70106424363914,5.879666594063795
5.935255405951742,83.60883014746693,6.606255369818896
6.27544995117284,75.0351810000247,6.683536702163802
5.6927855155735925,66.06782817516736,6.899189398139288
6.168879194897638,76.63695916290851,7.342427506335778
5.4460859566105135,62.71375975226761,6.516515332967606
6.396019157121026,91.74556655502522,7.117671543801075
5.514034947623551,57.86180587632647,6.2481410156105595
6.267117076535193,82.48983521255028,7.331372458554075
5.9066074608383685,70.41186249069455,6.6035392743466055
6.222970258026164,79.01776936115878,7.408152390806018
6.829290168303906,56.27987450960398,7.067244212610096
4.830927012883814,75.90633465103659,5.773901984541974
4.589376290159485,50.031997302431265,5.364821471689399
5.982496046567098,49.97228728780509,6.127075938113771
4.856347936923677,53.21801478048415,5.60258882459015
5.767616633734099,82.1766199484123,6.334380960153413
4.501515454265085,47.55979258407837,5.3259742440709505
5.094715280082389,61.63488889052653,5.666326860834334
6.493918498482629,71.57188356399853,7.470686951918066
5.999448516999637,73.59290494650676,7.234105053781415
5.937274460742852,111.54709048274606,7.0500386181809755
6.51272352392781,87.60601638764378,6.99466569744623
5.676877583094881,88.67152553365139,7.57564248383975
5.412959614818317,52.82834850000862,5.979180408289892
5.866251086550038,77.00463558762179,6.7256441882097695
5.5102537340959135,63.59508797560414,6.762480337037921
5.797360741817711,65.18216861061033,6.46691665391751
5.885883711095935,71.53955212862802,7.2956790319786675
6.32032403729453,63.15469617176521,6.56347280625475
6.5896488933094455,59.51980414659312,7.076952354171825
5.965625190168106,71.96433588216917,5.844011348505465
6.366277997083124,50.47805886054629,6.919555112242982
5.297336581645386,70.01294902517125,6.095901618288339
5.216519687179608,60.9631362229591,5.817272142967405
5.184593660581794,62.2602729277498,5.76274996772094
6.5614617099382695,68.6549603175713,7.484398630193311
6.497710719472465,63.991640811735444,7.317882279241218
6.748894110485092,80.61455865342322,7.0020320772821965
5.5062621902174085,62.69590625269416,5.8968763583078
6.433106408574783,109.25859733448858,7.273255907157071
6.378867922046136,68.56818591188369,6.6025588588775665
6.554654328973739,67.10135130164443,7.394321701288253
5.459927064400992,69.48663066971326,5.682951002416897
3.5976800567316514,36.26009247395439,3.9454052019943027
6.55721895586442,60.36894606933328,6.9321949397938525
6.509502989599708,63.511911191240664,7.329566746438234
6.313870134939172,67.70247249446838,6.88926317126135
6.593355567293738,64.70414738595214,6.975089466972209
6.006020331722908,70.21989997753299,6.8538947838009
6.349708002735342,58.59099858017474,6.6775845360147885
6.387949042778003,62.287613806885915,6.728709934467599
6.311228440542772,77.45278817173642,6.6920872731498395
6.596132195227455,70.30287063361301,7.442771742808037
5.995753056813249,99.03442103840435,7.755579886199083
5.940386019325299,52.239168086015056,6.881415627335929
5.362611870286922,69.75995573155522,5.207033695121954
6.1872742276368955,69.39595822130362,7.5972416889384
6.0507521898306855,91.69845110684881,6.740445521548104
5.592716171302352,68.41365013460982,6.186731437061077
6.766791660489447,82.95622135488614,7.968854356705936
4.5655503900328185,54.73872225660428,5.372545482292893
5.894719204976915,80.15024334306506,6.990559435194006
5.049758830312327,51.33521826860758,5.542118562724707
6.302202429340364,64.3437488285228,6.960408377419262
5.784077421811894,58.961119945358476,6.334875471279711
6.17989654869228,40.76921222506665,6.8109924036231995
5.517461994636484,52.239233086670794,6.3344802614277524
3.7700170567771023,39.96111626010371,4.521874061456862
5.764460378806369,70.24253225337591,7.108073150112598
5.972106086363444,69.6487604581311,7.013523335888605
6.119273448021954,66.07678098891847,7.101470877366062
6.443986543159304,62.38529310680899,7.197473132375369
6.48188921242777,52.87532987848274,6.673961643103782
6.5497906982998755,53.13337244975662,6.94846563787753
4.922439075420742,38.82181516221328,5.510194211297414
6.755784353863654,108.31113927000771,7.217046119002259
5.281226638653409,73.73075675198348,5.970676583946768
5.988633475372466,68.37890456066819,6.49235791784673
5.746499293942687,89.30190642257666,7.583114073295304
5.573153028995272,102.72833969983441,7.167226173551058
6.173926354427585,77.85498714742235,6.45050418235258
5.0542254046391495,39.482660716966286,5.648458546353952
4.989356720442146,70.25507656603402,6.740020964066614
5.192234380496904,91.46720478084671,6.072000109353972
5.7994918645891484,54.287260542852216,6.955373027187228
6.472867539863377,63.65015847103671,7.030577906180147
4.708229587507883,56.23827974369914,5.467889485813985
6.657730679870786,76.44488419204865,7.305399185376935
5.722229907846484,43.10227277499904,6.0808569975330435
5.046515283586511,51.90880262570196,5.85776102281532
6.249769430670192,53.67280940682635,7.172652730287452
6.0742852296124505,50.16053233992165,6.573801051173664
6.043620400465124,67.13222892287253,6.724946476674269
5.868847354704458,83.92323428049102,7.160398028321292
6.253418075667037,63.219076039075745,6.893297792941299
6.511692148966627,48.84026840580569,6.875890354404072
6.371118026724314,64.7705840413768,6.814954027895249
5.339138834128127,53.35955950744988,6.096454120765402
6.022927448837929,87.2447365697062,6.6422210583441785
5.971236468671941,67.90895403791195,7.040520466401924
5.143840858529505,62.52940455534167,6.553203169064025
6.372222830829187,79.47211904076238,6.8016297831357555
6.245130815584898,76.30715278841065,7.492722464396999
5.683594436486561,90.5618781753257,7.026831845909507
5.947007943040942,54.6013614246222,6.42584679363695
6.30423121228033,51.96959460003602,6.458962049370707
6.4777069131267995,73.70920716328389,6.679139074820977
6.855006698563493,76.74388449665638,6.691496208433096
6.638231049944231,61.36760079390806,7.121555140149765
6.469657394236388,56.81283347375184,6.44735132642124
5.878534673427966,81.13939745188702,7.124724483564797
6.602785398169538,79.11493049800629,7.418705319532847
6.109530359449652,58.415614970432195,6.754215763705805
3.7989048344927165,48.59806298809876,4.544799271377398
5.921218158934039,99.91111848299415,7.7134522152751455
5.882636754155977,100.2538441736336,6.882158858771801
5.9279696541061355,62.164928202014735,6.820333164195038
6.307028836805003,93.10977530286004,6.987202991674579
6.291680479259703,82.56994511273689,7.758294433916569
6.268121523663428,75.22230457636456,6.732733296730094
6.450095853654852,90.87553425656965,6.989766911535251
5.310792462599189,79.01829503266516,6.701362796239233
6.4097278553094705,54.461352339306536,7.376236185919669
5.407872149665823,68.15844120809247,6.182886020001524
5.419452705013332,72.412209719157,6.605428917880064
5.8092458345673945,85.98138264356568,7.391112609358759
6.484297205751256,69.50704906500067,7.477529733636952
6.03930865157469,72.03881538164332,7.027756948884619
6.199803843649714,74.18251531587956,6.903092949490966
6.416301586833687,78.67109089645362,7.186047951342313
5.901027281863204,91.96570697403294,7.658077009197526
6.091527751835984,59.23682922952307,6.485020892550507
5.3105583899453475,58.89523512622732,5.787921845224377
6.43275709397567,84.16335271749819,6.844670992409819
6.717186260318398,81.96528092580468,7.4370286694609815
5.134812421428042,65.59655937659403,5.74764459188681
5.58746558321038,78.33562766980148,7.229022141128955
6.406672147987415,63.83268919672232,6.710405577596357
6.695880764855827,57.30067760479918,6.760799780712379
6.55284256102082,76.90602217214689,7.249712727572303
6.093168062068459,61.126582420053026,6.350469155809985
6.335217310941824,76.34763237567755,7.229135862823925
6.5853923086026604,61.36984957162685,6.9161533161243005
6.618671377108582,68.2241826555224,7.301062486678214
5.876747659203339,70.41567001088409,7.12088968228585
5.712387979210546,59.580280979743506,7.010250289856216
6.355040008732946,53.86365488270002,7.005079043279096
6.19776394573286,94.65065729763634,7.325128723445151
5.652371627530767,48.23221823966053,6.266606991685152
5.656350304527638,85.38936123376494,6.706614049000578
5.940796018190414,52.636013516997146,6.994090585149829
5.368647567384201,72.04153085086745,6.525475513636855
6.1981232409288,81.15915431651555,7.369412985087818
4.9644680972029835,50.46949903344134,5.001483939097785
6.17560003684125,65.16726037057849,7.51082564428775
6.204040498695884,97.60912392603335,7.065481045044905
6.262560065298089,64.34750630312898,7.375049753142182
5.907971269122182,60.69275072198749,5.943709257730179
6.135534556721334,72.41080678241158,7.330198647172746
6.342966590679391,64.98907089478783,7.31107988747247
6.25648006802677,57.39201099300917,6.9193405331219395
3.5778274200781315,49.77713134379162,4.125759417703106
6.570139727023721,71.06850899829726,7.232582642600238
6.436717709316178,90.3304910411273,6.839495829588745
5.526315526180827,72.45047559879674,6.631313747090552
6.57709500939052,45.528580686325654,7.122142702461473
6.472328961538852,76.48730931302946,6.7745821803157265
5.769496725147166,104.26699999425436,7.94146169762783
6.1529565411525935,72.50509934232991,6.698233748303676
7.090712346219403,83.03169663343029,7.889777536990632
4.8790256022447815,48.65948520374563,5.178584279083001
6.365818375273347,77.53139611247632,7.569081337889791
6.201836342810839,66.17763034256302,7.279609922282641
5.630761364714386,61.21284744940605,6.851335805270284
5.770201737658216,77.63578596572351,6.862194240876847
6.598110598633577,84.94772560456622,7.124175877014081
4.095460217623563,51.54820962691538,4.598360490605189
6.34540644129743,83.14012049787024,7.394956500546862
5.193391324467708,76.11776810502091,6.110703671430939
4.997485185980324,53.86277205691604,5.623761796906838
5.875857462972244,55.811543319625834,6.578091984896832
7.206487878110577,87.83397766022057,7.116451520731713
6.3121316470021505,58.53274229490557,7.16864091349254
5.614678120443091,40.480500969269535,5.756830883402882
6.140515345411384,54.186337692789024,7.37007736016168
6.104621046079736,56.0134337243501,6.789133044914841
6.275696745445105,52.81642856568805,7.175031947325853
5.8863569483396265,58.56660577032392,6.625757942721784
6.493563775849562,70.13717922151939,7.148058894554338
6.284707874089034,79.8733558296549,7.262242166671049
6.737682926657682,90.27722915077028,7.297257075044148
6.380390370150933,62.23481610739646,7.736512011446788
5.646830732737684,128.9282542209471,7.834256745074931
5.825241386943356,50.80218230850862,6.129120576253428
6.548429617362415,69.48948922201038,7.329465676137031
5.841533455932445,76.95795372961247,6.625445869750582
5.712237587860772,84.87006468303535,6.9616420257982385
6.594517959545093,70.07347809821074,7.6530521010258425
6.450187704490748,83.80141792052454,7.334757143848023
5.717749334404339,65.62294718128221,6.642814168841506
4.786496128753263,63.83085950089001,5.342390296159838
5.890955514945718,83.3589791062989,6.731714992710854
5.928357367957034,86.33908600938507,7.33397992300284
5.917157760872656,61.17490000366492,6.42132076711154
4.893165905461679,63.35527411404316,5.393983386121165
3.952213295053921,40.78674857056632,4.148448710535953
6.266988952244533,90.38875137031053,7.368014710500914
6.06963835579745,88.68444138547471,7.737121412669896
4.5536616520247,62.33587226838345,5.308633421181455
6.290904835403628,67.59732550208372,7.164606829521672
6.333363342216576,125.22437422756978,7.278983366273106
5.791404467888118,79.53250921324364,6.391319669267474
6.025334502332797,69.46780318013285,6.758502174785459
5.8966946716513755,81.82237242036659,7.390517502001329
5.345133924691867,61.59256875142954,5.782878529996345
6.191627766547936,89.89975735293537,7.096325190918546
5.850102253843816,73.86667262607789,6.539260519506717
5.471253145907844,86.31151722037765,6.516069317176222
5.723185973400384,97.02656897680666,7.397844934798286
6.2517346514249015,55.81420401566867,6.369401535756615
6.163411226012179,78.72560426175365,7.273886568945684
5.567590265512687,63.71722581567133,5.781733120643578
5.758983651422133,71.00430429177607,6.298378142737801
6.195780228852926,104.27446030136763,8.189905351643535
5.774559304820813,52.9932197029039,6.145467551915833
4.9180172174126895,66.6620626358926,6.207183990441224
6.351796365846965,62.18609370289826,7.455098215374718
6.280859336373422,66.29043950189121,6.991636683921078
5.084359063895996,58.38661329189289,6.055044066076247
4.028267563628305,37.622049550289766,4.199258459363885
6.1982481695235006,67.40721190349748,6.824763710603373
5.825001168046249,62.45719594798408,6.232132300874604
4.214478165853677,48.13089848031255,5.339712515007774
6.382562483200722,50.463201109676305,7.160360385160658
6.497020610364765,57.325987122381704,6.570956997984887
5.343133342528905,61.23876401553623,6.225675892512493
5.60914505778099,90.18479631674543,6.918355820845429
6.196975160274159,69.44781530753566,7.2734965341392765
6.14546104949722,97.38996568555905,7.8987294628789675
6.5144733495729055,58.41357886168854,7.146609996115773
6.004898396632316,54.505981907987334,6.77331593881673
5.623311844418591,71.20143857091944,7.720649144230503
6.174334865529859,69.10622541039831,7.796291119901079
6.199650919066806,58.842332565803574,7.1547507337152
5.438326321842738,71.89006057435644,6.784339315802945
6.139107043224616,78.1574726509585,6.877024948543931
5.7969953369770835,54.40449344379765,6.61483354667392
6.152991213345555,70.65780161007376,6.982525218834847
5.8610221125612965,91.76164271016822,7.0411270793814005
5.540083944577848,67.23043408015516,5.471695024835047
6.491288795723565,49.69041931252676,6.4932030745301725
6.309008655530667,64.25338179120378,7.268123966752135
5.926979088694403,51.44402298001278,6.509598235758135
6.14348814506066,78.64817866025055,6.9044075588188
5.169408451194159,52.11093723121649,5.1887560423690635
4.5504936175188035,69.29979926486976,5.107638410012064
5.597847363766831,70.41578408186265,7.107147456484197
4.459848954381702,50.49094571755383,4.892524421842127
5.860054875551757,59.039047487117244,6.438322398345285
6.079712436432631,63.97261798781573,7.146596801424545
4.537222732264351,66.41544496298877,5.081917164247224
5.824576138219567,48.869234001588204,6.477539958649516
3.555121940485931,45.07152170297212,4.2013501734263965
5.801827991581464,61.89225495932256,7.348563341938225
4.4407019187064085,58.21244509444325,4.970786398740709
5.524197851692261,76.85819585066515,6.356431664749602
6.335590555691075,68.21995817828689,6.67209143314312
6.152615907146403,73.00259990156837,7.100603207350555
6.466921114089866,87.84533776057124,7.297653258916524
6.351525976441361,64.65362039192898,6.818231159540204
4.862768168308878,41.56758434268635,5.3694975117695565
4.410466562461921,73.47547725301591,5.435280277573976
6.626598543298994,65.19745502035384,6.756595170644537
6.685558592184791,72.99332616146992,7.407127746921282
5.721644961983589,78.67674145680826,6.59462886221167
5.822323901368784,62.36648238459703,6.608340440224725
4.28253643005819,48.9756897237168,4.732123081789788
6.220602367552393,44.58664187176426,7.073688134054985
6.177846740245949,61.62581059449775,6.530446297130316
6.307400240403098,71.72399538919441,6.989770525039858
4.901469720200294,56.24239584526147,5.890995973431994
5.317240972061897,49.837915446461125,6.305866864751294
6.1756687365350755,99.02508679884566,6.696426903592793
5.983358874411304,108.78988538885571,7.521837164856613
6.622590807859878,79.12984709333846,7.0312622546709145
6.216038743166198,69.13589117000909,6.701075618245146
3.452000403929903,32.956459591883316,3.3760271016325865
5.833770455976616,60.33988367955567,6.566902556502649
6.872745007356499,70.76698684111909,7.306007944663191
5.68000529697384,65.99035751436647,6.518602743349606
5.595060907256232,73.12241516607708,7.10119370714195
5.397640644286279,66.02980798369002,6.594691844812198
5.718301923071465,51.482529359332005,6.67277087949589
5.713694977485407,61.489128779457786,6.58401244206759
6.338411234543866,73.89429694931123,7.169549792104094
5.104858412575955,67.08212091557917,6.007758574490082
6.510704843021939,72.6748063928611,7.210170574450231
6.672095386127539,66.8219863720545,6.779376422740545
6.117544635621844,72.87183022069458,6.4564479486409585
6.386951502410092,55.59647107578481,7.031766247075882
6.307438564610476,87.195777989543,7.584250476879462
6.4336007448269825,89.97396938299374,7.513774533695001
5.730611595495778,55.00583784438037,6.5876362707341105
6.31333673676063,68.976043287532,6.686645639275348
5.600410632092973,44.67277804560674,6.47328569352252
6.028081909157081,64.04742976157658,6.763187032204155
6.926718557083639,80.18362937664592,7.156918570904418
5.688231223538738,48.26264561134278,6.214030486522836
5.863281989138372,66.83539707149843,6.825497283928067
6.533679044798796,84.71643991745425,7.609438167964166
5.764533399352428,63.61992056488276,6.621104124708249
6.0891156879343,76.92702179244468,6.718244856517029
6.322899275948398,66.78970555114476,7.2718810736028034
6.070261661498288,67.89858769969845,6.9101713184887945
3.736900158038819,39.631182443043414,4.176930205788495
5.6385301304659405,55.761285312166116,6.911902890867072
4.9354094998026765,61.326288717873254,5.61332470325201
6.240974482544845,71.28393931696156,7.0758466758169565
5.412107949079902,48.563481990476525,5.900330047641781
6.263065840682117,102.86232659192711,7.424647268148361
6.548833082699729,79.53579365990741,6.535201096213977
6.763738306545135,60.288408501475736,7.252236115559492
6.630973129201749,66.60541299875689,6.9534331304084915
6.0612447132747524,74.2864041382716,6.281755115576653
6.48981278772739,90.59044101264426,7.194448600252804
4.269318331050694,73.03065942724204,4.976671843520758
6.007963423935067,76.08264780402119,7.725213111887247
6.402415266232016,66.67878997102052,6.758051506358766
6.2544407157716995,80.76169335926727,6.884294572812071
5.853652488157668,80.67323543148652,6.597533221417721
5.736933758256798,86.39102213246441,7.115471172667223
6.3867102135294465,62.655386153183855,7.657765735180427
5.8224767137822395,87.07001767802075,6.797911412143839
6.172047065280734,72.89030109412616,6.773789603446441
6.365288862689409,99.67056533196474,7.384923921382691
4.662447490476254,67.54536447867534,5.40557670374697
5.956470855963633,84.99578105292464,7.849257506756874
5.7824182084375915,63.06257101686842,6.97419889585059
5.412140461248219,51.69783860504774,5.933920024252161
6.233787241833189,61.578226767991794,6.315057905994173
5.476846326176288,80.89941436254334,6.2726888402464525
6.247346971340079,85.68480098736254,7.576616282292049
6.899175269636393,58.907968931171645,7.294086665027256
6.199980881741324,73.63031240676744,6.480662632511139
6.337754421346979,61.696820647426165,6.927868482478288
4.9741788755793905,55.319174133958256,6.065565769328412
5.795093654071671,62.96911992204729,6.709097399860349
6.542488884197067,81.06938560449065,7.74991818062477
5.220089242436296,65.36605566520987,5.89251336439256
6.642524927308298,76.27233418481988,6.9528243217127494
6.037938633592147,66.91704542020318,6.347920524263625
5.824569166175949,63.038263837551035,6.6888108800710135
5.945129229714127,77.2184803021356,7.058799430014892
6.327534885163353,48.321908381446086,6.664114503547984
3.102391451358722,46.45214888314456,3.8548388868034
6.401131705719765,56.70580539434715,7.239573120668486
6.7796794170375065,69.63130192478984,7.271383175022702
6.632414580878166,72.60988013499242,6.921765774588726
5.923829543546786,58.004237205841534,6.850403909868995
6.330818556150917,53.51105325690172,6.461716023737763
5.624799965602202,84.5511112280507,6.99623016015301
6.356212496215207,57.521806280885656,7.08187314114275
5.5022333325774975,48.71828893106009,5.865567496949271
5.770029273267134,62.69203642215902,7.360206124072455
6.216299317880326,106.52105600332764,7.749308943538041
6.532600022416011,87.40145964834807,7.345904439087849
5.946099796761921,60.594058062731,6.423162946093047
6.14357641280812,91.02235220620048,6.935708580106763
6.309132493520334,72.45558129415697,7.091853067062459
5.486956844484304,125.16344862681112,7.490752282479971
6.698312062946298,82.79739963715625,7.211597961517815
6.78962105911867,57.59814320937437,6.957199084660681
5.906066516198335,94.61373579277304,6.638644968764573
4.5568991993292,61.947279286391684,4.762658557606538
6.408120914065425,76.04219894756781,7.324241368055586
4.132445758394097,36.624991532596454,3.861303004727927
6.477647409233667,50.71843752944682,6.94258800642838
5.442889724305113,67.01577305029801,5.824484579895645
4.999142816833336,67.45369896712404,6.5336453301279995
5.997204016994484,78.93178129226409,7.309819693118784
5.680032427238335,75.68173801119072,7.035365458802319
6.474856979157405,73.82747648541621,7.488606821043826
6.629639534147418,81.44251556784933,6.875310932999994
6.191568859695078,98.98756569881213,7.875331281781848
6.5164271658668245,61.69217834405709,7.571081732126227
5.939730229461868,66.77609212879297,7.410607362557499
4.621111132050972,46.38403691318784,5.15983546937008
5.920850693753942,79.25565593246534,6.8968117486166785
6.081096855079087,77.64867153018646,6.873746716978867
5.822516352031312,54.80968234423066,6.878950741896058
5.5411798781184,61.70535734640888,6.511311255226617
6.29971469811438,94.95844766774204,7.769722200712667
6.196058953392602,61.95694411122974,6.900234491989449
6.937315077207539,85.56267944525254,7.033397640824323
6.059826965140858,64.45303611137004,6.894731955031486
6.319685747159323,60.8818466438558,6.882058531986652
5.840314184322258,80.71773807116001,7.4057732167895685
5.710726259187243,86.11389933999367,6.68995515365442
6.456603799981629,64.70488390396922,7.265374020375613
6.2544650044799495,101.3664277422754,7.248774555856856
6.598815078560651,91.93097825708183,7.283532692371901
6.596226585168989,87.42302450550186,7.659604094212346
5.682587903716054,74.23148534921658,6.7502733289057995
4.1914487903281055,52.992960298008235,5.038395589065131
5.20713268388752,69.64773550916446,6.891728642920798
5.971671645499317,73.20913534098071,7.177058636294028
6.721320159382686,68.00852671279368,7.76421671779633
5.858100776758746,81.69643542621738,7.210822180451014
6.390060349074035,77.82680094152137,7.522158155351903
6.20789583375571,59.71941053856458,6.849993327863033
6.657466729913692,84.36911418416169,7.513925429551202
5.290651129014678,82.99621516844316,6.543578126617981
5.9339109583281315,68.66286462202547,6.96443094140228
6.761521532852472,82.1467549355577,6.396564477401848
5.888113513934942,73.66286984859839,7.425425932427102
5.741119584360512,84.98051407964071,6.96758650817138
3.9357211168713664,46.97691363183256,5.033128970653081
6.420015709682789,69.51074977527189,7.0863230688920185
6.338782185825998,89.50175300676362,6.9670065182382865
5.445577128903271,91.87473400989657,6.155423074096035
6.378045057337559,52.589187396545384,6.971161973599892
6.3004459274724125,65.77792085325058,6.737554180965848
6.224665657312006,70.54387732533493,7.653946452642978
5.8239106838178465,79.9570603866804,6.768913163548584
6.199395321560321,57.98363245907666,7.05766749569421
4.232373956830078,37.15828935746649,4.534219048190802
4.828808362671396,53.77120119062292,5.736134386901194
6.242050487620703,61.234547383635,7.351901815422313
5.6155788401453925,69.70555045586731,6.729585177080304
6.1204488214059385,60.79960733287106,6.8570602474668885
4.8345537330529105,53.73539446308324,5.877622839660477
6.492816067467274,99.15663829316476,7.7740696925277435
5.814524988101257,65.1119769649098,6.939409942103436
6.496446265178609,65.69686394667869,6.609713501851672
6.089864392383383,74.43012197913573,6.825332997174995
6.166892269997756,70.42382993344378,6.818909053757722
6.3577075057588495,53.7413738699532,6.551977857004098
5.607795801922994,82.41976604647992,6.756239590812397
6.518305477875683,99.58504981343003,7.635278304082582
6.4105571777152575,74.16960550866393,7.027659356019353
6.142174518908548,79.85653013587905,7.048064891120132
5.823404387492155,64.8890836249291,7.037857239162623
4.315149079000056,42.685618007896,4.67144821498621
5.706370431939164,68.69873201040721,7.114334686872317
4.523262655551222,53.263608511325046,5.200951703797679
5.9717249177848055,82.86023834375683,7.824338766781766
5.860419080328752,83.0357550332549,7.249665004297691
6.241166412157779,73.96595254320583,7.15646857273131
6.074152449980464,58.72025697384857,6.683556432372724
4.898278999465964,49.427301700518804,5.23718628760609
6.1788448294418945,71.2398820588252,7.612828602905225
4.7854046041807194,46.79747338887435,5.747957522602618
5.850170277432461,61.71585519616196,6.349464707447535
5.495256094137978,77.37693268021594,6.254067350744049
6.328193060252639,71.52386849638687,7.268143097961296
6.1332886026530575,44.82231488043241,6.9492554415958425
6.4305331730803665,61.524493221831435,6.6615668417898855
5.634528207502626,55.18954920120869,6.603686795987625
6.241757904792903,79.78180850403525,6.634129268561199
6.528513668266,74.4956152048519,7.347765725407803
5.795467788176901,74.86715168863145,6.6752093720304275
4.203416692247924,31.68055422394477,4.7508387746866445
6.475523385176085,54.12778685821947,7.004739184871363
6.136121725857274,88.46140605709552,7.407887490507927
4.706585074665621,56.30918858457978,6.04258794928895
5.453141248853643,73.1297374724157,5.554837309336512
5.440566818398175,52.020097601545444,6.124062305195419
6.607269285454443,78.58231053637313,7.055283798757944
6.561964897941334,76.30655978778132,7.31141216874304
6.114959055696506,38.60293863129524,6.364686598531358
5.743748366881367,102.58238747929244,7.182948487140447
5.928630858455057,85.56409247416109,7.7327473985579775
5.619423603733908,71.47501587319657,6.432151439247692
6.379781094236615,68.3802725247536,6.875544685805103
6.185338884206071,52.985833868660606,6.574340433317476
6.425978099045606,93.33688700750528,7.922936867107043
5.037681980640867,54.374525219275746,5.435771530483004
6.086889804314369,84.38231249722718,6.321580876364895
6.630670092183266,84.4384170440275,6.929200953300178
6.497984063821216,79.19173757061391,7.440659930515437
5.6438910125476145,77.13628846131178,6.232164644583247
6.320856412755669,60.2377237775502,7.0404034213026785
6.547453118419149,77.58853505786921,7.253342867499827
5.657439020863877,66.884071296495,6.43012262122354
6.161692055022853,74.62245979280276,6.581248749445134
5.962875676830295,52.211970716492935,6.713329304510466
5.493184460329151,59.958514145737006,6.055930869241432
6.415128018652659,80.28723972913137,7.70452853088807
6.1991505854481055,51.21261179071803,6.40615919444127
6.672033819638023,82.87160662107061,6.897945706290988
6.893982516567703,70.21459402567761,7.680184147949243
4.635542510891932,59.635384303666164,5.527748355287543
4.973609169787723,85.7139221504854,6.756652347310222
5.208556917065296,70.3982296416046,5.664904537666853
6.076398701451274,87.7731534977052,7.260417695597845
4.398344323444925,43.096284532963615,5.0693744526969295
4.433914845159762,50.617801275655104,5.2007128788223485
5.095375311500337,64.76251015435098,6.02663696806212
6.05423077527617,77.20840827027439,6.743244059604326
6.499480902385514,78.87844443441529,7.265975710539788
6.21098897509337,51.87829564057409,6.477504737485485
4.976675646748712,63.52409142363031,6.090339608788608
6.144950241832344,97.00574336046249,6.683764132153061
5.975686038962842,44.747155097561944,6.328058925414041
6.415737146543867,83.91812692765194,7.0520119671640975
6.957520188969896,84.94678517494035,7.729013707767932
5.317629249104011,54.51138165033401,5.989385583813774
7.018473104146804,56.72605780422101,6.982778726080097
5.908568619999121,67.35261503298206,6.2878074871193546
6.090040153476088,50.58139703307031,6.121249285293721
5.0466135800940295,62.94435290841136,6.258669658353251
6.222208650542129,58.200668210624904,7.016768969380135
6.407483481666937,87.2847491258047,6.568954980280498
6.342382771469063,88.97717309556717,6.743805453141191
6.295208401240916,66.08216112493784,7.291757079456706
5.994805671739385,48.97057114727867,6.6225589646635665
5.59510238895434,74.51400404608736,7.308388123035758
6.042156046922059,77.01848647804044,7.190290343207924
5.658044617328015,69.68843908255354,6.494554301287876
5.97567415307349,46.83942917639398,6.442117348084907
4.769562811441379,61.10926649177683,5.833960307473636
6.130930150817557,77.60967464679658,7.1470476072739455
5.676754466611188,61.361475119045686,6.368922799810962
6.053790267075918,99.66489144251172,7.961337686848959
5.8803366982886525,62.85191837438256,6.23257846318263
4.5317951853668665,44.131582619862634,5.22846184451926
5.836705803167979,120.95908839541136,7.400185142408069
6.020904793283199,75.14783094808627,7.014493159533773
6.192580038189658,74.2710907192642,7.0453473211765685
6.095568291858459,55.28758773953071,6.7776718910111695
6.147732818882433,71.33690521013067,7.704831314325926
6.449930851387881,91.83827876106791,7.359761543529022
6.244831986029392,99.64712749437543,7.005066258074519
3.5809825310114407,46.977843540271834,4.5206092789149075
5.913747492501195,65.83796284970444,6.442123743548927
6.136126070293994,93.89691994032052,7.049163063839992
6.224122170818309,65.34163284991514,6.716905087574371
5.554893382258732,86.34875830712902,6.76282507869677
6.8083429925932695,97.25918887093023,7.846716794444699
5.794080931601008,92.07821153090104,6.721252679818562
5.778021505902042,68.21944721508149,6.832167849324259
6.012557476424492,78.100244951047,7.391011328996367
3.6951154785217675,48.734056969367806,4.3519298954071965
5.165358677559763,75.84068809443988,5.985401994395509
5.179401392338753,60.60458719048687,6.102272714548886
6.331001452333072,66.8859489277443,7.242603589246053
5.093109880969993,56.40292364796379,5.919882537508388
5.984591615794443,54.43093699889574,6.650569376801241
6.820513125921742,77.08710841921992,7.246782460065553
6.725913140596443,81.92902125723911,7.104608695030359
5.9886582997452225,64.37150837634486,6.4999474376629935
6.368981805261666,71.58824859529838,6.73213609212653
5.480715931237422,81.57938477066538,6.895716597018885
6.308848549831405,74.25999586932716,7.176172340666104
5.204420305152826,63.63665840721134,5.169184993287021
6.013981053860786,74.40012409985833,7.4233696317766595
4.6306654794390125,50.1875639237118,5.27808087662947
6.869703476736434,77.12466104304801,7.2090725157600914
6.984112646406363,79.51825097155407,7.012021953964535
5.631854619270253,52.62712949084475,6.900215524379245
4.998033104582147,68.41703782407559,5.827078708112316
6.733836889762173,65.88321558013288,6.856318192280485
6.112777340388688,56.80988792117163,7.515030056992572
5.861457405582533,69.33635673121381,6.24955804621044
5.6549135844086855,69.50991994239443,6.016139725609294
2.7706839175202864,32.224113149482044,3.4426321437866756
3.615010332564434,23.57616746574034,3.920093486489931
5.862483351767375,47.80852596047247,6.307558655453909
6.400788987430846,58.89310457095772,6.617441576443098
4.755638554887732,64.01737028334227,5.810057434064439
6.193479465994419,78.54791773413014,7.574194076906695
5.7059936604492165,80.57445459333124,7.379076870550506
5.372239155181255,64.78381604826758,7.177030079669136
6.176066697354022,79.69737528055643,6.990606016284401
6.524031754918307,57.57542657595193,7.02604891024496
6.10147012869689,67.08042033532406,6.454125028572784
5.809613962851227,92.25910274122398,6.23722507467223
5.9256681943651985,53.86060491081925,7.033737424115079
5.206621979344734,72.51984484457448,6.201016766164379
4.044235773932989,35.48650582288244,4.735904014861495
4.353603467845771,54.85680735786429,4.843318106440168
6.209058338390296,100.7211150245659,7.433263247529235
6.209908355655706,61.11503124191239,6.635420252452173
5.331269109074585,48.90493313530027,5.58328665021018
3.096706502556931,28.725154902724782,3.576203194120007
5.524606053165452,102.78913539737883,6.641175626116479
6.189552632880779,99.60493318896275,7.745835221889586
5.855545432764438,64.36342108063516,6.682059609784217
6.28462912668751,71.59122285459189,7.202844170817459
6.317426197377397,71.07198099083712,8.023627200908724
5.489251977103371,61.903174643139174,6.158980512350583
6.0181350147320085,91.34209432283926,6.960258936604483
3.628858327628854,33.49753659322992,4.169816913906855
6.6165507761521525,102.58373409130785,7.834959774696996
6.52240807150173,68.58283205005301,6.6955298712446325
6.039213656677876,76.13018762732919,7.085628243171305
3.685323138650025,40.28254310248119,4.226686502731708
5.869710508762596,76.51823169276204,6.871468292397047
6.005585290508506,57.35427689576434,6.379993629395004
6.2166484339385875,76.29237189947423,6.835108735463052
6.4943302109424685,64.33666415101412,7.573087547256646
5.279504457987365,64.72005130533276,6.3832213394457495
7.0855192819920605,59.608872129321654,7.144766162967508
5.85649754483098,79.76827732239747,6.794192474024635
5.683025233554108,73.88811083070343,6.927243757525067
3.56325368321484,53.78277598216098,4.608129815332134
5.317165367864164,92.06467417345198,6.543650302618602
6.120972484646103,59.691817416988144,7.1218546198966015
4.829271371209652,71.69686564199677,5.681255746985878
5.681796219876668,85.88676752895148,6.740569666181507
3.6904449503538768,39.84950785469671,4.310791217025366
6.189159954489825,71.6772015201559,7.001063991324678
5.500438218413236,74.68752090652391,7.205574864928649
5.998024628468907,87.33381350814663,7.135398127021073
5.630140101801363,52.18272888306748,6.008515859016458
5.745838641524438,115.47274857727797,7.25490263618548
4.65719025209398,69.2120740341497,5.379066170877779
5.345348889668812,46.8411426294169,5.979263285490768
6.101179590733785,80.49676965552841,6.708761171833943
6.048431801940262,65.73686304893478,7.2585386424219775
4.807004867275618,65.14741243289768,5.854779157763216
6.1146523635561145,55.39310656882777,6.719366824838989
6.445405386372518,82.24262650999148,7.0333419880562245
5.949231466895393,65.78979480015254,6.793731829140246
6.585911260846423,62.30604294551026,7.11598774007102
5.65399332121002,43.21651432288954,6.222115629855836
6.090915097743443,82.49368917176861,7.364541846593567
5.60577990483432,85.7329051146569,7.3612054518319585
4.760593517968071,47.376157373398016,5.361433541564829
6.067364907904825,66.66242224299396,6.677709075458115
5.715356606104913,63.99749949995125,6.524758209718209
5.920994771781415,93.46777950564888,7.995728575629935
4.861699980901855,69.03558515616541,5.717333892338651
5.128775315673007,67.39425254377335,5.885943058389622
5.49687986142471,101.16041235520365,7.610600400277076
4.561938427040368,47.002797949038744,4.943700347492363
6.495972834126271,78.69289104826959,6.917959824297025
6.226151949634189,79.82042908854291,6.957774454451075
6.327196681126644,75.27731791485968,7.077114034348908
5.915780702130894,58.67152361073802,6.4015848394733545
6.046189482393566,87.6191697652143,6.743767865774781
5.298001753086124,69.46929740256915,6.456963982569431
6.141998336633355,59.034641912045956,6.790189933695377
4.880197352354354,40.42617275824527,5.115494648157313
5.719626926641453,48.65495211109999,6.351939629948279
5.76407648792673,85.47395813424238,7.446717305174232
5.893610653280107,63.95452061045527,6.7906730708188485
5.660436344501287,57.08301301839081,6.126268308146716
3.4079982366460695,36.31046357694478,3.865963693690438
6.213896472046476,65.91974233685487,6.7937852619096555
5.645467068353706,53.00492609698534,5.818798897598577
5.886433446023413,85.79497925003153,6.761903861162221
3.814663785671545,69.91025573091594,4.949686638402309
5.732909950725242,62.307275081679066,6.954803061620837
5.995080329558402,65.18573049491768,6.722083448396378
6.463068481836885,73.59214459821457,7.883789360373327
6.936376144129044,81.41621887606311,7.3100149484779156
6.5317082304855765,129.95082018799883,7.2927607776234
6.192115255587288,85.02440629280626,7.231820664083383
5.7339428334552345,65.34309681708456,6.363844167864705
4.762488069828814,51.12585930253031,5.453604795152795
6.700735480371604,74.41756033501363,7.600712279376868
6.73708865143499,50.698791636537166,7.702442700284685
6.558726200560669,71.34769659150032,7.443966048623384
6.492855353689046,64.35829293891152,7.014092984282406
4.698603581144059,59.02522291635385,4.76698562162387
5.730846462453745,62.61733815668453,6.4321860508751625
6.268827700933631,86.90206417801947,6.7331094716369275
6.228508711777564,80.49252848352971,7.1196326005213955
5.961440034090016,84.70941179021135,6.604018150454849
5.543929207306406,76.13837329293548,6.488795391415579
6.399131770569779,75.98717434924201,7.245010004927366
6.237298222917134,61.3801513500738,6.274488396965394
5.782249325581671,81.81691856296983,6.621202088899569
5.562570658138773,67.91957845713242,6.202137067869026
4.947192804739421,63.75765654498544,5.988697172190076
5.045882967425943,49.38536616036362,5.5783617561714465
6.749185807672597,74.19150931938663,6.709028228258603
4.316323288466681,64.16153036359887,5.516508244844479
5.975185426752811,77.39444113156834,7.727040663723615
6.299070488431149,54.474268228370576,6.528891046090227
5.858308252444714,55.43528864872847,7.028681829122497
3.7076909359376584,45.81380119170523,4.216030328729365
5.930383674224907,65.7438951580664,6.9607790204397775
6.027205157383168,57.06832177973956,5.477061312824821
6.59259509244349,70.45273906811917,7.167362424639457
5.824339805623169,64.1244408864111,7.121239751883336
6.608778900182751,58.29523419746597,7.322736867804837
6.5516534138067835,77.26804520030215,7.474810013640549
6.745478947454686,73.18617801038512,7.177059699766336
6.085688625779358,60.910803319038656,6.543919534398798
6.293490876800277,76.69564984964272,6.85254948841854
6.620795045564648,56.103496407043714,6.891872588358213
5.45742021280872,71.26271121084552,6.103464378698168
5.854966927979803,72.25033034061212,6.714814087547441
6.448070046533149,64.62785262725383,7.413007851213289
5.772522431731306,64.93149937310626,6.381961791500641
6.570856172423322,63.20038001519569,7.467755557354893
5.553163934701437,74.81974413637971,6.153228216700293
5.967253723839549,60.81379744174372,6.695816054052054
5.833796559956882,136.91455854666373,8.429419708574045
5.832153343361685,69.06417267545467,7.533438358189477
6.202393150920778,66.12878951597875,6.822777004283135
6.17010899861661,75.74307715384127,6.6652053497188595
5.812487503918435,53.43787405176076,6.234472649583416
6.202434882076569,65.38807627300966,5.9126369205419875
4.365828298217677,45.24037644082036,5.352922826779695
6.2268295447005935,62.18486880756722,7.18938909286775
5.921903871680122,55.85810867112379,6.89135065677334
5.912837686185901,45.374851556150844,6.836606050482664
6.893995126591269,57.616687336540366,7.296029753585032
6.812743608729895,91.57776591406837,7.132405758598203
5.669246985485087,59.561647011497236,6.101588074566933
4.671744912768908,68.28305420206544,5.4860009534820415
5.343937571900745,55.63302892176916,6.190052007057171
6.774946476292306,52.879881217093526,6.982030343972595
6.316969892534977,74.82995650538247,6.703242873838975
6.355645076801829,52.18148142701002,6.870453911640365
5.676947491933316,56.24503208195301,6.254820463273888
5.9142411052743675,62.32762424930957,6.7363475895730724
4.730324560590732,47.987538957072445,5.14321684302962
6.287174574727146,64.1943792340287,7.045961500815993
5.70878399506078,79.89176196968528,6.948759136847939
5.987780186493829,68.69042924094605,7.176411151832795
6.544602586524775,62.90835806322889,6.94495131360914
6.013168930204089,64.67586412741592,7.097026161550846
6.38697147594102,78.46932370514018,7.425493812438552
3.2699422711564234,38.257771981811075,3.704826695243373
4.200853815321212,49.28607945297158,4.783945484468293
5.331185871936617,58.95803360212193,5.7165221545404465
5.027048605968808,59.26485581624809,5.95922300778182
6.123117948573845,85.27397833590113,7.670102060325646
6.689913595243567,83.65565879393752,7.243261114711869
6.3527259059968,72.6218136592274,6.904196901464158
5.616030395211818,63.67274960669354,6.3022109609614025
6.007879869155727,66.70376369378859,6.984988143133691
5.964218250177702,59.212227550539936,6.410167401120798
4.756473503310569,65.99113989556449,5.276711349226611
6.222779590908494,72.98319833164906,7.738015345014543
6.768288606674656,72.16378355238975,7.524326016783113
5.755428399515633,74.28721094505181,6.378335073056039
5.552626146034932,94.38282707159429,6.494312411197995
6.068066212337906,104.02342727658241,7.216108061297957
4.404692234773353,44.35290698276238,4.714926826192392
6.510520732727883,70.76725035177869,7.4073885140990585
5.465172188540752,81.64120209425883,6.814392351401728
2.9795622254313807,28.648423605377296,3.4478452065907685
4.831819867481451,56.67970885022154,5.86602004254877
3.8485514891991386,48.36981128939144,4.152601251882224
6.017877381855084,78.99204600775563,6.828213723508271
5.698319658564072,80.6901664012547,6.958007849487382
6.503779819238574,53.53304541678151,7.15683206557368
6.37455646134939,75.0315279532745,7.25013889845176
6.6030705384295905,70.20525505796067,6.757258315094848
5.815582431655989,73.92574061936234,6.444349898091008
4.96723294381026,42.16663685528826,5.340912042397893
6.371587705399559,74.68826166113305,7.277479720847261
5.3294371932475615,50.824593512608594,5.843727728062786
6.011391250131053,86.10174443465338,7.01220255155783
5.597969114194113,70.24207577275435,6.999291084337694
5.743813383593274,74.21722922720913,7.332692887482577
5.392029382453629,49.299840742652854,5.844176139559994
6.436906382570818,73.61790332351556,7.069836477734913
5.875023343438361,54.94343083276521,6.513467881891356
5.453571657149666,54.66175371079718,6.620357244868423
6.412286382269643,56.962234142056495,7.256259831598302
3.8052448569338955,41.15354797688094,4.575001550931701
6.505789076372388,77.45710117601064,7.204907136467051
6.527187471937243,67.50902477897044,6.963308402564211
6.133440837818605,77.0325652102073,7.369056826203811
5.82443882097097,39.86452174541333,6.384192336030532
5.332978707761433,93.62494131139196,7.236920823943608
6.64037191665344,81.07320214907392,6.796582229837684
5.692363332965215,82.83970317540354,7.091190028681389
6.492254545780004,71.51967197247349,6.80444406524297
6.228751270001675,49.40089993817614,7.02235642274069
5.625007606675743,97.78432114649209,7.318334055545489
6.477914156809416,70.71579994174473,6.92017372497492
6.641771696230093,90.19526952181583,7.229459938411947
6.270281483046573,85.97776315402517,7.422466786344591
5.881107023141998,78.07197718878324,6.985572934540417
5.568399725713042,64.98235307489168,6.5515628378644575
7.280734258837427,79.15412511770141,7.300759677312904
4.794172326487687,65.67931324786353,5.281226290121784
6.915082759918418,98.2172555885228,7.518318880227458
6.047371749096835,73.27375564460017,6.345801918231238
5.443939382759235,59.507417563579374,6.36496668173788
6.257899233915329,62.02286693391513,6.955092861775254
5.718973607769473,69.00893672744091,6.468804774166685
5.5724713042862,74.686950135203,6.25514148298761
6.331501530246499,86.3911088540937,7.081795063547666
7.0587603940034045,72.7900067569304,7.115135295756742
6.249179328630113,78.10386157688453,6.885085481382597
6.040676169228522,109.19617606506101,7.187815736073645
4.934628880563096,41.079278748347306,5.523672039931125
6.18928906121057,64.30774867294139,6.770817264811087
6.293670725569938,85.31802287997377,7.1703409059286685
5.729741088662902,52.717594069997894,5.9491938922014205
6.563340432824539,58.53897557524558,6.636670606569549
5.328096312235629,58.579996902818344,5.761277680134295
5.3383915707397565,49.74454449416066,6.10738251183672
6.072491383568158,54.04081252697031,6.778103688852014
5.497840973349612,66.37662915407505,6.1577474894364785
6.14843185113459,59.39056873712705,6.764307143823231
4.967951125087462,95.56687997963897,6.069157412224631
5.916767526464536,64.43160594695433,7.093324502596701
5.994152664276683,72.87081798577664,6.501700787056538
6.2564995083871695,50.61412662688973,6.973370805924103
6.273843566069739,72.28984591638256,7.441105971585856
4.929510452260675,44.54411862922915,5.815444175570888
6.949190507473074,118.80110344996956,7.9589041903726345
5.710424829014493,70.18594634642075,6.991684100904038
6.031738232771177,68.47668286939252,6.966794948568976
5.929845268667735,92.1425649916093,6.873233521920055
5.396698074002135,62.811751044266806,5.38228831848102
5.962599343575364,77.44043899318844,7.393415269294176
5.953776997331643,59.34235919263248,6.588762676879088
6.222905868439171,76.5085780662449,6.386633571611934
6.1668511232934025,67.16381130298517,7.23799898281643
5.539804143282701,65.63458221705154,6.634077283673092
5.038256580009103,75.24344043878708,6.622390136507221
6.680070623824618,66.61166262698502,7.085150604144955
7.109116044228651,64.41464610021563,6.964981076839139
6.142083501753976,75.88123414056437,6.96967120085589
2.284822386707382,24.670629461946074,2.5911810868068255
6.540480803526313,71.92028032550652,7.222503158244667
6.011086897860993,81.12828194635378,7.061280470452217
5.598199269655523,92.41339911757316,6.858517267821559
5.598119148560563,81.30614595456639,6.495459876061043
5.9135630242875985,91.3012619364761,7.223618878372854
5.6163616290986065,76.46610206250277,6.807785613603179
6.356892621516778,76.54387923382886,6.793702614204292
6.2331767532466635,60.030321706965765,6.486847849381663
6.087088628945967,90.36291001976828,6.7991807771921025
6.1268380019788475,59.361163347509965,6.6296243585282815
6.555765327278491,58.39801578646168,6.969299542924087
6.270674591067614,48.17219621673212,6.657535117277893
5.0803295590054285,43.94591701924678,5.974329077394415
6.297170314105866,72.70179612923094,7.022079179594148
6.14319806117981,70.25382857055226,7.190659773173714
6.609442462114158,68.34613141421295,6.4806373744947114
6.139710312925749,77.66690535839285,7.352332274247428
6.013123697746786,76.92827244136794,7.261654905939954
6.018562416620073,108.0699560038812,7.554481076712173
6.556849114363548,93.26910947328098,7.932361302465649
6.7390762294090605,63.911612375721965,6.762017600936927
5.655626214088345,52.96731725172479,6.219484309639236
4.685634777597852,41.80903444736722,5.314171649813374
6.096321274088559,52.68970922430676,7.3237643579042535
7.003508959748537,82.10572549941921,8.030853768427903
6.0025656818138495,66.90425981628525,6.576022724917486
6.401784699284181,99.21405726891693,7.625568698084685
6.389192780307833,65.73466792945817,7.482934548058225
6.635679285940445,78.16207110710106,7.384832726459575
6.750330419813692,54.75028743235057,6.916000319498376
5.9399027919805425,81.85766590999448,7.095120733697283
6.125379399884522,83.03812540231921,7.027959679435153
6.307933356181105,63.18451803855055,6.7536564963246
5.695038497129928,78.77199242085865,7.103149470491805
5.4352397165169295,61.67698212933268,5.8727014398868915
6.676154400382097,52.51723145234495,7.400601181763503
5.568598675813496,63.051980267213274,6.2261359796323035
6.330747430622021,57.25099091252177,7.042955426393565
6.069457118330407,80.90654064854766,6.161513159227509
6.1377198442988465,68.94227761336892,6.689071099478512
6.641518537185435,83.4469964472585,6.800976064125847
5.904096273432816,66.39218702252091,6.546792377210918
6.205691423206532,66.73183491716193,7.08665775459737
6.330170047045371,51.06815177542789,6.790912432896462
5.541096900783787,106.42172450452675,7.577356382367388
6.494965894036195,85.96726946754406,7.242252950244704
5.689923875884708,86.37996671523396,7.0545614306966185
6.107132128701872,42.547375246327704,6.687872308792424
6.489586395700399,80.28902441993088,7.200604501278275
6.283801628529079,114.52856154648553,8.661932515828717
6.345457963313818,85.91813231390339,7.280948028097028
4.920386365968743,103.9930087049547,6.7074572565246084
6.3996828455373365,66.77542654595818,7.233726540942778
6.305510210957259,65.39973494716504,6.616247625833971
5.885849140746943,61.319767606754894,6.587452769438134
3.62499507439088,35.997776901055346,3.9862266982918775
5.773233166016707,58.1761976874449,6.362831232612307
4.595307230678506,48.407516863271304,5.234331073916371
6.828895004052985,54.34180744903913,7.03647701936438
6.042717648311186,71.99250578898254,6.611988419030778
6.35393497961334,86.31704214542708,7.343210469175774
6.832544733030856,53.07189676728255,6.747094604004872
5.755846699279984,98.84165867779696,7.888441042313858
5.315031436940724,52.23520892244855,6.008857956467193
5.815565597395522,79.84191292610632,6.978444232518865
6.045315285185114,64.5159213848964,6.734681576455205
4.119908150479816,69.32092359957151,4.599449353221434
6.343241207564759,58.99036480362989,7.677436322165543
3.9177418849790064,54.18005185475505,4.711911143141531
5.4469402608549125,72.18077594286797,6.096472626845842
6.435753379183969,75.56547002009852,6.866854777280182
5.664666790555143,93.46484412849924,6.752153426674561
5.739464092962509,49.63123665976069,6.153845803607115
6.399059711904852,73.65037384070942,7.105966810578083
5.41614320766067,78.24542935460704,6.890273244694443
6.087695744339115,84.33398122641141,7.521354493401354
4.180102103869073,45.2671955074764,4.964240467145519
5.9474882843963846,64.5619419409739,6.977118838766629
6.137779686553725,67.0915537639152,6.986607227389738
6.228841780652658,74.33983835719287,7.097664668058956
6.498957273387861,74.39921663892937,7.081233196264209
6.026482002460013,78.25215755751631,7.099294273076294
6.300522986314616,91.45474047683965,8.03004844757823
6.283981710930603,74.19197502976586,7.554788440519935
5.920505560031404,65.1100082605083,7.3827004478930585
6.06734299967351,66.59477395238648,6.221017876638923
6.074474002427995,66.2432583212678,6.010939232833868
2.231892995898272,19.874541637519894,2.663311556484491
6.019193778198924,71.6362091473188,6.927274818561343
6.364424902368364,81.35261674843098,7.088228858425351
5.961624947627059,75.23915795388423,6.803346443940663
5.464169343748166,76.26636710416359,6.936488589963887
6.309920402493277,72.37934856090358,6.8979300657147835
6.074356756823361,64.0321945908384,6.61064823277904
6.169983401068954,71.2630665708664,6.678373553612899
5.944589958235507,35.88088674371405,6.645772679359059
5.084938171323728,79.22397874259805,6.172342532723737
6.868567782875789,82.36218411850452,6.715351279905491
4.801700056274835,57.62146543401891,5.475310608879162
5.709777648820731,67.95947261165003,6.898612928817037
6.555436282398263,76.68747961931972,6.987787087844387
6.456849598386265,100.0230976046614,7.523981129759239
6.499068741718305,70.0827941612492,7.187364719526513
5.786769139233664,62.42400523804948,6.792708818467656
6.7920044720486965,80.01483372919338,6.743488975151592
4.475370693130588,40.38337195033661,4.921673290939474
6.487954250223851,56.0938560742349,7.067843353264743
5.659701753997937,54.009536770016076,6.064824581887928
5.7265784027126125,99.54798355561171,7.739964346703228
5.7955654243405315,47.38984167965817,6.3241895071482785
6.403422700027444,76.66982564571198,6.752017530510856
5.321246599875477,47.01705735890482,6.182745197389646
5.858224749896748,69.91450711909171,6.4543152508964345
5.719964458871778,67.38847720462526,7.3036080315865055
6.494446703905496,74.69624430087863,7.3837193503774055
5.952091412248147,94.40856206565783,8.107580273144336
5.845670582107615,46.23837234985125,6.6952546310924115
5.893512021629823,118.35907965849626,7.020710377477943
6.994234161292728,82.73390836767491,7.478956663679495
5.932698223347542,93.97245812965207,6.942089577908288
5.735367572861726,44.353929775535775,6.113581749666868
5.768739871336852,60.85460662597166,6.319123752723735
6.843945447190835,74.50449693173182,7.9559355964556495
5.667305258976692,80.93579622745347,6.80605375857967
5.912365403937624,64.75663301666737,6.202873991336521
6.754308408398049,102.83994792320074,6.6768860423502305
5.224859454526872,76.42134799753994,6.049290609496139
6.325243075603161,66.77476244434466,7.039353425844891
6.515680725603083,71.82339535889562,7.4255518739629105
7.154494745552645,74.9925188323538,7.408947200926348
6.637312393286541,65.2090702835291,6.87602747837235
6.0455131998077976,93.62594719528663,7.395927758876727
6.315482908737694,60.767117100619245,6.327967841843946
3.443418325308583,38.24411200607305,4.185612278615822
6.335047238081462,63.4875000731585,7.177935254776148
5.319739852440507,73.50599678398152,6.313106314914762
5.730291722033083,87.27332431129166,7.018441607604417
4.830238959648879,53.03198873666405,6.074843314196151
5.875890604655145,55.88458209934778,7.019784283150299
5.970359887557746,74.00336759218372,7.1131351142423185
6.762561783266085,62.79655684759108,6.878721422414459
6.257116875124376,55.83397011635491,6.935257892566463
6.260788659937402,94.34048006259533,7.712241575318025
5.999891633417962,60.92093537256705,7.0158740712724414
6.4623931444972,78.87430271352042,7.093653820561427
6.190641384344433,64.24940714341743,6.2127017586723605
6.051725357198414,82.47073628220058,7.253261055316727
6.121779330024378,74.57848852885797,7.196293292959168
6.562429550307634,62.558316001721074,7.238785698530783
5.329125457859505,44.92477479741709,5.8465606114815944
6.8085586092876085,66.37805664659359,6.926499543562837
5.762638499294492,82.26093255174737,6.424511885722815
6.205767663258858,70.17460044511225,7.105979526215082
5.835026873039071,74.58811010435295,7.080055312336071
5.363669538039639,105.6978184592422,7.168174833562139
6.593628394954373,54.805156121668325,6.82516579040096
6.487955841154416,87.0007157250889,7.379508301044903
6.4628687788442205,56.59474393506446,7.216179988224601
4.828181959139044,81.94284070562408,6.231776014683843
5.51855453360289,59.55569275848707,6.1159213567119615
6.000972547616748,75.11992849751563,7.138544418110215
5.871205392751963,90.39250252299917,7.685736767204024
5.516455469256743,87.06912256434076,7.069109312867222
5.954244743055381,53.81978425379044,6.527703338335542
5.195111489103842,86.62741156167581,6.470656272834398
5.604027974913999,56.07957692158818,6.446480020793847
5.705529042093851,59.13035198556406,6.431152068044899
5.324981334566603,53.44845009019136,6.119584274104535
5.730288214393643,76.78598991015302,5.998172821820618
4.815132453499024,65.06663474141132,5.163811965933853
6.297315899538499,68.63044700038566,7.02656108397938
6.6606686500521874,71.97408404927269,7.261553274935296
7.030757279329811,81.6224663182806,7.294772872892098
5.878781992561194,78.24969951998457,6.9122702297494305
6.158061755676847,50.409561058003064,6.798480840575542
6.5136768279818185,82.09964311422011,7.645572776020894
6.0275379860717235,71.24282020457343,7.303971466201445
5.902953298190523,46.543622187963074,6.3197944417927
6.421719584577675,59.10224342172693,7.810911357206474
6.6344239732089765,73.89855608556572,7.232176676743345
6.5632179608607935,63.57346087347436,7.721120017384809
6.785722355094752,87.0853513106043,7.470040341411747
6.03092994381069,89.47283961617822,6.3200270467393596
6.30173128169619,89.38697593612886,6.949233681994814
6.115158747696111,67.94124206028522,6.9791030636797995
6.4588832472274955,67.92391764629181,7.279776912838408
4.963205771821902,46.387167184071,5.531312466159463
5.056765304142349,53.00510050720693,5.635839183078325
6.644036819948782,85.40586028298065,7.039662118009545
4.694700091915041,67.04785437051328,5.306630179035756
5.780638277796105,88.17969657710836,6.347256766933231
5.763798672299939,86.14389035877862,7.64469437904669
5.805844712798677,94.41619363642917,7.016475907109367
6.631759851323234,65.93886559218629,6.615811249922837
6.874935048526604,70.43124780775341,7.033775053066864
6.187992268752045,109.39409991082039,7.788364936919732
6.416330640656327,72.81069796886203,7.147745884722027
6.112466685002906,77.02637134335436,7.345617619601968
6.374747417617362,87.8487673540824,7.861709903792048
6.285363538891686,78.37415159956987,6.280663026459354
6.278244952626558,93.65456043657775,7.1818413860494905
5.191751922043743,54.16991369206362,5.924221420814742
7.24718581864827,79.83697132990085,7.557547503634918
5.220264596415662,46.27171979739684,5.491491049218085
5.8752395375249185,79.56824322608145,7.716541576159859
6.623421726512481,71.2506056631736,7.205153146653371
6.168624729820895,67.26428215990171,7.082662503938381
5.708409199203042,61.88703756124799,6.051927219213119
6.79521579900442,98.85782432473935,7.192026876294552
6.44427275206082,59.300018626263984,6.864986384182386
5.893484491563526,83.55532755717599,7.734515983249172
6.24573004266561,74.00971626637846,7.0301331287799975
6.236160357610159,85.39027943693378,6.753283557481185
6.092574419099235,69.57435653344082,7.119205952990089
6.322604633568237,59.75896671575737,7.188953783237907
6.477691945980275,78.01679265044515,7.0738345070213065
6.684503546352457,68.55106529433779,7.275914290320009
5.836192826232418,44.809404168875844,6.4607461269712525
5.6428799655932345,62.10341242975442,6.370843097093987
6.293844520532825,73.67998630352373,6.896556529164112
5.546918360073713,64.75364998162392,6.550086776756314
5.252624745558396,64.43581002300252,6.018158841277928
