step,loss,epsilon,q_mean,val_reward,val_viol
100,0.42309829592704773,0.9966666666666667,-2.0893356800079346,,
150,2.195422410964966,0.995,-3.237255096435547,,
200,1.380530834197998,0.9933333333333333,-2.9277451038360596,,
250,2.551072359085083,0.9916666666666667,-3.682790517807007,,
300,2.6396710872650146,0.99,-2.9814987182617188,,
350,0.563832700252533,0.9883333333333333,-3.9722788333892822,,
400,2.2674596309661865,0.9866666666666667,-2.387695550918579,,
450,0.6952648758888245,0.985,-1.8333431482315063,,
500,1.1557446718215942,0.9833333333333333,-2.5448057651519775,,
550,0.7090237140655518,0.9816666666666667,-5.99327278137207,,
600,0.4735319912433624,0.98,-5.8169379234313965,,
650,0.5156496167182922,0.9783333333333333,-5.78708028793335,,
700,0.24056445062160492,0.9766666666666667,-5.500509738922119,,
750,0.4434596598148346,0.975,-5.319746017456055,,
800,0.33716368675231934,0.9733333333333334,-5.4725661277771,,
850,0.34512314200401306,0.9716666666666667,-5.0442047119140625,,
900,0.5992240905761719,0.97,-5.159801959991455,,
950,0.3556416928768158,0.9683333333333334,-5.255697727203369,,
1000,0.616493284702301,0.9666666666666667,-5.521668910980225,,
1050,0.9679893851280212,0.965,-8.604294776916504,,
1100,1.436798095703125,0.9633333333333334,-7.763874053955078,,
1150,0.6864290833473206,0.9616666666666667,-7.746391773223877,,
1200,0.3326573371887207,0.96,-8.451478958129883,,
1250,0.429205983877182,0.9583333333333334,-7.871585369110107,,
1300,0.2184082269668579,0.9566666666666667,-7.979866027832031,,
1350,1.3213051557540894,0.955,-8.12275218963623,,
1400,0.7382927536964417,0.9533333333333334,-7.664951801300049,,
1450,0.22229401767253876,0.9516666666666667,-7.561431884765625,,
1500,0.44862720370292664,0.95,-7.934709072113037,,
1550,2.0322678089141846,0.9483333333333334,-10.087963104248047,,
1600,3.1355135440826416,0.9466666666666667,-9.808183670043945,,
1650,3.0102312564849854,0.945,-10.12316608428955,,
1700,0.7177264094352722,0.9433333333333334,-10.112730979919434,,
1750,1.744013786315918,0.9416666666666667,-10.176335334777832,,
1800,3.423621416091919,0.94,-10.189852714538574,,
1850,0.4296471178531647,0.9383333333333334,-10.236905097961426,,
1900,3.8402836322784424,0.9366666666666666,-9.898510932922363,,
1950,0.8186982274055481,0.935,-9.654871940612793,,
2000,0.9891552925109863,0.9333333333333333,-9.733525276184082,,
2050,3.9907960891723633,0.9316666666666666,-12.099452018737793,,
2100,5.521020412445068,0.9299999999999999,-12.852996826171875,,
2150,10.272126197814941,0.9283333333333333,-11.817112922668457,,
2200,6.7791666984558105,0.9266666666666666,-12.126228332519531,,
2250,3.2275688648223877,0.925,-12.23094654083252,,
2300,1.573153018951416,0.9233333333333333,-12.606388092041016,,
2350,3.587099075317383,0.9216666666666666,-12.57416820526123,,
2400,6.557044982910156,0.92,-11.781846046447754,,
2450,6.7364325523376465,0.9183333333333333,-12.806991577148438,,
2500,5.209187984466553,0.9166666666666666,-12.301297187805176,,
2550,1.1928725242614746,0.915,-14.182896614074707,,
2600,3.9680919647216797,0.9133333333333333,-14.18108081817627,,
2650,4.493093013763428,0.9116666666666666,-13.546891212463379,,
2700,1.4445371627807617,0.91,-13.00250244140625,,
2750,1.3160932064056396,0.9083333333333333,-14.146883964538574,,
2800,2.936856508255005,0.9066666666666666,-13.274368286132812,,
2850,5.8443522453308105,0.905,-13.926554679870605,,
2900,7.1658782958984375,0.9033333333333333,-13.766192436218262,,
2950,4.714118003845215,0.9016666666666666,-13.392783164978027,,
3000,6.176341533660889,0.9,-13.282123565673828,,
3050,10.970782279968262,0.8983333333333333,-14.655330657958984,,
3100,5.601530075073242,0.8966666666666667,-14.0464506149292,,
3150,11.757233619689941,0.895,-14.65442943572998,,
3200,3.92211651802063,0.8933333333333333,-14.576685905456543,,
3250,8.514016151428223,0.8916666666666666,-14.792391777038574,,
3300,0.685229480266571,0.89,-14.869641304016113,,
3350,3.509753465652466,0.8883333333333333,-14.20961856842041,,
3400,2.4433987140655518,0.8866666666666667,-14.750945091247559,,
3450,8.979031562805176,0.885,-15.601584434509277,,
3500,13.620575904846191,0.8833333333333333,-14.855408668518066,,
3550,2.3150808811187744,0.8816666666666667,-17.762428283691406,,
3600,9.882012367248535,0.88,-17.577009201049805,,
3650,2.7965052127838135,0.8783333333333333,-17.988039016723633,,
3700,10.904925346374512,0.8766666666666667,-17.205121994018555,,
3750,1.724167823791504,0.875,-16.93783950805664,,
3800,7.646800518035889,0.8733333333333333,-17.42066192626953,,
3850,1.9303807020187378,0.8716666666666667,-15.369425773620605,,
3900,2.896876096725464,0.87,-17.116060256958008,,
3950,3.875628709793091,0.8683333333333334,-15.530621528625488,,
4000,3.2400147914886475,0.8666666666666667,-17.304536819458008,,
4050,2.4283769130706787,0.865,-16.984649658203125,,
4100,4.6706862449646,0.8633333333333333,-17.150094985961914,,
4150,8.960980415344238,0.8616666666666667,-17.279354095458984,,
4200,10.565860748291016,0.86,-16.919191360473633,,
4250,7.176172733306885,0.8583333333333334,-17.511594772338867,,
4300,6.946367263793945,0.8566666666666667,-15.771838188171387,,
4350,17.025684356689453,0.855,-16.873090744018555,,
4400,4.777867794036865,0.8533333333333333,-17.52522087097168,,
4450,9.793527603149414,0.8516666666666667,-17.215208053588867,,
4500,6.00645112991333,0.85,-17.296602249145508,,
4550,6.797012805938721,0.8483333333333334,-18.187591552734375,,
4600,1.6619677543640137,0.8466666666666667,-17.515182495117188,,
4650,8.322025299072266,0.845,-19.76856231689453,,
4700,9.905728340148926,0.8433333333333333,-19.70914077758789,,
4750,5.152050971984863,0.8416666666666667,-19.38855743408203,,
4800,7.193932056427002,0.84,-17.066267013549805,,
4850,10.113740921020508,0.8383333333333334,-17.661039352416992,,
4900,4.072826385498047,0.8366666666666667,-16.595426559448242,,
4950,11.117106437683105,0.835,-19.41042709350586,,
5000,7.76428747177124,0.8333333333333334,-18.694656372070312,,
5050,3.7423737049102783,0.8316666666666667,-19.43352508544922,,
5100,14.26241397857666,0.83,-18.1507568359375,,
5150,11.662975311279297,0.8283333333333334,-19.713706970214844,,
5200,23.067476272583008,0.8266666666666667,-19.85405921936035,,
5250,2.847905158996582,0.825,-18.92087745666504,,
5300,1.7584584951400757,0.8233333333333334,-20.381731033325195,,
5350,12.290428161621094,0.8216666666666667,-19.438068389892578,,
5400,4.697203159332275,0.8200000000000001,-19.987211227416992,,
5450,9.18163013458252,0.8183333333333334,-19.81328010559082,,
5500,4.8519978523254395,0.8166666666666667,-18.822689056396484,,
5550,3.095494031906128,0.815,-20.58662223815918,,
5600,11.592723846435547,0.8133333333333334,-19.32854652404785,,
5650,10.024276733398438,0.8116666666666666,-20.005643844604492,,
5700,13.776592254638672,0.81,-21.601364135742188,,
5750,5.637645721435547,0.8083333333333333,-19.588016510009766,,
5800,2.6620728969573975,0.8066666666666666,-20.072256088256836,,
5850,6.00773811340332,0.8049999999999999,-21.30851936340332,,
5900,18.505666732788086,0.8033333333333333,-19.11026382446289,,
5950,4.6909589767456055,0.8016666666666666,-20.72426414489746,,
6000,5.5460429191589355,0.8,-19.982494354248047,,
6050,21.269454956054688,0.7983333333333333,-21.655479431152344,,
6100,6.3573479652404785,0.7966666666666666,-21.374755859375,,
6150,5.974870204925537,0.795,-20.230846405029297,,
6200,26.859678268432617,0.7933333333333333,-21.058061599731445,,
6250,9.364413261413574,0.7916666666666666,-21.671648025512695,,
6300,14.3089599609375,0.79,-19.070941925048828,,
6350,1.7627075910568237,0.7883333333333333,-20.50953483581543,,
6400,3.5523784160614014,0.7866666666666666,-19.449928283691406,,
6450,6.439582824707031,0.785,-19.88328742980957,,
6500,22.531511306762695,0.7833333333333333,-21.31340789794922,,
6550,8.498682022094727,0.7816666666666667,-21.8580322265625,,
6600,3.0282628536224365,0.78,-22.264009475708008,,
6650,2.682727575302124,0.7783333333333333,-20.402528762817383,,
6700,7.791917324066162,0.7766666666666666,-21.4019718170166,,
6750,43.78663635253906,0.775,-22.69414520263672,,
6800,10.25337028503418,0.7733333333333333,-20.970571517944336,,
6850,6.67338752746582,0.7716666666666667,-20.766489028930664,,
6900,5.1813507080078125,0.77,-19.84642791748047,,
6950,9.508705139160156,0.7683333333333333,-21.08135414123535,,
7000,34.764163970947266,0.7666666666666666,-23.46543312072754,,
7050,15.477665901184082,0.765,-19.266450881958008,,
7100,11.221220970153809,0.7633333333333333,-21.4422664642334,,
7150,4.5999531745910645,0.7616666666666667,-21.220279693603516,,
7200,25.744483947753906,0.76,-23.061635971069336,,
7250,26.170724868774414,0.7583333333333333,-20.038923263549805,,
7300,5.424549102783203,0.7566666666666666,-21.5898494720459,,
7350,13.858684539794922,0.755,-20.624204635620117,,
7400,16.907644271850586,0.7533333333333333,-20.68316078186035,,
7450,23.008665084838867,0.7516666666666667,-22.758150100708008,,
7500,14.42260456085205,0.75,-19.73712921142578,,
7550,5.778255462646484,0.7483333333333333,-21.81431007385254,,
7600,3.8258135318756104,0.7466666666666666,-20.796228408813477,,
7650,40.55205535888672,0.745,-22.821212768554688,,
7700,5.7594146728515625,0.7433333333333334,-22.077661514282227,,
7750,3.0984907150268555,0.7416666666666667,-21.89656639099121,,
7800,13.355426788330078,0.74,-20.890060424804688,,
7850,10.361760139465332,0.7383333333333333,-20.79478645324707,,
7900,6.1893486976623535,0.7366666666666667,-22.552759170532227,,
7950,24.475229263305664,0.735,-21.88286781311035,,
8000,12.788956642150879,0.7333333333333334,-21.293851852416992,,
8050,11.786102294921875,0.7316666666666667,-21.62169647216797,,
8100,8.945637702941895,0.73,-21.390304565429688,,
8150,12.777483940124512,0.7283333333333333,-20.729490280151367,,
8200,11.74124526977539,0.7266666666666667,-20.252798080444336,,
8250,5.831119060516357,0.725,-21.34308433532715,,
8300,13.798263549804688,0.7233333333333334,-22.245698928833008,,
8350,7.486612319946289,0.7216666666666667,-21.44059944152832,,
8400,8.151450157165527,0.72,-21.827871322631836,,
8450,8.258160591125488,0.7183333333333333,-22.018875122070312,,
8500,4.8872199058532715,0.7166666666666667,-19.7542724609375,,
8550,22.229394912719727,0.7150000000000001,-21.25224494934082,,
8600,15.653157234191895,0.7133333333333334,-20.423616409301758,,
8650,24.6573543548584,0.7116666666666667,-20.07259178161621,,
8700,15.601021766662598,0.71,-21.372854232788086,,
8750,19.66546630859375,0.7083333333333333,-22.389190673828125,,
8800,11.211082458496094,0.7066666666666667,-21.7810115814209,,
8850,24.341875076293945,0.7050000000000001,-20.24453353881836,,
8900,17.11280059814453,0.7033333333333334,-22.19706153869629,,
8950,19.839094161987305,0.7016666666666667,-20.686189651489258,,
9000,8.23658275604248,0.7,-20.198307037353516,,
9050,6.520938873291016,0.6983333333333333,-22.1483211517334,,
9100,6.586009979248047,0.6966666666666667,-23.758516311645508,,
9150,8.736474990844727,0.6950000000000001,-21.4189395904541,,
9200,26.59483528137207,0.6933333333333334,-19.160551071166992,,
9250,9.541132926940918,0.6916666666666667,-20.58479881286621,,
9300,12.869194030761719,0.69,-20.84140968322754,,
9350,6.960302352905273,0.6883333333333334,-18.715190887451172,,
9400,15.131976127624512,0.6866666666666666,-18.277334213256836,,
9450,13.640839576721191,0.685,-24.611114501953125,,
9500,22.27726173400879,0.6833333333333333,-20.695730209350586,,
9550,4.29302978515625,0.6816666666666666,-23.3348388671875,,
9600,33.618194580078125,0.6799999999999999,-22.240041732788086,,
9650,17.85051155090332,0.6783333333333333,-20.27152442932129,,
9700,38.77732467651367,0.6766666666666667,-20.853384017944336,,
9750,2.1461594104766846,0.675,-21.54059600830078,,
9800,25.12176513671875,0.6733333333333333,-18.14744758605957,,
9850,12.889430046081543,0.6716666666666666,-23.201759338378906,,
9900,14.204583168029785,0.6699999999999999,-21.913976669311523,,
9950,3.8720109462738037,0.6683333333333333,-23.07410430908203,,
10000,16.101438522338867,0.6666666666666667,-23.256261825561523,,
10050,9.743922233581543,0.665,-21.251184463500977,,
10100,7.8685221672058105,0.6633333333333333,-21.097986221313477,,
10150,6.173015117645264,0.6616666666666666,-21.399290084838867,,
10200,37.1242790222168,0.6599999999999999,-21.712156295776367,,
10250,8.6453275680542,0.6583333333333333,-18.239469528198242,,
10300,8.874213218688965,0.6566666666666667,-19.276216506958008,,
10350,9.091618537902832,0.655,-20.8177547454834,,
10400,17.497051239013672,0.6533333333333333,-20.914243698120117,,
10450,17.4151668548584,0.6516666666666666,-20.59130859375,,
10500,15.668465614318848,0.65,-18.642885208129883,,
10550,10.343756675720215,0.6483333333333333,-23.532583236694336,,
10600,10.335223197937012,0.6466666666666667,-18.658395767211914,,
10650,24.59033966064453,0.645,-22.396453857421875,,
10700,5.843629837036133,0.6433333333333333,-22.269943237304688,,
10750,32.768733978271484,0.6416666666666666,-21.625707626342773,,
10800,8.394841194152832,0.64,-17.313364028930664,,
10850,14.353462219238281,0.6383333333333333,-21.60887908935547,,
10900,12.00961685180664,0.6366666666666667,-18.65805435180664,,
10950,16.62666130065918,0.635,-20.415096282958984,,
11000,7.674645900726318,0.6333333333333333,-21.591306686401367,,
11050,7.932657718658447,0.6316666666666666,-18.504369735717773,,
11100,6.862135410308838,0.63,-21.166597366333008,,
11150,24.301742553710938,0.6283333333333334,-20.50718116760254,,
11200,16.193288803100586,0.6266666666666667,-16.612470626831055,,
11250,11.877025604248047,0.625,-20.122724533081055,,
11300,13.653026580810547,0.6233333333333333,-18.379772186279297,,
11350,40.402183532714844,0.6216666666666666,-17.959684371948242,,
11400,7.387120723724365,0.62,-23.76859474182129,,
11450,12.396717071533203,0.6183333333333334,-21.831987380981445,,
11500,5.886332988739014,0.6166666666666667,-17.786500930786133,,
11550,27.936452865600586,0.615,-19.362529754638672,,
11600,37.797061920166016,0.6133333333333333,-19.130502700805664,,
11650,7.065389633178711,0.6116666666666667,-17.718873977661133,,
11700,6.719944000244141,0.61,-20.725053787231445,,
11750,19.704301834106445,0.6083333333333334,-17.525732040405273,,
11800,11.957962036132812,0.6066666666666667,-20.966867446899414,,
11850,10.186785697937012,0.605,-16.4140682220459,,
11900,34.28386688232422,0.6033333333333333,-20.84075164794922,,
11950,13.608177185058594,0.6016666666666667,-20.778432846069336,,
12000,14.460448265075684,0.6,-19.007442474365234,,
12050,8.182568550109863,0.5983333333333334,-22.052780151367188,,
12100,9.120085716247559,0.5966666666666667,-19.77680778503418,,
12150,7.004096984863281,0.595,-18.905969619750977,,
12200,16.500762939453125,0.5933333333333333,-21.61762046813965,,
12250,17.87013816833496,0.5916666666666667,-19.242368698120117,,
12300,14.63198471069336,0.5900000000000001,-19.55601692199707,,
12350,9.336882591247559,0.5883333333333334,-19.377574920654297,,
12400,11.21634578704834,0.5866666666666667,-19.65848159790039,,
12450,9.381692886352539,0.585,-20.969486236572266,,
12500,9.422296524047852,0.5833333333333333,-17.236854553222656,,
12550,22.914710998535156,0.5816666666666667,-20.804353713989258,,
12600,6.161834239959717,0.5800000000000001,-17.80632209777832,,
12650,6.182687282562256,0.5783333333333334,-18.780231475830078,,
12700,12.672840118408203,0.5766666666666667,-18.914785385131836,,
12750,6.124410152435303,0.575,-19.70408058166504,,
12800,6.818811416625977,0.5733333333333333,-17.504451751708984,,
12850,18.29710578918457,0.5716666666666667,-18.014171600341797,,
12900,10.54486083984375,0.5700000000000001,-17.436189651489258,,
12950,7.92326021194458,0.5683333333333334,-20.675376892089844,,
13000,8.045210838317871,0.5666666666666667,-20.621435165405273,,
13050,5.736110210418701,0.565,-18.825284957885742,,
13100,8.612678527832031,0.5633333333333334,-16.236417770385742,,
13150,5.239331245422363,0.5616666666666666,-14.52394962310791,,
13200,4.0346198081970215,0.56,-15.344639778137207,,
13250,6.098561763763428,0.5583333333333333,-18.65089988708496,,
13300,14.02376937866211,0.5566666666666666,-18.353052139282227,,
13350,12.88577938079834,0.5549999999999999,-17.902193069458008,,
13400,28.66795539855957,0.5533333333333333,-19.107566833496094,,
13450,23.955514907836914,0.5516666666666667,-19.355865478515625,,
13500,12.202401161193848,0.55,-20.014497756958008,,
13550,36.54856872558594,0.5483333333333333,-18.481714248657227,,
13600,9.840778350830078,0.5466666666666666,-12.95633602142334,,
13650,16.12401580810547,0.5449999999999999,-18.70945930480957,,
13700,13.163773536682129,0.5433333333333333,-16.920995712280273,,
13750,6.09161901473999,0.5416666666666667,-16.83963966369629,,
13800,11.377937316894531,0.54,-18.35426902770996,,
13850,39.8765983581543,0.5383333333333333,-16.9268741607666,,
13900,6.098203182220459,0.5366666666666666,-17.41370391845703,,
13950,15.583735466003418,0.5349999999999999,-16.21261978149414,,
14000,52.94559860229492,0.5333333333333333,-15.750727653503418,,
14050,11.481221199035645,0.5316666666666667,-14.467299461364746,,
14100,23.942201614379883,0.53,-15.01221752166748,,
14150,3.6864635944366455,0.5283333333333333,-14.164420127868652,,
14200,5.529544353485107,0.5266666666666666,-15.872886657714844,,
14250,24.416954040527344,0.525,-12.958012580871582,,
14300,12.856289863586426,0.5233333333333333,-15.479179382324219,,
14350,4.8583807945251465,0.5216666666666667,-19.173276901245117,,
14400,6.1535725593566895,0.52,-15.71622371673584,,
14450,4.656379699707031,0.5183333333333333,-19.499650955200195,,
14500,27.120744705200195,0.5166666666666666,-14.157105445861816,,
14550,3.5692014694213867,0.515,-14.69147777557373,,
14600,7.370853900909424,0.5133333333333333,-15.304598808288574,,
14650,8.147726058959961,0.5116666666666667,-13.805610656738281,,
14700,12.224944114685059,0.51,-11.977885246276855,,
14750,5.4159064292907715,0.5083333333333333,-13.287849426269531,,
14800,22.146392822265625,0.5066666666666666,-14.83542537689209,,
14850,3.236618995666504,0.505,-14.414020538330078,,
14900,5.8054680824279785,0.5033333333333334,-18.94582176208496,,
14950,6.545338153839111,0.5016666666666667,-14.441654205322266,,
15000,7.887168884277344,0.5,-13.62712574005127,,
15050,5.015069961547852,0.4983333333333333,-14.739678382873535,,
15100,3.3834564685821533,0.4966666666666667,-14.232316017150879,,
15150,4.659066677093506,0.495,-16.598787307739258,,
15200,25.91731071472168,0.4933333333333333,-14.14250659942627,,
15250,29.1284236907959,0.4916666666666667,-16.244489669799805,,
15300,5.045536994934082,0.49,-13.339640617370605,,
15350,6.885671615600586,0.4883333333333333,-13.787739753723145,,
15400,7.935771942138672,0.4866666666666667,-15.895295143127441,,
15450,4.791494369506836,0.485,-14.358936309814453,,
15500,7.182582855224609,0.4833333333333333,-16.554256439208984,,
15550,6.559852600097656,0.4816666666666667,-14.746021270751953,,
15600,2.93308424949646,0.48,-13.81582260131836,,
15650,6.439533710479736,0.4783333333333334,-14.22115421295166,,
15700,7.170980453491211,0.4766666666666667,-13.065203666687012,,
15750,10.635287284851074,0.475,-13.973751068115234,,
15800,3.6823911666870117,0.4733333333333334,-13.930882453918457,,
15850,6.970371723175049,0.4716666666666667,-15.143718719482422,,
15900,3.373516321182251,0.47,-14.71066665649414,,
15950,8.010356903076172,0.4683333333333334,-10.14590835571289,,
16000,12.00156021118164,0.4666666666666667,-13.91960620880127,,
16050,44.104312896728516,0.46499999999999997,-13.66456127166748,,
16100,34.72815704345703,0.4633333333333334,-14.681507110595703,,
16150,4.893653392791748,0.46166666666666667,-15.079493522644043,,
16200,5.55426549911499,0.45999999999999996,-13.195686340332031,,
16250,6.554942607879639,0.45833333333333337,-13.652141571044922,,
16300,4.747130870819092,0.45666666666666667,-12.7306547164917,,
16350,5.35766077041626,0.45499999999999996,-12.678677558898926,,
16400,11.139762878417969,0.45333333333333337,-10.428153991699219,,
16450,17.123380661010742,0.45166666666666666,-14.172370910644531,,
16500,7.019852161407471,0.44999999999999996,-12.648811340332031,,
16550,5.298348903656006,0.44833333333333336,-13.992542266845703,,
16600,6.887861728668213,0.44666666666666666,-14.576762199401855,,
16650,4.093504905700684,0.44499999999999995,-13.87366008758545,,
16700,8.608274459838867,0.44333333333333336,-17.360319137573242,,
16750,4.0518317222595215,0.44166666666666665,-12.445748329162598,,
16800,4.2039594650268555,0.43999999999999995,-15.222514152526855,,
16850,3.698070526123047,0.43833333333333335,-11.467873573303223,,
16900,4.029149532318115,0.43666666666666665,-13.911351203918457,,
16950,4.527632236480713,0.43500000000000005,-13.90407657623291,,
17000,8.877196311950684,0.43333333333333335,-14.22607135772705,,
17050,5.733011722564697,0.43166666666666664,-13.968073844909668,,
17100,7.480678558349609,0.43000000000000005,-13.610877990722656,,
17150,14.983441352844238,0.42833333333333334,-11.354939460754395,,
17200,48.6335334777832,0.42666666666666664,-12.430416107177734,,
17250,9.309069633483887,0.42500000000000004,-14.91728687286377,,
17300,13.235264778137207,0.42333333333333334,-11.68546199798584,,
17350,2.9769792556762695,0.42166666666666663,-13.82046890258789,,
17400,5.9875359535217285,0.42000000000000004,-11.58375072479248,,
17450,8.203758239746094,0.41833333333333333,-13.41048526763916,,
17500,18.43279457092285,0.41666666666666663,-14.477168083190918,,
17550,10.192571640014648,0.41500000000000004,-14.50460433959961,,
17600,5.652980804443359,0.41333333333333333,-11.528457641601562,,
17650,10.533061027526855,0.4116666666666666,-14.056174278259277,,
17700,12.979583740234375,0.41000000000000003,-11.651389122009277,,
17750,2.88946270942688,0.4083333333333333,-12.746490478515625,,
17800,3.7578694820404053,0.4066666666666666,-11.38701343536377,,
17850,2.867924928665161,0.405,-16.008893966674805,,
17900,7.443509578704834,0.4033333333333333,-11.203946113586426,,
17950,3.1089084148406982,0.4016666666666666,-12.270779609680176,,
18000,3.7328107357025146,0.4,-15.365784645080566,,
18050,6.866382598876953,0.3983333333333333,-11.73122501373291,,
18100,6.071485996246338,0.3966666666666666,-10.849030494689941,,
18150,4.891881942749023,0.395,-11.215283393859863,,
18200,9.134709358215332,0.3933333333333333,-14.317305564880371,,
18250,7.215087890625,0.3916666666666667,-13.270954132080078,,
18300,4.942409515380859,0.39,-13.879620552062988,,
18350,7.488040924072266,0.3883333333333333,-15.120079040527344,,
18400,3.5064799785614014,0.3866666666666667,-12.464547157287598,,
18450,3.8971941471099854,0.385,-12.463180541992188,,
18500,7.939022064208984,0.3833333333333333,-13.399062156677246,,
18550,8.898112297058105,0.3816666666666667,-14.641220092773438,,
18600,7.957760334014893,0.38,-12.49528980255127,,
18650,3.363180160522461,0.3783333333333333,-13.305800437927246,,
18700,3.0400431156158447,0.3766666666666667,-13.023430824279785,,
18750,13.590630531311035,0.375,-12.898418426513672,,
18800,5.349170684814453,0.3733333333333333,-13.585549354553223,,
18850,7.580922603607178,0.3716666666666667,-13.277064323425293,,
18900,4.947599411010742,0.37,-11.420842170715332,,
18950,5.807886600494385,0.3683333333333333,-13.933058738708496,,
19000,6.416997909545898,0.3666666666666667,-9.354722023010254,,
19050,3.680628776550293,0.365,-10.018411636352539,,
19100,17.1065616607666,0.3633333333333333,-14.232611656188965,,
19150,12.907038688659668,0.3616666666666667,-11.37115478515625,,
19200,4.7498955726623535,0.36,-12.127533912658691,,
19250,3.9245259761810303,0.3583333333333333,-10.038814544677734,,
19300,3.103693962097168,0.3566666666666667,-9.961956977844238,,
19350,6.6112446784973145,0.355,-12.047537803649902,,
19400,5.800548553466797,0.3533333333333334,-11.271194458007812,,
19450,6.641340732574463,0.3516666666666667,-11.448639869689941,,
19500,3.514860153198242,0.35,-13.956378936767578,,
19550,4.104963302612305,0.3483333333333334,-13.970549583435059,,
19600,9.390423774719238,0.3466666666666667,-14.808442115783691,,
19650,6.255416393280029,0.345,-10.695796012878418,,
19700,4.02892541885376,0.3433333333333334,-11.20572566986084,,
19750,2.1354472637176514,0.3416666666666667,-13.107954978942871,,
19800,20.018394470214844,0.33999999999999997,-15.22336483001709,,
19850,5.397323131561279,0.3383333333333334,-10.818814277648926,,
19900,2.0670111179351807,0.33666666666666667,-11.581120491027832,,
19950,6.880638122558594,0.33499999999999996,-11.566222190856934,,
20000,4.757696628570557,0.33333333333333337,-15.173169136047363,,
20050,19.977079391479492,0.33166666666666667,-12.431185722351074,,
20100,4.7933878898620605,0.32999999999999996,-13.778216361999512,,
20150,17.701162338256836,0.32833333333333337,-12.621867179870605,,
20200,10.581295013427734,0.32666666666666666,-9.619741439819336,,
20250,11.173571586608887,0.32499999999999996,-9.560144424438477,,
20300,8.473952293395996,0.32333333333333336,-10.588067054748535,,
20350,3.5397093296051025,0.32166666666666666,-11.573872566223145,,
20400,16.02054786682129,0.31999999999999995,-11.598224639892578,,
20450,37.1737174987793,0.31833333333333336,-13.947159767150879,,
20500,5.58543062210083,0.31666666666666665,-11.554214477539062,,
20550,9.119438171386719,0.31499999999999995,-11.630241394042969,,
20600,2.9519946575164795,0.31333333333333335,-11.55138874053955,,
20650,5.184762477874756,0.31166666666666665,-9.998648643493652,,
20700,8.155811309814453,0.31000000000000005,-13.719947814941406,,
20750,2.2925493717193604,0.30833333333333335,-9.804163932800293,,
20800,4.220602989196777,0.30666666666666664,-12.148615837097168,,
20850,5.091973781585693,0.30500000000000005,-10.114835739135742,,
20900,4.42783784866333,0.30333333333333334,-10.649046897888184,,
20950,2.7363078594207764,0.30166666666666664,-11.361409187316895,,
21000,4.41485071182251,0.30000000000000004,-13.858802795410156,,
21050,4.732985496520996,0.29833333333333334,-10.524824142456055,,
21100,2.959225654602051,0.29666666666666663,-9.508891105651855,,
21150,3.91391658782959,0.29500000000000004,-11.761932373046875,,
21200,7.514575958251953,0.29333333333333333,-12.07374095916748,,
21250,6.16760778427124,0.29166666666666663,-11.255650520324707,,
21300,3.799326181411743,0.29000000000000004,-11.219810485839844,,
21350,31.822664260864258,0.28833333333333333,-10.222561836242676,,
21400,6.000056743621826,0.2866666666666666,-11.506004333496094,,
21450,5.688530445098877,0.28500000000000003,-10.381505012512207,,
21500,3.7837955951690674,0.2833333333333333,-9.673169136047363,,
21550,4.18446683883667,0.2816666666666666,-8.236649513244629,,
21600,4.490397930145264,0.28,-9.595940589904785,,
21650,8.533574104309082,0.2783333333333333,-10.2887601852417,,
21700,3.326864004135132,0.2766666666666666,-10.919075012207031,,
21750,5.457997798919678,0.275,-8.598841667175293,,
21800,4.087186336517334,0.2733333333333333,-12.852009773254395,,
21850,3.40458607673645,0.2716666666666666,-9.567235946655273,,
21900,3.082158327102661,0.27,-11.058073997497559,,
21950,2.760333299636841,0.2683333333333333,-9.220568656921387,,
22000,5.741643905639648,0.2666666666666667,-11.626631736755371,,
22050,2.3324148654937744,0.265,-10.61586856842041,,
22100,7.428968906402588,0.2633333333333333,-10.495790481567383,,
22150,2.602167844772339,0.2616666666666667,-11.650116920471191,,
22200,4.154581546783447,0.26,-9.920619010925293,,
22250,5.5958709716796875,0.2583333333333333,-9.436064720153809,,
22300,4.560746669769287,0.2566666666666667,-12.023659706115723,,
22350,9.376059532165527,0.255,-12.827853202819824,,
22400,3.77250075340271,0.2533333333333333,-10.563860893249512,,
22450,12.52780532836914,0.2516666666666667,-9.658600807189941,,
22500,1.9707926511764526,0.25,-11.088443756103516,,
22550,6.188636779785156,0.2483333333333333,-13.131415367126465,,
22600,5.37462854385376,0.2466666666666667,-10.110777854919434,,
22650,5.186075210571289,0.245,-13.937629699707031,,
22700,12.263705253601074,0.2433333333333333,-10.874049186706543,,
22750,4.657045841217041,0.2416666666666667,-13.288769721984863,,
22800,6.119548797607422,0.24,-10.699919700622559,,
22850,5.273304462432861,0.23833333333333329,-9.709174156188965,,
22900,6.234178066253662,0.2366666666666667,-11.760376930236816,,
22950,3.252580404281616,0.235,-12.42462158203125,,
23000,6.407510280609131,0.23333333333333328,-11.833934783935547,,
23050,4.152916431427002,0.2316666666666667,-10.07595443725586,,
23100,12.256632804870605,0.22999999999999998,-11.379951477050781,,
23150,5.536777496337891,0.2283333333333334,-9.69985294342041,,
23200,6.13479471206665,0.22666666666666668,-9.56438159942627,,
23250,2.4850656986236572,0.22499999999999998,-11.573418617248535,,
23300,3.918487310409546,0.22333333333333338,-11.138916969299316,,
23350,14.978073120117188,0.22166666666666668,-11.917584419250488,,
23400,3.4303176403045654,0.21999999999999997,-8.775824546813965,,
23450,17.8686466217041,0.21833333333333338,-8.44748306274414,,
23500,4.224377632141113,0.21666666666666667,-14.181157112121582,,
23550,24.91724395751953,0.21499999999999997,-11.77408504486084,,
23600,2.933868646621704,0.21333333333333337,-12.02111530303955,,
23650,3.2991409301757812,0.21166666666666667,-11.322059631347656,,
23700,3.6927273273468018,0.20999999999999996,-11.197582244873047,,
23750,8.563271522521973,0.20833333333333337,-10.247542381286621,,
23800,2.8853092193603516,0.20666666666666667,-9.483753204345703,,
23850,15.106075286865234,0.20499999999999996,-10.740323066711426,,
23900,5.488996982574463,0.20333333333333337,-9.724156379699707,,
23950,6.167238712310791,0.20166666666666666,-11.802558898925781,,
24000,2.865513563156128,0.19999999999999996,-11.950678825378418,,
24050,4.901756763458252,0.19833333333333336,-11.938048362731934,,
24100,3.4806950092315674,0.19666666666666666,-12.509414672851562,,
24150,2.550150156021118,0.19499999999999995,-9.16844654083252,,
24200,4.186673641204834,0.19333333333333336,-11.147491455078125,,
24250,4.810546398162842,0.19166666666666665,-10.697550773620605,,
24300,5.635406017303467,0.18999999999999995,-10.62985897064209,,
24350,3.9753334522247314,0.18833333333333335,-13.189434051513672,,
24400,6.553147792816162,0.18666666666666665,-11.061028480529785,,
24450,2.175199508666992,0.18500000000000005,-12.307318687438965,,
24500,4.643276691436768,0.18333333333333335,-10.719027519226074,,
24550,8.978087425231934,0.18166666666666664,-10.565926551818848,,
24600,3.048083543777466,0.18000000000000005,-9.291930198669434,,
24650,5.399776458740234,0.17833333333333334,-10.472166061401367,,
24700,2.2589616775512695,0.17666666666666664,-8.316317558288574,,
24750,2.1500802040100098,0.17500000000000004,-11.596183776855469,,
24800,2.0598819255828857,0.17333333333333334,-10.72243595123291,,
24850,3.5481975078582764,0.17166666666666663,-10.962100982666016,,
24900,2.725255012512207,0.17000000000000004,-12.128284454345703,,
24950,29.085447311401367,0.16833333333333333,-10.758105278015137,,
25000,2.0211899280548096,0.16666666666666663,-9.648758888244629,-1.3288740101703473,54.93333333333332
25050,5.434239864349365,0.16500000000000004,-9.780654907226562,,
25100,4.614278793334961,0.16333333333333333,-12.17590045928955,,
25150,4.3667707443237305,0.16166666666666663,-10.366677284240723,,
25200,2.573425054550171,0.16000000000000003,-10.566790580749512,,
25250,7.754653453826904,0.15833333333333333,-11.088326454162598,,
25300,3.181734085083008,0.15666666666666662,-10.775263786315918,,
25350,4.345006465911865,0.15500000000000003,-9.027649879455566,,
25400,1.942995548248291,0.15333333333333332,-8.293339729309082,,
25450,2.4984731674194336,0.15166666666666662,-11.100926399230957,,
25500,1.9469703435897827,0.15000000000000002,-8.09150218963623,,
25550,2.435455322265625,0.14833333333333332,-12.149296760559082,,
25600,1.89178466796875,0.1466666666666666,-12.531669616699219,,
25650,3.7664899826049805,0.14500000000000002,-10.092491149902344,,
25700,3.6809074878692627,0.1433333333333333,-10.91249942779541,,
25750,10.899578094482422,0.14166666666666672,-10.773192405700684,,
25800,14.529192924499512,0.14,-10.776187896728516,,
25850,5.002480983734131,0.1383333333333333,-10.091715812683105,,
25900,7.601113796234131,0.13666666666666671,-10.881213188171387,,
25950,7.86811637878418,0.135,-9.859589576721191,,
26000,3.307286024093628,0.1333333333333333,-11.886192321777344,,
26050,4.7732062339782715,0.1316666666666667,-11.253718376159668,,
26100,10.860007286071777,0.13,-10.075982093811035,,
26150,5.060519695281982,0.1283333333333333,-11.88318920135498,,
26200,5.742057800292969,0.1266666666666667,-10.9821195602417,,
26250,3.129038095474243,0.125,-10.734889030456543,,
26300,4.44169807434082,0.1233333333333333,-11.48425006866455,,
26350,3.973377227783203,0.1216666666666667,-11.698089599609375,,
26400,7.272637844085693,0.12,-10.912764549255371,,
26450,9.696333885192871,0.11833333333333329,-11.980171203613281,,
26500,13.150959968566895,0.1166666666666667,-9.363700866699219,,
26550,9.424243927001953,0.11499999999999999,-8.005023002624512,,
26600,3.875141143798828,0.11333333333333329,-9.268820762634277,,
26650,7.59453010559082,0.11166666666666669,-10.443302154541016,,
26700,5.145573139190674,0.10999999999999999,-9.525854110717773,,
26750,4.046456813812256,0.10833333333333328,-8.2598295211792,,
26800,11.117478370666504,0.10666666666666669,-9.972797393798828,,
26850,5.6969428062438965,0.10499999999999998,-11.425849914550781,,
26900,6.498948574066162,0.10333333333333339,-11.707894325256348,,
26950,6.9177069664001465,0.10166666666666668,-12.236953735351562,,
27000,2.5908892154693604,0.09999999999999998,-10.482662200927734,,
27050,8.319304466247559,0.09833333333333338,-10.070372581481934,,
27100,2.2784221172332764,0.09666666666666668,-12.295154571533203,,
27150,13.039188385009766,0.09499999999999997,-12.784309387207031,,
27200,8.918039321899414,0.09333333333333338,-11.159625053405762,,
27250,5.667474746704102,0.09166666666666667,-9.014298439025879,,
27300,5.465468883514404,0.08999999999999997,-10.53210735321045,,
27350,4.101199626922607,0.08833333333333337,-9.681670188903809,,
27400,4.2079758644104,0.08666666666666667,-12.103842735290527,,
27450,5.858740329742432,0.08499999999999996,-10.405754089355469,,
27500,2.0649685859680176,0.08333333333333337,-12.020323753356934,,
27550,1.7570241689682007,0.08166666666666667,-9.99846363067627,,
27600,4.857824802398682,0.07999999999999996,-10.944783210754395,,
27650,12.325221061706543,0.07833333333333337,-11.231128692626953,,
27700,3.0803451538085938,0.07666666666666666,-9.662278175354004,,
27750,2.538947820663452,0.07499999999999996,-9.336563110351562,,
27800,1.2208690643310547,0.07333333333333336,-8.104382514953613,,
27850,1.7102619409561157,0.07166666666666666,-9.726304054260254,,
27900,7.909399509429932,0.06999999999999995,-11.671481132507324,,
27950,11.23601245880127,0.06833333333333336,-11.35030746459961,,
28000,8.251228332519531,0.06666666666666665,-10.141423225402832,,
28050,2.8481671810150146,0.06499999999999995,-9.580464363098145,,
28100,3.7613439559936523,0.06333333333333335,-10.802543640136719,,
28150,7.534475803375244,0.06166666666666665,-10.401741981506348,,
28200,4.446780681610107,0.06000000000000005,-10.445867538452148,,
28250,11.741913795471191,0.05833333333333335,-13.828811645507812,,
28300,3.2793567180633545,0.05666666666666664,-8.02023696899414,,
28350,2.793118476867676,0.05500000000000005,-8.93962574005127,,
28400,7.478208541870117,0.053333333333333344,-12.14380931854248,,
28450,6.70578145980835,0.05166666666666664,-9.290980339050293,,
28500,5.793113708496094,0.050000000000000044,-10.110103607177734,,
28550,23.73114776611328,0.05,-9.255757331848145,,
28600,4.05021333694458,0.05,-10.178679466247559,,
28650,16.88494110107422,0.05,-10.072325706481934,,
28700,3.420234441757202,0.05,-7.90454626083374,,
28750,4.996870040893555,0.05,-8.711272239685059,,
28800,4.588498592376709,0.05,-10.743208885192871,,
28850,8.042738914489746,0.05,-11.836935997009277,,
28900,1.9868162870407104,0.05,-10.656658172607422,,
28950,5.609113693237305,0.05,-9.742925643920898,,
29000,6.231231689453125,0.05,-10.699749946594238,,
29050,8.123635292053223,0.05,-10.58108139038086,,
29100,16.689128875732422,0.05,-9.704391479492188,,
29150,18.7752742767334,0.05,-9.790909767150879,,
29200,4.553475856781006,0.05,-10.596205711364746,,
29250,2.033677816390991,0.05,-9.862807273864746,,
29300,4.143615245819092,0.05,-8.973283767700195,,
29350,2.081609010696411,0.05,-9.717940330505371,,
29400,3.3835175037384033,0.05,-11.364616394042969,,
29450,4.304541110992432,0.05,-9.55597972869873,,
29500,2.6706793308258057,0.05,-9.531506538391113,,
29550,25.44654083251953,0.05,-11.973431587219238,,
29600,1.914242148399353,0.05,-11.493477821350098,,
29650,2.7336061000823975,0.05,-9.903159141540527,,
29700,4.5120134353637695,0.05,-9.30635929107666,,
29750,3.343909502029419,0.05,-10.872184753417969,,
29800,6.544412612915039,0.05,-9.982365608215332,,
29850,7.61923360824585,0.05,-8.773215293884277,,
29900,3.7814114093780518,0.05,-10.261964797973633,,
29950,3.2220375537872314,0.05,-12.405840873718262,,
30000,2.519066572189331,0.05,-8.800271034240723,,
30050,4.384587287902832,0.05,-10.62707233428955,,
30100,4.450053691864014,0.05,-9.75873851776123,,
30150,4.631509304046631,0.05,-11.318168640136719,,
30200,14.671268463134766,0.05,-8.862750053405762,,
30250,2.371577501296997,0.05,-11.206027030944824,,
30300,3.670936346054077,0.05,-11.953091621398926,,
30350,2.4509084224700928,0.05,-11.6361665725708,,
30400,10.132401466369629,0.05,-10.593052864074707,,
30450,4.822484493255615,0.05,-8.424722671508789,,
30500,10.080670356750488,0.05,-9.4165678024292,,
30550,9.803820610046387,0.05,-10.19393253326416,,
30600,5.075779438018799,0.05,-9.830082893371582,,
30650,1.8387433290481567,0.05,-9.560973167419434,,
30700,8.060063362121582,0.05,-10.915542602539062,,
30750,3.7817986011505127,0.05,-10.614761352539062,,
30800,7.363222599029541,0.05,-12.872467041015625,,
30850,5.342044830322266,0.05,-8.202847480773926,,
30900,3.205455780029297,0.05,-9.075278282165527,,
30950,5.101292133331299,0.05,-11.89681339263916,,
31000,3.681417226791382,0.05,-11.339335441589355,,
31050,9.867023468017578,0.05,-13.602738380432129,,
31100,4.104823589324951,0.05,-12.931288719177246,,
31150,3.9023191928863525,0.05,-10.77429485321045,,
31200,1.2554354667663574,0.05,-10.463652610778809,,
31250,8.82248306274414,0.05,-11.596946716308594,,
31300,4.397271156311035,0.05,-9.009350776672363,,
31350,2.8771402835845947,0.05,-9.72921371459961,,
31400,5.148082256317139,0.05,-9.74718189239502,,
31450,14.588103294372559,0.05,-11.929030418395996,,
31500,9.453003883361816,0.05,-10.474247932434082,,
31550,1.6331759691238403,0.05,-10.439986228942871,,
31600,2.986650228500366,0.05,-10.650776863098145,,
31650,18.42989158630371,0.05,-10.152710914611816,,
31700,8.630751609802246,0.05,-11.216796875,,
31750,7.573601245880127,0.05,-11.65601634979248,,
31800,3.6632049083709717,0.05,-9.209845542907715,,
31850,2.9038074016571045,0.05,-10.550037384033203,,
31900,3.9130818843841553,0.05,-11.31152629852295,,
31950,2.3982417583465576,0.05,-11.47970199584961,,
32000,13.428069114685059,0.05,-10.232383728027344,,
32050,5.975072383880615,0.05,-11.559375762939453,,
32100,5.441949367523193,0.05,-11.12466812133789,,
32150,6.001888751983643,0.05,-9.746617317199707,,
32200,3.3848373889923096,0.05,-10.644073486328125,,
32250,6.737241268157959,0.05,-10.1499662399292,,
32300,5.424513339996338,0.05,-11.716094017028809,,
32350,8.783459663391113,0.05,-13.055495262145996,,
32400,2.6389057636260986,0.05,-9.844263076782227,,
32450,2.0211806297302246,0.05,-10.745266914367676,,
32500,2.5160725116729736,0.05,-7.323488235473633,,
32550,4.636449337005615,0.05,-8.532950401306152,,
32600,2.236419916152954,0.05,-9.799393653869629,,
32650,3.415161371231079,0.05,-9.972599983215332,,
32700,5.322231769561768,0.05,-9.334410667419434,,
32750,8.677176475524902,0.05,-9.803208351135254,,
32800,6.349647521972656,0.05,-10.206794738769531,,
32850,4.437586784362793,0.05,-10.636032104492188,,
32900,10.715370178222656,0.05,-11.057015419006348,,
32950,6.95193338394165,0.05,-11.76230239868164,,
33000,4.276375770568848,0.05,-10.450170516967773,,
33050,3.997572660446167,0.05,-12.685867309570312,,
33100,3.0340864658355713,0.05,-11.971081733703613,,
33150,5.864062786102295,0.05,-11.23550033569336,,
33200,3.127788782119751,0.05,-8.769978523254395,,
33250,4.867940425872803,0.05,-9.33753776550293,,
33300,5.019041538238525,0.05,-9.584671020507812,,
33350,8.750882148742676,0.05,-11.985282897949219,,
33400,22.0516357421875,0.05,-12.852789878845215,,
33450,12.73444652557373,0.05,-10.151485443115234,,
33500,3.4168221950531006,0.05,-10.162906646728516,,
33550,2.238006830215454,0.05,-10.265389442443848,,
33600,6.182188034057617,0.05,-10.598304748535156,,
33650,3.271484375,0.05,-10.824362754821777,,
33700,3.44817852973938,0.05,-10.373713493347168,,
33750,5.859877109527588,0.05,-11.786105155944824,,
33800,6.3228068351745605,0.05,-11.527976989746094,,
33850,3.2039527893066406,0.05,-10.990989685058594,,
33900,2.328022003173828,0.05,-9.735405921936035,,
33950,6.858173370361328,0.05,-11.679909706115723,,
34000,6.966803073883057,0.05,-11.695269584655762,,
34050,2.0872042179107666,0.05,-11.746932029724121,,
34100,3.017949104309082,0.05,-11.346102714538574,,
34150,5.375962734222412,0.05,-10.129406929016113,,
34200,5.6822662353515625,0.05,-9.556146621704102,,
34250,2.2246479988098145,0.05,-10.790626525878906,,
34300,5.835883617401123,0.05,-9.588837623596191,,
34350,4.047590255737305,0.05,-9.346524238586426,,
34400,5.809673309326172,0.05,-12.180792808532715,,
34450,2.8049392700195312,0.05,-8.48057746887207,,
34500,1.884539246559143,0.05,-8.603667259216309,,
34550,3.4562976360321045,0.05,-9.600327491760254,,
34600,3.4375603199005127,0.05,-10.925328254699707,,
34650,3.9013688564300537,0.05,-11.182969093322754,,
34700,5.155181884765625,0.05,-9.885750770568848,,
34750,4.585914611816406,0.05,-9.303921699523926,,
34800,3.5813777446746826,0.05,-11.11268138885498,,
34850,5.954034805297852,0.05,-10.800318717956543,,
34900,1.7395881414413452,0.05,-11.52048397064209,,
34950,2.418793201446533,0.05,-14.156529426574707,,
35000,2.4990909099578857,0.05,-10.347289085388184,,
35050,13.88533878326416,0.05,-10.942787170410156,,
35100,3.9236886501312256,0.05,-10.106484413146973,,
35150,5.5034942626953125,0.05,-10.463885307312012,,
35200,6.838554859161377,0.05,-12.130228996276855,,
35250,3.8299455642700195,0.05,-10.609116554260254,,
35300,14.148736000061035,0.05,-12.033068656921387,,
35350,10.011002540588379,0.05,-10.748927116394043,,
35400,6.353736400604248,0.05,-8.161595344543457,,
35450,2.9850053787231445,0.05,-12.491490364074707,,
35500,3.257995843887329,0.05,-12.627005577087402,,
35550,3.189776659011841,0.05,-7.079921245574951,,
35600,2.483823537826538,0.05,-10.378424644470215,,
35650,1.6506837606430054,0.05,-9.619515419006348,,
35700,2.309288740158081,0.05,-10.069958686828613,,
35750,1.8731056451797485,0.05,-7.4840240478515625,,
35800,2.71444034576416,0.05,-9.507487297058105,,
35850,4.677972316741943,0.05,-12.202648162841797,,
35900,8.030579566955566,0.05,-11.459685325622559,,
35950,6.207023620605469,0.05,-10.662639617919922,,
36000,10.952927589416504,0.05,-9.370062828063965,,
36050,3.5216007232666016,0.05,-9.804055213928223,,
36100,5.187514781951904,0.05,-9.681984901428223,,
36150,4.798269748687744,0.05,-9.758586883544922,,
36200,8.582731246948242,0.05,-8.28199577331543,,
36250,3.1529910564422607,0.05,-10.672501564025879,,
36300,20.788352966308594,0.05,-10.989707946777344,,
36350,2.6627180576324463,0.05,-9.94627571105957,,
36400,3.9917643070220947,0.05,-11.888290405273438,,
36450,3.1185855865478516,0.05,-9.323576927185059,,
36500,16.79143524169922,0.05,-11.0106782913208,,
36550,5.38985013961792,0.05,-11.169510841369629,,
36600,6.746737003326416,0.05,-10.005976676940918,,
36650,2.645308017730713,0.05,-11.31551456451416,,
36700,4.538668155670166,0.05,-13.67501449584961,,
36750,1.4685288667678833,0.05,-11.502791404724121,,
36800,3.7208778858184814,0.05,-8.689066886901855,,
36850,2.4993398189544678,0.05,-11.636615753173828,,
36900,6.2199530601501465,0.05,-11.075177192687988,,
36950,2.765052556991577,0.05,-11.433342933654785,,
37000,2.878321647644043,0.05,-11.800357818603516,,
37050,7.095946788787842,0.05,-10.926239013671875,,
37100,4.788924694061279,0.05,-9.635104179382324,,
37150,7.099226474761963,0.05,-10.332220077514648,,
37200,8.431663513183594,0.05,-11.846348762512207,,
37250,2.510395050048828,0.05,-10.81920337677002,,
37300,2.2821409702301025,0.05,-8.703845024108887,,
37350,2.5538322925567627,0.05,-9.252530097961426,,
37400,3.292088270187378,0.05,-12.161416053771973,,
37450,2.3821263313293457,0.05,-11.420333862304688,,
37500,4.633175849914551,0.05,-11.089213371276855,,
37550,2.5356171131134033,0.05,-12.00783634185791,,
37600,3.622823715209961,0.05,-9.965983390808105,,
37650,16.88486099243164,0.05,-9.852867126464844,,
37700,5.055607795715332,0.05,-11.549725532531738,,
37750,11.287757873535156,0.05,-10.83845043182373,,
37800,1.856890082359314,0.05,-9.391090393066406,,
37850,2.3166489601135254,0.05,-9.351410865783691,,
37900,7.109276294708252,0.05,-9.786867141723633,,
37950,6.9241108894348145,0.05,-9.25340747833252,,
38000,6.69549036026001,0.05,-10.49865436553955,,
38050,3.783430337905884,0.05,-9.925292015075684,,
38100,3.621967077255249,0.05,-9.8573637008667,,
38150,2.823103666305542,0.05,-11.544208526611328,,
38200,3.1642701625823975,0.05,-8.964271545410156,,
38250,3.5021274089813232,0.05,-8.767107963562012,,
38300,10.89394760131836,0.05,-10.015182495117188,,
38350,6.136472225189209,0.05,-9.921504974365234,,
38400,6.933300018310547,0.05,-9.421422958374023,,
38450,6.293198108673096,0.05,-8.834945678710938,,
38500,3.7902424335479736,0.05,-9.13338851928711,,
38550,3.747737169265747,0.05,-10.771246910095215,,
38600,7.994861602783203,0.05,-11.969444274902344,,
38650,5.7456207275390625,0.05,-8.95255184173584,,
38700,2.164491653442383,0.05,-10.707255363464355,,
38750,2.4425714015960693,0.05,-10.450202941894531,,
38800,2.091578245162964,0.05,-10.425509452819824,,
38850,5.305294990539551,0.05,-8.643303871154785,,
38900,2.5560319423675537,0.05,-8.89956283569336,,
38950,5.357786178588867,0.05,-10.206376075744629,,
39000,5.575092315673828,0.05,-9.736798286437988,,
39050,3.363400459289551,0.05,-10.681763648986816,,
39100,2.978914260864258,0.05,-9.571944236755371,,
39150,2.784808874130249,0.05,-11.692461967468262,,
39200,3.572850465774536,0.05,-8.213906288146973,,
39250,9.14368724822998,0.05,-12.142402648925781,,
39300,5.013737678527832,0.05,-9.689940452575684,,
39350,2.207636833190918,0.05,-7.307758331298828,,
39400,1.5761696100234985,0.05,-10.757194519042969,,
39450,4.782433032989502,0.05,-9.16455364227295,,
39500,4.333794593811035,0.05,-11.318538665771484,,
39550,5.176109790802002,0.05,-9.71674633026123,,
39600,2.0076286792755127,0.05,-10.543050765991211,,
39650,2.7460057735443115,0.05,-8.088955879211426,,
39700,3.6853883266448975,0.05,-8.471476554870605,,
39750,4.461427211761475,0.05,-10.269946098327637,,
39800,2.0012054443359375,0.05,-10.688957214355469,,
39850,3.6317074298858643,0.05,-10.108868598937988,,
39900,21.833829879760742,0.05,-10.702641487121582,,
39950,1.9937267303466797,0.05,-10.649657249450684,,
40000,4.416919231414795,0.05,-9.217691421508789,,
40050,8.210247993469238,0.05,-9.163640022277832,,
40100,3.3111207485198975,0.05,-10.210759162902832,,
40150,3.83158016204834,0.05,-9.705645561218262,,
40200,5.733156681060791,0.05,-11.320549011230469,,
40250,6.053997039794922,0.05,-11.203572273254395,,
40300,1.604615569114685,0.05,-8.79493236541748,,
40350,4.193234920501709,0.05,-10.565827369689941,,
40400,1.2937442064285278,0.05,-9.241808891296387,,
40450,3.349609375,0.05,-12.289380073547363,,
40500,1.5260900259017944,0.05,-9.621943473815918,,
40550,7.721065521240234,0.05,-9.874137878417969,,
40600,1.7031015157699585,0.05,-10.084075927734375,,
40650,15.004474639892578,0.05,-10.519545555114746,,
40700,1.6416352987289429,0.05,-9.032774925231934,,
40750,6.055599689483643,0.05,-11.634113311767578,,
40800,1.5477004051208496,0.05,-7.922583103179932,,
40850,2.902498960494995,0.05,-10.178107261657715,,
40900,3.2371413707733154,0.05,-8.697073936462402,,
40950,4.73130989074707,0.05,-11.121074676513672,,
41000,2.4698879718780518,0.05,-9.72974681854248,,
41050,2.3273799419403076,0.05,-8.57766342163086,,
41100,3.2558631896972656,0.05,-10.570971488952637,,
41150,3.299076795578003,0.05,-10.46414566040039,,
41200,4.623363018035889,0.05,-11.144009590148926,,
41250,13.444003105163574,0.05,-10.197556495666504,,
41300,4.869690418243408,0.05,-9.053938865661621,,
41350,3.4782369136810303,0.05,-10.240918159484863,,
41400,2.862614631652832,0.05,-9.096540451049805,,
41450,0.789349377155304,0.05,-8.445474624633789,,
41500,2.009345293045044,0.05,-10.210713386535645,,
41550,3.103121757507324,0.05,-9.556991577148438,,
41600,2.6770572662353516,0.05,-10.025200843811035,,
41650,2.8464033603668213,0.05,-9.141012191772461,,
41700,3.3588173389434814,0.05,-9.795907020568848,,
41750,11.692704200744629,0.05,-10.782097816467285,,
41800,1.02810537815094,0.05,-10.800384521484375,,
41850,4.277690887451172,0.05,-10.667433738708496,,
41900,2.3944597244262695,0.05,-10.48933219909668,,
41950,3.7125132083892822,0.05,-10.286239624023438,,
42000,9.910266876220703,0.05,-10.536378860473633,,
42050,5.95560884475708,0.05,-10.802433967590332,,
42100,2.9921486377716064,0.05,-9.845297813415527,,
42150,3.5806884765625,0.05,-10.821221351623535,,
42200,4.7170209884643555,0.05,-10.523470878601074,,
42250,11.666285514831543,0.05,-10.678242683410645,,
42300,26.820539474487305,0.05,-12.082405090332031,,
42350,4.412775993347168,0.05,-10.175360679626465,,
42400,2.9278173446655273,0.05,-9.383667945861816,,
42450,5.644138813018799,0.05,-10.482439994812012,,
42500,1.150072455406189,0.05,-9.168025016784668,,
42550,5.615489482879639,0.05,-10.922839164733887,,
42600,3.458143949508667,0.05,-10.081866264343262,,
42650,2.244929552078247,0.05,-9.068743705749512,,
42700,2.7431533336639404,0.05,-11.534253120422363,,
42750,1.9600995779037476,0.05,-9.914170265197754,,
42800,2.6656439304351807,0.05,-10.798361778259277,,
42850,4.396852016448975,0.05,-11.240618705749512,,
42900,4.954025745391846,0.05,-11.393291473388672,,
42950,3.511566400527954,0.05,-13.573468208312988,,
43000,12.032393455505371,0.05,-11.148571968078613,,
43050,4.70529317855835,0.05,-10.921420097351074,,
43100,1.129280686378479,0.05,-10.243388175964355,,
43150,4.237651348114014,0.05,-10.07844352722168,,
43200,11.031341552734375,0.05,-11.513419151306152,,
43250,2.6951255798339844,0.05,-10.319887161254883,,
43300,3.2506723403930664,0.05,-10.539750099182129,,
43350,3.714096784591675,0.05,-10.4970064163208,,
43400,2.875749349594116,0.05,-10.88888168334961,,
43450,2.921990156173706,0.05,-11.364848136901855,,
43500,6.9260735511779785,0.05,-10.236761093139648,,
43550,3.2250988483428955,0.05,-11.267992973327637,,
43600,4.7309441566467285,0.05,-12.40676498413086,,
43650,2.85223388671875,0.05,-10.216399192810059,,
43700,2.9331600666046143,0.05,-10.68375015258789,,
43750,2.4679696559906006,0.05,-10.437167167663574,,
43800,2.9083211421966553,0.05,-11.06527042388916,,
43850,4.85407018661499,0.05,-9.987163543701172,,
43900,3.232905149459839,0.05,-11.39502239227295,,
43950,2.642768144607544,0.05,-13.073410034179688,,
44000,2.1439335346221924,0.05,-12.081099510192871,,
44050,6.518768787384033,0.05,-11.776493072509766,,
44100,5.636312007904053,0.05,-10.975201606750488,,
44150,10.589168548583984,0.05,-11.5516996383667,,
44200,9.902276039123535,0.05,-10.964217185974121,,
44250,2.2926957607269287,0.05,-10.544373512268066,,
44300,3.413224220275879,0.05,-10.565695762634277,,
44350,3.4362545013427734,0.05,-10.711216926574707,,
44400,10.829402923583984,0.05,-12.730626106262207,,
44450,12.255549430847168,0.05,-10.624245643615723,,
44500,2.9590556621551514,0.05,-11.706467628479004,,
44550,2.662666082382202,0.05,-10.818669319152832,,
44600,3.067124128341675,0.05,-12.467686653137207,,
44650,3.443815231323242,0.05,-10.714905738830566,,
44700,5.530163288116455,0.05,-11.027397155761719,,
44750,5.290675640106201,0.05,-10.880784034729004,,
44800,3.0994701385498047,0.05,-10.657029151916504,,
44850,7.921581745147705,0.05,-12.696243286132812,,
44900,21.879240036010742,0.05,-11.384685516357422,,
44950,18.05781364440918,0.05,-10.880389213562012,,
45000,4.351857662200928,0.05,-10.670327186584473,,
45050,2.489654779434204,0.05,-10.881834983825684,,
45100,7.775701522827148,0.05,-12.044384956359863,,
45150,3.3999030590057373,0.05,-12.410494804382324,,
45200,3.0488803386688232,0.05,-11.194778442382812,,
45250,1.8931964635849,0.05,-10.365756034851074,,
45300,6.2431864738464355,0.05,-13.40048885345459,,
45350,8.287028312683105,0.05,-12.15844440460205,,
45400,1.7482045888900757,0.05,-11.352519035339355,,
45450,4.112671375274658,0.05,-14.192261695861816,,
45500,5.241868495941162,0.05,-11.803074836730957,,
45550,16.047393798828125,0.05,-11.701090812683105,,
45600,9.807723045349121,0.05,-11.791417121887207,,
45650,3.0590097904205322,0.05,-12.889575004577637,,
45700,2.1836941242218018,0.05,-12.059020042419434,,
45750,6.559696197509766,0.05,-14.404566764831543,,
45800,3.7808315753936768,0.05,-13.931702613830566,,
45850,2.3657143115997314,0.05,-12.209687232971191,,
45900,3.175990343093872,0.05,-10.996726989746094,,
45950,4.1354169845581055,0.05,-11.06372356414795,,
46000,2.293891191482544,0.05,-12.868674278259277,,
46050,11.756365776062012,0.05,-12.481097221374512,,
46100,4.636636257171631,0.05,-10.677332878112793,,
46150,4.977859973907471,0.05,-11.337417602539062,,
46200,4.000449180603027,0.05,-11.135603904724121,,
46250,2.9396564960479736,0.05,-11.998791694641113,,
46300,4.1370930671691895,0.05,-9.92460823059082,,
46350,15.625601768493652,0.05,-13.637199401855469,,
46400,7.171329498291016,0.05,-12.208534240722656,,
46450,5.980766296386719,0.05,-12.859196662902832,,
46500,20.37602424621582,0.05,-13.739311218261719,,
46550,3.136812210083008,0.05,-11.292153358459473,,
46600,10.252484321594238,0.05,-11.420533180236816,,
46650,1.962725043296814,0.05,-12.318023681640625,,
46700,2.852979898452759,0.05,-12.4945068359375,,
46750,26.664457321166992,0.05,-12.672249794006348,,
46800,2.1764473915100098,0.05,-12.103866577148438,,
46850,7.7849884033203125,0.05,-12.015421867370605,,
46900,2.321394920349121,0.05,-11.787062644958496,,
46950,7.799970626831055,0.05,-11.551173210144043,,
47000,4.009270191192627,0.05,-13.969449043273926,,
47050,8.12712287902832,0.05,-10.13393497467041,,
47100,2.5239980220794678,0.05,-13.910090446472168,,
47150,5.835000514984131,0.05,-12.95086669921875,,
47200,8.707742691040039,0.05,-10.913936614990234,,
47250,1.613150715827942,0.05,-10.465559959411621,,
47300,24.829526901245117,0.05,-12.238418579101562,,
47350,1.8289237022399902,0.05,-10.048526763916016,,
47400,2.12003231048584,0.05,-13.804744720458984,,
47450,2.9355571269989014,0.05,-11.988734245300293,,
47500,15.913735389709473,0.05,-13.503376960754395,,
47550,6.087130069732666,0.05,-11.257549285888672,,
47600,1.5966836214065552,0.05,-9.845253944396973,,
47650,8.699199676513672,0.05,-12.065407752990723,,
47700,4.138785362243652,0.05,-13.033953666687012,,
47750,6.345656871795654,0.05,-10.526341438293457,,
47800,5.37550687789917,0.05,-10.891830444335938,,
47850,15.949824333190918,0.05,-13.451323509216309,,
47900,8.609421730041504,0.05,-12.303840637207031,,
47950,5.06212854385376,0.05,-12.958969116210938,,
48000,12.563067436218262,0.05,-11.838940620422363,,
48050,7.42987585067749,0.05,-13.108696937561035,,
48100,2.6805496215820312,0.05,-11.767989158630371,,
48150,9.205216407775879,0.05,-14.627835273742676,,
48200,4.756237506866455,0.05,-12.573824882507324,,
48250,2.411954879760742,0.05,-11.430977821350098,,
48300,6.840649127960205,0.05,-12.771269798278809,,
48350,4.606955528259277,0.05,-11.705843925476074,,
48400,4.4429240226745605,0.05,-11.447226524353027,,
48450,5.23859977722168,0.05,-12.455836296081543,,
48500,13.32399845123291,0.05,-11.736557006835938,,
48550,19.007246017456055,0.05,-11.795044898986816,,
48600,8.534708976745605,0.05,-12.417617797851562,,
48650,6.264549255371094,0.05,-11.51772689819336,,
48700,9.271222114562988,0.05,-13.682376861572266,,
48750,8.024528503417969,0.05,-12.992711067199707,,
48800,8.556668281555176,0.05,-12.710734367370605,,
48850,3.511950731277466,0.05,-12.639957427978516,,
48900,2.011277198791504,0.05,-12.125054359436035,,
48950,11.623573303222656,0.05,-11.664043426513672,,
49000,4.479982376098633,0.05,-12.111456871032715,,
49050,2.95173716545105,0.05,-12.77912425994873,,
49100,13.141852378845215,0.05,-13.431342124938965,,
49150,10.749180793762207,0.05,-13.175891876220703,,
49200,3.723264455795288,0.05,-12.361625671386719,,
49250,8.418761253356934,0.05,-12.953594207763672,,
49300,2.3595991134643555,0.05,-11.715619087219238,,
49350,1.8320382833480835,0.05,-10.540484428405762,,
49400,3.387328863143921,0.05,-12.295334815979004,,
49450,5.001188278198242,0.05,-13.137194633483887,,
49500,2.931386709213257,0.05,-12.298367500305176,,
49550,8.452847480773926,0.05,-13.320414543151855,,
49600,5.823079586029053,0.05,-13.007466316223145,,
49650,8.148778915405273,0.05,-11.744438171386719,,
49700,2.2157881259918213,0.05,-12.556424140930176,,
49750,7.630431652069092,0.05,-12.403182029724121,,
49800,20.25592803955078,0.05,-11.659510612487793,,
49850,13.316670417785645,0.05,-12.799040794372559,,
49900,3.083315134048462,0.05,-14.118782043457031,,
49950,5.53057336807251,0.05,-13.851860046386719,,
50000,15.816856384277344,0.05,-12.415840148925781,-1.5318727234393004,58.4
50050,4.920242786407471,0.05,-13.712157249450684,,
50100,2.8078556060791016,0.05,-12.797955513000488,,
50150,2.776320695877075,0.05,-11.141571044921875,,
50200,30.04087257385254,0.05,-12.07181453704834,,
50250,6.714349746704102,0.05,-13.47658920288086,,
50300,1.894210696220398,0.05,-11.16053295135498,,
50350,3.18371844291687,0.05,-11.568039894104004,,
50400,11.897785186767578,0.05,-12.970173835754395,,
50450,22.740171432495117,0.05,-11.928719520568848,,
50500,3.967479705810547,0.05,-11.469820976257324,,
50550,5.354780673980713,0.05,-13.181487083435059,,
50600,15.311161994934082,0.05,-12.626532554626465,,
50650,6.704580783843994,0.05,-12.854560852050781,,
50700,5.780787944793701,0.05,-10.778883934020996,,
50750,6.3476243019104,0.05,-12.463699340820312,,
50800,6.288323879241943,0.05,-14.350597381591797,,
50850,3.5265896320343018,0.05,-11.477099418640137,,
50900,9.129128456115723,0.05,-12.645623207092285,,
50950,6.047956943511963,0.05,-11.237480163574219,,
51000,0.9131339192390442,0.05,-13.404480934143066,,
51050,3.746811628341675,0.05,-12.794651985168457,,
51100,2.694395065307617,0.05,-12.968246459960938,,
51150,1.9209599494934082,0.05,-12.49577808380127,,
51200,6.894459247589111,0.05,-11.810172080993652,,
51250,7.07094144821167,0.05,-13.311993598937988,,
51300,12.594470024108887,0.05,-13.489112854003906,,
51350,5.446326732635498,0.05,-11.225089073181152,,
51400,4.597947120666504,0.05,-11.42065715789795,,
51450,4.78580379486084,0.05,-11.66076946258545,,
51500,6.883121967315674,0.05,-11.838385581970215,,
51550,4.469788074493408,0.05,-13.057243347167969,,
51600,5.494901657104492,0.05,-12.430380821228027,,
51650,8.441981315612793,0.05,-13.773402214050293,,
51700,1.961208462715149,0.05,-13.939693450927734,,
51750,6.319633483886719,0.05,-13.393387794494629,,
51800,4.62511682510376,0.05,-12.142871856689453,,
51850,10.115257263183594,0.05,-13.123729705810547,,
51900,6.01814079284668,0.05,-11.778934478759766,,
51950,6.455413818359375,0.05,-12.175761222839355,,
52000,8.686437606811523,0.05,-11.198752403259277,,
52050,31.390409469604492,0.05,-12.684588432312012,,
52100,15.036458015441895,0.05,-12.067824363708496,,
52150,8.218982696533203,0.05,-12.326457977294922,,
52200,3.6126954555511475,0.05,-12.28570556640625,,
52250,5.850343227386475,0.05,-12.516727447509766,,
52300,7.152120113372803,0.05,-12.539119720458984,,
52350,18.61530113220215,0.05,-12.485763549804688,,
52400,5.6217265129089355,0.05,-11.74352741241455,,
52450,2.56353759765625,0.05,-13.708966255187988,,
52500,5.941163539886475,0.05,-11.999384880065918,,
52550,3.496412992477417,0.05,-13.585033416748047,,
52600,8.965415954589844,0.05,-12.394599914550781,,
52650,8.061737060546875,0.05,-10.695401191711426,,
52700,2.0369081497192383,0.05,-13.580493927001953,,
52750,1.9882184267044067,0.05,-11.246818542480469,,
52800,3.6029043197631836,0.05,-14.633715629577637,,
52850,10.326443672180176,0.05,-11.63326358795166,,
52900,9.766081809997559,0.05,-11.873985290527344,,
52950,16.462352752685547,0.05,-12.956229209899902,,
53000,9.445124626159668,0.05,-12.561568260192871,,
53050,7.1543450355529785,0.05,-10.643342971801758,,
53100,13.886225700378418,0.05,-10.374709129333496,,
53150,2.6018378734588623,0.05,-10.519671440124512,,
53200,11.59112548828125,0.05,-10.91469669342041,,
53250,7.915704250335693,0.05,-11.282422065734863,,
53300,4.58558464050293,0.05,-10.89766788482666,,
53350,9.204418182373047,0.05,-12.820523262023926,,
53400,4.285727024078369,0.05,-10.423800468444824,,
53450,2.7775003910064697,0.05,-9.55243968963623,,
53500,5.206082820892334,0.05,-11.340919494628906,,
53550,2.1415648460388184,0.05,-10.64401912689209,,
53600,15.065471649169922,0.05,-9.961319923400879,,
53650,1.5702749490737915,0.05,-11.126246452331543,,
53700,2.1299469470977783,0.05,-10.939762115478516,,
53750,0.8991815447807312,0.05,-11.377717018127441,,
53800,8.329134941101074,0.05,-12.827122688293457,,
53850,3.3061230182647705,0.05,-10.081335067749023,,
53900,8.495638847351074,0.05,-10.094964981079102,,
53950,2.640245199203491,0.05,-10.391602516174316,,
54000,6.990161895751953,0.05,-9.7966890335083,,
54050,7.4723663330078125,0.05,-10.689492225646973,,
54100,12.390807151794434,0.05,-10.55817699432373,,
54150,4.281818866729736,0.05,-11.2656888961792,,
54200,5.695970058441162,0.05,-9.04088306427002,,
54250,4.047756671905518,0.05,-10.578326225280762,,
54300,6.738781452178955,0.05,-10.204514503479004,,
54350,4.768403053283691,0.05,-12.1409912109375,,
54400,6.809559345245361,0.05,-9.488560676574707,,
54450,2.9321842193603516,0.05,-11.66913890838623,,
54500,3.106989622116089,0.05,-11.123152732849121,,
54550,5.0539045333862305,0.05,-10.008447647094727,,
54600,0.9059872627258301,0.05,-10.878817558288574,,
54650,2.7437407970428467,0.05,-9.831002235412598,,
54700,8.319426536560059,0.05,-11.820298194885254,,
54750,4.313751697540283,0.05,-10.20751667022705,,
54800,3.5715010166168213,0.05,-9.230927467346191,,
54850,2.395881414413452,0.05,-10.245439529418945,,
54900,11.584763526916504,0.05,-10.712153434753418,,
54950,3.428802728652954,0.05,-9.849963188171387,,
55000,10.079524993896484,0.05,-13.089916229248047,,
55050,1.9032282829284668,0.05,-11.871996879577637,,
55100,9.028249740600586,0.05,-10.329874038696289,,
55150,2.5509963035583496,0.05,-11.732460021972656,,
55200,1.0905014276504517,0.05,-11.635769844055176,,
55250,4.8383307456970215,0.05,-9.954568862915039,,
55300,5.793600082397461,0.05,-11.394970893859863,,
55350,5.280127048492432,0.05,-11.545074462890625,,
55400,3.7226192951202393,0.05,-11.648768424987793,,
55450,7.691430568695068,0.05,-10.86349105834961,,
55500,14.237666130065918,0.05,-11.378551483154297,,
55550,4.857373237609863,0.05,-10.05180835723877,,
55600,3.109712839126587,0.05,-11.938981056213379,,
55650,5.879017353057861,0.05,-8.922508239746094,,
55700,10.088614463806152,0.05,-11.397472381591797,,
55750,7.174808502197266,0.05,-10.080187797546387,,
55800,5.895243167877197,0.05,-10.6253023147583,,
55850,2.4994685649871826,0.05,-9.662384986877441,,
55900,9.780328750610352,0.05,-10.566451072692871,,
55950,1.4136205911636353,0.05,-9.418816566467285,,
56000,4.946693420410156,0.05,-10.183415412902832,,
56050,3.2620012760162354,0.05,-10.475250244140625,,
56100,5.402246475219727,0.05,-10.771846771240234,,
56150,6.807826519012451,0.05,-10.718247413635254,,
56200,6.356094837188721,0.05,-9.745810508728027,,
56250,10.75669002532959,0.05,-11.423659324645996,,
56300,5.853094100952148,0.05,-11.184806823730469,,
56350,8.770109176635742,0.05,-12.775959014892578,,
56400,9.805402755737305,0.05,-9.286221504211426,,
56450,5.318359851837158,0.05,-9.576311111450195,,
56500,1.3487759828567505,0.05,-11.28366756439209,,
56550,7.971540451049805,0.05,-10.132582664489746,,
56600,7.709827423095703,0.05,-11.42286205291748,,
56650,1.891942024230957,0.05,-10.02729320526123,,
56700,10.828057289123535,0.05,-10.484513282775879,,
56750,3.677868127822876,0.05,-11.417326927185059,,
56800,4.9363179206848145,0.05,-11.537428855895996,,
56850,7.6609787940979,0.05,-10.374224662780762,,
56900,5.337003231048584,0.05,-9.819646835327148,,
56950,1.4006547927856445,0.05,-9.726637840270996,,
57000,2.46832013130188,0.05,-10.201190948486328,,
57050,3.084322929382324,0.05,-10.69446086883545,,
57100,4.198458671569824,0.05,-10.19592571258545,,
57150,4.499709606170654,0.05,-10.586440086364746,,
57200,5.019932746887207,0.05,-9.546435356140137,,
57250,8.096760749816895,0.05,-10.118597030639648,,
57300,14.4318208694458,0.05,-10.174697875976562,,
57350,2.3753626346588135,0.05,-10.981608390808105,,
57400,5.632666110992432,0.05,-9.545756340026855,,
57450,2.6236464977264404,0.05,-8.589275360107422,,
57500,1.92848539352417,0.05,-9.4281005859375,,
57550,10.535304069519043,0.05,-10.201844215393066,,
57600,6.4570488929748535,0.05,-9.627906799316406,,
57650,6.419422626495361,0.05,-9.48058032989502,,
57700,2.9981746673583984,0.05,-11.15082836151123,,
57750,4.78023624420166,0.05,-10.95984172821045,,
57800,12.537731170654297,0.05,-9.804642677307129,,
57850,12.4462251663208,0.05,-9.943778991699219,,
57900,6.285434246063232,0.05,-10.256957054138184,,
57950,2.0334558486938477,0.05,-9.088519096374512,,
58000,5.048746585845947,0.05,-9.682657241821289,,
58050,4.332581996917725,0.05,-9.658242225646973,,
58100,14.888707160949707,0.05,-10.7845458984375,,
58150,3.278808832168579,0.05,-10.452591896057129,,
58200,11.56088924407959,0.05,-9.412543296813965,,
58250,3.0072686672210693,0.05,-9.936382293701172,,
58300,2.0830867290496826,0.05,-8.64002799987793,,
58350,7.210336208343506,0.05,-8.840697288513184,,
58400,6.5681915283203125,0.05,-9.245604515075684,,
58450,4.716187477111816,0.05,-9.309725761413574,,
58500,4.761831760406494,0.05,-9.65523624420166,,
58550,6.0006842613220215,0.05,-10.10715389251709,,
58600,5.206186771392822,0.05,-10.219388008117676,,
58650,6.9070563316345215,0.05,-9.426108360290527,,
58700,3.612057685852051,0.05,-9.237817764282227,,
58750,8.038386344909668,0.05,-9.197818756103516,,
58800,8.98583984375,0.05,-10.813733100891113,,
58850,4.044191837310791,0.05,-9.457361221313477,,
58900,3.2937891483306885,0.05,-10.344243049621582,,
58950,2.323895215988159,0.05,-9.479911804199219,,
59000,3.1186351776123047,0.05,-10.560240745544434,,
59050,9.352896690368652,0.05,-9.70851993560791,,
59100,1.1714491844177246,0.05,-10.031956672668457,,
59150,2.6996994018554688,0.05,-9.654065132141113,,
59200,5.573733806610107,0.05,-10.116965293884277,,
59250,7.88710355758667,0.05,-9.328186988830566,,
59300,2.5121099948883057,0.05,-10.726371765136719,,
59350,0.5357133746147156,0.05,-9.151360511779785,,
59400,5.453855514526367,0.05,-10.035832405090332,,
59450,5.90508508682251,0.05,-10.111762046813965,,
59500,4.762925624847412,0.05,-9.572504997253418,,
59550,3.786001443862915,0.05,-10.7323579788208,,
59600,4.066509246826172,0.05,-10.156378746032715,,
59650,1.7790979146957397,0.05,-9.989691734313965,,
59700,3.852619171142578,0.05,-9.277310371398926,,
59750,12.803805351257324,0.05,-9.74457836151123,,
59800,4.50726842880249,0.05,-10.512653350830078,,
59850,1.0422595739364624,0.05,-9.822400093078613,,
59900,2.257452964782715,0.05,-10.737312316894531,,
59950,4.4668755531311035,0.05,-9.714583396911621,,
60000,4.143798828125,0.05,-10.68686580657959,,
60050,4.386131763458252,0.05,-10.54163646697998,,
60100,2.297823667526245,0.05,-10.940879821777344,,
60150,8.729813575744629,0.05,-10.965807914733887,,
60200,3.3213837146759033,0.05,-10.247882843017578,,
60250,9.37256908416748,0.05,-10.888619422912598,,
60300,1.400514006614685,0.05,-11.790083885192871,,
60350,4.619731903076172,0.05,-11.318751335144043,,
60400,2.950859308242798,0.05,-12.17298412322998,,
60450,3.1431782245635986,0.05,-11.33925724029541,,
60500,3.4629247188568115,0.05,-10.346358299255371,,
60550,4.788973331451416,0.05,-10.43135929107666,,
60600,8.952075958251953,0.05,-9.771245002746582,,
60650,2.4294819831848145,0.05,-10.837323188781738,,
60700,1.0546196699142456,0.05,-9.423569679260254,,
60750,5.1579270362854,0.05,-9.81797981262207,,
60800,1.5490492582321167,0.05,-8.544926643371582,,
60850,8.50060749053955,0.05,-10.28092098236084,,
60900,6.4644951820373535,0.05,-10.320711135864258,,
60950,2.6701109409332275,0.05,-11.719565391540527,,
61000,3.361579179763794,0.05,-10.716983795166016,,
61050,5.544040679931641,0.05,-11.674166679382324,,
61100,12.049603462219238,0.05,-9.954802513122559,,
61150,2.9052236080169678,0.05,-10.094715118408203,,
61200,10.299603462219238,0.05,-10.715481758117676,,
61250,4.954450607299805,0.05,-11.468098640441895,,
61300,6.644378185272217,0.05,-10.152174949645996,,
61350,2.5945394039154053,0.05,-9.707043647766113,,
61400,7.475763320922852,0.05,-11.044215202331543,,
61450,2.735208511352539,0.05,-9.552919387817383,,
61500,2.010209321975708,0.05,-9.527851104736328,,
61550,3.1408112049102783,0.05,-9.970044136047363,,
61600,10.70363712310791,0.05,-11.03267765045166,,
61650,7.222469806671143,0.05,-12.2471284866333,,
61700,5.253315448760986,0.05,-10.039610862731934,,
61750,1.9441766738891602,0.05,-11.068833351135254,,
61800,1.469130039215088,0.05,-10.391242980957031,,
61850,7.519359588623047,0.05,-9.525416374206543,,
61900,12.274378776550293,0.05,-11.1243257522583,,
61950,14.642047882080078,0.05,-12.02188777923584,,
62000,1.8373702764511108,0.05,-9.727621078491211,,
62050,3.7726943492889404,0.05,-10.812438011169434,,
62100,2.575320243835449,0.05,-10.692882537841797,,
62150,9.455581665039062,0.05,-10.322394371032715,,
62200,9.571549415588379,0.05,-9.990565299987793,,
62250,3.8174803256988525,0.05,-11.118202209472656,,
62300,1.6404317617416382,0.05,-9.852330207824707,,
62350,4.5603814125061035,0.05,-10.497391700744629,,
62400,2.354288339614868,0.05,-11.459223747253418,,
62450,7.392477035522461,0.05,-10.268680572509766,,
62500,3.060838460922241,0.05,-10.408767700195312,,
62550,5.7056660652160645,0.05,-11.425108909606934,,
62600,8.6716947555542,0.05,-10.310375213623047,,
62650,7.88783073425293,0.05,-10.766056060791016,,
62700,2.5444767475128174,0.05,-12.464409828186035,,
62750,6.6214447021484375,0.05,-9.526628494262695,,
62800,1.8074899911880493,0.05,-9.810103416442871,,
62850,1.4493513107299805,0.05,-8.566200256347656,,
62900,1.9622849225997925,0.05,-9.704792976379395,,
62950,10.388798713684082,0.05,-10.99954891204834,,
63000,4.387973785400391,0.05,-11.466224670410156,,
63050,5.665428638458252,0.05,-10.73315143585205,,
63100,9.283485412597656,0.05,-9.015822410583496,,
63150,2.0103209018707275,0.05,-10.057290077209473,,
63200,3.243204355239868,0.05,-10.705578804016113,,
63250,2.736284017562866,0.05,-9.920829772949219,,
63300,5.356842041015625,0.05,-10.63784408569336,,
63350,6.687922954559326,0.05,-9.628478050231934,,
63400,3.6427958011627197,0.05,-9.661852836608887,,
63450,1.627524971961975,0.05,-11.15085220336914,,
63500,8.7381010055542,0.05,-9.977290153503418,,
63550,14.233642578125,0.05,-11.464493751525879,,
63600,3.73748517036438,0.05,-10.210193634033203,,
63650,15.719313621520996,0.05,-10.69356918334961,,
63700,3.5280649662017822,0.05,-10.368672370910645,,
63750,1.0916930437088013,0.05,-11.773858070373535,,
63800,5.1446614265441895,0.05,-10.356666564941406,,
63850,15.032158851623535,0.05,-10.349270820617676,,
63900,10.01226806640625,0.05,-11.25426197052002,,
63950,9.55136489868164,0.05,-12.567301750183105,,
64000,8.573493003845215,0.05,-11.836445808410645,,
64050,2.4111196994781494,0.05,-11.062660217285156,,
64100,11.787858009338379,0.05,-10.931479454040527,,
64150,10.923481941223145,0.05,-10.855393409729004,,
64200,6.496103763580322,0.05,-10.531233787536621,,
64250,5.616095066070557,0.05,-10.164910316467285,,
64300,10.430508613586426,0.05,-10.103238105773926,,
64350,3.6764323711395264,0.05,-11.370243072509766,,
64400,5.079041004180908,0.05,-9.245843887329102,,
64450,2.0364105701446533,0.05,-10.819323539733887,,
64500,1.52313232421875,0.05,-9.90027904510498,,
64550,1.4423022270202637,0.05,-10.639482498168945,,
64600,10.584057807922363,0.05,-12.516998291015625,,
64650,3.781550407409668,0.05,-10.28342342376709,,
64700,4.766443729400635,0.05,-11.4083833694458,,
64750,4.5552263259887695,0.05,-10.06256103515625,,
64800,3.121920585632324,0.05,-10.694670677185059,,
64850,1.9182265996932983,0.05,-10.53248119354248,,
64900,0.6788920760154724,0.05,-11.109435081481934,,
64950,2.7035398483276367,0.05,-12.327118873596191,,
65000,7.9194207191467285,0.05,-10.8776216506958,,
65050,3.805377244949341,0.05,-9.475730895996094,,
65100,9.140803337097168,0.05,-10.248551368713379,,
65150,2.3951575756073,0.05,-11.167508125305176,,
65200,4.847214221954346,0.05,-9.871330261230469,,
65250,2.851294755935669,0.05,-10.483126640319824,,
65300,13.035174369812012,0.05,-11.429179191589355,,
65350,2.953134775161743,0.05,-10.197863578796387,,
65400,5.730254650115967,0.05,-10.735135078430176,,
65450,3.4558522701263428,0.05,-10.246231079101562,,
65500,6.477257251739502,0.05,-10.744729042053223,,
65550,7.869146823883057,0.05,-11.795283317565918,,
65600,8.26829719543457,0.05,-10.32393741607666,,
65650,9.084383964538574,0.05,-10.48590087890625,,
65700,3.390115737915039,0.05,-10.040897369384766,,
65750,1.4434977769851685,0.05,-10.545710563659668,,
65800,0.9183047413825989,0.05,-11.689314842224121,,
65850,3.834437370300293,0.05,-10.149344444274902,,
65900,1.685848355293274,0.05,-9.348939895629883,,
65950,8.362811088562012,0.05,-11.1087064743042,,
66000,9.670401573181152,0.05,-11.497710227966309,,
66050,4.204447269439697,0.05,-9.683433532714844,,
66100,6.6316375732421875,0.05,-10.9180326461792,,
66150,9.933387756347656,0.05,-10.857036590576172,,
66200,2.4794869422912598,0.05,-10.18328857421875,,
66250,8.182408332824707,0.05,-9.48185920715332,,
66300,7.391739368438721,0.05,-12.50892162322998,,
66350,8.936555862426758,0.05,-11.998055458068848,,
66400,6.527589321136475,0.05,-10.890963554382324,,
66450,8.667820930480957,0.05,-11.710742950439453,,
66500,4.988723278045654,0.05,-12.7330322265625,,
66550,6.987361907958984,0.05,-11.502132415771484,,
66600,6.465839385986328,0.05,-13.39277172088623,,
66650,1.7348179817199707,0.05,-10.466262817382812,,
66700,2.637883424758911,0.05,-11.009674072265625,,
66750,8.288890838623047,0.05,-11.493633270263672,,
66800,7.775461673736572,0.05,-10.274069786071777,,
66850,12.022194862365723,0.05,-12.30005931854248,,
66900,2.2025017738342285,0.05,-10.664422035217285,,
66950,1.807871699333191,0.05,-10.94815444946289,,
67000,7.393100738525391,0.05,-10.567859649658203,,
67050,1.8205534219741821,0.05,-10.7162504196167,,
67100,6.182239055633545,0.05,-11.098271369934082,,
67150,6.257191181182861,0.05,-9.412466049194336,,
67200,11.07642650604248,0.05,-11.42111587524414,,
67250,4.365335464477539,0.05,-11.785694122314453,,
67300,5.725565433502197,0.05,-10.821619987487793,,
67350,5.998449802398682,0.05,-11.39599323272705,,
67400,5.046091556549072,0.05,-10.703030586242676,,
67450,17.02640151977539,0.05,-12.585597038269043,,
67500,2.226895570755005,0.05,-9.140762329101562,,
67550,10.424039840698242,0.05,-11.51055908203125,,
67600,19.600048065185547,0.05,-11.445446968078613,,
67650,19.746397018432617,0.05,-11.51138973236084,,
67700,7.771914958953857,0.05,-11.145298957824707,,
67750,8.325454711914062,0.05,-11.900328636169434,,
67800,8.26707935333252,0.05,-13.025043487548828,,
67850,8.85805606842041,0.05,-10.880367279052734,,
67900,9.188130378723145,0.05,-12.300899505615234,,
67950,3.754690170288086,0.05,-10.658806800842285,,
68000,15.46666431427002,0.05,-11.876574516296387,,
68050,7.113295078277588,0.05,-10.595355033874512,,
68100,13.423857688903809,0.05,-11.626761436462402,,
68150,9.716893196105957,0.05,-10.294760704040527,,
68200,19.459749221801758,0.05,-11.01543140411377,,
68250,5.954607009887695,0.05,-10.728824615478516,,
68300,11.821080207824707,0.05,-12.487744331359863,,
68350,11.055745124816895,0.05,-11.176715850830078,,
68400,4.768496990203857,0.05,-11.683802604675293,,
68450,3.3967742919921875,0.05,-10.344799995422363,,
68500,3.1664016246795654,0.05,-12.265885353088379,,
68550,15.13640308380127,0.05,-10.992507934570312,,
68600,10.626200675964355,0.05,-10.753315925598145,,
68650,16.623872756958008,0.05,-11.652478218078613,,
68700,7.274957656860352,0.05,-9.68153190612793,,
68750,23.566713333129883,0.05,-11.246452331542969,,
68800,27.212297439575195,0.05,-11.578505516052246,,
68850,7.610445499420166,0.05,-11.235581398010254,,
68900,0.658245861530304,0.05,-10.173752784729004,,
68950,9.683903694152832,0.05,-10.8739013671875,,
69000,3.0002195835113525,0.05,-10.463332176208496,,
69050,6.547146320343018,0.05,-11.470683097839355,,
69100,4.17503023147583,0.05,-8.690650939941406,,
69150,22.361047744750977,0.05,-13.557830810546875,,
69200,1.9062772989273071,0.05,-11.17752742767334,,
69250,27.34429359436035,0.05,-11.29522705078125,,
69300,5.087690830230713,0.05,-11.880383491516113,,
69350,5.759794235229492,0.05,-12.182975769042969,,
69400,3.7774035930633545,0.05,-10.622879981994629,,
69450,5.468760013580322,0.05,-11.179615020751953,,
69500,4.067012786865234,0.05,-11.875779151916504,,
69550,17.068063735961914,0.05,-9.964584350585938,,
69600,5.8287034034729,0.05,-10.27983570098877,,
69650,2.9107306003570557,0.05,-12.075308799743652,,
69700,2.970961332321167,0.05,-11.30898380279541,,
69750,9.635481834411621,0.05,-11.126261711120605,,
69800,7.7573561668396,0.05,-11.510981559753418,,
69850,5.396826267242432,0.05,-12.315943717956543,,
69900,13.385623931884766,0.05,-12.569684028625488,,
69950,4.3310089111328125,0.05,-11.911624908447266,,
70000,6.677802562713623,0.05,-11.439273834228516,,
70050,0.8776254057884216,0.05,-10.572726249694824,,
70100,4.015568256378174,0.05,-12.772778511047363,,
70150,2.3626935482025146,0.05,-10.230493545532227,,
70200,0.9978629946708679,0.05,-11.303519248962402,,
70250,7.833557605743408,0.05,-11.044781684875488,,
70300,9.10386848449707,0.05,-11.50811767578125,,
70350,4.196134090423584,0.05,-9.588339805603027,,
70400,12.360947608947754,0.05,-11.742749214172363,,
70450,9.04028034210205,0.05,-11.233733177185059,,
70500,3.525009870529175,0.05,-10.799988746643066,,
70550,11.961235046386719,0.05,-11.816922187805176,,
70600,2.2591726779937744,0.05,-10.19017505645752,,
70650,8.697466850280762,0.05,-10.9699125289917,,
70700,10.943988800048828,0.05,-10.974568367004395,,
70750,7.567391872406006,0.05,-10.94968318939209,,
70800,2.5868170261383057,0.05,-10.825091361999512,,
70850,1.3932808637619019,0.05,-10.666525840759277,,
70900,2.7053234577178955,0.05,-10.012967109680176,,
70950,6.151559352874756,0.05,-11.579178810119629,,
71000,4.03157377243042,0.05,-11.14365291595459,,
71050,6.06697416305542,0.05,-10.523211479187012,,
71100,4.980151176452637,0.05,-11.103251457214355,,
71150,1.2597090005874634,0.05,-9.419748306274414,,
71200,8.943140983581543,0.05,-10.35501766204834,,
71250,7.768265247344971,0.05,-10.494122505187988,,
71300,10.754775047302246,0.05,-11.5513334274292,,
71350,1.0852718353271484,0.05,-11.259075164794922,,
71400,16.546485900878906,0.05,-10.743123054504395,,
71450,4.47695779800415,0.05,-9.187480926513672,,
71500,9.480456352233887,0.05,-9.884833335876465,,
71550,2.2443907260894775,0.05,-9.910956382751465,,
71600,3.234419822692871,0.05,-11.375014305114746,,
71650,1.8358196020126343,0.05,-10.237494468688965,,
71700,0.3654285669326782,0.05,-9.675948143005371,,
71750,5.568710803985596,0.05,-10.897296905517578,,
71800,11.935436248779297,0.05,-10.82903003692627,,
71850,2.8936853408813477,0.05,-10.494991302490234,,
71900,9.474385261535645,0.05,-10.31389331817627,,
71950,7.980354309082031,0.05,-10.064532279968262,,
72000,5.555183410644531,0.05,-9.889874458312988,,
72050,9.47287654876709,0.05,-11.259295463562012,,
72100,2.3557426929473877,0.05,-9.276521682739258,,
72150,0.9954296946525574,0.05,-10.7962064743042,,
72200,5.878477573394775,0.05,-9.144783973693848,,
72250,1.7670940160751343,0.05,-10.280817985534668,,
72300,8.051244735717773,0.05,-9.16015338897705,,
72350,0.8731340765953064,0.05,-11.339972496032715,,
72400,5.462137222290039,0.05,-10.131787300109863,,
72450,2.8331592082977295,0.05,-10.177458763122559,,
72500,5.217171669006348,0.05,-9.302924156188965,,
72550,4.684826374053955,0.05,-11.915618896484375,,
72600,5.322409152984619,0.05,-9.015327453613281,,
72650,13.197728157043457,0.05,-11.12524700164795,,
72700,2.684870958328247,0.05,-10.667350769042969,,
72750,7.330572128295898,0.05,-11.146479606628418,,
72800,5.224541664123535,0.05,-11.50393009185791,,
72850,15.259117126464844,0.05,-11.400227546691895,,
72900,7.172342777252197,0.05,-9.574919700622559,,
72950,3.6089065074920654,0.05,-9.62370777130127,,
73000,3.1693058013916016,0.05,-10.680220603942871,,
73050,5.367081165313721,0.05,-9.4415864944458,,
73100,0.22775529325008392,0.05,-10.25232982635498,,
73150,0.9145708084106445,0.05,-9.313583374023438,,
73200,4.553524494171143,0.05,-9.89322566986084,,
73250,10.519587516784668,0.05,-9.54062557220459,,
73300,6.453996658325195,0.05,-11.213568687438965,,
73350,4.443291187286377,0.05,-10.348469734191895,,
73400,6.00274658203125,0.05,-11.90561580657959,,
73450,13.345879554748535,0.05,-10.496408462524414,,
73500,2.7565929889678955,0.05,-11.699992179870605,,
73550,4.826801776885986,0.05,-10.612086296081543,,
73600,0.7179687023162842,0.05,-10.821131706237793,,
73650,7.140052318572998,0.05,-10.83590030670166,,
73700,0.7808906435966492,0.05,-9.789580345153809,,
73750,1.3054598569869995,0.05,-9.76998233795166,,
73800,13.881366729736328,0.05,-11.546582221984863,,
73850,2.2223875522613525,0.05,-10.674140930175781,,
73900,4.065790176391602,0.05,-11.812015533447266,,
73950,5.53234338760376,0.05,-11.008727073669434,,
74000,1.6210445165634155,0.05,-10.492772102355957,,
74050,3.6676604747772217,0.05,-11.174559593200684,,
74100,4.264980316162109,0.05,-9.272181510925293,,
74150,1.5102062225341797,0.05,-9.667183876037598,,
74200,4.77072286605835,0.05,-10.406355857849121,,
74250,9.394892692565918,0.05,-11.60933780670166,,
74300,3.8215863704681396,0.05,-11.241974830627441,,
74350,14.118155479431152,0.05,-9.981405258178711,,
74400,13.331757545471191,0.05,-9.989594459533691,,
74450,4.274264812469482,0.05,-10.561049461364746,,
74500,5.034091949462891,0.05,-10.142388343811035,,
74550,3.4879963397979736,0.05,-8.984549522399902,,
74600,3.34220814704895,0.05,-10.339193344116211,,
74650,2.6224043369293213,0.05,-10.08203125,,
74700,10.14465618133545,0.05,-11.529976844787598,,
74750,3.7784833908081055,0.05,-10.975570678710938,,
74800,4.357987880706787,0.05,-12.65246868133545,,
74850,1.8641809225082397,0.05,-10.940306663513184,,
74900,1.5166935920715332,0.05,-10.757320404052734,,
74950,18.412446975708008,0.05,-11.001590728759766,,
75000,7.474040985107422,0.05,-10.247529029846191,-0.9890813713588261,48.399999999999984
75050,4.383204936981201,0.05,-10.95699405670166,,
75100,2.308476209640503,0.05,-10.727917671203613,,
75150,7.404172420501709,0.05,-10.277055740356445,,
75200,1.7052087783813477,0.05,-9.296943664550781,,
75250,10.186522483825684,0.05,-10.21484661102295,,
75300,3.888946294784546,0.05,-9.986100196838379,,
75350,11.020730018615723,0.05,-10.704798698425293,,
75400,3.958153009414673,0.05,-10.514119148254395,,
75450,0.7322688698768616,0.05,-10.015629768371582,,
75500,10.430152893066406,0.05,-11.553657531738281,,
75550,5.107584476470947,0.05,-9.167157173156738,,
75600,4.99522066116333,0.05,-10.248462677001953,,
75650,4.185220718383789,0.05,-9.544011116027832,,
75700,1.0009852647781372,0.05,-10.650070190429688,,
75750,12.34821605682373,0.05,-10.71153736114502,,
75800,4.149160385131836,0.05,-10.169532775878906,,
75850,9.183303833007812,0.05,-9.944911003112793,,
75900,5.6256327629089355,0.05,-9.495619773864746,,
75950,4.42944860458374,0.05,-9.694828033447266,,
76000,6.423091411590576,0.05,-11.211018562316895,,
76050,10.259297370910645,0.05,-10.848368644714355,,
76100,10.060891151428223,0.05,-11.214529991149902,,
76150,1.1036460399627686,0.05,-8.12545394897461,,
76200,4.046543121337891,0.05,-9.594727516174316,,
76250,4.415647983551025,0.05,-8.658419609069824,,
76300,3.283742666244507,0.05,-11.915257453918457,,
76350,1.7713441848754883,0.05,-9.706441879272461,,
76400,3.8588106632232666,0.05,-11.46562671661377,,
76450,7.040256500244141,0.05,-8.328850746154785,,
76500,7.062908172607422,0.05,-10.189597129821777,,
76550,1.1114015579223633,0.05,-10.056426048278809,,
76600,10.027060508728027,0.05,-9.819819450378418,,
76650,10.003861427307129,0.05,-9.861344337463379,,
76700,5.1206793785095215,0.05,-9.630295753479004,,
76750,7.678844451904297,0.05,-10.412772178649902,,
76800,7.218381404876709,0.05,-9.323281288146973,,
76850,4.479238510131836,0.05,-10.223949432373047,,
76900,21.57244300842285,0.05,-11.42143726348877,,
76950,10.147767066955566,0.05,-10.6135892868042,,
77000,3.085676908493042,0.05,-9.76720905303955,,
77050,9.562567710876465,0.05,-10.435757637023926,,
77100,1.8257980346679688,0.05,-10.019085884094238,,
77150,10.489279747009277,0.05,-9.795247077941895,,
77200,3.0160388946533203,0.05,-9.786713600158691,,
77250,1.3513373136520386,0.05,-9.752446174621582,,
77300,10.722105979919434,0.05,-9.994098663330078,,
77350,1.2186065912246704,0.05,-9.26529598236084,,
77400,9.130602836608887,0.05,-9.297148704528809,,
77450,1.6318092346191406,0.05,-10.080431938171387,,
77500,6.012771129608154,0.05,-9.689818382263184,,
77550,18.9527587890625,0.05,-9.86449909210205,,
77600,10.412524223327637,0.05,-11.070850372314453,,
77650,7.293273448944092,0.05,-9.98106861114502,,
77700,16.0172176361084,0.05,-10.513586044311523,,
77750,0.5142266750335693,0.05,-9.325776100158691,,
77800,3.4944565296173096,0.05,-10.023727416992188,,
77850,2.7889137268066406,0.05,-8.855109214782715,,
77900,12.251251220703125,0.05,-10.815776824951172,,
77950,3.845024824142456,0.05,-9.485401153564453,,
78000,14.58324146270752,0.05,-11.573376655578613,,
78050,5.067368030548096,0.05,-9.12901782989502,,
78100,5.522019863128662,0.05,-10.422526359558105,,
78150,6.964278697967529,0.05,-9.098832130432129,,
78200,7.950693607330322,0.05,-8.979851722717285,,
78250,6.3792548179626465,0.05,-9.781311988830566,,
78300,9.746481895446777,0.05,-9.348370552062988,,
78350,7.6344075202941895,0.05,-10.159846305847168,,
78400,3.4299561977386475,0.05,-8.976670265197754,,
78450,3.4537394046783447,0.05,-9.169602394104004,,
78500,7.850214004516602,0.05,-8.66451358795166,,
78550,16.571002960205078,0.05,-11.991969108581543,,
78600,6.47308874130249,0.05,-10.461946487426758,,
78650,8.707759857177734,0.05,-10.42905330657959,,
78700,19.6554012298584,0.05,-10.916838645935059,,
78750,6.596741199493408,0.05,-11.29995346069336,,
78800,7.352785110473633,0.05,-11.564995765686035,,
78850,3.2746083736419678,0.05,-9.747424125671387,,
78900,19.1887264251709,0.05,-10.033879280090332,,
78950,8.023418426513672,0.05,-8.917259216308594,,
79000,5.094942569732666,0.05,-9.37430191040039,,
79050,3.0033082962036133,0.05,-9.004313468933105,,
79100,1.9494932889938354,0.05,-10.119791984558105,,
79150,1.6146248579025269,0.05,-10.159807205200195,,
79200,20.907014846801758,0.05,-10.784932136535645,,
79250,3.008815050125122,0.05,-9.478299140930176,,
79300,12.602707862854004,0.05,-9.83726978302002,,
79350,5.275522232055664,0.05,-9.6389799118042,,
79400,16.03736686706543,0.05,-10.28548812866211,,
79450,4.886359691619873,0.05,-9.516490936279297,,
79500,0.9995864033699036,0.05,-8.571269035339355,,
79550,2.516807794570923,0.05,-9.584479331970215,,
79600,10.452167510986328,0.05,-9.765837669372559,,
79650,6.656394958496094,0.05,-10.111788749694824,,
79700,0.38319945335388184,0.05,-8.890765190124512,,
79750,3.362072229385376,0.05,-10.493000984191895,,
79800,4.920990467071533,0.05,-9.313187599182129,,
79850,9.785567283630371,0.05,-10.291295051574707,,
79900,5.374024868011475,0.05,-10.193284034729004,,
79950,4.027995586395264,0.05,-9.478705406188965,,
80000,3.0913302898406982,0.05,-10.25740909576416,,
80050,8.843209266662598,0.05,-10.820189476013184,,
80100,3.104917526245117,0.05,-10.001677513122559,,
80150,6.818094730377197,0.05,-10.844844818115234,,
80200,2.702737808227539,0.05,-8.651826858520508,,
80250,4.635840892791748,0.05,-9.222565650939941,,
80300,8.74940299987793,0.05,-11.291220664978027,,
80350,5.08625602722168,0.05,-10.689434051513672,,
80400,21.827852249145508,0.05,-11.073680877685547,,
80450,0.8680489659309387,0.05,-9.974637031555176,,
80500,3.4395713806152344,0.05,-9.922704696655273,,
80550,14.020679473876953,0.05,-11.390400886535645,,
80600,6.643982410430908,0.05,-8.631590843200684,,
80650,2.3794829845428467,0.05,-11.067447662353516,,
80700,5.9214019775390625,0.05,-9.445036888122559,,
80750,3.498349189758301,0.05,-9.38437271118164,,
80800,1.7468057870864868,0.05,-9.811829566955566,,
80850,9.207279205322266,0.05,-10.319855690002441,,
80900,0.6173588633537292,0.05,-9.613566398620605,,
80950,5.570186138153076,0.05,-11.083296775817871,,
81000,9.788663864135742,0.05,-11.234240531921387,,
81050,10.234513282775879,0.05,-10.41982650756836,,
81100,1.2983797788619995,0.05,-9.882783889770508,,
81150,0.6383383274078369,0.05,-10.129679679870605,,
81200,5.887561798095703,0.05,-10.169801712036133,,
81250,13.078970909118652,0.05,-11.068428039550781,,
81300,0.7239818572998047,0.05,-9.132802963256836,,
81350,27.64641571044922,0.05,-13.068561553955078,,
81400,4.369572162628174,0.05,-9.672030448913574,,
81450,11.008316993713379,0.05,-9.285432815551758,,
81500,8.031820297241211,0.05,-11.339245796203613,,
81550,6.545869827270508,0.05,-10.19745922088623,,
81600,9.262529373168945,0.05,-10.304286003112793,,
81650,11.445812225341797,0.05,-10.507308959960938,,
81700,11.978278160095215,0.05,-10.596020698547363,,
81750,11.694740295410156,0.05,-9.853731155395508,,
81800,23.66425323486328,0.05,-11.260472297668457,,
81850,5.892114162445068,0.05,-11.475631713867188,,
81900,21.879364013671875,0.05,-11.339144706726074,,
81950,2.2507131099700928,0.05,-10.005444526672363,,
82000,3.4394426345825195,0.05,-10.499798774719238,,
82050,13.99268627166748,0.05,-10.947250366210938,,
82100,10.328391075134277,0.05,-9.003796577453613,,
82150,7.57046365737915,0.05,-10.29019832611084,,
82200,13.399611473083496,0.05,-11.211915016174316,,
82250,11.864972114562988,0.05,-8.479813575744629,,
82300,3.5398709774017334,0.05,-10.464517593383789,,
82350,18.125511169433594,0.05,-9.712849617004395,,
82400,1.440287470817566,0.05,-9.941213607788086,,
82450,10.878955841064453,0.05,-11.985644340515137,,
82500,9.561020851135254,0.05,-10.32408618927002,,
82550,13.334907531738281,0.05,-8.907266616821289,,
82600,9.757668495178223,0.05,-10.687548637390137,,
82650,12.990527153015137,0.05,-9.885711669921875,,
82700,16.747156143188477,0.05,-11.49111270904541,,
82750,1.588181495666504,0.05,-9.940145492553711,,
82800,7.437330722808838,0.05,-9.8864164352417,,
82850,20.47056770324707,0.05,-11.625076293945312,,
82900,6.666711330413818,0.05,-9.447955131530762,,
82950,3.266145706176758,0.05,-9.701629638671875,,
83000,16.99298667907715,0.05,-10.425372123718262,,
83050,4.886404037475586,0.05,-10.709040641784668,,
83100,3.654175043106079,0.05,-10.948917388916016,,
83150,9.319681167602539,0.05,-11.4634370803833,,
83200,16.702043533325195,0.05,-10.984728813171387,,
83250,6.091599941253662,0.05,-9.92258358001709,,
83300,3.7707736492156982,0.05,-9.360251426696777,,
83350,10.41857624053955,0.05,-10.490213394165039,,
83400,3.3712055683135986,0.05,-10.125880241394043,,
83450,19.509389877319336,0.05,-10.591201782226562,,
83500,14.204573631286621,0.05,-10.027745246887207,,
83550,24.20197105407715,0.05,-10.081915855407715,,
83600,3.9879257678985596,0.05,-9.283561706542969,,
83650,3.6890437602996826,0.05,-11.606867790222168,,
83700,5.3249053955078125,0.05,-10.202981948852539,,
83750,7.996037006378174,0.05,-9.95340633392334,,
83800,8.133968353271484,0.05,-10.226539611816406,,
83850,1.2105941772460938,0.05,-9.926217079162598,,
83900,0.5554745197296143,0.05,-9.993919372558594,,
83950,5.6285319328308105,0.05,-10.739705085754395,,
84000,0.41479119658470154,0.05,-8.537353515625,,
84050,1.4666770696640015,0.05,-9.319721221923828,,
84100,2.7579803466796875,0.05,-9.814906120300293,,
84150,6.410563945770264,0.05,-9.254538536071777,,
84200,18.58001136779785,0.05,-10.26611042022705,,
84250,8.436198234558105,0.05,-9.800491333007812,,
84300,5.171112060546875,0.05,-8.428061485290527,,
84350,1.3310930728912354,0.05,-9.861795425415039,,
84400,4.699527740478516,0.05,-10.100224494934082,,
84450,21.644180297851562,0.05,-11.264691352844238,,
84500,4.688202857971191,0.05,-9.300117492675781,,
84550,4.971202373504639,0.05,-11.199942588806152,,
84600,10.464454650878906,0.05,-9.48374080657959,,
84650,5.491703033447266,0.05,-11.637043952941895,,
84700,3.4230194091796875,0.05,-9.460638046264648,,
84750,4.503310680389404,0.05,-10.341998100280762,,
84800,6.09426736831665,0.05,-11.064010620117188,,
84850,4.544564723968506,0.05,-10.107219696044922,,
84900,2.2311394214630127,0.05,-8.314726829528809,,
84950,1.8896631002426147,0.05,-9.102130889892578,,
85000,7.06758451461792,0.05,-9.788025856018066,,
85050,1.3652485609054565,0.05,-8.862957954406738,,
85100,2.6727454662323,0.05,-9.798144340515137,,
85150,2.4804885387420654,0.05,-9.522063255310059,,
85200,13.31493854522705,0.05,-9.27076244354248,,
85250,1.9479293823242188,0.05,-10.291961669921875,,
85300,1.1797748804092407,0.05,-9.78298282623291,,
85350,7.807168483734131,0.05,-8.70821475982666,,
85400,9.657610893249512,0.05,-10.405951499938965,,
85450,4.410653591156006,0.05,-11.594693183898926,,
85500,3.519500970840454,0.05,-10.511820793151855,,
85550,3.803410291671753,0.05,-12.083489418029785,,
85600,11.2655611038208,0.05,-9.247352600097656,,
85650,4.463023662567139,0.05,-9.225259780883789,,
85700,9.847769737243652,0.05,-10.35164737701416,,
85750,1.374160885810852,0.05,-9.432449340820312,,
85800,4.1452202796936035,0.05,-9.941843032836914,,
85850,1.3021366596221924,0.05,-9.035998344421387,,
85900,9.067900657653809,0.05,-9.282968521118164,,
85950,7.133079528808594,0.05,-11.32977294921875,,
86000,12.054733276367188,0.05,-9.26697826385498,,
86050,1.9599436521530151,0.05,-8.993569374084473,,
86100,3.304018020629883,0.05,-10.36042308807373,,
86150,1.3444536924362183,0.05,-9.515604972839355,,
86200,4.1135053634643555,0.05,-10.50294017791748,,
86250,5.991464614868164,0.05,-9.601531028747559,,
86300,2.673757314682007,0.05,-9.205825805664062,,
86350,17.438180923461914,0.05,-10.579512596130371,,
86400,13.25390625,0.05,-9.792701721191406,,
86450,4.368864059448242,0.05,-8.989750862121582,,
86500,7.603455066680908,0.05,-9.124125480651855,,
86550,6.334017276763916,0.05,-9.966580390930176,,
86600,0.7402918934822083,0.05,-10.004709243774414,,
86650,4.1211066246032715,0.05,-9.68164348602295,,
86700,3.2822067737579346,0.05,-10.138687133789062,,
86750,14.42041015625,0.05,-10.793270111083984,,
86800,2.4917144775390625,0.05,-10.034539222717285,,
86850,8.942912101745605,0.05,-9.624037742614746,,
86900,3.9745137691497803,0.05,-8.37982177734375,,
86950,6.546703338623047,0.05,-9.245365142822266,,
87000,4.988346099853516,0.05,-9.59632396697998,,
87050,8.109562873840332,0.05,-9.921036720275879,,
87100,6.9294915199279785,0.05,-10.007092475891113,,
87150,6.7027812004089355,0.05,-11.642598152160645,,
87200,1.160370945930481,0.05,-10.975762367248535,,
87250,6.761885166168213,0.05,-10.844405174255371,,
87300,7.287403106689453,0.05,-10.136809349060059,,
87350,5.456953525543213,0.05,-9.569310188293457,,
87400,0.5211911797523499,0.05,-9.687308311462402,,
87450,16.132661819458008,0.05,-10.117037773132324,,
87500,5.19158411026001,0.05,-9.788710594177246,,
87550,5.344030380249023,0.05,-10.542469024658203,,
87600,14.37667179107666,0.05,-11.887812614440918,,
87650,11.514021873474121,0.05,-10.76108169555664,,
87700,8.218424797058105,0.05,-9.101214408874512,,
87750,4.940430164337158,0.05,-10.808197021484375,,
87800,15.981350898742676,0.05,-11.466022491455078,,
87850,3.2946927547454834,0.05,-11.779178619384766,,
87900,4.3372673988342285,0.05,-11.568133354187012,,
87950,3.598290205001831,0.05,-10.560868263244629,,
88000,9.156614303588867,0.05,-10.656413078308105,,
88050,5.487672328948975,0.05,-10.740857124328613,,
88100,13.781411170959473,0.05,-10.73641300201416,,
88150,3.042238473892212,0.05,-9.858248710632324,,
88200,2.6668527126312256,0.05,-9.195253372192383,,
88250,6.694740295410156,0.05,-10.57537841796875,,
88300,7.618106842041016,0.05,-9.519783020019531,,
88350,14.003108024597168,0.05,-11.536133766174316,,
88400,9.891640663146973,0.05,-10.904589653015137,,
88450,5.558071613311768,0.05,-11.533833503723145,,
88500,7.989981174468994,0.05,-9.234813690185547,,
88550,4.709166049957275,0.05,-10.748427391052246,,
88600,4.706646919250488,0.05,-11.322234153747559,,
88650,4.6710381507873535,0.05,-9.70255184173584,,
88700,13.624214172363281,0.05,-10.006844520568848,,
88750,21.596084594726562,0.05,-10.216164588928223,,
88800,5.0442328453063965,0.05,-10.731776237487793,,
88850,5.347492694854736,0.05,-11.028404235839844,,
88900,12.379101753234863,0.05,-10.417503356933594,,
88950,7.721938610076904,0.05,-10.319123268127441,,
89000,4.7704243659973145,0.05,-11.561984062194824,,
89050,2.736551284790039,0.05,-9.781511306762695,,
89100,2.96687388420105,0.05,-10.682171821594238,,
89150,6.456186771392822,0.05,-11.559917449951172,,
89200,10.467284202575684,0.05,-10.533622741699219,,
89250,4.652740001678467,0.05,-10.671202659606934,,
89300,1.7539957761764526,0.05,-12.292529106140137,,
89350,16.627906799316406,0.05,-12.323455810546875,,
89400,12.848580360412598,0.05,-10.520903587341309,,
89450,4.922181606292725,0.05,-12.068968772888184,,
89500,2.7353217601776123,0.05,-10.186686515808105,,
89550,8.11060619354248,0.05,-11.078727722167969,,
89600,11.347786903381348,0.05,-10.64948558807373,,
89650,5.712605953216553,0.05,-10.858638763427734,,
89700,3.3778140544891357,0.05,-9.979072570800781,,
89750,2.530172824859619,0.05,-10.936187744140625,,
89800,6.481663227081299,0.05,-10.229517936706543,,
89850,5.559231281280518,0.05,-10.524012565612793,,
89900,6.070114612579346,0.05,-10.83226490020752,,
89950,8.01818561553955,0.05,-10.654891014099121,,
90000,10.905152320861816,0.05,-10.286765098571777,,
90050,3.200716257095337,0.05,-11.79550552368164,,
90100,4.3979973793029785,0.05,-11.359784126281738,,
90150,4.851954460144043,0.05,-10.249567985534668,,
90200,3.3746531009674072,0.05,-10.99183177947998,,
90250,1.7754415273666382,0.05,-10.587494850158691,,
90300,5.899044036865234,0.05,-10.52622127532959,,
90350,2.800612211227417,0.05,-10.6721830368042,,
90400,2.9907119274139404,0.05,-10.0258207321167,,
90450,1.6099351644515991,0.05,-10.886139869689941,,
90500,2.266005039215088,0.05,-11.05036449432373,,
90550,8.071670532226562,0.05,-11.259090423583984,,
90600,5.9155497550964355,0.05,-9.2765531539917,,
90650,4.323417663574219,0.05,-10.448874473571777,,
90700,5.445590972900391,0.05,-10.616291046142578,,
90750,4.36737060546875,0.05,-10.464484214782715,,
90800,5.844919681549072,0.05,-11.218170166015625,,
90850,7.313674449920654,0.05,-10.221598625183105,,
90900,12.377741813659668,0.05,-11.10672664642334,,
90950,2.483466386795044,0.05,-11.482845306396484,,
91000,8.02152156829834,0.05,-10.977867126464844,,
91050,1.7514533996582031,0.05,-10.701437950134277,,
91100,6.9779052734375,0.05,-9.756526947021484,,
91150,0.19285444915294647,0.05,-9.26137924194336,,
91200,3.288813591003418,0.05,-9.58952808380127,,
91250,5.579476833343506,0.05,-12.217841148376465,,
91300,0.5114375948905945,0.05,-11.174980163574219,,
91350,8.261375427246094,0.05,-11.073468208312988,,
91400,4.995907306671143,0.05,-9.956048011779785,,
91450,17.8809871673584,0.05,-10.880894660949707,,
91500,3.5477657318115234,0.05,-10.938252449035645,,
91550,2.330444097518921,0.05,-10.767354011535645,,
91600,3.2584896087646484,0.05,-10.5140380859375,,
91650,11.638333320617676,0.05,-10.889565467834473,,
91700,15.092856407165527,0.05,-11.382804870605469,,
91750,5.273575782775879,0.05,-10.618406295776367,,
91800,2.867966413497925,0.05,-10.5197172164917,,
91850,2.4070937633514404,0.05,-10.55362606048584,,
91900,6.033056259155273,0.05,-11.119685173034668,,
91950,5.114388942718506,0.05,-11.543571472167969,,
92000,5.510288238525391,0.05,-12.438393592834473,,
92050,10.382325172424316,0.05,-10.549659729003906,,
92100,5.221254348754883,0.05,-11.1809720993042,,
92150,8.445939064025879,0.05,-10.63170337677002,,
92200,2.4389989376068115,0.05,-10.798113822937012,,
92250,10.312287330627441,0.05,-8.397494316101074,,
92300,12.23034954071045,0.05,-9.650238037109375,,
92350,0.5684404969215393,0.05,-11.88360595703125,,
92400,4.175712585449219,0.05,-11.432156562805176,,
92450,1.0734302997589111,0.05,-10.10759449005127,,
92500,0.7470974922180176,0.05,-10.685620307922363,,
92550,10.494343757629395,0.05,-11.060540199279785,,
92600,3.4293015003204346,0.05,-9.87256908416748,,
92650,8.397384643554688,0.05,-10.882705688476562,,
92700,1.856515884399414,0.05,-10.440155982971191,,
92750,4.960878849029541,0.05,-11.638389587402344,,
92800,9.512551307678223,0.05,-10.209269523620605,,
92850,10.452614784240723,0.05,-9.541910171508789,,
92900,9.496356964111328,0.05,-12.604662895202637,,
92950,8.176360130310059,0.05,-11.679122924804688,,
93000,2.7313270568847656,0.05,-11.491314888000488,,
93050,6.765810012817383,0.05,-11.949685096740723,,
93100,0.41148459911346436,0.05,-9.713461875915527,,
93150,4.268365383148193,0.05,-10.919083595275879,,
93200,2.9946682453155518,0.05,-10.47905445098877,,
93250,6.08761739730835,0.05,-10.88609790802002,,
93300,28.1146240234375,0.05,-11.702812194824219,,
93350,6.7684102058410645,0.05,-11.039413452148438,,
93400,5.115627765655518,0.05,-11.467021942138672,,
93450,3.668105363845825,0.05,-11.210785865783691,,
93500,11.236441612243652,0.05,-11.431255340576172,,
93550,3.1331818103790283,0.05,-10.494986534118652,,
93600,9.062597274780273,0.05,-10.744818687438965,,
93650,5.957432270050049,0.05,-11.776351928710938,,
93700,3.568634033203125,0.05,-10.252567291259766,,
93750,16.7036190032959,0.05,-12.514243125915527,,
93800,4.416666030883789,0.05,-12.25586223602295,,
93850,14.995619773864746,0.05,-10.572938919067383,,
93900,7.647899150848389,0.05,-12.258845329284668,,
93950,8.01518726348877,0.05,-10.656755447387695,,
94000,14.49686050415039,0.05,-11.201693534851074,,
94050,4.135523796081543,0.05,-11.789619445800781,,
94100,7.118442535400391,0.05,-12.653765678405762,,
94150,4.738417625427246,0.05,-11.25678539276123,,
94200,4.308745861053467,0.05,-12.782658576965332,,
94250,23.205490112304688,0.05,-10.784932136535645,,
94300,2.100818157196045,0.05,-10.337669372558594,,
94350,27.81483268737793,0.05,-12.132057189941406,,
94400,30.394716262817383,0.05,-12.91513442993164,,
94450,7.925703048706055,0.05,-10.777546882629395,,
94500,4.511746406555176,0.05,-10.678629875183105,,
94550,14.62628173828125,0.05,-11.002659797668457,,
94600,7.210046768188477,0.05,-10.722180366516113,,
94650,17.325115203857422,0.05,-11.40759563446045,,
94700,4.9341721534729,0.05,-11.934266090393066,,
94750,2.63724684715271,0.05,-12.290692329406738,,
94800,2.4615659713745117,0.05,-12.187557220458984,,
94850,4.748668670654297,0.05,-12.506511688232422,,
94900,16.933761596679688,0.05,-12.724437713623047,,
94950,6.229175090789795,0.05,-11.888603210449219,,
95000,2.7829396724700928,0.05,-11.23066234588623,,
95050,10.003899574279785,0.05,-11.26954174041748,,
95100,2.4980809688568115,0.05,-11.807029724121094,,
95150,6.010416507720947,0.05,-11.125353813171387,,
95200,8.67799186706543,0.05,-10.253905296325684,,
95250,15.558643341064453,0.05,-12.253341674804688,,
95300,7.739469051361084,0.05,-11.388421058654785,,
95350,11.513409614562988,0.05,-12.258098602294922,,
95400,1.367841124534607,0.05,-11.771088600158691,,
95450,12.653095245361328,0.05,-12.691864967346191,,
95500,11.47082233428955,0.05,-11.718846321105957,,
95550,7.6946635246276855,0.05,-10.106666564941406,,
95600,5.2153754234313965,0.05,-12.795096397399902,,
95650,4.071162223815918,0.05,-12.30514144897461,,
95700,6.039553165435791,0.05,-11.621546745300293,,
95750,6.676767349243164,0.05,-11.31873607635498,,
95800,10.312560081481934,0.05,-11.805030822753906,,
95850,30.960390090942383,0.05,-12.9075288772583,,
95900,7.811896800994873,0.05,-12.053278923034668,,
95950,24.21626091003418,0.05,-13.053462982177734,,
96000,26.94622802734375,0.05,-14.494290351867676,,
96050,6.941782474517822,0.05,-10.9110689163208,,
96100,1.3948721885681152,0.05,-11.37612533569336,,
96150,12.279983520507812,0.05,-12.898273468017578,,
96200,3.7966480255126953,0.05,-11.902580261230469,,
96250,14.881301879882812,0.05,-12.840886116027832,,
96300,4.067943096160889,0.05,-12.034148216247559,,
96350,6.309658050537109,0.05,-12.066329002380371,,
96400,16.655073165893555,0.05,-13.29775619506836,,
96450,25.785207748413086,0.05,-13.435906410217285,,
96500,3.1729698181152344,0.05,-11.799182891845703,,
96550,12.595020294189453,0.05,-11.811345100402832,,
96600,10.029982566833496,0.05,-12.971678733825684,,
96650,5.216801166534424,0.05,-11.465827941894531,,
96700,6.6339850425720215,0.05,-12.10000228881836,,
96750,10.498355865478516,0.05,-11.651240348815918,,
96800,7.102964401245117,0.05,-10.861353874206543,,
96850,5.9295973777771,0.05,-13.357619285583496,,
96900,11.651677131652832,0.05,-12.583849906921387,,
96950,11.505760192871094,0.05,-12.737319946289062,,
97000,6.354344844818115,0.05,-11.64931869506836,,
97050,5.858306884765625,0.05,-11.763870239257812,,
97100,11.284274101257324,0.05,-11.409871101379395,,
97150,5.642122268676758,0.05,-12.7822265625,,
97200,10.812006950378418,0.05,-12.38144588470459,,
97250,14.483111381530762,0.05,-11.889148712158203,,
97300,2.528764486312866,0.05,-12.031913757324219,,
97350,4.7531843185424805,0.05,-11.749900817871094,,
97400,6.570114612579346,0.05,-12.123169898986816,,
97450,3.7884275913238525,0.05,-10.655192375183105,,
97500,11.231524467468262,0.05,-11.909205436706543,,
97550,7.937005519866943,0.05,-10.95581340789795,,
97600,2.8741724491119385,0.05,-11.09063720703125,,
97650,2.6374967098236084,0.05,-11.541343688964844,,
97700,3.584552526473999,0.05,-11.73553466796875,,
97750,4.801890850067139,0.05,-11.767630577087402,,
97800,10.005351066589355,0.05,-12.478610038757324,,
97850,5.471363544464111,0.05,-13.052279472351074,,
97900,4.817703723907471,0.05,-12.189465522766113,,
97950,3.7893869876861572,0.05,-11.956355094909668,,
98000,6.525857925415039,0.05,-10.7240571975708,,
98050,2.8335163593292236,0.05,-10.271771430969238,,
98100,4.79882287979126,0.05,-11.618980407714844,,
98150,8.258681297302246,0.05,-11.309921264648438,,
98200,1.5778694152832031,0.05,-11.38753890991211,,
98250,12.416061401367188,0.05,-12.41751480102539,,
98300,8.68371295928955,0.05,-10.3439302444458,,
98350,0.9385897517204285,0.05,-10.589194297790527,,
98400,14.812056541442871,0.05,-12.234996795654297,,
98450,5.686672687530518,0.05,-12.139698028564453,,
98500,7.628366947174072,0.05,-10.47353744506836,,
98550,28.817461013793945,0.05,-11.66223430633545,,
98600,3.100834608078003,0.05,-11.079428672790527,,
98650,2.7090370655059814,0.05,-10.3827543258667,,
98700,8.487798690795898,0.05,-11.194180488586426,,
98750,2.6706044673919678,0.05,-11.419075965881348,,
98800,4.161125659942627,0.05,-10.692680358886719,,
98850,1.616660714149475,0.05,-11.984139442443848,,
98900,5.3641133308410645,0.05,-11.748783111572266,,
98950,12.89079761505127,0.05,-12.31482219696045,,
99000,9.350637435913086,0.05,-11.359986305236816,,
99050,5.564311504364014,0.05,-11.694113731384277,,
99100,5.910978317260742,0.05,-11.767391204833984,,
99150,18.4149227142334,0.05,-12.286290168762207,,
99200,14.595050811767578,0.05,-10.509325981140137,,
99250,6.358436107635498,0.05,-10.006497383117676,,
99300,9.594870567321777,0.05,-10.892430305480957,,
99350,11.424088478088379,0.05,-11.872979164123535,,
99400,0.8564184308052063,0.05,-10.20301342010498,,
99450,2.6915483474731445,0.05,-10.499268531799316,,
99500,26.083425521850586,0.05,-11.694720268249512,,
99550,4.226626396179199,0.05,-11.011712074279785,,
99600,4.164635181427002,0.05,-10.514229774475098,,
99650,4.556816101074219,0.05,-12.8631591796875,,
99700,7.794132232666016,0.05,-13.590710639953613,,
99750,0.35124099254608154,0.05,-10.573843002319336,,
99800,5.061583995819092,0.05,-10.997657775878906,,
99850,15.197674751281738,0.05,-11.636727333068848,,
99900,5.042903423309326,0.05,-11.044598579406738,,
99950,3.4971561431884766,0.05,-11.717010498046875,,
100000,4.976402759552002,0.05,-11.692347526550293,-1.2721937731925619,54.133333333333326
100050,4.473876476287842,0.05,-11.21447467803955,,
100100,3.871260404586792,0.05,-11.05795955657959,,
100150,4.940583229064941,0.05,-11.092605590820312,,
100200,5.0603156089782715,0.05,-10.536478996276855,,
100250,9.432389259338379,0.05,-10.95799732208252,,
100300,6.270021915435791,0.05,-12.150845527648926,,
100350,11.191584587097168,0.05,-11.476829528808594,,
100400,16.04065704345703,0.05,-11.463890075683594,,
100450,9.191391944885254,0.05,-12.642355918884277,,
100500,6.699230194091797,0.05,-11.760663032531738,,
100550,12.411368370056152,0.05,-11.243014335632324,,
100600,2.864788293838501,0.05,-10.502278327941895,,
100650,4.029605388641357,0.05,-11.33642578125,,
100700,7.376754283905029,0.05,-11.15058422088623,,
100750,11.062721252441406,0.05,-10.440378189086914,,
100800,7.865355014801025,0.05,-11.72560977935791,,
100850,1.7722424268722534,0.05,-10.762333869934082,,
100900,5.814120769500732,0.05,-11.444747924804688,,
100950,5.86902379989624,0.05,-11.514904975891113,,
101000,3.003058671951294,0.05,-10.969600677490234,,
101050,4.277833938598633,0.05,-11.263999938964844,,
101100,3.2261502742767334,0.05,-11.09881591796875,,
101150,3.467468500137329,0.05,-10.879508018493652,,
101200,9.766190528869629,0.05,-11.901671409606934,,
101250,4.569037914276123,0.05,-10.92194652557373,,
101300,2.642665147781372,0.05,-10.434825897216797,,
101350,2.3801941871643066,0.05,-10.35558795928955,,
101400,2.9466135501861572,0.05,-10.194802284240723,,
101450,7.42676305770874,0.05,-12.729812622070312,,
101500,14.137359619140625,0.05,-12.259109497070312,,
101550,2.3323771953582764,0.05,-10.84445858001709,,
101600,9.356799125671387,0.05,-12.207242012023926,,
101650,9.979515075683594,0.05,-12.0980806350708,,
101700,3.5333783626556396,0.05,-12.466774940490723,,
101750,6.373472690582275,0.05,-12.260459899902344,,
101800,7.912725925445557,0.05,-10.969889640808105,,
101850,5.516458034515381,0.05,-11.037070274353027,,
101900,3.9844744205474854,0.05,-11.820731163024902,,
101950,5.5627665519714355,0.05,-10.22388744354248,,
102000,8.73250675201416,0.05,-11.041023254394531,,
102050,11.223359107971191,0.05,-12.134635925292969,,
102100,13.129315376281738,0.05,-10.375832557678223,,
102150,13.285286903381348,0.05,-11.718345642089844,,
102200,8.508682250976562,0.05,-12.395039558410645,,
102250,5.128690242767334,0.05,-10.943950653076172,,
102300,1.6703606843948364,0.05,-10.577149391174316,,
102350,4.6045002937316895,0.05,-10.39228343963623,,
102400,3.503004789352417,0.05,-11.374520301818848,,
102450,16.106626510620117,0.05,-12.13896656036377,,
102500,6.582315921783447,0.05,-10.149048805236816,,
102550,3.6099672317504883,0.05,-11.014007568359375,,
102600,6.79841423034668,0.05,-11.160597801208496,,
102650,3.240534782409668,0.05,-11.291314125061035,,
102700,9.943689346313477,0.05,-10.69754695892334,,
102750,7.857791900634766,0.05,-11.919875144958496,,
102800,4.709201335906982,0.05,-10.48107624053955,,
102850,6.849594593048096,0.05,-10.886802673339844,,
102900,6.831295490264893,0.05,-11.722466468811035,,
102950,3.0850861072540283,0.05,-10.25387191772461,,
103000,4.79367208480835,0.05,-12.064311027526855,,
103050,13.132588386535645,0.05,-11.835711479187012,,
103100,5.561834335327148,0.05,-11.668582916259766,,
103150,7.928890705108643,0.05,-12.821781158447266,,
103200,12.03391170501709,0.05,-11.056031227111816,,
103250,4.179945468902588,0.05,-11.318657875061035,,
103300,5.1013312339782715,0.05,-11.37749195098877,,
103350,9.89388656616211,0.05,-12.88436508178711,,
103400,2.847898244857788,0.05,-10.595154762268066,,
103450,1.5743643045425415,0.05,-10.609648704528809,,
103500,5.874464511871338,0.05,-11.28771686553955,,
103550,1.831128478050232,0.05,-10.051688194274902,,
103600,4.23340368270874,0.05,-11.867362976074219,,
103650,3.888239622116089,0.05,-11.718886375427246,,
103700,3.1234214305877686,0.05,-10.112137794494629,,
103750,4.805080890655518,0.05,-11.556859016418457,,
103800,8.278788566589355,0.05,-11.405097961425781,,
103850,4.3310980796813965,0.05,-11.115639686584473,,
103900,9.409980773925781,0.05,-10.577378273010254,,
103950,3.6625442504882812,0.05,-11.307967185974121,,
104000,4.587989807128906,0.05,-10.676685333251953,,
104050,3.136315107345581,0.05,-11.539704322814941,,
104100,4.366396427154541,0.05,-10.573402404785156,,
104150,9.117033958435059,0.05,-10.960234642028809,,
104200,3.5131301879882812,0.05,-10.927001953125,,
104250,6.478386402130127,0.05,-11.0360689163208,,
104300,2.374582052230835,0.05,-11.7139253616333,,
104350,1.6620358228683472,0.05,-10.377510070800781,,
104400,4.488331317901611,0.05,-10.850165367126465,,
104450,2.375950336456299,0.05,-11.199130058288574,,
104500,4.073414325714111,0.05,-11.00753402709961,,
104550,3.016374349594116,0.05,-10.598626136779785,,
104600,10.871685028076172,0.05,-12.113749504089355,,
104650,2.018972158432007,0.05,-10.568904876708984,,
104700,5.627521514892578,0.05,-11.133286476135254,,
104750,3.2315616607666016,0.05,-11.9209623336792,,
104800,3.0804593563079834,0.05,-10.445785522460938,,
104850,3.727741003036499,0.05,-13.190441131591797,,
104900,4.31751012802124,0.05,-10.417984008789062,,
104950,2.351557731628418,0.05,-12.104205131530762,,
105000,6.623828411102295,0.05,-11.057888984680176,,
105050,5.849916934967041,0.05,-11.132850646972656,,
105100,6.621998310089111,0.05,-9.942390441894531,,
105150,5.384196758270264,0.05,-10.862591743469238,,
105200,3.0722310543060303,0.05,-11.524601936340332,,
105250,4.193928241729736,0.05,-10.037161827087402,,
105300,5.133138656616211,0.05,-11.791580200195312,,
105350,5.547691345214844,0.05,-11.700669288635254,,
105400,4.140040397644043,0.05,-12.047467231750488,,
105450,10.479905128479004,0.05,-11.663860321044922,,
105500,3.8560373783111572,0.05,-10.849175453186035,,
105550,9.201979637145996,0.05,-11.221800804138184,,
105600,4.21172571182251,0.05,-11.57746410369873,,
105650,7.902736186981201,0.05,-11.576752662658691,,
105700,2.7046473026275635,0.05,-11.032832145690918,,
105750,3.2350635528564453,0.05,-11.612622261047363,,
105800,12.9097900390625,0.05,-10.68304443359375,,
105850,1.8279982805252075,0.05,-10.751368522644043,,
105900,2.196754217147827,0.05,-13.260177612304688,,
105950,5.402812957763672,0.05,-11.269351959228516,,
106000,0.42138156294822693,0.05,-11.150489807128906,,
106050,4.382138252258301,0.05,-10.532179832458496,,
106100,4.326387405395508,0.05,-11.709388732910156,,
106150,7.712390899658203,0.05,-11.777885437011719,,
106200,5.180385112762451,0.05,-11.064654350280762,,
106250,3.797997236251831,0.05,-11.626471519470215,,
106300,9.115561485290527,0.05,-10.756098747253418,,
106350,6.615233898162842,0.05,-11.383912086486816,,
106400,9.534846305847168,0.05,-12.036213874816895,,
106450,4.061661243438721,0.05,-12.008407592773438,,
106500,14.31864070892334,0.05,-11.40550708770752,,
106550,11.099535942077637,0.05,-12.09958267211914,,
106600,4.073037624359131,0.05,-10.91307544708252,,
106650,5.573293209075928,0.05,-11.129779815673828,,
106700,6.242353439331055,0.05,-11.6715726852417,,
106750,8.385763168334961,0.05,-10.573653221130371,,
106800,8.223553657531738,0.05,-10.34577751159668,,
106850,5.572223663330078,0.05,-10.046295166015625,,
106900,5.67716646194458,0.05,-10.09148120880127,,
106950,10.737675666809082,0.05,-12.002934455871582,,
107000,2.695047378540039,0.05,-10.64301586151123,,
107050,2.7567577362060547,0.05,-11.826587677001953,,
107100,1.0207799673080444,0.05,-10.91246509552002,,
107150,6.4809250831604,0.05,-11.064704895019531,,
107200,6.937337875366211,0.05,-11.891497611999512,,
107250,7.7168121337890625,0.05,-11.230334281921387,,
107300,14.443473815917969,0.05,-11.503436088562012,,
107350,8.737401008605957,0.05,-10.63769817352295,,
107400,7.489448547363281,0.05,-10.663969993591309,,
107450,11.063823699951172,0.05,-12.277085304260254,,
107500,5.607343673706055,0.05,-11.265380859375,,
107550,2.4918315410614014,0.05,-10.965767860412598,,
107600,14.006163597106934,0.05,-10.56093692779541,,
107650,7.343633651733398,0.05,-10.642415046691895,,
107700,16.907785415649414,0.05,-12.048789024353027,,
107750,8.78843879699707,0.05,-11.994105339050293,,
107800,13.025740623474121,0.05,-11.316716194152832,,
107850,12.769165992736816,0.05,-11.10980224609375,,
107900,2.0825791358947754,0.05,-11.336677551269531,,
107950,0.9420900344848633,0.05,-11.071051597595215,,
108000,8.94907283782959,0.05,-11.762566566467285,,
108050,1.6724985837936401,0.05,-12.079520225524902,,
108100,4.033318519592285,0.05,-9.812333106994629,,
108150,3.913820266723633,0.05,-12.144816398620605,,
108200,9.938077926635742,0.05,-10.842933654785156,,
108250,7.689810276031494,0.05,-10.651711463928223,,
108300,13.760544776916504,0.05,-10.415078163146973,,
108350,18.799104690551758,0.05,-12.21010971069336,,
108400,20.01650047302246,0.05,-11.186943054199219,,
108450,8.310723304748535,0.05,-11.75387954711914,,
108500,4.446444988250732,0.05,-12.27511978149414,,
108550,12.873329162597656,0.05,-11.653751373291016,,
108600,1.6988558769226074,0.05,-10.524827003479004,,
108650,2.2725720405578613,0.05,-10.27627944946289,,
108700,6.427566051483154,0.05,-11.46222972869873,,
108750,12.843527793884277,0.05,-12.121672630310059,,
108800,5.894587993621826,0.05,-11.41028881072998,,
108850,3.164827346801758,0.05,-10.289803504943848,,
108900,7.5071120262146,0.05,-10.73671817779541,,
108950,1.4344735145568848,0.05,-10.214235305786133,,
109000,9.195167541503906,0.05,-10.972493171691895,,
109050,18.929330825805664,0.05,-12.739310264587402,,
109100,10.085562705993652,0.05,-11.888290405273438,,
109150,8.579761505126953,0.05,-10.886736869812012,,
109200,3.235630750656128,0.05,-11.257245063781738,,
109250,4.7686285972595215,0.05,-12.256026268005371,,
109300,4.565171718597412,0.05,-11.273280143737793,,
109350,12.388301849365234,0.05,-11.565739631652832,,
109400,13.674820899963379,0.05,-10.851151466369629,,
109450,6.278980255126953,0.05,-12.256932258605957,,
109500,3.4653854370117188,0.05,-11.047012329101562,,
109550,2.927192449569702,0.05,-10.41161823272705,,
109600,7.401069164276123,0.05,-9.835594177246094,,
109650,3.650157928466797,0.05,-11.604342460632324,,
109700,6.440969467163086,0.05,-11.355488777160645,,
109750,7.151699542999268,0.05,-11.454879760742188,,
109800,7.132663726806641,0.05,-11.766670227050781,,
109850,9.279192924499512,0.05,-11.040657043457031,,
109900,8.502159118652344,0.05,-11.032015800476074,,
109950,12.88860034942627,0.05,-10.548455238342285,,
110000,20.02751350402832,0.05,-12.10012149810791,,
110050,7.54230260848999,0.05,-11.752059936523438,,
110100,4.436694622039795,0.05,-10.375146865844727,,
110150,5.2334489822387695,0.05,-10.813689231872559,,
110200,5.863245487213135,0.05,-11.792900085449219,,
110250,0.2301919311285019,0.05,-10.92885684967041,,
110300,4.744907855987549,0.05,-10.847329139709473,,
110350,7.186460018157959,0.05,-10.692726135253906,,
110400,10.194729804992676,0.05,-11.190577507019043,,
110450,7.095069885253906,0.05,-9.37621021270752,,
110500,11.782988548278809,0.05,-10.128795623779297,,
110550,6.3201446533203125,0.05,-10.264479637145996,,
110600,2.3560476303100586,0.05,-11.28124713897705,,
110650,3.6486032009124756,0.05,-10.753617286682129,,
110700,0.3691726624965668,0.05,-12.71606159210205,,
110750,5.351521968841553,0.05,-10.384688377380371,,
110800,1.5706068277359009,0.05,-10.31374740600586,,
110850,3.086177110671997,0.05,-11.271393775939941,,
110900,8.767041206359863,0.05,-11.515628814697266,,
110950,6.4750847816467285,0.05,-10.53476619720459,,
111000,2.2020576000213623,0.05,-9.794974327087402,,
111050,6.187617778778076,0.05,-12.40293025970459,,
111100,13.192896842956543,0.05,-10.198620796203613,,
111150,5.835405349731445,0.05,-10.109259605407715,,
111200,4.110742092132568,0.05,-10.491583824157715,,
111250,5.236643314361572,0.05,-9.680832862854004,,
111300,6.589437007904053,0.05,-10.224105834960938,,
111350,1.6506329774856567,0.05,-11.722583770751953,,
111400,7.687126159667969,0.05,-11.4276762008667,,
111450,7.68611478805542,0.05,-10.248761177062988,,
111500,4.997945308685303,0.05,-11.332077980041504,,
111550,2.6254725456237793,0.05,-9.738605499267578,,
111600,3.8226938247680664,0.05,-9.893306732177734,,
111650,9.103601455688477,0.05,-11.113624572753906,,
111700,6.00585412979126,0.05,-11.136497497558594,,
111750,1.3684457540512085,0.05,-11.82153034210205,,
111800,3.647198438644409,0.05,-10.308441162109375,,
111850,5.013225555419922,0.05,-11.751559257507324,,
111900,2.4472768306732178,0.05,-11.73873519897461,,
111950,2.1069066524505615,0.05,-12.295147895812988,,
112000,6.120560169219971,0.05,-10.584407806396484,,
112050,8.290715217590332,0.05,-10.830029487609863,,
112100,13.698860168457031,0.05,-11.1285400390625,,
112150,10.044780731201172,0.05,-11.49822998046875,,
112200,7.665971755981445,0.05,-10.646023750305176,,
112250,2.9466161727905273,0.05,-11.453357696533203,,
112300,10.046218872070312,0.05,-10.413874626159668,,
112350,4.843867778778076,0.05,-10.315779685974121,,
112400,1.058308482170105,0.05,-11.063030242919922,,
112450,15.517401695251465,0.05,-11.127338409423828,,
112500,4.835361480712891,0.05,-10.55516529083252,,
112550,2.2394659519195557,0.05,-11.079691886901855,,
112600,3.135932207107544,0.05,-11.136937141418457,,
112650,12.273338317871094,0.05,-10.749091148376465,,
112700,4.249449253082275,0.05,-9.782869338989258,,
112750,3.7663018703460693,0.05,-10.499713897705078,,
112800,13.135723114013672,0.05,-10.704548835754395,,
112850,9.844035148620605,0.05,-10.742904663085938,,
112900,5.846246719360352,0.05,-9.913909912109375,,
112950,1.0826929807662964,0.05,-10.648175239562988,,
113000,2.9265482425689697,0.05,-10.99524211883545,,
113050,5.7944159507751465,0.05,-11.274025917053223,,
113100,3.302844285964966,0.05,-9.962471961975098,,
113150,5.109543323516846,0.05,-10.30380630493164,,
113200,3.4604175090789795,0.05,-10.959709167480469,,
113250,4.953641891479492,0.05,-9.271897315979004,,
113300,4.6640238761901855,0.05,-11.434226989746094,,
113350,3.4460136890411377,0.05,-9.771961212158203,,
113400,5.4178147315979,0.05,-10.46481990814209,,
113450,3.6033518314361572,0.05,-12.232293128967285,,
113500,9.888687133789062,0.05,-11.33935832977295,,
113550,5.521378993988037,0.05,-10.30583667755127,,
113600,2.7042627334594727,0.05,-11.684433937072754,,
113650,5.970453262329102,0.05,-11.37454891204834,,
113700,1.3045300245285034,0.05,-9.834622383117676,,
113750,5.676053524017334,0.05,-10.356734275817871,,
113800,2.9393813610076904,0.05,-12.138443946838379,,
113850,6.284427165985107,0.05,-10.303783416748047,,
113900,5.062575817108154,0.05,-9.76218032836914,,
113950,4.293522357940674,0.05,-9.918108940124512,,
114000,6.258935451507568,0.05,-10.56711483001709,,
114050,6.522789001464844,0.05,-10.631274223327637,,
114100,6.407236576080322,0.05,-11.820733070373535,,
114150,0.9234803318977356,0.05,-9.99835205078125,,
114200,3.7469089031219482,0.05,-10.174786567687988,,
114250,5.494898319244385,0.05,-9.378539085388184,,
114300,13.28625774383545,0.05,-10.822197914123535,,
114350,4.841875076293945,0.05,-9.929308891296387,,
114400,9.850327491760254,0.05,-10.862116813659668,,
114450,1.6692768335342407,0.05,-9.322632789611816,,
114500,2.7586758136749268,0.05,-11.812957763671875,,
114550,1.216723084449768,0.05,-10.35554027557373,,
114600,6.851314544677734,0.05,-10.448443412780762,,
114650,3.4835612773895264,0.05,-10.842952728271484,,
114700,4.3972296714782715,0.05,-11.723793029785156,,
114750,10.103849411010742,0.05,-10.487568855285645,,
114800,5.540363788604736,0.05,-11.185872077941895,,
114850,2.931680917739868,0.05,-10.02928352355957,,
114900,8.111207008361816,0.05,-10.937355041503906,,
114950,8.131595611572266,0.05,-9.507838249206543,,
115000,1.0435398817062378,0.05,-9.883699417114258,,
115050,7.501058578491211,0.05,-11.55492115020752,,
115100,3.403595209121704,0.05,-9.497811317443848,,
115150,0.4651128947734833,0.05,-9.601787567138672,,
115200,6.535478115081787,0.05,-11.270028114318848,,
115250,4.69273567199707,0.05,-10.113914489746094,,
115300,1.312010407447815,0.05,-11.126511573791504,,
115350,6.08604097366333,0.05,-11.25577163696289,,
115400,5.112370014190674,0.05,-10.608577728271484,,
115450,9.347293853759766,0.05,-9.541007041931152,,
115500,0.3960357904434204,0.05,-10.224119186401367,,
115550,1.8587995767593384,0.05,-11.9032564163208,,
115600,6.1525397300720215,0.05,-9.843997955322266,,
115650,4.722346782684326,0.05,-12.001107215881348,,
115700,7.151290416717529,0.05,-10.825751304626465,,
115750,3.4779891967773438,0.05,-9.62059497833252,,
115800,2.730764150619507,0.05,-9.861212730407715,,
115850,7.569417476654053,0.05,-10.597236633300781,,
115900,3.576702117919922,0.05,-9.935633659362793,,
115950,2.3796966075897217,0.05,-10.426621437072754,,
116000,3.7718725204467773,0.05,-10.293368339538574,,
116050,8.397027015686035,0.05,-10.572264671325684,,
116100,6.281869888305664,0.05,-10.074299812316895,,
116150,5.585325241088867,0.05,-10.58836841583252,,
116200,13.649758338928223,0.05,-9.686062812805176,,
116250,14.151298522949219,0.05,-9.900917053222656,,
116300,9.41406536102295,0.05,-10.155596733093262,,
116350,11.76558780670166,0.05,-10.211297988891602,,
116400,1.1968928575515747,0.05,-9.489494323730469,,
116450,3.4024314880371094,0.05,-10.259611129760742,,
116500,4.2563700675964355,0.05,-10.773056983947754,,
116550,8.42260456085205,0.05,-11.315173149108887,,
116600,4.609330654144287,0.05,-10.68356990814209,,
116650,8.566879272460938,0.05,-9.741493225097656,,
116700,9.366935729980469,0.05,-10.356678009033203,,
116750,6.157538890838623,0.05,-10.394383430480957,,
116800,1.421610713005066,0.05,-9.908382415771484,,
116850,0.2906368672847748,0.05,-10.65186595916748,,
116900,14.461686134338379,0.05,-9.578437805175781,,
116950,1.2996207475662231,0.05,-12.504338264465332,,
117000,5.5813822746276855,0.05,-9.374283790588379,,
117050,8.632061958312988,0.05,-11.50780963897705,,
117100,8.199769020080566,0.05,-9.741449356079102,,
117150,1.6500588655471802,0.05,-10.525132179260254,,
117200,7.974231719970703,0.05,-10.438485145568848,,
117250,12.274742126464844,0.05,-10.189972877502441,,
117300,5.564305782318115,0.05,-12.101557731628418,,
117350,3.792379140853882,0.05,-10.904267311096191,,
117400,8.919532775878906,0.05,-10.789875984191895,,
117450,8.779452323913574,0.05,-11.812899589538574,,
117500,0.41772782802581787,0.05,-10.234073638916016,,
117550,1.971166729927063,0.05,-11.25666332244873,,
117600,2.5115673542022705,0.05,-10.38782787322998,,
117650,7.0934367179870605,0.05,-10.944236755371094,,
117700,6.786448001861572,0.05,-10.315443992614746,,
117750,9.710186958312988,0.05,-10.70647144317627,,
117800,13.82625675201416,0.05,-9.563328742980957,,
117850,7.797998428344727,0.05,-11.250075340270996,,
117900,12.266219139099121,0.05,-9.926342964172363,,
117950,21.119407653808594,0.05,-10.406295776367188,,
118000,20.19715118408203,0.05,-12.630555152893066,,
118050,1.2450827360153198,0.05,-10.269795417785645,,
118100,4.525014400482178,0.05,-10.510037422180176,,
118150,2.4530293941497803,0.05,-11.71722412109375,,
118200,7.816814422607422,0.05,-9.952823638916016,,
118250,8.086609840393066,0.05,-12.598812103271484,,
118300,2.275167465209961,0.05,-10.933769226074219,,
118350,1.9859040975570679,0.05,-11.099860191345215,,
118400,13.386641502380371,0.05,-11.730015754699707,,
118450,1.6836482286453247,0.05,-10.577021598815918,,
118500,3.9602127075195312,0.05,-11.818778991699219,,
118550,7.684208393096924,0.05,-10.968494415283203,,
118600,6.965554714202881,0.05,-11.284985542297363,,
118650,12.612617492675781,0.05,-11.590380668640137,,
118700,0.6970140337944031,0.05,-8.953348159790039,,
118750,7.1004638671875,0.05,-10.347911834716797,,
118800,8.1718168258667,0.05,-9.506690979003906,,
118850,4.174380779266357,0.05,-11.207186698913574,,
118900,2.7063205242156982,0.05,-11.093419075012207,,
118950,3.092837333679199,0.05,-10.913517951965332,,
119000,2.622382640838623,0.05,-12.265090942382812,,
119050,11.72380542755127,0.05,-11.593994140625,,
119100,5.760786056518555,0.05,-11.342244148254395,,
119150,7.870665073394775,0.05,-10.259190559387207,,
119200,2.3012845516204834,0.05,-9.322653770446777,,
119250,10.259090423583984,0.05,-10.058684349060059,,
119300,9.302627563476562,0.05,-12.02348804473877,,
119350,3.918727159500122,0.05,-11.689253807067871,,
119400,14.32519245147705,0.05,-10.369277954101562,,
119450,2.6865251064300537,0.05,-12.407280921936035,,
119500,4.67843770980835,0.05,-10.154129981994629,,
119550,10.06432056427002,0.05,-10.315892219543457,,
119600,8.548895835876465,0.05,-9.87833309173584,,
119650,6.502058029174805,0.05,-9.828696250915527,,
119700,2.254606008529663,0.05,-10.612089157104492,,
119750,2.729440689086914,0.05,-9.941120147705078,,
119800,10.082317352294922,0.05,-10.422097206115723,,
119850,4.049831867218018,0.05,-10.677319526672363,,
119900,3.5657825469970703,0.05,-10.632210731506348,,
119950,4.225614070892334,0.05,-11.60235595703125,,
120000,5.147758483886719,0.05,-10.315333366394043,,
120050,17.728248596191406,0.05,-11.912066459655762,,
120100,17.14171600341797,0.05,-10.675698280334473,,
120150,4.71051549911499,0.05,-12.863826751708984,,
120200,4.189453125,0.05,-10.744929313659668,,
120250,11.485579490661621,0.05,-11.321163177490234,,
120300,2.061866044998169,0.05,-10.862093925476074,,
120350,17.68697166442871,0.05,-9.825684547424316,,
120400,5.728481769561768,0.05,-12.083575248718262,,
120450,5.574991703033447,0.05,-10.783514976501465,,
120500,4.54604959487915,0.05,-9.32458209991455,,
120550,24.031511306762695,0.05,-10.41321086883545,,
120600,2.523939371109009,0.05,-9.995894432067871,,
120650,5.076623439788818,0.05,-10.09131908416748,,
120700,4.583964824676514,0.05,-10.563305854797363,,
120750,19.078004837036133,0.05,-11.080741882324219,,
120800,8.725686073303223,0.05,-9.390193939208984,,
120850,0.8216376900672913,0.05,-10.235098838806152,,
120900,7.960703372955322,0.05,-11.258526802062988,,
120950,3.4649531841278076,0.05,-10.944987297058105,,
121000,0.5776757001876831,0.05,-10.36731243133545,,
121050,7.808828830718994,0.05,-10.509099006652832,,
121100,7.431787014007568,0.05,-11.814347267150879,,
121150,1.1072826385498047,0.05,-11.025211334228516,,
121200,4.446621417999268,0.05,-10.794453620910645,,
121250,2.9545609951019287,0.05,-10.602765083312988,,
121300,5.950294017791748,0.05,-9.777790069580078,,
121350,3.886246919631958,0.05,-10.123116493225098,,
121400,6.315789699554443,0.05,-10.456032752990723,,
121450,15.6112060546875,0.05,-10.624515533447266,,
121500,1.7613962888717651,0.05,-11.108592987060547,,
121550,0.8673061728477478,0.05,-11.02439022064209,,
121600,10.447547912597656,0.05,-11.246132850646973,,
121650,11.047245979309082,0.05,-10.020733833312988,,
121700,4.051466941833496,0.05,-11.089385986328125,,
121750,6.716866970062256,0.05,-10.698249816894531,,
121800,4.224554061889648,0.05,-11.213423728942871,,
121850,1.7184432744979858,0.05,-10.083966255187988,,
121900,7.736795902252197,0.05,-10.373992919921875,,
121950,13.936314582824707,0.05,-10.074905395507812,,
122000,2.0623891353607178,0.05,-10.636731147766113,,
122050,3.3634421825408936,0.05,-11.890678405761719,,
122100,2.6993179321289062,0.05,-9.183087348937988,,
122150,2.8327877521514893,0.05,-10.905826568603516,,
122200,2.638667345046997,0.05,-9.364415168762207,,
122250,4.193973541259766,0.05,-10.10977840423584,,
122300,6.418064594268799,0.05,-11.058422088623047,,
122350,6.17824125289917,0.05,-10.000702857971191,,
122400,9.543009757995605,0.05,-9.724488258361816,,
122450,2.404815912246704,0.05,-10.806151390075684,,
122500,7.44570779800415,0.05,-9.796667098999023,,
122550,5.66705846786499,0.05,-10.484593391418457,,
122600,9.642417907714844,0.05,-10.543830871582031,,
122650,3.195622682571411,0.05,-10.211291313171387,,
122700,2.1850745677948,0.05,-9.590494155883789,,
122750,9.695600509643555,0.05,-10.367416381835938,,
122800,3.8030459880828857,0.05,-11.228560447692871,,
122850,13.232222557067871,0.05,-10.714676856994629,,
122900,0.47711530327796936,0.05,-10.730316162109375,,
122950,2.2646484375,0.05,-9.98436164855957,,
123000,3.953667640686035,0.05,-11.006988525390625,,
123050,3.90704607963562,0.05,-10.588116645812988,,
123100,1.528188705444336,0.05,-10.465537071228027,,
123150,7.787074565887451,0.05,-10.537358283996582,,
123200,10.535191535949707,0.05,-10.50182056427002,,
123250,8.555155754089355,0.05,-11.354991912841797,,
123300,7.3822150230407715,0.05,-10.079035758972168,,
123350,1.0194131135940552,0.05,-10.516745567321777,,
123400,9.206753730773926,0.05,-10.746691703796387,,
123450,5.570720195770264,0.05,-10.376692771911621,,
123500,3.155357599258423,0.05,-12.429364204406738,,
123550,10.309258460998535,0.05,-10.856629371643066,,
123600,3.1526851654052734,0.05,-10.946746826171875,,
123650,0.5276082158088684,0.05,-9.897891998291016,,
123700,5.024949073791504,0.05,-10.304487228393555,,
123750,6.769205570220947,0.05,-10.993769645690918,,
123800,1.7601323127746582,0.05,-11.106407165527344,,
123850,3.5361900329589844,0.05,-10.102228164672852,,
123900,12.80051040649414,0.05,-10.172738075256348,,
123950,3.8075408935546875,0.05,-11.757515907287598,,
124000,12.962450981140137,0.05,-10.940532684326172,,
124050,8.436089515686035,0.05,-10.21411418914795,,
124100,1.6418670415878296,0.05,-11.996505737304688,,
124150,9.290909767150879,0.05,-9.857669830322266,,
124200,2.649794816970825,0.05,-9.3310546875,,
124250,5.082432270050049,0.05,-10.98239517211914,,
124300,8.44533920288086,0.05,-10.025665283203125,,
124350,1.3020020723342896,0.05,-10.323529243469238,,
124400,0.558740496635437,0.05,-10.242734909057617,,
124450,14.6569185256958,0.05,-10.014302253723145,,
124500,12.450753211975098,0.05,-11.850556373596191,,
124550,3.2333266735076904,0.05,-9.581032752990723,,
124600,6.106591701507568,0.05,-11.240867614746094,,
124650,6.669851779937744,0.05,-12.430956840515137,,
124700,6.035628795623779,0.05,-10.9926118850708,,
124750,9.119427680969238,0.05,-10.950972557067871,,
124800,1.6897283792495728,0.05,-11.56434154510498,,
124850,3.6533992290496826,0.05,-9.903576850891113,,
124900,14.489253997802734,0.05,-9.868017196655273,,
124950,7.342897415161133,0.05,-9.978402137756348,,
125000,1.0146387815475464,0.05,-10.514771461486816,-0.7882092670680556,39.86666666666666
125050,1.7761999368667603,0.05,-9.342269897460938,,
125100,3.5411107540130615,0.05,-12.423624992370605,,
125150,8.378482818603516,0.05,-10.857685089111328,,
125200,3.0441062450408936,0.05,-11.204066276550293,,
125250,1.7388547658920288,0.05,-10.711856842041016,,
125300,0.317050963640213,0.05,-9.340107917785645,,
125350,4.896682262420654,0.05,-10.91086196899414,,
125400,13.595043182373047,0.05,-10.740199089050293,,
125450,7.138030529022217,0.05,-10.431143760681152,,
125500,6.679582595825195,0.05,-9.98721694946289,,
125550,6.349247455596924,0.05,-12.36690616607666,,
125600,0.3200981318950653,0.05,-11.567645072937012,,
125650,4.7463274002075195,0.05,-12.59498119354248,,
125700,4.441916465759277,0.05,-10.286845207214355,,
125750,7.757612228393555,0.05,-10.336795806884766,,
125800,3.3997926712036133,0.05,-11.183878898620605,,
125850,2.612788677215576,0.05,-9.596476554870605,,
125900,20.462465286254883,0.05,-10.747790336608887,,
125950,4.285963535308838,0.05,-10.237290382385254,,
126000,5.9249043464660645,0.05,-10.292351722717285,,
126050,8.040047645568848,0.05,-11.89240550994873,,
126100,11.149052619934082,0.05,-9.581160545349121,,
126150,0.48126208782196045,0.05,-11.0310640335083,,
126200,0.5530666708946228,0.05,-10.778977394104004,,
126250,4.449714183807373,0.05,-11.375544548034668,,
126300,0.9450948238372803,0.05,-11.46268367767334,,
126350,6.219807147979736,0.05,-11.397185325622559,,
126400,2.7506868839263916,0.05,-12.018393516540527,,
126450,5.027061939239502,0.05,-10.637497901916504,,
126500,7.599750995635986,0.05,-11.59216594696045,,
126550,5.882211208343506,0.05,-10.9136323928833,,
126600,2.8852860927581787,0.05,-10.173813819885254,,
126650,3.7152786254882812,0.05,-12.155743598937988,,
126700,2.42143177986145,0.05,-10.814457893371582,,
126750,10.004345893859863,0.05,-10.400248527526855,,
126800,7.999237537384033,0.05,-10.369789123535156,,
126850,8.925804138183594,0.05,-10.04689884185791,,
126900,5.9728546142578125,0.05,-10.559823036193848,,
126950,27.71649742126465,0.05,-11.469058990478516,,
127000,8.85387134552002,0.05,-11.473532676696777,,
127050,0.4796006977558136,0.05,-11.111197471618652,,
127100,5.226949214935303,0.05,-11.202171325683594,,
127150,4.980504989624023,0.05,-10.732178688049316,,
127200,5.433677673339844,0.05,-11.630963325500488,,
127250,6.068993091583252,0.05,-11.624159812927246,,
127300,10.094977378845215,0.05,-11.90048599243164,,
127350,7.164275646209717,0.05,-10.96920108795166,,
127400,4.517933368682861,0.05,-13.164512634277344,,
127450,0.9440595507621765,0.05,-12.166228294372559,,
127500,3.998056173324585,0.05,-12.707169532775879,,
127550,9.222132682800293,0.05,-13.00981616973877,,
127600,2.077634572982788,0.05,-10.88764476776123,,
127650,5.584289073944092,0.05,-11.183527946472168,,
127700,12.185832977294922,0.05,-11.786110877990723,,
127750,1.8920373916625977,0.05,-11.075604438781738,,
127800,5.81407356262207,0.05,-9.996617317199707,,
127850,4.120439052581787,0.05,-10.039162635803223,,
127900,7.043216228485107,0.05,-11.617400169372559,,
127950,8.777440071105957,0.05,-12.230926513671875,,
128000,7.12092924118042,0.05,-11.742592811584473,,
128050,6.430566310882568,0.05,-11.567439079284668,,
128100,2.6108014583587646,0.05,-10.811524391174316,,
128150,11.281559944152832,0.05,-11.473986625671387,,
128200,6.261962890625,0.05,-9.951132774353027,,
128250,0.5553333163261414,0.05,-10.072189331054688,,
128300,10.547630310058594,0.05,-11.715773582458496,,
128350,10.128006935119629,0.05,-11.537732124328613,,
128400,6.947292327880859,0.05,-11.21535587310791,,
128450,18.928651809692383,0.05,-13.356959342956543,,
128500,20.147544860839844,0.05,-11.554669380187988,,
128550,12.335810661315918,0.05,-11.402180671691895,,
128600,14.906039237976074,0.05,-12.40054702758789,,
128650,13.228266716003418,0.05,-12.474236488342285,,
128700,16.610628128051758,0.05,-11.763871192932129,,
128750,15.097596168518066,0.05,-12.140361785888672,,
128800,17.524658203125,0.05,-12.294074058532715,,
128850,6.191752910614014,0.05,-11.333853721618652,,
128900,24.51599884033203,0.05,-13.189848899841309,,
128950,10.107146263122559,0.05,-11.304131507873535,,
129000,14.216422080993652,0.05,-11.755087852478027,,
129050,10.668118476867676,0.05,-10.837288856506348,,
129100,5.289794921875,0.05,-11.149738311767578,,
129150,11.996899604797363,0.05,-11.255091667175293,,
129200,4.095855236053467,0.05,-13.258248329162598,,
129250,8.862503051757812,0.05,-11.595648765563965,,
129300,18.510732650756836,0.05,-13.269625663757324,,
129350,8.575983047485352,0.05,-11.551190376281738,,
129400,5.503514766693115,0.05,-13.218883514404297,,
129450,4.348575115203857,0.05,-12.3186616897583,,
129500,3.107574701309204,0.05,-10.870028495788574,,
129550,10.434595108032227,0.05,-10.337655067443848,,
129600,14.677330017089844,0.05,-12.073241233825684,,
129650,5.155050277709961,0.05,-12.145835876464844,,
129700,9.812216758728027,0.05,-12.828045845031738,,
129750,4.026250839233398,0.05,-11.96863842010498,,
129800,1.9748486280441284,0.05,-10.738240242004395,,
129850,4.332333087921143,0.05,-12.665302276611328,,
129900,6.20543098449707,0.05,-10.316017150878906,,
129950,2.8807547092437744,0.05,-10.842552185058594,,
130000,2.734545946121216,0.05,-11.132797241210938,,
130050,13.702018737792969,0.05,-11.208198547363281,,
130100,2.474302053451538,0.05,-10.897234916687012,,
130150,21.042009353637695,0.05,-12.230929374694824,,
130200,10.026862144470215,0.05,-11.705206871032715,,
130250,11.145535469055176,0.05,-11.023971557617188,,
130300,7.210092544555664,0.05,-11.081222534179688,,
130350,13.210619926452637,0.05,-12.502589225769043,,
130400,4.267359256744385,0.05,-12.016875267028809,,
130450,14.9030179977417,0.05,-11.536038398742676,,
130500,7.3620285987854,0.05,-10.851417541503906,,
130550,14.275985717773438,0.05,-11.516457557678223,,
130600,5.757049560546875,0.05,-12.506424903869629,,
130650,5.284072399139404,0.05,-11.836966514587402,,
130700,9.243237495422363,0.05,-11.794490814208984,,
130750,11.628661155700684,0.05,-12.582518577575684,,
130800,18.36484718322754,0.05,-14.134613037109375,,
130850,1.6986037492752075,0.05,-11.997895240783691,,
130900,5.928429126739502,0.05,-11.5048828125,,
130950,7.3850250244140625,0.05,-10.624212265014648,,
131000,7.003070831298828,0.05,-11.103614807128906,,
131050,1.07894766330719,0.05,-10.89600658416748,,
131100,3.792186975479126,0.05,-11.362998962402344,,
131150,3.351947546005249,0.05,-11.573554039001465,,
131200,6.182506561279297,0.05,-12.05005931854248,,
131250,0.6629078388214111,0.05,-12.452649116516113,,
131300,11.841129302978516,0.05,-12.127955436706543,,
131350,9.795729637145996,0.05,-10.869681358337402,,
131400,8.070670127868652,0.05,-10.334548950195312,,
131450,15.489422798156738,0.05,-12.78629207611084,,
131500,2.9305245876312256,0.05,-11.356910705566406,,
131550,10.357284545898438,0.05,-10.97115707397461,,
131600,12.505504608154297,0.05,-11.763080596923828,,
131650,21.81970977783203,0.05,-11.19619083404541,,
131700,2.977323532104492,0.05,-11.341659545898438,,
131750,4.731363773345947,0.05,-11.362129211425781,,
131800,0.40669170022010803,0.05,-10.391327857971191,,
131850,3.2436797618865967,0.05,-10.931854248046875,,
131900,7.939136505126953,0.05,-10.7138671875,,
131950,10.474287986755371,0.05,-11.659754753112793,,
132000,23.88745880126953,0.05,-12.032970428466797,,
132050,4.965062618255615,0.05,-11.599655151367188,,
132100,11.100262641906738,0.05,-11.487614631652832,,
132150,0.6912223696708679,0.05,-11.788619041442871,,
132200,6.722236633300781,0.05,-10.876349449157715,,
132250,7.1804938316345215,0.05,-11.736892700195312,,
132300,0.633090078830719,0.05,-10.438724517822266,,
132350,6.089786052703857,0.05,-12.194308280944824,,
132400,13.882556915283203,0.05,-11.48993968963623,,
132450,13.303448677062988,0.05,-11.212348937988281,,
132500,6.129650592803955,0.05,-12.825407981872559,,
132550,2.271944284439087,0.05,-11.791374206542969,,
132600,8.664210319519043,0.05,-11.4524507522583,,
132650,8.96647834777832,0.05,-10.065183639526367,,
132700,9.588044166564941,0.05,-12.271980285644531,,
132750,10.985358238220215,0.05,-10.91083812713623,,
132800,0.3766918182373047,0.05,-11.148396492004395,,
132850,2.19824481010437,0.05,-10.743609428405762,,
132900,1.4591702222824097,0.05,-11.340400695800781,,
132950,3.2562286853790283,0.05,-10.81265926361084,,
133000,5.349035739898682,0.05,-11.868240356445312,,
133050,12.761756896972656,0.05,-11.94971752166748,,
133100,3.158818483352661,0.05,-11.275284767150879,,
133150,27.54488182067871,0.05,-12.313599586486816,,
133200,1.8225053548812866,0.05,-10.915873527526855,,
133250,6.519020080566406,0.05,-12.524948120117188,,
133300,4.738964557647705,0.05,-10.122492790222168,,
133350,5.454834461212158,0.05,-11.489985466003418,,
133400,4.262575626373291,0.05,-11.047810554504395,,
133450,3.9543235301971436,0.05,-12.513416290283203,,
133500,4.381952285766602,0.05,-12.004932403564453,,
133550,3.063311815261841,0.05,-11.338157653808594,,
133600,9.913060188293457,0.05,-11.086524963378906,,
133650,2.595087766647339,0.05,-11.369434356689453,,
133700,1.136539101600647,0.05,-10.637813568115234,,
133750,2.030245542526245,0.05,-10.406584739685059,,
133800,1.8884960412979126,0.05,-11.0641508102417,,
133850,11.15208911895752,0.05,-11.631592750549316,,
133900,9.553694725036621,0.05,-10.562567710876465,,
133950,7.296902179718018,0.05,-11.470436096191406,,
134000,9.3961763381958,0.05,-10.161225318908691,,
134050,7.32394552230835,0.05,-12.746238708496094,,
134100,12.426056861877441,0.05,-10.877800941467285,,
134150,5.324838161468506,0.05,-11.812413215637207,,
134200,2.971649169921875,0.05,-10.559346199035645,,
134250,1.924842357635498,0.05,-11.855656623840332,,
134300,12.705933570861816,0.05,-10.086956977844238,,
134350,3.562718629837036,0.05,-11.252979278564453,,
134400,15.400132179260254,0.05,-12.25566577911377,,
134450,8.239055633544922,0.05,-11.560894966125488,,
134500,5.045544147491455,0.05,-10.501215934753418,,
134550,5.438636302947998,0.05,-10.478774070739746,,
134600,5.63286828994751,0.05,-10.07813549041748,,
134650,2.482278823852539,0.05,-10.60019588470459,,
134700,2.058133840560913,0.05,-10.410082817077637,,
134750,5.204462051391602,0.05,-10.247509956359863,,
134800,10.935532569885254,0.05,-10.536513328552246,,
134850,13.187507629394531,0.05,-12.390625953674316,,
134900,16.014453887939453,0.05,-11.441740989685059,,
134950,4.440149784088135,0.05,-11.828078269958496,,
135000,2.567021608352661,0.05,-9.967930793762207,,
135050,8.394183158874512,0.05,-10.865046501159668,,
135100,13.229305267333984,0.05,-11.053359985351562,,
135150,7.441691875457764,0.05,-10.608330726623535,,
135200,2.727710723876953,0.05,-11.824864387512207,,
135250,5.807244777679443,0.05,-11.937724113464355,,
135300,8.407888412475586,0.05,-11.600874900817871,,
135350,8.903302192687988,0.05,-11.410710334777832,,
135400,8.150744438171387,0.05,-10.497418403625488,,
135450,9.13885498046875,0.05,-12.948199272155762,,
135500,9.609823226928711,0.05,-10.618027687072754,,
135550,2.1060426235198975,0.05,-10.921719551086426,,
135600,4.160107135772705,0.05,-11.889595031738281,,
135650,8.49824047088623,0.05,-10.943713188171387,,
135700,18.947385787963867,0.05,-11.60836410522461,,
135750,1.319010853767395,0.05,-10.39753246307373,,
135800,7.717296600341797,0.05,-11.79595947265625,,
135850,3.416409492492676,0.05,-9.497746467590332,,
135900,19.077600479125977,0.05,-11.520057678222656,,
135950,7.561538219451904,0.05,-11.374229431152344,,
136000,16.73635482788086,0.05,-11.536280632019043,,
136050,6.928598403930664,0.05,-9.798100471496582,,
136100,14.054935455322266,0.05,-11.17193603515625,,
136150,1.5081766843795776,0.05,-10.818294525146484,,
136200,3.085874557495117,0.05,-11.902113914489746,,
136250,3.772373914718628,0.05,-11.298750877380371,,
136300,9.31472110748291,0.05,-11.12844181060791,,
136350,4.5369696617126465,0.05,-10.901896476745605,,
136400,3.645887613296509,0.05,-9.616801261901855,,
136450,9.02728271484375,0.05,-11.026283264160156,,
136500,2.636983871459961,0.05,-11.093670845031738,,
136550,3.654132843017578,0.05,-10.162137031555176,,
136600,3.761404275894165,0.05,-10.644397735595703,,
136650,15.386295318603516,0.05,-12.4647855758667,,
136700,6.4442057609558105,0.05,-10.357354164123535,,
136750,10.389122009277344,0.05,-11.483866691589355,,
136800,11.731972694396973,0.05,-11.515567779541016,,
136850,0.4565071165561676,0.05,-10.758152961730957,,
136900,1.5454140901565552,0.05,-11.21349811553955,,
136950,10.61600399017334,0.05,-11.557965278625488,,
137000,7.952023983001709,0.05,-11.654044151306152,,
137050,2.4803831577301025,0.05,-10.376152038574219,,
137100,8.260909080505371,0.05,-10.100669860839844,,
137150,4.896729946136475,0.05,-9.811623573303223,,
137200,13.27851390838623,0.05,-11.266108512878418,,
137250,5.81028938293457,0.05,-12.854680061340332,,
137300,2.7268149852752686,0.05,-11.451408386230469,,
137350,21.28315544128418,0.05,-11.746806144714355,,
137400,8.241765022277832,0.05,-11.252213478088379,,
137450,17.632972717285156,0.05,-10.731579780578613,,
137500,11.334972381591797,0.05,-11.698948860168457,,
137550,2.062119245529175,0.05,-9.901946067810059,,
137600,2.657139539718628,0.05,-10.002654075622559,,
137650,7.778205394744873,0.05,-10.828453063964844,,
137700,11.563590049743652,0.05,-11.032695770263672,,
137750,8.27448558807373,0.05,-11.590685844421387,,
137800,9.603293418884277,0.05,-11.007225036621094,,
137850,1.6962027549743652,0.05,-11.544795036315918,,
137900,8.036650657653809,0.05,-13.0662841796875,,
137950,7.476500988006592,0.05,-10.74638843536377,,
138000,2.87092661857605,0.05,-10.788573265075684,,
138050,7.099275588989258,0.05,-11.268515586853027,,
138100,3.783099412918091,0.05,-9.761300086975098,,
138150,8.718092918395996,0.05,-9.607770919799805,,
138200,5.222407817840576,0.05,-11.953770637512207,,
138250,14.122750282287598,0.05,-11.706446647644043,,
138300,13.596028327941895,0.05,-10.095044136047363,,
138350,1.4099820852279663,0.05,-11.09273624420166,,
138400,22.761611938476562,0.05,-10.45427417755127,,
138450,27.52274513244629,0.05,-12.257552146911621,,
138500,3.9906206130981445,0.05,-10.60413646697998,,
138550,6.534885406494141,0.05,-11.536922454833984,,
138600,4.878910541534424,0.05,-11.19347858428955,,
138650,4.699783802032471,0.05,-10.868419647216797,,
138700,7.2521491050720215,0.05,-11.93397045135498,,
138750,18.14023780822754,0.05,-12.270088195800781,,
138800,17.067350387573242,0.05,-11.920592308044434,,
138850,1.3732672929763794,0.05,-10.822606086730957,,
138900,12.561565399169922,0.05,-9.896806716918945,,
138950,6.088445663452148,0.05,-11.079293251037598,,
139000,4.326486110687256,0.05,-10.45806884765625,,
139050,4.373713493347168,0.05,-11.762874603271484,,
139100,25.850732803344727,0.05,-12.233487129211426,,
139150,7.93467903137207,0.05,-12.809380531311035,,
139200,13.355950355529785,0.05,-12.93078327178955,,
139250,16.965473175048828,0.05,-10.820212364196777,,
139300,17.067232131958008,0.05,-12.077462196350098,,
139350,26.05690574645996,0.05,-11.655470848083496,,
139400,8.947382926940918,0.05,-10.756556510925293,,
139450,24.51252555847168,0.05,-10.396265983581543,,
139500,2.7917098999023438,0.05,-11.943472862243652,,
139550,2.2681806087493896,0.05,-11.527473449707031,,
139600,2.3609254360198975,0.05,-12.405242919921875,,
139650,9.515036582946777,0.05,-10.694426536560059,,
139700,12.22375774383545,0.05,-11.634170532226562,,
139750,2.915630340576172,0.05,-11.187561988830566,,
139800,5.28779411315918,0.05,-11.030060768127441,,
139850,12.217742919921875,0.05,-9.961159706115723,,
139900,8.461437225341797,0.05,-12.269309997558594,,
139950,9.912398338317871,0.05,-11.504685401916504,,
140000,0.27406302094459534,0.05,-10.217608451843262,,
140050,2.9438371658325195,0.05,-10.455784797668457,,
140100,2.5002925395965576,0.05,-10.083571434020996,,
140150,18.140792846679688,0.05,-12.466269493103027,,
140200,15.197793006896973,0.05,-10.228204727172852,,
140250,27.79052734375,0.05,-12.608155250549316,,
140300,9.708340644836426,0.05,-12.437653541564941,,
140350,11.062690734863281,0.05,-12.919868469238281,,
140400,15.359103202819824,0.05,-11.59707260131836,,
140450,13.74493408203125,0.05,-10.589068412780762,,
140500,12.709662437438965,0.05,-11.882901191711426,,
140550,7.098907947540283,0.05,-12.51754379272461,,
140600,3.371736526489258,0.05,-10.579270362854004,,
140650,6.084132671356201,0.05,-11.203266143798828,,
140700,3.489370346069336,0.05,-10.799156188964844,,
140750,6.382656097412109,0.05,-10.93408203125,,
140800,9.776484489440918,0.05,-11.923786163330078,,
140850,7.367959499359131,0.05,-10.315936088562012,,
140900,18.003795623779297,0.05,-10.783370971679688,,
140950,5.733725070953369,0.05,-10.30931568145752,,
141000,4.12178373336792,0.05,-10.902464866638184,,
141050,21.017261505126953,0.05,-10.03901195526123,,
141100,14.407364845275879,0.05,-11.798187255859375,,
141150,9.338130950927734,0.05,-10.488304138183594,,
141200,3.6531612873077393,0.05,-11.809986114501953,,
141250,9.985507011413574,0.05,-10.864483833312988,,
141300,5.931424617767334,0.05,-11.777226448059082,,
141350,7.006843090057373,0.05,-11.626601219177246,,
141400,6.149319171905518,0.05,-11.875266075134277,,
141450,11.08144474029541,0.05,-11.02110767364502,,
141500,4.546821117401123,0.05,-11.49868392944336,,
141550,11.404017448425293,0.05,-11.176690101623535,,
141600,9.202980041503906,0.05,-10.69705581665039,,
141650,8.37557601928711,0.05,-12.158648490905762,,
141700,1.4224152565002441,0.05,-10.91771411895752,,
141750,1.3946274518966675,0.05,-10.289996147155762,,
141800,0.7330315709114075,0.05,-11.481013298034668,,
141850,3.8801918029785156,0.05,-11.601014137268066,,
141900,6.4403977394104,0.05,-10.404595375061035,,
141950,1.2339617013931274,0.05,-12.710785865783691,,
142000,5.916650295257568,0.05,-11.828669548034668,,
142050,4.1538777351379395,0.05,-11.651991844177246,,
142100,9.126348495483398,0.05,-10.383496284484863,,
142150,7.8622894287109375,0.05,-11.41625690460205,,
142200,12.483375549316406,0.05,-11.122464179992676,,
142250,9.963191986083984,0.05,-11.751141548156738,,
142300,4.67741584777832,0.05,-10.74106216430664,,
142350,8.7884521484375,0.05,-12.9644775390625,,
142400,22.320600509643555,0.05,-13.551478385925293,,
142450,4.766181945800781,0.05,-11.433194160461426,,
142500,11.334617614746094,0.05,-13.117729187011719,,
142550,13.164032936096191,0.05,-10.016429901123047,,
142600,8.940208435058594,0.05,-10.81167221069336,,
142650,8.556249618530273,0.05,-11.724468231201172,,
142700,7.685807704925537,0.05,-11.7321195602417,,
142750,5.626523494720459,0.05,-11.485428810119629,,
142800,5.0950608253479,0.05,-11.239906311035156,,
142850,7.746453762054443,0.05,-11.208724021911621,,
142900,8.199723243713379,0.05,-11.69555950164795,,
142950,11.610299110412598,0.05,-10.008742332458496,,
143000,1.277221441268921,0.05,-10.57201099395752,,
143050,8.531174659729004,0.05,-10.3389310836792,,
143100,6.081064224243164,0.05,-9.880403518676758,,
143150,1.9120975732803345,0.05,-10.986260414123535,,
143200,6.681102275848389,0.05,-11.619388580322266,,
143250,3.6059398651123047,0.05,-12.456733703613281,,
143300,3.2971153259277344,0.05,-11.209529876708984,,
143350,4.6769866943359375,0.05,-10.671878814697266,,
143400,4.820733547210693,0.05,-11.273579597473145,,
143450,2.972543716430664,0.05,-10.646895408630371,,
143500,15.029929161071777,0.05,-10.598892211914062,,
143550,1.7117295265197754,0.05,-10.931122779846191,,
143600,9.64641284942627,0.05,-10.664617538452148,,
143650,17.863555908203125,0.05,-12.048617362976074,,
143700,10.335402488708496,0.05,-10.275476455688477,,
143750,9.619951248168945,0.05,-12.05119800567627,,
143800,2.9581480026245117,0.05,-13.314064979553223,,
143850,5.102320194244385,0.05,-10.25372314453125,,
143900,3.2657546997070312,0.05,-10.372614860534668,,
143950,7.1847076416015625,0.05,-11.434337615966797,,
144000,19.038558959960938,0.05,-11.382048606872559,,
144050,3.1019246578216553,0.05,-11.14684009552002,,
144100,9.104447364807129,0.05,-11.033889770507812,,
144150,4.750107288360596,0.05,-10.936223030090332,,
144200,10.420757293701172,0.05,-10.764571189880371,,
144250,2.8549633026123047,0.05,-10.434264183044434,,
144300,7.732972621917725,0.05,-9.861623764038086,,
144350,13.823758125305176,0.05,-11.135111808776855,,
144400,10.868542671203613,0.05,-11.321456909179688,,
144450,6.410129547119141,0.05,-10.352766036987305,,
144500,1.9968911409378052,0.05,-9.965401649475098,,
144550,12.022231101989746,0.05,-11.3440580368042,,
144600,3.7570641040802,0.05,-11.726470947265625,,
144650,0.4500167667865753,0.05,-9.82732105255127,,
144700,6.699264049530029,0.05,-11.549349784851074,,
144750,5.078065872192383,0.05,-10.570660591125488,,
144800,3.4513206481933594,0.05,-10.128920555114746,,
144850,3.5679728984832764,0.05,-11.527583122253418,,
144900,5.393723011016846,0.05,-10.0018892288208,,
144950,14.443843841552734,0.05,-11.874686241149902,,
145000,11.625834465026855,0.05,-9.988921165466309,,
145050,17.105571746826172,0.05,-11.272915840148926,,
145100,0.6113620400428772,0.05,-9.90521240234375,,
145150,21.39731788635254,0.05,-11.174715995788574,,
145200,25.707609176635742,0.05,-11.99721622467041,,
145250,2.618746042251587,0.05,-11.371058464050293,,
145300,5.199124336242676,0.05,-9.674540519714355,,
145350,16.12242317199707,0.05,-10.709013938903809,,
145400,4.359451770782471,0.05,-10.74277114868164,,
145450,5.963748455047607,0.05,-10.944683074951172,,
145500,8.204984664916992,0.05,-9.127226829528809,,
145550,18.889345169067383,0.05,-11.025185585021973,,
145600,2.2168285846710205,0.05,-11.7313814163208,,
145650,0.4117821156978607,0.05,-12.394339561462402,,
145700,1.963412880897522,0.05,-10.376883506774902,,
145750,8.348820686340332,0.05,-10.247483253479004,,
145800,2.3871195316314697,0.05,-12.051579475402832,,
145850,1.785048484802246,0.05,-11.247725486755371,,
145900,6.792291641235352,0.05,-10.475422859191895,,
145950,4.707019805908203,0.05,-9.85301685333252,,
146000,3.078571319580078,0.05,-10.71096134185791,,
146050,14.313720703125,0.05,-10.290438652038574,,
146100,2.6522810459136963,0.05,-9.68212890625,,
146150,6.943639755249023,0.05,-11.417222023010254,,
146200,9.851487159729004,0.05,-10.311430931091309,,
146250,3.697108507156372,0.05,-10.125250816345215,,
146300,3.731438636779785,0.05,-10.251752853393555,,
146350,6.24378776550293,0.05,-11.473114013671875,,
146400,1.601715087890625,0.05,-9.902202606201172,,
146450,3.818073272705078,0.05,-9.574212074279785,,
146500,0.5626278519630432,0.05,-10.672762870788574,,
146550,12.204825401306152,0.05,-11.011375427246094,,
146600,4.453857421875,0.05,-11.01252269744873,,
146650,5.424410343170166,0.05,-10.499110221862793,,
146700,4.388247489929199,0.05,-11.037293434143066,,
146750,16.943464279174805,0.05,-10.688422203063965,,
146800,8.554268836975098,0.05,-10.164734840393066,,
146850,2.4674642086029053,0.05,-11.054428100585938,,
146900,32.75322341918945,0.05,-12.02724838256836,,
146950,5.798715591430664,0.05,-11.29334545135498,,
147000,5.239499568939209,0.05,-10.103880882263184,,
147050,8.21877670288086,0.05,-9.797501564025879,,
147100,21.833892822265625,0.05,-12.282998085021973,,
147150,7.850799560546875,0.05,-9.981159210205078,,
147200,9.111565589904785,0.05,-9.996162414550781,,
147250,2.6889326572418213,0.05,-11.39867877960205,,
147300,0.5808826088905334,0.05,-9.5178804397583,,
147350,8.187954902648926,0.05,-10.611466407775879,,
147400,6.525867462158203,0.05,-9.986422538757324,,
147450,2.989396095275879,0.05,-10.975360870361328,,
147500,5.731334686279297,0.05,-10.136801719665527,,
147550,4.572415828704834,0.05,-10.143567085266113,,
147600,7.4497246742248535,0.05,-10.423100471496582,,
147650,4.504334926605225,0.05,-10.848494529724121,,
147700,7.765047073364258,0.05,-10.631787300109863,,
147750,3.119892120361328,0.05,-11.765480041503906,,
147800,8.279215812683105,0.05,-9.994341850280762,,
147850,8.665360450744629,0.05,-11.656723976135254,,
147900,5.615206241607666,0.05,-10.33174991607666,,
147950,11.635214805603027,0.05,-9.086134910583496,,
148000,5.413646221160889,0.05,-10.385289192199707,,
148050,9.509509086608887,0.05,-9.787075996398926,,
148100,11.580052375793457,0.05,-11.69544506072998,,
148150,3.2767646312713623,0.05,-9.787267684936523,,
148200,7.687669277191162,0.05,-11.420516967773438,,
148250,8.493752479553223,0.05,-10.312970161437988,,
148300,12.07016372680664,0.05,-10.513651847839355,,
148350,15.04923152923584,0.05,-11.346968650817871,,
148400,5.330157279968262,0.05,-10.320237159729004,,
148450,2.3035359382629395,0.05,-9.017655372619629,,
148500,18.765522003173828,0.05,-10.562409400939941,,
148550,12.530474662780762,0.05,-10.670818328857422,,
148600,12.63412857055664,0.05,-10.203717231750488,,
148650,7.893852233886719,0.05,-9.890633583068848,,
148700,3.9647605419158936,0.05,-9.956101417541504,,
148750,8.451873779296875,0.05,-10.894546508789062,,
148800,3.4464399814605713,0.05,-10.285122871398926,,
148850,4.274974346160889,0.05,-10.566033363342285,,
148900,2.8902854919433594,0.05,-9.627962112426758,,
148950,5.250489711761475,0.05,-10.48151683807373,,
149000,11.306984901428223,0.05,-10.575730323791504,,
149050,7.693119525909424,0.05,-11.57388973236084,,
149100,16.075889587402344,0.05,-10.561923027038574,,
149150,12.534469604492188,0.05,-11.461307525634766,,
149200,15.769757270812988,0.05,-10.082538604736328,,
149250,2.005093812942505,0.05,-10.174866676330566,,
149300,0.6176993250846863,0.05,-9.925084114074707,,
149350,6.47149658203125,0.05,-10.00937271118164,,
149400,3.0512259006500244,0.05,-9.918944358825684,,
149450,2.871826410293579,0.05,-9.481587409973145,,
149500,2.4689295291900635,0.05,-11.536941528320312,,
149550,1.8555186986923218,0.05,-10.473714828491211,,
149600,6.135887622833252,0.05,-10.566100120544434,,
149650,2.2584617137908936,0.05,-9.83714771270752,,
149700,2.2670743465423584,0.05,-10.35694694519043,,
149750,6.244444370269775,0.05,-9.426700592041016,,
149800,8.422100067138672,0.05,-10.405708312988281,,
149850,4.862903594970703,0.05,-10.642796516418457,,
149900,2.5072176456451416,0.05,-9.160929679870605,,
149950,0.4402543008327484,0.05,-9.530814170837402,,
150000,10.301531791687012,0.05,-10.234221458435059,-0.9001467096534225,46.4
150050,5.531667232513428,0.05,-10.763258934020996,,
150100,2.0303902626037598,0.05,-10.676024436950684,,
150150,1.650499939918518,0.05,-10.550322532653809,,
150200,2.4156579971313477,0.05,-10.344732284545898,,
150250,5.291724681854248,0.05,-11.153263092041016,,
150300,1.5734502077102661,0.05,-9.074004173278809,,
150350,8.816514015197754,0.05,-11.25861644744873,,
150400,9.779350280761719,0.05,-10.923510551452637,,
150450,5.635214328765869,0.05,-10.238877296447754,,
150500,5.080286502838135,0.05,-9.548958778381348,,
150550,10.36579418182373,0.05,-9.639581680297852,,
150600,0.5080930590629578,0.05,-9.213797569274902,,
150650,0.8295000195503235,0.05,-10.184871673583984,,
150700,2.8105955123901367,0.05,-11.027068138122559,,
150750,1.5762267112731934,0.05,-8.761771202087402,,
150800,0.28857848048210144,0.05,-9.685625076293945,,
150850,3.5291452407836914,0.05,-11.22406005859375,,
150900,1.4451981782913208,0.05,-10.48576831817627,,
150950,7.092682361602783,0.05,-10.70607852935791,,
151000,11.884513854980469,0.05,-10.367061614990234,,
151050,2.7450082302093506,0.05,-10.377614974975586,,
151100,9.124332427978516,0.05,-12.5003023147583,,
151150,8.81818675994873,0.05,-10.912422180175781,,
151200,4.228896141052246,0.05,-10.627457618713379,,
151250,6.895653247833252,0.05,-9.681530952453613,,
151300,2.457045316696167,0.05,-10.385865211486816,,
151350,10.66342830657959,0.05,-9.790989875793457,,
151400,8.280495643615723,0.05,-11.111095428466797,,
151450,11.171607971191406,0.05,-10.007095336914062,,
151500,3.7909276485443115,0.05,-9.8369779586792,,
151550,1.8086247444152832,0.05,-10.221686363220215,,
151600,3.1478970050811768,0.05,-9.94157886505127,,
151650,8.148134231567383,0.05,-11.781554222106934,,
151700,1.4580039978027344,0.05,-10.142827033996582,,
151750,5.379762172698975,0.05,-10.866589546203613,,
151800,3.751856565475464,0.05,-11.203272819519043,,
151850,4.863645076751709,0.05,-9.2615385055542,,
151900,3.0484488010406494,0.05,-9.322043418884277,,
151950,19.316085815429688,0.05,-11.659229278564453,,
152000,12.187275886535645,0.05,-10.455845832824707,,
152050,5.127400875091553,0.05,-9.52973461151123,,
152100,18.612598419189453,0.05,-9.96760368347168,,
152150,7.272679805755615,0.05,-11.327364921569824,,
152200,0.6936297416687012,0.05,-8.240772247314453,,
152250,3.5314016342163086,0.05,-8.840710639953613,,
152300,4.313937187194824,0.05,-9.005072593688965,,
152350,9.571381568908691,0.05,-10.702033996582031,,
152400,7.25029182434082,0.05,-8.946462631225586,,
152450,2.5206003189086914,0.05,-9.956046104431152,,
152500,3.438828229904175,0.05,-9.39808464050293,,
152550,7.333234786987305,0.05,-8.170723915100098,,
152600,6.665767669677734,0.05,-11.06417179107666,,
152650,0.7164477705955505,0.05,-8.977662086486816,,
152700,5.300821781158447,0.05,-8.900708198547363,,
152750,1.469137191772461,0.05,-9.652121543884277,,
152800,5.5067877769470215,0.05,-9.13418960571289,,
152850,13.386248588562012,0.05,-10.895713806152344,,
152900,7.83387565612793,0.05,-10.083413124084473,,
152950,3.9823389053344727,0.05,-9.992682456970215,,
153000,2.0788772106170654,0.05,-8.365091323852539,,
153050,0.23565393686294556,0.05,-8.410709381103516,,
153100,0.4668894112110138,0.05,-8.828221321105957,,
153150,2.3852343559265137,0.05,-8.971439361572266,,
153200,1.1360549926757812,0.05,-9.646010398864746,,
153250,1.8368080854415894,0.05,-9.062640190124512,,
153300,2.346565008163452,0.05,-10.104397773742676,,
153350,12.969841957092285,0.05,-9.60168170928955,,
153400,4.371482849121094,0.05,-9.201981544494629,,
153450,15.38587474822998,0.05,-10.67017650604248,,
153500,7.82516622543335,0.05,-9.566340446472168,,
153550,21.530359268188477,0.05,-11.458174705505371,,
153600,2.6112899780273438,0.05,-8.926315307617188,,
153650,14.6437406539917,0.05,-8.80029582977295,,
153700,5.1104416847229,0.05,-9.417418479919434,,
153750,2.2956387996673584,0.05,-8.878033638000488,,
153800,4.336094379425049,0.05,-9.794578552246094,,
153850,7.778254985809326,0.05,-9.040170669555664,,
153900,2.0822699069976807,0.05,-9.496920585632324,,
153950,9.835156440734863,0.05,-9.473267555236816,,
154000,5.873281478881836,0.05,-9.773011207580566,,
154050,2.8708927631378174,0.05,-9.92091178894043,,
154100,3.437100410461426,0.05,-9.72884750366211,,
154150,13.275039672851562,0.05,-8.964930534362793,,
154200,6.739607334136963,0.05,-9.623534202575684,,
154250,22.6050968170166,0.05,-9.831282615661621,,
154300,5.959585666656494,0.05,-10.306492805480957,,
154350,22.118453979492188,0.05,-10.151805877685547,,
154400,1.0887852907180786,0.05,-9.010601043701172,,
154450,2.2686736583709717,0.05,-10.98132038116455,,
154500,4.429133892059326,0.05,-8.44082260131836,,
154550,3.4343435764312744,0.05,-9.474266052246094,,
154600,6.526971340179443,0.05,-10.6849365234375,,
154650,19.10688591003418,0.05,-10.93732738494873,,
154700,2.8521783351898193,0.05,-11.006949424743652,,
154750,8.782291412353516,0.05,-8.942259788513184,,
154800,7.981626987457275,0.05,-9.83051586151123,,
154850,10.601243019104004,0.05,-10.395851135253906,,
154900,3.1342875957489014,0.05,-10.71543025970459,,
154950,16.633943557739258,0.05,-11.460591316223145,,
155000,11.5697660446167,0.05,-9.646039009094238,,
155050,15.281575202941895,0.05,-11.065947532653809,,
155100,24.42731285095215,0.05,-10.567477226257324,,
155150,10.767837524414062,0.05,-7.88027811050415,,
155200,2.34423828125,0.05,-8.429588317871094,,
155250,3.0218687057495117,0.05,-11.300060272216797,,
155300,1.3244670629501343,0.05,-9.305335998535156,,
155350,2.0896081924438477,0.05,-11.417369842529297,,
155400,3.1793813705444336,0.05,-9.73355484008789,,
155450,1.2548882961273193,0.05,-8.92600154876709,,
155500,20.421051025390625,0.05,-10.6259183883667,,
155550,0.6495286822319031,0.05,-9.331421852111816,,
155600,17.520994186401367,0.05,-9.713580131530762,,
155650,1.6863597631454468,0.05,-9.064725875854492,,
155700,21.842370986938477,0.05,-10.406142234802246,,
155750,6.1922287940979,0.05,-9.926613807678223,,
155800,9.626813888549805,0.05,-9.913202285766602,,
155850,2.9630887508392334,0.05,-9.193709373474121,,
155900,14.9187593460083,0.05,-9.43674087524414,,
155950,12.004325866699219,0.05,-10.30654525756836,,
156000,0.595666229724884,0.05,-8.402409553527832,,
156050,13.536293983459473,0.05,-9.360392570495605,,
156100,1.875755786895752,0.05,-10.802908897399902,,
156150,13.497164726257324,0.05,-11.003650665283203,,
156200,3.5887339115142822,0.05,-10.261528968811035,,
156250,5.810237884521484,0.05,-10.751057624816895,,
156300,7.292104244232178,0.05,-11.102283477783203,,
156350,18.409320831298828,0.05,-10.402575492858887,,
156400,9.912421226501465,0.05,-9.385111808776855,,
156450,2.1837899684906006,0.05,-8.966113090515137,,
156500,11.112265586853027,0.05,-11.607903480529785,,
156550,3.3425261974334717,0.05,-8.787822723388672,,
156600,3.8863823413848877,0.05,-8.673505783081055,,
156650,10.65502643585205,0.05,-9.730826377868652,,
156700,4.356635570526123,0.05,-8.632164001464844,,
156750,5.195779800415039,0.05,-10.52114486694336,,
156800,7.665674209594727,0.05,-10.873007774353027,,
156850,16.482925415039062,0.05,-10.191988945007324,,
156900,2.9390299320220947,0.05,-8.777541160583496,,
156950,0.637360155582428,0.05,-10.249381065368652,,
157000,13.967292785644531,0.05,-10.806358337402344,,
157050,4.23284912109375,0.05,-9.797664642333984,,
157100,24.941741943359375,0.05,-10.254315376281738,,
157150,7.154508113861084,0.05,-9.333123207092285,,
157200,7.866183757781982,0.05,-9.77029037475586,,
157250,10.796012878417969,0.05,-10.033308982849121,,
157300,2.0575456619262695,0.05,-9.56245231628418,,
157350,6.749327182769775,0.05,-9.514874458312988,,
157400,23.382781982421875,0.05,-10.121010780334473,,
157450,8.5851411819458,0.05,-12.874955177307129,,
157500,4.0435357093811035,0.05,-9.886768341064453,,
157550,6.055850505828857,0.05,-10.364997863769531,,
157600,9.194283485412598,0.05,-10.28391170501709,,
157650,3.5924675464630127,0.05,-10.878296852111816,,
157700,3.1817281246185303,0.05,-11.144100189208984,,
157750,0.9353587031364441,0.05,-9.235688209533691,,
157800,8.95419979095459,0.05,-9.141905784606934,,
157850,8.040251731872559,0.05,-11.260437965393066,,
157900,10.522597312927246,0.05,-9.94397258758545,,
157950,7.661837100982666,0.05,-9.698410034179688,,
158000,8.800619125366211,0.05,-11.364986419677734,,
158050,5.615386962890625,0.05,-9.315491676330566,,
158100,14.674243927001953,0.05,-11.027005195617676,,
158150,1.6924858093261719,0.05,-9.224019050598145,,
158200,5.305974006652832,0.05,-9.36672306060791,,
158250,1.8180516958236694,0.05,-9.252967834472656,,
158300,15.678375244140625,0.05,-9.790539741516113,,
158350,2.363719940185547,0.05,-10.111981391906738,,
158400,5.30507230758667,0.05,-9.335919380187988,,
158450,14.067410469055176,0.05,-9.101547241210938,,
158500,15.433426856994629,0.05,-9.31606674194336,,
158550,5.981051921844482,0.05,-10.455604553222656,,
158600,11.473419189453125,0.05,-10.915669441223145,,
158650,17.004823684692383,0.05,-11.170475959777832,,
158700,14.508606910705566,0.05,-10.282943725585938,,
158750,0.8685548305511475,0.05,-8.783808708190918,,
158800,6.895715713500977,0.05,-9.517252922058105,,
158850,15.786213874816895,0.05,-9.697458267211914,,
158900,4.317080497741699,0.05,-8.799839973449707,,
158950,0.9758753180503845,0.05,-9.42525863647461,,
159000,4.474415302276611,0.05,-11.17326831817627,,
159050,4.988780975341797,0.05,-9.43532943725586,,
159100,1.8399368524551392,0.05,-9.888114929199219,,
159150,2.5939228534698486,0.05,-9.89737319946289,,
159200,7.327559947967529,0.05,-10.440653800964355,,
159250,4.381347179412842,0.05,-9.511966705322266,,
159300,7.463546276092529,0.05,-10.619925498962402,,
159350,4.472505569458008,0.05,-9.415959358215332,,
159400,5.487607479095459,0.05,-10.384739875793457,,
159450,2.6279783248901367,0.05,-10.19721508026123,,
159500,13.439400672912598,0.05,-10.533270835876465,,
159550,2.1413614749908447,0.05,-10.477263450622559,,
159600,22.86018180847168,0.05,-10.66346263885498,,
159650,7.220552444458008,0.05,-10.239106178283691,,
159700,9.72642707824707,0.05,-10.11337947845459,,
159750,2.477165460586548,0.05,-8.78968334197998,,
159800,4.963329315185547,0.05,-11.787467956542969,,
159850,7.124598026275635,0.05,-9.324481964111328,,
159900,7.568864345550537,0.05,-9.889691352844238,,
159950,19.40897560119629,0.05,-10.399334907531738,,
160000,14.428540229797363,0.05,-10.832345008850098,,
160050,5.2164692878723145,0.05,-9.538065910339355,,
160100,15.643974304199219,0.05,-10.545256614685059,,
160150,8.772004127502441,0.05,-10.083220481872559,,
160200,3.855753183364868,0.05,-9.905463218688965,,
160250,9.576691627502441,0.05,-10.384364128112793,,
160300,0.6025353074073792,0.05,-10.480875968933105,,
160350,10.023300170898438,0.05,-9.038702964782715,,
160400,2.30088210105896,0.05,-9.253101348876953,,
160450,3.190640449523926,0.05,-10.482651710510254,,
160500,11.011066436767578,0.05,-10.579005241394043,,
160550,6.537959575653076,0.05,-9.69235897064209,,
160600,6.392360210418701,0.05,-10.935173034667969,,
160650,17.075759887695312,0.05,-10.23273754119873,,
160700,2.5143210887908936,0.05,-9.90256404876709,,
160750,1.4769535064697266,0.05,-9.707514762878418,,
160800,6.75277853012085,0.05,-10.121346473693848,,
160850,1.5800431966781616,0.05,-9.777508735656738,,
160900,12.192967414855957,0.05,-10.736784934997559,,
160950,14.74857234954834,0.05,-10.202377319335938,,
161000,1.5917621850967407,0.05,-10.170769691467285,,
161050,15.379033088684082,0.05,-9.752147674560547,,
161100,0.3366108238697052,0.05,-10.722267150878906,,
161150,4.114582538604736,0.05,-10.065929412841797,,
161200,9.204683303833008,0.05,-8.834980964660645,,
161250,4.144493579864502,0.05,-9.282052040100098,,
161300,12.909159660339355,0.05,-9.139763832092285,,
161350,11.2471342086792,0.05,-10.547274589538574,,
161400,10.669476509094238,0.05,-11.126949310302734,,
161450,3.0798234939575195,0.05,-10.916133880615234,,
161500,6.941783905029297,0.05,-10.225873947143555,,
161550,4.685025215148926,0.05,-9.434239387512207,,
161600,8.35731315612793,0.05,-9.258418083190918,,
161650,9.648368835449219,0.05,-9.702250480651855,,
161700,4.733317852020264,0.05,-9.787386894226074,,
161750,7.909209728240967,0.05,-8.434998512268066,,
161800,5.2245049476623535,0.05,-10.112504005432129,,
161850,6.859529972076416,0.05,-9.54842758178711,,
161900,2.476407527923584,0.05,-9.062055587768555,,
161950,5.1524338722229,0.05,-10.313105583190918,,
162000,3.0605251789093018,0.05,-9.691291809082031,,
162050,3.299484968185425,0.05,-11.123906135559082,,
162100,7.649653911590576,0.05,-8.855134010314941,,
162150,0.2780424654483795,0.05,-9.3305025100708,,
162200,2.8081696033477783,0.05,-9.492064476013184,,
162250,5.354764461517334,0.05,-11.825359344482422,,
162300,10.394696235656738,0.05,-9.35007381439209,,
162350,1.6532020568847656,0.05,-9.410361289978027,,
162400,8.383054733276367,0.05,-9.722596168518066,,
162450,4.202273845672607,0.05,-10.441920280456543,,
162500,4.60869026184082,0.05,-10.593546867370605,,
162550,1.6129379272460938,0.05,-9.991497993469238,,
162600,2.224518060684204,0.05,-9.482240676879883,,
162650,0.8215026259422302,0.05,-9.532746315002441,,
162700,13.480350494384766,0.05,-9.977110862731934,,
162750,17.729440689086914,0.05,-9.06251049041748,,
162800,7.558226108551025,0.05,-8.077214241027832,,
162850,1.6828880310058594,0.05,-9.502964973449707,,
162900,10.052231788635254,0.05,-9.525789260864258,,
162950,4.696650981903076,0.05,-9.53266429901123,,
163000,16.920331954956055,0.05,-9.106914520263672,,
163050,11.047069549560547,0.05,-8.637537956237793,,
163100,1.5820808410644531,0.05,-10.829161643981934,,
163150,1.2963793277740479,0.05,-10.25036334991455,,
163200,5.91647481918335,0.05,-9.222095489501953,,
163250,5.802499294281006,0.05,-9.298249244689941,,
163300,3.659449577331543,0.05,-9.872090339660645,,
163350,11.1583890914917,0.05,-9.680899620056152,,
163400,11.04831314086914,0.05,-9.45234203338623,,
163450,3.647817611694336,0.05,-9.3059663772583,,
163500,17.10563850402832,0.05,-10.458771705627441,,
163550,3.09267258644104,0.05,-10.621794700622559,,
163600,7.150672912597656,0.05,-9.888300895690918,,
163650,5.258148670196533,0.05,-11.178645133972168,,
163700,3.6180899143218994,0.05,-9.781880378723145,,
163750,8.732726097106934,0.05,-9.285927772521973,,
163800,11.145339012145996,0.05,-12.112678527832031,,
163850,6.244340896606445,0.05,-9.784729957580566,,
163900,7.7692084312438965,0.05,-11.45710277557373,,
163950,31.2984561920166,0.05,-9.743310928344727,,
164000,12.192666053771973,0.05,-9.982024192810059,,
164050,0.32728129625320435,0.05,-9.743840217590332,,
164100,4.962055683135986,0.05,-10.85311222076416,,
164150,9.179224014282227,0.05,-8.831443786621094,,
164200,15.411463737487793,0.05,-10.36986255645752,,
164250,4.3038010597229,0.05,-11.262557983398438,,
164300,5.747297286987305,0.05,-10.931994438171387,,
164350,9.94330883026123,0.05,-9.530525207519531,,
164400,12.69150161743164,0.05,-10.46141242980957,,
164450,5.540307521820068,0.05,-9.999094009399414,,
164500,10.508444786071777,0.05,-10.861706733703613,,
164550,15.6603364944458,0.05,-11.72887897491455,,
164600,0.7926937937736511,0.05,-9.308064460754395,,
164650,0.6258650422096252,0.05,-10.043726921081543,,
164700,19.2618408203125,0.05,-9.894181251525879,,
164750,17.599916458129883,0.05,-10.950462341308594,,
164800,27.880590438842773,0.05,-12.325648307800293,,
164850,6.932789325714111,0.05,-10.644455909729004,,
164900,7.846546649932861,0.05,-9.883533477783203,,
164950,4.782953262329102,0.05,-9.172856330871582,,
165000,13.998638153076172,0.05,-10.031261444091797,,
165050,1.9767581224441528,0.05,-10.696976661682129,,
165100,16.18073081970215,0.05,-9.882002830505371,,
165150,8.030789375305176,0.05,-9.981574058532715,,
165200,3.327967405319214,0.05,-9.796695709228516,,
165250,12.250292778015137,0.05,-9.629512786865234,,
165300,9.19492244720459,0.05,-11.10013198852539,,
165350,22.686264038085938,0.05,-9.323023796081543,,
165400,11.406725883483887,0.05,-10.059221267700195,,
165450,5.728903293609619,0.05,-9.293899536132812,,
165500,15.312576293945312,0.05,-10.769583702087402,,
165550,0.4794696271419525,0.05,-10.745624542236328,,
165600,5.647847652435303,0.05,-10.236409187316895,,
165650,15.626140594482422,0.05,-10.192855834960938,,
165700,8.123170852661133,0.05,-8.160273551940918,,
165750,2.3636393547058105,0.05,-9.397438049316406,,
165800,6.139638900756836,0.05,-11.29474925994873,,
165850,7.83018684387207,0.05,-10.112271308898926,,
165900,9.265429496765137,0.05,-8.60024356842041,,
165950,6.048973560333252,0.05,-10.440754890441895,,
166000,6.255413055419922,0.05,-8.629605293273926,,
166050,0.7844336628913879,0.05,-9.132222175598145,,
166100,8.6400146484375,0.05,-10.472403526306152,,
166150,4.81049108505249,0.05,-8.723530769348145,,
166200,20.645700454711914,0.05,-11.180889129638672,,
166250,7.508791446685791,0.05,-9.619307518005371,,
166300,9.098169326782227,0.05,-9.240852355957031,,
166350,3.412660837173462,0.05,-9.79862117767334,,
166400,16.981884002685547,0.05,-10.494793891906738,,
166450,8.532929420471191,0.05,-9.039982795715332,,
166500,3.006802797317505,0.05,-8.099468231201172,,
166550,4.147675037384033,0.05,-11.542521476745605,,
166600,1.9061335325241089,0.05,-10.9186429977417,,
166650,6.504164218902588,0.05,-8.072148323059082,,
166700,6.087734699249268,0.05,-8.730050086975098,,
166750,9.385258674621582,0.05,-9.528069496154785,,
166800,4.056198596954346,0.05,-9.9453125,,
166850,31.91876983642578,0.05,-10.530829429626465,,
166900,17.240163803100586,0.05,-10.987584114074707,,
166950,1.0795830488204956,0.05,-7.731028079986572,,
167000,0.5707224011421204,0.05,-9.737584114074707,,
167050,9.76115894317627,0.05,-9.431168556213379,,
167100,7.074127674102783,0.05,-8.709773063659668,,
167150,3.3416433334350586,0.05,-8.526713371276855,,
167200,6.973180770874023,0.05,-9.075078010559082,,
167250,4.1841230392456055,0.05,-8.833317756652832,,
167300,1.3800196647644043,0.05,-8.890421867370605,,
167350,17.170429229736328,0.05,-9.826842308044434,,
167400,2.034980535507202,0.05,-10.11996841430664,,
167450,14.023109436035156,0.05,-11.039969444274902,,
167500,8.731236457824707,0.05,-9.35496997833252,,
167550,22.364654541015625,0.05,-10.248128890991211,,
167600,9.669668197631836,0.05,-10.183199882507324,,
167650,24.491010665893555,0.05,-9.52637767791748,,
167700,6.7433929443359375,0.05,-8.129949569702148,,
167750,12.430697441101074,0.05,-9.468214988708496,,
167800,23.281496047973633,0.05,-8.809320449829102,,
167850,2.041382312774658,0.05,-9.23064136505127,,
167900,6.490859508514404,0.05,-9.509243965148926,,
167950,4.888805866241455,0.05,-8.616654396057129,,
168000,18.895252227783203,0.05,-9.209549903869629,,
168050,6.5711750984191895,0.05,-10.821094512939453,,
168100,12.507040977478027,0.05,-10.34121036529541,,
168150,12.102681159973145,0.05,-9.898032188415527,,
168200,4.534912586212158,0.05,-9.903814315795898,,
168250,6.155109882354736,0.05,-10.579536437988281,,
168300,2.405155897140503,0.05,-8.351557731628418,,
168350,12.114411354064941,0.05,-8.606247901916504,,
168400,7.833545684814453,0.05,-10.501965522766113,,
168450,2.230156660079956,0.05,-9.599837303161621,,
168500,4.470561504364014,0.05,-8.800783157348633,,
168550,0.8957259058952332,0.05,-7.538938045501709,,
168600,4.033271312713623,0.05,-10.052217483520508,,
168650,13.022114753723145,0.05,-10.172996520996094,,
168700,12.318833351135254,0.05,-8.846945762634277,,
168750,11.707417488098145,0.05,-8.15757942199707,,
168800,5.3678131103515625,0.05,-9.12387752532959,,
168850,4.674762725830078,0.05,-9.30591106414795,,
168900,10.795181274414062,0.05,-8.850846290588379,,
168950,11.070305824279785,0.05,-8.443081855773926,,
169000,15.895278930664062,0.05,-9.714205741882324,,
169050,2.8684961795806885,0.05,-9.029720306396484,,
169100,6.912434101104736,0.05,-11.155463218688965,,
169150,1.6107314825057983,0.05,-9.441238403320312,,
169200,7.9037346839904785,0.05,-9.104911804199219,,
169250,8.051795959472656,0.05,-9.660574913024902,,
169300,16.8958797454834,0.05,-10.2952241897583,,
169350,2.473792791366577,0.05,-9.276276588439941,,
169400,14.674286842346191,0.05,-9.901092529296875,,
169450,15.042891502380371,0.05,-8.788918495178223,,
169500,2.1267049312591553,0.05,-9.83227252960205,,
169550,28.42978858947754,0.05,-10.400604248046875,,
169600,14.197131156921387,0.05,-10.549586296081543,,
169650,5.865895748138428,0.05,-10.431187629699707,,
169700,1.6098312139511108,0.05,-10.132850646972656,,
169750,8.73134708404541,0.05,-10.454258918762207,,
169800,20.23835563659668,0.05,-10.635086059570312,,
169850,10.213417053222656,0.05,-11.726027488708496,,
169900,1.0365272760391235,0.05,-10.191143989562988,,
169950,0.5327675938606262,0.05,-9.02164363861084,,
170000,1.7306723594665527,0.05,-9.794829368591309,,
170050,9.582511901855469,0.05,-10.857044219970703,,
170100,7.127251148223877,0.05,-10.58832836151123,,
170150,24.658828735351562,0.05,-9.162368774414062,,
170200,27.130037307739258,0.05,-11.106303215026855,,
170250,1.8766289949417114,0.05,-9.551169395446777,,
170300,8.24378776550293,0.05,-9.947380065917969,,
170350,27.508529663085938,0.05,-11.230547904968262,,
170400,13.874346733093262,0.05,-10.553719520568848,,
170450,13.987088203430176,0.05,-10.148170471191406,,
170500,5.177115440368652,0.05,-8.849767684936523,,
170550,15.991494178771973,0.05,-9.750593185424805,,
170600,24.84291648864746,0.05,-11.668391227722168,,
170650,1.9024572372436523,0.05,-9.438260078430176,,
170700,0.8140900731086731,0.05,-8.4627046585083,,
170750,5.592796802520752,0.05,-9.610371589660645,,
170800,10.319016456604004,0.05,-8.812546730041504,,
170850,12.157471656799316,0.05,-9.135068893432617,,
170900,15.360474586486816,0.05,-11.840083122253418,,
170950,13.8588285446167,0.05,-8.831239700317383,,
171000,16.070770263671875,0.05,-11.014636039733887,,
171050,26.715179443359375,0.05,-10.321051597595215,,
171100,48.702423095703125,0.05,-11.258213996887207,,
171150,16.903196334838867,0.05,-10.797870635986328,,
171200,4.199422359466553,0.05,-10.884444236755371,,
171250,13.082798957824707,0.05,-8.148884773254395,,
171300,22.139482498168945,0.05,-8.927412986755371,,
171350,9.330975532531738,0.05,-9.845429420471191,,
171400,25.603004455566406,0.05,-9.644572257995605,,
171450,4.463966369628906,0.05,-9.703557014465332,,
171500,1.2410860061645508,0.05,-9.577937126159668,,
171550,9.382864952087402,0.05,-9.651203155517578,,
171600,2.306603193283081,0.05,-9.840767860412598,,
171650,4.065903186798096,0.05,-9.868559837341309,,
171700,3.699843168258667,0.05,-10.734477996826172,,
171750,19.162857055664062,0.05,-10.066981315612793,,
171800,8.85506534576416,0.05,-10.7764253616333,,
171850,24.084327697753906,0.05,-9.795865058898926,,
171900,11.891966819763184,0.05,-10.681648254394531,,
171950,2.0733468532562256,0.05,-9.08942699432373,,
172000,1.171762466430664,0.05,-9.96118450164795,,
172050,6.974799633026123,0.05,-9.95189094543457,,
172100,16.25575828552246,0.05,-9.636697769165039,,
172150,5.74390983581543,0.05,-10.198851585388184,,
172200,4.5222487449646,0.05,-8.825325965881348,,
172250,8.800409317016602,0.05,-9.627349853515625,,
172300,4.392169952392578,0.05,-9.784438133239746,,
172350,6.128958225250244,0.05,-10.736083984375,,
172400,2.303220510482788,0.05,-8.55072021484375,,
172450,10.684216499328613,0.05,-9.597848892211914,,
172500,10.268991470336914,0.05,-9.872483253479004,,
172550,18.554750442504883,0.05,-8.966114044189453,,
172600,11.02805233001709,0.05,-10.184794425964355,,
172650,2.826554298400879,0.05,-9.267946243286133,,
172700,7.003723621368408,0.05,-8.762480735778809,,
172750,4.0073771476745605,0.05,-10.639695167541504,,
172800,8.485772132873535,0.05,-9.876191139221191,,
172850,9.065321922302246,0.05,-10.218087196350098,,
172900,12.899205207824707,0.05,-9.674437522888184,,
172950,7.945948123931885,0.05,-10.017892837524414,,
173000,7.289639949798584,0.05,-8.434549331665039,,
173050,1.8795509338378906,0.05,-8.906075477600098,,
173100,2.169398307800293,0.05,-9.15866756439209,,
173150,9.917180061340332,0.05,-8.355452537536621,,
173200,4.6167216300964355,0.05,-9.492725372314453,,
173250,10.512595176696777,0.05,-9.449433326721191,,
173300,8.219643592834473,0.05,-10.789616584777832,,
173350,10.390597343444824,0.05,-9.523933410644531,,
173400,19.403100967407227,0.05,-9.159504890441895,,
173450,7.560478210449219,0.05,-8.237103462219238,,
173500,3.9834165573120117,0.05,-9.997370719909668,,
173550,10.564177513122559,0.05,-9.462048530578613,,
173600,19.287822723388672,0.05,-10.092658996582031,,
173650,11.065014839172363,0.05,-10.332754135131836,,
173700,26.713088989257812,0.05,-9.500091552734375,,
173750,1.9865833520889282,0.05,-8.260937690734863,,
173800,11.291327476501465,0.05,-9.288666725158691,,
173850,6.947544097900391,0.05,-9.538084983825684,,
173900,2.461916208267212,0.05,-11.262924194335938,,
173950,22.94134521484375,0.05,-10.4658842086792,,
174000,12.667679786682129,0.05,-9.47153091430664,,
174050,22.24810028076172,0.05,-11.27348804473877,,
174100,14.20032024383545,0.05,-8.906983375549316,,
174150,12.171424865722656,0.05,-9.817309379577637,,
174200,11.114142417907715,0.05,-11.90190601348877,,
174250,16.324193954467773,0.05,-9.375214576721191,,
174300,28.50010108947754,0.05,-10.269535064697266,,
174350,5.108508586883545,0.05,-9.479047775268555,,
174400,1.8403563499450684,0.05,-11.551634788513184,,
174450,3.396576166152954,0.05,-8.500779151916504,,
174500,43.205810546875,0.05,-10.772758483886719,,
174550,10.716785430908203,0.05,-9.197164535522461,,
174600,10.731597900390625,0.05,-9.948406219482422,,
174650,6.804162979125977,0.05,-11.077752113342285,,
174700,14.497450828552246,0.05,-8.853707313537598,,
174750,0.9516615867614746,0.05,-9.043769836425781,,
174800,7.3515543937683105,0.05,-9.945639610290527,,
174850,4.0102458000183105,0.05,-8.421996116638184,,
174900,10.553610801696777,0.05,-9.48500919342041,,
174950,12.226656913757324,0.05,-9.375510215759277,,
175000,7.87318229675293,0.05,-9.762496948242188,-0.922762515532183,44.266666666666666
175050,3.3215885162353516,0.05,-9.034092903137207,,
175100,13.694512367248535,0.05,-10.737874031066895,,
175150,8.827452659606934,0.05,-10.180706977844238,,
175200,10.226115226745605,0.05,-9.108776092529297,,
175250,7.614871978759766,0.05,-9.874665260314941,,
175300,2.329481840133667,0.05,-8.6681547164917,,
175350,6.944873809814453,0.05,-8.934977531433105,,
175400,7.291513442993164,0.05,-10.264270782470703,,
175450,4.815544605255127,0.05,-10.185917854309082,,
175500,5.032215118408203,0.05,-9.485727310180664,,
175550,1.7229026556015015,0.05,-8.914095878601074,,
175600,4.299000263214111,0.05,-8.603331565856934,,
175650,6.446310043334961,0.05,-9.459847450256348,,
175700,1.7002147436141968,0.05,-8.81558895111084,,
175750,3.209408760070801,0.05,-9.487746238708496,,
175800,7.382700443267822,0.05,-10.278617858886719,,
175850,5.3135528564453125,0.05,-10.186042785644531,,
175900,8.79383373260498,0.05,-9.863652229309082,,
175950,9.868392944335938,0.05,-10.020232200622559,,
176000,6.5416789054870605,0.05,-8.811354637145996,,
176050,14.924224853515625,0.05,-7.846660614013672,,
176100,15.046101570129395,0.05,-9.24609661102295,,
176150,9.924643516540527,0.05,-8.540080070495605,,
176200,12.95887279510498,0.05,-11.206130981445312,,
176250,4.693741321563721,0.05,-9.083014488220215,,
176300,26.861642837524414,0.05,-9.725811958312988,,
176350,21.151138305664062,0.05,-10.210811614990234,,
176400,2.5319325923919678,0.05,-10.784180641174316,,
176450,10.412528038024902,0.05,-10.55905818939209,,
176500,1.774704933166504,0.05,-9.282361030578613,,
176550,4.142654895782471,0.05,-10.521016120910645,,
176600,26.49956703186035,0.05,-9.520092964172363,,
176650,7.917198181152344,0.05,-9.86131763458252,,
176700,12.093822479248047,0.05,-9.653950691223145,,
176750,3.535430669784546,0.05,-11.105671882629395,,
176800,6.819860935211182,0.05,-8.881553649902344,,
176850,6.693141937255859,0.05,-9.572739601135254,,
176900,22.582242965698242,0.05,-11.022525787353516,,
176950,20.585914611816406,0.05,-9.294792175292969,,
177000,9.054443359375,0.05,-10.168824195861816,,
177050,12.058598518371582,0.05,-9.852248191833496,,
177100,11.264091491699219,0.05,-9.691216468811035,,
177150,9.122572898864746,0.05,-8.523716926574707,,
177200,6.5602335929870605,0.05,-8.98884105682373,,
177250,10.789538383483887,0.05,-9.697733879089355,,
177300,13.462458610534668,0.05,-8.3382568359375,,
177350,4.843271255493164,0.05,-9.221802711486816,,
177400,11.612339973449707,0.05,-9.920797348022461,,
177450,10.152405738830566,0.05,-8.901647567749023,,
177500,16.550037384033203,0.05,-8.731036186218262,,
177550,7.743162155151367,0.05,-9.896699905395508,,
177600,6.2249531745910645,0.05,-9.883831024169922,,
177650,13.126275062561035,0.05,-11.220868110656738,,
177700,0.8300692439079285,0.05,-10.546184539794922,,
177750,2.3897345066070557,0.05,-9.411925315856934,,
177800,6.564958572387695,0.05,-9.873875617980957,,
177850,3.4872055053710938,0.05,-9.548169136047363,,
177900,0.5733727812767029,0.05,-9.533707618713379,,
177950,7.816197872161865,0.05,-9.655407905578613,,
178000,7.806686878204346,0.05,-9.214869499206543,,
178050,6.570845127105713,0.05,-9.800620079040527,,
178100,2.3926069736480713,0.05,-9.559365272521973,,
178150,1.4630950689315796,0.05,-8.492218971252441,,
178200,4.15073823928833,0.05,-8.466230392456055,,
178250,9.745220184326172,0.05,-8.988255500793457,,
178300,2.1269071102142334,0.05,-9.719901084899902,,
178350,5.089415073394775,0.05,-9.970904350280762,,
178400,4.050933361053467,0.05,-10.780292510986328,,
178450,15.710440635681152,0.05,-9.853989601135254,,
178500,22.139144897460938,0.05,-10.477166175842285,,
178550,1.8774347305297852,0.05,-9.300919532775879,,
178600,3.52641224861145,0.05,-11.467304229736328,,
178650,25.295846939086914,0.05,-11.770354270935059,,
178700,4.206390857696533,0.05,-8.82148551940918,,
178750,14.6763334274292,0.05,-10.69770336151123,,
178800,3.2182235717773438,0.05,-9.642434120178223,,
178850,10.649934768676758,0.05,-9.11056900024414,,
178900,12.894919395446777,0.05,-10.90621566772461,,
178950,7.389296054840088,0.05,-10.524754524230957,,
179000,11.538440704345703,0.05,-9.719721794128418,,
179050,2.843916893005371,0.05,-9.866756439208984,,
179100,2.9419748783111572,0.05,-10.721871376037598,,
179150,15.617690086364746,0.05,-10.28426456451416,,
179200,26.292417526245117,0.05,-11.712581634521484,,
179250,14.591105461120605,0.05,-9.7781343460083,,
179300,5.438220500946045,0.05,-11.603589057922363,,
179350,6.442462921142578,0.05,-10.264710426330566,,
179400,10.642294883728027,0.05,-9.071837425231934,,
179450,12.095176696777344,0.05,-8.271918296813965,,
179500,12.558823585510254,0.05,-9.956658363342285,,
179550,14.840765953063965,0.05,-9.64813232421875,,
179600,4.90709924697876,0.05,-9.231461524963379,,
179650,2.7929093837738037,0.05,-8.60782527923584,,
179700,19.27369499206543,0.05,-10.137450218200684,,
179750,44.041534423828125,0.05,-10.6649808883667,,
179800,24.69829559326172,0.05,-12.681999206542969,,
179850,20.056612014770508,0.05,-10.045538902282715,,
179900,13.889437675476074,0.05,-10.843524932861328,,
179950,16.33062744140625,0.05,-9.920360565185547,,
180000,3.8263661861419678,0.05,-8.025851249694824,,
180050,20.559463500976562,0.05,-10.728413581848145,,
180100,3.8496761322021484,0.05,-9.683937072753906,,
180150,20.750131607055664,0.05,-8.83750057220459,,
180200,13.886420249938965,0.05,-10.011019706726074,,
180250,10.34842586517334,0.05,-9.267838478088379,,
180300,9.970361709594727,0.05,-9.434967994689941,,
180350,4.214330673217773,0.05,-9.30835247039795,,
180400,30.265432357788086,0.05,-11.385826110839844,,
180450,11.235936164855957,0.05,-8.788802146911621,,
180500,1.8820343017578125,0.05,-9.04573917388916,,
180550,6.098934650421143,0.05,-7.88239049911499,,
180600,13.483588218688965,0.05,-9.493707656860352,,
180650,9.9575777053833,0.05,-9.722302436828613,,
180700,5.5325751304626465,0.05,-8.648844718933105,,
180750,6.075331211090088,0.05,-9.7305326461792,,
180800,3.7490079402923584,0.05,-10.111159324645996,,
180850,5.507040023803711,0.05,-9.544748306274414,,
180900,14.942791938781738,0.05,-10.611807823181152,,
180950,7.545496463775635,0.05,-10.2913179397583,,
181000,9.161604881286621,0.05,-10.088081359863281,,
181050,7.6000657081604,0.05,-7.856124401092529,,
181100,8.768633842468262,0.05,-10.414078712463379,,
181150,17.456743240356445,0.05,-9.572672843933105,,
181200,1.6916543245315552,0.05,-9.043630599975586,,
181250,8.27785873413086,0.05,-10.387978553771973,,
181300,12.443037986755371,0.05,-9.858757972717285,,
181350,4.377777576446533,0.05,-9.878756523132324,,
181400,0.684276282787323,0.05,-8.380419731140137,,
181450,2.685577154159546,0.05,-9.424402236938477,,
181500,4.670953750610352,0.05,-9.768555641174316,,
181550,8.154585838317871,0.05,-8.56555461883545,,
181600,8.138337135314941,0.05,-8.759543418884277,,
181650,1.3667596578598022,0.05,-9.933707237243652,,
181700,14.484427452087402,0.05,-10.737767219543457,,
181750,2.4420111179351807,0.05,-8.85643482208252,,
181800,7.86575174331665,0.05,-9.694774627685547,,
181850,16.57561683654785,0.05,-9.482810020446777,,
181900,6.269941806793213,0.05,-9.037466049194336,,
181950,4.761256694793701,0.05,-10.592144012451172,,
182000,15.145588874816895,0.05,-9.242459297180176,,
182050,3.706329345703125,0.05,-10.23906421661377,,
182100,1.219948410987854,0.05,-10.107710838317871,,
182150,10.342801094055176,0.05,-11.043213844299316,,
182200,1.0917690992355347,0.05,-9.033448219299316,,
182250,26.397207260131836,0.05,-10.433086395263672,,
182300,11.345131874084473,0.05,-9.309107780456543,,
182350,15.9253568649292,0.05,-8.311490058898926,,
182400,4.059578895568848,0.05,-8.38573169708252,,
182450,10.46744441986084,0.05,-8.105441093444824,,
182500,6.044921875,0.05,-9.016292572021484,,
182550,10.36984920501709,0.05,-9.187058448791504,,
182600,2.9873359203338623,0.05,-8.00582504272461,,
182650,5.033586025238037,0.05,-8.435790061950684,,
182700,10.351424217224121,0.05,-9.311487197875977,,
182750,17.010311126708984,0.05,-10.665661811828613,,
182800,1.956550121307373,0.05,-8.60915470123291,,
182850,6.5148162841796875,0.05,-9.873372077941895,,
182900,0.9550450444221497,0.05,-7.134923934936523,,
182950,0.8969087600708008,0.05,-7.645818710327148,,
183000,17.384471893310547,0.05,-9.941010475158691,,
183050,15.311309814453125,0.05,-9.138636589050293,,
183100,1.1710366010665894,0.05,-9.716446876525879,,
183150,6.508730411529541,0.05,-9.325060844421387,,
183200,8.053613662719727,0.05,-9.925505638122559,,
183250,5.838948726654053,0.05,-10.208219528198242,,
183300,20.5430965423584,0.05,-9.156000137329102,,
183350,8.416569709777832,0.05,-8.048924446105957,,
183400,5.803638935089111,0.05,-7.880564212799072,,
183450,7.229459285736084,0.05,-11.080071449279785,,
183500,11.37273120880127,0.05,-9.432765007019043,,
183550,2.463519334793091,0.05,-10.108243942260742,,
183600,14.743278503417969,0.05,-8.353590965270996,,
183650,1.4075946807861328,0.05,-8.781046867370605,,
183700,12.119525909423828,0.05,-9.695918083190918,,
183750,23.7602481842041,0.05,-8.408463478088379,,
183800,5.876616954803467,0.05,-9.721562385559082,,
183850,5.694523334503174,0.05,-9.155675888061523,,
183900,7.046613693237305,0.05,-8.769583702087402,,
183950,0.8085659146308899,0.05,-8.66303825378418,,
184000,7.711289882659912,0.05,-7.977544784545898,,
184050,10.09078598022461,0.05,-9.464035987854004,,
184100,2.208608627319336,0.05,-7.545289516448975,,
184150,1.487769603729248,0.05,-9.330767631530762,,
184200,23.25571632385254,0.05,-10.61773681640625,,
184250,2.8532021045684814,0.05,-9.279316902160645,,
184300,7.346075057983398,0.05,-10.03484058380127,,
184350,21.64013671875,0.05,-9.830792427062988,,
184400,21.22784996032715,0.05,-10.707611083984375,,
184450,7.037008285522461,0.05,-8.46712589263916,,
184500,1.5010219812393188,0.05,-9.604560852050781,,
184550,7.12773323059082,0.05,-9.083909034729004,,
184600,6.8437347412109375,0.05,-9.568843841552734,,
184650,21.614540100097656,0.05,-8.646676063537598,,
184700,9.717373847961426,0.05,-9.407266616821289,,
184750,8.846870422363281,0.05,-8.693697929382324,,
184800,1.9014333486557007,0.05,-9.04150104522705,,
184850,11.32228946685791,0.05,-8.933867454528809,,
184900,3.595609664916992,0.05,-7.862710475921631,,
184950,4.574647426605225,0.05,-12.539488792419434,,
185000,12.950892448425293,0.05,-8.891839027404785,,
185050,8.54214096069336,0.05,-8.763945579528809,,
185100,1.2652738094329834,0.05,-7.818302631378174,,
185150,18.26945686340332,0.05,-9.483116149902344,,
185200,0.6507464051246643,0.05,-9.876361846923828,,
185250,1.5931497812271118,0.05,-9.252352714538574,,
185300,4.959171772003174,0.05,-9.406755447387695,,
185350,0.6512283086776733,0.05,-10.076950073242188,,
185400,5.4014363288879395,0.05,-10.135518074035645,,
185450,33.344207763671875,0.05,-9.085917472839355,,
185500,1.7377122640609741,0.05,-8.515061378479004,,
185550,47.41672897338867,0.05,-9.18193244934082,,
185600,21.438819885253906,0.05,-8.358084678649902,,
185650,5.500171184539795,0.05,-8.830628395080566,,
185700,28.41632843017578,0.05,-10.154865264892578,,
185750,0.7598697543144226,0.05,-9.160294532775879,,
185800,16.290367126464844,0.05,-9.849102973937988,,
185850,10.277836799621582,0.05,-9.45626163482666,,
185900,16.397233963012695,0.05,-8.985575675964355,,
185950,3.505422353744507,0.05,-10.931334495544434,,
186000,3.632528066635132,0.05,-10.028817176818848,,
186050,14.357399940490723,0.05,-9.839448928833008,,
186100,6.995525360107422,0.05,-10.4408540725708,,
186150,8.546137809753418,0.05,-8.24514102935791,,
186200,2.2411868572235107,0.05,-8.722283363342285,,
186250,5.460774898529053,0.05,-9.143814086914062,,
186300,3.399860382080078,0.05,-8.94844913482666,,
186350,7.957702159881592,0.05,-8.977526664733887,,
186400,2.5088436603546143,0.05,-9.208345413208008,,
186450,3.743586301803589,0.05,-10.530817985534668,,
186500,2.1003646850585938,0.05,-8.23200798034668,,
186550,4.944782733917236,0.05,-8.632136344909668,,
186600,15.270183563232422,0.05,-8.146842002868652,,
186650,14.130196571350098,0.05,-9.084707260131836,,
186700,6.427436828613281,0.05,-8.483285903930664,,
186750,2.064954996109009,0.05,-9.038224220275879,,
186800,6.7872748374938965,0.05,-9.442721366882324,,
186850,5.041898250579834,0.05,-9.038796424865723,,
186900,1.344111442565918,0.05,-9.597994804382324,,
186950,8.056221961975098,0.05,-9.786856651306152,,
187000,3.5844364166259766,0.05,-9.286334037780762,,
187050,3.086350679397583,0.05,-8.449043273925781,,
187100,11.568793296813965,0.05,-12.211148262023926,,
187150,8.448310852050781,0.05,-9.116847038269043,,
187200,7.669765472412109,0.05,-9.130126953125,,
187250,1.6920415163040161,0.05,-9.800650596618652,,
187300,3.410695791244507,0.05,-9.617157936096191,,
187350,30.593772888183594,0.05,-9.926017761230469,,
187400,2.8583638668060303,0.05,-9.898016929626465,,
187450,13.696742057800293,0.05,-8.790816307067871,,
187500,5.040942668914795,0.05,-8.156838417053223,,
187550,7.580827713012695,0.05,-8.734549522399902,,
187600,6.101837158203125,0.05,-8.652887344360352,,
187650,1.1317241191864014,0.05,-8.664005279541016,,
187700,10.581867218017578,0.05,-10.727694511413574,,
187750,15.260787010192871,0.05,-10.0584716796875,,
187800,0.41513553261756897,0.05,-7.369640350341797,,
187850,1.8155831098556519,0.05,-7.598123550415039,,
187900,21.394193649291992,0.05,-8.908427238464355,,
187950,8.760016441345215,0.05,-8.166868209838867,,
188000,14.423792839050293,0.05,-8.58031940460205,,
188050,15.191424369812012,0.05,-8.362937927246094,,
188100,13.172234535217285,0.05,-10.122771263122559,,
188150,24.326509475708008,0.05,-9.605117797851562,,
188200,1.5179144144058228,0.05,-8.092053413391113,,
188250,5.336179733276367,0.05,-9.830901145935059,,
188300,4.983071804046631,0.05,-8.743643760681152,,
188350,4.320350646972656,0.05,-9.377045631408691,,
188400,19.927682876586914,0.05,-9.211669921875,,
188450,23.423917770385742,0.05,-8.743124961853027,,
188500,1.9065977334976196,0.05,-8.488041877746582,,
188550,6.3320770263671875,0.05,-8.324511528015137,,
188600,7.735284328460693,0.05,-10.818833351135254,,
188650,20.434425354003906,0.05,-8.909003257751465,,
188700,7.1534857749938965,0.05,-9.130688667297363,,
188750,2.3865885734558105,0.05,-9.298736572265625,,
188800,2.888528823852539,0.05,-9.386507034301758,,
188850,2.4757802486419678,0.05,-7.9224724769592285,,
188900,5.9026007652282715,0.05,-8.402518272399902,,
188950,0.21254388988018036,0.05,-7.602769374847412,,
189000,2.5946474075317383,0.05,-8.382508277893066,,
189050,6.306640148162842,0.05,-9.138337135314941,,
189100,1.6272183656692505,0.05,-9.76773452758789,,
189150,20.318239212036133,0.05,-10.662551879882812,,
189200,12.046908378601074,0.05,-9.619067192077637,,
189250,15.751518249511719,0.05,-7.561115264892578,,
189300,3.783111572265625,0.05,-9.272408485412598,,
189350,0.7764987349510193,0.05,-8.00482177734375,,
189400,5.50167989730835,0.05,-8.23869514465332,,
189450,12.712817192077637,0.05,-10.129347801208496,,
189500,9.10895824432373,0.05,-8.43164348602295,,
189550,3.6699106693267822,0.05,-8.7550687789917,,
189600,17.65412139892578,0.05,-10.179224967956543,,
189650,14.873416900634766,0.05,-10.478757858276367,,
189700,3.4125566482543945,0.05,-7.48502779006958,,
189750,8.596821784973145,0.05,-8.846455574035645,,
189800,2.814242124557495,0.05,-9.108349800109863,,
189850,10.648465156555176,0.05,-9.529768943786621,,
189900,25.07844352722168,0.05,-9.036490440368652,,
189950,0.5308947563171387,0.05,-9.1917142868042,,
190000,12.232699394226074,0.05,-8.118531227111816,,
190050,18.365175247192383,0.05,-7.132866382598877,,
190100,2.7237541675567627,0.05,-8.555275917053223,,
190150,11.474431037902832,0.05,-9.306098937988281,,
190200,1.598462462425232,0.05,-8.354879379272461,,
190250,26.731969833374023,0.05,-8.638579368591309,,
190300,2.3284544944763184,0.05,-8.76169490814209,,
190350,4.306434154510498,0.05,-8.803204536437988,,
190400,6.44035005569458,0.05,-8.970314025878906,,
190450,4.777918338775635,0.05,-9.429879188537598,,
190500,2.9516000747680664,0.05,-9.484787940979004,,
190550,1.6203211545944214,0.05,-7.867254734039307,,
190600,9.201507568359375,0.05,-8.957795143127441,,
190650,1.9097942113876343,0.05,-7.850275039672852,,
190700,19.236713409423828,0.05,-9.07386302947998,,
190750,4.604856967926025,0.05,-9.39883804321289,,
190800,1.1680290699005127,0.05,-9.393525123596191,,
190850,5.63227653503418,0.05,-8.623724937438965,,
190900,6.009688854217529,0.05,-8.920689582824707,,
190950,12.108948707580566,0.05,-8.266966819763184,,
191000,12.210906982421875,0.05,-9.935822486877441,,
191050,0.7029082179069519,0.05,-9.380942344665527,,
191100,4.01816987991333,0.05,-8.711133003234863,,
191150,6.0799102783203125,0.05,-8.437445640563965,,
191200,10.345989227294922,0.05,-9.477835655212402,,
191250,3.442028760910034,0.05,-10.306923866271973,,
191300,12.613811492919922,0.05,-9.083890914916992,,
191350,9.605572700500488,0.05,-9.699155807495117,,
191400,0.9209133982658386,0.05,-8.082231521606445,,
191450,3.7187931537628174,0.05,-8.371672630310059,,
191500,6.030096530914307,0.05,-8.053449630737305,,
191550,3.8686435222625732,0.05,-8.768024444580078,,
191600,3.2787818908691406,0.05,-8.849191665649414,,
191650,1.2899271249771118,0.05,-8.62932300567627,,
191700,5.957017421722412,0.05,-7.704368591308594,,
191750,6.30140495300293,0.05,-9.108322143554688,,
191800,10.362112998962402,0.05,-9.573917388916016,,
191850,10.965340614318848,0.05,-8.913228034973145,,
191900,5.77191686630249,0.05,-7.740076541900635,,
191950,3.9599428176879883,0.05,-7.662017345428467,,
192000,12.286322593688965,0.05,-7.978971481323242,,
192050,1.1684876680374146,0.05,-8.702437400817871,,
192100,11.024819374084473,0.05,-7.866373062133789,,
192150,3.305699110031128,0.05,-6.849605560302734,,
192200,3.3424434661865234,0.05,-8.559769630432129,,
192250,8.566144943237305,0.05,-10.695113182067871,,
192300,8.418684005737305,0.05,-8.064963340759277,,
192350,12.469070434570312,0.05,-9.150616645812988,,
192400,3.689927339553833,0.05,-9.378928184509277,,
192450,2.795001983642578,0.05,-9.647988319396973,,
192500,7.511864185333252,0.05,-10.552111625671387,,
192550,8.119016647338867,0.05,-7.644103527069092,,
192600,6.49773645401001,0.05,-8.382088661193848,,
192650,13.978316307067871,0.05,-7.525070667266846,,
192700,3.6357297897338867,0.05,-9.477666854858398,,
192750,7.349323749542236,0.05,-8.398280143737793,,
192800,0.9085193276405334,0.05,-8.367598533630371,,
192850,5.592214584350586,0.05,-7.235212802886963,,
192900,1.871343731880188,0.05,-8.550456047058105,,
192950,12.212313652038574,0.05,-7.782655239105225,,
193000,5.943970203399658,0.05,-9.526219367980957,,
193050,1.852739691734314,0.05,-8.444172859191895,,
193100,3.247446060180664,0.05,-9.093700408935547,,
193150,1.8488105535507202,0.05,-8.991116523742676,,
193200,1.7636761665344238,0.05,-7.090778827667236,,
193250,17.15831184387207,0.05,-9.11070728302002,,
193300,1.2876055240631104,0.05,-7.721109867095947,,
193350,9.46202564239502,0.05,-9.323493003845215,,
193400,4.92703104019165,0.05,-7.866185665130615,,
193450,5.592038631439209,0.05,-7.091996669769287,,
193500,4.2862043380737305,0.05,-8.726899147033691,,
193550,5.449310302734375,0.05,-7.409019470214844,,
193600,4.843525409698486,0.05,-9.68952465057373,,
193650,5.148554801940918,0.05,-7.53743314743042,,
193700,1.7770742177963257,0.05,-7.250102519989014,,
193750,11.03909969329834,0.05,-8.741462707519531,,
193800,1.6113499402999878,0.05,-8.692730903625488,,
193850,0.7858249545097351,0.05,-7.94852876663208,,
193900,1.0757362842559814,0.05,-9.074625015258789,,
193950,1.422943115234375,0.05,-8.429396629333496,,
194000,4.762807846069336,0.05,-9.000219345092773,,
194050,3.789565086364746,0.05,-8.876921653747559,,
194100,1.3454948663711548,0.05,-7.987695217132568,,
194150,13.37848949432373,0.05,-8.031463623046875,,
194200,8.32048511505127,0.05,-8.700014114379883,,
194250,0.40781235694885254,0.05,-7.522741794586182,,
194300,8.320136070251465,0.05,-8.5925931930542,,
194350,14.130180358886719,0.05,-8.545022010803223,,
194400,2.5494775772094727,0.05,-8.81213665008545,,
194450,1.446341872215271,0.05,-8.388538360595703,,
194500,21.457582473754883,0.05,-9.210326194763184,,
194550,17.71479606628418,0.05,-8.975090980529785,,
194600,5.635300159454346,0.05,-8.785965919494629,,
194650,19.7607364654541,0.05,-8.85401725769043,,
194700,8.260052680969238,0.05,-7.68252420425415,,
194750,3.1021368503570557,0.05,-9.375298500061035,,
194800,7.359251499176025,0.05,-7.822636127471924,,
194850,2.672926664352417,0.05,-8.379347801208496,,
194900,10.289624214172363,0.05,-9.176969528198242,,
194950,5.760986328125,0.05,-8.855588912963867,,
195000,8.299175262451172,0.05,-8.8923921585083,,
195050,1.2897549867630005,0.05,-7.550673007965088,,
195100,9.603288650512695,0.05,-7.475898265838623,,
195150,1.5514154434204102,0.05,-8.532754898071289,,
195200,5.019321918487549,0.05,-8.444931983947754,,
195250,2.392977714538574,0.05,-8.894529342651367,,
195300,9.143331527709961,0.05,-8.425690650939941,,
195350,0.9746785759925842,0.05,-7.56873083114624,,
195400,2.5098888874053955,0.05,-8.027880668640137,,
195450,3.849388837814331,0.05,-7.94391393661499,,
195500,7.172529697418213,0.05,-7.883631229400635,,
195550,2.935485601425171,0.05,-7.642541885375977,,
195600,6.118707180023193,0.05,-7.91326379776001,,
195650,15.603626251220703,0.05,-8.497918128967285,,
195700,14.489734649658203,0.05,-7.860454559326172,,
195750,4.694919586181641,0.05,-10.7063570022583,,
195800,7.851081848144531,0.05,-7.326450347900391,,
195850,1.3999534845352173,0.05,-7.374699115753174,,
195900,4.03333854675293,0.05,-7.960287570953369,,
195950,13.290534973144531,0.05,-8.25912857055664,,
196000,4.377533435821533,0.05,-7.989744663238525,,
196050,10.159297943115234,0.05,-7.694469451904297,,
196100,11.280550956726074,0.05,-8.523910522460938,,
196150,8.956238746643066,0.05,-8.822646141052246,,
196200,20.632871627807617,0.05,-9.050910949707031,,
196250,7.8447113037109375,0.05,-9.202248573303223,,
196300,10.00438404083252,0.05,-9.808076858520508,,
196350,0.9641340374946594,0.05,-7.6231536865234375,,
196400,7.710623264312744,0.05,-7.361761569976807,,
196450,14.986153602600098,0.05,-10.208558082580566,,
196500,2.6693246364593506,0.05,-7.3977580070495605,,
196550,0.46025535464286804,0.05,-8.646517753601074,,
196600,8.087372779846191,0.05,-7.7696967124938965,,
196650,7.009254455566406,0.05,-8.399502754211426,,
196700,3.9987897872924805,0.05,-7.436201572418213,,
196750,4.696377277374268,0.05,-7.519444942474365,,
196800,11.781533241271973,0.05,-9.039974212646484,,
196850,2.9855830669403076,0.05,-8.707764625549316,,
196900,0.9925227165222168,0.05,-8.544669151306152,,
196950,2.8937206268310547,0.05,-9.62124252319336,,
197000,2.3183000087738037,0.05,-8.075895309448242,,
197050,4.9703688621521,0.05,-7.772388935089111,,
197100,8.810873985290527,0.05,-7.735093593597412,,
197150,6.618169784545898,0.05,-8.158175468444824,,
197200,6.965890407562256,0.05,-8.766244888305664,,
197250,4.12146520614624,0.05,-9.81755542755127,,
197300,0.8819131851196289,0.05,-7.261886119842529,,
197350,5.748548984527588,0.05,-8.049993515014648,,
197400,9.349018096923828,0.05,-8.195013046264648,,
197450,9.521222114562988,0.05,-8.770286560058594,,
197500,1.1396194696426392,0.05,-8.043703079223633,,
197550,10.136982917785645,0.05,-7.293886661529541,,
197600,3.361546277999878,0.05,-8.388779640197754,,
197650,0.7143219113349915,0.05,-8.181546211242676,,
197700,13.69967269897461,0.05,-8.360426902770996,,
197750,5.374451160430908,0.05,-9.938309669494629,,
197800,22.21544647216797,0.05,-10.912704467773438,,
197850,11.289810180664062,0.05,-9.015562057495117,,
197900,5.399881839752197,0.05,-10.152743339538574,,
197950,7.467691898345947,0.05,-8.773907661437988,,
198000,23.9943904876709,0.05,-8.225760459899902,,
198050,1.9113672971725464,0.05,-7.8114333152771,,
198100,7.105762481689453,0.05,-8.899426460266113,,
198150,1.3169866800308228,0.05,-8.806966781616211,,
198200,19.423425674438477,0.05,-8.1714506149292,,
198250,13.0672607421875,0.05,-9.022265434265137,,
198300,5.502587795257568,0.05,-7.845335483551025,,
198350,29.788772583007812,0.05,-8.21678638458252,,
198400,26.196298599243164,0.05,-8.16339111328125,,
198450,4.858980655670166,0.05,-7.993738174438477,,
198500,16.03352928161621,0.05,-8.887009620666504,,
198550,15.8008394241333,0.05,-8.572442054748535,,
198600,17.05999755859375,0.05,-8.004691123962402,,
198650,6.564127445220947,0.05,-9.638497352600098,,
198700,1.4340769052505493,0.05,-9.352997779846191,,
198750,5.834403991699219,0.05,-9.587797164916992,,
198800,15.509821891784668,0.05,-9.593464851379395,,
198850,1.9605387449264526,0.05,-8.09588623046875,,
198900,3.6635665893554688,0.05,-7.673913955688477,,
198950,8.202722549438477,0.05,-7.805893421173096,,
199000,6.897314548492432,0.05,-9.17912769317627,,
199050,2.9218690395355225,0.05,-8.202583312988281,,
199100,2.1170036792755127,0.05,-7.315980911254883,,
199150,10.131670951843262,0.05,-8.220088005065918,,
199200,5.963636875152588,0.05,-7.857304096221924,,
199250,1.6778939962387085,0.05,-8.64995288848877,,
199300,2.4322147369384766,0.05,-7.880852222442627,,
199350,12.950325965881348,0.05,-7.637882232666016,,
199400,14.369316101074219,0.05,-8.325545310974121,,
199450,10.728225708007812,0.05,-8.729179382324219,,
199500,14.673693656921387,0.05,-7.019490718841553,,
199550,1.285947322845459,0.05,-7.312507152557373,,
199600,3.600550651550293,0.05,-7.212709903717041,,
199650,5.356489658355713,0.05,-10.084251403808594,,
199700,7.624454498291016,0.05,-8.35587215423584,,
199750,0.9174818992614746,0.05,-7.858372211456299,,
199800,2.637136220932007,0.05,-7.610837459564209,,
199850,2.6195411682128906,0.05,-6.838760852813721,,
199900,1.7648249864578247,0.05,-7.906810283660889,,
199950,0.98968905210495,0.05,-8.410009384155273,,
200000,7.4549336433410645,0.05,-8.493874549865723,-1.1515165569505426,38.93333333333332
200050,8.894850730895996,0.05,-7.6003899574279785,,
200100,5.882753849029541,0.05,-7.072307109832764,,
200150,9.957793235778809,0.05,-6.792336940765381,,
200200,5.789239406585693,0.05,-7.540182113647461,,
200250,7.464869976043701,0.05,-7.834390163421631,,
200300,3.1564204692840576,0.05,-7.20448112487793,,
200350,7.96002197265625,0.05,-8.843076705932617,,
200400,8.797038078308105,0.05,-8.21170425415039,,
200450,12.187126159667969,0.05,-8.803759574890137,,
200500,6.297913074493408,0.05,-8.367100715637207,,
200550,3.184704542160034,0.05,-7.228281021118164,,
200600,8.933106422424316,0.05,-7.484630107879639,,
200650,1.2130379676818848,0.05,-7.211652755737305,,
200700,20.611833572387695,0.05,-8.630217552185059,,
200750,1.7533421516418457,0.05,-8.770793914794922,,
200800,5.564367294311523,0.05,-7.727348327636719,,
200850,0.23666618764400482,0.05,-6.985265254974365,,
200900,2.3911683559417725,0.05,-8.878995895385742,,
200950,0.5181477069854736,0.05,-8.139674186706543,,
201000,1.4233859777450562,0.05,-7.707551956176758,,
201050,0.6353903412818909,0.05,-6.785177230834961,,
201100,1.505326271057129,0.05,-7.375402927398682,,
201150,11.319659233093262,0.05,-7.2562103271484375,,
201200,6.997564315795898,0.05,-8.126790046691895,,
201250,0.19963479042053223,0.05,-6.418768405914307,,
201300,1.2690269947052002,0.05,-7.843893527984619,,
201350,1.6167798042297363,0.05,-6.599959850311279,,
201400,5.192267894744873,0.05,-8.75158977508545,,
201450,2.4487760066986084,0.05,-8.64371395111084,,
201500,7.6277642250061035,0.05,-6.8319268226623535,,
201550,9.70556354522705,0.05,-8.165155410766602,,
201600,2.6963632106781006,0.05,-7.747064113616943,,
201650,4.528960227966309,0.05,-6.3803863525390625,,
201700,3.0025365352630615,0.05,-7.176540374755859,,
201750,3.376635789871216,0.05,-8.421112060546875,,
201800,5.428549289703369,0.05,-8.15707778930664,,
201850,3.504938840866089,0.05,-6.940675258636475,,
201900,1.4426608085632324,0.05,-7.4623847007751465,,
201950,0.45038190484046936,0.05,-6.338394641876221,,
202000,13.505943298339844,0.05,-7.352619647979736,,
202050,5.970579624176025,0.05,-8.016800880432129,,
202100,11.717795372009277,0.05,-8.72794246673584,,
202150,14.511006355285645,0.05,-8.171914100646973,,
202200,3.6205523014068604,0.05,-7.975782871246338,,
202250,3.236377000808716,0.05,-9.069050788879395,,
202300,13.562552452087402,0.05,-8.366835594177246,,
202350,28.698822021484375,0.05,-8.296575546264648,,
202400,9.41435718536377,0.05,-7.736743927001953,,
202450,2.7676382064819336,0.05,-8.102886199951172,,
202500,4.533022403717041,0.05,-7.278120517730713,,
202550,22.007471084594727,0.05,-7.967213153839111,,
202600,7.35320520401001,0.05,-8.661521911621094,,
202650,3.4365713596343994,0.05,-8.419174194335938,,
202700,3.7904043197631836,0.05,-7.427642822265625,,
202750,0.47094443440437317,0.05,-7.228129863739014,,
202800,7.767486572265625,0.05,-7.757151126861572,,
202850,1.3044601678848267,0.05,-7.046370983123779,,
202900,8.368573188781738,0.05,-7.980119705200195,,
202950,10.731568336486816,0.05,-7.818299770355225,,
203000,4.264626502990723,0.05,-7.487346649169922,,
203050,5.210185527801514,0.05,-5.818233966827393,,
203100,2.2140462398529053,0.05,-7.568995952606201,,
203150,0.49894464015960693,0.05,-7.879295349121094,,
203200,5.95025634765625,0.05,-7.5770111083984375,,
203250,3.6153676509857178,0.05,-7.018446445465088,,
203300,12.782090187072754,0.05,-8.004941940307617,,
203350,10.784008026123047,0.05,-8.572308540344238,,
203400,0.8383782505989075,0.05,-7.673246383666992,,
203450,7.117147922515869,0.05,-7.29416036605835,,
203500,1.2485665082931519,0.05,-7.741325855255127,,
203550,2.8040771484375,0.05,-6.892997741699219,,
203600,18.7247314453125,0.05,-9.074824333190918,,
203650,0.6886224150657654,0.05,-7.4786376953125,,
203700,7.616125106811523,0.05,-7.242089748382568,,
203750,1.7900961637496948,0.05,-7.398313045501709,,
203800,16.103788375854492,0.05,-7.451016902923584,,
203850,5.185815334320068,0.05,-7.683504104614258,,
203900,6.2370219230651855,0.05,-6.344629287719727,,
203950,9.6129732131958,0.05,-6.405683994293213,,
204000,6.803295612335205,0.05,-7.1228790283203125,,
204050,6.7947998046875,0.05,-6.723240375518799,,
204100,2.2712109088897705,0.05,-8.345206260681152,,
204150,0.9260796904563904,0.05,-8.934730529785156,,
204200,12.512897491455078,0.05,-6.984185695648193,,
204250,9.161301612854004,0.05,-7.483888626098633,,
204300,3.7894647121429443,0.05,-8.526229858398438,,
204350,7.860002517700195,0.05,-7.7989068031311035,,
204400,9.552278518676758,0.05,-7.151214122772217,,
204450,1.3432437181472778,0.05,-7.743611812591553,,
204500,3.4535789489746094,0.05,-6.786165714263916,,
204550,1.928442120552063,0.05,-7.090687274932861,,
204600,5.906069278717041,0.05,-5.944156169891357,,
204650,0.501742422580719,0.05,-6.341466426849365,,
204700,6.005711078643799,0.05,-8.729039192199707,,
204750,5.467111587524414,0.05,-6.773458480834961,,
204800,12.538376808166504,0.05,-7.152749538421631,,
204850,3.433255195617676,0.05,-7.472609043121338,,
204900,3.1558589935302734,0.05,-6.138420581817627,,
204950,3.546328544616699,0.05,-7.5424017906188965,,
205000,2.5390982627868652,0.05,-7.463415145874023,,
205050,0.8286743760108948,0.05,-7.210893154144287,,
205100,5.480142116546631,0.05,-6.269822597503662,,
205150,4.472078800201416,0.05,-7.395090579986572,,
205200,5.426116466522217,0.05,-6.9578728675842285,,
205250,21.585906982421875,0.05,-7.496695041656494,,
205300,3.855459451675415,0.05,-7.914198398590088,,
205350,8.933162689208984,0.05,-9.335742950439453,,
205400,2.403620481491089,0.05,-7.267068386077881,,
205450,8.966132164001465,0.05,-8.293999671936035,,
205500,8.173665046691895,0.05,-7.562221050262451,,
205550,4.871350288391113,0.05,-8.726486206054688,,
205600,19.369340896606445,0.05,-7.348202228546143,,
205650,20.58916473388672,0.05,-7.448378086090088,,
205700,0.90380859375,0.05,-6.781972408294678,,
205750,14.835823059082031,0.05,-7.299827575683594,,
205800,0.6354009509086609,0.05,-7.909020900726318,,
205850,17.40039825439453,0.05,-9.352005958557129,,
205900,6.336608409881592,0.05,-10.298287391662598,,
205950,7.465365886688232,0.05,-6.474124431610107,,
206000,5.024804592132568,0.05,-7.288576126098633,,
206050,1.5999794006347656,0.05,-6.637165546417236,,
206100,0.454397052526474,0.05,-7.326624393463135,,
206150,1.4980673789978027,0.05,-9.451615333557129,,
206200,8.148543357849121,0.05,-8.792922019958496,,
206250,16.130155563354492,0.05,-6.7710089683532715,,
206300,1.601952075958252,0.05,-8.60303020477295,,
206350,9.97122573852539,0.05,-6.962797164916992,,
206400,1.3622150421142578,0.05,-5.70301628112793,,
206450,1.820184588432312,0.05,-5.954925537109375,,
206500,7.008050918579102,0.05,-8.464571952819824,,
206550,21.914688110351562,0.05,-7.998171329498291,,
206600,4.567721843719482,0.05,-7.815956115722656,,
206650,0.19635294377803802,0.05,-7.360156536102295,,
206700,13.434477806091309,0.05,-6.5488762855529785,,
206750,6.309288501739502,0.05,-7.713991641998291,,
206800,5.166656970977783,0.05,-7.571427822113037,,
206850,3.421290397644043,0.05,-7.291437149047852,,
206900,5.598878860473633,0.05,-6.985010623931885,,
206950,2.7067501544952393,0.05,-8.299138069152832,,
207000,11.362143516540527,0.05,-8.142512321472168,,
207050,14.770400047302246,0.05,-8.908493995666504,,
207100,3.20475697517395,0.05,-8.790850639343262,,
207150,7.1902852058410645,0.05,-7.393995761871338,,
207200,6.207643985748291,0.05,-8.690251350402832,,
207250,2.493601083755493,0.05,-7.816283702850342,,
207300,4.917361259460449,0.05,-8.33998966217041,,
207350,22.0386905670166,0.05,-7.086594104766846,,
207400,1.0287600755691528,0.05,-7.214380264282227,,
207450,2.7638347148895264,0.05,-7.943827152252197,,
207500,4.707540988922119,0.05,-7.623531818389893,,
207550,10.79819393157959,0.05,-7.456180095672607,,
207600,0.7999491691589355,0.05,-7.710011005401611,,
207650,16.27958869934082,0.05,-7.674610137939453,,
207700,15.737170219421387,0.05,-8.228904724121094,,
207750,8.145649909973145,0.05,-8.640433311462402,,
207800,5.412289142608643,0.05,-6.34562873840332,,
207850,10.900444984436035,0.05,-8.33928394317627,,
207900,11.21149730682373,0.05,-7.2338480949401855,,
207950,2.406895875930786,0.05,-6.8519721031188965,,
208000,11.42796802520752,0.05,-9.017988204956055,,
208050,10.008602142333984,0.05,-7.03503942489624,,
208100,7.725282669067383,0.05,-7.208155155181885,,
208150,2.0747430324554443,0.05,-7.753701686859131,,
208200,1.465527057647705,0.05,-6.334205150604248,,
208250,0.7912411689758301,0.05,-6.512178421020508,,
208300,8.595358848571777,0.05,-8.329806327819824,,
208350,3.5170345306396484,0.05,-7.41547155380249,,
208400,14.173136711120605,0.05,-7.840834140777588,,
208450,5.798221111297607,0.05,-8.383373260498047,,
208500,6.3671393394470215,0.05,-8.966691017150879,,
208550,4.3830389976501465,0.05,-6.091424465179443,,
208600,5.6780619621276855,0.05,-7.378175735473633,,
208650,4.799492835998535,0.05,-8.75820255279541,,
208700,20.574913024902344,0.05,-8.237114906311035,,
208750,7.423975467681885,0.05,-6.510091304779053,,
208800,4.41845178604126,0.05,-7.6652512550354,,
208850,7.750345230102539,0.05,-8.689935684204102,,
208900,2.1982438564300537,0.05,-8.04272174835205,,
208950,15.122662544250488,0.05,-8.174891471862793,,
209000,3.802164316177368,0.05,-7.067328929901123,,
209050,5.776246547698975,0.05,-7.569857120513916,,
209100,3.3512179851531982,0.05,-7.482896327972412,,
209150,10.501728057861328,0.05,-8.355488777160645,,
209200,1.6466941833496094,0.05,-7.823950290679932,,
209250,7.877397060394287,0.05,-8.891818046569824,,
209300,2.12282133102417,0.05,-6.323885440826416,,
209350,1.6104601621627808,0.05,-8.380399703979492,,
209400,6.105830669403076,0.05,-8.448877334594727,,
209450,9.558610916137695,0.05,-8.29427433013916,,
209500,16.626123428344727,0.05,-8.164981842041016,,
209550,4.557929992675781,0.05,-7.851951599121094,,
209600,4.457714557647705,0.05,-6.531490802764893,,
209650,5.621275424957275,0.05,-6.326035022735596,,
209700,9.326115608215332,0.05,-6.717747211456299,,
209750,1.2896095514297485,0.05,-8.953790664672852,,
209800,0.39048531651496887,0.05,-7.8161301612854,,
209850,1.4800200462341309,0.05,-8.163886070251465,,
209900,3.458075523376465,0.05,-6.642690181732178,,
209950,9.280081748962402,0.05,-7.350217342376709,,
210000,3.113903045654297,0.05,-8.517326354980469,,
210050,7.839898586273193,0.05,-6.793550968170166,,
210100,8.560074806213379,0.05,-6.197444915771484,,
210150,13.455241203308105,0.05,-8.532038688659668,,
210200,0.9812479615211487,0.05,-7.639366149902344,,
210250,2.493346929550171,0.05,-7.057977199554443,,
210300,1.7284693717956543,0.05,-7.325315475463867,,
210350,0.6795617938041687,0.05,-7.337320804595947,,
210400,7.4785003662109375,0.05,-7.534940719604492,,
210450,10.766429901123047,0.05,-7.065605163574219,,
210500,1.497878909111023,0.05,-7.512568950653076,,
210550,0.8003275990486145,0.05,-7.614877700805664,,
210600,3.1548335552215576,0.05,-8.45206069946289,,
210650,3.32936954498291,0.05,-7.849691390991211,,
210700,7.088878631591797,0.05,-6.494208812713623,,
210750,28.305288314819336,0.05,-9.199747085571289,,
210800,6.679503917694092,0.05,-7.280179500579834,,
210850,10.0533447265625,0.05,-8.067850112915039,,
210900,3.1292150020599365,0.05,-7.865880966186523,,
210950,1.189200520515442,0.05,-7.760524749755859,,
211000,1.67340886592865,0.05,-7.979437351226807,,
211050,11.85479736328125,0.05,-7.5452728271484375,,
211100,13.046875,0.05,-8.012237548828125,,
211150,6.467642307281494,0.05,-7.064052581787109,,
211200,2.715587854385376,0.05,-8.000434875488281,,
211250,2.7513391971588135,0.05,-7.121454238891602,,
211300,1.98797607421875,0.05,-7.2127838134765625,,
211350,0.39642229676246643,0.05,-6.480274200439453,,
211400,1.4383797645568848,0.05,-6.355194568634033,,
211450,6.603415012359619,0.05,-7.559380054473877,,
211500,0.545011579990387,0.05,-7.189769268035889,,
211550,16.75503158569336,0.05,-7.737272262573242,,
211600,2.29205584526062,0.05,-6.412073135375977,,
211650,10.876446723937988,0.05,-6.809105396270752,,
211700,1.4880331754684448,0.05,-7.869655609130859,,
211750,0.17532207071781158,0.05,-6.455103397369385,,
211800,2.761016607284546,0.05,-9.216181755065918,,
211850,11.542472839355469,0.05,-7.580406665802002,,
211900,7.044930934906006,0.05,-8.297860145568848,,
211950,17.831674575805664,0.05,-8.37795352935791,,
212000,4.435243129730225,0.05,-7.907802104949951,,
212050,5.934711933135986,0.05,-7.917775630950928,,
212100,5.601080417633057,0.05,-6.638722896575928,,
212150,15.415200233459473,0.05,-8.903491973876953,,
212200,1.3992010354995728,0.05,-6.273690700531006,,
212250,9.835676193237305,0.05,-7.57765531539917,,
212300,6.264301776885986,0.05,-8.133475303649902,,
212350,7.642876148223877,0.05,-7.024572849273682,,
212400,5.474705219268799,0.05,-7.249002933502197,,
212450,1.557357668876648,0.05,-6.383495330810547,,
212500,2.9878833293914795,0.05,-8.272427558898926,,
212550,4.94507360458374,0.05,-7.5312981605529785,,
212600,3.5822384357452393,0.05,-6.903736114501953,,
212650,8.886103630065918,0.05,-7.086663722991943,,
212700,12.246392250061035,0.05,-7.566384792327881,,
212750,8.374545097351074,0.05,-6.149287700653076,,
212800,3.6682348251342773,0.05,-6.827730655670166,,
212850,15.799968719482422,0.05,-8.036852836608887,,
212900,10.87924861907959,0.05,-7.333889007568359,,
212950,4.738933086395264,0.05,-7.554687976837158,,
213000,5.835174560546875,0.05,-9.001276969909668,,
213050,10.64461612701416,0.05,-8.331803321838379,,
213100,1.1501684188842773,0.05,-7.886375427246094,,
213150,0.5879548788070679,0.05,-6.541637420654297,,
213200,3.2034523487091064,0.05,-7.875532627105713,,
213250,5.933145046234131,0.05,-6.220922470092773,,
213300,5.03558874130249,0.05,-6.918110370635986,,
213350,0.5602335333824158,0.05,-6.431751728057861,,
213400,10.719573974609375,0.05,-7.316867828369141,,
213450,15.299083709716797,0.05,-7.934603214263916,,
213500,5.369567394256592,0.05,-7.5588860511779785,,
213550,15.465373039245605,0.05,-7.468780994415283,,
213600,3.815924882888794,0.05,-6.799039363861084,,
213650,0.5780676007270813,0.05,-6.903700351715088,,
213700,5.069188117980957,0.05,-6.38357400894165,,
213750,4.412391185760498,0.05,-7.061271667480469,,
213800,3.637993097305298,0.05,-7.492122650146484,,
213850,17.64280891418457,0.05,-8.29245662689209,,
213900,2.912928342819214,0.05,-8.590380668640137,,
213950,4.153759002685547,0.05,-8.807053565979004,,
214000,3.766637086868286,0.05,-9.69303035736084,,
214050,0.8437645435333252,0.05,-7.797880172729492,,
214100,4.653943061828613,0.05,-8.530295372009277,,
214150,3.2718963623046875,0.05,-7.100451946258545,,
214200,1.269992470741272,0.05,-7.003078937530518,,
214250,1.3023152351379395,0.05,-7.555416107177734,,
214300,5.008342266082764,0.05,-7.389071941375732,,
214350,3.766848564147949,0.05,-7.865915775299072,,
214400,4.193662166595459,0.05,-7.591731548309326,,
214450,0.7729114890098572,0.05,-7.60266637802124,,
214500,2.035571336746216,0.05,-8.455107688903809,,
214550,0.32350635528564453,0.05,-6.503565311431885,,
214600,4.318145275115967,0.05,-6.794488430023193,,
214650,10.930211067199707,0.05,-7.780715465545654,,
214700,16.91651725769043,0.05,-7.647947788238525,,
214750,2.336801290512085,0.05,-6.645111083984375,,
214800,2.0221686363220215,0.05,-5.9881591796875,,
214850,13.109469413757324,0.05,-7.4277024269104,,
214900,2.160719633102417,0.05,-6.343196392059326,,
214950,9.353852272033691,0.05,-7.970616817474365,,
215000,6.543975353240967,0.05,-7.156902313232422,,
215050,2.281942129135132,0.05,-6.62738561630249,,
215100,3.830561876296997,0.05,-9.122150421142578,,
215150,19.01470184326172,0.05,-8.034663200378418,,
215200,2.322225332260132,0.05,-7.735103607177734,,
215250,10.050530433654785,0.05,-7.199260711669922,,
215300,6.930946350097656,0.05,-8.46982192993164,,
215350,6.485742092132568,0.05,-8.5314302444458,,
215400,7.592477321624756,0.05,-7.188133716583252,,
215450,11.456680297851562,0.05,-8.669939994812012,,
215500,8.430961608886719,0.05,-7.33005952835083,,
215550,7.625430583953857,0.05,-9.305522918701172,,
215600,0.9062530994415283,0.05,-7.444204330444336,,
215650,23.238473892211914,0.05,-7.1600470542907715,,
215700,2.082341194152832,0.05,-7.537387847900391,,
215750,10.9225492477417,0.05,-9.583325386047363,,
215800,3.2832489013671875,0.05,-7.533616542816162,,
215850,17.342092514038086,0.05,-7.2538533210754395,,
215900,4.598551273345947,0.05,-7.901669979095459,,
215950,1.8474611043930054,0.05,-8.0685396194458,,
216000,6.283618450164795,0.05,-8.112944602966309,,
216050,0.4481019079685211,0.05,-6.41352653503418,,
216100,5.374648571014404,0.05,-7.61113166809082,,
216150,2.730149984359741,0.05,-7.744028091430664,,
216200,1.7145618200302124,0.05,-7.008486270904541,,
216250,1.8186845779418945,0.05,-7.5960211753845215,,
216300,9.631436347961426,0.05,-6.293961048126221,,
216350,13.593559265136719,0.05,-7.539811611175537,,
216400,0.31573015451431274,0.05,-6.241879940032959,,
216450,0.7217798233032227,0.05,-7.443641185760498,,
216500,15.3618745803833,0.05,-6.434912204742432,,
216550,15.464442253112793,0.05,-9.402983665466309,,
216600,1.0911773443222046,0.05,-8.011296272277832,,
216650,1.3179035186767578,0.05,-10.128081321716309,,
216700,8.916455268859863,0.05,-7.694168567657471,,
216750,5.2854790687561035,0.05,-7.894320011138916,,
216800,6.712708950042725,0.05,-7.668577671051025,,
216850,4.268435955047607,0.05,-9.138649940490723,,
216900,5.124612331390381,0.05,-7.205955505371094,,
216950,3.6283528804779053,0.05,-7.104794979095459,,
217000,17.244359970092773,0.05,-7.768359661102295,,
217050,6.120432376861572,0.05,-9.020783424377441,,
217100,2.076976776123047,0.05,-7.6822943687438965,,
217150,5.620070934295654,0.05,-7.613134860992432,,
217200,15.05847454071045,0.05,-8.021754264831543,,
217250,6.641594409942627,0.05,-7.89777946472168,,
217300,6.768604755401611,0.05,-8.071860313415527,,
217350,0.5207170844078064,0.05,-6.503464221954346,,
217400,4.655104637145996,0.05,-8.42548656463623,,
217450,11.43900203704834,0.05,-7.2947258949279785,,
217500,11.928120613098145,0.05,-7.377715587615967,,
217550,2.2265117168426514,0.05,-7.813947677612305,,
217600,3.374807357788086,0.05,-8.584351539611816,,
217650,12.728272438049316,0.05,-8.375102043151855,,
217700,2.5331737995147705,0.05,-8.586161613464355,,
217750,8.421028137207031,0.05,-9.456194877624512,,
217800,5.128872394561768,0.05,-7.418956756591797,,
217850,2.954914093017578,0.05,-7.566983699798584,,
217900,4.531495571136475,0.05,-8.252166748046875,,
217950,1.0562525987625122,0.05,-8.187298774719238,,
218000,11.198200225830078,0.05,-7.176896572113037,,
218050,3.316438913345337,0.05,-7.67235803604126,,
218100,1.6205430030822754,0.05,-6.979185104370117,,
218150,17.642621994018555,0.05,-8.425511360168457,,
218200,7.045812129974365,0.05,-6.472157955169678,,
218250,0.5557123422622681,0.05,-6.654344081878662,,
218300,7.305910110473633,0.05,-7.084970474243164,,
218350,2.7823150157928467,0.05,-7.203256130218506,,
218400,12.824737548828125,0.05,-7.3260817527771,,
218450,15.303024291992188,0.05,-7.805381774902344,,
218500,1.1947981119155884,0.05,-7.510236740112305,,
218550,9.8585786819458,0.05,-8.702167510986328,,
218600,10.020133018493652,0.05,-7.124490261077881,,
218650,7.62640905380249,0.05,-9.413802146911621,,
218700,4.453803539276123,0.05,-8.556370735168457,,
218750,1.663022518157959,0.05,-7.636088848114014,,
218800,3.8674697875976562,0.05,-6.670021057128906,,
218850,3.232074022293091,0.05,-8.22812271118164,,
218900,1.3281837701797485,0.05,-7.936962604522705,,
218950,3.0890510082244873,0.05,-7.492132663726807,,
219000,12.6911039352417,0.05,-9.389702796936035,,
219050,3.6914806365966797,0.05,-7.1567206382751465,,
219100,1.4440970420837402,0.05,-6.26134729385376,,
219150,22.446266174316406,0.05,-9.407246589660645,,
219200,1.4187790155410767,0.05,-8.848407745361328,,
219250,16.41571617126465,0.05,-7.843641757965088,,
219300,0.817840039730072,0.05,-6.542898654937744,,
219350,0.5038164258003235,0.05,-6.4844746589660645,,
219400,8.8229398727417,0.05,-8.367205619812012,,
219450,7.847300052642822,0.05,-9.01215648651123,,
219500,1.0195564031600952,0.05,-6.914583683013916,,
219550,19.43235206604004,0.05,-6.634483337402344,,
219600,25.208303451538086,0.05,-7.739348888397217,,
219650,0.24284575879573822,0.05,-7.269032001495361,,
219700,7.262320041656494,0.05,-6.399728775024414,,
219750,0.8821864128112793,0.05,-7.505825519561768,,
219800,2.421741485595703,0.05,-8.301253318786621,,
219850,15.736790657043457,0.05,-7.122283935546875,,
219900,23.955751419067383,0.05,-8.046051979064941,,
219950,3.491299867630005,0.05,-7.659298419952393,,
220000,10.237549781799316,0.05,-6.527652740478516,,
220050,1.0570532083511353,0.05,-6.419230937957764,,
220100,3.892245292663574,0.05,-5.572261810302734,,
220150,4.309510707855225,0.05,-6.467539310455322,,
220200,14.3467435836792,0.05,-8.643744468688965,,
220250,4.745514392852783,0.05,-7.9672369956970215,,
220300,10.812400817871094,0.05,-6.2119622230529785,,
220350,5.754775524139404,0.05,-8.995363235473633,,
220400,2.655102491378784,0.05,-6.720810413360596,,
220450,4.020769119262695,0.05,-8.136664390563965,,
220500,5.5380167961120605,0.05,-7.726487636566162,,
220550,8.257736206054688,0.05,-9.28317928314209,,
220600,33.22434997558594,0.05,-7.652944087982178,,
220650,41.978172302246094,0.05,-7.440419673919678,,
220700,1.8148226737976074,0.05,-7.180229663848877,,
220750,26.017980575561523,0.05,-7.288572788238525,,
220800,17.755725860595703,0.05,-8.06008529663086,,
220850,1.9293330907821655,0.05,-7.9009528160095215,,
220900,5.194166660308838,0.05,-6.268653869628906,,
220950,10.306607246398926,0.05,-7.10939359664917,,
221000,23.505905151367188,0.05,-8.054068565368652,,
221050,4.255211353302002,0.05,-8.20581340789795,,
221100,11.867599487304688,0.05,-6.941705703735352,,
221150,13.961033821105957,0.05,-6.719065189361572,,
221200,6.379271984100342,0.05,-7.317254543304443,,
221250,19.654443740844727,0.05,-9.283717155456543,,
221300,10.321739196777344,0.05,-7.173943996429443,,
221350,12.688423156738281,0.05,-8.392871856689453,,
221400,6.878519535064697,0.05,-7.331368923187256,,
221450,5.66958475112915,0.05,-7.812382221221924,,
221500,15.157326698303223,0.05,-8.84981632232666,,
221550,7.5271172523498535,0.05,-7.392944812774658,,
221600,18.480743408203125,0.05,-7.134315013885498,,
221650,37.316497802734375,0.05,-7.8978424072265625,,
221700,2.196680784225464,0.05,-7.913346767425537,,
221750,2.465467691421509,0.05,-9.564164161682129,,
221800,0.5856115221977234,0.05,-6.777978420257568,,
221850,1.3257261514663696,0.05,-7.506660461425781,,
221900,0.9750461578369141,0.05,-7.328549861907959,,
221950,13.872596740722656,0.05,-6.3344035148620605,,
222000,7.343438625335693,0.05,-7.14063024520874,,
222050,14.42987060546875,0.05,-8.936551094055176,,
222100,0.9585130214691162,0.05,-6.8441081047058105,,
222150,16.836389541625977,0.05,-6.563286304473877,,
222200,1.019896149635315,0.05,-6.339924335479736,,
222250,3.5573222637176514,0.05,-7.793731689453125,,
222300,1.6040462255477905,0.05,-6.7357563972473145,,
222350,6.444333553314209,0.05,-7.468862056732178,,
222400,13.024433135986328,0.05,-6.505910873413086,,
222450,2.5283944606781006,0.05,-7.00974702835083,,
222500,3.5653951168060303,0.05,-6.989110469818115,,
222550,1.5094314813613892,0.05,-6.454905986785889,,
222600,20.77387809753418,0.05,-8.02369213104248,,
222650,5.748247146606445,0.05,-8.005457878112793,,
222700,2.28450083732605,0.05,-6.950685501098633,,
222750,3.736395835876465,0.05,-5.8714141845703125,,
222800,8.386019706726074,0.05,-6.662588119506836,,
222850,5.423532485961914,0.05,-6.838535308837891,,
222900,4.724364757537842,0.05,-7.0538482666015625,,
222950,7.193993091583252,0.05,-7.2376389503479,,
223000,4.997125148773193,0.05,-8.399124145507812,,
223050,2.6063153743743896,0.05,-7.389195919036865,,
223100,4.02216100692749,0.05,-9.442153930664062,,
223150,9.54837417602539,0.05,-7.017892360687256,,
223200,1.2724313735961914,0.05,-7.172479152679443,,
223250,0.3949614465236664,0.05,-7.979085445404053,,
223300,3.085644483566284,0.05,-8.163909912109375,,
223350,17.1928768157959,0.05,-7.452810764312744,,
223400,13.566805839538574,0.05,-7.1378631591796875,,
223450,0.2098427265882492,0.05,-7.078419208526611,,
223500,1.524407982826233,0.05,-8.475112915039062,,
223550,0.8572009205818176,0.05,-7.026788234710693,,
223600,8.58071231842041,0.05,-6.475044250488281,,
223650,0.5761017799377441,0.05,-5.631417751312256,,
223700,0.9599699974060059,0.05,-7.414753437042236,,
223750,1.1036969423294067,0.05,-6.903575897216797,,
223800,0.5289653539657593,0.05,-6.826145172119141,,
223850,1.7961201667785645,0.05,-6.852508068084717,,
223900,5.401803970336914,0.05,-7.623786926269531,,
223950,4.901669025421143,0.05,-6.766211986541748,,
224000,3.2194902896881104,0.05,-7.726173400878906,,
224050,8.21335220336914,0.05,-8.671309471130371,,
224100,2.8094489574432373,0.05,-6.809718608856201,,
224150,4.5922064781188965,0.05,-7.9150848388671875,,
224200,9.768940925598145,0.05,-6.543994903564453,,
224250,29.159896850585938,0.05,-7.886247634887695,,
224300,5.966134548187256,0.05,-7.552297115325928,,
224350,4.282345294952393,0.05,-7.402187347412109,,
224400,3.4804420471191406,0.05,-6.989007472991943,,
224450,6.466216564178467,0.05,-7.319173336029053,,
224500,2.83012318611145,0.05,-9.067131996154785,,
224550,0.196013942360878,0.05,-6.474540710449219,,
224600,4.339480876922607,0.05,-7.093910217285156,,
224650,3.4475831985473633,0.05,-7.253353595733643,,
224700,0.5169494152069092,0.05,-7.364401340484619,,
224750,1.6800832748413086,0.05,-7.03341817855835,,
224800,6.744109630584717,0.05,-7.167343616485596,,
224850,20.576711654663086,0.05,-7.8781418800354,,
224900,17.923364639282227,0.05,-7.456153869628906,,
224950,4.776394367218018,0.05,-7.5563507080078125,,
225000,5.101721286773682,0.05,-6.769460201263428,-0.784922516181111,24.533333333333335
225050,4.925919532775879,0.05,-7.172152042388916,,
225100,12.85004711151123,0.05,-6.712080001831055,,
225150,6.274082183837891,0.05,-8.204399108886719,,
225200,4.181186676025391,0.05,-7.888906955718994,,
225250,7.284257888793945,0.05,-8.457237243652344,,
225300,5.197193622589111,0.05,-6.973204135894775,,
225350,0.8950942158699036,0.05,-7.2322998046875,,
225400,2.5920982360839844,0.05,-7.981235027313232,,
225450,2.2650821208953857,0.05,-7.852353572845459,,
225500,1.497787594795227,0.05,-7.57676362991333,,
225550,2.3211171627044678,0.05,-6.609335422515869,,
225600,6.745096683502197,0.05,-9.873811721801758,,
225650,2.2898685932159424,0.05,-6.673532962799072,,
225700,5.835775375366211,0.05,-8.403437614440918,,
225750,1.208159327507019,0.05,-7.6073479652404785,,
225800,21.525964736938477,0.05,-7.492753982543945,,
225850,3.3503293991088867,0.05,-6.733585357666016,,
225900,14.161358833312988,0.05,-6.718655109405518,,
225950,11.788819313049316,0.05,-7.32811975479126,,
226000,0.8413311839103699,0.05,-6.3368754386901855,,
226050,17.998746871948242,0.05,-7.277156352996826,,
226100,5.215093612670898,0.05,-7.0793938636779785,,
226150,0.17567045986652374,0.05,-6.22338342666626,,
226200,3.107668876647949,0.05,-7.343069076538086,,
226250,1.9628089666366577,0.05,-6.352396488189697,,
226300,19.53212547302246,0.05,-9.409256935119629,,
226350,5.493804454803467,0.05,-8.917755126953125,,
226400,6.183807373046875,0.05,-7.251863956451416,,
226450,16.19165802001953,0.05,-7.86233377456665,,
226500,3.4808623790740967,0.05,-7.327641010284424,,
226550,0.5486426949501038,0.05,-5.8451690673828125,,
226600,3.511580228805542,0.05,-6.351894855499268,,
226650,1.0233221054077148,0.05,-7.398767948150635,,
226700,9.166925430297852,0.05,-6.190359592437744,,
226750,1.801474928855896,0.05,-6.898888111114502,,
226800,5.693647861480713,0.05,-8.640305519104004,,
226850,21.14212989807129,0.05,-8.45880126953125,,
226900,8.175994873046875,0.05,-7.669596195220947,,
226950,5.012719631195068,0.05,-6.62733793258667,,
227000,3.373126745223999,0.05,-7.625051021575928,,
227050,8.842545509338379,0.05,-7.387436389923096,,
227100,3.330965042114258,0.05,-7.083467960357666,,
227150,17.780040740966797,0.05,-8.690173149108887,,
227200,3.1630074977874756,0.05,-8.246423721313477,,
227250,6.353302001953125,0.05,-7.480189800262451,,
227300,1.0323330163955688,0.05,-8.238724708557129,,
227350,9.529501914978027,0.05,-8.343632698059082,,
227400,4.974905014038086,0.05,-8.882655143737793,,
227450,11.008692741394043,0.05,-6.501378536224365,,
227500,4.1517558097839355,0.05,-7.550386905670166,,
227550,2.3074235916137695,0.05,-7.987565517425537,,
227600,12.840008735656738,0.05,-7.191890716552734,,
227650,10.76233959197998,0.05,-6.69666862487793,,
227700,8.399792671203613,0.05,-7.741998195648193,,
227750,4.352315425872803,0.05,-7.799593448638916,,
227800,1.1535937786102295,0.05,-6.724069595336914,,
227850,6.324316024780273,0.05,-7.667622089385986,,
227900,6.96418571472168,0.05,-7.4814066886901855,,
227950,3.230600357055664,0.05,-6.713321685791016,,
228000,2.093585729598999,0.05,-5.802697658538818,,
228050,16.011754989624023,0.05,-6.829869747161865,,
228100,1.381052851676941,0.05,-6.547994136810303,,
228150,10.237397193908691,0.05,-8.182586669921875,,
228200,2.2638092041015625,0.05,-7.578274250030518,,
228250,14.420791625976562,0.05,-6.979303359985352,,
228300,9.557000160217285,0.05,-9.240090370178223,,
228350,15.052268981933594,0.05,-6.64761209487915,,
228400,3.344133138656616,0.05,-6.575828552246094,,
228450,12.315712928771973,0.05,-5.785763263702393,,
228500,1.8881467580795288,0.05,-7.015835285186768,,
228550,10.781204223632812,0.05,-7.202320098876953,,
228600,12.613273620605469,0.05,-7.825789928436279,,
228650,14.354748725891113,0.05,-7.569427490234375,,
228700,9.346417427062988,0.05,-5.705373287200928,,
228750,9.686715126037598,0.05,-6.023542881011963,,
228800,2.80025315284729,0.05,-5.940983295440674,,
228850,1.343398928642273,0.05,-7.342863082885742,,
228900,2.19472074508667,0.05,-7.203395843505859,,
228950,15.579689025878906,0.05,-7.208071231842041,,
229000,3.5605547428131104,0.05,-6.730403900146484,,
229050,2.57796311378479,0.05,-7.430469036102295,,
229100,1.3508063554763794,0.05,-6.42144775390625,,
229150,1.873392105102539,0.05,-6.7125067710876465,,
229200,6.392497539520264,0.05,-7.016456604003906,,
229250,7.75180196762085,0.05,-7.634300231933594,,
229300,7.497622013092041,0.05,-7.173635959625244,,
229350,24.840431213378906,0.05,-7.956413269042969,,
229400,3.2433483600616455,0.05,-7.079704761505127,,
229450,15.015543937683105,0.05,-7.157158374786377,,
229500,5.8054070472717285,0.05,-5.446357727050781,,
229550,11.612614631652832,0.05,-8.398038864135742,,
229600,3.0514631271362305,0.05,-7.065757751464844,,
229650,9.678901672363281,0.05,-6.658746719360352,,
229700,3.582119941711426,0.05,-6.8327412605285645,,
229750,4.979984283447266,0.05,-8.542031288146973,,
229800,7.652493953704834,0.05,-6.290865421295166,,
229850,0.9986987113952637,0.05,-7.354858875274658,,
229900,1.4234737157821655,0.05,-7.0334391593933105,,
229950,11.58658218383789,0.05,-7.387452602386475,,
230000,7.487029552459717,0.05,-6.775227069854736,,
230050,8.757636070251465,0.05,-6.108163833618164,,
230100,9.16530704498291,0.05,-9.755203247070312,,
230150,2.7072718143463135,0.05,-7.159147262573242,,
230200,6.392415523529053,0.05,-5.537683486938477,,
230250,1.285074234008789,0.05,-6.285783290863037,,
230300,11.322933197021484,0.05,-8.100284576416016,,
230350,7.631679058074951,0.05,-6.786464691162109,,
230400,17.565460205078125,0.05,-7.364926815032959,,
230450,4.471237659454346,0.05,-7.941712856292725,,
230500,4.0632452964782715,0.05,-7.518157482147217,,
230550,1.4002472162246704,0.05,-6.137770175933838,,
230600,3.760934829711914,0.05,-6.835954666137695,,
230650,7.475793361663818,0.05,-9.991161346435547,,
230700,1.0688081979751587,0.05,-8.606060981750488,,
230750,0.4053703546524048,0.05,-6.973409175872803,,
230800,9.43094539642334,0.05,-6.392076015472412,,
230850,1.5398679971694946,0.05,-9.498625755310059,,
230900,4.697584629058838,0.05,-5.809487819671631,,
230950,4.265298366546631,0.05,-6.713256359100342,,
231000,1.0790349245071411,0.05,-6.007608413696289,,
231050,6.262302398681641,0.05,-6.725833892822266,,
231100,6.660799026489258,0.05,-6.886842250823975,,
231150,0.546158492565155,0.05,-6.049505710601807,,
231200,13.946440696716309,0.05,-5.229721546173096,,
231250,5.829524993896484,0.05,-8.51767635345459,,
231300,17.34423065185547,0.05,-7.904209136962891,,
231350,6.476909160614014,0.05,-6.01563024520874,,
231400,5.47557258605957,0.05,-7.964685916900635,,
231450,10.612040519714355,0.05,-7.84179162979126,,
231500,6.382757663726807,0.05,-6.526051998138428,,
231550,0.2320200800895691,0.05,-6.525213241577148,,
231600,4.440562725067139,0.05,-6.0001301765441895,,
231650,4.355710983276367,0.05,-7.052797794342041,,
231700,20.47088050842285,0.05,-6.641208171844482,,
231750,7.405346393585205,0.05,-7.244316101074219,,
231800,2.891381025314331,0.05,-8.159636497497559,,
231850,2.5215365886688232,0.05,-5.6443915367126465,,
231900,1.298556923866272,0.05,-6.000648498535156,,
231950,10.219138145446777,0.05,-6.055840969085693,,
232000,1.653296947479248,0.05,-8.291958808898926,,
232050,21.9287109375,0.05,-7.193721771240234,,
232100,26.959352493286133,0.05,-7.271867275238037,,
232150,2.698350667953491,0.05,-6.028275012969971,,
232200,2.008349657058716,0.05,-6.984283447265625,,
232250,20.898448944091797,0.05,-7.1526408195495605,,
232300,0.24002794921398163,0.05,-7.031000137329102,,
232350,8.548404693603516,0.05,-7.080888271331787,,
232400,5.545384883880615,0.05,-8.218880653381348,,
232450,1.2546337842941284,0.05,-6.022748947143555,,
232500,18.70963478088379,0.05,-6.658350467681885,,
232550,0.861426055431366,0.05,-6.857262134552002,,
232600,2.820995569229126,0.05,-7.293607711791992,,
232650,20.370567321777344,0.05,-6.883643627166748,,
232700,12.42278003692627,0.05,-6.251705169677734,,
232750,7.425333023071289,0.05,-7.999265670776367,,
232800,0.5211614370346069,0.05,-7.306926727294922,,
232850,8.175348281860352,0.05,-7.670288562774658,,
232900,1.2039633989334106,0.05,-6.745870113372803,,
232950,1.4825226068496704,0.05,-7.794452667236328,,
233000,19.355329513549805,0.05,-6.4095072746276855,,
233050,7.65765380859375,0.05,-8.458367347717285,,
233100,7.335865020751953,0.05,-7.268436431884766,,
233150,3.9706790447235107,0.05,-6.143675327301025,,
233200,1.6079095602035522,0.05,-5.2537713050842285,,
233250,4.277594566345215,0.05,-6.443264484405518,,
233300,26.568199157714844,0.05,-6.541210174560547,,
233350,8.247740745544434,0.05,-6.340377330780029,,
233400,15.315407752990723,0.05,-6.578258037567139,,
233450,8.263165473937988,0.05,-7.866998672485352,,
233500,9.333603858947754,0.05,-7.709798336029053,,
233550,0.9648287892341614,0.05,-5.579927921295166,,
233600,1.1265225410461426,0.05,-6.077490329742432,,
233650,12.036133766174316,0.05,-8.493368148803711,,
233700,2.1152167320251465,0.05,-8.095267295837402,,
233750,4.782705783843994,0.05,-5.991973876953125,,
233800,0.9243404865264893,0.05,-6.855316638946533,,
233850,4.9480180740356445,0.05,-8.263359069824219,,
233900,2.0793652534484863,0.05,-5.985060214996338,,
233950,3.982286214828491,0.05,-6.83051872253418,,
234000,2.1750600337982178,0.05,-5.921178340911865,,
234050,6.017204284667969,0.05,-8.206415176391602,,
234100,1.165235161781311,0.05,-6.727045059204102,,
234150,0.7964434623718262,0.05,-6.320049285888672,,
234200,4.399468898773193,0.05,-7.035066604614258,,
234250,1.3904551267623901,0.05,-9.491769790649414,,
234300,1.9239544868469238,0.05,-5.785421848297119,,
234350,2.2911934852600098,0.05,-7.7072672843933105,,
234400,3.7115180492401123,0.05,-6.199422836303711,,
234450,7.652944564819336,0.05,-6.942447662353516,,
234500,10.266366958618164,0.05,-7.931808948516846,,
234550,1.6021591424942017,0.05,-7.239032745361328,,
234600,9.061983108520508,0.05,-7.083255290985107,,
234650,0.9837293028831482,0.05,-6.735180377960205,,
234700,8.374744415283203,0.05,-7.486722469329834,,
234750,18.28005027770996,0.05,-6.5399603843688965,,
234800,3.162022829055786,0.05,-6.228132247924805,,
234850,9.655345916748047,0.05,-7.04168176651001,,
234900,9.620348930358887,0.05,-6.548358917236328,,
234950,15.21362590789795,0.05,-6.4863200187683105,,
235000,15.604988098144531,0.05,-7.873355865478516,,
235050,3.820005178451538,0.05,-6.8732590675354,,
235100,7.909856796264648,0.05,-5.61366081237793,,
235150,12.181784629821777,0.05,-6.828261852264404,,
235200,16.7801513671875,0.05,-7.568376541137695,,
235250,5.531315326690674,0.05,-7.063490390777588,,
235300,1.8297948837280273,0.05,-7.96559476852417,,
235350,5.558467388153076,0.05,-6.800891876220703,,
235400,8.911996841430664,0.05,-6.515617847442627,,
235450,2.6930789947509766,0.05,-6.322900772094727,,
235500,12.753443717956543,0.05,-6.10998010635376,,
235550,0.5880458950996399,0.05,-7.309606552124023,,
235600,1.6100660562515259,0.05,-8.389067649841309,,
235650,4.137598514556885,0.05,-6.625487804412842,,
235700,3.5752909183502197,0.05,-6.341418743133545,,
235750,3.508917808532715,0.05,-6.566525936126709,,
235800,0.23596622049808502,0.05,-6.35023307800293,,
235850,11.266433715820312,0.05,-7.462049961090088,,
235900,17.373762130737305,0.05,-6.303879261016846,,
235950,0.8388069272041321,0.05,-6.665666103363037,,
236000,1.0283443927764893,0.05,-6.871780872344971,,
236050,3.342451810836792,0.05,-6.1464996337890625,,
236100,7.63428258895874,0.05,-6.868623733520508,,
236150,1.2326735258102417,0.05,-6.8838210105896,,
236200,0.5193978548049927,0.05,-6.328454971313477,,
236250,11.72281265258789,0.05,-6.68765115737915,,
236300,0.8475151062011719,0.05,-7.708554744720459,,
236350,4.600137233734131,0.05,-6.440269470214844,,
236400,5.704462051391602,0.05,-7.106176376342773,,
236450,2.368345022201538,0.05,-7.287325382232666,,
236500,11.05169677734375,0.05,-6.196292400360107,,
236550,27.22078514099121,0.05,-7.592685699462891,,
236600,2.0248429775238037,0.05,-7.019448757171631,,
236650,1.95054292678833,0.05,-6.056298732757568,,
236700,16.56879234313965,0.05,-5.4218974113464355,,
236750,8.61657428741455,0.05,-6.176173686981201,,
236800,10.347630500793457,0.05,-6.490189075469971,,
236850,1.125454306602478,0.05,-6.886585712432861,,
236900,7.901403427124023,0.05,-7.876296520233154,,
236950,4.991432189941406,0.05,-7.540550231933594,,
237000,11.136553764343262,0.05,-8.756599426269531,,
237050,13.7255220413208,0.05,-6.374864101409912,,
237100,10.011693000793457,0.05,-6.75233793258667,,
237150,6.606216907501221,0.05,-7.231778621673584,,
237200,0.9262685775756836,0.05,-7.677361965179443,,
237250,1.8057173490524292,0.05,-7.750619888305664,,
237300,1.391467571258545,0.05,-5.811645030975342,,
237350,5.7119364738464355,0.05,-7.439037799835205,,
237400,2.312056541442871,0.05,-8.101088523864746,,
237450,24.231239318847656,0.05,-6.830453395843506,,
237500,0.3595444858074188,0.05,-6.863767147064209,,
237550,10.880363464355469,0.05,-7.7470831871032715,,
237600,6.631904602050781,0.05,-6.203199863433838,,
237650,3.8941338062286377,0.05,-7.102607250213623,,
237700,6.847919464111328,0.05,-7.611991882324219,,
237750,2.6632497310638428,0.05,-6.640843868255615,,
237800,2.1314191818237305,0.05,-7.99068021774292,,
237850,1.5719534158706665,0.05,-6.953048229217529,,
237900,9.777344703674316,0.05,-6.334455966949463,,
237950,1.111027479171753,0.05,-7.437269687652588,,
238000,12.803711891174316,0.05,-7.2704620361328125,,
238050,0.8695041537284851,0.05,-9.296900749206543,,
238100,3.4220292568206787,0.05,-7.058120250701904,,
238150,5.651429653167725,0.05,-5.673748016357422,,
238200,3.9376678466796875,0.05,-6.929269790649414,,
238250,11.202885627746582,0.05,-6.342649459838867,,
238300,2.7277462482452393,0.05,-8.181458473205566,,
238350,2.11944580078125,0.05,-7.907548904418945,,
238400,16.189271926879883,0.05,-8.186766624450684,,
238450,9.14835262298584,0.05,-6.100137710571289,,
238500,6.884994029998779,0.05,-6.603248119354248,,
238550,4.762552738189697,0.05,-7.660059452056885,,
238600,3.622217893600464,0.05,-6.9465179443359375,,
238650,1.6859248876571655,0.05,-8.221951484680176,,
238700,3.4083147048950195,0.05,-7.402592182159424,,
238750,12.91729736328125,0.05,-7.525078296661377,,
238800,0.790931224822998,0.05,-6.2420973777771,,
238850,21.361814498901367,0.05,-6.878758907318115,,
238900,6.084287166595459,0.05,-8.603232383728027,,
238950,5.667285919189453,0.05,-7.002260684967041,,
239000,9.407912254333496,0.05,-7.292730331420898,,
239050,5.376321792602539,0.05,-7.170324802398682,,
239100,5.123762130737305,0.05,-6.691047668457031,,
239150,1.5556143522262573,0.05,-7.920858860015869,,
239200,2.158759832382202,0.05,-6.528676986694336,,
239250,13.624409675598145,0.05,-7.747172832489014,,
239300,4.789307594299316,0.05,-6.902862548828125,,
239350,8.504595756530762,0.05,-6.717357158660889,,
239400,11.434645652770996,0.05,-7.5806355476379395,,
239450,2.2870147228240967,0.05,-7.862049579620361,,
239500,11.83530330657959,0.05,-6.839851379394531,,
239550,0.9840410351753235,0.05,-7.025132656097412,,
239600,7.403022766113281,0.05,-6.695047855377197,,
239650,11.324963569641113,0.05,-7.427535533905029,,
239700,8.550677299499512,0.05,-7.352095127105713,,
239750,1.2858675718307495,0.05,-8.06279468536377,,
239800,3.3631467819213867,0.05,-7.6326470375061035,,
239850,13.134182929992676,0.05,-6.65404748916626,,
239900,1.2191797494888306,0.05,-7.170154571533203,,
239950,1.498653531074524,0.05,-6.593757629394531,,
240000,0.6395820379257202,0.05,-6.4055495262146,,
240050,1.42922842502594,0.05,-6.642818450927734,,
240100,0.26679715514183044,0.05,-7.668687343597412,,
240150,0.4991883337497711,0.05,-6.864448547363281,,
240200,8.529651641845703,0.05,-7.94968843460083,,
240250,24.297019958496094,0.05,-7.952782154083252,,
240300,4.5461249351501465,0.05,-6.1114678382873535,,
240350,2.149352788925171,0.05,-7.466054916381836,,
240400,1.874481201171875,0.05,-7.169989109039307,,
240450,0.9577743411064148,0.05,-6.569416046142578,,
240500,11.388941764831543,0.05,-6.142753601074219,,
240550,8.254830360412598,0.05,-7.121038913726807,,
240600,2.2599146366119385,0.05,-8.826879501342773,,
240650,1.1679688692092896,0.05,-7.379615306854248,,
240700,4.888095855712891,0.05,-6.898906707763672,,
240750,8.002803802490234,0.05,-5.656748294830322,,
240800,10.711517333984375,0.05,-6.659324645996094,,
240850,0.7738444805145264,0.05,-6.272170543670654,,
240900,1.9641451835632324,0.05,-7.042736053466797,,
240950,10.527298927307129,0.05,-6.417331218719482,,
241000,1.6988574266433716,0.05,-7.164846897125244,,
241050,2.4231224060058594,0.05,-5.824479579925537,,
241100,15.073657035827637,0.05,-8.16448974609375,,
241150,0.12726372480392456,0.05,-6.494073390960693,,
241200,13.367241859436035,0.05,-8.170161247253418,,
241250,1.5854676961898804,0.05,-7.18798828125,,
241300,11.38228702545166,0.05,-8.253280639648438,,
241350,5.331661701202393,0.05,-7.88053560256958,,
241400,9.15582275390625,0.05,-6.909331798553467,,
241450,1.1719541549682617,0.05,-7.751579761505127,,
241500,5.824916839599609,0.05,-6.492874622344971,,
241550,0.9510309100151062,0.05,-6.643205642700195,,
241600,1.5927391052246094,0.05,-5.9778733253479,,
241650,0.9208643436431885,0.05,-6.71248197555542,,
241700,9.289401054382324,0.05,-6.690558910369873,,
241750,25.284029006958008,0.05,-7.6276326179504395,,
241800,1.9285573959350586,0.05,-6.800783634185791,,
241850,9.692232131958008,0.05,-7.318384647369385,,
241900,4.496596336364746,0.05,-7.999172210693359,,
241950,2.5107581615448,0.05,-6.868580341339111,,
242000,1.0566691160202026,0.05,-6.377639293670654,,
242050,10.974178314208984,0.05,-6.169143199920654,,
242100,8.445069313049316,0.05,-6.273660659790039,,
242150,0.302063912153244,0.05,-6.394343852996826,,
242200,6.416009902954102,0.05,-7.388782024383545,,
242250,0.527991533279419,0.05,-6.542598724365234,,
242300,10.919650077819824,0.05,-7.543954849243164,,
242350,10.13403606414795,0.05,-7.434879779815674,,
242400,17.197580337524414,0.05,-5.689321041107178,,
242450,1.1308197975158691,0.05,-7.210144519805908,,
242500,2.1837587356567383,0.05,-6.555208683013916,,
242550,8.989943504333496,0.05,-7.799934387207031,,
242600,9.71743392944336,0.05,-7.601212024688721,,
242650,11.21426010131836,0.05,-8.19189453125,,
242700,10.090132713317871,0.05,-7.247873783111572,,
242750,6.591705322265625,0.05,-7.198288440704346,,
242800,6.575925827026367,0.05,-7.501234531402588,,
242850,8.949148178100586,0.05,-7.380892276763916,,
242900,0.8419051170349121,0.05,-6.4540791511535645,,
242950,1.2832272052764893,0.05,-7.764707088470459,,
243000,0.9674396514892578,0.05,-7.597955703735352,,
243050,2.3052096366882324,0.05,-7.8642497062683105,,
243100,11.923415184020996,0.05,-7.555105686187744,,
243150,7.998404026031494,0.05,-6.266746520996094,,
243200,4.362637042999268,0.05,-8.240622520446777,,
243250,8.415865898132324,0.05,-8.267970085144043,,
243300,2.4288039207458496,0.05,-7.900841236114502,,
243350,14.641156196594238,0.05,-7.983065128326416,,
243400,7.734025478363037,0.05,-8.139779090881348,,
243450,3.843228340148926,0.05,-8.593340873718262,,
243500,2.21970534324646,0.05,-7.994297027587891,,
243550,1.1385401487350464,0.05,-6.367130756378174,,
243600,6.050165176391602,0.05,-6.832954406738281,,
243650,1.8441575765609741,0.05,-7.2168049812316895,,
243700,5.627496242523193,0.05,-6.762826442718506,,
243750,7.573831558227539,0.05,-8.311991691589355,,
243800,9.590847969055176,0.05,-6.210475921630859,,
243850,1.8826326131820679,0.05,-7.1345133781433105,,
243900,0.49775585532188416,0.05,-8.129387855529785,,
243950,3.015153169631958,0.05,-8.510315895080566,,
244000,23.83941078186035,0.05,-8.026042938232422,,
244050,10.992276191711426,0.05,-7.176408290863037,,
244100,9.50914478302002,0.05,-8.335599899291992,,
244150,7.6802215576171875,0.05,-6.062960147857666,,
244200,16.412067413330078,0.05,-7.976338863372803,,
244250,1.1460143327713013,0.05,-6.9730987548828125,,
244300,3.5088586807250977,0.05,-6.474274158477783,,
244350,13.58382797241211,0.05,-7.147409915924072,,
244400,11.049481391906738,0.05,-6.936092376708984,,
244450,7.723958969116211,0.05,-7.0832648277282715,,
244500,9.401642799377441,0.05,-7.256750106811523,,
244550,12.8311185836792,0.05,-5.776681900024414,,
244600,3.575758218765259,0.05,-6.586375713348389,,
244650,6.5363640785217285,0.05,-7.315545558929443,,
244700,0.4143927991390228,0.05,-7.188786029815674,,
244750,5.740755081176758,0.05,-8.787457466125488,,
244800,1.945559024810791,0.05,-7.413572788238525,,
244850,7.266934871673584,0.05,-7.15465784072876,,
244900,23.02860450744629,0.05,-9.408711433410645,,
244950,1.4581087827682495,0.05,-6.211613178253174,,
245000,1.5457051992416382,0.05,-5.530614376068115,,
245050,6.632354736328125,0.05,-6.670094966888428,,
245100,8.058972358703613,0.05,-11.032126426696777,,
245150,1.4071491956710815,0.05,-6.72398567199707,,
245200,0.4571916162967682,0.05,-6.288423538208008,,
245250,1.3245428800582886,0.05,-5.876438140869141,,
245300,1.689682960510254,0.05,-6.7030348777771,,
245350,5.64211893081665,0.05,-8.616837501525879,,
245400,6.2764973640441895,0.05,-6.544069766998291,,
245450,13.910712242126465,0.05,-9.375190734863281,,
245500,0.5256375670433044,0.05,-6.419966220855713,,
245550,18.559585571289062,0.05,-8.558588981628418,,
245600,12.012150764465332,0.05,-7.146862506866455,,
245650,11.350312232971191,0.05,-7.372564792633057,,
245700,4.853626728057861,0.05,-7.438530445098877,,
245750,2.862504720687866,0.05,-5.859155654907227,,
245800,18.820192337036133,0.05,-6.55204963684082,,
245850,3.570934295654297,0.05,-6.664888381958008,,
245900,3.873908281326294,0.05,-7.109186172485352,,
245950,13.836623191833496,0.05,-8.482365608215332,,
246000,10.567654609680176,0.05,-7.8557610511779785,,
246050,11.846516609191895,0.05,-7.149210453033447,,
246100,1.5429296493530273,0.05,-6.295316219329834,,
246150,0.8402768969535828,0.05,-6.497062683105469,,
246200,4.697900295257568,0.05,-6.028920650482178,,
246250,1.5934993028640747,0.05,-6.9013237953186035,,
246300,11.3462495803833,0.05,-7.220982074737549,,
246350,0.21330229938030243,0.05,-6.842419147491455,,
246400,1.32676100730896,0.05,-5.734639644622803,,
246450,4.032602787017822,0.05,-6.246791839599609,,
246500,1.0462753772735596,0.05,-8.75385856628418,,
246550,1.0004228353500366,0.05,-7.840166091918945,,
246600,6.950870037078857,0.05,-7.8317999839782715,,
246650,4.315791130065918,0.05,-6.646141052246094,,
246700,2.5559911727905273,0.05,-7.023831844329834,,
246750,7.1531524658203125,0.05,-6.804224014282227,,
246800,0.21719783544540405,0.05,-6.219642162322998,,
246850,2.884448766708374,0.05,-7.2463459968566895,,
246900,2.417659044265747,0.05,-6.523115634918213,,
246950,1.9358654022216797,0.05,-7.095814228057861,,
247000,0.15768542885780334,0.05,-6.23054313659668,,
247050,3.4337270259857178,0.05,-8.051304817199707,,
247100,7.452042102813721,0.05,-7.424940586090088,,
247150,6.458583354949951,0.05,-7.450047016143799,,
247200,0.31172075867652893,0.05,-7.58353853225708,,
247250,26.132848739624023,0.05,-8.725651741027832,,
247300,2.178351640701294,0.05,-6.734819412231445,,
247350,1.3027399778366089,0.05,-7.3507304191589355,,
247400,1.6917452812194824,0.05,-6.761620044708252,,
247450,8.397693634033203,0.05,-7.877391815185547,,
247500,1.426390528678894,0.05,-6.477155685424805,,
247550,1.1822785139083862,0.05,-7.782633304595947,,
247600,19.6535587310791,0.05,-7.05430269241333,,
247650,2.538062810897827,0.05,-6.522735595703125,,
247700,2.9581382274627686,0.05,-7.143199443817139,,
247750,6.70925760269165,0.05,-6.020951747894287,,
247800,0.6048776507377625,0.05,-5.797834396362305,,
247850,2.8694703578948975,0.05,-7.38690185546875,,
247900,4.278825283050537,0.05,-7.442540645599365,,
247950,27.59407615661621,0.05,-8.681929588317871,,
248000,4.008606910705566,0.05,-6.159749984741211,,
248050,4.9740166664123535,0.05,-7.19758415222168,,
248100,6.379394054412842,0.05,-8.50965404510498,,
248150,3.502044916152954,0.05,-6.797952175140381,,
248200,0.8201913833618164,0.05,-5.756111145019531,,
248250,18.593839645385742,0.05,-7.183263301849365,,
248300,9.099170684814453,0.05,-5.48972749710083,,
248350,1.2591217756271362,0.05,-6.70829439163208,,
248400,1.6414026021957397,0.05,-6.420846939086914,,
248450,4.899736404418945,0.05,-7.244300842285156,,
248500,4.097286701202393,0.05,-5.705247402191162,,
248550,1.5943374633789062,0.05,-6.359891891479492,,
248600,2.988429307937622,0.05,-7.50889253616333,,
248650,0.174807608127594,0.05,-6.502781391143799,,
248700,4.992186546325684,0.05,-6.254947662353516,,
248750,0.6000766754150391,0.05,-6.66310453414917,,
248800,3.952188730239868,0.05,-7.5158867835998535,,
248850,7.9611735343933105,0.05,-7.806830883026123,,
248900,9.944900512695312,0.05,-9.405779838562012,,
248950,5.714815616607666,0.05,-6.771049499511719,,
249000,7.177253246307373,0.05,-6.294973850250244,,
249050,6.501590251922607,0.05,-8.015000343322754,,
249100,10.460173606872559,0.05,-6.790157318115234,,
249150,1.5817575454711914,0.05,-6.637134552001953,,
249200,6.5083842277526855,0.05,-6.098949909210205,,
249250,4.862821578979492,0.05,-7.124755859375,,
249300,5.569178104400635,0.05,-6.892833709716797,,
249350,5.455859661102295,0.05,-6.979777812957764,,
249400,7.616138458251953,0.05,-6.960320949554443,,
249450,3.617017984390259,0.05,-7.2108917236328125,,
249500,6.31050443649292,0.05,-7.396678447723389,,
249550,2.9506702423095703,0.05,-7.555746555328369,,
249600,0.9154788851737976,0.05,-8.011317253112793,,
249650,3.642346143722534,0.05,-8.125590324401855,,
249700,1.3379039764404297,0.05,-7.056943893432617,,
249750,1.4279893636703491,0.05,-8.29267692565918,,
249800,1.431443214416504,0.05,-6.909210205078125,,
249850,6.338595867156982,0.05,-6.31224250793457,,
249900,7.4695820808410645,0.05,-6.799558639526367,,
249950,3.983478546142578,0.05,-7.485115051269531,,
250000,0.9083461761474609,0.05,-7.912065505981445,-1.1191480671169105,43.46666666666666
250050,5.490522384643555,0.05,-8.283032417297363,,
250100,5.420416355133057,0.05,-6.036912441253662,,
250150,1.7444581985473633,0.05,-7.573610782623291,,
250200,0.9945679306983948,0.05,-7.148134231567383,,
250250,9.253226280212402,0.05,-8.729276657104492,,
250300,19.267250061035156,0.05,-8.108378410339355,,
250350,4.3676838874816895,0.05,-7.36731481552124,,
250400,2.9775943756103516,0.05,-7.913232326507568,,
250450,1.6081327199935913,0.05,-7.035457611083984,,
250500,0.3765873908996582,0.05,-6.7031025886535645,,
250550,2.8704140186309814,0.05,-6.821211338043213,,
250600,1.4683198928833008,0.05,-8.076701164245605,,
250650,5.322062969207764,0.05,-7.9521026611328125,,
250700,11.311734199523926,0.05,-7.3136162757873535,,
250750,2.704376459121704,0.05,-5.726830959320068,,
250800,5.055375099182129,0.05,-6.641173839569092,,
250850,3.81935715675354,0.05,-7.251407623291016,,
250900,1.329478144645691,0.05,-8.3639497756958,,
250950,10.708484649658203,0.05,-7.737080097198486,,
251000,10.867070198059082,0.05,-7.092767238616943,,
251050,6.288941860198975,0.05,-8.093355178833008,,
251100,4.646539211273193,0.05,-5.799967288970947,,
251150,4.9793009757995605,0.05,-6.222606182098389,,
251200,1.725592017173767,0.05,-6.137290954589844,,
251250,0.3690389096736908,0.05,-6.689510822296143,,
251300,6.457763671875,0.05,-6.453016757965088,,
251350,0.4995403587818146,0.05,-6.434976100921631,,
251400,2.637078046798706,0.05,-7.479267120361328,,
251450,4.3119072914123535,0.05,-7.58065938949585,,
251500,5.379408359527588,0.05,-6.347743988037109,,
251550,19.80048942565918,0.05,-6.995683670043945,,
251600,1.3898056745529175,0.05,-5.6682915687561035,,
251650,5.401176929473877,0.05,-7.230386257171631,,
251700,7.724636077880859,0.05,-6.941657543182373,,
251750,13.332359313964844,0.05,-7.523853778839111,,
251800,8.81521224975586,0.05,-6.738856792449951,,
251850,1.903847336769104,0.05,-7.076152324676514,,
251900,10.94355297088623,0.05,-6.551192760467529,,
251950,2.497173309326172,0.05,-7.092953205108643,,
252000,0.19646330177783966,0.05,-5.412160396575928,,
252050,14.26952838897705,0.05,-6.088476657867432,,
252100,9.547537803649902,0.05,-8.516657829284668,,
252150,2.067492723464966,0.05,-6.236242294311523,,
252200,10.593036651611328,0.05,-8.043025016784668,,
252250,3.16347599029541,0.05,-9.423410415649414,,
252300,20.11642837524414,0.05,-8.770773887634277,,
252350,12.019988059997559,0.05,-7.101296901702881,,
252400,7.86593770980835,0.05,-5.799956798553467,,
252450,7.180263996124268,0.05,-7.977281093597412,,
252500,12.707892417907715,0.05,-7.663379669189453,,
252550,2.034221887588501,0.05,-7.504039287567139,,
252600,10.526396751403809,0.05,-6.705585479736328,,
252650,15.57390308380127,0.05,-7.125088214874268,,
252700,5.489461898803711,0.05,-8.083459854125977,,
252750,6.480595111846924,0.05,-7.625816345214844,,
252800,6.025630474090576,0.05,-7.159666538238525,,
252850,0.5716391801834106,0.05,-5.862050533294678,,
252900,10.619379997253418,0.05,-6.574625492095947,,
252950,7.9529266357421875,0.05,-8.755507469177246,,
253000,1.1558188199996948,0.05,-6.704822540283203,,
253050,4.829451084136963,0.05,-8.144357681274414,,
253100,0.6979359984397888,0.05,-6.619142055511475,,
253150,4.103021144866943,0.05,-7.680009365081787,,
253200,9.855504035949707,0.05,-6.996344089508057,,
253250,1.1043922901153564,0.05,-6.982114315032959,,
253300,20.106643676757812,0.05,-6.8397536277771,,
253350,2.715932607650757,0.05,-7.1550750732421875,,
253400,4.848430156707764,0.05,-7.396525859832764,,
253450,10.994837760925293,0.05,-6.187857151031494,,
253500,0.5260213017463684,0.05,-7.580047607421875,,
253550,11.636260032653809,0.05,-7.239191055297852,,
253600,12.01940631866455,0.05,-7.554371356964111,,
253650,0.8558235168457031,0.05,-6.669636249542236,,
253700,3.70196533203125,0.05,-6.966489315032959,,
253750,1.7548131942749023,0.05,-7.023481369018555,,
253800,1.1137546300888062,0.05,-7.098100185394287,,
253850,7.844797134399414,0.05,-7.2579522132873535,,
253900,22.95459747314453,0.05,-8.208786010742188,,
253950,5.926864147186279,0.05,-6.726706027984619,,
254000,0.2425675392150879,0.05,-5.654336929321289,,
254050,2.8208682537078857,0.05,-6.547652721405029,,
254100,7.039466381072998,0.05,-8.011225700378418,,
254150,1.7435760498046875,0.05,-7.225521564483643,,
254200,7.444311618804932,0.05,-6.337318420410156,,
254250,1.3475289344787598,0.05,-5.922067642211914,,
254300,7.557849884033203,0.05,-8.248141288757324,,
254350,6.219395160675049,0.05,-7.5805439949035645,,
254400,9.325982093811035,0.05,-8.310688972473145,,
254450,2.5125625133514404,0.05,-8.003140449523926,,
254500,1.782948613166809,0.05,-6.376131534576416,,
254550,0.6700840592384338,0.05,-6.895670413970947,,
254600,2.2706878185272217,0.05,-7.307687282562256,,
254650,2.130739688873291,0.05,-6.543121337890625,,
254700,12.242758750915527,0.05,-8.103572845458984,,
254750,7.489969730377197,0.05,-6.459249019622803,,
254800,7.10664176940918,0.05,-7.779445648193359,,
254850,1.0595096349716187,0.05,-6.334444046020508,,
254900,3.570371389389038,0.05,-6.612461090087891,,
254950,3.3787872791290283,0.05,-7.69801664352417,,
255000,0.8766980767250061,0.05,-5.745983600616455,,
255050,9.953421592712402,0.05,-6.83282470703125,,
255100,10.38192367553711,0.05,-7.006242275238037,,
255150,12.496808052062988,0.05,-7.305606842041016,,
255200,1.3546204566955566,0.05,-7.193838119506836,,
255250,2.3012020587921143,0.05,-7.882638931274414,,
255300,5.62060022354126,0.05,-7.432109355926514,,
255350,10.027386665344238,0.05,-7.848402500152588,,
255400,5.348297119140625,0.05,-7.90216588973999,,
255450,1.9373369216918945,0.05,-6.926212787628174,,
255500,6.935886859893799,0.05,-7.226290225982666,,
255550,1.3339797258377075,0.05,-7.705743789672852,,
255600,20.452909469604492,0.05,-8.026716232299805,,
255650,3.495015859603882,0.05,-7.299556732177734,,
255700,3.6762430667877197,0.05,-5.590294361114502,,
255750,0.47842028737068176,0.05,-6.74568510055542,,
255800,2.589665651321411,0.05,-6.437974452972412,,
255850,4.691929340362549,0.05,-7.310432434082031,,
255900,10.565703392028809,0.05,-6.875083923339844,,
255950,6.415712356567383,0.05,-6.661660671234131,,
256000,13.353882789611816,0.05,-7.817236423492432,,
256050,8.031329154968262,0.05,-6.594041347503662,,
256100,0.3774470388889313,0.05,-6.583284854888916,,
256150,13.385727882385254,0.05,-5.889153003692627,,
256200,1.6902127265930176,0.05,-7.4261040687561035,,
256250,11.138394355773926,0.05,-7.156595706939697,,
256300,1.9280482530593872,0.05,-6.4117584228515625,,
256350,8.681046485900879,0.05,-8.56289005279541,,
256400,8.178178787231445,0.05,-6.852031707763672,,
256450,0.8519787788391113,0.05,-7.077756881713867,,
256500,3.155992269515991,0.05,-6.8690972328186035,,
256550,5.787406921386719,0.05,-6.847957134246826,,
256600,9.747979164123535,0.05,-6.588327884674072,,
256650,11.388325691223145,0.05,-7.943740367889404,,
256700,12.892577171325684,0.05,-7.6628570556640625,,
256750,0.9769901633262634,0.05,-7.500606060028076,,
256800,0.36201420426368713,0.05,-6.180007457733154,,
256850,0.41747668385505676,0.05,-6.875952243804932,,
256900,8.104121208190918,0.05,-8.450457572937012,,
256950,9.2809419631958,0.05,-7.751970291137695,,
257000,0.09905753284692764,0.05,-6.176919937133789,,
257050,9.447739601135254,0.05,-6.403099060058594,,
257100,14.288748741149902,0.05,-6.557567596435547,,
257150,5.319925785064697,0.05,-6.430717468261719,,
257200,1.1598049402236938,0.05,-6.1277642250061035,,
257250,9.690773963928223,0.05,-8.113113403320312,,
257300,0.958550214767456,0.05,-6.791833400726318,,
257350,1.047420859336853,0.05,-7.299733638763428,,
257400,6.263241291046143,0.05,-8.30648136138916,,
257450,3.134950637817383,0.05,-5.812661647796631,,
257500,1.1496810913085938,0.05,-7.353883743286133,,
257550,2.1301794052124023,0.05,-5.204225063323975,,
257600,0.6602173447608948,0.05,-6.473972320556641,,
257650,10.37818431854248,0.05,-7.301879405975342,,
257700,2.334676742553711,0.05,-7.774900913238525,,
257750,0.9158896803855896,0.05,-6.829126358032227,,
257800,0.8428048491477966,0.05,-6.512262344360352,,
257850,12.00508975982666,0.05,-6.326762676239014,,
257900,1.885546326637268,0.05,-7.286651611328125,,
257950,15.518929481506348,0.05,-7.435184478759766,,
258000,4.094972133636475,0.05,-7.348836898803711,,
258050,6.14996337890625,0.05,-7.239033222198486,,
258100,1.2085176706314087,0.05,-6.748357772827148,,
258150,10.336264610290527,0.05,-6.998687267303467,,
258200,0.5370438098907471,0.05,-6.282463550567627,,
258250,1.8288183212280273,0.05,-6.981203556060791,,
258300,3.267291784286499,0.05,-6.073389530181885,,
258350,10.0821533203125,0.05,-6.817409992218018,,
258400,19.1794490814209,0.05,-6.882237911224365,,
258450,5.0425190925598145,0.05,-5.93303108215332,,
258500,1.6245383024215698,0.05,-6.652933597564697,,
258550,15.568100929260254,0.05,-6.230236053466797,,
258600,1.4135178327560425,0.05,-6.6928863525390625,,
258650,3.2628047466278076,0.05,-6.9965362548828125,,
258700,2.151435613632202,0.05,-6.53113317489624,,
258750,2.0429792404174805,0.05,-6.2169952392578125,,
258800,14.03539752960205,0.05,-6.609351634979248,,
258850,3.3109960556030273,0.05,-7.440329074859619,,
258900,7.939799785614014,0.05,-6.345035552978516,,
258950,1.8648505210876465,0.05,-6.878915309906006,,
259000,0.5548991560935974,0.05,-6.069040775299072,,
259050,1.153752088546753,0.05,-6.143226146697998,,
259100,0.8602240085601807,0.05,-5.752338886260986,,
259150,1.0206494331359863,0.05,-6.702762603759766,,
259200,1.5378369092941284,0.05,-6.509311199188232,,
259250,0.6888646483421326,0.05,-6.736278057098389,,
259300,1.5766507387161255,0.05,-6.858022689819336,,
259350,0.901879072189331,0.05,-6.435800552368164,,
259400,0.997564971446991,0.05,-6.294468402862549,,
259450,5.701216220855713,0.05,-5.755826473236084,,
259500,2.3166260719299316,0.05,-5.813379287719727,,
259550,2.0757830142974854,0.05,-6.2745442390441895,,
259600,10.343823432922363,0.05,-6.31096076965332,,
259650,2.391763210296631,0.05,-6.421850681304932,,
259700,2.828671455383301,0.05,-5.867898941040039,,
259750,4.1102681159973145,0.05,-6.999844074249268,,
259800,2.6958019733428955,0.05,-5.701580047607422,,
259850,1.6110291481018066,0.05,-5.449402332305908,,
259900,1.9598749876022339,0.05,-5.957418918609619,,
259950,0.6982631683349609,0.05,-6.174743175506592,,
260000,2.00700306892395,0.05,-6.182552337646484,,
260050,2.7590930461883545,0.05,-5.846179485321045,,
260100,0.5527212023735046,0.05,-5.563378810882568,,
260150,0.7469499707221985,0.05,-7.190220355987549,,
260200,0.4426543712615967,0.05,-5.669971466064453,,
260250,5.594395160675049,0.05,-6.273706912994385,,
260300,3.542802095413208,0.05,-7.401221752166748,,
260350,1.0813984870910645,0.05,-7.367191314697266,,
260400,1.3754006624221802,0.05,-6.155117034912109,,
260450,2.567779541015625,0.05,-6.5427374839782715,,
260500,4.250936031341553,0.05,-6.81505012512207,,
260550,1.8433237075805664,0.05,-6.648867130279541,,
260600,6.203080654144287,0.05,-6.982601642608643,,
260650,6.502407073974609,0.05,-6.673867702484131,,
260700,6.4693169593811035,0.05,-6.040765762329102,,
260750,2.084829330444336,0.05,-6.020817279815674,,
260800,3.8324317932128906,0.05,-5.489543914794922,,
260850,3.7663142681121826,0.05,-6.166456699371338,,
260900,0.19680815935134888,0.05,-5.8653645515441895,,
260950,2.2321527004241943,0.05,-5.779636859893799,,
261000,1.7252191305160522,0.05,-6.7986979484558105,,
261050,11.304608345031738,0.05,-8.04479694366455,,
261100,5.896703243255615,0.05,-5.101353645324707,,
261150,5.367212772369385,0.05,-6.681567668914795,,
261200,14.791670799255371,0.05,-6.489757537841797,,
261250,4.0195393562316895,0.05,-6.289991855621338,,
261300,8.079856872558594,0.05,-6.8228631019592285,,
261350,4.346404075622559,0.05,-6.2903594970703125,,
261400,13.76843547821045,0.05,-7.0867133140563965,,
261450,1.3407998085021973,0.05,-7.401595592498779,,
261500,21.704702377319336,0.05,-7.476895809173584,,
261550,4.477862358093262,0.05,-7.814889430999756,,
261600,5.358684062957764,0.05,-5.273993015289307,,
261650,0.40419521927833557,0.05,-6.002689361572266,,
261700,2.4535224437713623,0.05,-5.699581623077393,,
261750,0.7924993634223938,0.05,-5.916283130645752,,
261800,7.832696914672852,0.05,-6.951132297515869,,
261850,3.8345062732696533,0.05,-7.487117290496826,,
261900,4.533277988433838,0.05,-5.838892459869385,,
261950,1.5508564710617065,0.05,-6.252677917480469,,
262000,10.200094223022461,0.05,-6.724090576171875,,
262050,17.42491912841797,0.05,-5.844448089599609,,
262100,2.3431320190429688,0.05,-7.162866115570068,,
262150,2.8627240657806396,0.05,-7.485276699066162,,
262200,0.4773177206516266,0.05,-5.175279140472412,,
262250,0.5109010934829712,0.05,-5.307313919067383,,
262300,3.4025039672851562,0.05,-5.66107702255249,,
262350,11.135937690734863,0.05,-7.136031627655029,,
262400,0.4168466031551361,0.05,-6.164419174194336,,
262450,12.814349174499512,0.05,-7.300589084625244,,
262500,5.167346954345703,0.05,-6.7724690437316895,,
262550,2.254509210586548,0.05,-7.5856242179870605,,
262600,3.0440902709960938,0.05,-7.569509983062744,,
262650,5.659548282623291,0.05,-5.84002161026001,,
262700,3.477519989013672,0.05,-5.872486114501953,,
262750,1.7758488655090332,0.05,-6.942338943481445,,
262800,0.14864008128643036,0.05,-6.362349033355713,,
262850,0.2025805115699768,0.05,-5.859107971191406,,
262900,9.003874778747559,0.05,-5.838085651397705,,
262950,0.9162119030952454,0.05,-5.845749378204346,,
263000,1.5745216608047485,0.05,-7.807114124298096,,
263050,0.3007834851741791,0.05,-6.109628200531006,,
263100,7.081868648529053,0.05,-6.255119323730469,,
263150,3.767015218734741,0.05,-5.91991662979126,,
263200,13.519064903259277,0.05,-7.896841526031494,,
263250,4.906254768371582,0.05,-7.319818019866943,,
263300,0.4487065374851227,0.05,-6.685033798217773,,
263350,2.860332489013672,0.05,-5.697452545166016,,
263400,2.4133975505828857,0.05,-6.339839458465576,,
263450,4.963825225830078,0.05,-5.310739994049072,,
263500,1.2007362842559814,0.05,-6.439237117767334,,
263550,13.218174934387207,0.05,-6.641976833343506,,
263600,1.138666033744812,0.05,-7.730020046234131,,
263650,7.703540325164795,0.05,-6.836273193359375,,
263700,6.222184658050537,0.05,-7.81994104385376,,
263750,0.44248107075691223,0.05,-5.5793914794921875,,
263800,0.7499963641166687,0.05,-6.875072002410889,,
263850,1.1118842363357544,0.05,-5.873793125152588,,
263900,16.43192481994629,0.05,-8.62317180633545,,
263950,4.2100300788879395,0.05,-5.774654865264893,,
264000,8.950714111328125,0.05,-6.2181396484375,,
264050,0.37568172812461853,0.05,-6.430942535400391,,
264100,0.9680487513542175,0.05,-7.107513427734375,,
264150,4.2690606117248535,0.05,-7.480064392089844,,
264200,3.603882074356079,0.05,-6.48737907409668,,
264250,9.593459129333496,0.05,-4.737983226776123,,
264300,13.068187713623047,0.05,-5.946798324584961,,
264350,1.7164734601974487,0.05,-7.564273357391357,,
264400,0.3625616133213043,0.05,-6.236521244049072,,
264450,14.412476539611816,0.05,-6.475551605224609,,
264500,10.660408973693848,0.05,-6.143230438232422,,
264550,2.434238910675049,0.05,-6.796772003173828,,
264600,2.176448345184326,0.05,-7.701231002807617,,
264650,1.800796627998352,0.05,-5.932474613189697,,
264700,1.9544049501419067,0.05,-6.102914810180664,,
264750,0.5007594227790833,0.05,-6.4182868003845215,,
264800,12.027603149414062,0.05,-6.429149627685547,,
264850,2.0631728172302246,0.05,-6.037425518035889,,
264900,5.724421977996826,0.05,-6.626188278198242,,
264950,0.5998182892799377,0.05,-6.118646621704102,,
265000,0.48012876510620117,0.05,-6.071048736572266,,
265050,0.6084701418876648,0.05,-6.213975429534912,,
265100,0.15324120223522186,0.05,-5.65058708190918,,
265150,17.872488021850586,0.05,-6.999919891357422,,
265200,0.8876264691352844,0.05,-7.513027667999268,,
265250,13.535431861877441,0.05,-7.745624542236328,,
265300,3.7569732666015625,0.05,-8.950615882873535,,
265350,6.932133197784424,0.05,-7.5306854248046875,,
265400,13.909733772277832,0.05,-6.310973644256592,,
265450,0.17573577165603638,0.05,-6.165921688079834,,
265500,9.412415504455566,0.05,-7.293397903442383,,
265550,1.7133501768112183,0.05,-5.730636119842529,,
265600,2.139928102493286,0.05,-6.358346462249756,,
265650,9.002074241638184,0.05,-5.727684497833252,,
265700,8.415218353271484,0.05,-6.597629070281982,,
265750,7.172617435455322,0.05,-6.121832370758057,,
265800,11.444830894470215,0.05,-6.0274271965026855,,
265850,12.134787559509277,0.05,-6.913652420043945,,
265900,2.4979593753814697,0.05,-7.025243759155273,,
265950,0.9311544895172119,0.05,-6.632503986358643,,
266000,0.24754668772220612,0.05,-6.169020175933838,,
266050,0.12326943129301071,0.05,-5.86267614364624,,
266100,5.723745346069336,0.05,-6.668859004974365,,
266150,17.12636375427246,0.05,-6.586627960205078,,
266200,6.997800827026367,0.05,-7.602967739105225,,
266250,3.003824472427368,0.05,-6.597269535064697,,
266300,6.667295455932617,0.05,-7.017953395843506,,
266350,1.2094037532806396,0.05,-6.7345428466796875,,
266400,14.115384101867676,0.05,-6.835194110870361,,
266450,4.751180171966553,0.05,-6.619544982910156,,
266500,5.117766857147217,0.05,-7.220290660858154,,
266550,0.4263245165348053,0.05,-5.368160247802734,,
266600,3.5244035720825195,0.05,-7.359312057495117,,
266650,1.6375222206115723,0.05,-5.950996398925781,,
266700,5.4787421226501465,0.05,-6.629390239715576,,
266750,0.8387076258659363,0.05,-6.454639434814453,,
266800,16.389604568481445,0.05,-6.9131622314453125,,
266850,11.440540313720703,0.05,-6.211284637451172,,
266900,11.178252220153809,0.05,-6.9289021492004395,,
266950,2.380624771118164,0.05,-7.0137786865234375,,
267000,9.084996223449707,0.05,-7.029077053070068,,
267050,5.374139785766602,0.05,-7.059892654418945,,
267100,4.700981616973877,0.05,-7.289165019989014,,
267150,2.711390733718872,0.05,-5.733427047729492,,
267200,4.185131072998047,0.05,-7.298631191253662,,
267250,1.9588366746902466,0.05,-6.965982913970947,,
267300,14.344023704528809,0.05,-8.24619197845459,,
267350,7.001075267791748,0.05,-7.113168239593506,,
267400,1.5743098258972168,0.05,-6.494121074676514,,
267450,2.0374538898468018,0.05,-7.049952030181885,,
267500,1.060887336730957,0.05,-6.136508464813232,,
267550,0.7118926048278809,0.05,-7.196926116943359,,
267600,0.20018059015274048,0.05,-7.352383136749268,,
267650,1.4163180589675903,0.05,-8.018762588500977,,
267700,2.142625570297241,0.05,-6.522231578826904,,
267750,2.170065402984619,0.05,-6.749133586883545,,
267800,3.0083935260772705,0.05,-7.221351623535156,,
267850,1.8110275268554688,0.05,-6.347992420196533,,
267900,6.932894229888916,0.05,-8.916962623596191,,
267950,0.4964171350002289,0.05,-7.49037504196167,,
268000,7.194664001464844,0.05,-6.159518718719482,,
268050,3.5992231369018555,0.05,-6.85894775390625,,
268100,7.396230220794678,0.05,-5.249793529510498,,
268150,3.6754438877105713,0.05,-6.213525295257568,,
268200,4.638160228729248,0.05,-7.276699066162109,,
268250,0.8408462405204773,0.05,-6.841771602630615,,
268300,2.5185844898223877,0.05,-6.430671691894531,,
268350,1.2164701223373413,0.05,-6.839910507202148,,
268400,16.437158584594727,0.05,-7.739675521850586,,
268450,20.665037155151367,0.05,-6.751623153686523,,
268500,0.6509830951690674,0.05,-6.089319229125977,,
268550,15.30217456817627,0.05,-7.5831379890441895,,
268600,10.462555885314941,0.05,-6.146256923675537,,
268650,4.5605340003967285,0.05,-5.446243762969971,,
268700,5.685506820678711,0.05,-6.62556791305542,,
268750,1.0730527639389038,0.05,-7.180272579193115,,
268800,4.377386093139648,0.05,-6.5894622802734375,,
268850,3.5015296936035156,0.05,-7.264790058135986,,
268900,1.3542484045028687,0.05,-5.63130521774292,,
268950,11.625519752502441,0.05,-6.796070098876953,,
269000,17.879308700561523,0.05,-7.250408172607422,,
269050,1.2585512399673462,0.05,-7.283995151519775,,
269100,0.1474134773015976,0.05,-6.323341369628906,,
269150,0.707639753818512,0.05,-6.941106796264648,,
269200,2.790731430053711,0.05,-6.493825435638428,,
269250,6.980288028717041,0.05,-6.724296569824219,,
269300,2.075984239578247,0.05,-7.674949645996094,,
269350,4.246093273162842,0.05,-6.235311031341553,,
269400,3.085604429244995,0.05,-6.3430304527282715,,
269450,6.850583553314209,0.05,-6.4303460121154785,,
269500,1.2032228708267212,0.05,-7.332357883453369,,
269550,8.00604248046875,0.05,-7.5958251953125,,
269600,13.147181510925293,0.05,-5.753694534301758,,
269650,5.672794342041016,0.05,-7.4139251708984375,,
269700,0.4210832118988037,0.05,-6.856456279754639,,
269750,3.6501853466033936,0.05,-6.7040486335754395,,
269800,2.3677608966827393,0.05,-7.748188495635986,,
269850,2.457562208175659,0.05,-7.905206203460693,,
269900,1.7087126970291138,0.05,-5.887244701385498,,
269950,27.511878967285156,0.05,-7.587100505828857,,
270000,24.33893394470215,0.05,-7.283964157104492,,
270050,2.8119304180145264,0.05,-6.5439629554748535,,
270100,2.3565173149108887,0.05,-6.93915319442749,,
270150,6.602985382080078,0.05,-6.693609714508057,,
270200,0.8507493138313293,0.05,-6.041005611419678,,
270250,7.173409938812256,0.05,-5.683705806732178,,
270300,0.9037215709686279,0.05,-7.465967655181885,,
270350,11.59232234954834,0.05,-7.232250213623047,,
270400,3.7423973083496094,0.05,-8.615426063537598,,
270450,11.738067626953125,0.05,-7.118158340454102,,
270500,5.299914836883545,0.05,-6.349916458129883,,
270550,5.976541996002197,0.05,-5.973857402801514,,
270600,5.228357315063477,0.05,-6.253572463989258,,
270650,6.364683628082275,0.05,-7.3174896240234375,,
270700,6.109597682952881,0.05,-7.403454303741455,,
270750,3.6065561771392822,0.05,-6.316587448120117,,
270800,6.246626377105713,0.05,-6.084497928619385,,
270850,2.210986852645874,0.05,-7.194897174835205,,
270900,8.03077220916748,0.05,-7.206126689910889,,
270950,10.950583457946777,0.05,-6.5652642250061035,,
271000,3.2618563175201416,0.05,-6.147006988525391,,
271050,3.5268361568450928,0.05,-7.075065612792969,,
271100,1.3158609867095947,0.05,-7.0557427406311035,,
271150,1.5103750228881836,0.05,-7.969198703765869,,
271200,12.028496742248535,0.05,-6.757051944732666,,
271250,3.0860769748687744,0.05,-5.7610344886779785,,
271300,17.049638748168945,0.05,-6.6259942054748535,,
271350,13.01988697052002,0.05,-7.059623718261719,,
271400,1.0341323614120483,0.05,-6.361629009246826,,
271450,3.8590266704559326,0.05,-6.124361515045166,,
271500,11.009421348571777,0.05,-6.825502872467041,,
271550,19.786088943481445,0.05,-7.399324893951416,,
271600,5.154914379119873,0.05,-7.169455051422119,,
271650,5.2772135734558105,0.05,-7.657952785491943,,
271700,6.810249328613281,0.05,-6.48854398727417,,
271750,5.552356719970703,0.05,-7.031686782836914,,
271800,7.9659552574157715,0.05,-6.350429534912109,,
271850,9.151759147644043,0.05,-7.608084201812744,,
271900,0.7646439671516418,0.05,-7.922199726104736,,
271950,0.2662973701953888,0.05,-7.228847503662109,,
272000,3.8024165630340576,0.05,-6.811581134796143,,
272050,17.833192825317383,0.05,-7.361593246459961,,
272100,5.015111446380615,0.05,-7.2775444984436035,,
272150,0.250101238489151,0.05,-6.729984760284424,,
272200,10.592865943908691,0.05,-7.732719898223877,,
272250,12.848294258117676,0.05,-7.138936519622803,,
272300,1.4620245695114136,0.05,-8.429119110107422,,
272350,2.1396656036376953,0.05,-6.847442626953125,,
272400,11.135811805725098,0.05,-6.966274261474609,,
272450,0.11957130581140518,0.05,-5.982927322387695,,
272500,11.267035484313965,0.05,-7.584756374359131,,
272550,8.04694652557373,0.05,-7.105409622192383,,
272600,2.567821502685547,0.05,-6.786035060882568,,
272650,5.4550461769104,0.05,-7.389822483062744,,
272700,0.08087657392024994,0.05,-5.966844081878662,,
272750,13.227377891540527,0.05,-8.26740837097168,,
272800,1.2743556499481201,0.05,-7.053317546844482,,
272850,0.6620708107948303,0.05,-7.527881622314453,,
272900,8.28943157196045,0.05,-6.519097805023193,,
272950,2.8932130336761475,0.05,-9.31912899017334,,
273000,1.6511434316635132,0.05,-6.818666934967041,,
273050,8.727970123291016,0.05,-7.685932636260986,,
273100,4.021789073944092,0.05,-8.00561809539795,,
273150,1.5595051050186157,0.05,-7.147500514984131,,
273200,18.35173225402832,0.05,-7.434586048126221,,
273250,4.308683395385742,0.05,-7.599162578582764,,
273300,1.2923821210861206,0.05,-7.838154315948486,,
273350,1.0212186574935913,0.05,-7.262294769287109,,
273400,3.398890733718872,0.05,-8.69275951385498,,
273450,2.047135829925537,0.05,-7.2437310218811035,,
273500,10.44000244140625,0.05,-7.0960774421691895,,
273550,0.19626575708389282,0.05,-6.681934356689453,,
273600,5.374961853027344,0.05,-8.513290405273438,,
273650,4.099570274353027,0.05,-6.938169479370117,,
273700,8.33985424041748,0.05,-7.800348281860352,,
273750,0.27887001633644104,0.05,-6.550804138183594,,
273800,9.30808162689209,0.05,-8.821680068969727,,
273850,14.224586486816406,0.05,-7.272371292114258,,
273900,0.3414935767650604,0.05,-6.835247039794922,,
273950,5.934818267822266,0.05,-7.4557976722717285,,
274000,2.3015034198760986,0.05,-7.354716777801514,,
274050,2.4282915592193604,0.05,-8.995293617248535,,
274100,12.660307884216309,0.05,-8.322879791259766,,
274150,1.6829962730407715,0.05,-7.869817733764648,,
274200,12.240708351135254,0.05,-7.151194095611572,,
274250,1.0710487365722656,0.05,-7.768238067626953,,
274300,12.674901008605957,0.05,-7.2961649894714355,,
274350,3.902186155319214,0.05,-7.48682975769043,,
274400,1.1940490007400513,0.05,-7.760379314422607,,
274450,4.320993423461914,0.05,-8.158597946166992,,
274500,0.501423716545105,0.05,-7.538771152496338,,
274550,1.1336714029312134,0.05,-7.22039794921875,,
274600,18.256601333618164,0.05,-7.785611629486084,,
274650,12.667304039001465,0.05,-7.6587443351745605,,
274700,2.228027105331421,0.05,-7.208993434906006,,
274750,1.2074456214904785,0.05,-7.099997043609619,,
274800,3.3486526012420654,0.05,-7.872109889984131,,
274850,0.6267022490501404,0.05,-6.8222527503967285,,
274900,14.023761749267578,0.05,-7.869147777557373,,
274950,7.690725803375244,0.05,-7.081184387207031,,
275000,3.5919854640960693,0.05,-6.648582458496094,-1.0974725290934926,37.46666666666666
275050,6.831197261810303,0.05,-8.858899116516113,,
275100,5.230895042419434,0.05,-6.212711334228516,,
275150,0.678844690322876,0.05,-7.546014308929443,,
275200,3.4479682445526123,0.05,-7.3302788734436035,,
275250,1.96771240234375,0.05,-6.137451171875,,
275300,12.96997356414795,0.05,-7.653633117675781,,
275350,2.4216065406799316,0.05,-7.591149806976318,,
275400,11.907876014709473,0.05,-7.639841556549072,,
275450,2.5310614109039307,0.05,-8.448393821716309,,
275500,26.80558967590332,0.05,-8.606184005737305,,
275550,10.410752296447754,0.05,-7.615481853485107,,
275600,2.138339042663574,0.05,-7.117847919464111,,
275650,3.816129446029663,0.05,-8.784689903259277,,
275700,4.319722652435303,0.05,-8.016098976135254,,
275750,1.4320653676986694,0.05,-8.463473320007324,,
275800,0.7326939702033997,0.05,-7.732186794281006,,
275850,0.18768398463726044,0.05,-6.884266376495361,,
275900,11.903756141662598,0.05,-7.340080738067627,,
275950,9.475052833557129,0.05,-6.636998653411865,,
276000,0.6274316906929016,0.05,-7.737905979156494,,
276050,1.5163980722427368,0.05,-8.149325370788574,,
276100,6.8924713134765625,0.05,-7.600614070892334,,
276150,1.350876808166504,0.05,-7.672384262084961,,
276200,2.3302924633026123,0.05,-8.522481918334961,,
276250,8.141799926757812,0.05,-8.978283882141113,,
276300,11.016860961914062,0.05,-8.544201850891113,,
276350,9.947842597961426,0.05,-7.590505599975586,,
276400,6.215237140655518,0.05,-8.232253074645996,,
276450,6.870092391967773,0.05,-6.997779846191406,,
276500,11.644022941589355,0.05,-7.857588291168213,,
276550,2.619450092315674,0.05,-8.883495330810547,,
276600,2.1456353664398193,0.05,-7.788034915924072,,
276650,0.6853335499763489,0.05,-7.569532871246338,,
276700,5.180591106414795,0.05,-7.888514041900635,,
276750,5.098174571990967,0.05,-7.744957447052002,,
276800,10.896756172180176,0.05,-7.264326572418213,,
276850,22.239456176757812,0.05,-6.697923183441162,,
276900,3.9822118282318115,0.05,-7.838688373565674,,
276950,25.33167839050293,0.05,-6.750005722045898,,
277000,2.795414686203003,0.05,-7.44833517074585,,
277050,7.58108377456665,0.05,-7.266692638397217,,
277100,6.908712863922119,0.05,-8.379298210144043,,
277150,13.358901977539062,0.05,-6.909525394439697,,
277200,0.893136203289032,0.05,-8.451679229736328,,
277250,4.235602855682373,0.05,-8.031830787658691,,
277300,5.667465686798096,0.05,-8.021642684936523,,
277350,6.9141316413879395,0.05,-7.228752136230469,,
277400,2.7735769748687744,0.05,-6.638248443603516,,
277450,17.717084884643555,0.05,-7.945898056030273,,
277500,4.633056640625,0.05,-8.935072898864746,,
277550,4.521312713623047,0.05,-6.827035427093506,,
277600,7.4227070808410645,0.05,-7.183241367340088,,
277650,2.509105920791626,0.05,-7.648002624511719,,
277700,28.398908615112305,0.05,-8.948711395263672,,
277750,2.517160654067993,0.05,-7.435692310333252,,
277800,7.87800931930542,0.05,-7.902299404144287,,
277850,2.921760320663452,0.05,-7.922489166259766,,
277900,6.818268299102783,0.05,-7.592452526092529,,
277950,0.52146315574646,0.05,-6.039714336395264,,
278000,13.307295799255371,0.05,-8.838263511657715,,
278050,7.491927623748779,0.05,-7.252832412719727,,
278100,5.795116424560547,0.05,-8.388718605041504,,
278150,2.2677505016326904,0.05,-6.682650089263916,,
278200,10.621814727783203,0.05,-6.530018329620361,,
278250,6.147933483123779,0.05,-7.037872791290283,,
278300,1.482071876525879,0.05,-7.684013843536377,,
278350,7.70579719543457,0.05,-7.247889041900635,,
278400,5.313299179077148,0.05,-7.603262424468994,,
278450,30.273147583007812,0.05,-8.135505676269531,,
278500,5.368403911590576,0.05,-6.801003932952881,,
278550,3.272303819656372,0.05,-6.8033599853515625,,
278600,3.1154603958129883,0.05,-7.222533702850342,,
278650,2.1279830932617188,0.05,-8.12636661529541,,
278700,7.4168314933776855,0.05,-7.417277812957764,,
278750,5.218846797943115,0.05,-6.631521224975586,,
278800,4.9595513343811035,0.05,-7.976105213165283,,
278850,4.398593425750732,0.05,-7.804409503936768,,
278900,11.925885200500488,0.05,-7.00123929977417,,
278950,0.5809639096260071,0.05,-7.161219120025635,,
279000,9.716692924499512,0.05,-6.636844635009766,,
279050,14.88974666595459,0.05,-9.198324203491211,,
279100,3.9665889739990234,0.05,-7.820337295532227,,
279150,1.2402300834655762,0.05,-7.283296585083008,,
279200,1.3534107208251953,0.05,-7.698907852172852,,
279250,6.907547473907471,0.05,-8.220015525817871,,
279300,1.1403270959854126,0.05,-7.018135070800781,,
279350,9.147764205932617,0.05,-8.222220420837402,,
279400,6.74921178817749,0.05,-7.137617588043213,,
279450,2.330289602279663,0.05,-8.0009183883667,,
279500,5.703741550445557,0.05,-6.988349914550781,,
279550,1.0232768058776855,0.05,-7.570281982421875,,
279600,3.124964952468872,0.05,-7.732030391693115,,
279650,0.9919567704200745,0.05,-7.015296459197998,,
279700,1.0883009433746338,0.05,-5.955465793609619,,
279750,12.953140258789062,0.05,-7.844366550445557,,
279800,10.943644523620605,0.05,-9.046733856201172,,
279850,3.2506799697875977,0.05,-7.872799396514893,,
279900,6.392480850219727,0.05,-7.6758503913879395,,
279950,0.7851764559745789,0.05,-6.4652862548828125,,
280000,3.278712272644043,0.05,-7.8401970863342285,,
280050,5.212487697601318,0.05,-6.403171539306641,,
280100,5.027372360229492,0.05,-8.527046203613281,,
280150,4.086479663848877,0.05,-6.1081013679504395,,
280200,6.06663179397583,0.05,-8.512946128845215,,
280250,2.8235366344451904,0.05,-7.513638973236084,,
280300,2.0478157997131348,0.05,-7.912763595581055,,
280350,13.37667179107666,0.05,-9.13733959197998,,
280400,9.222816467285156,0.05,-8.798542976379395,,
280450,5.137407302856445,0.05,-7.433349132537842,,
280500,14.488082885742188,0.05,-7.56630277633667,,
280550,9.075820922851562,0.05,-6.828048229217529,,
280600,18.440492630004883,0.05,-8.016039848327637,,
280650,9.704968452453613,0.05,-7.575897216796875,,
280700,8.949589729309082,0.05,-7.6771159172058105,,
280750,6.9089179039001465,0.05,-6.603569030761719,,
280800,5.746796131134033,0.05,-6.972261428833008,,
280850,11.933733940124512,0.05,-7.709897994995117,,
280900,9.879902839660645,0.05,-7.811811447143555,,
280950,3.8907129764556885,0.05,-8.126649856567383,,
281000,0.5940870642662048,0.05,-8.12724781036377,,
281050,12.627460479736328,0.05,-6.2643914222717285,,
281100,1.673636555671692,0.05,-6.317008972167969,,
281150,10.487086296081543,0.05,-7.711835861206055,,
281200,4.319551467895508,0.05,-7.071613788604736,,
281250,0.8126187920570374,0.05,-6.042868137359619,,
281300,0.70684415102005,0.05,-6.5667195320129395,,
281350,1.8870130777359009,0.05,-7.991718292236328,,
281400,6.886428356170654,0.05,-8.273682594299316,,
281450,0.8803791999816895,0.05,-7.668284893035889,,
281500,0.746574878692627,0.05,-9.60293960571289,,
281550,2.5935518741607666,0.05,-7.633349895477295,,
281600,3.638458490371704,0.05,-8.217215538024902,,
281650,5.56858491897583,0.05,-7.735416412353516,,
281700,14.789138793945312,0.05,-7.713837146759033,,
281750,2.940105438232422,0.05,-8.598443031311035,,
281800,5.7663187980651855,0.05,-8.248249053955078,,
281850,2.72515606880188,0.05,-7.9288201332092285,,
281900,2.13866925239563,0.05,-6.763260364532471,,
281950,5.922451496124268,0.05,-7.203302383422852,,
282000,8.144156455993652,0.05,-7.874513149261475,,
282050,0.6320648193359375,0.05,-8.1730375289917,,
282100,0.8997108340263367,0.05,-6.9494476318359375,,
282150,8.070674896240234,0.05,-7.373702526092529,,
282200,23.609079360961914,0.05,-8.640506744384766,,
282250,5.78912878036499,0.05,-8.167388916015625,,
282300,3.5255954265594482,0.05,-7.085830211639404,,
282350,5.661256313323975,0.05,-9.282285690307617,,
282400,2.9640166759490967,0.05,-8.339421272277832,,
282450,7.345222473144531,0.05,-6.996238708496094,,
282500,8.96487808227539,0.05,-7.206945896148682,,
282550,2.9198696613311768,0.05,-7.354343414306641,,
282600,6.058030605316162,0.05,-8.693278312683105,,
282650,10.735847473144531,0.05,-7.342279434204102,,
282700,2.452040195465088,0.05,-8.174050331115723,,
282750,11.98476791381836,0.05,-7.465291500091553,,
282800,8.799657821655273,0.05,-8.2029390335083,,
282850,4.2925286293029785,0.05,-6.912247180938721,,
282900,0.2884432375431061,0.05,-7.2259697914123535,,
282950,1.4794131517410278,0.05,-6.809783458709717,,
283000,7.403448104858398,0.05,-6.370346546173096,,
283050,3.7587945461273193,0.05,-7.793080806732178,,
283100,0.8049251437187195,0.05,-7.880826950073242,,
283150,4.660841464996338,0.05,-8.20852279663086,,
283200,1.2767659425735474,0.05,-6.3942999839782715,,
283250,5.448390483856201,0.05,-7.293842315673828,,
283300,3.248061180114746,0.05,-6.790042400360107,,
283350,0.922034502029419,0.05,-7.6988654136657715,,
283400,3.99393630027771,0.05,-5.922540664672852,,
283450,9.353876113891602,0.05,-7.662201404571533,,
283500,2.6001672744750977,0.05,-7.603982448577881,,
283550,24.17014503479004,0.05,-6.546511173248291,,
283600,2.28537917137146,0.05,-8.599746704101562,,
283650,9.817910194396973,0.05,-9.060229301452637,,
283700,3.898904800415039,0.05,-8.59111499786377,,
283750,2.3672738075256348,0.05,-8.204279899597168,,
283800,7.431870937347412,0.05,-7.903459548950195,,
283850,0.5017463564872742,0.05,-6.585025787353516,,
283900,1.8806759119033813,0.05,-7.233144283294678,,
283950,12.692848205566406,0.05,-8.30214786529541,,
284000,5.398033618927002,0.05,-7.991270065307617,,
284050,7.264001369476318,0.05,-7.376340866088867,,
284100,14.590102195739746,0.05,-8.305095672607422,,
284150,1.9367032051086426,0.05,-7.569493770599365,,
284200,1.8014882802963257,0.05,-6.290185451507568,,
284250,1.1304548978805542,0.05,-8.457056999206543,,
284300,11.465804100036621,0.05,-7.417209625244141,,
284350,10.82666301727295,0.05,-8.231795310974121,,
284400,6.841712474822998,0.05,-7.827751636505127,,
284450,1.7740272283554077,0.05,-8.348076820373535,,
284500,0.6977922916412354,0.05,-7.884255886077881,,
284550,8.940348625183105,0.05,-8.792439460754395,,
284600,3.160951852798462,0.05,-8.295727729797363,,
284650,4.591722011566162,0.05,-7.4262566566467285,,
284700,1.3762632608413696,0.05,-6.477512359619141,,
284750,1.8491472005844116,0.05,-6.387065887451172,,
284800,6.858408451080322,0.05,-6.111595630645752,,
284850,6.879591464996338,0.05,-8.003457069396973,,
284900,11.801226615905762,0.05,-7.444998264312744,,
284950,1.8366408348083496,0.05,-7.12431001663208,,
285000,3.2954578399658203,0.05,-7.696312427520752,,
285050,0.7456156611442566,0.05,-6.3002543449401855,,
285100,2.529651165008545,0.05,-6.954992771148682,,
285150,4.639825820922852,0.05,-7.172497272491455,,
285200,5.797292232513428,0.05,-6.851206302642822,,
285250,5.995199680328369,0.05,-7.787815093994141,,
285300,2.4714479446411133,0.05,-7.20062780380249,,
285350,2.2675983905792236,0.05,-6.1784515380859375,,
285400,1.4934102296829224,0.05,-8.595404624938965,,
285450,9.420124053955078,0.05,-7.134838581085205,,
285500,1.8167203664779663,0.05,-7.273502826690674,,
285550,7.56815767288208,0.05,-7.915510654449463,,
285600,11.00740909576416,0.05,-7.189603805541992,,
285650,0.6835343837738037,0.05,-7.391435146331787,,
285700,6.312499523162842,0.05,-7.3358001708984375,,
285750,2.8293371200561523,0.05,-8.532423973083496,,
285800,3.893686294555664,0.05,-7.160607814788818,,
285850,12.098992347717285,0.05,-7.450331211090088,,
285900,4.310204982757568,0.05,-7.226703643798828,,
285950,2.1532938480377197,0.05,-7.503114223480225,,
286000,8.329205513000488,0.05,-7.2545084953308105,,
286050,28.667024612426758,0.05,-8.566712379455566,,
286100,4.722862720489502,0.05,-9.01972484588623,,
286150,5.096540451049805,0.05,-6.258026123046875,,
286200,15.976366996765137,0.05,-8.25850772857666,,
286250,1.2047921419143677,0.05,-6.658514499664307,,
286300,3.00810170173645,0.05,-6.958129405975342,,
286350,2.056823492050171,0.05,-6.771359920501709,,
286400,13.338520050048828,0.05,-7.907670497894287,,
286450,7.522125720977783,0.05,-7.281528949737549,,
286500,10.985198020935059,0.05,-7.851407527923584,,
286550,10.5321683883667,0.05,-7.244801044464111,,
286600,6.239589691162109,0.05,-7.544604778289795,,
286650,1.758659839630127,0.05,-7.716384410858154,,
286700,2.6229851245880127,0.05,-8.335737228393555,,
286750,1.0811665058135986,0.05,-6.984062194824219,,
286800,6.681825637817383,0.05,-7.403209686279297,,
286850,9.887931823730469,0.05,-7.014345169067383,,
286900,5.761767864227295,0.05,-9.16064167022705,,
286950,2.3165054321289062,0.05,-6.554859161376953,,
287000,17.45961570739746,0.05,-7.061882019042969,,
287050,17.562721252441406,0.05,-8.218738555908203,,
287100,1.8722683191299438,0.05,-7.426612854003906,,
287150,10.160614967346191,0.05,-7.19279146194458,,
287200,4.559313774108887,0.05,-7.119482517242432,,
287250,5.735722064971924,0.05,-6.878335475921631,,
287300,15.46615982055664,0.05,-6.975862979888916,,
287350,6.462788105010986,0.05,-6.890692234039307,,
287400,1.8696938753128052,0.05,-6.94878625869751,,
287450,7.512744903564453,0.05,-7.790399074554443,,
287500,15.042618751525879,0.05,-8.258339881896973,,
287550,9.652236938476562,0.05,-8.396307945251465,,
287600,1.375882625579834,0.05,-7.8025288581848145,,
287650,4.907756328582764,0.05,-6.379331111907959,,
287700,10.216978073120117,0.05,-9.534296035766602,,
287750,0.7946085929870605,0.05,-8.144303321838379,,
287800,38.881839752197266,0.05,-9.353557586669922,,
287850,13.348517417907715,0.05,-8.067209243774414,,
287900,1.8660345077514648,0.05,-6.916459560394287,,
287950,1.2221295833587646,0.05,-8.129292488098145,,
288000,14.109801292419434,0.05,-7.756646633148193,,
288050,7.0384674072265625,0.05,-7.201073169708252,,
288100,3.7048327922821045,0.05,-6.8302001953125,,
288150,2.8230581283569336,0.05,-7.22459602355957,,
288200,1.1543183326721191,0.05,-7.369815826416016,,
288250,8.720671653747559,0.05,-8.397610664367676,,
288300,6.857906818389893,0.05,-7.536318302154541,,
288350,32.00313186645508,0.05,-8.7567138671875,,
288400,7.644367694854736,0.05,-6.164268493652344,,
288450,8.850703239440918,0.05,-7.537852764129639,,
288500,2.792046546936035,0.05,-7.0670623779296875,,
288550,3.0379350185394287,0.05,-7.615713119506836,,
288600,16.910078048706055,0.05,-7.317472457885742,,
288650,9.772921562194824,0.05,-8.072879791259766,,
288700,3.9974260330200195,0.05,-7.485927581787109,,
288750,5.331232070922852,0.05,-7.414754867553711,,
288800,3.6910171508789062,0.05,-7.181629180908203,,
288850,1.678524374961853,0.05,-6.85564661026001,,
288900,8.23961067199707,0.05,-7.100902557373047,,
288950,10.684593200683594,0.05,-7.262964725494385,,
289000,1.9389930963516235,0.05,-7.458957672119141,,
289050,3.5698893070220947,0.05,-6.241647243499756,,
289100,5.802042484283447,0.05,-8.431157112121582,,
289150,7.135417938232422,0.05,-8.297717094421387,,
289200,31.39591407775879,0.05,-9.047717094421387,,
289250,1.8714982271194458,0.05,-6.749539852142334,,
289300,2.198495388031006,0.05,-7.469234466552734,,
289350,12.61533260345459,0.05,-7.448511123657227,,
289400,9.233551025390625,0.05,-7.723710536956787,,
289450,1.3941653966903687,0.05,-8.031071662902832,,
289500,0.2563147246837616,0.05,-6.690762042999268,,
289550,0.23219679296016693,0.05,-7.328094959259033,,
289600,11.015087127685547,0.05,-7.180027484893799,,
289650,9.256547927856445,0.05,-8.7034330368042,,
289700,8.672591209411621,0.05,-7.809323787689209,,
289750,4.381278038024902,0.05,-8.926643371582031,,
289800,0.7796831130981445,0.05,-6.260778903961182,,
289850,10.188217163085938,0.05,-8.353117942810059,,
289900,0.8013806939125061,0.05,-7.9443793296813965,,
289950,7.5497050285339355,0.05,-8.535663604736328,,
290000,8.613701820373535,0.05,-7.324700832366943,,
290050,0.6393824815750122,0.05,-6.882120609283447,,
290100,3.4299309253692627,0.05,-7.999473571777344,,
290150,3.072995185852051,0.05,-6.87048864364624,,
290200,16.556440353393555,0.05,-7.797798156738281,,
290250,9.486231803894043,0.05,-8.083453178405762,,
290300,9.777240753173828,0.05,-7.529594421386719,,
290350,2.853015184402466,0.05,-7.365808010101318,,
290400,3.6334123611450195,0.05,-7.256528854370117,,
290450,9.923697471618652,0.05,-8.562652587890625,,
290500,4.423640251159668,0.05,-7.041407108306885,,
290550,1.3369594812393188,0.05,-7.012217044830322,,
290600,7.845007419586182,0.05,-7.89806604385376,,
290650,7.520627975463867,0.05,-7.729703426361084,,
290700,8.422991752624512,0.05,-7.901836395263672,,
290750,5.842401027679443,0.05,-6.223143100738525,,
290800,7.484655857086182,0.05,-8.156124114990234,,
290850,10.70824909210205,0.05,-7.413015842437744,,
290900,1.4251123666763306,0.05,-7.308845520019531,,
290950,5.133708477020264,0.05,-7.42700719833374,,
291000,0.5372806191444397,0.05,-7.359573841094971,,
291050,11.210467338562012,0.05,-7.953481197357178,,
291100,1.7135348320007324,0.05,-7.810840606689453,,
291150,2.970245122909546,0.05,-7.31736421585083,,
291200,0.4619850814342499,0.05,-5.847912311553955,,
291250,0.6958937048912048,0.05,-7.437492847442627,,
291300,11.207596778869629,0.05,-8.274882316589355,,
291350,0.5376501679420471,0.05,-7.349554061889648,,
291400,1.0763884782791138,0.05,-7.407634258270264,,
291450,3.280904531478882,0.05,-8.930622100830078,,
291500,7.260631561279297,0.05,-8.742828369140625,,
291550,7.6311869621276855,0.05,-7.403120040893555,,
291600,6.094638347625732,0.05,-6.643438339233398,,
291650,11.670012474060059,0.05,-6.545689105987549,,
291700,0.5925050377845764,0.05,-8.643754005432129,,
291750,8.504487991333008,0.05,-7.415550708770752,,
291800,2.492157459259033,0.05,-7.3271708488464355,,
291850,1.178316354751587,0.05,-7.6930108070373535,,
291900,1.4780751466751099,0.05,-7.476146221160889,,
291950,1.6246541738510132,0.05,-8.76040267944336,,
292000,6.3776164054870605,0.05,-7.969043254852295,,
292050,12.157440185546875,0.05,-8.631706237792969,,
292100,0.5627755522727966,0.05,-6.455627918243408,,
292150,8.594429969787598,0.05,-7.313090801239014,,
292200,0.56911700963974,0.05,-7.754917621612549,,
292250,17.053892135620117,0.05,-8.252150535583496,,
292300,19.909297943115234,0.05,-7.401218891143799,,
292350,20.261146545410156,0.05,-8.20572566986084,,
292400,15.122245788574219,0.05,-8.273824691772461,,
292450,1.6625066995620728,0.05,-7.9435858726501465,,
292500,0.6727831363677979,0.05,-7.382137298583984,,
292550,5.216854572296143,0.05,-7.793241500854492,,
292600,11.676060676574707,0.05,-7.3685736656188965,,
292650,22.576026916503906,0.05,-8.079150199890137,,
292700,6.7971110343933105,0.05,-10.705554962158203,,
292750,24.2186222076416,0.05,-9.225203514099121,,
292800,0.8714278340339661,0.05,-7.702123641967773,,
292850,13.997056007385254,0.05,-7.524830341339111,,
292900,0.8578112125396729,0.05,-7.13818359375,,
292950,9.9866943359375,0.05,-8.538055419921875,,
293000,2.38603138923645,0.05,-7.7069783210754395,,
293050,14.260729789733887,0.05,-8.017976760864258,,
293100,1.3400282859802246,0.05,-7.687341213226318,,
293150,21.69878578186035,0.05,-6.289665222167969,,
293200,8.919997215270996,0.05,-7.925498962402344,,
293250,1.0786021947860718,0.05,-7.105556011199951,,
293300,14.67977237701416,0.05,-7.3595757484436035,,
293350,18.66674041748047,0.05,-7.58610200881958,,
293400,6.690721035003662,0.05,-7.265488147735596,,
293450,14.29898452758789,0.05,-7.49688196182251,,
293500,6.815793991088867,0.05,-7.9225993156433105,,
293550,9.443462371826172,0.05,-6.922441005706787,,
293600,9.31253719329834,0.05,-6.994295597076416,,
293650,19.53743553161621,0.05,-8.860045433044434,,
293700,3.0480639934539795,0.05,-7.524402618408203,,
293750,1.4271817207336426,0.05,-7.758103847503662,,
293800,2.6128151416778564,0.05,-6.639690399169922,,
293850,4.237241744995117,0.05,-8.171723365783691,,
293900,0.2339620143175125,0.05,-7.230663299560547,,
293950,0.43413928151130676,0.05,-7.077297210693359,,
294000,1.261294960975647,0.05,-6.720325469970703,,
294050,11.234971046447754,0.05,-6.78079080581665,,
294100,2.9931020736694336,0.05,-6.9355292320251465,,
294150,10.446577072143555,0.05,-7.660974979400635,,
294200,0.347176194190979,0.05,-7.109100818634033,,
294250,2.1965792179107666,0.05,-7.476892948150635,,
294300,6.525062084197998,0.05,-6.960603713989258,,
294350,10.872998237609863,0.05,-7.742772579193115,,
294400,13.738051414489746,0.05,-10.143510818481445,,
294450,7.770084381103516,0.05,-7.436516284942627,,
294500,0.3426198959350586,0.05,-7.683157444000244,,
294550,2.243931531906128,0.05,-8.811249732971191,,
294600,2.033839225769043,0.05,-8.302401542663574,,
294650,16.740827560424805,0.05,-6.827703952789307,,
294700,3.966140031814575,0.05,-7.222663402557373,,
294750,2.4654269218444824,0.05,-7.564866542816162,,
294800,8.735508918762207,0.05,-8.27038288116455,,
294850,6.483226299285889,0.05,-7.132675647735596,,
294900,2.6174890995025635,0.05,-7.819577693939209,,
294950,2.319887399673462,0.05,-8.074835777282715,,
295000,0.9975771903991699,0.05,-7.48499870300293,,
295050,4.575067043304443,0.05,-6.879463195800781,,
295100,0.9886536598205566,0.05,-8.218042373657227,,
295150,3.7369587421417236,0.05,-6.84239387512207,,
295200,2.3067123889923096,0.05,-6.888576984405518,,
295250,5.8731303215026855,0.05,-9.254932403564453,,
295300,0.9520458579063416,0.05,-7.257448196411133,,
295350,0.6530487537384033,0.05,-6.325937747955322,,
295400,8.804901123046875,0.05,-6.863183498382568,,
295450,15.436202049255371,0.05,-9.42995548248291,,
295500,1.1741214990615845,0.05,-7.728532314300537,,
295550,7.999099254608154,0.05,-7.298511505126953,,
295600,3.479929208755493,0.05,-9.269647598266602,,
295650,1.826513409614563,0.05,-8.21241283416748,,
295700,0.5135683417320251,0.05,-8.325478553771973,,
295750,20.024154663085938,0.05,-8.168001174926758,,
295800,9.591279029846191,0.05,-8.220969200134277,,
295850,7.674952983856201,0.05,-8.37556266784668,,
295900,11.64394760131836,0.05,-7.697574615478516,,
295950,3.2728888988494873,0.05,-7.930732727050781,,
296000,25.523910522460938,0.05,-8.415178298950195,,
296050,0.5136091709136963,0.05,-6.988478183746338,,
296100,3.9662582874298096,0.05,-8.004756927490234,,
296150,31.871864318847656,0.05,-8.576251983642578,,
296200,18.687095642089844,0.05,-7.349392414093018,,
296250,0.8877918124198914,0.05,-7.246026515960693,,
296300,3.9664764404296875,0.05,-9.030651092529297,,
296350,4.135565280914307,0.05,-9.170129776000977,,
296400,2.6535418033599854,0.05,-7.5222344398498535,,
296450,0.47372114658355713,0.05,-7.587678909301758,,
296500,31.38597869873047,0.05,-8.078660011291504,,
296550,13.39240550994873,0.05,-7.9281182289123535,,
296600,18.992694854736328,0.05,-7.559830188751221,,
296650,20.89885902404785,0.05,-8.270519256591797,,
296700,0.7696247100830078,0.05,-7.785078048706055,,
296750,23.62413215637207,0.05,-7.636127471923828,,
296800,2.6289377212524414,0.05,-7.614476680755615,,
296850,6.339801788330078,0.05,-7.856723308563232,,
296900,6.03098726272583,0.05,-9.176443099975586,,
296950,12.705506324768066,0.05,-7.382617950439453,,
297000,0.6119428873062134,0.05,-7.1564555168151855,,
297050,4.93104362487793,0.05,-7.21138334274292,,
297100,18.959646224975586,0.05,-8.120104789733887,,
297150,26.547285079956055,0.05,-8.51218032836914,,
297200,13.76325511932373,0.05,-7.2180023193359375,,
297250,0.5837969779968262,0.05,-7.86931037902832,,
297300,8.848193168640137,0.05,-10.20366382598877,,
297350,2.003980875015259,0.05,-7.80715799331665,,
297400,12.299653053283691,0.05,-7.851375579833984,,
297450,8.414213180541992,0.05,-8.239091873168945,,
297500,9.684298515319824,0.05,-6.630489826202393,,
297550,8.811182975769043,0.05,-6.782594203948975,,
297600,5.313342571258545,0.05,-8.456972122192383,,
297650,3.979387044906616,0.05,-6.448905944824219,,
297700,2.772913694381714,0.05,-6.99428129196167,,
297750,1.2397360801696777,0.05,-7.335158824920654,,
297800,13.983376502990723,0.05,-7.433023929595947,,
297850,13.655098915100098,0.05,-8.353379249572754,,
297900,3.9711930751800537,0.05,-8.697491645812988,,
297950,0.7876645922660828,0.05,-7.855321884155273,,
298000,3.1805810928344727,0.05,-8.497208595275879,,
298050,0.5350046753883362,0.05,-6.812467098236084,,
298100,1.8087536096572876,0.05,-7.268784046173096,,
298150,4.020331859588623,0.05,-7.738208770751953,,
298200,1.48032808303833,0.05,-8.567599296569824,,
298250,3.3562545776367188,0.05,-7.26121187210083,,
298300,8.850774765014648,0.05,-10.09339427947998,,
298350,1.833116888999939,0.05,-7.100042819976807,,
298400,18.72031593322754,0.05,-7.563465595245361,,
298450,1.5323219299316406,0.05,-7.666088104248047,,
298500,2.266965389251709,0.05,-8.097511291503906,,
298550,6.531671047210693,0.05,-7.409839630126953,,
298600,13.639698028564453,0.05,-7.720394611358643,,
298650,1.520849585533142,0.05,-7.2425408363342285,,
298700,3.8182637691497803,0.05,-7.129122257232666,,
298750,3.7178449630737305,0.05,-8.109477043151855,,
298800,13.647220611572266,0.05,-8.522614479064941,,
298850,13.455391883850098,0.05,-6.64674711227417,,
298900,9.852256774902344,0.05,-7.400638103485107,,
298950,12.387898445129395,0.05,-8.003207206726074,,
299000,0.5487563014030457,0.05,-6.621219158172607,,
299050,0.48424696922302246,0.05,-8.326216697692871,,
299100,1.7066526412963867,0.05,-7.402385711669922,,
299150,9.299851417541504,0.05,-6.560535430908203,,
299200,1.4292539358139038,0.05,-6.630195617675781,,
299250,6.164706707000732,0.05,-9.121188163757324,,
299300,14.735499382019043,0.05,-7.603654384613037,,
299350,3.0728161334991455,0.05,-7.800129413604736,,
299400,5.902492523193359,0.05,-9.23823070526123,,
299450,29.514352798461914,0.05,-8.606200218200684,,
299500,0.8069862723350525,0.05,-7.846717357635498,,
299550,5.949988842010498,0.05,-7.229228496551514,,
299600,13.726234436035156,0.05,-7.3055419921875,,
299650,2.298227071762085,0.05,-8.110695838928223,,
299700,5.841386318206787,0.05,-8.546931266784668,,
299750,0.22080475091934204,0.05,-7.393600940704346,,
299800,2.5246903896331787,0.05,-7.165740489959717,,
299850,7.7228102684021,0.05,-7.427125930786133,,
299900,2.277216672897339,0.05,-6.613587856292725,,
299950,5.33221960067749,0.05,-8.559534072875977,,
