step,loss,epsilon,q_mean,val_reward,val_viol
100,0.6673688292503357,0.9966666666666667,-0.8784003853797913,,
150,0.4930177628993988,0.995,-0.61827552318573,,
200,0.38647934794425964,0.9933333333333333,-0.829763650894165,,
250,0.49276992678642273,0.9916666666666667,-1.1018186807632446,,
300,0.665812075138092,0.99,-1.0679020881652832,,
350,0.3109716475009918,0.9883333333333333,-0.6143672466278076,,
400,0.5866783857345581,0.9866666666666667,-0.7465968728065491,,
450,0.6216241121292114,0.985,-0.9461455345153809,,
500,0.6074100136756897,0.9833333333333333,-0.7460176348686218,,
550,0.6146799921989441,0.9816666666666667,-1.2064951658248901,,
600,0.9531548023223877,0.98,-1.2713507413864136,,
650,0.4894649088382721,0.9783333333333333,-0.9890183806419373,,
700,0.7607675194740295,0.9766666666666667,-1.0499192476272583,,
750,0.6239097118377686,0.975,-1.2936540842056274,,
800,0.5956962704658508,0.9733333333333334,-1.0939669609069824,,
850,1.0649540424346924,0.9716666666666667,-1.094264030456543,,
900,0.7111247181892395,0.97,-1.1780680418014526,,
950,0.9815058708190918,0.9683333333333334,-1.4983707666397095,,
1000,0.6316227316856384,0.9666666666666667,-1.7764643430709839,,
1050,2.2069225311279297,0.965,-2.3490183353424072,,
1100,2.676938056945801,0.9633333333333334,-2.2505176067352295,,
1150,1.9089196920394897,0.9616666666666667,-2.463733196258545,,
1200,1.5066395998001099,0.96,-1.89022696018219,,
1250,1.4376029968261719,0.9583333333333334,-2.3528618812561035,,
1300,1.5387787818908691,0.9566666666666667,-2.064096212387085,,
1350,1.2032352685928345,0.955,-2.854377508163452,,
1400,1.8657522201538086,0.9533333333333334,-2.4896597862243652,,
1450,1.6568711996078491,0.9516666666666667,-2.3254785537719727,,
1500,1.1103606224060059,0.95,-1.8351154327392578,,
1550,1.1492505073547363,0.9483333333333334,-2.487769365310669,,
1600,1.9077855348587036,0.9466666666666667,-2.363201856613159,,
1650,1.2785199880599976,0.945,-2.7979443073272705,,
1700,1.8484153747558594,0.9433333333333334,-2.4982821941375732,,
1750,1.6004103422164917,0.9416666666666667,-2.1888644695281982,,
1800,1.6960601806640625,0.94,-2.835160970687866,,
1850,1.9505316019058228,0.9383333333333334,-2.0367581844329834,,
1900,1.5919437408447266,0.9366666666666666,-1.8412456512451172,,
1950,0.6062483787536621,0.935,-1.3973172903060913,,
2000,2.585886240005493,0.9333333333333333,-2.2488625049591064,,
2050,3.512667417526245,0.9316666666666666,-2.9872045516967773,,
2100,2.445686101913452,0.9299999999999999,-3.670685052871704,,
2150,1.9128203392028809,0.9283333333333333,-2.314762592315674,,
2200,1.3616219758987427,0.9266666666666666,-1.879066824913025,,
2250,0.7921674847602844,0.925,-2.284752130508423,,
2300,2.6402957439422607,0.9233333333333333,-2.685227155685425,,
2350,1.047171711921692,0.9216666666666666,-2.8503520488739014,,
2400,1.4535404443740845,0.92,-2.0463669300079346,,
2450,0.9671931266784668,0.9183333333333333,-2.435776710510254,,
2500,2.6049630641937256,0.9166666666666666,-2.052264451980591,,
2550,1.8658772706985474,0.915,-2.3771450519561768,,
2600,2.80119252204895,0.9133333333333333,-3.2011635303497314,,
2650,1.9681710004806519,0.9116666666666666,-2.701228380203247,,
2700,0.850085437297821,0.91,-1.5064412355422974,,
2750,2.0816380977630615,0.9083333333333333,-2.6937639713287354,,
2800,1.7576321363449097,0.9066666666666666,-3.305094003677368,,
2850,1.996577262878418,0.905,-3.0026352405548096,,
2900,1.270189642906189,0.9033333333333333,-2.7867822647094727,,
2950,1.6446380615234375,0.9016666666666666,-2.2040469646453857,,
3000,1.753606915473938,0.9,-3.0183372497558594,,
3050,2.2227635383605957,0.8983333333333333,-3.012540817260742,,
3100,3.262726068496704,0.8966666666666667,-1.766175389289856,,
3150,2.0703418254852295,0.895,-2.75557541847229,,
3200,1.750881314277649,0.8933333333333333,-2.6463587284088135,,
3250,3.8048155307769775,0.8916666666666666,-2.6138455867767334,,
3300,1.455255389213562,0.89,-2.043538808822632,,
3350,0.7289366722106934,0.8883333333333333,-2.0624091625213623,,
3400,1.6850298643112183,0.8866666666666667,-2.567906141281128,,
3450,3.867896318435669,0.885,-2.8320305347442627,,
3500,1.9558995962142944,0.8833333333333333,-2.5631191730499268,,
3550,4.451038837432861,0.8816666666666667,-4.7160139083862305,,
3600,2.502800703048706,0.88,-2.927884817123413,,
3650,2.1866352558135986,0.8783333333333333,-3.0068085193634033,,
3700,2.6471292972564697,0.8766666666666667,-2.730421304702759,,
3750,0.809535026550293,0.875,-2.217304229736328,,
3800,2.63604998588562,0.8733333333333333,-4.45449686050415,,
3850,2.688372850418091,0.8716666666666667,-2.8851206302642822,,
3900,3.4254608154296875,0.87,-2.6906678676605225,,
3950,1.6167298555374146,0.8683333333333334,-2.3565621376037598,,
4000,1.279093623161316,0.8666666666666667,-2.61395525932312,,
4050,2.1363046169281006,0.865,-2.272953510284424,,
4100,2.053481101989746,0.8633333333333333,-2.683692216873169,,
4150,3.3218185901641846,0.8616666666666667,-3.421433210372925,,
4200,1.5460190773010254,0.86,-2.143148183822632,,
4250,2.0105209350585938,0.8583333333333334,-2.9178383350372314,,
4300,4.107069969177246,0.8566666666666667,-3.20845103263855,,
4350,7.928472518920898,0.855,-2.3316800594329834,,
4400,5.656325817108154,0.8533333333333333,-3.533909797668457,,
4450,2.980135917663574,0.8516666666666667,-2.7776718139648438,,
4500,2.113130569458008,0.85,-2.615671157836914,,
4550,3.4688796997070312,0.8483333333333334,-2.670820474624634,,
4600,1.6302913427352905,0.8466666666666667,-3.1402790546417236,,
4650,3.5217666625976562,0.845,-2.1577093601226807,,
4700,4.750890254974365,0.8433333333333333,-3.0429134368896484,,
4750,3.311638116836548,0.8416666666666667,-3.192830801010132,,
4800,3.8940699100494385,0.84,-2.4580605030059814,,
4850,6.125204563140869,0.8383333333333334,-3.292409658432007,,
4900,1.4912976026535034,0.8366666666666667,-2.443525552749634,,
4950,2.093423366546631,0.835,-3.003103256225586,,
5000,2.1587116718292236,0.8333333333333334,-4.218993186950684,,
5050,3.538053274154663,0.8316666666666667,-3.0553054809570312,,
5100,1.6991409063339233,0.83,-3.327972650527954,,
5150,3.589184522628784,0.8283333333333334,-3.8530147075653076,,
5200,3.8165905475616455,0.8266666666666667,-3.858246088027954,,
5250,2.4975149631500244,0.825,-3.3523921966552734,,
5300,1.9297035932540894,0.8233333333333334,-3.6538608074188232,,
5350,2.7769229412078857,0.8216666666666667,-3.3513247966766357,,
5400,3.0975351333618164,0.8200000000000001,-2.5013644695281982,,
5450,2.2082624435424805,0.8183333333333334,-3.998342752456665,,
5500,4.094289302825928,0.8166666666666667,-3.0907485485076904,,
5550,2.4893600940704346,0.815,-2.5988080501556396,,
5600,3.2293949127197266,0.8133333333333334,-3.4263365268707275,,
5650,1.789239525794983,0.8116666666666666,-3.4286651611328125,,
5700,5.0074238777160645,0.81,-3.611600160598755,,
5750,4.374414920806885,0.8083333333333333,-2.335191488265991,,
5800,1.734913945198059,0.8066666666666666,-2.6604082584381104,,
5850,5.625082015991211,0.8049999999999999,-3.775251626968384,,
5900,6.622843265533447,0.8033333333333333,-2.3253633975982666,,
5950,3.383856773376465,0.8016666666666666,-3.086904525756836,,
6000,2.346050977706909,0.8,-3.0692484378814697,,
6050,2.0476536750793457,0.7983333333333333,-3.47363543510437,,
6100,2.9709863662719727,0.7966666666666666,-2.7979040145874023,,
6150,2.4477455615997314,0.795,-2.613922357559204,,
6200,3.3658287525177,0.7933333333333333,-3.2181642055511475,,
6250,5.75571870803833,0.7916666666666666,-2.958357572555542,,
6300,2.7091214656829834,0.79,-2.382749319076538,,
6350,4.3626532554626465,0.7883333333333333,-2.070139169692993,,
6400,0.8941574096679688,0.7866666666666666,-2.767946481704712,,
6450,3.5699970722198486,0.785,-2.134589433670044,,
6500,3.746755599975586,0.7833333333333333,-3.313504219055176,,
6550,7.015575885772705,0.7816666666666667,-2.9900732040405273,,
6600,3.225593328475952,0.78,-2.8863534927368164,,
6650,1.3880038261413574,0.7783333333333333,-2.4133903980255127,,
6700,4.519792079925537,0.7766666666666666,-3.1286439895629883,,
6750,5.398416519165039,0.775,-3.4942359924316406,,
6800,2.680251121520996,0.7733333333333333,-2.130030393600464,,
6850,4.066844463348389,0.7716666666666667,-2.442826509475708,,
6900,4.598669528961182,0.77,-3.154844284057617,,
6950,7.175852298736572,0.7683333333333333,-2.55586576461792,,
7000,6.0870442390441895,0.7666666666666666,-4.237638473510742,,
7050,2.1377100944519043,0.765,-2.823166608810425,,
7100,3.1193294525146484,0.7633333333333333,-2.946556329727173,,
7150,1.948625087738037,0.7616666666666667,-2.5727827548980713,,
7200,4.771779537200928,0.76,-4.641976833343506,,
7250,5.790023326873779,0.7583333333333333,-3.1545820236206055,,
7300,3.201441764831543,0.7566666666666666,-2.931445360183716,,
7350,3.155977964401245,0.755,-3.1588656902313232,,
7400,2.3872315883636475,0.7533333333333333,-2.3876006603240967,,
7450,1.394935131072998,0.7516666666666667,-3.1763856410980225,,
7500,9.76166820526123,0.75,-3.2156131267547607,,
7550,3.856853485107422,0.7483333333333333,-2.3260090351104736,,
7600,2.6293787956237793,0.7466666666666666,-3.1712982654571533,,
7650,3.142427444458008,0.745,-3.2781803607940674,,
7700,3.086932420730591,0.7433333333333334,-3.5063514709472656,,
7750,6.062301158905029,0.7416666666666667,-2.4504122734069824,,
7800,4.359607219696045,0.74,-2.934764862060547,,
7850,2.399675130844116,0.7383333333333333,-2.579261302947998,,
7900,6.022542476654053,0.7366666666666667,-1.9152064323425293,,
7950,5.892531871795654,0.735,-3.1000728607177734,,
8000,3.0673911571502686,0.7333333333333334,-2.474397897720337,,
8050,7.1815409660339355,0.7316666666666667,-2.1738853454589844,,
8100,1.6159472465515137,0.73,-2.8802738189697266,,
8150,6.130832672119141,0.7283333333333333,-2.1089117527008057,,
8200,1.908932089805603,0.7266666666666667,-2.6957056522369385,,
8250,2.2368428707122803,0.725,-3.021036386489868,,
8300,3.465303659439087,0.7233333333333334,-1.7920093536376953,,
8350,2.563802480697632,0.7216666666666667,-3.0432701110839844,,
8400,7.456259250640869,0.72,-3.6074860095977783,,
8450,2.9228885173797607,0.7183333333333333,-2.445030927658081,,
8500,5.211178302764893,0.7166666666666667,-3.1532537937164307,,
8550,3.6850879192352295,0.7150000000000001,-2.630263566970825,,
8600,3.005382776260376,0.7133333333333334,-2.298903226852417,,
8650,2.599066972732544,0.7116666666666667,-2.8271658420562744,,
8700,2.392009735107422,0.71,-3.399049758911133,,
8750,2.312110424041748,0.7083333333333333,-2.5961906909942627,,
8800,5.722194671630859,0.7066666666666667,-2.9265286922454834,,
8850,2.9035441875457764,0.7050000000000001,-3.584761381149292,,
8900,1.390461802482605,0.7033333333333334,-2.7178103923797607,,
8950,6.232651233673096,0.7016666666666667,-3.4144086837768555,,
9000,2.993570327758789,0.7,-3.263641119003296,,
9050,1.4396185874938965,0.6983333333333333,-2.6571388244628906,,
9100,3.0461044311523438,0.6966666666666667,-3.706195831298828,,
9150,2.5550148487091064,0.6950000000000001,-2.3192074298858643,,
9200,4.346714496612549,0.6933333333333334,-2.5189311504364014,,
9250,2.3808367252349854,0.6916666666666667,-2.4984045028686523,,
9300,2.4636082649230957,0.69,-3.0419921875,,
9350,3.7476561069488525,0.6883333333333334,-3.3657760620117188,,
9400,3.5851709842681885,0.6866666666666666,-1.767481803894043,,
9450,4.866744518280029,0.685,-2.829009771347046,,
9500,5.454741954803467,0.6833333333333333,-3.677074432373047,,
9550,1.9195505380630493,0.6816666666666666,-3.677374839782715,,
9600,3.9394867420196533,0.6799999999999999,-4.016576290130615,,
9650,1.9119138717651367,0.6783333333333333,-2.6688108444213867,,
9700,9.649357795715332,0.6766666666666667,-4.00958776473999,,
9750,4.80436372756958,0.675,-3.744553565979004,,
9800,2.9819462299346924,0.6733333333333333,-3.0093700885772705,,
9850,2.0556936264038086,0.6716666666666666,-3.7345588207244873,,
9900,1.9499845504760742,0.6699999999999999,-2.449772596359253,,
9950,7.144392490386963,0.6683333333333333,-3.7990570068359375,,
10000,2.502821922302246,0.6666666666666667,-4.710188388824463,,
10050,3.836204767227173,0.665,-3.565196990966797,,
10100,3.3862144947052,0.6633333333333333,-3.887587308883667,,
10150,4.445719242095947,0.6616666666666666,-4.048272609710693,,
10200,5.246118068695068,0.6599999999999999,-3.394948720932007,,
10250,2.9041683673858643,0.6583333333333333,-3.5835886001586914,,
10300,3.651243209838867,0.6566666666666667,-3.562059164047241,,
10350,5.127244472503662,0.655,-3.2281646728515625,,
10400,7.7746405601501465,0.6533333333333333,-3.8083608150482178,,
10450,1.2774924039840698,0.6516666666666666,-3.029287099838257,,
10500,2.7028653621673584,0.65,-3.9550161361694336,,
10550,2.73547101020813,0.6483333333333333,-2.9701740741729736,,
10600,6.9217963218688965,0.6466666666666667,-3.4624271392822266,,
10650,10.283415794372559,0.645,-4.712917804718018,,
10700,2.0444114208221436,0.6433333333333333,-4.157324314117432,,
10750,6.344488620758057,0.6416666666666666,-4.588840484619141,,
10800,6.13338041305542,0.64,-2.8779304027557373,,
10850,3.6395013332366943,0.6383333333333333,-3.683521270751953,,
10900,3.9013636112213135,0.6366666666666667,-2.3212032318115234,,
10950,3.9912030696868896,0.635,-3.0755202770233154,,
11000,7.647800445556641,0.6333333333333333,-3.69204044342041,,
11050,0.9128760695457458,0.6316666666666666,-3.5847370624542236,,
11100,0.9667377471923828,0.63,-3.0398218631744385,,
11150,3.0013275146484375,0.6283333333333334,-3.0426559448242188,,
11200,2.299248695373535,0.6266666666666667,-3.037945508956909,,
11250,4.833205223083496,0.625,-3.810349464416504,,
11300,3.7049741744995117,0.6233333333333333,-3.0992085933685303,,
11350,4.967061519622803,0.6216666666666666,-3.0162134170532227,,
11400,2.0308830738067627,0.62,-4.042940616607666,,
11450,4.077476978302002,0.6183333333333334,-3.859278440475464,,
11500,1.7859166860580444,0.6166666666666667,-3.2725257873535156,,
11550,2.35962176322937,0.615,-2.974280595779419,,
11600,1.1789966821670532,0.6133333333333333,-3.271667718887329,,
11650,1.0291261672973633,0.6116666666666667,-3.930647134780884,,
11700,4.1244635581970215,0.61,-3.7324628829956055,,
11750,4.361599445343018,0.6083333333333334,-3.6394541263580322,,
11800,5.196585178375244,0.6066666666666667,-3.3420498371124268,,
11850,5.688939571380615,0.605,-3.2683823108673096,,
11900,3.5680973529815674,0.6033333333333333,-3.313533067703247,,
11950,7.473474025726318,0.6016666666666667,-4.120359897613525,,
12000,6.248576641082764,0.6,-3.0545670986175537,,
12050,1.727258563041687,0.5983333333333334,-3.1504828929901123,,
12100,6.613731861114502,0.5966666666666667,-2.851181745529175,,
12150,2.3930587768554688,0.595,-3.1302273273468018,,
12200,3.960646390914917,0.5933333333333333,-3.090009927749634,,
12250,2.290545701980591,0.5916666666666667,-4.538106441497803,,
12300,2.8837130069732666,0.5900000000000001,-2.669729232788086,,
12350,3.1065752506256104,0.5883333333333334,-3.4050285816192627,,
12400,4.741174221038818,0.5866666666666667,-3.8719635009765625,,
12450,6.462804794311523,0.585,-4.268276214599609,,
12500,0.7786850333213806,0.5833333333333333,-2.2240750789642334,,
12550,8.746164321899414,0.5816666666666667,-4.2811102867126465,,
12600,2.9740378856658936,0.5800000000000001,-3.5733015537261963,,
12650,2.1041207313537598,0.5783333333333334,-3.8434486389160156,,
12700,4.043742656707764,0.5766666666666667,-3.5318939685821533,,
12750,6.267611980438232,0.575,-5.114200115203857,,
12800,1.8962568044662476,0.5733333333333333,-4.024925708770752,,
12850,4.381738185882568,0.5716666666666667,-3.210768938064575,,
12900,5.562307834625244,0.5700000000000001,-4.093638896942139,,
12950,2.382495403289795,0.5683333333333334,-4.320555210113525,,
13000,4.415652751922607,0.5666666666666667,-3.541015625,,
13050,3.770932912826538,0.565,-4.147942066192627,,
13100,6.374076843261719,0.5633333333333334,-3.230114698410034,,
13150,2.6506035327911377,0.5616666666666666,-3.235408067703247,,
13200,1.7501319646835327,0.56,-3.5194180011749268,,
13250,6.483509063720703,0.5583333333333333,-3.3111820220947266,,
13300,2.9773995876312256,0.5566666666666666,-3.3324482440948486,,
13350,3.3883068561553955,0.5549999999999999,-2.0480597019195557,,
13400,2.225487470626831,0.5533333333333333,-4.286661148071289,,
13450,3.4231386184692383,0.5516666666666667,-2.63472843170166,,
13500,5.821062088012695,0.55,-4.058806896209717,,
13550,10.641845703125,0.5483333333333333,-4.265492916107178,,
13600,0.8980098366737366,0.5466666666666666,-2.2642557621002197,,
13650,9.7785062789917,0.5449999999999999,-5.213083267211914,,
13700,3.0459108352661133,0.5433333333333333,-2.9336230754852295,,
13750,3.251518964767456,0.5416666666666667,-3.7681405544281006,,
13800,3.718751907348633,0.54,-4.403680801391602,,
13850,6.715117931365967,0.5383333333333333,-3.754096031188965,,
13900,2.0898072719573975,0.5366666666666666,-4.061753749847412,,
13950,2.159579277038574,0.5349999999999999,-3.5352017879486084,,
14000,3.7635202407836914,0.5333333333333333,-2.8653361797332764,,
14050,2.302385091781616,0.5316666666666667,-2.8654823303222656,,
14100,6.270292282104492,0.53,-3.9049904346466064,,
14150,0.7052510380744934,0.5283333333333333,-3.9330761432647705,,
14200,2.2472755908966064,0.5266666666666666,-4.667303562164307,,
14250,2.836097002029419,0.525,-2.378042221069336,,
14300,3.5671541690826416,0.5233333333333333,-4.397036075592041,,
14350,1.6467639207839966,0.5216666666666667,-3.5840396881103516,,
14400,1.0452544689178467,0.52,-2.8854639530181885,,
14450,1.418699860572815,0.5183333333333333,-3.254817247390747,,
14500,7.925712585449219,0.5166666666666666,-4.02384614944458,,
14550,1.832912802696228,0.515,-3.9059855937957764,,
14600,3.8530948162078857,0.5133333333333333,-5.195988178253174,,
14650,3.6668455600738525,0.5116666666666667,-3.229889154434204,,
14700,4.619792938232422,0.51,-3.8649098873138428,,
14750,1.0963071584701538,0.5083333333333333,-2.8611133098602295,,
14800,3.405608892440796,0.5066666666666666,-3.279764175415039,,
14850,1.8123197555541992,0.505,-3.9883530139923096,,
14900,2.7912018299102783,0.5033333333333334,-3.9415788650512695,,
14950,2.073988914489746,0.5016666666666667,-3.7841928005218506,,
15000,1.6470097303390503,0.5,-3.0523548126220703,,
15050,6.114376068115234,0.4983333333333333,-3.7987709045410156,,
15100,3.686100721359253,0.4966666666666667,-4.760766983032227,,
15150,3.1011803150177,0.495,-4.177881717681885,,
15200,4.426696300506592,0.4933333333333333,-2.706435203552246,,
15250,4.058322906494141,0.4916666666666667,-4.434731960296631,,
15300,1.6734952926635742,0.49,-3.3945515155792236,,
15350,1.1084154844284058,0.4883333333333333,-4.21157693862915,,
15400,2.8010082244873047,0.4866666666666667,-4.022911071777344,,
15450,5.084899425506592,0.485,-3.154892683029175,,
15500,6.106590270996094,0.4833333333333333,-4.00494909286499,,
15550,3.437565565109253,0.4816666666666667,-4.72224760055542,,
15600,1.692986011505127,0.48,-3.8807287216186523,,
15650,2.7191150188446045,0.4783333333333334,-3.6929543018341064,,
15700,3.378546714782715,0.4766666666666667,-4.826858043670654,,
15750,4.960870742797852,0.475,-4.443965435028076,,
15800,1.7905973196029663,0.4733333333333334,-3.807619094848633,,
15850,3.2472660541534424,0.4716666666666667,-5.757565975189209,,
15900,2.0724594593048096,0.47,-5.357717514038086,,
15950,5.489261627197266,0.4683333333333334,-4.413401126861572,,
16000,4.717372417449951,0.4666666666666667,-4.614243984222412,,
16050,2.714790105819702,0.46499999999999997,-3.428459405899048,,
16100,1.3265235424041748,0.4633333333333334,-3.9141438007354736,,
16150,3.130934476852417,0.46166666666666667,-5.558563709259033,,
16200,13.269637107849121,0.45999999999999996,-5.330195903778076,,
16250,2.041067600250244,0.45833333333333337,-3.561229944229126,,
16300,3.3107357025146484,0.45666666666666667,-4.744345664978027,,
16350,4.509268283843994,0.45499999999999996,-4.319189071655273,,
16400,3.975665330886841,0.45333333333333337,-4.394407749176025,,
16450,8.874671936035156,0.45166666666666666,-5.740457534790039,,
16500,5.318716526031494,0.44999999999999996,-4.602419376373291,,
16550,5.843381404876709,0.44833333333333336,-4.335537433624268,,
16600,2.470250368118286,0.44666666666666666,-5.161865711212158,,
16650,6.095767974853516,0.44499999999999995,-5.246381759643555,,
16700,3.2048275470733643,0.44333333333333336,-5.750792026519775,,
16750,6.651296138763428,0.44166666666666665,-5.919662952423096,,
16800,1.310797929763794,0.43999999999999995,-3.9435689449310303,,
16850,1.715006709098816,0.43833333333333335,-4.149831771850586,,
16900,1.1350970268249512,0.43666666666666665,-4.814239025115967,,
16950,4.197391510009766,0.43500000000000005,-3.335810422897339,,
17000,5.913258075714111,0.43333333333333335,-5.019944667816162,,
17050,5.757020950317383,0.43166666666666664,-5.573571681976318,,
17100,2.4119374752044678,0.43000000000000005,-3.9734020233154297,,
17150,2.473642349243164,0.42833333333333334,-4.661127090454102,,
17200,3.563556671142578,0.42666666666666664,-3.9837963581085205,,
17250,1.3030015230178833,0.42500000000000004,-3.7287473678588867,,
17300,5.4453301429748535,0.42333333333333334,-4.56294059753418,,
17350,5.2686238288879395,0.42166666666666663,-5.758268356323242,,
17400,4.093337535858154,0.42000000000000004,-4.909276485443115,,
17450,11.92166519165039,0.41833333333333333,-4.334417819976807,,
17500,5.163808822631836,0.41666666666666663,-5.48187255859375,,
17550,5.710239887237549,0.41500000000000004,-5.599717617034912,,
17600,7.717592716217041,0.41333333333333333,-4.476147651672363,,
17650,6.531070232391357,0.4116666666666666,-5.452337741851807,,
17700,4.147684574127197,0.41000000000000003,-4.969217300415039,,
17750,2.3617374897003174,0.4083333333333333,-4.455905437469482,,
17800,7.524723529815674,0.4066666666666666,-4.784896373748779,,
17850,5.041640758514404,0.405,-6.066431522369385,,
17900,7.326778888702393,0.4033333333333333,-5.192451000213623,,
17950,2.6852569580078125,0.4016666666666666,-5.109402656555176,,
18000,5.075596332550049,0.4,-4.397981643676758,,
18050,8.466379165649414,0.3983333333333333,-4.36293363571167,,
18100,2.2121782302856445,0.3966666666666666,-3.7534382343292236,,
18150,8.109227180480957,0.395,-7.623844623565674,,
18200,6.70909309387207,0.3933333333333333,-6.090447902679443,,
18250,7.606242656707764,0.3916666666666667,-4.793513774871826,,
18300,5.434389591217041,0.39,-4.333135604858398,,
18350,7.590782165527344,0.3883333333333333,-5.747188091278076,,
18400,7.549787998199463,0.3866666666666667,-5.287866592407227,,
18450,1.9904481172561646,0.385,-4.2852702140808105,,
18500,6.433682918548584,0.3833333333333333,-5.595632553100586,,
18550,6.188570499420166,0.3816666666666667,-5.744843006134033,,
18600,4.46232271194458,0.38,-5.131557941436768,,
18650,4.609347820281982,0.3783333333333333,-5.437140941619873,,
18700,2.5628602504730225,0.3766666666666667,-5.503678798675537,,
18750,9.241122245788574,0.375,-4.411981582641602,,
18800,6.960245609283447,0.3733333333333333,-5.218050003051758,,
18850,4.552278518676758,0.3716666666666667,-5.091140270233154,,
18900,1.9371870756149292,0.37,-4.84619140625,,
18950,4.491863250732422,0.3683333333333333,-5.7389817237854,,
19000,1.4342635869979858,0.3666666666666667,-4.2924346923828125,,
19050,5.583098888397217,0.365,-5.401170253753662,,
19100,4.626172065734863,0.3633333333333333,-5.086207866668701,,
19150,1.5676192045211792,0.3616666666666667,-4.6442084312438965,,
19200,3.059028387069702,0.36,-4.672596454620361,,
19250,4.605687618255615,0.3583333333333333,-5.464624881744385,,
19300,1.504461407661438,0.3566666666666667,-4.474998950958252,,
19350,1.8459581136703491,0.355,-5.2704596519470215,,
19400,4.405632495880127,0.3533333333333334,-4.509739398956299,,
19450,5.19225549697876,0.3516666666666667,-5.672187805175781,,
19500,6.312445163726807,0.35,-6.286038875579834,,
19550,3.17607045173645,0.3483333333333334,-4.13081693649292,,
19600,2.4438016414642334,0.3466666666666667,-6.548901081085205,,
19650,6.61898946762085,0.345,-4.655007839202881,,
19700,4.091997146606445,0.3433333333333334,-4.692693710327148,,
19750,3.1543633937835693,0.3416666666666667,-5.78401517868042,,
19800,7.0048747062683105,0.33999999999999997,-5.311826705932617,,
19850,13.124985694885254,0.3383333333333334,-4.549055576324463,,
19900,4.7447943687438965,0.33666666666666667,-4.660507678985596,,
19950,0.7281948924064636,0.33499999999999996,-3.1191670894622803,,
20000,6.370809078216553,0.33333333333333337,-6.991184234619141,,
20050,5.618492603302002,0.33166666666666667,-5.638549327850342,,
20100,4.824518203735352,0.32999999999999996,-6.230451583862305,,
20150,15.003669738769531,0.32833333333333337,-5.6927008628845215,,
20200,3.1607675552368164,0.32666666666666666,-4.967370510101318,,
20250,2.19913649559021,0.32499999999999996,-4.96998405456543,,
20300,3.077899932861328,0.32333333333333336,-4.661954879760742,,
20350,1.1234253644943237,0.32166666666666666,-5.965461254119873,,
20400,1.1275948286056519,0.31999999999999995,-5.489591598510742,,
20450,6.754758834838867,0.31833333333333336,-6.6774373054504395,,
20500,1.8023632764816284,0.31666666666666665,-5.716922283172607,,
20550,24.555709838867188,0.31499999999999995,-6.659831523895264,,
20600,2.147458791732788,0.31333333333333335,-5.450819492340088,,
20650,2.3199269771575928,0.31166666666666665,-5.57838773727417,,
20700,11.098823547363281,0.31000000000000005,-8.05211353302002,,
20750,0.8279709815979004,0.30833333333333335,-4.287670612335205,,
20800,7.372533321380615,0.30666666666666664,-5.0108819007873535,,
20850,3.8124144077301025,0.30500000000000005,-4.2535223960876465,,
20900,4.099885940551758,0.30333333333333334,-4.524045944213867,,
20950,4.434539318084717,0.30166666666666664,-6.0237202644348145,,
21000,1.726629614830017,0.30000000000000004,-4.4051384925842285,,
21050,9.7562837600708,0.29833333333333334,-5.113603115081787,,
21100,6.381816864013672,0.29666666666666663,-4.821680545806885,,
21150,4.909450054168701,0.29500000000000004,-5.550830841064453,,
21200,11.925559043884277,0.29333333333333333,-6.540199279785156,,
21250,7.729193210601807,0.29166666666666663,-5.758686542510986,,
21300,6.472326755523682,0.29000000000000004,-5.663107395172119,,
21350,2.2879183292388916,0.28833333333333333,-4.447041034698486,,
21400,3.467867136001587,0.2866666666666666,-5.151281833648682,,
21450,3.340468406677246,0.28500000000000003,-6.053351879119873,,
21500,1.834074854850769,0.2833333333333333,-4.31248140335083,,
21550,6.023540019989014,0.2816666666666666,-4.5258402824401855,,
21600,9.847489356994629,0.28,-5.694540500640869,,
21650,12.848514556884766,0.2783333333333333,-6.384538650512695,,
21700,3.2220993041992188,0.2766666666666666,-5.411558151245117,,
21750,7.5922980308532715,0.275,-5.111541271209717,,
21800,3.5428807735443115,0.2733333333333333,-5.270090579986572,,
21850,2.8418216705322266,0.2716666666666666,-5.1551127433776855,,
21900,7.502538204193115,0.27,-6.627478122711182,,
21950,4.251206874847412,0.2683333333333333,-5.055704116821289,,
22000,10.538397789001465,0.2666666666666667,-4.7136077880859375,,
22050,8.299568176269531,0.265,-5.911302089691162,,
22100,15.367009162902832,0.2633333333333333,-4.941030502319336,,
22150,2.3363239765167236,0.2616666666666667,-5.498067378997803,,
22200,5.461973667144775,0.26,-7.666035175323486,,
22250,2.401484251022339,0.2583333333333333,-4.397922515869141,,
22300,9.552315711975098,0.2566666666666667,-5.325628280639648,,
22350,10.2926607131958,0.255,-5.9274115562438965,,
22400,1.7241204977035522,0.2533333333333333,-5.299362659454346,,
22450,2.2006449699401855,0.2516666666666667,-4.600589275360107,,
22500,2.498971939086914,0.25,-6.334190368652344,,
22550,17.470436096191406,0.2483333333333333,-5.837055206298828,,
22600,4.147497653961182,0.2466666666666667,-5.346715450286865,,
22650,5.297691822052002,0.245,-6.196288585662842,,
22700,3.4198989868164062,0.2433333333333333,-5.640296459197998,,
22750,5.693887710571289,0.2416666666666667,-7.359027862548828,,
22800,9.674677848815918,0.24,-4.853522300720215,,
22850,10.351228713989258,0.23833333333333329,-6.529317378997803,,
22900,7.49668550491333,0.2366666666666667,-5.892295837402344,,
22950,2.4721076488494873,0.235,-5.489401340484619,,
23000,14.53445053100586,0.23333333333333328,-6.39802885055542,,
23050,22.440406799316406,0.2316666666666667,-6.889875888824463,,
23100,19.151268005371094,0.22999999999999998,-7.685115814208984,,
23150,14.789530754089355,0.2283333333333334,-5.759352207183838,,
23200,13.26246166229248,0.22666666666666668,-5.235827445983887,,
23250,8.38090991973877,0.22499999999999998,-5.647865295410156,,
23300,3.1302483081817627,0.22333333333333338,-6.347806930541992,,
23350,8.516605377197266,0.22166666666666668,-6.197692394256592,,
23400,7.20489501953125,0.21999999999999997,-5.710134983062744,,
23450,5.316779613494873,0.21833333333333338,-5.597879409790039,,
23500,3.34859561920166,0.21666666666666667,-8.816812515258789,,
23550,15.90290355682373,0.21499999999999997,-6.930699825286865,,
23600,6.270802974700928,0.21333333333333337,-6.313324451446533,,
23650,13.513427734375,0.21166666666666667,-6.6508917808532715,,
23700,3.0378639698028564,0.20999999999999996,-6.2698140144348145,,
23750,13.38192367553711,0.20833333333333337,-6.242490768432617,,
23800,4.136052131652832,0.20666666666666667,-6.897670745849609,,
23850,6.3746795654296875,0.20499999999999996,-6.212596416473389,,
23900,14.91754150390625,0.20333333333333337,-5.722433090209961,,
23950,15.6189546585083,0.20166666666666666,-8.381153106689453,,
24000,3.1014492511749268,0.19999999999999996,-6.219162464141846,,
24050,2.918165922164917,0.19833333333333336,-6.425896167755127,,
24100,5.334924221038818,0.19666666666666666,-6.791234970092773,,
24150,4.765622615814209,0.19499999999999995,-5.73926305770874,,
24200,11.793951988220215,0.19333333333333336,-6.847698211669922,,
24250,14.216888427734375,0.19166666666666665,-8.068428039550781,,
24300,12.276355743408203,0.18999999999999995,-6.2412428855896,,
24350,9.162213325500488,0.18833333333333335,-7.12298583984375,,
24400,8.090038299560547,0.18666666666666665,-8.453908920288086,,
24450,5.238091945648193,0.18500000000000005,-6.003185749053955,,
24500,16.83901023864746,0.18333333333333335,-7.17352819442749,,
24550,12.382183074951172,0.18166666666666664,-7.626838207244873,,
24600,6.196341037750244,0.18000000000000005,-6.205474376678467,,
24650,10.626019477844238,0.17833333333333334,-6.149722576141357,,
24700,3.4385316371917725,0.17666666666666664,-4.714494228363037,,
24750,7.409002780914307,0.17500000000000004,-7.166401386260986,,
24800,1.809895634651184,0.17333333333333334,-5.655648708343506,,
24850,10.005576133728027,0.17166666666666663,-6.589810848236084,,
24900,6.5577392578125,0.17000000000000004,-6.0781025886535645,,
24950,12.65190601348877,0.16833333333333333,-6.575672626495361,,
25000,3.8540899753570557,0.16666666666666663,-5.61030387878418,-1.3469792533921554,45.86666666666666
25050,9.767539024353027,0.16500000000000004,-5.977020740509033,,
25100,12.808883666992188,0.16333333333333333,-7.37024450302124,,
25150,7.484480381011963,0.16166666666666663,-5.440502643585205,,
25200,6.013149738311768,0.16000000000000003,-6.949971675872803,,
25250,15.945508003234863,0.15833333333333333,-7.174335956573486,,
25300,10.502494812011719,0.15666666666666662,-6.523291110992432,,
25350,2.8256750106811523,0.15500000000000003,-6.248864650726318,,
25400,6.127757549285889,0.15333333333333332,-5.8528971672058105,,
25450,6.08642053604126,0.15166666666666662,-6.2447662353515625,,
25500,2.7036545276641846,0.15000000000000002,-5.143050670623779,,
25550,2.592045783996582,0.14833333333333332,-5.411729335784912,,
25600,2.79183030128479,0.1466666666666666,-5.149186611175537,,
25650,8.590237617492676,0.14500000000000002,-5.503798007965088,,
25700,5.201511383056641,0.1433333333333333,-6.141834735870361,,
25750,6.634086608886719,0.14166666666666672,-4.8727335929870605,,
25800,8.42890453338623,0.14,-5.5033745765686035,,
25850,5.058099269866943,0.1383333333333333,-6.796882152557373,,
25900,7.820674896240234,0.13666666666666671,-5.819186687469482,,
25950,3.5855255126953125,0.135,-4.3106560707092285,,
26000,4.669240474700928,0.1333333333333333,-7.204423427581787,,
26050,4.137885093688965,0.1316666666666667,-6.475332260131836,,
26100,2.12046217918396,0.13,-6.8773040771484375,,
26150,9.837602615356445,0.1283333333333333,-5.97260046005249,,
26200,11.103602409362793,0.1266666666666667,-6.3175201416015625,,
26250,4.379345893859863,0.125,-5.695934295654297,,
26300,5.870272159576416,0.1233333333333333,-4.7253899574279785,,
26350,2.677973985671997,0.1216666666666667,-5.648334503173828,,
26400,15.125996589660645,0.12,-6.478689193725586,,
26450,6.404839992523193,0.11833333333333329,-6.625133991241455,,
26500,5.4990997314453125,0.1166666666666667,-5.446281909942627,,
26550,3.6315605640411377,0.11499999999999999,-4.542245388031006,,
26600,6.709012508392334,0.11333333333333329,-6.556276321411133,,
26650,8.038069725036621,0.11166666666666669,-6.9117255210876465,,
26700,2.7694990634918213,0.10999999999999999,-5.230396747589111,,
26750,3.9547243118286133,0.10833333333333328,-4.310011863708496,,
26800,10.951363563537598,0.10666666666666669,-7.355415344238281,,
26850,5.4397711753845215,0.10499999999999998,-7.150613784790039,,
26900,8.3875093460083,0.10333333333333339,-6.514441013336182,,
26950,4.970447063446045,0.10166666666666668,-5.482274532318115,,
27000,4.866967678070068,0.09999999999999998,-5.207420349121094,,
27050,11.221171379089355,0.09833333333333338,-5.567417144775391,,
27100,3.326737642288208,0.09666666666666668,-5.695061206817627,,
27150,5.742433547973633,0.09499999999999997,-6.005966663360596,,
27200,6.990694522857666,0.09333333333333338,-5.792896270751953,,
27250,12.436744689941406,0.09166666666666667,-5.952350616455078,,
27300,2.9941718578338623,0.08999999999999997,-5.391315937042236,,
27350,4.350306034088135,0.08833333333333337,-6.118529796600342,,
27400,9.093634605407715,0.08666666666666667,-7.826545238494873,,
27450,10.70880126953125,0.08499999999999996,-6.913602828979492,,
27500,3.148452043533325,0.08333333333333337,-7.552900314331055,,
27550,0.9703409671783447,0.08166666666666667,-5.447887420654297,,
27600,12.360917091369629,0.07999999999999996,-6.7439188957214355,,
27650,4.438999652862549,0.07833333333333337,-6.124715805053711,,
27700,3.5859203338623047,0.07666666666666666,-5.170238018035889,,
27750,4.805733680725098,0.07499999999999996,-5.379386901855469,,
27800,0.8522058129310608,0.07333333333333336,-5.274032115936279,,
27850,1.1845741271972656,0.07166666666666666,-5.688325881958008,,
27900,15.5129976272583,0.06999999999999995,-6.746767520904541,,
27950,3.8388774394989014,0.06833333333333336,-6.0111541748046875,,
28000,5.168313503265381,0.06666666666666665,-6.879270076751709,,
28050,2.6747703552246094,0.06499999999999995,-5.780836582183838,,
28100,10.509014129638672,0.06333333333333335,-6.894551753997803,,
28150,5.239634990692139,0.06166666666666665,-4.964611530303955,,
28200,5.342424392700195,0.06000000000000005,-6.319303512573242,,
28250,5.480580806732178,0.05833333333333335,-6.27877950668335,,
28300,3.847397565841675,0.05666666666666664,-5.391027927398682,,
28350,4.367942810058594,0.05500000000000005,-5.404857158660889,,
28400,4.617468357086182,0.053333333333333344,-7.219576358795166,,
28450,9.085478782653809,0.05166666666666664,-5.966434478759766,,
28500,6.724947452545166,0.050000000000000044,-6.257866382598877,,
28550,5.174539089202881,0.05,-5.807884216308594,,
28600,2.21016526222229,0.05,-5.942562580108643,,
28650,2.198256492614746,0.05,-5.251183986663818,,
28700,4.602128505706787,0.05,-5.636573791503906,,
28750,7.346916675567627,0.05,-6.291755199432373,,
28800,9.93493938446045,0.05,-6.618697643280029,,
28850,5.992960453033447,0.05,-5.491979598999023,,
28900,2.0496175289154053,0.05,-6.207669734954834,,
28950,12.047195434570312,0.05,-6.088144779205322,,
29000,1.8226011991500854,0.05,-6.461549282073975,,
29050,11.751693725585938,0.05,-6.405990123748779,,
29100,11.888301849365234,0.05,-6.811683654785156,,
29150,7.872661590576172,0.05,-6.367912292480469,,
29200,4.600218772888184,0.05,-5.5728068351745605,,
29250,3.133803367614746,0.05,-5.733547210693359,,
29300,1.9321078062057495,0.05,-6.176200866699219,,
29350,5.3632683753967285,0.05,-6.124227046966553,,
29400,3.6263771057128906,0.05,-7.09860372543335,,
29450,1.8299446105957031,0.05,-5.4147562980651855,,
29500,6.640138149261475,0.05,-6.583924770355225,,
29550,12.4247407913208,0.05,-8.033090591430664,,
29600,1.1745392084121704,0.05,-5.956593990325928,,
29650,2.99438214302063,0.05,-5.4645233154296875,,
29700,8.803521156311035,0.05,-7.584297180175781,,
29750,3.070220947265625,0.05,-6.950046062469482,,
29800,3.8015191555023193,0.05,-6.164606094360352,,
29850,1.3486480712890625,0.05,-6.3250732421875,,
29900,5.784054279327393,0.05,-6.435321807861328,,
29950,6.668214797973633,0.05,-6.14823579788208,,
30000,0.8531624674797058,0.05,-6.0019097328186035,,
30050,20.660457611083984,0.05,-7.518176555633545,,
30100,13.599324226379395,0.05,-6.107656002044678,,
30150,3.727734327316284,0.05,-7.187889575958252,,
30200,22.334558486938477,0.05,-6.514408111572266,,
30250,1.4874176979064941,0.05,-6.013871669769287,,
30300,3.2167580127716064,0.05,-8.065354347229004,,
30350,4.261142253875732,0.05,-7.61888313293457,,
30400,12.045750617980957,0.05,-5.9868597984313965,,
30450,5.648876667022705,0.05,-5.239593505859375,,
30500,16.245786666870117,0.05,-6.902366638183594,,
30550,21.12217140197754,0.05,-6.840259552001953,,
30600,4.421199321746826,0.05,-6.8107428550720215,,
30650,1.4136794805526733,0.05,-6.511146545410156,,
30700,7.3410186767578125,0.05,-7.507594585418701,,
30750,9.982218742370605,0.05,-7.091196537017822,,
30800,4.04453706741333,0.05,-8.58246898651123,,
30850,6.2987961769104,0.05,-7.078449249267578,,
30900,3.6339733600616455,0.05,-5.594510555267334,,
30950,14.558545112609863,0.05,-7.819159030914307,,
31000,2.466871500015259,0.05,-7.006122589111328,,
31050,14.518946647644043,0.05,-8.580414772033691,,
31100,6.219584941864014,0.05,-7.459692478179932,,
31150,1.813592553138733,0.05,-6.659412384033203,,
31200,1.6502504348754883,0.05,-6.202381134033203,,
31250,14.46520709991455,0.05,-6.836455821990967,,
31300,8.051299095153809,0.05,-6.348278045654297,,
31350,3.7246294021606445,0.05,-6.154130458831787,,
31400,10.265856742858887,0.05,-6.582022190093994,,
31450,6.621831893920898,0.05,-7.882144927978516,,
31500,12.291510581970215,0.05,-5.82203483581543,,
31550,3.7212483882904053,0.05,-5.275045394897461,,
31600,5.60249662399292,0.05,-6.805947780609131,,
31650,7.444826126098633,0.05,-6.310688018798828,,
31700,12.324848175048828,0.05,-6.900505065917969,,
31750,3.7756309509277344,0.05,-5.958442687988281,,
31800,5.802805423736572,0.05,-5.00220251083374,,
31850,4.54977560043335,0.05,-5.95881986618042,,
31900,9.07535457611084,0.05,-6.814459323883057,,
31950,6.4696736335754395,0.05,-8.332584381103516,,
32000,9.0144624710083,0.05,-6.731123447418213,,
32050,6.498802185058594,0.05,-6.052353382110596,,
32100,11.735011100769043,0.05,-8.154975891113281,,
32150,4.8955769538879395,0.05,-5.364888668060303,,
32200,2.133978843688965,0.05,-7.528045654296875,,
32250,11.890410423278809,0.05,-6.8600029945373535,,
32300,10.018168449401855,0.05,-6.851306915283203,,
32350,8.925936698913574,0.05,-7.449413299560547,,
32400,1.2770904302597046,0.05,-6.458253383636475,,
32450,3.792121648788452,0.05,-5.819229602813721,,
32500,4.277123928070068,0.05,-5.830790042877197,,
32550,5.963029861450195,0.05,-5.967959880828857,,
32600,5.8793463706970215,0.05,-7.0461106300354,,
32650,3.640165328979492,0.05,-7.725248336791992,,
32700,3.339550733566284,0.05,-6.504856109619141,,
32750,1.6442631483078003,0.05,-6.802799224853516,,
32800,2.510148286819458,0.05,-7.066328048706055,,
32850,8.124911308288574,0.05,-8.814070701599121,,
32900,8.957633972167969,0.05,-7.01421594619751,,
32950,13.117613792419434,0.05,-7.514739990234375,,
33000,8.70540714263916,0.05,-6.581624507904053,,
33050,5.414873123168945,0.05,-6.901956558227539,,
33100,1.5135841369628906,0.05,-8.238351821899414,,
33150,9.094170570373535,0.05,-6.981192111968994,,
33200,6.340751647949219,0.05,-5.568277359008789,,
33250,4.509044647216797,0.05,-5.8398590087890625,,
33300,1.6675297021865845,0.05,-7.736988067626953,,
33350,13.399757385253906,0.05,-7.397942066192627,,
33400,25.743751525878906,0.05,-7.858438014984131,,
33450,10.69083309173584,0.05,-6.862456798553467,,
33500,11.037585258483887,0.05,-7.0511956214904785,,
33550,6.353255748748779,0.05,-5.789419174194336,,
33600,7.9721527099609375,0.05,-7.0762939453125,,
33650,4.744807243347168,0.05,-6.238246917724609,,
33700,6.038429260253906,0.05,-6.646607875823975,,
33750,5.466047763824463,0.05,-7.494182109832764,,
33800,10.472641944885254,0.05,-7.722136974334717,,
33850,2.2842538356781006,0.05,-6.980143070220947,,
33900,1.761999249458313,0.05,-5.943769931793213,,
33950,10.11683177947998,0.05,-7.80644416809082,,
34000,1.246028184890747,0.05,-6.574779033660889,,
34050,1.4434709548950195,0.05,-6.246059894561768,,
34100,3.2224767208099365,0.05,-7.757441997528076,,
34150,4.9634623527526855,0.05,-6.847658157348633,,
34200,4.857048988342285,0.05,-6.539313793182373,,
34250,1.7597875595092773,0.05,-7.13303804397583,,
34300,6.0988688468933105,0.05,-6.8059000968933105,,
34350,5.458804607391357,0.05,-6.518294811248779,,
34400,22.479246139526367,0.05,-8.771109580993652,,
34450,3.2741098403930664,0.05,-6.290477752685547,,
34500,2.1543333530426025,0.05,-5.571908473968506,,
34550,10.13798999786377,0.05,-6.413751602172852,,
34600,3.5207293033599854,0.05,-7.269418239593506,,
34650,3.4157180786132812,0.05,-8.01587200164795,,
34700,8.899178504943848,0.05,-6.495946407318115,,
34750,3.9405040740966797,0.05,-6.293586730957031,,
34800,1.9608584642410278,0.05,-8.022076606750488,,
34850,1.6644697189331055,0.05,-6.77353048324585,,
34900,1.0712671279907227,0.05,-7.625392436981201,,
34950,3.0734004974365234,0.05,-8.364802360534668,,
35000,4.194103717803955,0.05,-7.656561374664307,,
35050,3.5622289180755615,0.05,-7.13621187210083,,
35100,3.1506032943725586,0.05,-7.764906406402588,,
35150,9.319441795349121,0.05,-7.870434284210205,,
35200,8.664437294006348,0.05,-7.1766510009765625,,
35250,9.5766019821167,0.05,-7.659570693969727,,
35300,7.907497406005859,0.05,-7.858608245849609,,
35350,9.635711669921875,0.05,-6.811908721923828,,
35400,13.577372550964355,0.05,-6.7765631675720215,,
35450,5.497922897338867,0.05,-7.658446788787842,,
35500,7.9488067626953125,0.05,-7.814666748046875,,
35550,2.060417413711548,0.05,-5.377688884735107,,
35600,3.0583174228668213,0.05,-6.528989791870117,,
35650,6.157817363739014,0.05,-6.523216724395752,,
35700,0.8631250262260437,0.05,-7.724617004394531,,
35750,1.776751160621643,0.05,-5.7578864097595215,,
35800,2.4684202671051025,0.05,-7.265134334564209,,
35850,15.952542304992676,0.05,-8.538314819335938,,
35900,11.432488441467285,0.05,-7.507411956787109,,
35950,11.442733764648438,0.05,-8.034724235534668,,
36000,10.754563331604004,0.05,-7.534688472747803,,
36050,4.343173980712891,0.05,-7.148974895477295,,
36100,8.2535400390625,0.05,-6.589317321777344,,
36150,4.324230194091797,0.05,-8.60369873046875,,
36200,12.969466209411621,0.05,-6.961026668548584,,
36250,6.64013671875,0.05,-7.1097731590271,,
36300,10.294135093688965,0.05,-8.572661399841309,,
36350,3.8351945877075195,0.05,-6.745048522949219,,
36400,10.158537864685059,0.05,-7.803282260894775,,
36450,9.042889595031738,0.05,-7.12196683883667,,
36500,7.717193126678467,0.05,-7.504722595214844,,
36550,9.162628173828125,0.05,-8.420111656188965,,
36600,9.769872665405273,0.05,-8.715073585510254,,
36650,7.481781005859375,0.05,-7.99895715713501,,
36700,2.031651020050049,0.05,-7.580810546875,,
36750,1.764954924583435,0.05,-7.9656500816345215,,
36800,9.230195045471191,0.05,-7.4181599617004395,,
36850,4.357733249664307,0.05,-8.7138090133667,,
36900,6.374893665313721,0.05,-9.738263130187988,,
36950,1.4660381078720093,0.05,-8.441502571105957,,
37000,5.737793445587158,0.05,-8.44279956817627,,
37050,2.254455804824829,0.05,-7.605260372161865,,
37100,7.630187511444092,0.05,-7.034099578857422,,
37150,13.987895011901855,0.05,-7.7120680809021,,
37200,3.740525007247925,0.05,-8.114506721496582,,
37250,5.193663120269775,0.05,-8.081482887268066,,
37300,2.393998861312866,0.05,-7.453057765960693,,
37350,5.909870147705078,0.05,-7.246827602386475,,
37400,2.8370368480682373,0.05,-9.467952728271484,,
37450,5.484874725341797,0.05,-7.989404201507568,,
37500,7.53817892074585,0.05,-7.1779022216796875,,
37550,7.712552547454834,0.05,-8.590275764465332,,
37600,8.145482063293457,0.05,-7.868032932281494,,
37650,8.03691291809082,0.05,-6.919256210327148,,
37700,12.759185791015625,0.05,-8.527215957641602,,
37750,22.253549575805664,0.05,-8.83813762664795,,
37800,1.7081255912780762,0.05,-6.530662536621094,,
37850,1.433749794960022,0.05,-7.115684509277344,,
37900,5.369246006011963,0.05,-7.205835819244385,,
37950,6.007073879241943,0.05,-7.858232021331787,,
38000,9.794288635253906,0.05,-8.215653419494629,,
38050,2.523249864578247,0.05,-7.551323413848877,,
38100,8.037529945373535,0.05,-7.737549304962158,,
38150,4.049961090087891,0.05,-7.402425289154053,,
38200,10.275256156921387,0.05,-6.463839054107666,,
38250,3.7343757152557373,0.05,-6.824760437011719,,
38300,4.639141082763672,0.05,-7.396020412445068,,
38350,5.830440521240234,0.05,-7.516977787017822,,
38400,2.99613094329834,0.05,-6.884704113006592,,
38450,9.053264617919922,0.05,-6.9189276695251465,,
38500,6.48889684677124,0.05,-6.790126323699951,,
38550,2.733546018600464,0.05,-7.290016174316406,,
38600,7.684432506561279,0.05,-7.312188625335693,,
38650,6.149869918823242,0.05,-7.117379665374756,,
38700,2.885370969772339,0.05,-7.184745788574219,,
38750,5.876795291900635,0.05,-6.1183600425720215,,
38800,1.3250880241394043,0.05,-6.403771877288818,,
38850,6.423593997955322,0.05,-7.354167938232422,,
38900,7.187885284423828,0.05,-5.820038318634033,,
38950,7.771787166595459,0.05,-6.265998363494873,,
39000,2.6519594192504883,0.05,-6.043580532073975,,
39050,3.199249505996704,0.05,-8.03823471069336,,
39100,1.053763508796692,0.05,-6.789389133453369,,
39150,3.3658063411712646,0.05,-7.961660861968994,,
39200,6.814079284667969,0.05,-7.237447261810303,,
39250,5.605756759643555,0.05,-8.48193645477295,,
39300,4.498796463012695,0.05,-7.738091945648193,,
39350,2.9448165893554688,0.05,-6.723033905029297,,
39400,0.870450496673584,0.05,-7.870449066162109,,
39450,6.394306659698486,0.05,-6.803324222564697,,
39500,9.091324806213379,0.05,-7.261677265167236,,
39550,4.760166645050049,0.05,-7.630256652832031,,
39600,0.9771148562431335,0.05,-7.147225856781006,,
39650,6.346993923187256,0.05,-6.244674205780029,,
39700,7.744307994842529,0.05,-6.284576416015625,,
39750,2.9093704223632812,0.05,-7.213171005249023,,
39800,4.854579448699951,0.05,-7.385769367218018,,
39850,2.5748884677886963,0.05,-6.550144195556641,,
39900,3.540454149246216,0.05,-8.395307540893555,,
39950,1.6509513854980469,0.05,-8.762970924377441,,
40000,4.0535054206848145,0.05,-7.7166619300842285,,
40050,2.6193783283233643,0.05,-7.532301425933838,,
40100,6.987492084503174,0.05,-7.471460342407227,,
40150,7.470184326171875,0.05,-7.27978515625,,
40200,2.2527549266815186,0.05,-6.828685760498047,,
40250,9.647412300109863,0.05,-8.76606273651123,,
40300,0.5595515370368958,0.05,-6.030953884124756,,
40350,4.581400394439697,0.05,-7.109838485717773,,
40400,2.472212076187134,0.05,-6.3354644775390625,,
40450,4.350623607635498,0.05,-7.0810675621032715,,
40500,0.5961267352104187,0.05,-7.826537609100342,,
40550,3.3679592609405518,0.05,-7.568515777587891,,
40600,4.619266033172607,0.05,-8.07176685333252,,
40650,4.685776710510254,0.05,-7.894783020019531,,
40700,0.7559472918510437,0.05,-5.953537464141846,,
40750,9.476283073425293,0.05,-8.35840892791748,,
40800,1.2467299699783325,0.05,-6.631277561187744,,
40850,5.839798450469971,0.05,-7.092546463012695,,
40900,5.039760112762451,0.05,-6.766809463500977,,
40950,6.031031131744385,0.05,-6.899463653564453,,
41000,3.575038194656372,0.05,-7.323328018188477,,
41050,3.9727869033813477,0.05,-7.2511420249938965,,
41100,3.1810600757598877,0.05,-7.282121658325195,,
41150,4.745595455169678,0.05,-7.52250337600708,,
41200,2.1798393726348877,0.05,-8.107291221618652,,
41250,9.19345760345459,0.05,-6.181293964385986,,
41300,10.408530235290527,0.05,-7.295726299285889,,
41350,4.988974571228027,0.05,-6.601779937744141,,
41400,3.6986732482910156,0.05,-7.757539749145508,,
41450,2.9434967041015625,0.05,-6.289548397064209,,
41500,1.505766749382019,0.05,-6.743289470672607,,
41550,6.061849117279053,0.05,-7.068267345428467,,
41600,2.1381800174713135,0.05,-6.185875415802002,,
41650,3.806680917739868,0.05,-5.715827465057373,,
41700,4.998251438140869,0.05,-8.054337501525879,,
41750,7.850377559661865,0.05,-7.390065670013428,,
41800,1.0435242652893066,0.05,-6.560052394866943,,
41850,1.7844942808151245,0.05,-6.729850769042969,,
41900,4.121479034423828,0.05,-6.888291835784912,,
41950,2.9975955486297607,0.05,-6.54266881942749,,
42000,4.722729206085205,0.05,-7.64423131942749,,
42050,8.985831260681152,0.05,-7.9669928550720215,,
42100,2.390733003616333,0.05,-7.085127353668213,,
42150,1.8051714897155762,0.05,-7.2961745262146,,
42200,6.561473369598389,0.05,-7.404203414916992,,
42250,6.00338888168335,0.05,-7.116668701171875,,
42300,3.8299407958984375,0.05,-7.085504055023193,,
42350,12.822514533996582,0.05,-6.949132442474365,,
42400,6.497854232788086,0.05,-7.267795562744141,,
42450,2.967217445373535,0.05,-8.02487850189209,,
42500,2.665614604949951,0.05,-7.134603977203369,,
42550,8.141417503356934,0.05,-7.909694671630859,,
42600,1.430490493774414,0.05,-7.273355484008789,,
42650,4.304113864898682,0.05,-7.355964660644531,,
42700,5.0286407470703125,0.05,-7.577950954437256,,
42750,2.257368803024292,0.05,-7.158871173858643,,
42800,1.5362554788589478,0.05,-7.624253749847412,,
42850,6.556568622589111,0.05,-7.8082194328308105,,
42900,5.985180377960205,0.05,-7.9647746086120605,,
42950,2.2962141036987305,0.05,-8.700617790222168,,
43000,9.215209007263184,0.05,-8.761163711547852,,
43050,10.32685661315918,0.05,-8.012948989868164,,
43100,0.3616676330566406,0.05,-6.735651016235352,,
43150,4.28709077835083,0.05,-7.280191421508789,,
43200,6.8985981941223145,0.05,-7.745584011077881,,
43250,11.17829418182373,0.05,-6.637693881988525,,
43300,2.677083730697632,0.05,-8.766846656799316,,
43350,4.625987529754639,0.05,-7.614940643310547,,
43400,5.4564385414123535,0.05,-7.344718933105469,,
43450,7.873134136199951,0.05,-8.371679306030273,,
43500,19.25170135498047,0.05,-8.0452241897583,,
43550,5.753232955932617,0.05,-7.676925182342529,,
43600,7.044588565826416,0.05,-8.411006927490234,,
43650,2.625279188156128,0.05,-6.896337509155273,,
43700,4.533817768096924,0.05,-7.182398319244385,,
43750,0.81715989112854,0.05,-6.324805736541748,,
43800,7.219573497772217,0.05,-8.148579597473145,,
43850,8.466650009155273,0.05,-6.5166802406311035,,
43900,1.8595117330551147,0.05,-7.296309947967529,,
43950,4.6507954597473145,0.05,-7.170506000518799,,
44000,1.261214256286621,0.05,-7.130176067352295,,
44050,6.321664333343506,0.05,-7.73101282119751,,
44100,7.658904552459717,0.05,-8.143129348754883,,
44150,1.26063072681427,0.05,-7.687053680419922,,
44200,7.8122124671936035,0.05,-7.820558547973633,,
44250,2.9053354263305664,0.05,-7.146549701690674,,
44300,3.0199482440948486,0.05,-7.893091201782227,,
44350,8.52211856842041,0.05,-7.1404709815979,,
44400,3.895050048828125,0.05,-7.718603134155273,,
44450,36.166568756103516,0.05,-8.68521499633789,,
44500,7.1514434814453125,0.05,-7.760564804077148,,
44550,2.589932680130005,0.05,-7.80769157409668,,
44600,6.288253307342529,0.05,-7.998384475708008,,
44650,1.4899791479110718,0.05,-7.824899673461914,,
44700,4.4926276206970215,0.05,-7.913856506347656,,
44750,3.7353439331054688,0.05,-7.402707576751709,,
44800,0.8156916499137878,0.05,-7.326355457305908,,
44850,8.695364952087402,0.05,-8.411890029907227,,
44900,1.512089729309082,0.05,-6.4924635887146,,
44950,8.743534088134766,0.05,-6.8820271492004395,,
45000,9.399099349975586,0.05,-7.546560764312744,,
45050,4.360286235809326,0.05,-7.3786444664001465,,
45100,4.1643757820129395,0.05,-8.282612800598145,,
45150,3.6739683151245117,0.05,-8.114779472351074,,
45200,6.626676082611084,0.05,-7.243812561035156,,
45250,6.329372406005859,0.05,-6.8764872550964355,,
45300,10.699727058410645,0.05,-8.020055770874023,,
45350,10.751747131347656,0.05,-8.527509689331055,,
45400,1.6339645385742188,0.05,-7.461391925811768,,
45450,2.3885369300842285,0.05,-8.31417179107666,,
45500,9.291055679321289,0.05,-8.317544937133789,,
45550,2.602792739868164,0.05,-6.476461887359619,,
45600,4.662448406219482,0.05,-6.428774356842041,,
45650,1.6796756982803345,0.05,-7.7764410972595215,,
45700,4.328397274017334,0.05,-8.019061088562012,,
45750,11.706989288330078,0.05,-10.080986022949219,,
45800,4.425181865692139,0.05,-8.509688377380371,,
45850,1.8493824005126953,0.05,-7.775064945220947,,
45900,4.640174865722656,0.05,-6.785055160522461,,
45950,2.510955333709717,0.05,-7.8582916259765625,,
46000,1.1660696268081665,0.05,-7.766605377197266,,
46050,14.326144218444824,0.05,-8.602977752685547,,
46100,3.5537919998168945,0.05,-7.17688512802124,,
46150,4.5595622062683105,0.05,-8.74947738647461,,
46200,7.1870880126953125,0.05,-6.935504913330078,,
46250,2.2760162353515625,0.05,-8.447187423706055,,
46300,7.854278087615967,0.05,-7.7591729164123535,,
46350,6.576223850250244,0.05,-8.267536163330078,,
46400,4.7903828620910645,0.05,-8.702601432800293,,
46450,7.921109676361084,0.05,-8.081419944763184,,
46500,11.729012489318848,0.05,-9.723855018615723,,
46550,3.45538330078125,0.05,-6.944843769073486,,
46600,11.942852020263672,0.05,-8.607329368591309,,
46650,3.6954286098480225,0.05,-7.707198619842529,,
46700,3.5482025146484375,0.05,-7.983866214752197,,
46750,11.738612174987793,0.05,-8.87783145904541,,
46800,6.147118091583252,0.05,-7.781313419342041,,
46850,6.405989170074463,0.05,-7.684415817260742,,
46900,3.979731559753418,0.05,-8.11050033569336,,
46950,5.787221431732178,0.05,-6.935353755950928,,
47000,2.313518762588501,0.05,-8.862075805664062,,
47050,12.944453239440918,0.05,-8.927874565124512,,
47100,7.488760471343994,0.05,-10.099736213684082,,
47150,6.521657466888428,0.05,-9.228411674499512,,
47200,10.302987098693848,0.05,-7.900807857513428,,
47250,0.5242626070976257,0.05,-7.951552867889404,,
47300,1.7348618507385254,0.05,-8.069016456604004,,
47350,1.1024202108383179,0.05,-7.440502166748047,,
47400,1.3980056047439575,0.05,-9.583666801452637,,
47450,4.807127475738525,0.05,-8.21608829498291,,
47500,13.389592170715332,0.05,-9.79957103729248,,
47550,11.373519897460938,0.05,-7.780277252197266,,
47600,3.7208127975463867,0.05,-6.680355072021484,,
47650,10.06409740447998,0.05,-9.622411727905273,,
47700,1.8206171989440918,0.05,-8.98585033416748,,
47750,9.452760696411133,0.05,-9.474918365478516,,
47800,7.570672512054443,0.05,-8.948433876037598,,
47850,15.698451042175293,0.05,-9.892348289489746,,
47900,1.637006163597107,0.05,-8.5469970703125,,
47950,8.468398094177246,0.05,-9.208390235900879,,
48000,11.651049613952637,0.05,-8.808956146240234,,
48050,5.2584638595581055,0.05,-8.494185447692871,,
48100,5.487486362457275,0.05,-7.5577263832092285,,
48150,5.674744129180908,0.05,-10.47252368927002,,
48200,2.5496556758880615,0.05,-9.1707181930542,,
48250,6.240514755249023,0.05,-7.609270095825195,,
48300,12.155579566955566,0.05,-9.686515808105469,,
48350,5.481496810913086,0.05,-8.556973457336426,,
48400,1.883064866065979,0.05,-9.246695518493652,,
48450,3.7108399868011475,0.05,-9.6002197265625,,
48500,11.272461891174316,0.05,-8.595823287963867,,
48550,5.288240909576416,0.05,-7.919064044952393,,
48600,9.852031707763672,0.05,-8.361714363098145,,
48650,1.9285343885421753,0.05,-7.8383941650390625,,
48700,15.85471248626709,0.05,-8.926253318786621,,
48750,16.583486557006836,0.05,-8.283428192138672,,
48800,20.327653884887695,0.05,-10.275755882263184,,
48850,13.846673011779785,0.05,-9.302395820617676,,
48900,1.7115038633346558,0.05,-8.139698028564453,,
48950,5.932640075683594,0.05,-7.70985221862793,,
49000,2.811577081680298,0.05,-9.202441215515137,,
49050,1.9407621622085571,0.05,-8.151016235351562,,
49100,9.239014625549316,0.05,-8.736145973205566,,
49150,21.93486976623535,0.05,-8.572609901428223,,
49200,2.1693453788757324,0.05,-8.17376708984375,,
49250,9.19063663482666,0.05,-8.8578462600708,,
49300,7.084472179412842,0.05,-8.973673820495605,,
49350,0.7458152770996094,0.05,-6.823477268218994,,
49400,7.404860019683838,0.05,-9.101790428161621,,
49450,6.428884029388428,0.05,-9.807342529296875,,
49500,4.524013996124268,0.05,-10.088726997375488,,
49550,10.345559120178223,0.05,-9.3196439743042,,
49600,15.557286262512207,0.05,-9.448175430297852,,
49650,10.83155345916748,0.05,-8.372690200805664,,
49700,6.435922145843506,0.05,-9.017642974853516,,
49750,2.7380239963531494,0.05,-7.668069362640381,,
49800,1.5078054666519165,0.05,-8.336111068725586,,
49850,13.224932670593262,0.05,-9.294736862182617,,
49900,2.5207502841949463,0.05,-10.715514183044434,,
49950,4.202094078063965,0.05,-9.896384239196777,,
50000,20.015287399291992,0.05,-9.14186954498291,-1.6110826913623424,46.13333333333334
50050,8.761794090270996,0.05,-10.49979305267334,,
50100,2.314772367477417,0.05,-9.421869277954102,,
50150,12.404376029968262,0.05,-8.475165367126465,,
50200,17.755966186523438,0.05,-7.445070743560791,,
50250,10.017475128173828,0.05,-9.711487770080566,,
50300,0.9016992449760437,0.05,-9.100508689880371,,
50350,4.064793109893799,0.05,-8.426338195800781,,
50400,17.779863357543945,0.05,-8.220789909362793,,
50450,8.462301254272461,0.05,-7.771266460418701,,
50500,8.713385581970215,0.05,-8.620855331420898,,
50550,9.058881759643555,0.05,-10.157294273376465,,
50600,22.916793823242188,0.05,-8.863852500915527,,
50650,16.10300636291504,0.05,-9.349215507507324,,
50700,3.232426404953003,0.05,-7.271284580230713,,
50750,2.8681728839874268,0.05,-8.715487480163574,,
50800,33.689327239990234,0.05,-11.648144721984863,,
50850,6.014080047607422,0.05,-8.612595558166504,,
50900,25.66654396057129,0.05,-10.31005573272705,,
50950,13.963364601135254,0.05,-7.8585734367370605,,
51000,1.167020320892334,0.05,-9.057517051696777,,
51050,9.774988174438477,0.05,-8.459502220153809,,
51100,6.197540283203125,0.05,-10.245208740234375,,
51150,1.935102105140686,0.05,-9.03193187713623,,
51200,10.983010292053223,0.05,-8.577792167663574,,
51250,3.436884880065918,0.05,-10.560729026794434,,
51300,18.885637283325195,0.05,-9.789941787719727,,
51350,9.773125648498535,0.05,-8.056975364685059,,
51400,8.541728019714355,0.05,-8.376270294189453,,
51450,9.532454490661621,0.05,-9.501812934875488,,
51500,7.25369119644165,0.05,-8.306917190551758,,
51550,3.5909645557403564,0.05,-10.694912910461426,,
51600,4.791045665740967,0.05,-8.90772533416748,,
51650,23.21086883544922,0.05,-9.939023971557617,,
51700,7.474163055419922,0.05,-10.894794464111328,,
51750,5.519399166107178,0.05,-8.86809253692627,,
51800,7.49941873550415,0.05,-8.09106731414795,,
51850,13.9873046875,0.05,-9.219063758850098,,
51900,9.377066612243652,0.05,-8.049853324890137,,
51950,14.426036834716797,0.05,-9.623331069946289,,
52000,9.950349807739258,0.05,-8.401308059692383,,
52050,15.225167274475098,0.05,-9.700102806091309,,
52100,25.29084587097168,0.05,-8.607813835144043,,
52150,3.8815581798553467,0.05,-10.19846248626709,,
52200,10.101081848144531,0.05,-8.41417407989502,,
52250,18.434429168701172,0.05,-9.256146430969238,,
52300,18.95404052734375,0.05,-9.759135246276855,,
52350,31.197019577026367,0.05,-9.722809791564941,,
52400,5.114832401275635,0.05,-8.383966445922852,,
52450,2.705188751220703,0.05,-9.886345863342285,,
52500,10.570709228515625,0.05,-8.668091773986816,,
52550,8.354476928710938,0.05,-10.53445816040039,,
52600,4.624244689941406,0.05,-8.619681358337402,,
52650,12.84210205078125,0.05,-7.588749408721924,,
52700,9.161551475524902,0.05,-9.455815315246582,,
52750,0.9166179299354553,0.05,-8.503565788269043,,
52800,6.937782287597656,0.05,-11.08340835571289,,
52850,32.4337158203125,0.05,-8.489069938659668,,
52900,23.5377197265625,0.05,-8.44058895111084,,
52950,16.281644821166992,0.05,-9.139397621154785,,
53000,6.404036998748779,0.05,-9.455973625183105,,
53050,14.183638572692871,0.05,-9.268110275268555,,
53100,8.780579566955566,0.05,-8.458052635192871,,
53150,1.5267797708511353,0.05,-7.4432244300842285,,
53200,25.4291934967041,0.05,-7.615987777709961,,
53250,15.680419921875,0.05,-8.243335723876953,,
53300,3.625145196914673,0.05,-7.53879976272583,,
53350,12.402408599853516,0.05,-10.32331371307373,,
53400,7.105754852294922,0.05,-7.509472370147705,,
53450,2.647123098373413,0.05,-7.929288864135742,,
53500,3.538405179977417,0.05,-7.765364170074463,,
53550,1.656700611114502,0.05,-8.25244140625,,
53600,22.462865829467773,0.05,-6.974771022796631,,
53650,2.453563928604126,0.05,-8.407259941101074,,
53700,2.4575746059417725,0.05,-8.839637756347656,,
53750,1.5957121849060059,0.05,-7.092402935028076,,
53800,5.015769958496094,0.05,-9.011417388916016,,
53850,0.6919655799865723,0.05,-6.6460394859313965,,
53900,21.5623722076416,0.05,-8.420795440673828,,
53950,0.8075193762779236,0.05,-8.278203010559082,,
54000,11.138084411621094,0.05,-8.656754493713379,,
54050,7.865821361541748,0.05,-7.935655117034912,,
54100,19.954442977905273,0.05,-8.624590873718262,,
54150,7.740126132965088,0.05,-9.418105125427246,,
54200,9.771888732910156,0.05,-8.376044273376465,,
54250,2.665573835372925,0.05,-8.472099304199219,,
54300,5.25181245803833,0.05,-8.451484680175781,,
54350,16.694658279418945,0.05,-9.725310325622559,,
54400,7.669376850128174,0.05,-7.426498889923096,,
54450,2.0915911197662354,0.05,-9.332663536071777,,
54500,3.571531057357788,0.05,-8.433272361755371,,
54550,14.510960578918457,0.05,-8.61401653289795,,
54600,1.148977518081665,0.05,-8.504325866699219,,
54650,2.7560465335845947,0.05,-7.3794379234313965,,
54700,12.021797180175781,0.05,-10.648247718811035,,
54750,7.8385910987854,0.05,-8.392552375793457,,
54800,10.213444709777832,0.05,-7.913820743560791,,
54850,10.148703575134277,0.05,-7.403235912322998,,
54900,1.8906582593917847,0.05,-7.851066589355469,,
54950,4.801243305206299,0.05,-7.9618401527404785,,
55000,4.942312717437744,0.05,-10.3009033203125,,
55050,1.5273982286453247,0.05,-9.121968269348145,,
55100,3.2765941619873047,0.05,-7.775594234466553,,
55150,11.811373710632324,0.05,-9.193953514099121,,
55200,1.7450743913650513,0.05,-9.276057243347168,,
55250,3.1004340648651123,0.05,-7.640349864959717,,
55300,16.096099853515625,0.05,-8.887763023376465,,
55350,11.511441230773926,0.05,-8.210448265075684,,
55400,10.597793579101562,0.05,-9.535906791687012,,
55450,22.233816146850586,0.05,-9.304617881774902,,
55500,17.686655044555664,0.05,-8.96943187713623,,
55550,19.403539657592773,0.05,-7.656266689300537,,
55600,5.730545520782471,0.05,-8.021445274353027,,
55650,7.978285312652588,0.05,-6.820382595062256,,
55700,15.413134574890137,0.05,-8.965312957763672,,
55750,7.004728317260742,0.05,-8.65552043914795,,
55800,12.709303855895996,0.05,-8.603056907653809,,
55850,3.785327672958374,0.05,-7.111143589019775,,
55900,19.053586959838867,0.05,-8.638794898986816,,
55950,9.000096321105957,0.05,-7.418241500854492,,
56000,9.435578346252441,0.05,-7.9593729972839355,,
56050,1.779768466949463,0.05,-8.688026428222656,,
56100,7.327966690063477,0.05,-8.381462097167969,,
56150,8.374520301818848,0.05,-9.19879150390625,,
56200,3.3411033153533936,0.05,-7.276044845581055,,
56250,11.985847473144531,0.05,-8.858845710754395,,
56300,5.167882442474365,0.05,-8.871368408203125,,
56350,9.405745506286621,0.05,-9.382851600646973,,
56400,23.5142765045166,0.05,-7.787156581878662,,
56450,9.094159126281738,0.05,-8.145424842834473,,
56500,0.5765270590782166,0.05,-8.497117042541504,,
56550,3.8904714584350586,0.05,-8.774548530578613,,
56600,12.675834655761719,0.05,-9.317717552185059,,
56650,1.4708948135375977,0.05,-8.204660415649414,,
56700,10.513041496276855,0.05,-8.0955810546875,,
56750,7.262631893157959,0.05,-8.201733589172363,,
56800,5.008615493774414,0.05,-9.084025382995605,,
56850,9.387033462524414,0.05,-7.987724304199219,,
56900,14.948555946350098,0.05,-8.71353816986084,,
56950,5.962213039398193,0.05,-8.01237964630127,,
57000,8.496310234069824,0.05,-7.9599151611328125,,
57050,8.344696044921875,0.05,-9.157914161682129,,
57100,4.8679094314575195,0.05,-7.587518215179443,,
57150,2.274538993835449,0.05,-8.05051040649414,,
57200,8.984637260437012,0.05,-7.487672328948975,,
57250,10.34586238861084,0.05,-8.081908226013184,,
57300,11.401077270507812,0.05,-7.549648284912109,,
57350,3.3193540573120117,0.05,-9.57838249206543,,
57400,14.035353660583496,0.05,-8.0318603515625,,
57450,1.1985942125320435,0.05,-7.037311553955078,,
57500,5.185576915740967,0.05,-7.721315860748291,,
57550,15.46253490447998,0.05,-8.62211799621582,,
57600,4.339036464691162,0.05,-7.789876937866211,,
57650,1.277120590209961,0.05,-7.223819732666016,,
57700,7.920085430145264,0.05,-9.079582214355469,,
57750,7.932919979095459,0.05,-8.286946296691895,,
57800,18.395627975463867,0.05,-8.363890647888184,,
57850,16.809675216674805,0.05,-8.012886047363281,,
57900,2.608299970626831,0.05,-8.814663887023926,,
57950,8.568496704101562,0.05,-7.144755840301514,,
58000,4.191593170166016,0.05,-8.60485553741455,,
58050,2.8530032634735107,0.05,-8.451451301574707,,
58100,19.472366333007812,0.05,-9.28806209564209,,
58150,5.715667724609375,0.05,-7.827305316925049,,
58200,15.016497611999512,0.05,-8.518447875976562,,
58250,7.169180393218994,0.05,-7.765141010284424,,
58300,2.404409646987915,0.05,-7.309925556182861,,
58350,13.43944263458252,0.05,-7.561513423919678,,
58400,14.108464241027832,0.05,-7.337846279144287,,
58450,12.858969688415527,0.05,-6.7066874504089355,,
58500,6.709156513214111,0.05,-7.679147243499756,,
58550,12.078960418701172,0.05,-8.408595085144043,,
58600,9.825373649597168,0.05,-8.777192115783691,,
58650,14.50188159942627,0.05,-8.085922241210938,,
58700,7.636995792388916,0.05,-7.658926010131836,,
58750,2.5768542289733887,0.05,-7.775247573852539,,
58800,10.39085865020752,0.05,-9.218581199645996,,
58850,3.8479011058807373,0.05,-7.760087966918945,,
58900,4.942338943481445,0.05,-8.68211841583252,,
58950,0.668827474117279,0.05,-7.735755443572998,,
59000,2.6483991146087646,0.05,-8.699169158935547,,
59050,11.696914672851562,0.05,-8.463777542114258,,
59100,0.7784609198570251,0.05,-8.363214492797852,,
59150,6.172579288482666,0.05,-7.86265230178833,,
59200,10.648547172546387,0.05,-8.52702808380127,,
59250,9.962983131408691,0.05,-7.797914028167725,,
59300,2.251798629760742,0.05,-8.691290855407715,,
59350,0.3555123805999756,0.05,-7.697568416595459,,
59400,5.602139949798584,0.05,-8.194355964660645,,
59450,5.14824104309082,0.05,-8.440308570861816,,
59500,6.75402307510376,0.05,-7.058229923248291,,
59550,2.687251091003418,0.05,-8.225245475769043,,
59600,5.56104040145874,0.05,-8.3209810256958,,
59650,1.7957406044006348,0.05,-7.600271701812744,,
59700,6.15495491027832,0.05,-7.891972064971924,,
59750,10.54223346710205,0.05,-8.117919921875,,
59800,7.973252773284912,0.05,-8.206612586975098,,
59850,2.508763551712036,0.05,-7.465482711791992,,
59900,5.781844615936279,0.05,-8.01614761352539,,
59950,4.897231101989746,0.05,-7.848412036895752,,
60000,3.7290563583374023,0.05,-8.6776123046875,,
60050,8.98188304901123,0.05,-8.24002742767334,,
60100,2.702094316482544,0.05,-8.765401840209961,,
60150,13.296916007995605,0.05,-8.737791061401367,,
60200,2.4596383571624756,0.05,-8.885390281677246,,
60250,22.17359161376953,0.05,-8.962153434753418,,
60300,1.8406270742416382,0.05,-9.965682029724121,,
60350,4.858584880828857,0.05,-9.573896408081055,,
60400,3.5004937648773193,0.05,-9.875000953674316,,
60450,2.3190438747406006,0.05,-9.076089859008789,,
60500,3.3998262882232666,0.05,-8.244770050048828,,
60550,7.010535717010498,0.05,-8.377287864685059,,
60600,7.3222198486328125,0.05,-7.597148418426514,,
60650,1.4382416009902954,0.05,-8.651198387145996,,
60700,4.290212154388428,0.05,-7.44883394241333,,
60750,4.946523666381836,0.05,-8.011024475097656,,
60800,0.49645912647247314,0.05,-6.973161697387695,,
60850,7.0119242668151855,0.05,-8.721402168273926,,
60900,11.767525672912598,0.05,-8.634267807006836,,
60950,4.105931282043457,0.05,-9.969392776489258,,
61000,9.182914733886719,0.05,-9.272205352783203,,
61050,9.44962215423584,0.05,-8.854463577270508,,
61100,13.914740562438965,0.05,-7.44957160949707,,
61150,6.1157755851745605,0.05,-7.825280666351318,,
61200,10.874171257019043,0.05,-8.85315227508545,,
61250,2.239341974258423,0.05,-9.144723892211914,,
61300,6.6630425453186035,0.05,-8.542389869689941,,
61350,0.4274913966655731,0.05,-7.942912578582764,,
61400,14.256829261779785,0.05,-9.07922649383545,,
61450,1.3593612909317017,0.05,-7.604852199554443,,
61500,1.1798266172409058,0.05,-7.740561008453369,,
61550,2.0003836154937744,0.05,-7.989967346191406,,
61600,10.30372142791748,0.05,-8.708085060119629,,
61650,6.1775360107421875,0.05,-10.547310829162598,,
61700,2.246678113937378,0.05,-7.984825134277344,,
61750,0.819755494594574,0.05,-8.086804389953613,,
61800,0.5859366059303284,0.05,-8.192248344421387,,
61850,5.348014831542969,0.05,-7.3640007972717285,,
61900,14.967738151550293,0.05,-9.377226829528809,,
61950,17.915414810180664,0.05,-9.445858001708984,,
62000,4.842196464538574,0.05,-7.450301647186279,,
62050,1.8368744850158691,0.05,-8.837504386901855,,
62100,3.0359456539154053,0.05,-8.800320625305176,,
62150,14.993430137634277,0.05,-8.419240951538086,,
62200,7.798737049102783,0.05,-7.970399856567383,,
62250,2.966621160507202,0.05,-9.336772918701172,,
62300,0.8497998118400574,0.05,-7.66023063659668,,
62350,6.776021480560303,0.05,-8.005821228027344,,
62400,1.6991333961486816,0.05,-9.004777908325195,,
62450,12.203389167785645,0.05,-7.972686290740967,,
62500,1.172617793083191,0.05,-8.05528736114502,,
62550,11.051133155822754,0.05,-8.746058464050293,,
62600,9.384885787963867,0.05,-7.81603479385376,,
62650,11.010623931884766,0.05,-8.62598705291748,,
62700,1.013048768043518,0.05,-10.27764892578125,,
62750,6.388065338134766,0.05,-7.174601078033447,,
62800,1.4310611486434937,0.05,-7.458080768585205,,
62850,1.180096983909607,0.05,-6.285730838775635,,
62900,1.142993688583374,0.05,-7.490106582641602,,
62950,10.167356491088867,0.05,-8.92099380493164,,
63000,1.7281721830368042,0.05,-8.874048233032227,,
63050,8.648748397827148,0.05,-7.431928634643555,,
63100,14.468475341796875,0.05,-6.991945266723633,,
63150,4.947514057159424,0.05,-6.971174716949463,,
63200,4.918567657470703,0.05,-8.016502380371094,,
63250,5.6661224365234375,0.05,-7.818580627441406,,
63300,1.0054370164871216,0.05,-8.18011474609375,,
63350,11.081467628479004,0.05,-7.869733810424805,,
63400,5.248202323913574,0.05,-7.744729518890381,,
63450,1.4449583292007446,0.05,-8.418693542480469,,
63500,6.373676776885986,0.05,-7.442169666290283,,
63550,24.39202880859375,0.05,-8.863133430480957,,
63600,7.2728271484375,0.05,-8.115084648132324,,
63650,28.164077758789062,0.05,-8.695549964904785,,
63700,6.406829357147217,0.05,-8.357645988464355,,
63750,1.8370957374572754,0.05,-9.340737342834473,,
63800,9.00190258026123,0.05,-8.552452087402344,,
63850,22.9382381439209,0.05,-8.223297119140625,,
63900,12.194091796875,0.05,-9.206557273864746,,
63950,14.846898078918457,0.05,-9.118142127990723,,
64000,2.819645881652832,0.05,-9.136396408081055,,
64050,2.438199996948242,0.05,-8.224225044250488,,
64100,7.245414733886719,0.05,-8.249519348144531,,
64150,9.589674949645996,0.05,-9.206212997436523,,
64200,1.8296127319335938,0.05,-7.755664825439453,,
64250,4.082101345062256,0.05,-7.7152581214904785,,
64300,4.440109729766846,0.05,-7.177504062652588,,
64350,2.17610764503479,0.05,-8.770186424255371,,
64400,5.876526355743408,0.05,-7.087274074554443,,
64450,1.4075822830200195,0.05,-7.7042412757873535,,
64500,0.9163565635681152,0.05,-7.676229953765869,,
64550,4.702034950256348,0.05,-7.750041961669922,,
64600,4.158815860748291,0.05,-9.502251625061035,,
64650,1.5783041715621948,0.05,-7.55007791519165,,
64700,7.313130855560303,0.05,-8.601329803466797,,
64750,4.01822566986084,0.05,-7.750685214996338,,
64800,2.7442524433135986,0.05,-7.19683313369751,,
64850,1.6682459115982056,0.05,-7.6340203285217285,,
64900,0.6350502371788025,0.05,-8.42822551727295,,
64950,1.578983187675476,0.05,-9.165575981140137,,
65000,9.517609596252441,0.05,-7.778318881988525,,
65050,4.613198280334473,0.05,-7.182453632354736,,
65100,12.541115760803223,0.05,-7.741939544677734,,
65150,2.1063263416290283,0.05,-8.568807601928711,,
65200,3.4910402297973633,0.05,-7.517063617706299,,
65250,5.50366735458374,0.05,-7.580453872680664,,
65300,11.686038970947266,0.05,-8.57746410369873,,
65350,1.6458816528320312,0.05,-7.915403842926025,,
65400,5.633699893951416,0.05,-7.742232799530029,,
65450,4.59827995300293,0.05,-7.6668548583984375,,
65500,5.32287073135376,0.05,-8.250678062438965,,
65550,8.899839401245117,0.05,-8.89702320098877,,
65600,4.357165813446045,0.05,-7.741143703460693,,
65650,8.59755802154541,0.05,-8.339168548583984,,
65700,3.4883906841278076,0.05,-7.241801738739014,,
65750,0.7429386973381042,0.05,-8.25972843170166,,
65800,0.40802454948425293,0.05,-8.6846342086792,,
65850,6.345638751983643,0.05,-7.641407489776611,,
65900,0.9400985836982727,0.05,-6.600660800933838,,
65950,2.8513965606689453,0.05,-8.223054885864258,,
66000,18.861650466918945,0.05,-8.86303997039795,,
66050,4.691931247711182,0.05,-7.27227258682251,,
66100,4.96422815322876,0.05,-7.871642589569092,,
66150,6.552220821380615,0.05,-8.099684715270996,,
66200,1.4651075601577759,0.05,-8.201508522033691,,
66250,12.297985076904297,0.05,-7.190101623535156,,
66300,12.06395435333252,0.05,-9.416866302490234,,
66350,8.9511137008667,0.05,-9.134687423706055,,
66400,5.728122234344482,0.05,-8.27015209197998,,
66450,5.03503942489624,0.05,-8.380965232849121,,
66500,6.405254364013672,0.05,-9.773690223693848,,
66550,3.01410174369812,0.05,-9.068657875061035,,
66600,7.916126728057861,0.05,-11.03603744506836,,
66650,0.5459724068641663,0.05,-7.92532205581665,,
66700,1.283272385597229,0.05,-8.01463794708252,,
66750,12.752888679504395,0.05,-9.287993431091309,,
66800,8.835293769836426,0.05,-8.032175064086914,,
66850,17.376026153564453,0.05,-9.472899436950684,,
66900,2.8651437759399414,0.05,-7.941844463348389,,
66950,6.4706268310546875,0.05,-8.560723304748535,,
67000,10.185227394104004,0.05,-7.922304630279541,,
67050,1.1255048513412476,0.05,-7.854402542114258,,
67100,3.409616708755493,0.05,-8.001087188720703,,
67150,17.478628158569336,0.05,-7.0160603523254395,,
67200,15.22210693359375,0.05,-9.283734321594238,,
67250,7.073390483856201,0.05,-9.344740867614746,,
67300,1.7446929216384888,0.05,-8.204367637634277,,
67350,8.699612617492676,0.05,-8.775043487548828,,
67400,6.694492816925049,0.05,-7.931437969207764,,
67450,27.199417114257812,0.05,-10.03482723236084,,
67500,6.09136962890625,0.05,-6.672727584838867,,
67550,16.271760940551758,0.05,-9.638031959533691,,
67600,19.18370819091797,0.05,-8.75540828704834,,
67650,27.020421981811523,0.05,-9.110112190246582,,
67700,10.468870162963867,0.05,-8.502177238464355,,
67750,6.163913726806641,0.05,-9.825465202331543,,
67800,9.571412086486816,0.05,-9.4304838180542,,
67850,4.127988338470459,0.05,-7.425054550170898,,
67900,1.1689530611038208,0.05,-9.442573547363281,,
67950,1.705844521522522,0.05,-7.689094066619873,,
68000,10.10353946685791,0.05,-9.252374649047852,,
68050,7.652633190155029,0.05,-7.932016849517822,,
68100,10.53406047821045,0.05,-8.351456642150879,,
68150,7.955371379852295,0.05,-6.7359747886657715,,
68200,16.222963333129883,0.05,-7.7557196617126465,,
68250,7.34199857711792,0.05,-8.060566902160645,,
68300,2.779740571975708,0.05,-9.26110553741455,,
68350,3.3036839962005615,0.05,-7.820733547210693,,
68400,10.721344947814941,0.05,-8.507421493530273,,
68450,4.944318771362305,0.05,-7.149598598480225,,
68500,10.046565055847168,0.05,-9.167454719543457,,
68550,21.67836570739746,0.05,-8.627942085266113,,
68600,11.085875511169434,0.05,-8.050379753112793,,
68650,13.556785583496094,0.05,-9.025586128234863,,
68700,10.22716236114502,0.05,-6.964615345001221,,
68750,23.803245544433594,0.05,-8.351960182189941,,
68800,27.050737380981445,0.05,-8.395462989807129,,
68850,7.399803161621094,0.05,-7.848893642425537,,
68900,0.7201172709465027,0.05,-7.305950164794922,,
68950,6.5173869132995605,0.05,-8.291213035583496,,
69000,13.496421813964844,0.05,-7.280358791351318,,
69050,11.299477577209473,0.05,-8.351458549499512,,
69100,1.8548182249069214,0.05,-5.555562496185303,,
69150,22.142614364624023,0.05,-10.5640230178833,,
69200,2.510183811187744,0.05,-8.251147270202637,,
69250,24.388381958007812,0.05,-8.655074119567871,,
69300,9.45572566986084,0.05,-8.350577354431152,,
69350,11.670073509216309,0.05,-8.594183921813965,,
69400,6.598625659942627,0.05,-7.3895182609558105,,
69450,2.3975043296813965,0.05,-7.8206095695495605,,
69500,2.5225131511688232,0.05,-8.604288101196289,,
69550,17.07861328125,0.05,-7.129302978515625,,
69600,10.362565994262695,0.05,-7.16851282119751,,
69650,6.819479465484619,0.05,-9.05346393585205,,
69700,1.4356489181518555,0.05,-7.716854572296143,,
69750,9.658888816833496,0.05,-8.299063682556152,,
69800,8.508074760437012,0.05,-8.39570426940918,,
69850,10.743435859680176,0.05,-9.10368824005127,,
69900,13.636650085449219,0.05,-8.692248344421387,,
69950,2.822943925857544,0.05,-8.940810203552246,,
70000,7.204063892364502,0.05,-7.844287395477295,,
70050,0.6087904572486877,0.05,-7.0541558265686035,,
70100,6.633119106292725,0.05,-9.117659568786621,,
70150,2.818142890930176,0.05,-7.398372650146484,,
70200,1.207531213760376,0.05,-8.029385566711426,,
70250,7.330272674560547,0.05,-8.023219108581543,,
70300,10.432116508483887,0.05,-9.057947158813477,,
70350,6.688455104827881,0.05,-6.612864971160889,,
70400,9.950101852416992,0.05,-8.317402839660645,,
70450,11.30060863494873,0.05,-8.445993423461914,,
70500,1.425697922706604,0.05,-7.796509265899658,,
70550,9.682259559631348,0.05,-8.671882629394531,,
70600,0.8736627697944641,0.05,-7.301991939544678,,
70650,16.592010498046875,0.05,-8.665152549743652,,
70700,12.550314903259277,0.05,-8.192863464355469,,
70750,8.121033668518066,0.05,-8.184517860412598,,
70800,1.2799899578094482,0.05,-8.015416145324707,,
70850,0.7663668990135193,0.05,-7.3616943359375,,
70900,1.3441609144210815,0.05,-7.210327625274658,,
70950,10.558281898498535,0.05,-8.338316917419434,,
71000,6.136099338531494,0.05,-8.039666175842285,,
71050,2.840334177017212,0.05,-8.080010414123535,,
71100,7.195613384246826,0.05,-7.871721267700195,,
71150,0.9707892537117004,0.05,-6.122604846954346,,
71200,10.57697582244873,0.05,-6.888904571533203,,
71250,14.009886741638184,0.05,-8.43466567993164,,
71300,18.959686279296875,0.05,-8.559184074401855,,
71350,0.882160484790802,0.05,-8.152575492858887,,
71400,21.431669235229492,0.05,-8.130287170410156,,
71450,3.3375656604766846,0.05,-6.5943284034729,,
71500,13.996514320373535,0.05,-7.800304889678955,,
71550,2.893874406814575,0.05,-7.17442512512207,,
71600,6.708654880523682,0.05,-8.55211067199707,,
71650,1.5317901372909546,0.05,-7.761711597442627,,
71700,3.3419723510742188,0.05,-7.16021203994751,,
71750,6.283524036407471,0.05,-8.104419708251953,,
71800,13.10738468170166,0.05,-7.96942138671875,,
71850,1.9963234663009644,0.05,-8.98891544342041,,
71900,23.128725051879883,0.05,-7.197261810302734,,
71950,17.30944061279297,0.05,-8.031777381896973,,
72000,8.04947280883789,0.05,-7.445339679718018,,
72050,2.950751543045044,0.05,-8.317892074584961,,
72100,1.4144525527954102,0.05,-6.7746148109436035,,
72150,0.5686658620834351,0.05,-8.31730842590332,,
72200,12.820561408996582,0.05,-7.036811828613281,,
72250,0.536568820476532,0.05,-7.959178924560547,,
72300,16.35430335998535,0.05,-6.320137023925781,,
72350,0.44385385513305664,0.05,-8.504823684692383,,
72400,5.021420001983643,0.05,-7.165409564971924,,
72450,2.8004398345947266,0.05,-7.9471893310546875,,
72500,9.633576393127441,0.05,-6.366304874420166,,
72550,5.750969409942627,0.05,-9.580231666564941,,
72600,2.2109122276306152,0.05,-6.433095932006836,,
72650,16.8197021484375,0.05,-8.479437828063965,,
72700,3.450160026550293,0.05,-8.724410057067871,,
72750,13.104270935058594,0.05,-9.326767921447754,,
72800,5.782663822174072,0.05,-9.348917961120605,,
72850,25.271467208862305,0.05,-9.890636444091797,,
72900,6.986382961273193,0.05,-6.974526882171631,,
72950,5.739002704620361,0.05,-6.823352336883545,,
73000,5.098487854003906,0.05,-8.161970138549805,,
73050,4.01692533493042,0.05,-7.0149102210998535,,
73100,1.3638430833816528,0.05,-7.844005584716797,,
73150,1.092457890510559,0.05,-6.809529781341553,,
73200,4.9351959228515625,0.05,-6.751352787017822,,
73250,20.96918296813965,0.05,-7.244618892669678,,
73300,7.7240729331970215,0.05,-8.747709274291992,,
73350,6.06618070602417,0.05,-8.633824348449707,,
73400,9.125349998474121,0.05,-9.829519271850586,,
73450,15.170788764953613,0.05,-8.274640083312988,,
73500,5.961610317230225,0.05,-9.327762603759766,,
73550,4.197335243225098,0.05,-7.898330211639404,,
73600,1.3404597043991089,0.05,-7.729631423950195,,
73650,5.080986976623535,0.05,-9.068442344665527,,
73700,0.37948718667030334,0.05,-7.1392998695373535,,
73750,0.8203683495521545,0.05,-7.122858047485352,,
73800,13.323025703430176,0.05,-9.275094032287598,,
73850,1.568943977355957,0.05,-8.035490036010742,,
73900,1.6049171686172485,0.05,-9.20639705657959,,
73950,6.125175476074219,0.05,-8.16708755493164,,
74000,1.344603419303894,0.05,-7.194555759429932,,
74050,6.527345180511475,0.05,-8.185568809509277,,
74100,7.6697306632995605,0.05,-6.5432209968566895,,
74150,1.492963194847107,0.05,-7.50355339050293,,
74200,9.260758399963379,0.05,-7.518852710723877,,
74250,23.16522216796875,0.05,-8.901134490966797,,
74300,12.299666404724121,0.05,-8.612621307373047,,
74350,14.632689476013184,0.05,-6.961903095245361,,
74400,17.53257942199707,0.05,-7.311158657073975,,
74450,1.274584412574768,0.05,-7.987903594970703,,
74500,11.245160102844238,0.05,-7.654301166534424,,
74550,2.905651807785034,0.05,-6.306718826293945,,
74600,3.70085072517395,0.05,-7.985822677612305,,
74650,3.224384307861328,0.05,-7.468105316162109,,
74700,7.638342380523682,0.05,-9.11351490020752,,
74750,3.1271140575408936,0.05,-9.32895565032959,,
74800,5.440193176269531,0.05,-9.058895111083984,,
74850,7.811112880706787,0.05,-8.197443962097168,,
74900,1.3547019958496094,0.05,-7.9308929443359375,,
74950,20.13658905029297,0.05,-8.56618595123291,,
75000,11.297066688537598,0.05,-8.024662017822266,-0.9164097643048497,35.733333333333334
75050,4.285811901092529,0.05,-8.57168960571289,,
75100,3.609476089477539,0.05,-8.065396308898926,,
75150,16.23882293701172,0.05,-7.4929351806640625,,
75200,0.635012686252594,0.05,-7.065615177154541,,
75250,11.420554161071777,0.05,-7.552510738372803,,
75300,8.012067794799805,0.05,-7.712632656097412,,
75350,9.115857124328613,0.05,-8.405888557434082,,
75400,1.968124270439148,0.05,-7.677351474761963,,
75450,0.46551254391670227,0.05,-7.921882152557373,,
75500,9.716622352600098,0.05,-9.593995094299316,,
75550,8.062856674194336,0.05,-6.726343631744385,,
75600,8.035046577453613,0.05,-7.7859578132629395,,
75650,7.085621356964111,0.05,-7.0764994621276855,,
75700,0.7970486283302307,0.05,-8.065629959106445,,
75750,8.013992309570312,0.05,-9.220453262329102,,
75800,4.242891788482666,0.05,-7.662961483001709,,
75850,6.36012601852417,0.05,-7.731359481811523,,
75900,7.597174167633057,0.05,-7.270147323608398,,
75950,8.208990097045898,0.05,-6.96672248840332,,
76000,14.935314178466797,0.05,-9.030850410461426,,
76050,14.321494102478027,0.05,-8.465187072753906,,
76100,3.540142774581909,0.05,-9.193964958190918,,
76150,0.8642613887786865,0.05,-5.88992166519165,,
76200,6.942093372344971,0.05,-7.161476135253906,,
76250,14.540188789367676,0.05,-6.933215618133545,,
76300,1.6142555475234985,0.05,-9.48958683013916,,
76350,4.989416599273682,0.05,-7.371575832366943,,
76400,4.971225738525391,0.05,-9.246269226074219,,
76450,5.6761322021484375,0.05,-6.482763767242432,,
76500,9.464858055114746,0.05,-7.804275035858154,,
76550,0.6149950623512268,0.05,-8.091448783874512,,
76600,11.088316917419434,0.05,-7.632263660430908,,
76650,14.349693298339844,0.05,-8.038304328918457,,
76700,9.050395011901855,0.05,-7.73699426651001,,
76750,6.462747573852539,0.05,-8.821876525878906,,
76800,6.82977294921875,0.05,-7.292177677154541,,
76850,12.286559104919434,0.05,-7.695835113525391,,
76900,21.882112503051758,0.05,-9.645930290222168,,
76950,12.214810371398926,0.05,-8.236397743225098,,
77000,4.538012981414795,0.05,-8.160778999328613,,
77050,12.34939193725586,0.05,-8.515252113342285,,
77100,7.361640930175781,0.05,-7.905160427093506,,
77150,10.261038780212402,0.05,-7.866169452667236,,
77200,1.663284420967102,0.05,-8.416577339172363,,
77250,1.4403499364852905,0.05,-7.362246036529541,,
77300,22.765472412109375,0.05,-7.654988765716553,,
77350,0.6286991834640503,0.05,-7.568214416503906,,
77400,6.565676212310791,0.05,-6.815542221069336,,
77450,7.4203925132751465,0.05,-7.78179931640625,,
77500,6.734066486358643,0.05,-7.195842742919922,,
77550,21.418954849243164,0.05,-7.5419769287109375,,
77600,12.478206634521484,0.05,-8.338764190673828,,
77650,5.499520778656006,0.05,-7.7906341552734375,,
77700,22.51548194885254,0.05,-8.411925315856934,,
77750,0.3038175106048584,0.05,-6.957660675048828,,
77800,6.767432689666748,0.05,-7.990688323974609,,
77850,5.259099006652832,0.05,-6.7573161125183105,,
77900,13.823052406311035,0.05,-8.979802131652832,,
77950,2.0109145641326904,0.05,-7.241283893585205,,
78000,8.313584327697754,0.05,-9.826886177062988,,
78050,11.14334774017334,0.05,-7.467601776123047,,
78100,6.591651439666748,0.05,-8.167766571044922,,
78150,4.278012752532959,0.05,-7.21647834777832,,
78200,5.3653740882873535,0.05,-6.89551305770874,,
78250,8.843727111816406,0.05,-7.5128326416015625,,
78300,12.28800106048584,0.05,-7.1528472900390625,,
78350,11.804363250732422,0.05,-8.220918655395508,,
78400,2.8332197666168213,0.05,-6.397319793701172,,
78450,1.5531855821609497,0.05,-6.764045238494873,,
78500,9.393031120300293,0.05,-6.571172714233398,,
78550,30.829179763793945,0.05,-10.421971321105957,,
78600,6.1695427894592285,0.05,-8.593314170837402,,
78650,3.72141432762146,0.05,-8.441411018371582,,
78700,16.783098220825195,0.05,-8.718756675720215,,
78750,2.8055942058563232,0.05,-9.330491065979004,,
78800,8.712481498718262,0.05,-8.668563842773438,,
78850,1.3481959104537964,0.05,-7.380556106567383,,
78900,29.85369873046875,0.05,-8.179858207702637,,
78950,13.780123710632324,0.05,-6.942013263702393,,
79000,3.2687389850616455,0.05,-7.312889575958252,,
79050,5.806223392486572,0.05,-7.1862311363220215,,
79100,1.3061140775680542,0.05,-7.952560901641846,,
79150,0.9460319876670837,0.05,-7.287585735321045,,
79200,16.777326583862305,0.05,-8.600031852722168,,
79250,1.6274948120117188,0.05,-7.623483180999756,,
79300,17.727933883666992,0.05,-7.543634414672852,,
79350,9.838720321655273,0.05,-7.39031982421875,,
79400,29.18446922302246,0.05,-8.632991790771484,,
79450,9.521960258483887,0.05,-7.545478820800781,,
79500,0.7816383838653564,0.05,-6.223526477813721,,
79550,3.2685623168945312,0.05,-7.892676830291748,,
79600,19.203866958618164,0.05,-7.686752796173096,,
79650,4.855540752410889,0.05,-8.119148254394531,,
79700,1.7308353185653687,0.05,-6.838989734649658,,
79750,4.215737342834473,0.05,-8.157917022705078,,
79800,5.892897129058838,0.05,-7.276617527008057,,
79850,8.878280639648438,0.05,-8.468273162841797,,
79900,4.867474555969238,0.05,-8.28404712677002,,
79950,5.372410297393799,0.05,-7.421865940093994,,
80000,2.840254068374634,0.05,-8.37574291229248,,
80050,11.117385864257812,0.05,-8.841503143310547,,
80100,5.79617166519165,0.05,-8.046053886413574,,
80150,11.218040466308594,0.05,-8.32494831085205,,
80200,11.079071998596191,0.05,-6.404852390289307,,
80250,5.994342803955078,0.05,-6.995718002319336,,
80300,7.6219916343688965,0.05,-8.492011070251465,,
80350,3.649324655532837,0.05,-8.738105773925781,,
80400,24.16752815246582,0.05,-8.404240608215332,,
80450,1.5870882272720337,0.05,-8.1464262008667,,
80500,10.435687065124512,0.05,-7.8580498695373535,,
80550,7.726436614990234,0.05,-8.261707305908203,,
80600,10.968833923339844,0.05,-5.876634120941162,,
80650,8.269122123718262,0.05,-9.342817306518555,,
80700,14.838367462158203,0.05,-7.5647125244140625,,
80750,1.9854779243469238,0.05,-6.495082378387451,,
80800,1.1844831705093384,0.05,-7.521210193634033,,
80850,13.832001686096191,0.05,-8.027111053466797,,
80900,8.336602210998535,0.05,-7.379631519317627,,
80950,2.6269466876983643,0.05,-9.30183219909668,,
81000,13.987152099609375,0.05,-9.426497459411621,,
81050,16.252111434936523,0.05,-7.56399393081665,,
81100,3.208055257797241,0.05,-7.185794353485107,,
81150,1.7482625246047974,0.05,-7.776398181915283,,
81200,5.79036283493042,0.05,-7.649482727050781,,
81250,13.720513343811035,0.05,-8.457206726074219,,
81300,6.417348384857178,0.05,-6.140087127685547,,
81350,40.09502410888672,0.05,-10.33997631072998,,
81400,17.866079330444336,0.05,-7.726800918579102,,
81450,8.430183410644531,0.05,-7.301049709320068,,
81500,13.45875072479248,0.05,-9.04611587524414,,
81550,6.3549418449401855,0.05,-8.000840187072754,,
81600,6.806624889373779,0.05,-8.46710205078125,,
81650,19.561538696289062,0.05,-8.594847679138184,,
81700,26.872861862182617,0.05,-8.88846492767334,,
81750,14.199467658996582,0.05,-7.270466327667236,,
81800,36.11257553100586,0.05,-9.070550918579102,,
81850,2.6427440643310547,0.05,-9.86654281616211,,
81900,27.474416732788086,0.05,-9.177206993103027,,
81950,3.4324910640716553,0.05,-7.570766448974609,,
82000,14.537018775939941,0.05,-8.195647239685059,,
82050,13.507031440734863,0.05,-8.081197738647461,,
82100,7.218700885772705,0.05,-6.51985502243042,,
82150,5.106224536895752,0.05,-7.851099491119385,,
82200,11.644963264465332,0.05,-9.253253936767578,,
82250,17.26019859313965,0.05,-6.241081237792969,,
82300,1.445299744606018,0.05,-8.585965156555176,,
82350,24.71319007873535,0.05,-7.79977560043335,,
82400,8.322676658630371,0.05,-8.149687767028809,,
82450,24.08642578125,0.05,-9.63039493560791,,
82500,24.59063720703125,0.05,-8.428034782409668,,
82550,3.780456304550171,0.05,-7.10260534286499,,
82600,14.782210350036621,0.05,-8.156922340393066,,
82650,13.979209899902344,0.05,-8.848671913146973,,
82700,42.092010498046875,0.05,-9.232006072998047,,
82750,10.650202751159668,0.05,-8.457979202270508,,
82800,4.956751823425293,0.05,-8.250799179077148,,
82850,33.587066650390625,0.05,-9.55469799041748,,
82900,7.601156234741211,0.05,-7.40497350692749,,
82950,2.455726146697998,0.05,-7.751022815704346,,
83000,31.172887802124023,0.05,-7.978998184204102,,
83050,2.1343557834625244,0.05,-7.9057087898254395,,
83100,3.953831434249878,0.05,-9.430538177490234,,
83150,15.479073524475098,0.05,-9.67184829711914,,
83200,31.584684371948242,0.05,-9.135448455810547,,
83250,10.566170692443848,0.05,-7.763902187347412,,
83300,11.402420043945312,0.05,-7.1150689125061035,,
83350,16.342370986938477,0.05,-8.945930480957031,,
83400,7.395219326019287,0.05,-7.130970478057861,,
83450,18.13679313659668,0.05,-7.528486251831055,,
83500,22.123825073242188,0.05,-7.313378810882568,,
83550,31.595596313476562,0.05,-8.044224739074707,,
83600,2.674689292907715,0.05,-5.948509216308594,,
83650,3.3218472003936768,0.05,-9.121753692626953,,
83700,13.796072959899902,0.05,-7.793025493621826,,
83750,6.099365234375,0.05,-7.540927410125732,,
83800,15.190974235534668,0.05,-7.49336576461792,,
83850,1.5334666967391968,0.05,-7.5843186378479,,
83900,4.047837734222412,0.05,-7.125027179718018,,
83950,3.334282636642456,0.05,-9.328737258911133,,
84000,0.33176562190055847,0.05,-6.165747165679932,,
84050,0.7703667283058167,0.05,-6.712154388427734,,
84100,1.785266399383545,0.05,-7.388218402862549,,
84150,6.926461696624756,0.05,-6.801511287689209,,
84200,34.89777755737305,0.05,-8.628530502319336,,
84250,12.828845024108887,0.05,-7.210726261138916,,
84300,14.201931953430176,0.05,-6.778118133544922,,
84350,0.9338648915290833,0.05,-7.568016529083252,,
84400,11.477519035339355,0.05,-8.237007141113281,,
84450,36.74710464477539,0.05,-9.554078102111816,,
84500,3.7538092136383057,0.05,-6.979933261871338,,
84550,10.139935493469238,0.05,-9.245818138122559,,
84600,13.570938110351562,0.05,-7.133505344390869,,
84650,7.929317951202393,0.05,-9.018414497375488,,
84700,4.09300422668457,0.05,-7.495620250701904,,
84750,4.734019756317139,0.05,-7.82074499130249,,
84800,12.363404273986816,0.05,-8.313593864440918,,
84850,8.58273983001709,0.05,-8.44720458984375,,
84900,5.377988338470459,0.05,-5.906869411468506,,
84950,1.2115503549575806,0.05,-6.581666946411133,,
85000,6.333955764770508,0.05,-6.84335470199585,,
85050,0.8469182848930359,0.05,-6.309476375579834,,
85100,1.4419935941696167,0.05,-7.922508239746094,,
85150,9.188559532165527,0.05,-7.655673980712891,,
85200,13.552482604980469,0.05,-7.389789581298828,,
85250,3.205779790878296,0.05,-7.826578617095947,,
85300,1.2336711883544922,0.05,-7.760478973388672,,
85350,4.777076244354248,0.05,-6.170704364776611,,
85400,13.974980354309082,0.05,-7.873145580291748,,
85450,1.6444530487060547,0.05,-10.015217781066895,,
85500,5.5914225578308105,0.05,-9.123126983642578,,
85550,17.96934700012207,0.05,-10.539124488830566,,
85600,18.854467391967773,0.05,-7.400463104248047,,
85650,1.9839969873428345,0.05,-6.727909088134766,,
85700,13.2581205368042,0.05,-8.313451766967773,,
85750,0.43479132652282715,0.05,-6.51376485824585,,
85800,6.475098133087158,0.05,-7.2188897132873535,,
85850,1.49932062625885,0.05,-6.794083118438721,,
85900,14.562148094177246,0.05,-7.624070644378662,,
85950,11.15047550201416,0.05,-8.90820598602295,,
86000,17.444387435913086,0.05,-7.127517223358154,,
86050,7.0919575691223145,0.05,-6.816773891448975,,
86100,2.507240056991577,0.05,-7.629291534423828,,
86150,0.7636858820915222,0.05,-7.18983268737793,,
86200,13.339980125427246,0.05,-8.185460090637207,,
86250,12.770247459411621,0.05,-7.244504928588867,,
86300,4.500401973724365,0.05,-7.5117106437683105,,
86350,26.981460571289062,0.05,-8.188241004943848,,
86400,23.94060516357422,0.05,-7.700931549072266,,
86450,9.350268363952637,0.05,-7.174759387969971,,
86500,16.387643814086914,0.05,-7.040615558624268,,
86550,4.465796947479248,0.05,-7.6953125,,
86600,0.48548710346221924,0.05,-8.665084838867188,,
86650,10.315764427185059,0.05,-7.072629451751709,,
86700,10.43685531616211,0.05,-7.945728302001953,,
86750,27.27489471435547,0.05,-9.288602828979492,,
86800,2.1602180004119873,0.05,-7.674780368804932,,
86850,6.176939010620117,0.05,-7.783970355987549,,
86900,9.185919761657715,0.05,-6.795387268066406,,
86950,15.11075496673584,0.05,-7.408471584320068,,
87000,9.759886741638184,0.05,-6.9407429695129395,,
87050,6.536550998687744,0.05,-7.438997745513916,,
87100,3.8412444591522217,0.05,-7.137185573577881,,
87150,10.495543479919434,0.05,-9.4494047164917,,
87200,1.2816277742385864,0.05,-8.546004295349121,,
87250,21.967254638671875,0.05,-8.74350643157959,,
87300,11.103271484375,0.05,-7.638046741485596,,
87350,2.996525526046753,0.05,-7.496404647827148,,
87400,0.3172547221183777,0.05,-6.971837997436523,,
87450,11.377118110656738,0.05,-7.857175827026367,,
87500,3.4394919872283936,0.05,-7.086788177490234,,
87550,10.540314674377441,0.05,-7.411428451538086,,
87600,11.225306510925293,0.05,-9.63840103149414,,
87650,22.79486846923828,0.05,-8.164057731628418,,
87700,6.50295877456665,0.05,-6.233027935028076,,
87750,2.339409112930298,0.05,-8.016467094421387,,
87800,17.99405288696289,0.05,-8.638958930969238,,
87850,8.439921379089355,0.05,-9.158371925354004,,
87900,8.099934577941895,0.05,-8.950140953063965,,
87950,1.4971412420272827,0.05,-8.146931648254395,,
88000,1.1566046476364136,0.05,-7.723794937133789,,
88050,4.3298163414001465,0.05,-7.675538539886475,,
88100,23.65961265563965,0.05,-8.052239418029785,,
88150,1.3391574621200562,0.05,-6.755100727081299,,
88200,1.507235050201416,0.05,-6.449897289276123,,
88250,12.493962287902832,0.05,-7.524507999420166,,
88300,5.713962078094482,0.05,-6.846337795257568,,
88350,12.958752632141113,0.05,-7.919013977050781,,
88400,12.593668937683105,0.05,-8.068921089172363,,
88450,1.9156241416931152,0.05,-8.322064399719238,,
88500,6.203044891357422,0.05,-6.564960479736328,,
88550,7.16813325881958,0.05,-8.207013130187988,,
88600,7.8693318367004395,0.05,-8.277143478393555,,
88650,5.110846042633057,0.05,-7.3597493171691895,,
88700,11.547760009765625,0.05,-6.871464252471924,,
88750,16.44267463684082,0.05,-7.199306488037109,,
88800,2.6301681995391846,0.05,-7.879199981689453,,
88850,2.4836161136627197,0.05,-8.468340873718262,,
88900,8.442129135131836,0.05,-8.071463584899902,,
88950,8.540904998779297,0.05,-7.781700134277344,,
89000,2.507185220718384,0.05,-8.967733383178711,,
89050,2.821335554122925,0.05,-6.642711639404297,,
89100,0.9292666912078857,0.05,-8.191485404968262,,
89150,13.229610443115234,0.05,-8.545817375183105,,
89200,7.874959468841553,0.05,-7.3091583251953125,,
89250,8.35595417022705,0.05,-7.686166763305664,,
89300,1.9917316436767578,0.05,-10.099980354309082,,
89350,23.101293563842773,0.05,-9.398652076721191,,
89400,14.101462364196777,0.05,-7.738492488861084,,
89450,11.579761505126953,0.05,-8.503556251525879,,
89500,4.717230796813965,0.05,-7.5603203773498535,,
89550,23.630292892456055,0.05,-9.150038719177246,,
89600,2.947423219680786,0.05,-7.798431396484375,,
89650,2.390958309173584,0.05,-7.768787860870361,,
89700,6.15304708480835,0.05,-6.859795093536377,,
89750,5.320444107055664,0.05,-8.483002662658691,,
89800,13.292278289794922,0.05,-7.47392463684082,,
89850,9.579327583312988,0.05,-7.772863864898682,,
89900,22.061676025390625,0.05,-8.332085609436035,,
89950,24.873794555664062,0.05,-7.93379020690918,,
90000,30.929067611694336,0.05,-6.873723983764648,,
90050,4.960484981536865,0.05,-9.516667366027832,,
90100,4.908947944641113,0.05,-8.001825332641602,,
90150,1.7499370574951172,0.05,-7.825745105743408,,
90200,9.738808631896973,0.05,-9.295819282531738,,
90250,1.0748558044433594,0.05,-8.140490531921387,,
90300,8.810891151428223,0.05,-8.230582237243652,,
90350,15.823395729064941,0.05,-8.114194869995117,,
90400,1.0349239110946655,0.05,-7.633123397827148,,
90450,1.7336515188217163,0.05,-7.978067874908447,,
90500,2.947960138320923,0.05,-8.517107009887695,,
90550,10.350382804870605,0.05,-8.44968032836914,,
90600,6.755556583404541,0.05,-6.383720397949219,,
90650,5.978399276733398,0.05,-7.695016860961914,,
90700,13.542933464050293,0.05,-8.092329025268555,,
90750,5.641366958618164,0.05,-7.45392370223999,,
90800,6.591668605804443,0.05,-8.70658016204834,,
90850,21.39891242980957,0.05,-7.645505428314209,,
90900,20.06849479675293,0.05,-8.049392700195312,,
90950,5.132218360900879,0.05,-8.737507820129395,,
91000,6.726655960083008,0.05,-8.70024585723877,,
91050,1.1165748834609985,0.05,-8.087421417236328,,
91100,7.54833984375,0.05,-6.569684982299805,,
91150,8.020567893981934,0.05,-6.416310787200928,,
91200,2.4778802394866943,0.05,-6.313160419464111,,
91250,11.787590026855469,0.05,-10.316924095153809,,
91300,0.9239605069160461,0.05,-8.304831504821777,,
91350,5.5767693519592285,0.05,-8.386183738708496,,
91400,9.959879875183105,0.05,-7.379685878753662,,
91450,27.92534065246582,0.05,-9.181536674499512,,
91500,1.8693331480026245,0.05,-8.732340812683105,,
91550,4.175933837890625,0.05,-7.748627185821533,,
91600,17.34145164489746,0.05,-8.32351303100586,,
91650,14.055939674377441,0.05,-8.860929489135742,,
91700,22.534719467163086,0.05,-9.36820125579834,,
91750,7.146839618682861,0.05,-7.473014831542969,,
91800,3.7038049697875977,0.05,-8.343056678771973,,
91850,1.5284180641174316,0.05,-8.412524223327637,,
91900,10.131893157958984,0.05,-8.227851867675781,,
91950,9.935542106628418,0.05,-9.64246940612793,,
92000,17.27860450744629,0.05,-9.72924518585205,,
92050,21.14581871032715,0.05,-8.43305492401123,,
92100,9.735600471496582,0.05,-8.718268394470215,,
92150,9.451847076416016,0.05,-8.183391571044922,,
92200,0.9643220901489258,0.05,-8.384050369262695,,
92250,10.922953605651855,0.05,-6.325953006744385,,
92300,30.8853759765625,0.05,-7.884842395782471,,
92350,1.29228937625885,0.05,-8.901544570922852,,
92400,1.4354758262634277,0.05,-8.317940711975098,,
92450,1.7548295259475708,0.05,-7.299502849578857,,
92500,1.5799659490585327,0.05,-8.565115928649902,,
92550,15.106200218200684,0.05,-8.888345718383789,,
92600,5.272227764129639,0.05,-7.180694103240967,,
92650,15.591331481933594,0.05,-8.531962394714355,,
92700,7.545248031616211,0.05,-8.099000930786133,,
92750,15.768264770507812,0.05,-9.410235404968262,,
92800,12.548728942871094,0.05,-7.399200916290283,,
92850,27.194917678833008,0.05,-7.26657247543335,,
92900,8.930604934692383,0.05,-11.18047046661377,,
92950,18.083900451660156,0.05,-9.658761024475098,,
93000,8.666731834411621,0.05,-9.589842796325684,,
93050,17.471420288085938,0.05,-9.135558128356934,,
93100,1.7125197649002075,0.05,-7.395498752593994,,
93150,2.906294107437134,0.05,-8.315324783325195,,
93200,17.359027862548828,0.05,-7.6768646240234375,,
93250,8.68667984008789,0.05,-8.682273864746094,,
93300,47.38332748413086,0.05,-9.951510429382324,,
93350,7.491074085235596,0.05,-8.131482124328613,,
93400,18.79366111755371,0.05,-9.288203239440918,,
93450,3.2481977939605713,0.05,-8.579780578613281,,
93500,14.731319427490234,0.05,-8.930676460266113,,
93550,1.7414063215255737,0.05,-8.412846565246582,,
93600,12.04114055633545,0.05,-8.071383476257324,,
93650,6.750010967254639,0.05,-9.826029777526855,,
93700,1.7554649114608765,0.05,-7.817047119140625,,
93750,18.85426902770996,0.05,-9.813284873962402,,
93800,2.0007498264312744,0.05,-9.365877151489258,,
93850,13.367398262023926,0.05,-8.034785270690918,,
93900,24.443939208984375,0.05,-9.84256649017334,,
93950,8.43625545501709,0.05,-7.9904303550720215,,
94000,19.51591682434082,0.05,-8.50529956817627,,
94050,6.50757360458374,0.05,-8.93520450592041,,
94100,12.300823211669922,0.05,-9.100459098815918,,
94150,8.362018585205078,0.05,-8.670563697814941,,
94200,5.711151599884033,0.05,-10.087325096130371,,
94250,19.387710571289062,0.05,-8.135485649108887,,
94300,2.3094663619995117,0.05,-7.516335964202881,,
94350,30.9639949798584,0.05,-9.201703071594238,,
94400,56.525142669677734,0.05,-10.488712310791016,,
94450,6.134186267852783,0.05,-7.693308353424072,,
94500,8.977056503295898,0.05,-7.515907287597656,,
94550,31.37732696533203,0.05,-8.719072341918945,,
94600,12.75096607208252,0.05,-7.621597766876221,,
94650,28.87825584411621,0.05,-8.628246307373047,,
94700,5.598214626312256,0.05,-8.444817543029785,,
94750,2.4582135677337646,0.05,-8.711813926696777,,
94800,3.053295135498047,0.05,-9.102128028869629,,
94850,5.591166973114014,0.05,-10.428449630737305,,
94900,34.28844451904297,0.05,-10.339295387268066,,
94950,4.919941425323486,0.05,-9.180779457092285,,
95000,2.649825096130371,0.05,-8.698534965515137,,
95050,24.3293399810791,0.05,-8.655821800231934,,
95100,13.504138946533203,0.05,-8.661401748657227,,
95150,6.952446460723877,0.05,-7.792531490325928,,
95200,19.128061294555664,0.05,-7.431575298309326,,
95250,21.36799430847168,0.05,-9.799903869628906,,
95300,13.535834312438965,0.05,-8.406306266784668,,
95350,18.677709579467773,0.05,-9.689203262329102,,
95400,3.9770896434783936,0.05,-8.548396110534668,,
95450,12.914130210876465,0.05,-9.613309860229492,,
95500,23.479339599609375,0.05,-9.014128684997559,,
95550,9.077195167541504,0.05,-6.996053218841553,,
95600,2.2019221782684326,0.05,-10.58067512512207,,
95650,4.74102258682251,0.05,-9.731947898864746,,
95700,10.256784439086914,0.05,-9.384224891662598,,
95750,6.025554656982422,0.05,-8.291049003601074,,
95800,18.687833786010742,0.05,-8.994170188903809,,
95850,58.08528137207031,0.05,-9.89482307434082,,
95900,12.0103178024292,0.05,-9.167316436767578,,
95950,33.0954704284668,0.05,-10.689072608947754,,
96000,49.157135009765625,0.05,-12.840764045715332,,
96050,10.103669166564941,0.05,-7.971635818481445,,
96100,0.9132428169250488,0.05,-8.192066192626953,,
96150,19.88821792602539,0.05,-10.542437553405762,,
96200,6.131208419799805,0.05,-8.20199966430664,,
96250,21.664146423339844,0.05,-9.644905090332031,,
96300,9.072321891784668,0.05,-9.040099143981934,,
96350,2.345978021621704,0.05,-8.6875638961792,,
96400,27.80635643005371,0.05,-10.661999702453613,,
96450,20.839643478393555,0.05,-10.129410743713379,,
96500,4.4308953285217285,0.05,-9.424407958984375,,
96550,19.90191650390625,0.05,-8.605890274047852,,
96600,7.818209171295166,0.05,-10.376399993896484,,
96650,9.024558067321777,0.05,-7.983463287353516,,
96700,5.757961273193359,0.05,-9.955962181091309,,
96750,12.140900611877441,0.05,-8.945663452148438,,
96800,4.174204349517822,0.05,-7.502170562744141,,
96850,6.54564905166626,0.05,-11.10547924041748,,
96900,26.134611129760742,0.05,-10.065094947814941,,
96950,31.121671676635742,0.05,-9.853318214416504,,
97000,14.933865547180176,0.05,-9.30022144317627,,
97050,9.146443367004395,0.05,-9.9144868850708,,
97100,13.279801368713379,0.05,-8.508838653564453,,
97150,5.063320636749268,0.05,-9.110896110534668,,
97200,26.25394630432129,0.05,-9.969764709472656,,
97250,24.341428756713867,0.05,-9.78439998626709,,
97300,5.284182071685791,0.05,-9.537178993225098,,
97350,2.2589151859283447,0.05,-8.66222858428955,,
97400,6.260105609893799,0.05,-9.347061157226562,,
97450,3.2262916564941406,0.05,-7.664285659790039,,
97500,10.137335777282715,0.05,-9.106551170349121,,
97550,12.90429973602295,0.05,-8.278204917907715,,
97600,3.1519622802734375,0.05,-8.250460624694824,,
97650,17.25242042541504,0.05,-9.361725807189941,,
97700,3.682417869567871,0.05,-9.467036247253418,,
97750,13.635464668273926,0.05,-9.240450859069824,,
97800,3.5931663513183594,0.05,-9.495327949523926,,
97850,20.626955032348633,0.05,-11.495003700256348,,
97900,32.44196701049805,0.05,-10.053478240966797,,
97950,2.4411909580230713,0.05,-9.34081745147705,,
98000,20.521589279174805,0.05,-8.677054405212402,,
98050,10.309318542480469,0.05,-8.147865295410156,,
98100,16.618284225463867,0.05,-8.66528034210205,,
98150,9.012298583984375,0.05,-8.3233060836792,,
98200,1.542898178100586,0.05,-9.050840377807617,,
98250,35.2666130065918,0.05,-11.238017082214355,,
98300,7.249027729034424,0.05,-8.04171085357666,,
98350,1.0580652952194214,0.05,-8.112401008605957,,
98400,53.06559371948242,0.05,-10.481306076049805,,
98450,10.133880615234375,0.05,-9.283355712890625,,
98500,13.565220832824707,0.05,-8.180741310119629,,
98550,55.78206253051758,0.05,-9.772308349609375,,
98600,3.3080148696899414,0.05,-8.89615249633789,,
98650,1.1789952516555786,0.05,-7.644601345062256,,
98700,10.94824504852295,0.05,-9.199562072753906,,
98750,2.034529209136963,0.05,-9.299877166748047,,
98800,4.971062183380127,0.05,-8.197264671325684,,
98850,4.9773945808410645,0.05,-9.630987167358398,,
98900,4.856487274169922,0.05,-8.518585205078125,,
98950,41.16140365600586,0.05,-10.098098754882812,,
99000,21.50200843811035,0.05,-9.237871170043945,,
99050,5.484777927398682,0.05,-10.454548835754395,,
99100,8.520430564880371,0.05,-9.287592887878418,,
99150,43.4573860168457,0.05,-11.066075325012207,,
99200,34.88224411010742,0.05,-8.415938377380371,,
99250,21.053564071655273,0.05,-7.525625705718994,,
99300,11.762184143066406,0.05,-8.547410011291504,,
99350,20.4722957611084,0.05,-9.699856758117676,,
99400,0.3609497547149658,0.05,-7.490250110626221,,
99450,1.938067078590393,0.05,-8.105401039123535,,
99500,38.99625015258789,0.05,-10.249985694885254,,
99550,20.549097061157227,0.05,-8.466594696044922,,
99600,13.362259864807129,0.05,-7.777868270874023,,
99650,5.64208984375,0.05,-10.29818344116211,,
99700,13.673694610595703,0.05,-11.652594566345215,,
99750,1.2804092168807983,0.05,-7.889307498931885,,
99800,3.804885149002075,0.05,-8.469286918640137,,
99850,16.083784103393555,0.05,-9.049681663513184,,
99900,12.138030052185059,0.05,-8.873857498168945,,
99950,8.9078369140625,0.05,-9.052339553833008,,
100000,13.868820190429688,0.05,-9.676823616027832,-1.22495568848347,40.400000000000006
100050,18.022350311279297,0.05,-9.443968772888184,,
100100,1.7892934083938599,0.05,-8.994503021240234,,
100150,22.760900497436523,0.05,-10.010201454162598,,
100200,6.479033946990967,0.05,-8.059326171875,,
100250,28.12047004699707,0.05,-7.904398441314697,,
100300,15.156275749206543,0.05,-9.693560600280762,,
100350,45.699886322021484,0.05,-9.268939018249512,,
100400,30.213041305541992,0.05,-9.38863754272461,,
100450,20.532602310180664,0.05,-10.493012428283691,,
100500,19.950899124145508,0.05,-9.59125804901123,,
100550,23.595991134643555,0.05,-9.505424499511719,,
100600,3.484574556350708,0.05,-8.187702178955078,,
100650,2.384389638900757,0.05,-9.352530479431152,,
100700,2.8709542751312256,0.05,-8.32453441619873,,
100750,31.00433921813965,0.05,-8.328603744506836,,
100800,13.621925354003906,0.05,-9.785492897033691,,
100850,4.026854991912842,0.05,-7.913000106811523,,
100900,12.152005195617676,0.05,-8.550488471984863,,
100950,6.576442241668701,0.05,-8.85728645324707,,
101000,6.231351852416992,0.05,-9.636829376220703,,
101050,16.85465431213379,0.05,-9.0685453414917,,
101100,5.816012859344482,0.05,-9.167733192443848,,
101150,2.987340211868286,0.05,-9.060212135314941,,
101200,4.052187442779541,0.05,-9.571415901184082,,
101250,21.073392868041992,0.05,-9.155508995056152,,
101300,13.760467529296875,0.05,-8.249015808105469,,
101350,2.0914905071258545,0.05,-8.144293785095215,,
101400,3.074183702468872,0.05,-8.36205005645752,,
101450,9.885451316833496,0.05,-10.752223014831543,,
101500,32.715049743652344,0.05,-11.090538024902344,,
101550,1.7772480249404907,0.05,-8.831524848937988,,
101600,29.29273796081543,0.05,-10.422415733337402,,
101650,14.05519962310791,0.05,-10.309057235717773,,
101700,3.9373981952667236,0.05,-10.150769233703613,,
101750,13.489956855773926,0.05,-10.761836051940918,,
101800,12.636958122253418,0.05,-8.607820510864258,,
101850,15.07497501373291,0.05,-9.051506042480469,,
101900,10.306916236877441,0.05,-9.766645431518555,,
101950,3.0814783573150635,0.05,-8.388626098632812,,
102000,12.413002014160156,0.05,-8.936192512512207,,
102050,19.263307571411133,0.05,-10.516117095947266,,
102100,9.76268482208252,0.05,-8.753378868103027,,
102150,19.210411071777344,0.05,-10.251811027526855,,
102200,3.9005587100982666,0.05,-10.512085914611816,,
102250,6.368916034698486,0.05,-8.670412063598633,,
102300,1.9338135719299316,0.05,-8.718033790588379,,
102350,4.190560817718506,0.05,-8.141169548034668,,
102400,9.862813949584961,0.05,-9.722636222839355,,
102450,13.785392761230469,0.05,-10.188299179077148,,
102500,10.506072998046875,0.05,-7.698207855224609,,
102550,2.6216318607330322,0.05,-8.823386192321777,,
102600,11.450302124023438,0.05,-8.98327350616455,,
102650,6.172689914703369,0.05,-8.940275192260742,,
102700,8.242897033691406,0.05,-8.5995512008667,,
102750,12.667309761047363,0.05,-10.748698234558105,,
102800,2.9771225452423096,0.05,-8.777037620544434,,
102850,1.532963752746582,0.05,-8.828911781311035,,
102900,8.318058967590332,0.05,-10.353217124938965,,
102950,5.549981594085693,0.05,-8.133967399597168,,
103000,5.051697254180908,0.05,-10.907195091247559,,
103050,19.4516544342041,0.05,-10.030668258666992,,
103100,11.887566566467285,0.05,-9.568520545959473,,
103150,9.619839668273926,0.05,-10.962080955505371,,
103200,12.65639591217041,0.05,-8.540717124938965,,
103250,6.664723873138428,0.05,-9.250466346740723,,
103300,4.75311803817749,0.05,-9.712382316589355,,
103350,16.205976486206055,0.05,-10.816838264465332,,
103400,9.919321060180664,0.05,-8.303309440612793,,
103450,1.7764315605163574,0.05,-8.824612617492676,,
103500,16.065671920776367,0.05,-9.36160945892334,,
103550,1.5975641012191772,0.05,-7.8908257484436035,,
103600,5.2803874015808105,0.05,-9.043964385986328,,
103650,6.839990615844727,0.05,-9.59955883026123,,
103700,2.0710556507110596,0.05,-7.880136013031006,,
103750,16.96697425842285,0.05,-9.529667854309082,,
103800,21.989160537719727,0.05,-9.752277374267578,,
103850,2.9820404052734375,0.05,-8.14682388305664,,
103900,6.174886226654053,0.05,-8.401036262512207,,
103950,11.461939811706543,0.05,-9.050930976867676,,
104000,3.7634050846099854,0.05,-8.324501991271973,,
104050,0.7833529114723206,0.05,-9.380036354064941,,
104100,5.693238735198975,0.05,-8.282702445983887,,
104150,19.512739181518555,0.05,-9.149538040161133,,
104200,7.692873001098633,0.05,-8.74438190460205,,
104250,9.23336124420166,0.05,-8.79145336151123,,
104300,1.654323935508728,0.05,-8.843101501464844,,
104350,0.8779391646385193,0.05,-8.062396049499512,,
104400,4.440580368041992,0.05,-8.128398895263672,,
104450,1.3858575820922852,0.05,-8.749574661254883,,
104500,1.6460994482040405,0.05,-9.032736778259277,,
104550,5.127074241638184,0.05,-8.330717086791992,,
104600,14.521241188049316,0.05,-9.83881664276123,,
104650,1.030399203300476,0.05,-8.20630168914795,,
104700,12.273171424865723,0.05,-8.888312339782715,,
104750,9.636591911315918,0.05,-10.025474548339844,,
104800,4.447179317474365,0.05,-8.087067604064941,,
104850,10.686328887939453,0.05,-11.325623512268066,,
104900,8.749329566955566,0.05,-8.98515796661377,,
104950,1.7997368574142456,0.05,-10.20535945892334,,
105000,14.51013469696045,0.05,-9.37712574005127,,
105050,8.25424861907959,0.05,-9.216316223144531,,
105100,7.103810787200928,0.05,-8.263826370239258,,
105150,6.891984462738037,0.05,-8.013251304626465,,
105200,9.793909072875977,0.05,-9.653970718383789,,
105250,3.39456844329834,0.05,-7.905946254730225,,
105300,11.029815673828125,0.05,-9.931879997253418,,
105350,7.769129276275635,0.05,-10.11860179901123,,
105400,10.28512191772461,0.05,-9.551909446716309,,
105450,9.59508228302002,0.05,-9.200887680053711,,
105500,4.259727478027344,0.05,-9.140989303588867,,
105550,24.15354347229004,0.05,-9.593433380126953,,
105600,9.791228294372559,0.05,-9.953892707824707,,
105650,10.687431335449219,0.05,-9.489026069641113,,
105700,8.481727600097656,0.05,-9.36363697052002,,
105750,9.0126314163208,0.05,-10.2257661819458,,
105800,6.228328227996826,0.05,-8.111468315124512,,
105850,1.0062228441238403,0.05,-8.384173393249512,,
105900,8.863911628723145,0.05,-11.361470222473145,,
105950,9.633795738220215,0.05,-9.111860275268555,,
106000,0.34955334663391113,0.05,-9.56738567352295,,
106050,7.3292012214660645,0.05,-8.67812442779541,,
106100,10.13706111907959,0.05,-9.53222942352295,,
106150,8.843711853027344,0.05,-10.901848793029785,,
106200,12.113850593566895,0.05,-8.548027992248535,,
106250,6.287473201751709,0.05,-10.021690368652344,,
106300,28.348541259765625,0.05,-9.387781143188477,,
106350,11.46625804901123,0.05,-9.040444374084473,,
106400,22.35459327697754,0.05,-11.087756156921387,,
106450,36.903839111328125,0.05,-10.559767723083496,,
106500,23.986665725708008,0.05,-10.804543495178223,,
106550,11.73569107055664,0.05,-9.91125202178955,,
106600,2.7244961261749268,0.05,-8.41421890258789,,
106650,18.1783390045166,0.05,-10.00208568572998,,
106700,10.69851303100586,0.05,-10.544275283813477,,
106750,17.276201248168945,0.05,-8.813267707824707,,
106800,14.2777681350708,0.05,-8.411274909973145,,
106850,4.737759590148926,0.05,-8.110493659973145,,
106900,16.36349105834961,0.05,-8.061266899108887,,
106950,21.182588577270508,0.05,-10.973255157470703,,
107000,1.6051077842712402,0.05,-8.734709739685059,,
107050,5.3203582763671875,0.05,-9.896636009216309,,
107100,0.4241270124912262,0.05,-8.24594497680664,,
107150,5.238109111785889,0.05,-9.927196502685547,,
107200,13.114550590515137,0.05,-9.92756175994873,,
107250,17.576753616333008,0.05,-9.211556434631348,,
107300,23.071044921875,0.05,-9.372025489807129,,
107350,15.537723541259766,0.05,-9.15212345123291,,
107400,3.8748083114624023,0.05,-8.671975135803223,,
107450,26.988685607910156,0.05,-10.113158226013184,,
107500,3.410682439804077,0.05,-9.344680786132812,,
107550,2.1070802211761475,0.05,-8.485718727111816,,
107600,15.97970962524414,0.05,-7.666110992431641,,
107650,11.79708194732666,0.05,-8.77947998046875,,
107700,50.154327392578125,0.05,-10.975363731384277,,
107750,6.954379558563232,0.05,-9.508771896362305,,
107800,9.592864036560059,0.05,-9.886746406555176,,
107850,20.49970245361328,0.05,-10.111654281616211,,
107900,18.946077346801758,0.05,-9.017423629760742,,
107950,1.3519405126571655,0.05,-9.003495216369629,,
108000,22.107080459594727,0.05,-10.040925979614258,,
108050,0.8315138220787048,0.05,-10.024567604064941,,
108100,11.020373344421387,0.05,-7.945455551147461,,
108150,16.886533737182617,0.05,-11.38784122467041,,
108200,11.03528881072998,0.05,-9.124184608459473,,
108250,21.82759666442871,0.05,-8.887377738952637,,
108300,33.14997863769531,0.05,-9.230645179748535,,
108350,26.26346778869629,0.05,-10.111448287963867,,
108400,30.43857765197754,0.05,-9.803345680236816,,
108450,15.273776054382324,0.05,-9.46968936920166,,
108500,4.565931797027588,0.05,-10.706198692321777,,
108550,27.20839500427246,0.05,-10.361837387084961,,
108600,2.1771538257598877,0.05,-8.6041841506958,,
108650,2.0148611068725586,0.05,-8.084224700927734,,
108700,15.335220336914062,0.05,-8.65833568572998,,
108750,18.650955200195312,0.05,-10.486663818359375,,
108800,6.718407154083252,0.05,-9.378010749816895,,
108850,11.695389747619629,0.05,-8.33750057220459,,
108900,14.948370933532715,0.05,-9.201763153076172,,
108950,1.1109569072723389,0.05,-8.143746376037598,,
109000,21.918624877929688,0.05,-8.815384864807129,,
109050,10.656571388244629,0.05,-10.381796836853027,,
109100,7.171791076660156,0.05,-9.59752368927002,,
109150,17.054365158081055,0.05,-9.276251792907715,,
109200,16.707069396972656,0.05,-9.546036720275879,,
109250,9.821590423583984,0.05,-10.05440616607666,,
109300,13.537333488464355,0.05,-9.512142181396484,,
109350,20.243921279907227,0.05,-9.72410774230957,,
109400,15.420059204101562,0.05,-9.138337135314941,,
109450,8.94552993774414,0.05,-9.75247859954834,,
109500,15.04308795928955,0.05,-8.692880630493164,,
109550,8.547813415527344,0.05,-8.640700340270996,,
109600,11.534327507019043,0.05,-7.178403377532959,,
109650,6.677127361297607,0.05,-9.518757820129395,,
109700,10.045023918151855,0.05,-9.04549503326416,,
109750,8.933882713317871,0.05,-10.2969970703125,,
109800,10.733473777770996,0.05,-9.359851837158203,,
109850,19.087596893310547,0.05,-8.266895294189453,,
109900,2.4643595218658447,0.05,-8.113727569580078,,
109950,15.268094062805176,0.05,-8.782573699951172,,
110000,24.634557723999023,0.05,-10.912479400634766,,
110050,29.93498992919922,0.05,-9.325611114501953,,
110100,4.11439847946167,0.05,-8.518628120422363,,
110150,4.389314651489258,0.05,-8.600295066833496,,
110200,10.12391185760498,0.05,-9.373641967773438,,
110250,0.36346375942230225,0.05,-8.44692325592041,,
110300,13.383755683898926,0.05,-8.991168022155762,,
110350,21.76032066345215,0.05,-8.150381088256836,,
110400,17.643291473388672,0.05,-8.819668769836426,,
110450,17.024240493774414,0.05,-7.059932708740234,,
110500,20.83659553527832,0.05,-8.562479972839355,,
110550,7.935239315032959,0.05,-7.765846252441406,,
110600,7.040874481201172,0.05,-9.193758964538574,,
110650,3.113554000854492,0.05,-8.833115577697754,,
110700,1.5331867933273315,0.05,-10.844956398010254,,
110750,6.980113983154297,0.05,-7.973989009857178,,
110800,7.210896968841553,0.05,-7.5287017822265625,,
110850,2.724536180496216,0.05,-9.30594539642334,,
110900,12.225982666015625,0.05,-9.24457836151123,,
110950,23.48183250427246,0.05,-8.096858024597168,,
111000,1.475136637687683,0.05,-7.430016040802002,,
111050,11.054783821105957,0.05,-10.069782257080078,,
111100,21.735475540161133,0.05,-8.35009479522705,,
111150,6.008275985717773,0.05,-7.954966068267822,,
111200,9.054158210754395,0.05,-8.26181697845459,,
111250,11.864524841308594,0.05,-7.550802707672119,,
111300,9.988428115844727,0.05,-8.466897010803223,,
111350,13.068285942077637,0.05,-9.116656303405762,,
111400,14.94998836517334,0.05,-9.032478332519531,,
111450,8.736629486083984,0.05,-7.716186046600342,,
111500,2.704946279525757,0.05,-9.049277305603027,,
111550,1.0333553552627563,0.05,-7.549880504608154,,
111600,9.830510139465332,0.05,-7.618515491485596,,
111650,7.101202487945557,0.05,-8.489945411682129,,
111700,12.189770698547363,0.05,-8.204009056091309,,
111750,1.7736724615097046,0.05,-9.711319923400879,,
111800,3.0225963592529297,0.05,-8.106749534606934,,
111850,9.269068717956543,0.05,-9.961270332336426,,
111900,3.476025342941284,0.05,-9.920199394226074,,
111950,2.0958573818206787,0.05,-9.958985328674316,,
112000,2.523056745529175,0.05,-8.941874504089355,,
112050,6.8735880851745605,0.05,-8.271427154541016,,
112100,19.137868881225586,0.05,-9.266169548034668,,
112150,5.572545528411865,0.05,-9.444188117980957,,
112200,6.211843967437744,0.05,-8.426514625549316,,
112250,8.794148445129395,0.05,-9.229472160339355,,
112300,11.167908668518066,0.05,-8.271842002868652,,
112350,1.9030017852783203,0.05,-8.529694557189941,,
112400,1.2678507566452026,0.05,-8.953375816345215,,
112450,17.425174713134766,0.05,-9.31359577178955,,
112500,6.850554943084717,0.05,-8.933890342712402,,
112550,6.5619282722473145,0.05,-8.92393970489502,,
112600,2.33046555519104,0.05,-9.54788875579834,,
112650,18.423925399780273,0.05,-9.0545072555542,,
112700,8.7007417678833,0.05,-8.34041690826416,,
112750,2.1844327449798584,0.05,-8.989781379699707,,
112800,24.678178787231445,0.05,-9.847319602966309,,
112850,6.445406436920166,0.05,-9.1229829788208,,
112900,11.477181434631348,0.05,-7.965003967285156,,
112950,0.5428819060325623,0.05,-8.237076759338379,,
113000,3.096356153488159,0.05,-10.306309700012207,,
113050,23.949193954467773,0.05,-9.874466896057129,,
113100,13.327983856201172,0.05,-8.212385177612305,,
113150,8.663798332214355,0.05,-8.004602432250977,,
113200,2.57716703414917,0.05,-8.817279815673828,,
113250,12.3624906539917,0.05,-7.404764652252197,,
113300,16.1055908203125,0.05,-9.291496276855469,,
113350,4.569111347198486,0.05,-7.371912002563477,,
113400,12.536579132080078,0.05,-9.327259063720703,,
113450,4.476417064666748,0.05,-11.29168701171875,,
113500,11.987464904785156,0.05,-9.596179008483887,,
113550,10.1657133102417,0.05,-8.068979263305664,,
113600,4.564670085906982,0.05,-9.88156509399414,,
113650,9.721299171447754,0.05,-9.56929874420166,,
113700,1.0953537225723267,0.05,-7.664783477783203,,
113750,21.766035079956055,0.05,-8.250504493713379,,
113800,10.7510404586792,0.05,-10.104924201965332,,
113850,11.548796653747559,0.05,-8.131207466125488,,
113900,10.161164283752441,0.05,-8.463343620300293,,
113950,6.86461877822876,0.05,-8.457597732543945,,
114000,11.713253021240234,0.05,-8.307320594787598,,
114050,14.842877388000488,0.05,-8.688000679016113,,
114100,2.6077475547790527,0.05,-9.825575828552246,,
114150,2.322650671005249,0.05,-7.435654163360596,,
114200,2.6974728107452393,0.05,-7.67793607711792,,
114250,9.46634578704834,0.05,-7.241967678070068,,
114300,21.916717529296875,0.05,-8.764117240905762,,
114350,5.274039268493652,0.05,-7.374037265777588,,
114400,9.60982608795166,0.05,-8.123844146728516,,
114450,0.953961193561554,0.05,-7.47756814956665,,
114500,7.6737284660339355,0.05,-9.208118438720703,,
114550,1.1848691701889038,0.05,-7.846721172332764,,
114600,9.452110290527344,0.05,-7.4422526359558105,,
114650,3.5437822341918945,0.05,-9.100228309631348,,
114700,5.166153430938721,0.05,-9.753844261169434,,
114750,12.933712005615234,0.05,-7.874795436859131,,
114800,5.808557033538818,0.05,-9.408150672912598,,
114850,13.22551441192627,0.05,-8.322216987609863,,
114900,8.339951515197754,0.05,-8.84814167022705,,
114950,13.22213363647461,0.05,-7.6490797996521,,
115000,4.867450714111328,0.05,-8.019951820373535,,
115050,6.277268886566162,0.05,-9.535995483398438,,
115100,6.504482746124268,0.05,-7.283077239990234,,
115150,1.778963565826416,0.05,-7.704604625701904,,
115200,12.244572639465332,0.05,-8.92800235748291,,
115250,6.19812536239624,0.05,-7.773915767669678,,
115300,1.5257588624954224,0.05,-8.879168510437012,,
115350,6.096149444580078,0.05,-9.2893705368042,,
115400,5.981451034545898,0.05,-8.943981170654297,,
115450,21.289382934570312,0.05,-7.238132953643799,,
115500,0.40004828572273254,0.05,-7.578258514404297,,
115550,7.315836429595947,0.05,-9.808379173278809,,
115600,11.400192260742188,0.05,-7.851049900054932,,
115650,12.76585865020752,0.05,-10.687809944152832,,
115700,2.027042865753174,0.05,-8.342650413513184,,
115750,1.9070472717285156,0.05,-7.392972469329834,,
115800,2.4000182151794434,0.05,-7.929014682769775,,
115850,7.616987705230713,0.05,-8.14945125579834,,
115900,8.096165657043457,0.05,-7.722670078277588,,
115950,2.1605653762817383,0.05,-7.9831318855285645,,
116000,11.23431396484375,0.05,-8.040842056274414,,
116050,20.214723587036133,0.05,-7.796406269073486,,
116100,4.968811511993408,0.05,-7.850771427154541,,
116150,7.2237725257873535,0.05,-8.230149269104004,,
116200,26.114051818847656,0.05,-8.033984184265137,,
116250,16.56861114501953,0.05,-7.876916885375977,,
116300,15.392111778259277,0.05,-8.197796821594238,,
116350,13.761275291442871,0.05,-8.042557716369629,,
116400,1.1061362028121948,0.05,-7.48790979385376,,
116450,7.02598237991333,0.05,-8.564642906188965,,
116500,3.7943992614746094,0.05,-8.244091987609863,,
116550,18.939908981323242,0.05,-9.288864135742188,,
116600,11.433502197265625,0.05,-8.784180641174316,,
116650,12.099669456481934,0.05,-7.684999942779541,,
116700,17.82889747619629,0.05,-8.408307075500488,,
116750,15.742636680603027,0.05,-8.773506164550781,,
116800,2.193561553955078,0.05,-7.528374195098877,,
116850,0.2182142287492752,0.05,-8.34572982788086,,
116900,18.047758102416992,0.05,-7.259313106536865,,
116950,1.5721837282180786,0.05,-10.293147087097168,,
117000,4.275122165679932,0.05,-7.1631903648376465,,
117050,12.726656913757324,0.05,-9.525065422058105,,
117100,17.63350486755371,0.05,-7.751031875610352,,
117150,0.9171478152275085,0.05,-8.171143531799316,,
117200,15.976433753967285,0.05,-8.464726448059082,,
117250,7.149316787719727,0.05,-8.29328441619873,,
117300,3.4006850719451904,0.05,-10.564431190490723,,
117350,4.320916652679443,0.05,-8.594923973083496,,
117400,21.80022430419922,0.05,-9.077850341796875,,
117450,12.679045677185059,0.05,-9.499407768249512,,
117500,0.7877227663993835,0.05,-8.183287620544434,,
117550,1.8608121871948242,0.05,-8.780181884765625,,
117600,7.507419586181641,0.05,-7.978839874267578,,
117650,12.562976837158203,0.05,-8.890148162841797,,
117700,7.016231536865234,0.05,-7.970048427581787,,
117750,12.896044731140137,0.05,-8.756424903869629,,
117800,12.68664264678955,0.05,-6.982461452484131,,
117850,8.426846504211426,0.05,-9.437249183654785,,
117900,19.019262313842773,0.05,-8.404009819030762,,
117950,17.497262954711914,0.05,-7.995220184326172,,
118000,22.463815689086914,0.05,-11.201399803161621,,
118050,1.6446019411087036,0.05,-8.342853546142578,,
118100,4.709104537963867,0.05,-8.912678718566895,,
118150,8.50876522064209,0.05,-9.664648056030273,,
118200,11.872550964355469,0.05,-7.724822521209717,,
118250,16.583459854125977,0.05,-10.332751274108887,,
118300,8.695391654968262,0.05,-8.823031425476074,,
118350,1.6602016687393188,0.05,-9.154426574707031,,
118400,10.357059478759766,0.05,-9.670822143554688,,
118450,1.9848690032958984,0.05,-8.199566841125488,,
118500,1.2466555833816528,0.05,-9.328752517700195,,
118550,7.010824680328369,0.05,-8.769307136535645,,
118600,8.16379451751709,0.05,-8.819622993469238,,
118650,26.73664665222168,0.05,-9.54979419708252,,
118700,0.39902734756469727,0.05,-6.61304235458374,,
118750,8.243969917297363,0.05,-8.136966705322266,,
118800,16.99882698059082,0.05,-7.3313117027282715,,
118850,4.021477222442627,0.05,-9.349345207214355,,
118900,1.4503130912780762,0.05,-8.376437187194824,,
118950,19.136764526367188,0.05,-9.465497970581055,,
119000,9.083638191223145,0.05,-10.84595012664795,,
119050,30.280874252319336,0.05,-9.453963279724121,,
119100,15.5921630859375,0.05,-9.977330207824707,,
119150,8.430538177490234,0.05,-8.234904289245605,,
119200,2.936274766921997,0.05,-6.899081707000732,,
119250,18.427947998046875,0.05,-7.785852909088135,,
119300,3.725872278213501,0.05,-10.250138282775879,,
119350,12.984989166259766,0.05,-10.52881908416748,,
119400,24.964147567749023,0.05,-8.185511589050293,,
119450,9.533681869506836,0.05,-10.295416831970215,,
119500,1.3603090047836304,0.05,-8.679383277893066,,
119550,7.667019367218018,0.05,-8.521903038024902,,
119600,5.900814533233643,0.05,-7.3278584480285645,,
119650,20.968896865844727,0.05,-7.520630359649658,,
119700,2.5251150131225586,0.05,-8.7711181640625,,
119750,1.4101234674453735,0.05,-7.177834987640381,,
119800,7.23793363571167,0.05,-8.188965797424316,,
119850,2.9510648250579834,0.05,-7.281431674957275,,
119900,2.012030839920044,0.05,-9.207257270812988,,
119950,13.335108757019043,0.05,-9.549822807312012,,
120000,1.991371512413025,0.05,-7.62018346786499,,
120050,19.040645599365234,0.05,-9.802794456481934,,
120100,17.489484786987305,0.05,-9.553001403808594,,
120150,13.875802040100098,0.05,-10.996249198913574,,
120200,2.034757614135742,0.05,-9.217511177062988,,
120250,18.43640899658203,0.05,-9.368221282958984,,
120300,1.5650962591171265,0.05,-8.718149185180664,,
120350,11.73989486694336,0.05,-7.795450687408447,,
120400,17.8596134185791,0.05,-10.289992332458496,,
120450,24.887300491333008,0.05,-9.147380828857422,,
120500,1.8817201852798462,0.05,-6.8177971839904785,,
120550,47.95033264160156,0.05,-8.971627235412598,,
120600,1.797866940498352,0.05,-7.914027690887451,,
120650,15.37589168548584,0.05,-8.312922477722168,,
120700,10.973687171936035,0.05,-8.80685806274414,,
120750,27.205705642700195,0.05,-9.508471488952637,,
120800,17.896739959716797,0.05,-6.996635913848877,,
120850,0.6439955830574036,0.05,-8.349010467529297,,
120900,12.40666675567627,0.05,-9.783463478088379,,
120950,11.939228057861328,0.05,-8.192011833190918,,
121000,3.2601537704467773,0.05,-7.622884273529053,,
121050,22.772127151489258,0.05,-8.34679889678955,,
121100,24.51142120361328,0.05,-9.691460609436035,,
121150,2.054359197616577,0.05,-9.412692070007324,,
121200,13.42775821685791,0.05,-8.732817649841309,,
121250,10.62235164642334,0.05,-8.86336612701416,,
121300,6.175551891326904,0.05,-7.101121425628662,,
121350,1.377732276916504,0.05,-6.630122661590576,,
121400,6.945140838623047,0.05,-7.670263767242432,,
121450,23.54607391357422,0.05,-9.204571723937988,,
121500,0.9636938571929932,0.05,-8.16721248626709,,
121550,2.003016710281372,0.05,-8.561569213867188,,
121600,15.38681697845459,0.05,-8.662433624267578,,
121650,14.423187255859375,0.05,-8.069491386413574,,
121700,3.966207504272461,0.05,-8.721671104431152,,
121750,24.54823875427246,0.05,-8.364056587219238,,
121800,10.305171012878418,0.05,-9.02613353729248,,
121850,1.9603805541992188,0.05,-7.5601420402526855,,
121900,11.875434875488281,0.05,-8.159622192382812,,
121950,5.876487731933594,0.05,-7.125438213348389,,
122000,2.438019037246704,0.05,-7.914508819580078,,
122050,7.737111568450928,0.05,-8.862112998962402,,
122100,1.4363347291946411,0.05,-6.699288845062256,,
122150,8.66732120513916,0.05,-8.078317642211914,,
122200,1.1929805278778076,0.05,-6.28526496887207,,
122250,8.457741737365723,0.05,-7.165553569793701,,
122300,9.92314338684082,0.05,-8.497322082519531,,
122350,10.309229850769043,0.05,-7.169701099395752,,
122400,5.327082633972168,0.05,-6.952789306640625,,
122450,0.914726197719574,0.05,-8.230172157287598,,
122500,10.761250495910645,0.05,-7.125451564788818,,
122550,18.891489028930664,0.05,-8.480507850646973,,
122600,14.793221473693848,0.05,-7.8593525886535645,,
122650,5.341318130493164,0.05,-7.845139980316162,,
122700,2.6222050189971924,0.05,-7.11156702041626,,
122750,8.141135215759277,0.05,-8.22374439239502,,
122800,2.9622466564178467,0.05,-8.335302352905273,,
122850,10.359318733215332,0.05,-8.36289119720459,,
122900,0.6336458325386047,0.05,-8.13672924041748,,
122950,1.5410696268081665,0.05,-7.351743221282959,,
123000,8.221879005432129,0.05,-8.419790267944336,,
123050,4.010409355163574,0.05,-7.696753978729248,,
123100,1.6345453262329102,0.05,-8.022104263305664,,
123150,19.726240158081055,0.05,-8.478449821472168,,
123200,14.228318214416504,0.05,-7.708916187286377,,
123250,14.225933074951172,0.05,-9.743025779724121,,
123300,8.534265518188477,0.05,-7.740161895751953,,
123350,1.0199369192123413,0.05,-8.242817878723145,,
123400,7.082218170166016,0.05,-8.170368194580078,,
123450,4.626018524169922,0.05,-8.285157203674316,,
123500,9.105765342712402,0.05,-9.814945220947266,,
123550,15.189555168151855,0.05,-8.140007019042969,,
123600,3.9629037380218506,0.05,-8.626608848571777,,
123650,0.5452669262886047,0.05,-7.456358432769775,,
123700,12.75787353515625,0.05,-7.9442572593688965,,
123750,16.68412971496582,0.05,-9.170042991638184,,
123800,1.0715985298156738,0.05,-8.347665786743164,,
123850,2.8226773738861084,0.05,-7.335117340087891,,
123900,24.034446716308594,0.05,-8.177657127380371,,
123950,6.729881763458252,0.05,-8.919086456298828,,
124000,28.616376876831055,0.05,-8.710474014282227,,
124050,6.919794082641602,0.05,-7.752960205078125,,
124100,1.6985125541687012,0.05,-9.204197883605957,,
124150,4.987870693206787,0.05,-7.042659759521484,,
124200,1.703041672706604,0.05,-7.183695316314697,,
124250,7.384697437286377,0.05,-8.623509407043457,,
124300,8.287721633911133,0.05,-7.787628173828125,,
124350,0.6981708407402039,0.05,-7.601154804229736,,
124400,0.19607137143611908,0.05,-7.820119380950928,,
124450,7.470594882965088,0.05,-7.949148654937744,,
124500,13.962515830993652,0.05,-8.929956436157227,,
124550,7.363895416259766,0.05,-7.405864715576172,,
124600,3.4703681468963623,0.05,-8.439180374145508,,
124650,10.549248695373535,0.05,-9.62646198272705,,
124700,6.208288192749023,0.05,-8.408088684082031,,
124750,16.375099182128906,0.05,-8.900959014892578,,
124800,1.5524550676345825,0.05,-8.343154907226562,,
124850,2.4758949279785156,0.05,-7.497142314910889,,
124900,19.840415954589844,0.05,-7.462778568267822,,
124950,13.156682014465332,0.05,-7.556491374969482,,
125000,1.4596432447433472,0.05,-8.900723457336426,-0.7849519035191809,31.73333333333333
125050,6.919802188873291,0.05,-6.953278064727783,,
125100,6.816169261932373,0.05,-9.751508712768555,,
125150,7.400017261505127,0.05,-8.530832290649414,,
125200,2.8661041259765625,0.05,-9.178668975830078,,
125250,6.929540634155273,0.05,-8.382353782653809,,
125300,0.3213360607624054,0.05,-7.185457229614258,,
125350,7.813760280609131,0.05,-9.422505378723145,,
125400,10.396991729736328,0.05,-8.401026725769043,,
125450,9.078953742980957,0.05,-8.189766883850098,,
125500,19.934656143188477,0.05,-7.412872314453125,,
125550,16.08298110961914,0.05,-9.954322814941406,,
125600,2.4768826961517334,0.05,-8.593962669372559,,
125650,22.364736557006836,0.05,-10.022561073303223,,
125700,1.9351459741592407,0.05,-8.119832038879395,,
125750,17.102802276611328,0.05,-7.896975040435791,,
125800,2.250440835952759,0.05,-8.759809494018555,,
125850,2.6390185356140137,0.05,-6.727430820465088,,
125900,11.316620826721191,0.05,-8.687005043029785,,
125950,1.2635012865066528,0.05,-7.770432949066162,,
126000,12.90102767944336,0.05,-7.722448348999023,,
126050,18.54779624938965,0.05,-9.137505531311035,,
126100,17.87617301940918,0.05,-7.038976669311523,,
126150,2.089770793914795,0.05,-8.591520309448242,,
126200,7.615510940551758,0.05,-7.54754638671875,,
126250,14.795926094055176,0.05,-8.377348899841309,,
126300,6.696779251098633,0.05,-8.206695556640625,,
126350,19.009794235229492,0.05,-8.83028793334961,,
126400,2.7225358486175537,0.05,-8.861929893493652,,
126450,3.1141061782836914,0.05,-8.332167625427246,,
126500,13.898449897766113,0.05,-9.758378982543945,,
126550,6.7070631980896,0.05,-8.9981107711792,,
126600,1.8684134483337402,0.05,-7.832607746124268,,
126650,9.994768142700195,0.05,-9.994576454162598,,
126700,5.7573628425598145,0.05,-8.320038795471191,,
126750,14.35367488861084,0.05,-8.087929725646973,,
126800,17.477245330810547,0.05,-7.763841152191162,,
126850,9.137738227844238,0.05,-7.462638854980469,,
126900,8.474787712097168,0.05,-8.178890228271484,,
126950,36.95322799682617,0.05,-9.317947387695312,,
127000,22.161252975463867,0.05,-9.3264741897583,,
127050,1.1051262617111206,0.05,-8.742926597595215,,
127100,3.6802279949188232,0.05,-9.811641693115234,,
127150,12.938891410827637,0.05,-8.111048698425293,,
127200,6.35084342956543,0.05,-9.50463581085205,,
127250,2.611032247543335,0.05,-9.406242370605469,,
127300,26.797828674316406,0.05,-9.683829307556152,,
127350,5.114586353302002,0.05,-7.542248249053955,,
127400,1.7792773246765137,0.05,-11.194890022277832,,
127450,2.1037988662719727,0.05,-10.095030784606934,,
127500,3.532618761062622,0.05,-10.222790718078613,,
127550,4.610446453094482,0.05,-11.239592552185059,,
127600,1.1542636156082153,0.05,-7.675844669342041,,
127650,6.265798091888428,0.05,-8.451444625854492,,
127700,23.10284423828125,0.05,-9.736618995666504,,
127750,0.5035635232925415,0.05,-8.709725379943848,,
127800,6.941598415374756,0.05,-7.418538570404053,,
127850,1.9366331100463867,0.05,-7.305183410644531,,
127900,5.418942928314209,0.05,-9.225703239440918,,
127950,16.90510368347168,0.05,-9.922575950622559,,
128000,6.8812103271484375,0.05,-8.18865966796875,,
128050,14.550066947937012,0.05,-9.459508895874023,,
128100,5.7059407234191895,0.05,-7.842319011688232,,
128150,21.482759475708008,0.05,-8.079795837402344,,
128200,13.865208625793457,0.05,-7.445257663726807,,
128250,0.9827940464019775,0.05,-7.926326751708984,,
128300,26.488985061645508,0.05,-9.337496757507324,,
128350,10.802350044250488,0.05,-8.953627586364746,,
128400,6.205348968505859,0.05,-7.977462291717529,,
128450,31.304811477661133,0.05,-11.119670867919922,,
128500,16.714136123657227,0.05,-8.859026908874512,,
128550,16.417177200317383,0.05,-9.114437103271484,,
128600,11.801295280456543,0.05,-9.817015647888184,,
128650,31.8968563079834,0.05,-10.239949226379395,,
128700,22.72159767150879,0.05,-9.649559020996094,,
128750,11.327378273010254,0.05,-9.965058326721191,,
128800,12.711106300354004,0.05,-9.88472843170166,,
128850,15.6332426071167,0.05,-8.567989349365234,,
128900,44.93165588378906,0.05,-10.571125984191895,,
128950,2.824103355407715,0.05,-8.72909927368164,,
129000,21.393117904663086,0.05,-9.148893356323242,,
129050,23.64551544189453,0.05,-8.227435111999512,,
129100,11.273726463317871,0.05,-8.711623191833496,,
129150,24.040430068969727,0.05,-8.545759201049805,,
129200,4.688368320465088,0.05,-10.444218635559082,,
129250,21.71076011657715,0.05,-8.994784355163574,,
129300,28.297178268432617,0.05,-10.282855033874512,,
129350,21.809364318847656,0.05,-9.629401206970215,,
129400,7.551492214202881,0.05,-10.664487838745117,,
129450,2.1567511558532715,0.05,-9.90661334991455,,
129500,2.3214845657348633,0.05,-8.368090629577637,,
129550,9.28842830657959,0.05,-7.910620212554932,,
129600,17.052196502685547,0.05,-10.009543418884277,,
129650,5.151193141937256,0.05,-8.695905685424805,,
129700,17.96804428100586,0.05,-10.679168701171875,,
129750,14.0523681640625,0.05,-9.48388671875,,
129800,4.863028526306152,0.05,-8.205924034118652,,
129850,3.440890073776245,0.05,-9.8535737991333,,
129900,5.004301071166992,0.05,-7.58079195022583,,
129950,1.4947172403335571,0.05,-7.579111576080322,,
130000,2.2388875484466553,0.05,-8.67297649383545,,
130050,11.42134952545166,0.05,-8.179262161254883,,
130100,1.0753730535507202,0.05,-8.396330833435059,,
130150,21.812734603881836,0.05,-10.01815414428711,,
130200,11.131421089172363,0.05,-10.092032432556152,,
130250,7.926062107086182,0.05,-8.801253318786621,,
130300,13.195097923278809,0.05,-8.328282356262207,,
130350,25.8513126373291,0.05,-10.440841674804688,,
130400,2.135867118835449,0.05,-8.747878074645996,,
130450,14.059882164001465,0.05,-8.941749572753906,,
130500,10.905047416687012,0.05,-7.901604175567627,,
130550,17.848031997680664,0.05,-8.611612319946289,,
130600,7.921247959136963,0.05,-9.626133918762207,,
130650,12.731646537780762,0.05,-8.88339900970459,,
130700,9.297540664672852,0.05,-9.990912437438965,,
130750,15.702369689941406,0.05,-10.227837562561035,,
130800,13.229995727539062,0.05,-11.787699699401855,,
130850,0.7717158198356628,0.05,-9.478851318359375,,
130900,9.661073684692383,0.05,-9.569314002990723,,
130950,1.6813116073608398,0.05,-8.151597023010254,,
131000,9.765290260314941,0.05,-8.56153392791748,,
131050,0.8303070068359375,0.05,-8.315473556518555,,
131100,8.205826759338379,0.05,-9.633173942565918,,
131150,4.245527267456055,0.05,-9.160927772521973,,
131200,5.132322788238525,0.05,-9.933370590209961,,
131250,0.24708473682403564,0.05,-9.99990463256836,,
131300,12.8494234085083,0.05,-9.697578430175781,,
131350,22.28605842590332,0.05,-8.335951805114746,,
131400,8.611612319946289,0.05,-8.07973575592041,,
131450,11.453601837158203,0.05,-11.031712532043457,,
131500,7.988203048706055,0.05,-9.0962495803833,,
131550,18.618759155273438,0.05,-8.965984344482422,,
131600,25.283403396606445,0.05,-10.013169288635254,,
131650,29.00398826599121,0.05,-8.68466854095459,,
131700,1.9647239446640015,0.05,-9.321954727172852,,
131750,4.955522060394287,0.05,-9.424284934997559,,
131800,0.7691165804862976,0.05,-8.488874435424805,,
131850,2.0659091472625732,0.05,-8.849474906921387,,
131900,4.455998420715332,0.05,-8.503424644470215,,
131950,3.1336841583251953,0.05,-9.886873245239258,,
132000,20.175161361694336,0.05,-10.13723373413086,,
132050,15.232142448425293,0.05,-9.589056968688965,,
132100,17.874889373779297,0.05,-9.759261131286621,,
132150,2.8427445888519287,0.05,-9.196377754211426,,
132200,7.357372760772705,0.05,-9.058392524719238,,
132250,3.882711410522461,0.05,-10.077523231506348,,
132300,0.17081446945667267,0.05,-8.185078620910645,,
132350,1.2256335020065308,0.05,-9.951390266418457,,
132400,33.1850471496582,0.05,-9.8735990524292,,
132450,16.242216110229492,0.05,-9.23663330078125,,
132500,4.56701135635376,0.05,-10.86560344696045,,
132550,6.902499675750732,0.05,-9.857558250427246,,
132600,6.522677898406982,0.05,-9.182841300964355,,
132650,15.34312915802002,0.05,-8.197912216186523,,
132700,9.225003242492676,0.05,-10.755278587341309,,
132750,25.798980712890625,0.05,-9.362141609191895,,
132800,0.9771029353141785,0.05,-9.078585624694824,,
132850,1.4375362396240234,0.05,-8.827969551086426,,
132900,4.144366264343262,0.05,-9.424593925476074,,
132950,2.2928292751312256,0.05,-8.628883361816406,,
133000,6.936784744262695,0.05,-9.879414558410645,,
133050,5.778543949127197,0.05,-9.82421588897705,,
133100,4.922882556915283,0.05,-9.37138843536377,,
133150,18.89134407043457,0.05,-9.206992149353027,,
133200,3.9269607067108154,0.05,-9.014819145202637,,
133250,5.190354347229004,0.05,-10.308066368103027,,
133300,10.653693199157715,0.05,-8.344419479370117,,
133350,5.483274936676025,0.05,-9.259678840637207,,
133400,5.171680450439453,0.05,-9.068358421325684,,
133450,1.326302409172058,0.05,-9.56579875946045,,
133500,11.66375732421875,0.05,-10.237831115722656,,
133550,1.3056573867797852,0.05,-10.259634017944336,,
133600,10.763930320739746,0.05,-9.47872257232666,,
133650,4.708804130554199,0.05,-9.511143684387207,,
133700,0.3422934114933014,0.05,-8.663603782653809,,
133750,0.24207071959972382,0.05,-8.68765640258789,,
133800,3.009434938430786,0.05,-8.931986808776855,,
133850,10.627890586853027,0.05,-10.012475967407227,,
133900,12.478893280029297,0.05,-8.581160545349121,,
133950,12.74923038482666,0.05,-9.43063735961914,,
134000,8.4976167678833,0.05,-7.981385707855225,,
134050,20.658008575439453,0.05,-10.387535095214844,,
134100,8.342144966125488,0.05,-8.550715446472168,,
134150,9.58150863647461,0.05,-10.127367973327637,,
134200,11.029810905456543,0.05,-9.13963794708252,,
134250,1.1967545747756958,0.05,-9.970887184143066,,
134300,9.155726432800293,0.05,-7.438816547393799,,
134350,1.7761644124984741,0.05,-9.74517822265625,,
134400,15.942161560058594,0.05,-10.408984184265137,,
134450,10.522436141967773,0.05,-9.520813941955566,,
134500,12.034768104553223,0.05,-8.410453796386719,,
134550,12.435295104980469,0.05,-8.950632095336914,,
134600,6.996483325958252,0.05,-7.8383941650390625,,
134650,0.6111669540405273,0.05,-8.9230375289917,,
134700,7.808521270751953,0.05,-8.206334114074707,,
134750,4.176997184753418,0.05,-8.495543479919434,,
134800,12.850787162780762,0.05,-9.105694770812988,,
134850,33.93486404418945,0.05,-10.235186576843262,,
134900,23.75249671936035,0.05,-9.702293395996094,,
134950,18.01793098449707,0.05,-10.024352073669434,,
135000,9.948251724243164,0.05,-8.090126037597656,,
135050,8.404065132141113,0.05,-8.461241722106934,,
135100,21.705276489257812,0.05,-10.068877220153809,,
135150,2.924670934677124,0.05,-7.882103443145752,,
135200,8.342632293701172,0.05,-9.794144630432129,,
135250,9.469513893127441,0.05,-9.311407089233398,,
135300,8.3761568069458,0.05,-9.166693687438965,,
135350,15.762682914733887,0.05,-9.392640113830566,,
135400,4.613863468170166,0.05,-8.391939163208008,,
135450,22.763254165649414,0.05,-10.88985824584961,,
135500,18.199724197387695,0.05,-8.991067886352539,,
135550,0.25271692872047424,0.05,-7.9133620262146,,
135600,6.031726360321045,0.05,-9.573128700256348,,
135650,11.173087120056152,0.05,-8.751484870910645,,
135700,16.116985321044922,0.05,-9.972941398620605,,
135750,5.033036708831787,0.05,-8.682326316833496,,
135800,13.99467945098877,0.05,-10.253731727600098,,
135850,0.4080105721950531,0.05,-7.947259426116943,,
135900,15.402789115905762,0.05,-10.08001708984375,,
135950,5.428757190704346,0.05,-8.853466987609863,,
136000,31.77094268798828,0.05,-9.384093284606934,,
136050,12.84090518951416,0.05,-7.474385738372803,,
136100,25.37196159362793,0.05,-9.057650566101074,,
136150,1.0588032007217407,0.05,-8.148245811462402,,
136200,4.163338661193848,0.05,-9.728083610534668,,
136250,11.143891334533691,0.05,-9.137103080749512,,
136300,21.944929122924805,0.05,-8.904681205749512,,
136350,11.438369750976562,0.05,-9.280988693237305,,
136400,1.7638930082321167,0.05,-7.426994323730469,,
136450,21.736371994018555,0.05,-8.937684059143066,,
136500,1.952326774597168,0.05,-8.790055274963379,,
136550,1.4226078987121582,0.05,-7.845250606536865,,
136600,4.196328163146973,0.05,-8.43992805480957,,
136650,14.053661346435547,0.05,-10.266159057617188,,
136700,8.606293678283691,0.05,-8.314879417419434,,
136750,8.24999713897705,0.05,-8.219002723693848,,
136800,11.792901039123535,0.05,-9.301498413085938,,
136850,1.0373857021331787,0.05,-8.395890235900879,,
136900,0.32512590289115906,0.05,-9.838830947875977,,
136950,6.729194164276123,0.05,-10.438811302185059,,
137000,9.14807415008545,0.05,-9.246582984924316,,
137050,1.8242055177688599,0.05,-8.631454467773438,,
137100,13.735190391540527,0.05,-8.453045845031738,,
137150,3.686009645462036,0.05,-7.904083251953125,,
137200,5.310185432434082,0.05,-9.566603660583496,,
137250,2.968482255935669,0.05,-10.26810073852539,,
137300,9.535530090332031,0.05,-9.054118156433105,,
137350,45.18611526489258,0.05,-9.827325820922852,,
137400,9.549530982971191,0.05,-9.372002601623535,,
137450,25.21446418762207,0.05,-8.506321907043457,,
137500,18.264516830444336,0.05,-9.756107330322266,,
137550,1.112719178199768,0.05,-7.701756954193115,,
137600,3.253711462020874,0.05,-8.207991600036621,,
137650,1.9935911893844604,0.05,-8.635026931762695,,
137700,17.093538284301758,0.05,-9.314826011657715,,
137750,17.77231788635254,0.05,-10.190840721130371,,
137800,13.897045135498047,0.05,-9.05362606048584,,
137850,0.8228497505187988,0.05,-8.794197082519531,,
137900,11.286823272705078,0.05,-10.80494213104248,,
137950,8.978232383728027,0.05,-9.085055351257324,,
138000,1.6482563018798828,0.05,-9.416146278381348,,
138050,13.382922172546387,0.05,-9.141399383544922,,
138100,5.798089504241943,0.05,-7.77716064453125,,
138150,1.4766603708267212,0.05,-8.34904956817627,,
138200,18.337793350219727,0.05,-10.528889656066895,,
138250,8.034356117248535,0.05,-9.179360389709473,,
138300,16.01165199279785,0.05,-8.69478702545166,,
138350,1.4898104667663574,0.05,-9.602985382080078,,
138400,23.272048950195312,0.05,-9.11405086517334,,
138450,36.44966125488281,0.05,-10.406502723693848,,
138500,14.014788627624512,0.05,-9.174576759338379,,
138550,14.037917137145996,0.05,-10.224698066711426,,
138600,2.435723304748535,0.05,-9.593792915344238,,
138650,21.39642906188965,0.05,-8.81224536895752,,
138700,12.606619834899902,0.05,-9.957730293273926,,
138750,14.87680721282959,0.05,-10.683879852294922,,
138800,20.273710250854492,0.05,-10.913643836975098,,
138850,0.525357186794281,0.05,-9.875938415527344,,
138900,17.78428840637207,0.05,-8.217506408691406,,
138950,13.419975280761719,0.05,-9.489428520202637,,
139000,1.87895929813385,0.05,-8.559473991394043,,
139050,6.260029315948486,0.05,-10.441584587097168,,
139100,37.024845123291016,0.05,-10.448325157165527,,
139150,18.75035285949707,0.05,-11.108660697937012,,
139200,11.816445350646973,0.05,-10.801697731018066,,
139250,26.150529861450195,0.05,-9.239850044250488,,
139300,6.490681171417236,0.05,-10.385797500610352,,
139350,24.81572151184082,0.05,-9.942902565002441,,
139400,17.27376937866211,0.05,-8.846426963806152,,
139450,23.110326766967773,0.05,-9.313543319702148,,
139500,5.058559417724609,0.05,-10.131240844726562,,
139550,2.6201202869415283,0.05,-9.145167350769043,,
139600,17.264720916748047,0.05,-11.655016899108887,,
139650,7.58891487121582,0.05,-8.721390724182129,,
139700,4.759636878967285,0.05,-9.465137481689453,,
139750,2.7658843994140625,0.05,-9.020527839660645,,
139800,4.696415424346924,0.05,-9.77059555053711,,
139850,23.4727725982666,0.05,-8.001663208007812,,
139900,14.141938209533691,0.05,-11.453156471252441,,
139950,13.421188354492188,0.05,-9.97583293914795,,
140000,0.5357586741447449,0.05,-8.671038627624512,,
140050,1.363253116607666,0.05,-8.730480194091797,,
140100,7.956642150878906,0.05,-8.011984825134277,,
140150,31.30922508239746,0.05,-11.537686347961426,,
140200,37.05085754394531,0.05,-9.245659828186035,,
140250,55.73246383666992,0.05,-10.86037540435791,,
140300,14.1312837600708,0.05,-11.832725524902344,,
140350,32.23196792602539,0.05,-10.66436767578125,,
140400,13.661430358886719,0.05,-9.305638313293457,,
140450,15.926929473876953,0.05,-8.258944511413574,,
140500,6.929328918457031,0.05,-10.43416976928711,,
140550,5.724954128265381,0.05,-10.6598482131958,,
140600,2.1881814002990723,0.05,-9.159709930419922,,
140650,2.689333915710449,0.05,-9.242116928100586,,
140700,2.29414439201355,0.05,-9.279623985290527,,
140750,7.380319595336914,0.05,-10.27932071685791,,
140800,19.333463668823242,0.05,-10.942124366760254,,
140850,9.662108421325684,0.05,-8.466041564941406,,
140900,28.760202407836914,0.05,-9.511178016662598,,
140950,2.5519142150878906,0.05,-9.586562156677246,,
141000,11.130518913269043,0.05,-9.525996208190918,,
141050,3.9710185527801514,0.05,-9.228958129882812,,
141100,39.208927154541016,0.05,-10.327239036560059,,
141150,22.52898406982422,0.05,-8.8916597366333,,
141200,21.77923011779785,0.05,-10.036389350891113,,
141250,19.826126098632812,0.05,-9.51953411102295,,
141300,12.129839897155762,0.05,-10.57907485961914,,
141350,9.541510581970215,0.05,-10.184813499450684,,
141400,12.825308799743652,0.05,-9.97899055480957,,
141450,25.05266761779785,0.05,-10.017048835754395,,
141500,1.8363875150680542,0.05,-9.784415245056152,,
141550,27.506425857543945,0.05,-9.85239315032959,,
141600,8.72351360321045,0.05,-8.572094917297363,,
141650,17.116966247558594,0.05,-11.538139343261719,,
141700,1.494005799293518,0.05,-9.960280418395996,,
141750,1.4851361513137817,0.05,-8.857468605041504,,
141800,0.8005793690681458,0.05,-10.681246757507324,,
141850,16.94137191772461,0.05,-9.930240631103516,,
141900,24.307703018188477,0.05,-9.201805114746094,,
141950,0.5035415291786194,0.05,-10.880206108093262,,
142000,12.555961608886719,0.05,-10.426846504211426,,
142050,13.276043891906738,0.05,-10.061280250549316,,
142100,3.813281297683716,0.05,-8.822134971618652,,
142150,4.265439033508301,0.05,-9.847596168518066,,
142200,37.25504684448242,0.05,-10.017290115356445,,
142250,10.386143684387207,0.05,-11.3989896774292,,
142300,19.7565860748291,0.05,-9.298643112182617,,
142350,18.293359756469727,0.05,-11.871487617492676,,
142400,49.91477584838867,0.05,-12.447388648986816,,
142450,14.147392272949219,0.05,-9.806265830993652,,
142500,8.507640838623047,0.05,-12.228821754455566,,
142550,16.147069931030273,0.05,-8.187302589416504,,
142600,10.864994049072266,0.05,-9.344481468200684,,
142650,19.69767951965332,0.05,-10.344528198242188,,
142700,8.332917213439941,0.05,-10.664258003234863,,
142750,16.152196884155273,0.05,-10.405333518981934,,
142800,9.062647819519043,0.05,-10.464800834655762,,
142850,10.68021011352539,0.05,-9.561954498291016,,
142900,5.783243179321289,0.05,-10.315739631652832,,
142950,14.026310920715332,0.05,-7.963625431060791,,
143000,0.37543854117393494,0.05,-8.71776294708252,,
143050,32.75898361206055,0.05,-8.104990005493164,,
143100,12.588634490966797,0.05,-8.393511772155762,,
143150,1.9315561056137085,0.05,-9.66696834564209,,
143200,20.67696189880371,0.05,-10.3779935836792,,
143250,5.624986171722412,0.05,-11.78456974029541,,
143300,2.8952887058258057,0.05,-10.855423927307129,,
143350,3.082850217819214,0.05,-9.005515098571777,,
143400,5.426668643951416,0.05,-9.71888542175293,,
143450,4.271762371063232,0.05,-8.718506813049316,,
143500,10.613198280334473,0.05,-9.329997062683105,,
143550,0.5522401928901672,0.05,-9.260215759277344,,
143600,12.47358226776123,0.05,-9.620978355407715,,
143650,64.52872467041016,0.05,-10.76155948638916,,
143700,17.869131088256836,0.05,-8.687698364257812,,
143750,12.737853050231934,0.05,-11.018206596374512,,
143800,14.73648452758789,0.05,-12.15279769897461,,
143850,23.375391006469727,0.05,-8.617260932922363,,
143900,3.122394561767578,0.05,-8.38915729522705,,
143950,4.335049629211426,0.05,-9.967249870300293,,
144000,36.58334732055664,0.05,-10.50380802154541,,
144050,16.843860626220703,0.05,-9.389373779296875,,
144100,9.941888809204102,0.05,-8.382981300354004,,
144150,3.374730348587036,0.05,-9.340167045593262,,
144200,22.90751838684082,0.05,-9.065292358398438,,
144250,1.9898298978805542,0.05,-9.235737800598145,,
144300,17.593780517578125,0.05,-8.373396873474121,,
144350,19.227083206176758,0.05,-9.108683586120605,,
144400,27.66815185546875,0.05,-9.076275825500488,,
144450,7.965717315673828,0.05,-9.228266716003418,,
144500,18.90376853942871,0.05,-8.390198707580566,,
144550,23.570022583007812,0.05,-10.20528793334961,,
144600,11.083279609680176,0.05,-9.648884773254395,,
144650,0.41902658343315125,0.05,-8.526350975036621,,
144700,18.247995376586914,0.05,-11.033641815185547,,
144750,19.7391414642334,0.05,-9.43342113494873,,
144800,9.81651782989502,0.05,-8.217730522155762,,
144850,5.999144077301025,0.05,-10.50266170501709,,
144900,3.8510491847991943,0.05,-8.740537643432617,,
144950,23.355758666992188,0.05,-10.46207046508789,,
145000,10.111448287963867,0.05,-8.409429550170898,,
145050,38.36477279663086,0.05,-9.745227813720703,,
145100,0.672221839427948,0.05,-8.402993202209473,,
145150,54.21152877807617,0.05,-9.74889850616455,,
145200,34.30330276489258,0.05,-10.811270713806152,,
145250,16.7219295501709,0.05,-9.388506889343262,,
145300,12.83330249786377,0.05,-7.825026035308838,,
145350,16.470722198486328,0.05,-8.837136268615723,,
145400,4.8103251457214355,0.05,-8.785780906677246,,
145450,4.637882709503174,0.05,-9.115815162658691,,
145500,11.83607006072998,0.05,-7.5387959480285645,,
145550,15.847887992858887,0.05,-9.221879005432129,,
145600,4.091064929962158,0.05,-10.754337310791016,,
145650,1.0863622426986694,0.05,-11.044039726257324,,
145700,1.553884506225586,0.05,-8.741639137268066,,
145750,10.016578674316406,0.05,-8.405196189880371,,
145800,2.0110137462615967,0.05,-10.780964851379395,,
145850,2.1363272666931152,0.05,-9.189164161682129,,
145900,6.768174648284912,0.05,-9.37443733215332,,
145950,4.106756687164307,0.05,-8.363700866699219,,
146000,9.643905639648438,0.05,-8.66396427154541,,
146050,21.106557846069336,0.05,-8.290825843811035,,
146100,8.423664093017578,0.05,-8.115645408630371,,
146150,6.429706573486328,0.05,-9.764710426330566,,
146200,14.248255729675293,0.05,-8.561250686645508,,
146250,5.226647853851318,0.05,-8.66225528717041,,
146300,2.7646007537841797,0.05,-7.909517288208008,,
146350,4.5936970710754395,0.05,-9.923727989196777,,
146400,1.6403502225875854,0.05,-7.707155227661133,,
146450,2.181730031967163,0.05,-7.307230472564697,,
146500,2.1181836128234863,0.05,-9.468842506408691,,
146550,24.7222900390625,0.05,-9.765233993530273,,
146600,3.581282377243042,0.05,-9.347587585449219,,
146650,20.862573623657227,0.05,-9.392559051513672,,
146700,11.680342674255371,0.05,-9.381912231445312,,
146750,43.32493209838867,0.05,-9.328362464904785,,
146800,11.782508850097656,0.05,-8.435643196105957,,
146850,6.3400797843933105,0.05,-9.55508804321289,,
146900,63.496028900146484,0.05,-12.054680824279785,,
146950,19.457183837890625,0.05,-10.183353424072266,,
147000,9.173293113708496,0.05,-8.300238609313965,,
147050,24.556814193725586,0.05,-7.833992004394531,,
147100,21.088287353515625,0.05,-10.781333923339844,,
147150,27.84278106689453,0.05,-7.939931392669678,,
147200,7.279251575469971,0.05,-7.551248073577881,,
147250,3.4187469482421875,0.05,-10.061837196350098,,
147300,0.64423006772995,0.05,-7.64849853515625,,
147350,7.329587459564209,0.05,-9.15425968170166,,
147400,9.615985870361328,0.05,-8.531331062316895,,
147450,13.994880676269531,0.05,-9.315695762634277,,
147500,9.261266708374023,0.05,-8.705370903015137,,
147550,5.082571506500244,0.05,-8.352452278137207,,
147600,15.984967231750488,0.05,-8.65491008758545,,
147650,14.966876029968262,0.05,-9.757073402404785,,
147700,13.837170600891113,0.05,-8.223518371582031,,
147750,4.234173774719238,0.05,-9.682887077331543,,
147800,5.970551013946533,0.05,-8.521804809570312,,
147850,15.967541694641113,0.05,-10.224940299987793,,
147900,27.396780014038086,0.05,-8.762405395507812,,
147950,15.406188011169434,0.05,-7.450286388397217,,
148000,20.772537231445312,0.05,-8.913525581359863,,
148050,28.967439651489258,0.05,-8.265158653259277,,
148100,22.246767044067383,0.05,-9.337605476379395,,
148150,12.260872840881348,0.05,-8.286442756652832,,
148200,17.32393455505371,0.05,-9.428574562072754,,
148250,27.44362449645996,0.05,-9.741854667663574,,
148300,15.199737548828125,0.05,-8.627215385437012,,
148350,52.0292854309082,0.05,-10.095439910888672,,
148400,14.074963569641113,0.05,-8.308687210083008,,
148450,1.3582216501235962,0.05,-6.742273807525635,,
148500,29.777612686157227,0.05,-8.611031532287598,,
148550,29.423683166503906,0.05,-8.849957466125488,,
148600,16.151113510131836,0.05,-8.246440887451172,,
148650,21.139257431030273,0.05,-8.80390453338623,,
148700,21.589895248413086,0.05,-7.911778926849365,,
148750,14.255311012268066,0.05,-8.867951393127441,,
148800,3.3224494457244873,0.05,-8.687207221984863,,
148850,14.292614936828613,0.05,-9.507883071899414,,
148900,0.8722363114356995,0.05,-8.202509880065918,,
148950,12.246474266052246,0.05,-9.956128120422363,,
149000,18.31480598449707,0.05,-8.790510177612305,,
149050,8.61485481262207,0.05,-9.424922943115234,,
149100,12.394383430480957,0.05,-8.544981956481934,,
149150,27.314239501953125,0.05,-10.108777046203613,,
149200,41.95159912109375,0.05,-8.48648738861084,,
149250,20.360336303710938,0.05,-7.577894687652588,,
149300,0.34530046582221985,0.05,-8.193316459655762,,
149350,4.3592095375061035,0.05,-8.11153507232666,,
149400,2.5480878353118896,0.05,-7.514286041259766,,
149450,1.693799614906311,0.05,-7.446153163909912,,
149500,1.6026712656021118,0.05,-9.595524787902832,,
149550,1.3172932863235474,0.05,-8.6063232421875,,
149600,16.579608917236328,0.05,-8.550509452819824,,
149650,1.5847787857055664,0.05,-8.34344482421875,,
149700,13.084546089172363,0.05,-9.360160827636719,,
149750,7.161210536956787,0.05,-7.884005069732666,,
149800,12.954989433288574,0.05,-9.253674507141113,,
149850,4.152284145355225,0.05,-9.020105361938477,,
149900,1.101914405822754,0.05,-7.227059841156006,,
149950,0.6216608881950378,0.05,-7.658542633056641,,
150000,8.452882766723633,0.05,-8.804816246032715,-0.9180191661260799,32.26666666666667
150050,9.804014205932617,0.05,-9.007453918457031,,
150100,9.662676811218262,0.05,-9.147150993347168,,
150150,12.072151184082031,0.05,-8.784738540649414,,
150200,26.62364387512207,0.05,-8.840418815612793,,
150250,16.997739791870117,0.05,-9.427501678466797,,
150300,1.2756986618041992,0.05,-7.2879509925842285,,
150350,2.8977062702178955,0.05,-9.866891860961914,,
150400,19.76688575744629,0.05,-9.539006233215332,,
150450,6.577165126800537,0.05,-8.323967933654785,,
150500,5.636075973510742,0.05,-7.796960830688477,,
150550,39.77634048461914,0.05,-7.975734710693359,,
150600,0.8147137761116028,0.05,-7.923207759857178,,
150650,3.1713922023773193,0.05,-9.668970108032227,,
150700,6.251171112060547,0.05,-8.943218231201172,,
150750,0.32062047719955444,0.05,-7.383373260498047,,
150800,0.3791821002960205,0.05,-8.272842407226562,,
150850,16.2998046875,0.05,-10.125622749328613,,
150900,1.1786870956420898,0.05,-9.06358528137207,,
150950,5.083647727966309,0.05,-9.381814002990723,,
151000,35.87644958496094,0.05,-8.59313678741455,,
151050,5.902406692504883,0.05,-9.170106887817383,,
151100,14.187335968017578,0.05,-11.715025901794434,,
151150,22.115524291992188,0.05,-9.9083890914917,,
151200,3.244771957397461,0.05,-9.357661247253418,,
151250,14.387200355529785,0.05,-8.309977531433105,,
151300,2.7081384658813477,0.05,-9.564740180969238,,
151350,24.120508193969727,0.05,-8.570942878723145,,
151400,30.07050132751465,0.05,-9.875391006469727,,
151450,23.514379501342773,0.05,-8.70300006866455,,
151500,2.944530725479126,0.05,-8.355396270751953,,
151550,0.8928577303886414,0.05,-8.408768653869629,,
151600,8.02211856842041,0.05,-8.328532218933105,,
151650,4.765231132507324,0.05,-10.45424747467041,,
151700,1.406145691871643,0.05,-8.78598690032959,,
151750,10.225777626037598,0.05,-9.456323623657227,,
151800,5.05602502822876,0.05,-10.002045631408691,,
151850,2.3543193340301514,0.05,-7.587924480438232,,
151900,20.764219284057617,0.05,-8.224867820739746,,
151950,20.820775985717773,0.05,-9.65710163116455,,
152000,18.805315017700195,0.05,-8.830506324768066,,
152050,10.30284595489502,0.05,-8.774296760559082,,
152100,46.28892135620117,0.05,-8.994765281677246,,
152150,19.649372100830078,0.05,-10.68835163116455,,
152200,3.1765546798706055,0.05,-6.65848970413208,,
152250,5.868226528167725,0.05,-7.593257904052734,,
152300,4.646071910858154,0.05,-6.69423246383667,,
152350,7.713326930999756,0.05,-9.621424674987793,,
152400,13.165931701660156,0.05,-7.405578136444092,,
152450,1.5119737386703491,0.05,-7.9158854484558105,,
152500,14.525248527526855,0.05,-8.823094367980957,,
152550,39.92063522338867,0.05,-6.447049617767334,,
152600,18.649662017822266,0.05,-9.951294898986816,,
152650,0.46323099732398987,0.05,-7.897758960723877,,
152700,6.619735240936279,0.05,-7.317881107330322,,
152750,0.708960235118866,0.05,-8.551525115966797,,
152800,4.081025123596191,0.05,-7.634256362915039,,
152850,73.15805053710938,0.05,-9.859990119934082,,
152900,9.552277565002441,0.05,-8.300654411315918,,
152950,7.613844394683838,0.05,-8.504780769348145,,
153000,1.1612120866775513,0.05,-6.2153801918029785,,
153050,1.152637004852295,0.05,-6.653144836425781,,
153100,0.24527139961719513,0.05,-6.8699822425842285,,
153150,2.391838788986206,0.05,-7.658195972442627,,
153200,18.144804000854492,0.05,-9.233057975769043,,
153250,4.130667209625244,0.05,-7.622196197509766,,
153300,2.1546998023986816,0.05,-8.96169376373291,,
153350,38.78312301635742,0.05,-8.29004192352295,,
153400,21.187807083129883,0.05,-7.76572847366333,,
153450,39.02121353149414,0.05,-9.913207054138184,,
153500,16.31981086730957,0.05,-8.502464294433594,,
153550,32.53684616088867,0.05,-10.422614097595215,,
153600,2.4923105239868164,0.05,-7.911048889160156,,
153650,18.057342529296875,0.05,-7.306875228881836,,
153700,14.305805206298828,0.05,-8.063167572021484,,
153750,4.089777946472168,0.05,-7.10375452041626,,
153800,12.724563598632812,0.05,-9.040358543395996,,
153850,4.259439945220947,0.05,-7.472122669219971,,
153900,4.655516147613525,0.05,-8.400288581848145,,
153950,10.925724983215332,0.05,-7.903916835784912,,
154000,5.590438365936279,0.05,-8.420012474060059,,
154050,4.316591739654541,0.05,-9.177617073059082,,
154100,4.656635761260986,0.05,-8.26914119720459,,
154150,42.0376091003418,0.05,-8.106284141540527,,
154200,9.851827621459961,0.05,-7.662079334259033,,
154250,14.005134582519531,0.05,-7.783853530883789,,
154300,15.357693672180176,0.05,-8.251996994018555,,
154350,29.294252395629883,0.05,-8.523506164550781,,
154400,0.5153354406356812,0.05,-7.863138198852539,,
154450,3.5285251140594482,0.05,-10.36292839050293,,
154500,1.7503981590270996,0.05,-7.467153072357178,,
154550,3.489109754562378,0.05,-8.301397323608398,,
154600,17.81422996520996,0.05,-9.050171852111816,,
154650,17.042726516723633,0.05,-9.056426048278809,,
154700,5.523207187652588,0.05,-8.748214721679688,,
154750,3.008650779724121,0.05,-7.074851989746094,,
154800,40.05126953125,0.05,-8.614544868469238,,
154850,5.6638641357421875,0.05,-8.557843208312988,,
154900,13.149720191955566,0.05,-9.047544479370117,,
154950,27.11809539794922,0.05,-10.443915367126465,,
155000,26.805757522583008,0.05,-8.131199836730957,,
155050,23.535429000854492,0.05,-9.268074035644531,,
155100,32.9078254699707,0.05,-9.518898010253906,,
155150,14.571711540222168,0.05,-6.47756814956665,,
155200,0.9890965819358826,0.05,-6.330403804779053,,
155250,1.880325436592102,0.05,-8.875012397766113,,
155300,0.8890213370323181,0.05,-7.910245418548584,,
155350,2.002971887588501,0.05,-10.428572654724121,,
155400,1.8519784212112427,0.05,-8.11845588684082,,
155450,1.9792639017105103,0.05,-7.559672832489014,,
155500,18.377656936645508,0.05,-10.594809532165527,,
155550,0.2641151249408722,0.05,-7.376985549926758,,
155600,32.590415954589844,0.05,-8.278142929077148,,
155650,1.459586501121521,0.05,-7.582529544830322,,
155700,34.51357650756836,0.05,-8.84288501739502,,
155750,7.491055965423584,0.05,-9.060790061950684,,
155800,29.10991859436035,0.05,-8.398789405822754,,
155850,1.1046971082687378,0.05,-8.169693946838379,,
155900,11.64268970489502,0.05,-8.00973129272461,,
155950,9.413786888122559,0.05,-8.656418800354004,,
156000,0.1315244883298874,0.05,-6.211266040802002,,
156050,28.41660499572754,0.05,-8.206936836242676,,
156100,1.826326847076416,0.05,-9.066094398498535,,
156150,53.942317962646484,0.05,-11.032870292663574,,
156200,15.795811653137207,0.05,-8.277173042297363,,
156250,17.89812660217285,0.05,-9.798487663269043,,
156300,2.5341031551361084,0.05,-9.932374000549316,,
156350,22.894729614257812,0.05,-9.250266075134277,,
156400,8.19561767578125,0.05,-7.887179851531982,,
156450,1.6661285161972046,0.05,-6.77351713180542,,
156500,5.098039150238037,0.05,-10.367098808288574,,
156550,1.3280062675476074,0.05,-6.291328430175781,,
156600,27.85906410217285,0.05,-6.368412017822266,,
156650,13.92392635345459,0.05,-7.171850681304932,,
156700,2.87210750579834,0.05,-6.40241813659668,,
156750,8.424090385437012,0.05,-9.924148559570312,,
156800,18.623767852783203,0.05,-9.037422180175781,,
156850,35.23274230957031,0.05,-8.866860389709473,,
156900,0.9142305850982666,0.05,-6.608241558074951,,
156950,3.5170793533325195,0.05,-9.113938331604004,,
157000,35.59712219238281,0.05,-10.33067798614502,,
157050,26.11661720275879,0.05,-8.683979034423828,,
157100,73.34648895263672,0.05,-9.790014266967773,,
157150,12.720782279968262,0.05,-7.105167388916016,,
157200,9.625850677490234,0.05,-8.2157564163208,,
157250,8.913825988769531,0.05,-8.704150199890137,,
157300,2.1690666675567627,0.05,-7.975170135498047,,
157350,32.907081604003906,0.05,-8.698640823364258,,
157400,28.14109992980957,0.05,-8.556631088256836,,
157450,23.8122615814209,0.05,-12.767619132995605,,
157500,7.887731075286865,0.05,-8.786908149719238,,
157550,5.7877020835876465,0.05,-9.257859230041504,,
157600,36.2376823425293,0.05,-9.304908752441406,,
157650,17.048192977905273,0.05,-9.790164947509766,,
157700,3.190443992614746,0.05,-9.53172779083252,,
157750,1.958417296409607,0.05,-8.0285005569458,,
157800,10.597599983215332,0.05,-7.26722526550293,,
157850,14.117820739746094,0.05,-10.33749771118164,,
157900,9.487137794494629,0.05,-8.186272621154785,,
157950,8.15652847290039,0.05,-8.14515209197998,,
158000,11.935802459716797,0.05,-11.060977935791016,,
158050,14.23877239227295,0.05,-7.378332614898682,,
158100,39.20094299316406,0.05,-10.657320976257324,,
158150,7.302944660186768,0.05,-8.381644248962402,,
158200,24.362871170043945,0.05,-7.737480163574219,,
158250,0.9409112334251404,0.05,-7.5076117515563965,,
158300,25.448028564453125,0.05,-8.017789840698242,,
158350,2.0252418518066406,0.05,-8.15644359588623,,
158400,3.090343713760376,0.05,-7.4605584144592285,,
158450,16.238832473754883,0.05,-7.957817077636719,,
158500,28.750391006469727,0.05,-8.100985527038574,,
158550,7.1653313636779785,0.05,-9.26024341583252,,
158600,26.00193214416504,0.05,-9.163626670837402,,
158650,48.55918502807617,0.05,-10.104975700378418,,
158700,20.499614715576172,0.05,-8.505970001220703,,
158750,0.723742663860321,0.05,-7.4500603675842285,,
158800,36.55211639404297,0.05,-7.469869136810303,,
158850,52.16914749145508,0.05,-8.028425216674805,,
158900,2.0892999172210693,0.05,-6.83117151260376,,
158950,2.0896074771881104,0.05,-7.706021785736084,,
159000,12.073668479919434,0.05,-10.315592765808105,,
159050,12.240066528320312,0.05,-8.098066329956055,,
159100,7.8714728355407715,0.05,-8.454216003417969,,
159150,11.602921485900879,0.05,-8.31606388092041,,
159200,6.965036392211914,0.05,-7.564910888671875,,
159250,7.753509521484375,0.05,-8.142054557800293,,
159300,20.190471649169922,0.05,-9.975956916809082,,
159350,35.697017669677734,0.05,-8.684805870056152,,
159400,21.241212844848633,0.05,-10.051570892333984,,
159450,1.0870990753173828,0.05,-8.946818351745605,,
159500,31.255067825317383,0.05,-9.554402351379395,,
159550,18.628801345825195,0.05,-8.781180381774902,,
159600,94.1122055053711,0.05,-9.853519439697266,,
159650,14.48349380493164,0.05,-9.03296184539795,,
159700,24.426347732543945,0.05,-9.365670204162598,,
159750,0.2013339251279831,0.05,-6.887052536010742,,
159800,6.643705368041992,0.05,-10.938095092773438,,
159850,5.750051498413086,0.05,-7.542566299438477,,
159900,26.731565475463867,0.05,-8.06285572052002,,
159950,35.62423324584961,0.05,-8.661398887634277,,
160000,28.246156692504883,0.05,-10.356186866760254,,
160050,5.666793346405029,0.05,-8.900861740112305,,
160100,17.952117919921875,0.05,-10.529117584228516,,
160150,7.653459072113037,0.05,-8.285077095031738,,
160200,4.350800514221191,0.05,-7.8734307289123535,,
160250,26.926706314086914,0.05,-9.979233741760254,,
160300,0.3845251798629761,0.05,-9.026091575622559,,
160350,22.83977508544922,0.05,-8.037200927734375,,
160400,2.7538652420043945,0.05,-7.863367557525635,,
160450,3.4541027545928955,0.05,-9.254446983337402,,
160500,11.334084510803223,0.05,-9.728096008300781,,
160550,4.825819969177246,0.05,-8.49460506439209,,
160600,15.88165283203125,0.05,-10.818836212158203,,
160650,33.82396697998047,0.05,-9.201701164245605,,
160700,7.936047077178955,0.05,-8.882766723632812,,
160750,2.168226957321167,0.05,-8.836760520935059,,
160800,16.39979362487793,0.05,-9.190608978271484,,
160850,0.9653058648109436,0.05,-7.783080577850342,,
160900,12.947681427001953,0.05,-8.176301002502441,,
160950,38.3232307434082,0.05,-9.0871000289917,,
161000,11.25125503540039,0.05,-8.964457511901855,,
161050,26.56835174560547,0.05,-8.711407661437988,,
161100,0.7366170883178711,0.05,-9.29930591583252,,
161150,11.288909912109375,0.05,-8.643904685974121,,
161200,21.750104904174805,0.05,-7.6264824867248535,,
161250,1.7268716096878052,0.05,-8.182385444641113,,
161300,19.920785903930664,0.05,-8.359726905822754,,
161350,31.35411834716797,0.05,-9.0813570022583,,
161400,5.284179210662842,0.05,-8.326427459716797,,
161450,3.9993908405303955,0.05,-9.776328086853027,,
161500,13.405562400817871,0.05,-8.651098251342773,,
161550,2.8811874389648438,0.05,-8.495722770690918,,
161600,12.235514640808105,0.05,-8.042037010192871,,
161650,5.462233066558838,0.05,-8.351906776428223,,
161700,2.5590288639068604,0.05,-8.662025451660156,,
161750,18.342988967895508,0.05,-7.58588981628418,,
161800,6.480930805206299,0.05,-9.115500450134277,,
161850,11.806029319763184,0.05,-8.80430793762207,,
161900,15.330521583557129,0.05,-8.14006233215332,,
161950,6.375441074371338,0.05,-9.163727760314941,,
162000,3.641319513320923,0.05,-8.519633293151855,,
162050,23.021299362182617,0.05,-11.11612606048584,,
162100,9.482953071594238,0.05,-7.883266448974609,,
162150,0.1631530076265335,0.05,-7.728185176849365,,
162200,16.482118606567383,0.05,-8.320108413696289,,
162250,18.21985626220703,0.05,-10.705154418945312,,
162300,5.068288803100586,0.05,-7.992668151855469,,
162350,2.5491347312927246,0.05,-8.904326438903809,,
162400,6.749668121337891,0.05,-9.04582691192627,,
162450,16.049222946166992,0.05,-9.521445274353027,,
162500,1.2615433931350708,0.05,-10.48599910736084,,
162550,9.150311470031738,0.05,-8.287930488586426,,
162600,3.9510338306427,0.05,-8.593524932861328,,
162650,11.111442565917969,0.05,-8.664443969726562,,
162700,27.029626846313477,0.05,-9.473340034484863,,
162750,46.83060073852539,0.05,-7.667745113372803,,
162800,15.597972869873047,0.05,-6.920421123504639,,
162850,14.262152671813965,0.05,-8.649935722351074,,
162900,24.719560623168945,0.05,-8.512245178222656,,
162950,2.977691411972046,0.05,-8.738099098205566,,
163000,38.452877044677734,0.05,-8.168509483337402,,
163050,3.9036872386932373,0.05,-7.5800089836120605,,
163100,2.6253561973571777,0.05,-10.628029823303223,,
163150,1.772721290588379,0.05,-8.877881050109863,,
163200,13.29228687286377,0.05,-8.255757331848145,,
163250,11.218422889709473,0.05,-8.594422340393066,,
163300,12.28476619720459,0.05,-9.626173973083496,,
163350,6.8483147621154785,0.05,-8.899191856384277,,
163400,39.08467483520508,0.05,-8.055025100708008,,
163450,0.8253295421600342,0.05,-8.694860458374023,,
163500,36.54874038696289,0.05,-9.874530792236328,,
163550,1.9825539588928223,0.05,-10.695679664611816,,
163600,15.176072120666504,0.05,-8.824538230895996,,
163650,25.629058837890625,0.05,-10.507128715515137,,
163700,14.7041015625,0.05,-8.495774269104004,,
163750,29.74042510986328,0.05,-8.745916366577148,,
163800,13.924609184265137,0.05,-11.187678337097168,,
163850,2.386286735534668,0.05,-8.892040252685547,,
163900,15.28929615020752,0.05,-10.360074043273926,,
163950,52.7822380065918,0.05,-9.062722206115723,,
164000,33.977874755859375,0.05,-8.84075927734375,,
164050,1.2432658672332764,0.05,-8.702816009521484,,
164100,3.009493112564087,0.05,-10.37601375579834,,
164150,5.827419757843018,0.05,-8.069172859191895,,
164200,22.801626205444336,0.05,-9.448946952819824,,
164250,15.275214195251465,0.05,-10.070387840270996,,
164300,14.836104393005371,0.05,-9.06458568572998,,
164350,10.571532249450684,0.05,-8.04564094543457,,
164400,7.682178497314453,0.05,-9.339203834533691,,
164450,3.4353668689727783,0.05,-8.828032493591309,,
164500,36.16849899291992,0.05,-10.467961311340332,,
164550,43.19919967651367,0.05,-11.818260192871094,,
164600,0.319659024477005,0.05,-7.557974338531494,,
164650,0.6822252869606018,0.05,-8.969344139099121,,
164700,27.466529846191406,0.05,-8.818472862243652,,
164750,17.924161911010742,0.05,-9.866459846496582,,
164800,18.03029441833496,0.05,-11.553622245788574,,
164850,7.744019031524658,0.05,-10.067564964294434,,
164900,26.22278594970703,0.05,-9.215559959411621,,
164950,13.545649528503418,0.05,-8.123705863952637,,
165000,8.668164253234863,0.05,-9.145393371582031,,
165050,2.7280919551849365,0.05,-10.002786636352539,,
165100,35.37531661987305,0.05,-10.006131172180176,,
165150,4.889854907989502,0.05,-9.06090259552002,,
165200,2.9989748001098633,0.05,-9.747659683227539,,
165250,17.82135581970215,0.05,-8.784695625305176,,
165300,37.31242752075195,0.05,-10.733139991760254,,
165350,34.4246940612793,0.05,-9.366031646728516,,
165400,18.847347259521484,0.05,-9.090041160583496,,
165450,11.37229061126709,0.05,-9.333706855773926,,
165500,18.255517959594727,0.05,-10.875247955322266,,
165550,0.4255925118923187,0.05,-9.867770195007324,,
165600,17.304895401000977,0.05,-10.381647109985352,,
165650,25.69048500061035,0.05,-10.528813362121582,,
165700,16.404085159301758,0.05,-7.4794487953186035,,
165750,7.700176239013672,0.05,-8.545316696166992,,
165800,16.617868423461914,0.05,-11.426464080810547,,
165850,47.25701904296875,0.05,-10.213536262512207,,
165900,19.569154739379883,0.05,-8.247321128845215,,
165950,5.802201747894287,0.05,-9.639861106872559,,
166000,35.565853118896484,0.05,-8.219138145446777,,
166050,0.9683745503425598,0.05,-8.10877799987793,,
166100,8.228703498840332,0.05,-10.161660194396973,,
166150,12.402000427246094,0.05,-7.561260223388672,,
166200,35.64425277709961,0.05,-11.293685913085938,,
166250,15.682414054870605,0.05,-9.236686706542969,,
166300,8.117037773132324,0.05,-8.743444442749023,,
166350,3.256521463394165,0.05,-9.237532615661621,,
166400,28.48035430908203,0.05,-10.713272094726562,,
166450,31.999921798706055,0.05,-9.07658863067627,,
166500,4.527771472930908,0.05,-7.186007022857666,,
166550,28.70403480529785,0.05,-11.171504020690918,,
166600,1.1510969400405884,0.05,-9.995404243469238,,
166650,12.903935432434082,0.05,-7.862102508544922,,
166700,4.766512393951416,0.05,-8.582298278808594,,
166750,5.918800354003906,0.05,-8.968673706054688,,
166800,5.7827301025390625,0.05,-9.75662612915039,,
166850,38.23636245727539,0.05,-9.459576606750488,,
166900,30.656051635742188,0.05,-11.170951843261719,,
166950,14.442337989807129,0.05,-7.023595333099365,,
167000,2.662639856338501,0.05,-10.42908763885498,,
167050,17.210468292236328,0.05,-8.605871200561523,,
167100,44.96550369262695,0.05,-8.605374336242676,,
167150,15.533207893371582,0.05,-9.103104591369629,,
167200,16.760900497436523,0.05,-8.848194122314453,,
167250,13.175581932067871,0.05,-9.188000679016113,,
167300,3.9758927822113037,0.05,-9.060279846191406,,
167350,18.08672523498535,0.05,-9.363395690917969,,
167400,4.6701459884643555,0.05,-9.279311180114746,,
167450,38.12519073486328,0.05,-11.40979290008545,,
167500,18.535728454589844,0.05,-9.217082977294922,,
167550,22.509164810180664,0.05,-10.860133171081543,,
167600,16.100252151489258,0.05,-10.130257606506348,,
167650,45.326141357421875,0.05,-9.419483184814453,,
167700,21.137231826782227,0.05,-7.67352819442749,,
167750,16.386762619018555,0.05,-8.556445121765137,,
167800,46.60506820678711,0.05,-8.117119789123535,,
167850,29.72410011291504,0.05,-8.504945755004883,,
167900,18.85730743408203,0.05,-9.610028266906738,,
167950,22.200599670410156,0.05,-8.196220397949219,,
168000,34.7357292175293,0.05,-8.651439666748047,,
168050,13.072295188903809,0.05,-10.687088966369629,,
168100,11.569519996643066,0.05,-10.00306510925293,,
168150,10.316454887390137,0.05,-10.11361026763916,,
168200,6.8384175300598145,0.05,-8.909642219543457,,
168250,17.275583267211914,0.05,-10.070807456970215,,
168300,4.487401962280273,0.05,-8.707364082336426,,
168350,10.31053638458252,0.05,-8.759251594543457,,
168400,21.039688110351562,0.05,-10.389517784118652,,
168450,4.422171115875244,0.05,-8.827179908752441,,
168500,15.97455883026123,0.05,-8.315794944763184,,
168550,0.8292143940925598,0.05,-7.151581287384033,,
168600,3.376699686050415,0.05,-8.780138969421387,,
168650,9.164782524108887,0.05,-9.828251838684082,,
168700,9.363306999206543,0.05,-8.274099349975586,,
168750,14.990280151367188,0.05,-8.320182800292969,,
168800,1.4673532247543335,0.05,-9.194502830505371,,
168850,6.954348087310791,0.05,-9.10625171661377,,
168900,24.06451416015625,0.05,-8.796483993530273,,
168950,15.46793270111084,0.05,-8.094210624694824,,
169000,47.41805648803711,0.05,-9.423530578613281,,
169050,3.7541048526763916,0.05,-8.416258811950684,,
169100,20.74599266052246,0.05,-10.260391235351562,,
169150,0.9329332709312439,0.05,-9.421393394470215,,
169200,6.048691272735596,0.05,-8.641386985778809,,
169250,20.86528968811035,0.05,-9.189248085021973,,
169300,21.748046875,0.05,-10.074725151062012,,
169350,2.044820785522461,0.05,-8.626286506652832,,
169400,3.7447128295898438,0.05,-10.506368637084961,,
169450,36.62631607055664,0.05,-8.4380464553833,,
169500,2.798783302307129,0.05,-9.035981178283691,,
169550,27.732324600219727,0.05,-10.42812728881836,,
169600,14.762850761413574,0.05,-8.962058067321777,,
169650,16.800586700439453,0.05,-9.36269474029541,,
169700,0.6521627306938171,0.05,-8.83237075805664,,
169750,9.273256301879883,0.05,-9.937189102172852,,
169800,25.62413215637207,0.05,-10.361679077148438,,
169850,4.649457931518555,0.05,-11.302105903625488,,
169900,1.0343629121780396,0.05,-9.228862762451172,,
169950,0.9020142555236816,0.05,-8.79978084564209,,
170000,1.4588984251022339,0.05,-9.575961112976074,,
170050,6.890815258026123,0.05,-10.149174690246582,,
170100,15.531524658203125,0.05,-10.538264274597168,,
170150,39.49305725097656,0.05,-8.708320617675781,,
170200,53.118988037109375,0.05,-10.876023292541504,,
170250,1.5795315504074097,0.05,-9.861526489257812,,
170300,13.472487449645996,0.05,-8.812867164611816,,
170350,49.179439544677734,0.05,-11.108834266662598,,
170400,36.1021842956543,0.05,-10.38745403289795,,
170450,19.94553565979004,0.05,-9.594943046569824,,
170500,3.5534045696258545,0.05,-8.289478302001953,,
170550,21.1319522857666,0.05,-9.952194213867188,,
170600,21.026063919067383,0.05,-9.687358856201172,,
170650,2.2031056880950928,0.05,-8.358325958251953,,
170700,0.9744138717651367,0.05,-8.040817260742188,,
170750,31.62477684020996,0.05,-10.324792861938477,,
170800,4.927453994750977,0.05,-8.14578914642334,,
170850,22.909088134765625,0.05,-8.947056770324707,,
170900,24.85137939453125,0.05,-13.110312461853027,,
170950,7.636714458465576,0.05,-8.160465240478516,,
171000,28.049646377563477,0.05,-10.758238792419434,,
171050,35.41476058959961,0.05,-10.04293441772461,,
171100,58.872867584228516,0.05,-9.956433296203613,,
171150,25.18597412109375,0.05,-10.642768859863281,,
171200,6.599114894866943,0.05,-10.180289268493652,,
171250,17.662004470825195,0.05,-7.825140476226807,,
171300,38.746829986572266,0.05,-8.274130821228027,,
171350,26.606414794921875,0.05,-9.111536979675293,,
171400,25.813966751098633,0.05,-9.54589557647705,,
171450,15.303730964660645,0.05,-10.20561408996582,,
171500,3.1879751682281494,0.05,-9.226885795593262,,
171550,14.134437561035156,0.05,-8.718350410461426,,
171600,11.935043334960938,0.05,-9.260689735412598,,
171650,3.282202959060669,0.05,-9.999030113220215,,
171700,11.238887786865234,0.05,-10.879372596740723,,
171750,18.529653549194336,0.05,-9.897912979125977,,
171800,26.66845703125,0.05,-10.24802303314209,,
171850,26.26149559020996,0.05,-9.679400444030762,,
171900,15.106891632080078,0.05,-10.320466041564941,,
171950,1.5591963529586792,0.05,-8.45968246459961,,
172000,1.2324153184890747,0.05,-9.617168426513672,,
172050,11.236098289489746,0.05,-8.922439575195312,,
172100,11.459538459777832,0.05,-9.216695785522461,,
172150,9.789958000183105,0.05,-9.801118850708008,,
172200,13.949699401855469,0.05,-8.278017044067383,,
172250,4.926165580749512,0.05,-9.46340560913086,,
172300,2.4190564155578613,0.05,-10.13463020324707,,
172350,11.019401550292969,0.05,-9.789767265319824,,
172400,13.294914245605469,0.05,-8.93150806427002,,
172450,15.92701244354248,0.05,-10.591607093811035,,
172500,12.474106788635254,0.05,-9.720105171203613,,
172550,9.698551177978516,0.05,-8.64185619354248,,
172600,3.5080745220184326,0.05,-9.84764575958252,,
172650,4.642707347869873,0.05,-9.227712631225586,,
172700,4.052096843719482,0.05,-8.2107515335083,,
172750,3.0844876766204834,0.05,-10.90218734741211,,
172800,4.578169822692871,0.05,-10.048396110534668,,
172850,24.07962989807129,0.05,-9.941559791564941,,
172900,22.9515438079834,0.05,-9.497937202453613,,
172950,8.689343452453613,0.05,-10.184799194335938,,
173000,3.6827564239501953,0.05,-8.283920288085938,,
173050,2.4333794116973877,0.05,-8.801628112792969,,
173100,1.6567400693893433,0.05,-9.43665599822998,,
173150,16.32573127746582,0.05,-8.550246238708496,,
173200,3.3663723468780518,0.05,-8.947497367858887,,
173250,5.849478244781494,0.05,-9.46939468383789,,
173300,2.879746437072754,0.05,-11.972877502441406,,
173350,18.36957359313965,0.05,-8.942360877990723,,
173400,13.7185697555542,0.05,-9.063080787658691,,
173450,12.639985084533691,0.05,-8.018674850463867,,
173500,26.886255264282227,0.05,-10.313511848449707,,
173550,5.424100399017334,0.05,-8.42915153503418,,
173600,14.37039566040039,0.05,-9.958561897277832,,
173650,46.391536712646484,0.05,-10.51473331451416,,
173700,50.86013412475586,0.05,-9.016873359680176,,
173750,0.6325769424438477,0.05,-8.828811645507812,,
173800,2.829477071762085,0.05,-9.694397926330566,,
173850,19.12763786315918,0.05,-9.980029106140137,,
173900,17.161508560180664,0.05,-11.764129638671875,,
173950,42.77232360839844,0.05,-11.012856483459473,,
174000,6.897657871246338,0.05,-9.835650444030762,,
174050,65.29402923583984,0.05,-11.875858306884766,,
174100,47.971435546875,0.05,-9.107565879821777,,
174150,44.26796340942383,0.05,-9.446337699890137,,
174200,5.512931823730469,0.05,-13.56506633758545,,
174250,17.455114364624023,0.05,-10.244461059570312,,
174300,35.5025520324707,0.05,-10.803398132324219,,
174350,5.110651969909668,0.05,-9.288283348083496,,
174400,2.398566961288452,0.05,-12.370063781738281,,
174450,8.2632474899292,0.05,-8.150449752807617,,
174500,76.27387237548828,0.05,-10.966384887695312,,
174550,30.823335647583008,0.05,-9.732211112976074,,
174600,3.311509847640991,0.05,-9.253714561462402,,
174650,39.4748649597168,0.05,-11.1810884475708,,
174700,32.85185241699219,0.05,-7.8372802734375,,
174750,23.149856567382812,0.05,-8.410980224609375,,
174800,43.076171875,0.05,-10.949671745300293,,
174850,2.6868388652801514,0.05,-7.364337921142578,,
174900,25.09955596923828,0.05,-8.91684627532959,,
174950,22.154617309570312,0.05,-8.721445083618164,,
175000,6.404834747314453,0.05,-9.267056465148926,-0.8760699125853764,26.13333333333333
175050,25.833032608032227,0.05,-8.366914749145508,,
175100,50.56721496582031,0.05,-10.274435997009277,,
175150,8.097012519836426,0.05,-9.335558891296387,,
175200,1.421655535697937,0.05,-8.729716300964355,,
175250,36.4754638671875,0.05,-10.745448112487793,,
175300,1.0969843864440918,0.05,-8.352070808410645,,
175350,21.66410255432129,0.05,-9.259361267089844,,
175400,26.255294799804688,0.05,-9.806347846984863,,
175450,8.670044898986816,0.05,-10.386920928955078,,
175500,34.68227767944336,0.05,-9.358807563781738,,
175550,2.339266538619995,0.05,-8.753384590148926,,
175600,23.708166122436523,0.05,-8.808459281921387,,
175650,3.874262571334839,0.05,-8.959582328796387,,
175700,8.936175346374512,0.05,-8.518420219421387,,
175750,5.147396564483643,0.05,-8.758295059204102,,
175800,37.534183502197266,0.05,-10.707337379455566,,
175850,4.633834362030029,0.05,-11.502883911132812,,
175900,19.280324935913086,0.05,-8.849228858947754,,
175950,8.380217552185059,0.05,-9.447809219360352,,
176000,12.831517219543457,0.05,-8.435417175292969,,
176050,36.048885345458984,0.05,-7.296806335449219,,
176100,12.888641357421875,0.05,-9.600621223449707,,
176150,29.80545997619629,0.05,-8.586127281188965,,
176200,30.176252365112305,0.05,-11.694451332092285,,
176250,1.2369887828826904,0.05,-8.69607162475586,,
176300,38.73373794555664,0.05,-9.942950248718262,,
176350,32.75638961791992,0.05,-11.052928924560547,,
176400,14.8973388671875,0.05,-10.057915687561035,,
176450,27.80885887145996,0.05,-10.999412536621094,,
176500,2.1714160442352295,0.05,-8.857078552246094,,
176550,9.31475830078125,0.05,-10.110283851623535,,
176600,40.52265548706055,0.05,-9.332632064819336,,
176650,4.721951484680176,0.05,-9.207599639892578,,
176700,21.501806259155273,0.05,-9.729193687438965,,
176750,27.22809410095215,0.05,-10.992165565490723,,
176800,23.987945556640625,0.05,-8.614631652832031,,
176850,8.708320617675781,0.05,-9.535665512084961,,
176900,35.470794677734375,0.05,-10.889019966125488,,
176950,35.21686553955078,0.05,-8.880179405212402,,
177000,21.878623962402344,0.05,-10.811820030212402,,
177050,25.310012817382812,0.05,-9.948749542236328,,
177100,33.7144775390625,0.05,-9.760765075683594,,
177150,4.673159122467041,0.05,-8.992344856262207,,
177200,28.691390991210938,0.05,-9.104065895080566,,
177250,22.54308319091797,0.05,-10.808405876159668,,
177300,25.099443435668945,0.05,-8.371930122375488,,
177350,16.02570915222168,0.05,-10.011309623718262,,
177400,5.1562299728393555,0.05,-10.667274475097656,,
177450,7.742429256439209,0.05,-8.392778396606445,,
177500,24.643539428710938,0.05,-8.274077415466309,,
177550,22.61836814880371,0.05,-9.912999153137207,,
177600,5.978044033050537,0.05,-9.79108715057373,,
177650,13.744361877441406,0.05,-10.782207489013672,,
177700,1.7516859769821167,0.05,-10.863446235656738,,
177750,38.2082633972168,0.05,-10.475131034851074,,
177800,11.355917930603027,0.05,-9.890003204345703,,
177850,10.987971305847168,0.05,-8.390461921691895,,
177900,1.6581206321716309,0.05,-9.226052284240723,,
177950,20.404539108276367,0.05,-10.236430168151855,,
178000,20.795656204223633,0.05,-8.831459045410156,,
178050,5.170190334320068,0.05,-9.358501434326172,,
178100,2.2471132278442383,0.05,-9.406789779663086,,
178150,18.066781997680664,0.05,-9.518439292907715,,
178200,17.80714225769043,0.05,-8.963160514831543,,
178250,13.314594268798828,0.05,-8.256970405578613,,
178300,3.111032485961914,0.05,-10.406699180603027,,
178350,3.010930299758911,0.05,-10.530628204345703,,
178400,15.466155052185059,0.05,-10.157499313354492,,
178450,36.68172836303711,0.05,-10.276634216308594,,
178500,28.29439353942871,0.05,-9.794489860534668,,
178550,1.8612847328186035,0.05,-9.071074485778809,,
178600,4.545238494873047,0.05,-12.182339668273926,,
178650,29.9468994140625,0.05,-11.241680145263672,,
178700,5.664878845214844,0.05,-8.990090370178223,,
178750,41.4262580871582,0.05,-10.347359657287598,,
178800,13.314476013183594,0.05,-9.737452507019043,,
178850,37.50887680053711,0.05,-8.70983600616455,,
178900,36.08559036254883,0.05,-10.328033447265625,,
178950,14.377891540527344,0.05,-11.352828979492188,,
179000,24.793405532836914,0.05,-9.465439796447754,,
179050,1.0625139474868774,0.05,-8.886326789855957,,
179100,1.1795774698257446,0.05,-10.265093803405762,,
179150,32.564266204833984,0.05,-9.360092163085938,,
179200,61.35551834106445,0.05,-13.44424819946289,,
179250,44.16947555541992,0.05,-9.980185508728027,,
179300,10.594189643859863,0.05,-11.202217102050781,,
179350,14.785324096679688,0.05,-10.19572925567627,,
179400,6.469955921173096,0.05,-8.442648887634277,,
179450,34.92598342895508,0.05,-8.113494873046875,,
179500,28.71588134765625,0.05,-9.438488006591797,,
179550,7.081137180328369,0.05,-10.346779823303223,,
179600,19.335147857666016,0.05,-8.732892036437988,,
179650,3.48024582862854,0.05,-8.229830741882324,,
179700,24.237213134765625,0.05,-10.25403881072998,,
179750,60.94926452636719,0.05,-11.742900848388672,,
179800,18.830171585083008,0.05,-13.26047420501709,,
179850,22.855188369750977,0.05,-9.460826873779297,,
179900,27.346593856811523,0.05,-10.88919448852539,,
179950,29.880935668945312,0.05,-10.045465469360352,,
180000,3.2572269439697266,0.05,-7.364116668701172,,
180050,24.344223022460938,0.05,-11.156594276428223,,
180100,2.6176939010620117,0.05,-9.603851318359375,,
180150,27.398488998413086,0.05,-8.372122764587402,,
180200,20.092079162597656,0.05,-9.628872871398926,,
180250,1.4188908338546753,0.05,-8.188202857971191,,
180300,4.681346893310547,0.05,-8.50204849243164,,
180350,11.361014366149902,0.05,-8.850627899169922,,
180400,33.88567352294922,0.05,-12.412283897399902,,
180450,28.1348934173584,0.05,-8.80111026763916,,
180500,3.6429786682128906,0.05,-8.35707950592041,,
180550,2.8949193954467773,0.05,-7.590649127960205,,
180600,20.136301040649414,0.05,-9.450724601745605,,
180650,17.371843338012695,0.05,-9.22608470916748,,
180700,7.293782711029053,0.05,-8.083356857299805,,
180750,13.945197105407715,0.05,-8.9727783203125,,
180800,2.204976797103882,0.05,-8.77767562866211,,
180850,30.352994918823242,0.05,-9.332810401916504,,
180900,26.925222396850586,0.05,-10.720902442932129,,
180950,19.733842849731445,0.05,-9.898829460144043,,
181000,18.658143997192383,0.05,-10.27030086517334,,
181050,13.030379295349121,0.05,-7.344968795776367,,
181100,6.33998441696167,0.05,-10.611495018005371,,
181150,10.374361991882324,0.05,-9.103608131408691,,
181200,1.1812968254089355,0.05,-8.954981803894043,,
181250,3.6382477283477783,0.05,-10.03907299041748,,
181300,25.895103454589844,0.05,-9.457721710205078,,
181350,2.6835858821868896,0.05,-9.851823806762695,,
181400,0.45267486572265625,0.05,-8.53499984741211,,
181450,2.43947434425354,0.05,-9.11076831817627,,
181500,13.735461235046387,0.05,-9.806679725646973,,
181550,19.132766723632812,0.05,-8.235220909118652,,
181600,15.69214153289795,0.05,-8.704322814941406,,
181650,1.9570465087890625,0.05,-9.301325798034668,,
181700,8.46887493133545,0.05,-10.87868595123291,,
181750,1.6909661293029785,0.05,-7.991312026977539,,
181800,16.437673568725586,0.05,-9.810972213745117,,
181850,23.103078842163086,0.05,-9.15395736694336,,
181900,5.292696952819824,0.05,-8.904891014099121,,
181950,4.883182048797607,0.05,-10.428881645202637,,
182000,27.63413429260254,0.05,-9.458234786987305,,
182050,14.34615421295166,0.05,-10.678793907165527,,
182100,0.8968809247016907,0.05,-10.017155647277832,,
182150,12.7367582321167,0.05,-10.518271446228027,,
182200,1.2586506605148315,0.05,-8.633585929870605,,
182250,27.62639617919922,0.05,-11.474563598632812,,
182300,8.446873664855957,0.05,-9.5654878616333,,
182350,6.392963409423828,0.05,-7.7739739418029785,,
182400,15.755340576171875,0.05,-8.368810653686523,,
182450,8.472779273986816,0.05,-7.861934661865234,,
182500,47.42597961425781,0.05,-9.723358154296875,,
182550,3.834728240966797,0.05,-8.273331642150879,,
182600,3.7678470611572266,0.05,-7.949913501739502,,
182650,2.614989995956421,0.05,-7.7736334800720215,,
182700,11.996397972106934,0.05,-9.454503059387207,,
182750,31.618494033813477,0.05,-10.542877197265625,,
182800,1.6945834159851074,0.05,-8.48139762878418,,
182850,3.3016932010650635,0.05,-10.168183326721191,,
182900,0.9116520881652832,0.05,-7.394550800323486,,
182950,15.476700782775879,0.05,-7.83745002746582,,
183000,21.45789337158203,0.05,-10.031243324279785,,
183050,16.413742065429688,0.05,-9.590411186218262,,
183100,14.167462348937988,0.05,-9.45462703704834,,
183150,5.12937593460083,0.05,-8.98751163482666,,
183200,15.507367134094238,0.05,-10.42282772064209,,
183250,27.47875213623047,0.05,-10.141761779785156,,
183300,16.90791130065918,0.05,-9.539205551147461,,
183350,12.145720481872559,0.05,-8.184394836425781,,
183400,2.718653678894043,0.05,-7.426504611968994,,
183450,12.917511940002441,0.05,-11.33614444732666,,
183500,13.165574073791504,0.05,-9.333575248718262,,
183550,3.1386797428131104,0.05,-11.056012153625488,,
183600,3.971478223800659,0.05,-8.025561332702637,,
183650,2.0602304935455322,0.05,-8.791812896728516,,
183700,39.358909606933594,0.05,-9.826069831848145,,
183750,10.337552070617676,0.05,-8.921319961547852,,
183800,29.57218360900879,0.05,-9.400712966918945,,
183850,3.905198335647583,0.05,-8.47982120513916,,
183900,3.6470794677734375,0.05,-9.505844116210938,,
183950,2.164405345916748,0.05,-8.15677261352539,,
184000,11.662322998046875,0.05,-7.678648471832275,,
184050,4.769210338592529,0.05,-9.62772274017334,,
184100,1.276685118675232,0.05,-7.274460315704346,,
184150,1.4968976974487305,0.05,-9.271276473999023,,
184200,52.44734573364258,0.05,-11.10145092010498,,
184250,21.591018676757812,0.05,-10.411983489990234,,
184300,9.438855171203613,0.05,-10.138192176818848,,
184350,49.29403305053711,0.05,-10.143105506896973,,
184400,28.339750289916992,0.05,-10.579724311828613,,
184450,8.977377891540527,0.05,-9.146218299865723,,
184500,18.979158401489258,0.05,-10.015759468078613,,
184550,7.346240997314453,0.05,-8.792447090148926,,
184600,21.20462989807129,0.05,-9.90125846862793,,
184650,42.3382453918457,0.05,-8.597232818603516,,
184700,18.144346237182617,0.05,-9.759191513061523,,
184750,33.98671340942383,0.05,-9.282829284667969,,
184800,1.8313888311386108,0.05,-8.2875337600708,,
184850,8.027450561523438,0.05,-9.65890884399414,,
184900,3.5524463653564453,0.05,-8.608627319335938,,
184950,20.496984481811523,0.05,-12.820902824401855,,
185000,29.94910430908203,0.05,-9.299588203430176,,
185050,3.5382349491119385,0.05,-9.946319580078125,,
185100,16.765804290771484,0.05,-7.7798075675964355,,
185150,17.022451400756836,0.05,-9.58767032623291,,
185200,0.7556138038635254,0.05,-9.928417205810547,,
185250,14.623970985412598,0.05,-8.997300148010254,,
185300,2.8681821823120117,0.05,-9.451393127441406,,
185350,1.9670648574829102,0.05,-10.74819278717041,,
185400,23.949716567993164,0.05,-10.210843086242676,,
185450,36.52937698364258,0.05,-9.451375007629395,,
185500,1.8054665327072144,0.05,-8.991998672485352,,
185550,95.73281860351562,0.05,-9.781314849853516,,
185600,60.9567985534668,0.05,-10.00576114654541,,
185650,3.4707720279693604,0.05,-8.961413383483887,,
185700,101.91842651367188,0.05,-11.184470176696777,,
185750,0.48117783665657043,0.05,-8.674729347229004,,
185800,48.80039978027344,0.05,-9.886143684387207,,
185850,7.993612766265869,0.05,-9.603071212768555,,
185900,16.03582191467285,0.05,-9.390035629272461,,
185950,2.607875108718872,0.05,-11.22922134399414,,
186000,18.73481559753418,0.05,-10.213458061218262,,
186050,29.4555606842041,0.05,-8.634089469909668,,
186100,9.357267379760742,0.05,-10.056591033935547,,
186150,5.723714351654053,0.05,-8.344372749328613,,
186200,32.8354377746582,0.05,-8.751447677612305,,
186250,3.9345970153808594,0.05,-8.912433624267578,,
186300,4.060671806335449,0.05,-8.5116548538208,,
186350,13.735836029052734,0.05,-8.886855125427246,,
186400,0.8320907950401306,0.05,-8.579668998718262,,
186450,22.279891967773438,0.05,-10.913139343261719,,
186500,0.29156172275543213,0.05,-7.684365749359131,,
186550,7.399896144866943,0.05,-8.447513580322266,,
186600,7.3619914054870605,0.05,-8.149182319641113,,
186650,16.12199592590332,0.05,-9.153289794921875,,
186700,14.62440013885498,0.05,-7.754371643066406,,
186750,14.9614839553833,0.05,-8.101475715637207,,
186800,22.62200164794922,0.05,-9.779580116271973,,
186850,18.6782169342041,0.05,-8.98718547821045,,
186900,0.7410969734191895,0.05,-10.552998542785645,,
186950,30.738805770874023,0.05,-9.836274147033691,,
187000,19.9521484375,0.05,-9.300764083862305,,
187050,8.141875267028809,0.05,-9.170821189880371,,
187100,31.24127960205078,0.05,-12.448668479919434,,
187150,29.651405334472656,0.05,-9.836175918579102,,
187200,2.994311571121216,0.05,-9.670226097106934,,
187250,4.867914199829102,0.05,-9.77347183227539,,
187300,3.094485282897949,0.05,-9.95942497253418,,
187350,33.10194778442383,0.05,-8.871795654296875,,
187400,4.142188549041748,0.05,-11.198134422302246,,
187450,29.528226852416992,0.05,-8.077181816101074,,
187500,3.5373189449310303,0.05,-7.7199249267578125,,
187550,14.061600685119629,0.05,-7.896002292633057,,
187600,12.891467094421387,0.05,-8.686124801635742,,
187650,1.798272728919983,0.05,-8.209250450134277,,
187700,53.842132568359375,0.05,-11.302599906921387,,
187750,18.724435806274414,0.05,-9.078726768493652,,
187800,0.20608346164226532,0.05,-6.838218688964844,,
187850,1.6172490119934082,0.05,-7.533728122711182,,
187900,12.45266342163086,0.05,-8.820080757141113,,
187950,5.362947940826416,0.05,-8.229098320007324,,
188000,7.983512878417969,0.05,-9.306696891784668,,
188050,28.235700607299805,0.05,-8.596942901611328,,
188100,27.97277069091797,0.05,-9.9751615524292,,
188150,32.73179244995117,0.05,-9.872997283935547,,
188200,0.47608301043510437,0.05,-8.069798469543457,,
188250,5.432704925537109,0.05,-10.27530574798584,,
188300,3.6954739093780518,0.05,-9.097944259643555,,
188350,7.054819107055664,0.05,-9.49739933013916,,
188400,25.827911376953125,0.05,-9.29012393951416,,
188450,40.375877380371094,0.05,-8.554734230041504,,
188500,32.77861022949219,0.05,-8.855053901672363,,
188550,24.293790817260742,0.05,-9.255980491638184,,
188600,23.861005783081055,0.05,-11.071632385253906,,
188650,29.367738723754883,0.05,-9.881915092468262,,
188700,16.209503173828125,0.05,-9.04848575592041,,
188750,2.104651689529419,0.05,-10.320436477661133,,
188800,23.300546646118164,0.05,-10.345763206481934,,
188850,3.8987245559692383,0.05,-7.985585689544678,,
188900,3.1881825923919678,0.05,-8.151817321777344,,
188950,0.3144068717956543,0.05,-7.998778820037842,,
189000,3.091376543045044,0.05,-8.54428768157959,,
189050,1.1776503324508667,0.05,-10.55636215209961,,
189100,5.984491348266602,0.05,-11.526165962219238,,
189150,30.91450309753418,0.05,-11.24526596069336,,
189200,18.503917694091797,0.05,-10.121688842773438,,
189250,1.9716883897781372,0.05,-7.223250865936279,,
189300,40.52984619140625,0.05,-9.75362491607666,,
189350,1.7747348546981812,0.05,-8.512733459472656,,
189400,36.86471176147461,0.05,-8.579034805297852,,
189450,8.454432487487793,0.05,-11.617119789123535,,
189500,9.540206909179688,0.05,-9.842329978942871,,
189550,17.358444213867188,0.05,-9.382157325744629,,
189600,41.54022979736328,0.05,-11.203727722167969,,
189650,17.660905838012695,0.05,-10.523067474365234,,
189700,2.391618013381958,0.05,-8.939848899841309,,
189750,17.390092849731445,0.05,-9.508676528930664,,
189800,1.253564476966858,0.05,-9.704364776611328,,
189850,39.78475570678711,0.05,-10.407696723937988,,
189900,47.987369537353516,0.05,-9.425980567932129,,
189950,0.6141583323478699,0.05,-9.254181861877441,,
190000,46.71142578125,0.05,-8.831738471984863,,
190050,26.826749801635742,0.05,-6.780771255493164,,
190100,15.609724998474121,0.05,-9.258139610290527,,
190150,21.813682556152344,0.05,-9.283906936645508,,
190200,14.307517051696777,0.05,-7.937132358551025,,
190250,61.347442626953125,0.05,-9.171442985534668,,
190300,2.488309144973755,0.05,-8.885856628417969,,
190350,11.561514854431152,0.05,-9.469059944152832,,
190400,32.9698600769043,0.05,-9.42597484588623,,
190450,19.68147087097168,0.05,-10.549321174621582,,
190500,8.460482597351074,0.05,-9.790157318115234,,
190550,14.232792854309082,0.05,-7.6613850593566895,,
190600,27.12153434753418,0.05,-9.214123725891113,,
190650,3.5524730682373047,0.05,-8.681745529174805,,
190700,32.319183349609375,0.05,-10.297110557556152,,
190750,35.92379379272461,0.05,-10.492042541503906,,
190800,7.225307941436768,0.05,-11.84811782836914,,
190850,8.970110893249512,0.05,-9.06126880645752,,
190900,16.27655029296875,0.05,-9.885576248168945,,
190950,22.208906173706055,0.05,-8.752406120300293,,
191000,11.582782745361328,0.05,-10.93128490447998,,
191050,0.3362486660480499,0.05,-10.025391578674316,,
191100,2.686201333999634,0.05,-8.314536094665527,,
191150,10.433171272277832,0.05,-9.03101921081543,,
191200,5.118820667266846,0.05,-9.815346717834473,,
191250,4.757954120635986,0.05,-9.988500595092773,,
191300,23.56846046447754,0.05,-9.538216590881348,,
191350,72.00423431396484,0.05,-10.843612670898438,,
191400,2.42771315574646,0.05,-8.496023178100586,,
191450,1.9924465417861938,0.05,-8.569897651672363,,
191500,5.513937473297119,0.05,-8.545170783996582,,
191550,15.715717315673828,0.05,-9.557472229003906,,
191600,1.6921777725219727,0.05,-9.217679977416992,,
191650,13.13073444366455,0.05,-8.344983100891113,,
191700,17.40001106262207,0.05,-8.489068031311035,,
191750,7.15362548828125,0.05,-10.618878364562988,,
191800,7.446991443634033,0.05,-10.61391830444336,,
191850,52.751468658447266,0.05,-10.074950218200684,,
191900,12.802966117858887,0.05,-8.062185287475586,,
191950,5.318227767944336,0.05,-7.795555114746094,,
192000,36.94233322143555,0.05,-8.107747077941895,,
192050,1.9391374588012695,0.05,-9.85577392578125,,
192100,12.088698387145996,0.05,-8.522482872009277,,
192150,8.534310340881348,0.05,-7.166309833526611,,
192200,13.35012149810791,0.05,-8.780418395996094,,
192250,20.625829696655273,0.05,-11.404975891113281,,
192300,53.06416702270508,0.05,-8.395135879516602,,
192350,28.523956298828125,0.05,-9.657554626464844,,
192400,12.349308967590332,0.05,-10.059425354003906,,
192450,4.071689128875732,0.05,-10.009840965270996,,
192500,2.7806804180145264,0.05,-10.90453815460205,,
192550,3.7597830295562744,0.05,-8.350316047668457,,
192600,8.991068840026855,0.05,-9.18007755279541,,
192650,19.8779239654541,0.05,-7.863884449005127,,
192700,18.477262496948242,0.05,-10.045357704162598,,
192750,2.8007125854492188,0.05,-9.467896461486816,,
192800,2.972851514816284,0.05,-8.891948699951172,,
192850,2.940769910812378,0.05,-7.440589904785156,,
192900,11.071013450622559,0.05,-9.050509452819824,,
192950,24.08492088317871,0.05,-7.647122859954834,,
193000,21.3252010345459,0.05,-10.883777618408203,,
193050,1.3532770872116089,0.05,-9.99457836151123,,
193100,3.5898172855377197,0.05,-9.720744132995605,,
193150,2.898353338241577,0.05,-9.158064842224121,,
193200,1.1465216875076294,0.05,-7.545515537261963,,
193250,26.228731155395508,0.05,-9.9794921875,,
193300,1.235904574394226,0.05,-8.20895767211914,,
193350,30.628332138061523,0.05,-8.69774341583252,,
193400,18.90641975402832,0.05,-7.729337692260742,,
193450,0.8147794604301453,0.05,-7.486406326293945,,
193500,1.5040549039840698,0.05,-9.16500186920166,,
193550,5.456583023071289,0.05,-8.183321952819824,,
193600,20.437978744506836,0.05,-10.288344383239746,,
193650,16.202709197998047,0.05,-8.675297737121582,,
193700,15.192363739013672,0.05,-7.7288126945495605,,
193750,15.703248023986816,0.05,-9.600075721740723,,
193800,1.759718894958496,0.05,-9.029817581176758,,
193850,1.8466790914535522,0.05,-8.028342247009277,,
193900,1.4976507425308228,0.05,-10.15645694732666,,
193950,1.7034035921096802,0.05,-9.094518661499023,,
194000,6.123720645904541,0.05,-9.645125389099121,,
194050,18.044565200805664,0.05,-9.413063049316406,,
194100,1.618241310119629,0.05,-8.229450225830078,,
194150,34.4617805480957,0.05,-8.119458198547363,,
194200,21.659561157226562,0.05,-9.303829193115234,,
194250,0.40121206641197205,0.05,-7.947621822357178,,
194300,10.904037475585938,0.05,-9.571391105651855,,
194350,33.8828239440918,0.05,-8.688851356506348,,
194400,16.877744674682617,0.05,-9.046085357666016,,
194450,0.30430498719215393,0.05,-8.236757278442383,,
194500,61.3512077331543,0.05,-10.474857330322266,,
194550,3.7402400970458984,0.05,-8.877701759338379,,
194600,3.1235172748565674,0.05,-9.112292289733887,,
194650,39.23167037963867,0.05,-8.562050819396973,,
194700,18.78386116027832,0.05,-8.4269437789917,,
194750,18.465587615966797,0.05,-9.998810768127441,,
194800,12.008570671081543,0.05,-8.506610870361328,,
194850,1.2757474184036255,0.05,-9.661747932434082,,
194900,49.87519454956055,0.05,-10.938252449035645,,
194950,7.64336633682251,0.05,-9.278029441833496,,
195000,21.59032440185547,0.05,-10.080713272094727,,
195050,9.133356094360352,0.05,-8.156641960144043,,
195100,36.421295166015625,0.05,-8.361302375793457,,
195150,1.6249648332595825,0.05,-9.049773216247559,,
195200,4.078514575958252,0.05,-8.480363845825195,,
195250,17.185190200805664,0.05,-9.596150398254395,,
195300,24.5727481842041,0.05,-8.353959083557129,,
195350,5.896676540374756,0.05,-7.256144046783447,,
195400,20.17891502380371,0.05,-8.817148208618164,,
195450,41.23810958862305,0.05,-8.424663543701172,,
195500,4.068387508392334,0.05,-9.352524757385254,,
195550,3.2221057415008545,0.05,-8.582852363586426,,
195600,32.80889892578125,0.05,-9.49665641784668,,
195650,34.54484939575195,0.05,-9.984879493713379,,
195700,17.401859283447266,0.05,-8.362425804138184,,
195750,2.497807264328003,0.05,-11.985790252685547,,
195800,17.281137466430664,0.05,-7.83998441696167,,
195850,13.254867553710938,0.05,-7.8488640785217285,,
195900,14.539474487304688,0.05,-8.945869445800781,,
195950,33.06779098510742,0.05,-9.097773551940918,,
196000,13.59636402130127,0.05,-8.67453384399414,,
196050,10.437604904174805,0.05,-8.502459526062012,,
196100,11.72862720489502,0.05,-9.09423542022705,,
196150,5.716707706451416,0.05,-8.919806480407715,,
196200,51.7537727355957,0.05,-9.44347095489502,,
196250,33.45798110961914,0.05,-9.675586700439453,,
196300,24.85694122314453,0.05,-10.04564094543457,,
196350,4.846354007720947,0.05,-7.696865081787109,,
196400,27.24462890625,0.05,-8.303765296936035,,
196450,35.759971618652344,0.05,-12.061751365661621,,
196500,1.0213059186935425,0.05,-7.615180492401123,,
196550,13.91540241241455,0.05,-8.673735618591309,,
196600,14.628033638000488,0.05,-9.219862937927246,,
196650,16.976633071899414,0.05,-9.613986015319824,,
196700,20.875141143798828,0.05,-8.185416221618652,,
196750,20.6635684967041,0.05,-7.73335075378418,,
196800,22.694015502929688,0.05,-9.277525901794434,,
196850,1.665417194366455,0.05,-9.322940826416016,,
196900,2.9889986515045166,0.05,-8.980423927307129,,
196950,17.51275062561035,0.05,-9.96009349822998,,
197000,1.5548620223999023,0.05,-7.822486877441406,,
197050,18.140058517456055,0.05,-7.191784381866455,,
197100,7.656826019287109,0.05,-8.361233711242676,,
197150,14.558419227600098,0.05,-8.63491153717041,,
197200,10.7579927444458,0.05,-8.019574165344238,,
197250,4.801124095916748,0.05,-10.49268627166748,,
197300,0.8944273591041565,0.05,-7.989574909210205,,
197350,27.208831787109375,0.05,-7.935545444488525,,
197400,20.279359817504883,0.05,-8.102193832397461,,
197450,7.491400241851807,0.05,-7.940128803253174,,
197500,1.9294556379318237,0.05,-7.5671610832214355,,
197550,2.2218573093414307,0.05,-7.375196933746338,,
197600,5.6799774169921875,0.05,-8.696032524108887,,
197650,0.9629855751991272,0.05,-8.499310493469238,,
197700,33.52265548706055,0.05,-8.667490005493164,,
197750,0.9660331606864929,0.05,-9.89477825164795,,
197800,27.99431610107422,0.05,-10.70984172821045,,
197850,29.721765518188477,0.05,-8.501492500305176,,
197900,7.171884536743164,0.05,-9.738238334655762,,
197950,14.701045989990234,0.05,-9.307332038879395,,
198000,47.96303176879883,0.05,-8.51887035369873,,
198050,2.19746994972229,0.05,-8.139737129211426,,
198100,10.766039848327637,0.05,-9.209988594055176,,
198150,9.737024307250977,0.05,-8.31444263458252,,
198200,8.692032814025879,0.05,-9.451213836669922,,
198250,29.9735050201416,0.05,-9.585430145263672,,
198300,32.00265121459961,0.05,-8.177572250366211,,
198350,60.60623550415039,0.05,-9.091590881347656,,
198400,46.79801559448242,0.05,-8.528604507446289,,
198450,16.156171798706055,0.05,-8.536782264709473,,
198500,11.964874267578125,0.05,-8.54447078704834,,
198550,29.176849365234375,0.05,-9.187552452087402,,
198600,39.17980194091797,0.05,-7.649171829223633,,
198650,15.476192474365234,0.05,-10.37771987915039,,
198700,1.2142623662948608,0.05,-9.630001068115234,,
198750,18.796676635742188,0.05,-9.705810546875,,
198800,31.30534553527832,0.05,-9.554015159606934,,
198850,2.3032376766204834,0.05,-8.358155250549316,,
198900,7.00080680847168,0.05,-7.781890869140625,,
198950,13.960835456848145,0.05,-7.489333629608154,,
199000,3.6254184246063232,0.05,-9.52170181274414,,
199050,2.903069257736206,0.05,-8.270928382873535,,
199100,1.4343727827072144,0.05,-7.617486476898193,,
199150,11.798914909362793,0.05,-7.609243392944336,,
199200,2.758394241333008,0.05,-8.333966255187988,,
199250,2.1010725498199463,0.05,-8.839642524719238,,
199300,1.5500699281692505,0.05,-7.941277980804443,,
199350,48.00480651855469,0.05,-7.257668972015381,,
199400,16.336938858032227,0.05,-8.632865905761719,,
199450,13.345484733581543,0.05,-9.039116859436035,,
199500,7.712331295013428,0.05,-7.790855407714844,,
199550,0.9816417098045349,0.05,-8.004932403564453,,
199600,0.9658163189888,0.05,-7.291436672210693,,
199650,26.625864028930664,0.05,-11.29238224029541,,
199700,11.89542007446289,0.05,-8.66673755645752,,
199750,1.668135643005371,0.05,-7.574390411376953,,
199800,3.5624301433563232,0.05,-7.7969207763671875,,
199850,1.1775914430618286,0.05,-7.292486667633057,,
199900,1.3252387046813965,0.05,-8.668771743774414,,
199950,0.6129035353660583,0.05,-9.07557487487793,,
200000,15.151665687561035,0.05,-8.17539119720459,-1.3386489061052769,42.666666666666664
200050,27.789840698242188,0.05,-8.453913688659668,,
200100,28.969039916992188,0.05,-7.5074992179870605,,
200150,22.74622917175293,0.05,-6.444025039672852,,
200200,14.054503440856934,0.05,-8.512301445007324,,
200250,8.308987617492676,0.05,-8.03465461730957,,
200300,2.4179065227508545,0.05,-7.093730926513672,,
200350,22.387847900390625,0.05,-9.462165832519531,,
200400,25.46440315246582,0.05,-8.440755844116211,,
200450,16.2529239654541,0.05,-9.775559425354004,,
200500,12.135453224182129,0.05,-8.295601844787598,,
200550,5.187361240386963,0.05,-7.093513488769531,,
200600,23.70249366760254,0.05,-8.134894371032715,,
200650,2.3690474033355713,0.05,-8.088379859924316,,
200700,28.280113220214844,0.05,-9.807577133178711,,
200750,2.3668036460876465,0.05,-8.943106651306152,,
200800,2.6591789722442627,0.05,-8.774994850158691,,
200850,0.2636828124523163,0.05,-6.948211193084717,,
200900,3.9431779384613037,0.05,-8.927399635314941,,
200950,0.3409912884235382,0.05,-7.8114166259765625,,
201000,2.2827086448669434,0.05,-8.179425239562988,,
201050,0.38055241107940674,0.05,-7.046070098876953,,
201100,2.503089666366577,0.05,-7.788308620452881,,
201150,18.769792556762695,0.05,-7.927663326263428,,
201200,4.660374164581299,0.05,-8.598775863647461,,
201250,0.30248722434043884,0.05,-6.812366962432861,,
201300,1.6448875665664673,0.05,-8.503655433654785,,
201350,2.264934778213501,0.05,-6.96479606628418,,
201400,16.900957107543945,0.05,-8.287613868713379,,
201450,3.356450080871582,0.05,-10.663124084472656,,
201500,8.796194076538086,0.05,-6.916984558105469,,
201550,13.842841148376465,0.05,-8.77886962890625,,
201600,18.213823318481445,0.05,-8.21772289276123,,
201650,3.389244318008423,0.05,-6.9440178871154785,,
201700,5.062446117401123,0.05,-8.166205406188965,,
201750,5.521932601928711,0.05,-8.950822830200195,,
201800,11.01915454864502,0.05,-8.663687705993652,,
201850,3.385526418685913,0.05,-6.765491485595703,,
201900,3.035156488418579,0.05,-7.58655309677124,,
201950,2.8356239795684814,0.05,-6.2651238441467285,,
202000,59.86227035522461,0.05,-8.682482719421387,,
202050,6.544844150543213,0.05,-8.288708686828613,,
202100,30.744232177734375,0.05,-9.882170677185059,,
202150,9.127217292785645,0.05,-8.25755786895752,,
202200,5.530450820922852,0.05,-8.658466339111328,,
202250,2.420013427734375,0.05,-9.74827766418457,,
202300,22.43559455871582,0.05,-8.965303421020508,,
202350,17.240070343017578,0.05,-9.113157272338867,,
202400,2.1135880947113037,0.05,-9.412023544311523,,
202450,5.360488414764404,0.05,-8.089251518249512,,
202500,13.573081016540527,0.05,-8.204024314880371,,
202550,32.34049987792969,0.05,-7.812314987182617,,
202600,7.772727966308594,0.05,-9.043334007263184,,
202650,9.446466445922852,0.05,-8.374529838562012,,
202700,1.976707935333252,0.05,-8.174970626831055,,
202750,0.23152916133403778,0.05,-7.264699459075928,,
202800,5.816326141357422,0.05,-9.242755889892578,,
202850,4.056759357452393,0.05,-7.771280765533447,,
202900,8.873297691345215,0.05,-7.907997131347656,,
202950,24.738454818725586,0.05,-9.1542387008667,,
203000,6.408443450927734,0.05,-8.199274063110352,,
203050,5.1670241355896,0.05,-5.983937740325928,,
203100,8.357778549194336,0.05,-8.870194435119629,,
203150,0.6153975129127502,0.05,-8.134491920471191,,
203200,9.346571922302246,0.05,-7.6676812171936035,,
203250,11.225154876708984,0.05,-7.691198825836182,,
203300,26.968515396118164,0.05,-8.425314903259277,,
203350,4.511465549468994,0.05,-9.581979751586914,,
203400,0.7902267575263977,0.05,-8.068346977233887,,
203450,15.265387535095215,0.05,-8.194058418273926,,
203500,23.85581398010254,0.05,-8.687850952148438,,
203550,17.5579776763916,0.05,-8.104634284973145,,
203600,35.53914260864258,0.05,-9.532700538635254,,
203650,2.057429313659668,0.05,-8.425008773803711,,
203700,3.950993537902832,0.05,-8.338969230651855,,
203750,1.4504474401474,0.05,-7.741612911224365,,
203800,17.667234420776367,0.05,-7.509789943695068,,
203850,5.921767711639404,0.05,-9.519217491149902,,
203900,14.11291790008545,0.05,-6.930182933807373,,
203950,5.004112243652344,0.05,-7.184258937835693,,
204000,4.80690336227417,0.05,-8.35571575164795,,
204050,19.38637351989746,0.05,-8.109341621398926,,
204100,13.898845672607422,0.05,-10.00857925415039,,
204150,10.43679141998291,0.05,-10.224458694458008,,
204200,15.270995140075684,0.05,-7.1245646476745605,,
204250,6.89451265335083,0.05,-8.7235746383667,,
204300,0.6093642711639404,0.05,-10.483722686767578,,
204350,12.100008964538574,0.05,-8.705421447753906,,
204400,3.7339890003204346,0.05,-7.757747173309326,,
204450,2.395739793777466,0.05,-9.337044715881348,,
204500,7.775856018066406,0.05,-6.958681583404541,,
204550,4.080670356750488,0.05,-8.491503715515137,,
204600,5.827798843383789,0.05,-6.181013584136963,,
204650,0.726057231426239,0.05,-6.663055896759033,,
204700,15.609722137451172,0.05,-9.136517524719238,,
204750,7.058948040008545,0.05,-7.311377048492432,,
204800,30.82453155517578,0.05,-8.70507526397705,,
204850,5.965097427368164,0.05,-8.6959228515625,,
204900,14.030338287353516,0.05,-7.019659042358398,,
204950,0.5576187372207642,0.05,-7.377613067626953,,
205000,10.237147331237793,0.05,-8.617112159729004,,
205050,1.556984543800354,0.05,-8.501681327819824,,
205100,7.555781841278076,0.05,-6.561681270599365,,
205150,9.297273635864258,0.05,-8.719422340393066,,
205200,4.273326873779297,0.05,-7.019912242889404,,
205250,17.15457534790039,0.05,-9.040647506713867,,
205300,3.3911359310150146,0.05,-8.792996406555176,,
205350,25.875534057617188,0.05,-11.864995002746582,,
205400,2.0746891498565674,0.05,-9.017820358276367,,
205450,21.282426834106445,0.05,-9.348772048950195,,
205500,12.33917236328125,0.05,-8.604334831237793,,
205550,18.0548038482666,0.05,-9.327065467834473,,
205600,24.54022979736328,0.05,-8.311779022216797,,
205650,29.509153366088867,0.05,-9.243570327758789,,
205700,2.2156434059143066,0.05,-7.059129238128662,,
205750,34.23505783081055,0.05,-8.141144752502441,,
205800,1.685824990272522,0.05,-9.095144271850586,,
205850,49.76226806640625,0.05,-10.21066951751709,,
205900,23.563600540161133,0.05,-13.79068374633789,,
205950,7.0194478034973145,0.05,-8.055885314941406,,
206000,21.426162719726562,0.05,-7.912296772003174,,
206050,34.25165557861328,0.05,-8.27798080444336,,
206100,0.4196619987487793,0.05,-8.706239700317383,,
206150,6.089155197143555,0.05,-10.179546356201172,,
206200,8.490263938903809,0.05,-10.492537498474121,,
206250,19.205078125,0.05,-7.322421550750732,,
206300,2.296678304672241,0.05,-8.58195686340332,,
206350,20.556669235229492,0.05,-7.3486151695251465,,
206400,2.1710970401763916,0.05,-6.586059093475342,,
206450,2.0139718055725098,0.05,-6.626682758331299,,
206500,24.2442684173584,0.05,-10.894660949707031,,
206550,43.607635498046875,0.05,-9.129591941833496,,
206600,13.171520233154297,0.05,-8.99246883392334,,
206650,0.6649489402770996,0.05,-8.78757095336914,,
206700,32.83149719238281,0.05,-7.390017986297607,,
206750,13.276228904724121,0.05,-9.629854202270508,,
206800,16.713953018188477,0.05,-9.632648468017578,,
206850,17.107925415039062,0.05,-8.780487060546875,,
206900,12.881104469299316,0.05,-8.586649894714355,,
206950,14.742697715759277,0.05,-9.306855201721191,,
207000,55.82340621948242,0.05,-9.541489601135254,,
207050,5.224903106689453,0.05,-9.615540504455566,,
207100,6.7254414558410645,0.05,-9.601639747619629,,
207150,16.31282615661621,0.05,-8.868281364440918,,
207200,27.325759887695312,0.05,-10.969731330871582,,
207250,1.1358381509780884,0.05,-7.538564205169678,,
207300,28.57274627685547,0.05,-9.567493438720703,,
207350,33.508697509765625,0.05,-7.833815097808838,,
207400,3.667774200439453,0.05,-8.22388744354248,,
207450,19.36632537841797,0.05,-8.955866813659668,,
207500,5.195688724517822,0.05,-8.904208183288574,,
207550,34.53348922729492,0.05,-8.029707908630371,,
207600,2.4082224369049072,0.05,-8.918854713439941,,
207650,25.049707412719727,0.05,-8.859801292419434,,
207700,13.276206970214844,0.05,-9.474993705749512,,
207750,49.74220275878906,0.05,-9.287762641906738,,
207800,4.12403678894043,0.05,-6.672733306884766,,
207850,44.27580261230469,0.05,-9.78972339630127,,
207900,11.288617134094238,0.05,-8.374823570251465,,
207950,19.57748031616211,0.05,-7.426710605621338,,
208000,41.240482330322266,0.05,-10.930119514465332,,
208050,27.332536697387695,0.05,-7.6055755615234375,,
208100,3.3388118743896484,0.05,-8.51461410522461,,
208150,15.726696968078613,0.05,-9.980120658874512,,
208200,1.2029573917388916,0.05,-6.83015251159668,,
208250,0.6962705254554749,0.05,-7.411291599273682,,
208300,29.415456771850586,0.05,-9.249799728393555,,
208350,5.75739860534668,0.05,-8.6253023147583,,
208400,32.982276916503906,0.05,-9.306593894958496,,
208450,2.4896724224090576,0.05,-9.098532676696777,,
208500,33.04647445678711,0.05,-9.951146125793457,,
208550,2.859790563583374,0.05,-6.2383551597595215,,
208600,5.751224517822266,0.05,-7.779968738555908,,
208650,8.867398262023926,0.05,-9.508962631225586,,
208700,23.90507698059082,0.05,-8.764168739318848,,
208750,24.683115005493164,0.05,-7.417304992675781,,
208800,20.961711883544922,0.05,-8.343829154968262,,
208850,3.932271957397461,0.05,-10.140360832214355,,
208900,0.5677195191383362,0.05,-8.596724510192871,,
208950,47.4217643737793,0.05,-8.85953426361084,,
209000,9.918933868408203,0.05,-8.350019454956055,,
209050,25.19416046142578,0.05,-8.3517427444458,,
209100,0.6609861850738525,0.05,-8.433329582214355,,
209150,5.81782341003418,0.05,-9.413567543029785,,
209200,3.220017194747925,0.05,-8.584744453430176,,
209250,10.004233360290527,0.05,-9.710177421569824,,
209300,17.93014144897461,0.05,-7.492093563079834,,
209350,13.793797492980957,0.05,-9.416929244995117,,
209400,27.68072509765625,0.05,-10.748051643371582,,
209450,13.978875160217285,0.05,-8.90969467163086,,
209500,29.287893295288086,0.05,-8.871041297912598,,
209550,17.793800354003906,0.05,-9.807101249694824,,
209600,2.4454336166381836,0.05,-7.283565998077393,,
209650,14.716667175292969,0.05,-7.3166046142578125,,
209700,38.46854019165039,0.05,-8.21774959564209,,
209750,19.705062866210938,0.05,-10.624455451965332,,
209800,0.8793779015541077,0.05,-8.725857734680176,,
209850,2.23171067237854,0.05,-10.558333396911621,,
209900,3.747400999069214,0.05,-7.435551166534424,,
209950,7.8882155418396,0.05,-8.619027137756348,,
210000,6.223079681396484,0.05,-10.132143020629883,,
210050,5.338109493255615,0.05,-8.073383331298828,,
210100,8.278260231018066,0.05,-6.643503189086914,,
210150,23.062339782714844,0.05,-10.361422538757324,,
210200,2.9697086811065674,0.05,-8.87320613861084,,
210250,4.160330295562744,0.05,-7.45596170425415,,
210300,4.297807693481445,0.05,-8.336945533752441,,
210350,0.5972880721092224,0.05,-8.229379653930664,,
210400,5.656455993652344,0.05,-9.571621894836426,,
210450,18.443002700805664,0.05,-7.925859451293945,,
210500,19.719972610473633,0.05,-9.618600845336914,,
210550,25.805068969726562,0.05,-9.45751667022705,,
210600,10.797553062438965,0.05,-9.75989055633545,,
210650,10.737136840820312,0.05,-9.145113945007324,,
210700,8.11721134185791,0.05,-7.969540119171143,,
210750,40.3712158203125,0.05,-11.064742088317871,,
210800,20.038789749145508,0.05,-8.945496559143066,,
210850,26.20050811767578,0.05,-10.046558380126953,,
210900,0.9345331788063049,0.05,-10.161650657653809,,
210950,1.2579143047332764,0.05,-9.234539031982422,,
211000,2.483563184738159,0.05,-9.261615753173828,,
211050,4.870816707611084,0.05,-8.526694297790527,,
211100,18.35186004638672,0.05,-9.817681312561035,,
211150,27.53898811340332,0.05,-9.058160781860352,,
211200,5.430378437042236,0.05,-8.962618827819824,,
211250,19.81303596496582,0.05,-8.419839859008789,,
211300,2.3109545707702637,0.05,-8.670021057128906,,
211350,0.4055441915988922,0.05,-7.771167755126953,,
211400,6.627201080322266,0.05,-7.789363861083984,,
211450,18.629493713378906,0.05,-8.180281639099121,,
211500,4.2382659912109375,0.05,-8.579593658447266,,
211550,49.62276840209961,0.05,-9.928717613220215,,
211600,4.167240619659424,0.05,-7.867467403411865,,
211650,57.493350982666016,0.05,-8.705315589904785,,
211700,4.097745895385742,0.05,-9.281044006347656,,
211750,0.7080000042915344,0.05,-7.881564617156982,,
211800,7.0890374183654785,0.05,-11.145256042480469,,
211850,15.57043743133545,0.05,-8.591309547424316,,
211900,43.610713958740234,0.05,-11.0421142578125,,
211950,23.741737365722656,0.05,-9.714287757873535,,
212000,9.513346672058105,0.05,-9.152665138244629,,
212050,21.34273338317871,0.05,-9.127760887145996,,
212100,24.49458122253418,0.05,-7.850940227508545,,
212150,42.14860153198242,0.05,-11.77363109588623,,
212200,1.3879255056381226,0.05,-7.284134387969971,,
212250,36.46982955932617,0.05,-9.24575424194336,,
212300,27.615739822387695,0.05,-10.055264472961426,,
212350,8.914406776428223,0.05,-8.585299491882324,,
212400,10.205233573913574,0.05,-8.701335906982422,,
212450,6.050481796264648,0.05,-7.4778900146484375,,
212500,23.595430374145508,0.05,-9.448134422302246,,
212550,1.829408049583435,0.05,-9.6143159866333,,
212600,6.071062088012695,0.05,-8.43103313446045,,
212650,29.345407485961914,0.05,-8.095917701721191,,
212700,6.175286769866943,0.05,-8.370311737060547,,
212750,9.644278526306152,0.05,-6.758413314819336,,
212800,5.0291547775268555,0.05,-8.108865737915039,,
212850,50.39802932739258,0.05,-10.24436092376709,,
212900,32.172672271728516,0.05,-8.703954696655273,,
212950,11.663017272949219,0.05,-9.113540649414062,,
213000,2.6239774227142334,0.05,-11.533276557922363,,
213050,11.774426460266113,0.05,-9.406415939331055,,
213100,2.1473896503448486,0.05,-8.518424034118652,,
213150,0.3231081962585449,0.05,-7.600357532501221,,
213200,11.852015495300293,0.05,-8.656846046447754,,
213250,8.822508811950684,0.05,-7.063878536224365,,
213300,25.010347366333008,0.05,-7.925008773803711,,
213350,0.8802340030670166,0.05,-6.971475601196289,,
213400,2.3527863025665283,0.05,-8.519791603088379,,
213450,55.13478088378906,0.05,-8.787403106689453,,
213500,30.8139705657959,0.05,-8.804255485534668,,
213550,21.486648559570312,0.05,-8.388291358947754,,
213600,21.86708641052246,0.05,-8.162633895874023,,
213650,0.8743528723716736,0.05,-8.296313285827637,,
213700,26.624113082885742,0.05,-7.36602783203125,,
213750,1.305326223373413,0.05,-9.172690391540527,,
213800,8.979199409484863,0.05,-9.233052253723145,,
213850,45.72663497924805,0.05,-9.259772300720215,,
213900,5.571821212768555,0.05,-9.340798377990723,,
213950,2.2423789501190186,0.05,-11.696547508239746,,
214000,19.845624923706055,0.05,-12.159794807434082,,
214050,0.7320201992988586,0.05,-8.591063499450684,,
214100,53.42448043823242,0.05,-11.628929138183594,,
214150,25.633230209350586,0.05,-8.256010055541992,,
214200,1.5207003355026245,0.05,-8.457247734069824,,
214250,1.445151925086975,0.05,-8.893759727478027,,
214300,4.108285427093506,0.05,-9.276413917541504,,
214350,8.903388023376465,0.05,-8.83845043182373,,
214400,32.47166061401367,0.05,-9.899616241455078,,
214450,2.43290114402771,0.05,-8.750264167785645,,
214500,16.748289108276367,0.05,-10.086634635925293,,
214550,0.5464646816253662,0.05,-6.923076629638672,,
214600,1.292877435684204,0.05,-6.877363681793213,,
214650,30.13930320739746,0.05,-8.445380210876465,,
214700,15.62045955657959,0.05,-8.892096519470215,,
214750,14.618815422058105,0.05,-7.577743053436279,,
214800,1.4352059364318848,0.05,-6.905126094818115,,
214850,9.262869834899902,0.05,-8.434773445129395,,
214900,20.271137237548828,0.05,-7.3857035636901855,,
214950,48.410518646240234,0.05,-10.957440376281738,,
215000,4.640952110290527,0.05,-7.319202899932861,,
215050,3.64684796333313,0.05,-7.407909393310547,,
215100,33.69512939453125,0.05,-10.952523231506348,,
215150,29.61079978942871,0.05,-9.977185249328613,,
215200,0.9884515404701233,0.05,-8.883849143981934,,
215250,31.21746826171875,0.05,-8.367907524108887,,
215300,6.39725923538208,0.05,-8.975062370300293,,
215350,6.943591594696045,0.05,-9.69039535522461,,
215400,37.6932373046875,0.05,-8.395417213439941,,
215450,48.913082122802734,0.05,-9.822803497314453,,
215500,14.91365909576416,0.05,-8.392273902893066,,
215550,19.811561584472656,0.05,-11.109391212463379,,
215600,2.3874433040618896,0.05,-8.165069580078125,,
215650,38.76015090942383,0.05,-8.575932502746582,,
215700,12.120816230773926,0.05,-8.4219331741333,,
215750,26.4154052734375,0.05,-11.132865905761719,,
215800,2.1422860622406006,0.05,-8.847210884094238,,
215850,69.74857330322266,0.05,-7.748603820800781,,
215900,2.1430962085723877,0.05,-8.754124641418457,,
215950,5.6271748542785645,0.05,-8.929088592529297,,
216000,20.728225708007812,0.05,-9.809707641601562,,
216050,5.146671772003174,0.05,-7.264352321624756,,
216100,9.316441535949707,0.05,-8.879593849182129,,
216150,2.484955072402954,0.05,-9.743846893310547,,
216200,2.229487419128418,0.05,-8.664904594421387,,
216250,3.007082223892212,0.05,-8.759227752685547,,
216300,9.665417671203613,0.05,-7.627634048461914,,
216350,15.631028175354004,0.05,-9.403765678405762,,
216400,0.3079707622528076,0.05,-6.938032627105713,,
216450,1.5970951318740845,0.05,-9.473435401916504,,
216500,2.2211430072784424,0.05,-7.310434341430664,,
216550,65.36886596679688,0.05,-12.24288558959961,,
216600,5.971919536590576,0.05,-9.958964347839355,,
216650,1.2708215713500977,0.05,-11.617695808410645,,
216700,58.5715217590332,0.05,-9.45114803314209,,
216750,23.863243103027344,0.05,-9.445192337036133,,
216800,25.901123046875,0.05,-8.956907272338867,,
216850,35.55229568481445,0.05,-11.13089656829834,,
216900,13.891980171203613,0.05,-7.798854827880859,,
216950,2.105435371398926,0.05,-7.773445129394531,,
217000,55.80975341796875,0.05,-9.783553123474121,,
217050,32.92784881591797,0.05,-10.186484336853027,,
217100,23.49171257019043,0.05,-9.430577278137207,,
217150,7.717113494873047,0.05,-8.444644927978516,,
217200,12.749595642089844,0.05,-9.120879173278809,,
217250,22.689865112304688,0.05,-9.293074607849121,,
217300,24.271347045898438,0.05,-9.77119255065918,,
217350,2.112734079360962,0.05,-7.286670684814453,,
217400,2.782625436782837,0.05,-8.887537956237793,,
217450,4.560283184051514,0.05,-8.543197631835938,,
217500,11.938878059387207,0.05,-8.130086898803711,,
217550,23.974916458129883,0.05,-10.532072067260742,,
217600,20.800514221191406,0.05,-9.739749908447266,,
217650,41.474056243896484,0.05,-11.075703620910645,,
217700,24.62567138671875,0.05,-10.886094093322754,,
217750,5.532029628753662,0.05,-10.379828453063965,,
217800,6.752664566040039,0.05,-8.123429298400879,,
217850,3.785663604736328,0.05,-7.803813934326172,,
217900,23.877164840698242,0.05,-9.424956321716309,,
217950,1.3366590738296509,0.05,-8.886685371398926,,
218000,34.79225540161133,0.05,-8.443546295166016,,
218050,0.8576498031616211,0.05,-9.520159721374512,,
218100,0.8499218821525574,0.05,-7.757180690765381,,
218150,11.693458557128906,0.05,-9.85854434967041,,
218200,29.058107376098633,0.05,-7.878765106201172,,
218250,0.7004727721214294,0.05,-7.165136337280273,,
218300,17.736299514770508,0.05,-8.921217918395996,,
218350,18.823686599731445,0.05,-8.81848430633545,,
218400,39.84906768798828,0.05,-7.77853536605835,,
218450,11.106647491455078,0.05,-8.909794807434082,,
218500,2.3297278881073,0.05,-8.285666465759277,,
218550,33.70708084106445,0.05,-10.114093780517578,,
218600,43.92655944824219,0.05,-8.12375545501709,,
218650,4.5840067863464355,0.05,-10.754780769348145,,
218700,6.085541248321533,0.05,-9.606966972351074,,
218750,7.036056041717529,0.05,-8.681714057922363,,
218800,18.68120765686035,0.05,-7.2385029792785645,,
218850,2.2217791080474854,0.05,-9.097905158996582,,
218900,12.967787742614746,0.05,-9.142172813415527,,
218950,21.7086238861084,0.05,-8.744978904724121,,
219000,49.95967102050781,0.05,-10.766440391540527,,
219050,2.7697417736053467,0.05,-8.52327823638916,,
219100,1.8048473596572876,0.05,-6.1484856605529785,,
219150,60.1086311340332,0.05,-10.349203109741211,,
219200,2.198831796646118,0.05,-9.418103218078613,,
219250,24.47608757019043,0.05,-8.839187622070312,,
219300,1.5568294525146484,0.05,-8.071883201599121,,
219350,0.8311697840690613,0.05,-7.309015274047852,,
219400,9.950154304504395,0.05,-10.0626802444458,,
219450,39.40788650512695,0.05,-11.076610565185547,,
219500,1.7694244384765625,0.05,-7.454019069671631,,
219550,31.90770721435547,0.05,-8.298415184020996,,
219600,28.90149688720703,0.05,-10.365891456604004,,
219650,1.280146598815918,0.05,-8.626852035522461,,
219700,3.5431671142578125,0.05,-6.951511859893799,,
219750,0.7050061225891113,0.05,-9.249920845031738,,
219800,5.3486504554748535,0.05,-9.056563377380371,,
219850,12.940861701965332,0.05,-7.701162338256836,,
219900,10.34523868560791,0.05,-9.494817733764648,,
219950,15.4910306930542,0.05,-7.8404974937438965,,
220000,34.70146942138672,0.05,-7.6593017578125,,
220050,0.8808343410491943,0.05,-7.232523441314697,,
220100,18.55086326599121,0.05,-7.438869476318359,,
220150,2.1404731273651123,0.05,-7.593947887420654,,
220200,30.3886661529541,0.05,-10.095223426818848,,
220250,12.36749267578125,0.05,-9.253445625305176,,
220300,31.534873962402344,0.05,-7.764568328857422,,
220350,5.085376262664795,0.05,-9.61048412322998,,
220400,8.217018127441406,0.05,-8.38554859161377,,
220450,27.093950271606445,0.05,-9.409452438354492,,
220500,53.03105545043945,0.05,-10.957133293151855,,
220550,14.627678871154785,0.05,-10.515283584594727,,
220600,38.741424560546875,0.05,-8.916337013244629,,
220650,41.71522903442383,0.05,-9.203958511352539,,
220700,26.883943557739258,0.05,-9.373924255371094,,
220750,30.87159538269043,0.05,-9.110827445983887,,
220800,17.896486282348633,0.05,-10.024273872375488,,
220850,2.1011829376220703,0.05,-9.678412437438965,,
220900,4.275639533996582,0.05,-7.66786003112793,,
220950,10.849610328674316,0.05,-9.054150581359863,,
221000,24.13903045654297,0.05,-10.153803825378418,,
221050,2.4167726039886475,0.05,-10.13856315612793,,
221100,36.31418991088867,0.05,-9.07020092010498,,
221150,20.071443557739258,0.05,-8.259451866149902,,
221200,6.892305374145508,0.05,-8.29398250579834,,
221250,6.621610164642334,0.05,-11.432360649108887,,
221300,31.53114891052246,0.05,-8.970261573791504,,
221350,35.35326385498047,0.05,-9.401275634765625,,
221400,55.48152160644531,0.05,-9.939960479736328,,
221450,57.97085952758789,0.05,-11.626925468444824,,
221500,5.641526699066162,0.05,-10.08513355255127,,
221550,17.935590744018555,0.05,-9.232145309448242,,
221600,20.336315155029297,0.05,-7.433004856109619,,
221650,37.54896926879883,0.05,-9.7063570022583,,
221700,31.01856231689453,0.05,-9.994308471679688,,
221750,5.8525166511535645,0.05,-12.670302391052246,,
221800,0.3450816571712494,0.05,-7.941145420074463,,
221850,1.4701933860778809,0.05,-8.736960411071777,,
221900,0.7703105807304382,0.05,-9.145902633666992,,
221950,34.2088623046875,0.05,-7.622251033782959,,
222000,22.8037166595459,0.05,-8.73238468170166,,
222050,39.41841125488281,0.05,-10.727752685546875,,
222100,1.9304876327514648,0.05,-8.785937309265137,,
222150,10.424954414367676,0.05,-8.466151237487793,,
222200,1.317046046257019,0.05,-7.428342342376709,,
222250,4.337277412414551,0.05,-9.281169891357422,,
222300,1.2207797765731812,0.05,-7.426702976226807,,
222350,36.945377349853516,0.05,-8.347208976745605,,
222400,36.32280349731445,0.05,-7.705848217010498,,
222450,9.158501625061035,0.05,-8.494585037231445,,
222500,9.193127632141113,0.05,-8.699148178100586,,
222550,20.496292114257812,0.05,-8.136614799499512,,
222600,19.839651107788086,0.05,-10.314624786376953,,
222650,21.89741325378418,0.05,-10.78350830078125,,
222700,1.297193169593811,0.05,-8.36125659942627,,
222750,1.1340569257736206,0.05,-7.252755641937256,,
222800,5.721835613250732,0.05,-8.089652061462402,,
222850,33.043975830078125,0.05,-8.371557235717773,,
222900,6.945558547973633,0.05,-7.643293857574463,,
222950,27.080839157104492,0.05,-9.59207820892334,,
223000,2.3405942916870117,0.05,-10.040852546691895,,
223050,30.859375,0.05,-9.044201850891113,,
223100,2.267153024673462,0.05,-10.559727668762207,,
223150,9.036110877990723,0.05,-7.767514705657959,,
223200,1.8235715627670288,0.05,-8.104353904724121,,
223250,2.021476984024048,0.05,-8.645498275756836,,
223300,10.028082847595215,0.05,-9.937453269958496,,
223350,38.42738723754883,0.05,-9.184931755065918,,
223400,33.800384521484375,0.05,-9.222993850708008,,
223450,0.3095540702342987,0.05,-8.709359169006348,,
223500,2.115649938583374,0.05,-9.638154029846191,,
223550,1.8193374872207642,0.05,-8.48747444152832,,
223600,37.597957611083984,0.05,-7.761727809906006,,
223650,0.7050092220306396,0.05,-6.406818389892578,,
223700,21.52532958984375,0.05,-9.68209171295166,,
223750,3.134659767150879,0.05,-8.96328067779541,,
223800,0.3547188341617584,0.05,-7.485085964202881,,
223850,3.510739326477051,0.05,-8.031826972961426,,
223900,17.861976623535156,0.05,-8.457852363586426,,
223950,2.8325278759002686,0.05,-7.211178302764893,,
224000,16.892610549926758,0.05,-9.60383129119873,,
224050,35.6555290222168,0.05,-11.070700645446777,,
224100,13.866069793701172,0.05,-7.772859573364258,,
224150,5.373115062713623,0.05,-9.2531099319458,,
224200,29.48676300048828,0.05,-6.918894290924072,,
224250,40.1595458984375,0.05,-9.552988052368164,,
224300,21.000730514526367,0.05,-8.895112037658691,,
224350,10.544707298278809,0.05,-8.561720848083496,,
224400,38.997867584228516,0.05,-8.612557411193848,,
224450,41.2177734375,0.05,-8.544121742248535,,
224500,11.104225158691406,0.05,-11.636905670166016,,
224550,0.705742359161377,0.05,-7.760619640350342,,
224600,22.482126235961914,0.05,-7.607846736907959,,
224650,3.272306203842163,0.05,-8.772505760192871,,
224700,3.8541347980499268,0.05,-9.316112518310547,,
224750,2.230304002761841,0.05,-8.008553504943848,,
224800,34.41090774536133,0.05,-9.03144359588623,,
224850,70.45993041992188,0.05,-9.642813682556152,,
224900,44.345455169677734,0.05,-9.020894050598145,,
224950,15.974909782409668,0.05,-8.980334281921387,,
225000,9.010222434997559,0.05,-7.859611988067627,-0.8081259040107808,29.733333333333338
225050,4.425076007843018,0.05,-7.701974391937256,,
225100,35.40779495239258,0.05,-7.8389458656311035,,
225150,33.45283889770508,0.05,-8.831290245056152,,
225200,44.893310546875,0.05,-9.333670616149902,,
225250,6.500251293182373,0.05,-10.502598762512207,,
225300,1.6285557746887207,0.05,-8.943339347839355,,
225350,2.3823745250701904,0.05,-7.993201732635498,,
225400,2.1772682666778564,0.05,-9.724963188171387,,
225450,12.436051368713379,0.05,-9.028823852539062,,
225500,0.7431814670562744,0.05,-8.125969886779785,,
225550,2.785853385925293,0.05,-7.482816696166992,,
225600,37.81810760498047,0.05,-11.412819862365723,,
225650,2.5750532150268555,0.05,-8.139819145202637,,
225700,22.370201110839844,0.05,-11.147971153259277,,
225750,36.35591125488281,0.05,-9.892524719238281,,
225800,68.9467544555664,0.05,-10.013582229614258,,
225850,28.759443283081055,0.05,-8.31929874420166,,
225900,15.90466022491455,0.05,-8.427055358886719,,
225950,50.025691986083984,0.05,-8.355013847351074,,
226000,1.3148401975631714,0.05,-7.903653621673584,,
226050,29.515050888061523,0.05,-8.640406608581543,,
226100,8.807940483093262,0.05,-7.188506603240967,,
226150,0.2762777507305145,0.05,-6.73187255859375,,
226200,16.475313186645508,0.05,-8.677531242370605,,
226250,6.264566421508789,0.05,-6.843882083892822,,
226300,48.020870208740234,0.05,-10.843415260314941,,
226350,3.961960792541504,0.05,-10.675021171569824,,
226400,18.41370391845703,0.05,-9.232593536376953,,
226450,24.503570556640625,0.05,-8.8590726852417,,
226500,15.928065299987793,0.05,-8.66275691986084,,
226550,0.5847852230072021,0.05,-6.150352478027344,,
226600,39.37074661254883,0.05,-7.463684558868408,,
226650,0.9653366208076477,0.05,-8.423442840576172,,
226700,43.77620315551758,0.05,-7.1250176429748535,,
226750,18.043901443481445,0.05,-8.010950088500977,,
226800,17.400503158569336,0.05,-10.571067810058594,,
226850,66.52326202392578,0.05,-9.266406059265137,,
226900,23.784090042114258,0.05,-9.052521705627441,,
226950,0.8578960299491882,0.05,-7.1355743408203125,,
227000,29.476137161254883,0.05,-8.313445091247559,,
227050,24.180295944213867,0.05,-9.019806861877441,,
227100,22.361007690429688,0.05,-7.4715704917907715,,
227150,19.946853637695312,0.05,-10.855393409729004,,
227200,27.52907371520996,0.05,-8.855849266052246,,
227250,11.615540504455566,0.05,-7.992067813873291,,
227300,2.9988977909088135,0.05,-9.612717628479004,,
227350,44.32859420776367,0.05,-8.961319923400879,,
227400,20.930999755859375,0.05,-10.897068977355957,,
227450,33.95670700073242,0.05,-7.780446529388428,,
227500,1.2446552515029907,0.05,-7.965206146240234,,
227550,23.621549606323242,0.05,-9.57327651977539,,
227600,37.250640869140625,0.05,-8.256956100463867,,
227650,64.66036224365234,0.05,-8.059245109558105,,
227700,20.907541275024414,0.05,-8.471691131591797,,
227750,19.38160514831543,0.05,-8.469443321228027,,
227800,2.0219051837921143,0.05,-7.701383113861084,,
227850,5.010068416595459,0.05,-8.27224349975586,,
227900,27.22743797302246,0.05,-9.483865737915039,,
227950,23.40242576599121,0.05,-7.815834045410156,,
228000,1.8954071998596191,0.05,-6.558909893035889,,
228050,39.77721405029297,0.05,-6.855020999908447,,
228100,1.1210678815841675,0.05,-7.295648097991943,,
228150,27.047393798828125,0.05,-10.334742546081543,,
228200,16.827341079711914,0.05,-8.724231719970703,,
228250,24.880586624145508,0.05,-7.39578104019165,,
228300,53.78081130981445,0.05,-11.53956127166748,,
228350,12.062724113464355,0.05,-7.414806842803955,,
228400,8.719634056091309,0.05,-6.662038326263428,,
228450,8.602416038513184,0.05,-6.82069206237793,,
228500,5.798690319061279,0.05,-7.5934834480285645,,
228550,5.19713830947876,0.05,-8.483040809631348,,
228600,7.413014888763428,0.05,-8.999764442443848,,
228650,6.311393737792969,0.05,-7.729167461395264,,
228700,15.815133094787598,0.05,-6.464123249053955,,
228750,19.68935203552246,0.05,-6.361013412475586,,
228800,0.7851619124412537,0.05,-6.182934284210205,,
228850,6.052493572235107,0.05,-8.58572006225586,,
228900,25.902219772338867,0.05,-9.936243057250977,,
228950,49.26414489746094,0.05,-8.35497760772705,,
229000,24.31699562072754,0.05,-8.870473861694336,,
229050,0.8104222416877747,0.05,-8.781235694885254,,
229100,4.041544437408447,0.05,-7.28515625,,
229150,24.77484130859375,0.05,-7.766046047210693,,
229200,6.794012546539307,0.05,-7.3378143310546875,,
229250,27.573654174804688,0.05,-9.5452880859375,,
229300,34.075958251953125,0.05,-9.019118309020996,,
229350,40.26480484008789,0.05,-7.931857585906982,,
229400,4.039930820465088,0.05,-9.081225395202637,,
229450,31.95241355895996,0.05,-7.790822505950928,,
229500,1.3664941787719727,0.05,-6.361975193023682,,
229550,27.15523338317871,0.05,-10.005219459533691,,
229600,17.609703063964844,0.05,-7.869241237640381,,
229650,5.017242908477783,0.05,-7.783780574798584,,
229700,35.72889709472656,0.05,-7.8412184715271,,
229750,4.260762691497803,0.05,-10.13630199432373,,
229800,30.030187606811523,0.05,-6.77697229385376,,
229850,6.331406116485596,0.05,-7.90249490737915,,
229900,18.166563034057617,0.05,-8.495471000671387,,
229950,25.080698013305664,0.05,-8.777993202209473,,
230000,22.205230712890625,0.05,-8.04131031036377,,
230050,19.44905662536621,0.05,-7.524453639984131,,
230100,32.807491302490234,0.05,-11.396324157714844,,
230150,1.4315557479858398,0.05,-8.854011535644531,,
230200,4.240867614746094,0.05,-5.89843225479126,,
230250,3.0093796253204346,0.05,-7.15269136428833,,
230300,2.6340837478637695,0.05,-9.491228103637695,,
230350,1.2196733951568604,0.05,-6.989317417144775,,
230400,31.834121704101562,0.05,-8.54472827911377,,
230450,2.3005874156951904,0.05,-9.00695514678955,,
230500,13.005988121032715,0.05,-8.168943405151367,,
230550,6.613623142242432,0.05,-7.215634822845459,,
230600,1.8129587173461914,0.05,-8.060730934143066,,
230650,5.851635456085205,0.05,-12.227763175964355,,
230700,6.879615783691406,0.05,-9.813019752502441,,
230750,13.287995338439941,0.05,-7.833192348480225,,
230800,21.90743064880371,0.05,-8.79662036895752,,
230850,2.4985191822052,0.05,-11.64440631866455,,
230900,17.75554656982422,0.05,-6.978513717651367,,
230950,11.731945037841797,0.05,-7.326141834259033,,
231000,1.2576895952224731,0.05,-7.117019176483154,,
231050,2.727973222732544,0.05,-7.620068073272705,,
231100,18.03303337097168,0.05,-8.323756217956543,,
231150,1.686732292175293,0.05,-7.153868198394775,,
231200,51.56611633300781,0.05,-5.986714839935303,,
231250,3.913959264755249,0.05,-9.83539867401123,,
231300,42.423946380615234,0.05,-10.155014991760254,,
231350,2.639944314956665,0.05,-6.742848873138428,,
231400,15.948700904846191,0.05,-9.070168495178223,,
231450,23.882112503051758,0.05,-9.937323570251465,,
231500,20.743118286132812,0.05,-7.190262317657471,,
231550,0.17117734253406525,0.05,-7.534008502960205,,
231600,3.4020073413848877,0.05,-7.465583801269531,,
231650,4.864348411560059,0.05,-9.056835174560547,,
231700,60.14969253540039,0.05,-7.844346523284912,,
231750,44.08551025390625,0.05,-9.365179061889648,,
231800,42.606990814208984,0.05,-11.410236358642578,,
231850,6.478026866912842,0.05,-6.717505931854248,,
231900,0.8642937541007996,0.05,-7.436790943145752,,
231950,23.632675170898438,0.05,-7.054561138153076,,
232000,10.487942695617676,0.05,-10.534374237060547,,
232050,36.23512649536133,0.05,-8.26977252960205,,
232100,42.259765625,0.05,-8.975663185119629,,
232150,1.1458503007888794,0.05,-6.642467021942139,,
232200,9.082295417785645,0.05,-7.492189884185791,,
232250,9.05009651184082,0.05,-7.832698345184326,,
232300,0.8507614731788635,0.05,-8.267375946044922,,
232350,22.879005432128906,0.05,-8.777202606201172,,
232400,18.741575241088867,0.05,-9.359854698181152,,
232450,1.5090274810791016,0.05,-7.046187877655029,,
232500,7.5513739585876465,0.05,-8.327533721923828,,
232550,0.8594933152198792,0.05,-7.984775543212891,,
232600,0.942568302154541,0.05,-9.380497932434082,,
232650,20.118988037109375,0.05,-7.983956813812256,,
232700,22.375436782836914,0.05,-7.614445209503174,,
232750,7.644720554351807,0.05,-9.987957954406738,,
232800,1.2393547296524048,0.05,-8.797835350036621,,
232850,12.348651885986328,0.05,-9.664219856262207,,
232900,2.572957754135132,0.05,-9.24929428100586,,
232950,2.7585060596466064,0.05,-10.18896770477295,,
233000,50.133968353271484,0.05,-7.3084025382995605,,
233050,36.67399978637695,0.05,-10.293281555175781,,
233100,20.819198608398438,0.05,-10.049874305725098,,
233150,8.771074295043945,0.05,-7.856342315673828,,
233200,9.948809623718262,0.05,-6.342901229858398,,
233250,10.290452003479004,0.05,-7.324697017669678,,
233300,59.4158935546875,0.05,-8.154533386230469,,
233350,27.404394149780273,0.05,-7.217403411865234,,
233400,23.926559448242188,0.05,-8.000879287719727,,
233450,28.8312931060791,0.05,-10.113704681396484,,
233500,66.33379364013672,0.05,-9.677600860595703,,
233550,1.3584012985229492,0.05,-6.72932767868042,,
233600,2.3185951709747314,0.05,-7.295700550079346,,
233650,47.33834457397461,0.05,-10.733729362487793,,
233700,12.225593566894531,0.05,-8.96146011352539,,
233750,22.43779182434082,0.05,-7.562496662139893,,
233800,20.561567306518555,0.05,-8.114921569824219,,
233850,11.52136516571045,0.05,-10.02148151397705,,
233900,4.907019138336182,0.05,-6.988105773925781,,
233950,19.983877182006836,0.05,-8.551241874694824,,
234000,3.6371049880981445,0.05,-7.032063007354736,,
234050,33.263301849365234,0.05,-9.803939819335938,,
234100,1.607147216796875,0.05,-8.28791332244873,,
234150,0.4759603440761566,0.05,-7.963943004608154,,
234200,14.932272911071777,0.05,-8.586501121520996,,
234250,1.4548168182373047,0.05,-11.4093599319458,,
234300,0.6607661843299866,0.05,-7.242612361907959,,
234350,20.883779525756836,0.05,-8.086657524108887,,
234400,2.964383363723755,0.05,-7.075191497802734,,
234450,3.128328561782837,0.05,-8.717605590820312,,
234500,25.48419189453125,0.05,-9.12255859375,,
234550,4.294525623321533,0.05,-9.327458381652832,,
234600,18.096675872802734,0.05,-8.558658599853516,,
234650,25.431808471679688,0.05,-8.905891418457031,,
234700,21.3581600189209,0.05,-9.904707908630371,,
234750,8.190642356872559,0.05,-7.417561054229736,,
234800,18.758241653442383,0.05,-7.166296005249023,,
234850,11.568747520446777,0.05,-9.238409996032715,,
234900,7.686848163604736,0.05,-7.183817386627197,,
234950,27.52608299255371,0.05,-7.630096912384033,,
235000,58.78984451293945,0.05,-9.84289836883545,,
235050,21.122896194458008,0.05,-7.931661128997803,,
235100,30.486495971679688,0.05,-6.605133056640625,,
235150,39.06489944458008,0.05,-7.669036865234375,,
235200,21.996788024902344,0.05,-8.98880386352539,,
235250,6.160348892211914,0.05,-7.581363677978516,,
235300,9.752285957336426,0.05,-9.566081047058105,,
235350,53.22114562988281,0.05,-7.934763431549072,,
235400,28.582046508789062,0.05,-8.147159576416016,,
235450,25.159196853637695,0.05,-7.989558696746826,,
235500,29.641090393066406,0.05,-7.160684585571289,,
235550,1.5258103609085083,0.05,-8.806087493896484,,
235600,24.921554565429688,0.05,-10.690096855163574,,
235650,10.948101997375488,0.05,-7.78683614730835,,
235700,3.7857303619384766,0.05,-7.783224105834961,,
235750,26.75172233581543,0.05,-8.779484748840332,,
235800,0.23428595066070557,0.05,-7.18557596206665,,
235850,22.4293155670166,0.05,-8.607804298400879,,
235900,20.06089973449707,0.05,-7.4037251472473145,,
235950,6.942169189453125,0.05,-9.027213096618652,,
236000,1.2832027673721313,0.05,-7.603172302246094,,
236050,0.7674117088317871,0.05,-7.0309882164001465,,
236100,31.298288345336914,0.05,-7.881393909454346,,
236150,2.0994958877563477,0.05,-7.397348403930664,,
236200,0.437290221452713,0.05,-6.920363903045654,,
236250,11.64012622833252,0.05,-7.644690990447998,,
236300,0.9974794387817383,0.05,-8.158299446105957,,
236350,39.84341812133789,0.05,-7.32716703414917,,
236400,21.48310661315918,0.05,-8.552660942077637,,
236450,2.863454580307007,0.05,-8.246721267700195,,
236500,22.582693099975586,0.05,-7.371923923492432,,
236550,38.38881301879883,0.05,-8.880328178405762,,
236600,2.7517592906951904,0.05,-8.255658149719238,,
236650,1.3627595901489258,0.05,-7.499349594116211,,
236700,72.01129913330078,0.05,-5.9686503410339355,,
236750,40.691951751708984,0.05,-7.82804536819458,,
236800,53.7147216796875,0.05,-8.501764297485352,,
236850,2.052441358566284,0.05,-9.119513511657715,,
236900,9.338312149047852,0.05,-9.316099166870117,,
236950,8.313017845153809,0.05,-8.918673515319824,,
237000,2.5901496410369873,0.05,-10.957716941833496,,
237050,26.99609375,0.05,-8.229393005371094,,
237100,90.11019897460938,0.05,-9.161736488342285,,
237150,29.065757751464844,0.05,-9.588957786560059,,
237200,9.483487129211426,0.05,-9.154314041137695,,
237250,30.022743225097656,0.05,-9.141963958740234,,
237300,2.0585737228393555,0.05,-7.322574138641357,,
237350,21.7032527923584,0.05,-8.966790199279785,,
237400,25.899869918823242,0.05,-10.984779357910156,,
237450,27.761856079101562,0.05,-8.697147369384766,,
237500,0.8778514862060547,0.05,-8.588447570800781,,
237550,40.804080963134766,0.05,-10.046655654907227,,
237600,2.6101813316345215,0.05,-6.57671594619751,,
237650,39.96304702758789,0.05,-9.279050827026367,,
237700,39.51533508300781,0.05,-9.392800331115723,,
237750,3.9134838581085205,0.05,-7.727210998535156,,
237800,2.3126070499420166,0.05,-10.332159042358398,,
237850,31.12831687927246,0.05,-9.118569374084473,,
237900,11.896892547607422,0.05,-7.210713863372803,,
237950,0.9983792901039124,0.05,-8.772177696228027,,
238000,37.95814514160156,0.05,-8.855254173278809,,
238050,20.32200813293457,0.05,-11.985129356384277,,
238100,3.54498553276062,0.05,-9.29310131072998,,
238150,6.995935916900635,0.05,-6.6087327003479,,
238200,6.3264617919921875,0.05,-9.089932441711426,,
238250,26.196279525756836,0.05,-7.0369791984558105,,
238300,2.936044454574585,0.05,-11.564037322998047,,
238350,26.605409622192383,0.05,-10.992426872253418,,
238400,10.140371322631836,0.05,-11.246495246887207,,
238450,34.015804290771484,0.05,-7.6335296630859375,,
238500,9.380797386169434,0.05,-8.91940975189209,,
238550,11.865921974182129,0.05,-9.514262199401855,,
238600,20.309574127197266,0.05,-8.312562942504883,,
238650,25.996564865112305,0.05,-10.353413581848145,,
238700,13.47319507598877,0.05,-8.462983131408691,,
238750,41.4810676574707,0.05,-10.187339782714844,,
238800,10.94273853302002,0.05,-7.982557773590088,,
238850,62.58475112915039,0.05,-8.7749662399292,,
238900,6.137619495391846,0.05,-10.262232780456543,,
238950,9.679943084716797,0.05,-8.422825813293457,,
239000,18.432247161865234,0.05,-9.071471214294434,,
239050,2.7065725326538086,0.05,-8.76648235321045,,
239100,3.201785087585449,0.05,-7.960511684417725,,
239150,25.179458618164062,0.05,-8.649271965026855,,
239200,2.592482805252075,0.05,-8.331649780273438,,
239250,24.50722312927246,0.05,-9.40279483795166,,
239300,9.863926887512207,0.05,-9.786148071289062,,
239350,47.81523132324219,0.05,-8.444575309753418,,
239400,5.527010440826416,0.05,-9.604386329650879,,
239450,11.173942565917969,0.05,-9.453609466552734,,
239500,33.87885284423828,0.05,-7.7354416847229,,
239550,4.371890068054199,0.05,-8.771441459655762,,
239600,34.915401458740234,0.05,-7.468435764312744,,
239650,41.73775100708008,0.05,-9.593108177185059,,
239700,34.23514938354492,0.05,-8.638344764709473,,
239750,2.2414896488189697,0.05,-9.310811042785645,,
239800,27.21770668029785,0.05,-10.013871192932129,,
239850,28.93882179260254,0.05,-8.762923240661621,,
239900,2.429940938949585,0.05,-8.756718635559082,,
239950,1.7782567739486694,0.05,-7.48901891708374,,
240000,0.9690967202186584,0.05,-7.086947917938232,,
240050,3.881852149963379,0.05,-8.294037818908691,,
240100,5.778093338012695,0.05,-9.773488998413086,,
240150,1.1025632619857788,0.05,-8.383316993713379,,
240200,36.152713775634766,0.05,-10.700810432434082,,
240250,44.04972457885742,0.05,-10.124979972839355,,
240300,30.707069396972656,0.05,-7.894789218902588,,
240350,1.7799609899520874,0.05,-8.981915473937988,,
240400,1.0460768938064575,0.05,-8.762764930725098,,
240450,1.981545090675354,0.05,-8.433792114257812,,
240500,28.35618782043457,0.05,-7.698293209075928,,
240550,17.677064895629883,0.05,-8.135743141174316,,
240600,6.0787882804870605,0.05,-11.178566932678223,,
240650,1.5386372804641724,0.05,-9.241106986999512,,
240700,30.97658348083496,0.05,-8.761869430541992,,
240750,52.51719284057617,0.05,-7.78141450881958,,
240800,27.808969497680664,0.05,-9.752372741699219,,
240850,22.51999855041504,0.05,-8.609673500061035,,
240900,27.505271911621094,0.05,-9.119982719421387,,
240950,1.4556328058242798,0.05,-7.187072277069092,,
241000,1.031875729560852,0.05,-10.444544792175293,,
241050,1.6229133605957031,0.05,-6.836732387542725,,
241100,19.72831153869629,0.05,-10.47447681427002,,
241150,0.16411353647708893,0.05,-8.250407218933105,,
241200,28.82720184326172,0.05,-10.926407814025879,,
241250,1.473981499671936,0.05,-8.480059623718262,,
241300,36.293155670166016,0.05,-10.312737464904785,,
241350,35.003257751464844,0.05,-10.130794525146484,,
241400,10.555008888244629,0.05,-9.95235824584961,,
241450,5.146371364593506,0.05,-10.977555274963379,,
241500,45.53628158569336,0.05,-8.809037208557129,,
241550,4.216742038726807,0.05,-9.286648750305176,,
241600,1.6551247835159302,0.05,-7.762475967407227,,
241650,3.6143972873687744,0.05,-8.093334197998047,,
241700,30.30116844177246,0.05,-8.012594223022461,,
241750,86.82766723632812,0.05,-9.737602233886719,,
241800,20.609445571899414,0.05,-9.69478988647461,,
241850,28.437246322631836,0.05,-8.84797191619873,,
241900,40.4018440246582,0.05,-10.883896827697754,,
241950,9.455575942993164,0.05,-8.579204559326172,,
242000,1.7777608633041382,0.05,-8.306892395019531,,
242050,28.198068618774414,0.05,-7.595691204071045,,
242100,10.917724609375,0.05,-7.676151275634766,,
242150,0.2491949051618576,0.05,-8.925562858581543,,
242200,11.620291709899902,0.05,-9.015926361083984,,
242250,2.0363144874572754,0.05,-9.065153121948242,,
242300,50.87001037597656,0.05,-9.606194496154785,,
242350,24.320581436157227,0.05,-9.997151374816895,,
242400,28.92732048034668,0.05,-7.2383551597595215,,
242450,2.3954927921295166,0.05,-10.03834056854248,,
242500,3.022585868835449,0.05,-7.729207515716553,,
242550,44.80061721801758,0.05,-10.168987274169922,,
242600,35.88419723510742,0.05,-9.828171730041504,,
242650,24.11041259765625,0.05,-9.837233543395996,,
242700,30.6629581451416,0.05,-9.35646915435791,,
242750,2.0705087184906006,0.05,-9.987682342529297,,
242800,30.072891235351562,0.05,-9.405516624450684,,
242850,14.991894721984863,0.05,-9.220891952514648,,
242900,1.559207558631897,0.05,-7.921315670013428,,
242950,5.22229528427124,0.05,-9.608870506286621,,
243000,20.708330154418945,0.05,-10.545666694641113,,
243050,0.5258294939994812,0.05,-10.374812126159668,,
243100,34.247318267822266,0.05,-10.042496681213379,,
243150,15.72098159790039,0.05,-7.843839645385742,,
243200,51.590946197509766,0.05,-11.613089561462402,,
243250,10.800799369812012,0.05,-9.441998481750488,,
243300,2.452171564102173,0.05,-9.680380821228027,,
243350,46.158756256103516,0.05,-10.564002990722656,,
243400,22.27537727355957,0.05,-8.836173057556152,,
243450,5.202047824859619,0.05,-10.5707426071167,,
243500,12.518351554870605,0.05,-10.586600303649902,,
243550,2.7294089794158936,0.05,-7.995856761932373,,
243600,10.344114303588867,0.05,-8.276156425476074,,
243650,18.519189834594727,0.05,-9.372773170471191,,
243700,1.279937505722046,0.05,-9.658113479614258,,
243750,2.8447072505950928,0.05,-10.0564546585083,,
243800,24.190820693969727,0.05,-7.528283596038818,,
243850,10.180899620056152,0.05,-9.407444953918457,,
243900,8.613282203674316,0.05,-10.05767822265625,,
243950,4.250194072723389,0.05,-10.190723419189453,,
244000,54.66728591918945,0.05,-10.33119010925293,,
244050,5.039554119110107,0.05,-8.454155921936035,,
244100,12.523415565490723,0.05,-9.470219612121582,,
244150,9.673741340637207,0.05,-8.02078914642334,,
244200,53.48476028442383,0.05,-10.381682395935059,,
244250,2.0515692234039307,0.05,-8.536205291748047,,
244300,18.631837844848633,0.05,-8.64203929901123,,
244350,11.664825439453125,0.05,-8.934931755065918,,
244400,15.747319221496582,0.05,-8.962885856628418,,
244450,37.544891357421875,0.05,-9.2404203414917,,
244500,19.900197982788086,0.05,-8.830965995788574,,
244550,11.615867614746094,0.05,-7.477474689483643,,
244600,51.412105560302734,0.05,-8.079266548156738,,
244650,15.359248161315918,0.05,-9.065242767333984,,
244700,2.12192702293396,0.05,-9.239934921264648,,
244750,37.730865478515625,0.05,-11.011665344238281,,
244800,6.458580017089844,0.05,-9.250847816467285,,
244850,13.483931541442871,0.05,-9.127636909484863,,
244900,54.744625091552734,0.05,-11.856670379638672,,
244950,2.270763874053955,0.05,-7.379055500030518,,
245000,2.4963009357452393,0.05,-6.93668794631958,,
245050,7.596086025238037,0.05,-8.159640312194824,,
245100,26.15008544921875,0.05,-13.977951049804688,,
245150,2.5444700717926025,0.05,-8.81352424621582,,
245200,1.0466378927230835,0.05,-7.469542026519775,,
245250,1.6810798645019531,0.05,-8.08401870727539,,
245300,14.839859008789062,0.05,-8.198907852172852,,
245350,18.78483772277832,0.05,-11.119975090026855,,
245400,20.723020553588867,0.05,-9.26213264465332,,
245450,9.78515911102295,0.05,-11.992950439453125,,
245500,0.7395547032356262,0.05,-8.338153839111328,,
245550,29.41077423095703,0.05,-8.957293510437012,,
245600,9.558093070983887,0.05,-8.572508811950684,,
245650,33.723480224609375,0.05,-9.324867248535156,,
245700,1.3296717405319214,0.05,-8.739243507385254,,
245750,1.5390630960464478,0.05,-7.337524890899658,,
245800,20.272296905517578,0.05,-8.084396362304688,,
245850,6.82153844833374,0.05,-7.942127227783203,,
245900,4.283365726470947,0.05,-8.984617233276367,,
245950,6.840190887451172,0.05,-10.855240821838379,,
246000,44.09027099609375,0.05,-9.642073631286621,,
246050,41.66531753540039,0.05,-8.408628463745117,,
246100,14.1522798538208,0.05,-7.997043609619141,,
246150,6.28936243057251,0.05,-7.935243129730225,,
246200,19.26010513305664,0.05,-7.884886264801025,,
246250,1.988885521888733,0.05,-8.333051681518555,,
246300,2.7055118083953857,0.05,-8.28382396697998,,
246350,0.4563334882259369,0.05,-8.85840892791748,,
246400,2.309343099594116,0.05,-7.281628131866455,,
246450,3.089571952819824,0.05,-7.361602783203125,,
246500,17.227890014648438,0.05,-10.581706047058105,,
246550,5.919327259063721,0.05,-10.28207015991211,,
246600,28.99754524230957,0.05,-9.818428039550781,,
246650,3.24250864982605,0.05,-8.24524211883545,,
246700,1.5492334365844727,0.05,-8.342436790466309,,
246750,13.942917823791504,0.05,-8.635376930236816,,
246800,1.0440222024917603,0.05,-7.786498546600342,,
246850,13.830768585205078,0.05,-9.43252182006836,,
246900,4.07699728012085,0.05,-8.934962272644043,,
246950,27.6146297454834,0.05,-9.065796852111816,,
247000,0.6076626181602478,0.05,-7.949739933013916,,
247050,2.6911706924438477,0.05,-9.605491638183594,,
247100,4.2713422775268555,0.05,-8.857612609863281,,
247150,6.425090789794922,0.05,-8.846264839172363,,
247200,1.5170434713363647,0.05,-9.976519584655762,,
247250,62.52646255493164,0.05,-10.460057258605957,,
247300,1.772334098815918,0.05,-8.165891647338867,,
247350,16.62807273864746,0.05,-9.263155937194824,,
247400,10.69657039642334,0.05,-8.123981475830078,,
247450,41.93485641479492,0.05,-10.75588607788086,,
247500,9.718974113464355,0.05,-8.018321990966797,,
247550,0.5814819931983948,0.05,-10.320841789245605,,
247600,31.5089054107666,0.05,-8.369192123413086,,
247650,8.04300594329834,0.05,-8.369688987731934,,
247700,28.168928146362305,0.05,-9.76413631439209,,
247750,34.68999099731445,0.05,-8.053044319152832,,
247800,5.111961841583252,0.05,-7.076180934906006,,
247850,8.568705558776855,0.05,-9.776118278503418,,
247900,2.1904897689819336,0.05,-9.416962623596191,,
247950,77.2513198852539,0.05,-11.120170593261719,,
248000,37.47764587402344,0.05,-8.52863597869873,,
248050,13.527009010314941,0.05,-8.914856910705566,,
248100,12.176597595214844,0.05,-12.415764808654785,,
248150,1.6028695106506348,0.05,-8.284843444824219,,
248200,1.1898497343063354,0.05,-6.568233966827393,,
248250,30.343690872192383,0.05,-9.00963306427002,,
248300,38.949283599853516,0.05,-6.8800578117370605,,
248350,0.7526280283927917,0.05,-8.90407943725586,,
248400,2.1468231678009033,0.05,-8.446148872375488,,
248450,28.687644958496094,0.05,-9.656096458435059,,
248500,2.079584836959839,0.05,-7.01199197769165,,
248550,2.697158098220825,0.05,-8.525744438171387,,
248600,15.401946067810059,0.05,-9.978036880493164,,
248650,0.8992710113525391,0.05,-8.208499908447266,,
248700,13.317157745361328,0.05,-7.703558444976807,,
248750,2.017808675765991,0.05,-8.180886268615723,,
248800,21.425140380859375,0.05,-10.096226692199707,,
248850,40.32246780395508,0.05,-9.807657241821289,,
248900,62.736572265625,0.05,-11.392505645751953,,
248950,50.52099609375,0.05,-9.154417991638184,,
249000,41.48151779174805,0.05,-8.497767448425293,,
249050,30.404464721679688,0.05,-9.88045597076416,,
249100,3.619523286819458,0.05,-8.94015121459961,,
249150,2.215000867843628,0.05,-8.491469383239746,,
249200,21.09030532836914,0.05,-7.837677001953125,,
249250,17.4205379486084,0.05,-8.376348495483398,,
249300,22.251502990722656,0.05,-8.196759223937988,,
249350,16.684036254882812,0.05,-8.80681324005127,,
249400,61.80281066894531,0.05,-9.130343437194824,,
249450,1.5857776403427124,0.05,-9.450521469116211,,
249500,2.5765480995178223,0.05,-9.723898887634277,,
249550,2.576507806777954,0.05,-9.066699028015137,,
249600,2.345937967300415,0.05,-9.876912117004395,,
249650,11.861312866210938,0.05,-9.955306053161621,,
249700,2.4152822494506836,0.05,-9.683782577514648,,
249750,2.046309232711792,0.05,-10.411181449890137,,
249800,1.435123324394226,0.05,-8.05515193939209,,
249850,12.942086219787598,0.05,-8.092320442199707,,
249900,41.2672233581543,0.05,-8.524100303649902,,
249950,11.757384300231934,0.05,-10.416474342346191,,
250000,3.314028739929199,0.05,-9.943209648132324,-1.2406393395901196,44.800000000000004
250050,14.77322006225586,0.05,-11.533431053161621,,
250100,22.418745040893555,0.05,-6.982603073120117,,
250150,18.845361709594727,0.05,-8.936643600463867,,
250200,3.830738067626953,0.05,-9.899981498718262,,
250250,52.47038650512695,0.05,-11.81781005859375,,
250300,58.23481369018555,0.05,-10.510990142822266,,
250350,14.520256042480469,0.05,-10.272002220153809,,
250400,27.57723045349121,0.05,-10.241055488586426,,
250450,3.3624048233032227,0.05,-9.265454292297363,,
250500,0.5580465793609619,0.05,-9.051440238952637,,
250550,7.202721118927002,0.05,-8.104378700256348,,
250600,2.8314669132232666,0.05,-10.68902587890625,,
250650,34.78599548339844,0.05,-9.798629760742188,,
250700,38.466407775878906,0.05,-8.552334785461426,,
250750,7.844987869262695,0.05,-6.641681671142578,,
250800,7.733423709869385,0.05,-7.725934982299805,,
250850,22.702903747558594,0.05,-10.072016716003418,,
250900,10.788627624511719,0.05,-10.72833251953125,,
250950,42.56229782104492,0.05,-10.176873207092285,,
251000,9.855581283569336,0.05,-9.528563499450684,,
251050,21.582794189453125,0.05,-10.529748916625977,,
251100,3.1720011234283447,0.05,-7.540524959564209,,
251150,32.50309753417969,0.05,-8.862650871276855,,
251200,4.230231761932373,0.05,-7.315885543823242,,
251250,0.39133796095848083,0.05,-8.323603630065918,,
251300,16.70688247680664,0.05,-8.830349922180176,,
251350,0.8271761536598206,0.05,-8.235875129699707,,
251400,0.9858865737915039,0.05,-9.149590492248535,,
251450,54.96684265136719,0.05,-9.83513069152832,,
251500,6.63336706161499,0.05,-9.783392906188965,,
251550,55.41691970825195,0.05,-10.182694435119629,,
251600,2.438920259475708,0.05,-7.744269847869873,,
251650,28.717912673950195,0.05,-10.793049812316895,,
251700,60.17152786254883,0.05,-9.232563972473145,,
251750,46.80006790161133,0.05,-11.241194725036621,,
251800,34.56934356689453,0.05,-8.84526538848877,,
251850,26.995559692382812,0.05,-9.906618118286133,,
251900,28.099393844604492,0.05,-9.615311622619629,,
251950,3.1973915100097656,0.05,-9.643089294433594,,
252000,1.184377908706665,0.05,-7.738801956176758,,
252050,4.597466468811035,0.05,-8.396493911743164,,
252100,31.012619018554688,0.05,-12.135955810546875,,
252150,3.5287020206451416,0.05,-7.924182415008545,,
252200,5.3113226890563965,0.05,-11.741864204406738,,
252250,7.864208221435547,0.05,-12.636574745178223,,
252300,79.42371368408203,0.05,-11.08948802947998,,
252350,32.632652282714844,0.05,-9.643170356750488,,
252400,40.50570297241211,0.05,-8.345223426818848,,
252450,14.78477954864502,0.05,-10.531094551086426,,
252500,48.285430908203125,0.05,-11.112587928771973,,
252550,17.462373733520508,0.05,-11.052688598632812,,
252600,31.15287971496582,0.05,-8.226139068603516,,
252650,44.52507400512695,0.05,-9.895493507385254,,
252700,40.26308822631836,0.05,-10.206871032714844,,
252750,5.431725978851318,0.05,-10.461695671081543,,
252800,28.014381408691406,0.05,-10.029852867126465,,
252850,0.7953678965568542,0.05,-8.229622840881348,,
252900,46.38447952270508,0.05,-9.694269180297852,,
252950,13.743599891662598,0.05,-11.079962730407715,,
253000,0.37273040413856506,0.05,-8.033818244934082,,
253050,24.122648239135742,0.05,-10.56284236907959,,
253100,0.2552681565284729,0.05,-8.087258338928223,,
253150,49.389678955078125,0.05,-10.20716381072998,,
253200,6.422796726226807,0.05,-8.446993827819824,,
253250,1.328046202659607,0.05,-7.674159526824951,,
253300,73.93659210205078,0.05,-9.118340492248535,,
253350,2.7709522247314453,0.05,-10.571063995361328,,
253400,4.970775604248047,0.05,-9.396743774414062,,
253450,22.722793579101562,0.05,-8.305481910705566,,
253500,0.9665992259979248,0.05,-8.439932823181152,,
253550,23.976213455200195,0.05,-8.895855903625488,,
253600,50.89857482910156,0.05,-10.843880653381348,,
253650,0.8973024487495422,0.05,-8.490998268127441,,
253700,4.911812782287598,0.05,-9.438641548156738,,
253750,36.13533401489258,0.05,-9.255354881286621,,
253800,0.8453369736671448,0.05,-9.272405624389648,,
253850,34.400020599365234,0.05,-9.358288764953613,,
253900,105.68204498291016,0.05,-11.736159324645996,,
253950,56.57672119140625,0.05,-9.113835334777832,,
254000,0.14503362774848938,0.05,-6.854236602783203,,
254050,30.937440872192383,0.05,-8.598560333251953,,
254100,31.02061653137207,0.05,-12.016998291015625,,
254150,4.823116779327393,0.05,-9.458308219909668,,
254200,29.9898681640625,0.05,-8.065499305725098,,
254250,2.4741098880767822,0.05,-6.8338236808776855,,
254300,43.06288528442383,0.05,-9.892909049987793,,
254350,48.34178161621094,0.05,-9.368205070495605,,
254400,50.45814895629883,0.05,-11.982131004333496,,
254450,27.643224716186523,0.05,-10.752189636230469,,
254500,26.37645721435547,0.05,-8.22341251373291,,
254550,1.9096828699111938,0.05,-9.126225471496582,,
254600,11.257899284362793,0.05,-9.133567810058594,,
254650,24.425100326538086,0.05,-8.211875915527344,,
254700,21.85405158996582,0.05,-11.223538398742676,,
254750,35.54823303222656,0.05,-7.416882038116455,,
254800,72.8661880493164,0.05,-10.391255378723145,,
254850,1.5252633094787598,0.05,-7.991693019866943,,
254900,24.675386428833008,0.05,-8.439142227172852,,
254950,4.431396007537842,0.05,-10.109872817993164,,
255000,1.2712146043777466,0.05,-7.483436584472656,,
255050,8.251120567321777,0.05,-9.309764862060547,,
255100,3.86014723777771,0.05,-9.390046119689941,,
255150,51.386016845703125,0.05,-9.798855781555176,,
255200,16.67055320739746,0.05,-8.948718070983887,,
255250,15.177241325378418,0.05,-10.90950870513916,,
255300,25.537452697753906,0.05,-9.087774276733398,,
255350,47.851837158203125,0.05,-10.011015892028809,,
255400,49.948944091796875,0.05,-9.653450012207031,,
255450,7.64373254776001,0.05,-9.701431274414062,,
255500,54.9700927734375,0.05,-10.703476905822754,,
255550,1.248453140258789,0.05,-10.093619346618652,,
255600,78.2088394165039,0.05,-10.891436576843262,,
255650,24.182458877563477,0.05,-10.26467227935791,,
255700,23.500917434692383,0.05,-7.900078296661377,,
255750,1.089211344718933,0.05,-9.142138481140137,,
255800,2.5388174057006836,0.05,-8.921086311340332,,
255850,4.456900119781494,0.05,-9.50769329071045,,
255900,7.495713710784912,0.05,-8.729911804199219,,
255950,6.683097839355469,0.05,-8.171710014343262,,
256000,25.549352645874023,0.05,-10.186030387878418,,
256050,18.9121036529541,0.05,-8.047554969787598,,
256100,0.24455909430980682,0.05,-8.563189506530762,,
256150,6.497872829437256,0.05,-8.530261039733887,,
256200,17.38602638244629,0.05,-9.231914520263672,,
256250,14.211153984069824,0.05,-9.082104682922363,,
256300,5.635396957397461,0.05,-7.847823619842529,,
256350,44.776798248291016,0.05,-10.837262153625488,,
256400,31.85502052307129,0.05,-9.080082893371582,,
256450,4.6462602615356445,0.05,-8.424084663391113,,
256500,11.091911315917969,0.05,-8.799306869506836,,
256550,63.02848815917969,0.05,-9.180671691894531,,
256600,48.20096206665039,0.05,-8.550806045532227,,
256650,45.02056884765625,0.05,-10.417988777160645,,
256700,10.68930721282959,0.05,-9.816035270690918,,
256750,3.7322208881378174,0.05,-9.766037940979004,,
256800,19.34447479248047,0.05,-8.1870756149292,,
256850,0.7604432106018066,0.05,-8.555503845214844,,
256900,26.31623077392578,0.05,-10.77299976348877,,
256950,34.256282806396484,0.05,-9.970706939697266,,
257000,0.22524535655975342,0.05,-7.792425155639648,,
257050,14.907291412353516,0.05,-8.740973472595215,,
257100,25.916879653930664,0.05,-7.855858325958252,,
257150,13.30573558807373,0.05,-8.14564037322998,,
257200,9.163601875305176,0.05,-8.505376815795898,,
257250,59.66840744018555,0.05,-11.048445701599121,,
257300,1.4750837087631226,0.05,-8.544135093688965,,
257350,2.4023091793060303,0.05,-8.89786434173584,,
257400,21.16657066345215,0.05,-11.25793743133545,,
257450,3.737572431564331,0.05,-7.469820022583008,,
257500,3.517531156539917,0.05,-8.854401588439941,,
257550,1.5760769844055176,0.05,-6.713428497314453,,
257600,1.296421766281128,0.05,-8.4340181350708,,
257650,25.618574142456055,0.05,-8.916903495788574,,
257700,1.664276123046875,0.05,-11.581812858581543,,
257750,1.3774620294570923,0.05,-8.796550750732422,,
257800,1.7905243635177612,0.05,-8.816134452819824,,
257850,73.14813995361328,0.05,-8.697225570678711,,
257900,7.6974568367004395,0.05,-9.861907005310059,,
257950,20.42337989807129,0.05,-10.599960327148438,,
258000,8.981610298156738,0.05,-9.607035636901855,,
258050,15.467063903808594,0.05,-9.84745979309082,,
258100,3.6810073852539062,0.05,-8.994393348693848,,
258150,33.531307220458984,0.05,-9.394351959228516,,
258200,0.9302759170532227,0.05,-8.803235054016113,,
258250,11.462998390197754,0.05,-9.094269752502441,,
258300,17.103307723999023,0.05,-7.940170764923096,,
258350,32.64178466796875,0.05,-9.092071533203125,,
258400,81.2572021484375,0.05,-9.24819278717041,,
258450,25.51714515686035,0.05,-7.7700324058532715,,
258500,6.053617477416992,0.05,-8.922762870788574,,
258550,44.89427185058594,0.05,-8.879786491394043,,
258600,2.9111154079437256,0.05,-8.437518119812012,,
258650,13.655741691589355,0.05,-9.162851333618164,,
258700,33.576942443847656,0.05,-8.839496612548828,,
258750,2.3311824798583984,0.05,-7.738931179046631,,
258800,82.56108856201172,0.05,-9.552033424377441,,
258850,27.132246017456055,0.05,-10.3038911819458,,
258900,32.22993469238281,0.05,-8.671235084533691,,
258950,2.0247414112091064,0.05,-9.072710037231445,,
259000,0.46173182129859924,0.05,-8.701720237731934,,
259050,1.9606996774673462,0.05,-8.4764986038208,,
259100,14.201624870300293,0.05,-8.076606750488281,,
259150,3.814751386642456,0.05,-9.424479484558105,,
259200,23.43766975402832,0.05,-8.902993202209473,,
259250,1.8386651277542114,0.05,-9.09835433959961,,
259300,4.690479278564453,0.05,-8.200732231140137,,
259350,2.4453794956207275,0.05,-8.663168907165527,,
259400,1.8813533782958984,0.05,-8.853182792663574,,
259450,6.508323669433594,0.05,-8.45304012298584,,
259500,6.267557144165039,0.05,-8.311836242675781,,
259550,1.972607135772705,0.05,-8.32563304901123,,
259600,83.98915100097656,0.05,-9.641521453857422,,
259650,22.68846893310547,0.05,-8.541871070861816,,
259700,22.969907760620117,0.05,-7.972684383392334,,
259750,17.993741989135742,0.05,-9.869462013244629,,
259800,1.0820419788360596,0.05,-7.682458400726318,,
259850,42.7359619140625,0.05,-8.47748851776123,,
259900,21.06901741027832,0.05,-8.461910247802734,,
259950,0.6034602522850037,0.05,-8.950013160705566,,
260000,14.215259552001953,0.05,-8.492413520812988,,
260050,0.9314468502998352,0.05,-8.38317584991455,,
260100,0.9757874608039856,0.05,-8.229418754577637,,
260150,0.970220148563385,0.05,-10.10307788848877,,
260200,0.3550359308719635,0.05,-7.506397247314453,,
260250,22.15338897705078,0.05,-9.347431182861328,,
260300,4.373852252960205,0.05,-9.53890609741211,,
260350,5.5841851234436035,0.05,-9.555743217468262,,
260400,4.109594821929932,0.05,-8.322104454040527,,
260450,2.632612943649292,0.05,-8.523241996765137,,
260500,33.69486999511719,0.05,-9.28637409210205,,
260550,1.9958115816116333,0.05,-9.800702095031738,,
260600,24.2286434173584,0.05,-10.21642017364502,,
260650,17.23520278930664,0.05,-9.13915729522705,,
260700,11.371421813964844,0.05,-7.8781962394714355,,
260750,9.312126159667969,0.05,-8.102960586547852,,
260800,4.967069149017334,0.05,-7.60686731338501,,
260850,3.6655375957489014,0.05,-7.909620761871338,,
260900,0.22225044667720795,0.05,-7.608836650848389,,
260950,2.567091941833496,0.05,-7.846721172332764,,
261000,1.3800573348999023,0.05,-9.352493286132812,,
261050,44.15875244140625,0.05,-11.040562629699707,,
261100,8.87402057647705,0.05,-7.030969619750977,,
261150,1.9193817377090454,0.05,-8.933730125427246,,
261200,57.91061019897461,0.05,-9.177311897277832,,
261250,2.3025076389312744,0.05,-8.067203521728516,,
261300,48.69345474243164,0.05,-9.696389198303223,,
261350,5.1108832359313965,0.05,-8.529952049255371,,
261400,25.27777671813965,0.05,-9.221020698547363,,
261450,3.867352247238159,0.05,-9.89467716217041,,
261500,82.16106414794922,0.05,-10.394526481628418,,
261550,18.173433303833008,0.05,-11.469632148742676,,
261600,24.23826026916504,0.05,-7.717310428619385,,
261650,0.2294759750366211,0.05,-7.449718952178955,,
261700,2.5197598934173584,0.05,-7.592274188995361,,
261750,1.5823445320129395,0.05,-8.072375297546387,,
261800,6.027169704437256,0.05,-8.927799224853516,,
261850,24.37874412536621,0.05,-10.090506553649902,,
261900,6.271078586578369,0.05,-7.811578750610352,,
261950,0.7903291583061218,0.05,-8.595807075500488,,
262000,18.057571411132812,0.05,-8.788275718688965,,
262050,50.76180648803711,0.05,-7.869083881378174,,
262100,8.06078815460205,0.05,-9.165173530578613,,
262150,1.266284465789795,0.05,-9.552521705627441,,
262200,0.11185597628355026,0.05,-6.799500942230225,,
262250,0.7289924621582031,0.05,-6.908395290374756,,
262300,17.72724151611328,0.05,-7.534181118011475,,
262350,17.614334106445312,0.05,-9.290850639343262,,
262400,0.7684175372123718,0.05,-8.115166664123535,,
262450,49.69121170043945,0.05,-9.792258262634277,,
262500,4.345786094665527,0.05,-8.796425819396973,,
262550,2.5644161701202393,0.05,-9.815049171447754,,
262600,21.543352127075195,0.05,-10.622363090515137,,
262650,20.70061683654785,0.05,-7.806501388549805,,
262700,2.705068588256836,0.05,-8.677379608154297,,
262750,3.5366270542144775,0.05,-9.915534019470215,,
262800,0.7156530022621155,0.05,-7.879257678985596,,
262850,3.353156089782715,0.05,-7.980772495269775,,
262900,5.47817850112915,0.05,-7.746657848358154,,
262950,3.6283347606658936,0.05,-8.25384521484375,,
263000,5.629185199737549,0.05,-9.492305755615234,,
263050,0.6105003952980042,0.05,-7.841310977935791,,
263100,29.887168884277344,0.05,-8.364641189575195,,
263150,20.05696678161621,0.05,-7.756509780883789,,
263200,49.768367767333984,0.05,-10.799059867858887,,
263250,1.3463128805160522,0.05,-9.733579635620117,,
263300,1.0875996351242065,0.05,-8.637856483459473,,
263350,2.9124553203582764,0.05,-7.416499614715576,,
263400,5.0676188468933105,0.05,-8.70897388458252,,
263450,7.565208435058594,0.05,-8.122391700744629,,
263500,25.006019592285156,0.05,-9.333670616149902,,
263550,21.057653427124023,0.05,-8.38611125946045,,
263600,10.788166999816895,0.05,-10.34875774383545,,
263650,11.96507740020752,0.05,-9.31517505645752,,
263700,8.250056266784668,0.05,-10.067885398864746,,
263750,0.6630844473838806,0.05,-7.994727611541748,,
263800,1.8220630884170532,0.05,-9.416390419006348,,
263850,1.2141937017440796,0.05,-8.616134643554688,,
263900,8.46642017364502,0.05,-11.853915214538574,,
263950,1.5027788877487183,0.05,-8.09545612335205,,
264000,14.332388877868652,0.05,-8.004048347473145,,
264050,0.8966481685638428,0.05,-8.102038383483887,,
264100,1.5316462516784668,0.05,-8.636336326599121,,
264150,7.00518798828125,0.05,-9.663966178894043,,
264200,21.185199737548828,0.05,-8.461421966552734,,
264250,25.791059494018555,0.05,-6.638308048248291,,
264300,29.06261444091797,0.05,-7.504274845123291,,
264350,2.6371865272521973,0.05,-11.008925437927246,,
264400,0.2213422656059265,0.05,-7.7405171394348145,,
264450,18.960893630981445,0.05,-8.651365280151367,,
264500,36.1412239074707,0.05,-8.103938102722168,,
264550,44.00050354003906,0.05,-8.895639419555664,,
264600,3.130152463912964,0.05,-9.52841854095459,,
264650,5.439359664916992,0.05,-7.871922969818115,,
264700,1.3360017538070679,0.05,-7.536391735076904,,
264750,2.52929949760437,0.05,-7.298342227935791,,
264800,58.737548828125,0.05,-8.796528816223145,,
264850,14.488945960998535,0.05,-8.029097557067871,,
264900,9.957964897155762,0.05,-8.421931266784668,,
264950,0.42037007212638855,0.05,-8.081978797912598,,
265000,0.5865694880485535,0.05,-7.62115478515625,,
265050,0.6698415875434875,0.05,-8.341754913330078,,
265100,0.15405401587486267,0.05,-8.058089256286621,,
265150,44.72769546508789,0.05,-9.489361763000488,,
265200,2.9043047428131104,0.05,-9.707157135009766,,
265250,76.41728973388672,0.05,-9.518821716308594,,
265300,33.38294219970703,0.05,-12.175949096679688,,
265350,10.840989112854004,0.05,-9.29577922821045,,
265400,40.91788101196289,0.05,-8.583653450012207,,
265450,0.32851642370224,0.05,-7.975322246551514,,
265500,6.3369317054748535,0.05,-8.689972877502441,,
265550,15.723536491394043,0.05,-7.82550573348999,,
265600,0.43300795555114746,0.05,-8.72133731842041,,
265650,11.83423137664795,0.05,-7.296098709106445,,
265700,35.557987213134766,0.05,-9.051958084106445,,
265750,3.882758378982544,0.05,-8.245526313781738,,
265800,40.61452865600586,0.05,-8.132822036743164,,
265850,8.443108558654785,0.05,-9.3485746383667,,
265900,22.721376419067383,0.05,-9.39264965057373,,
265950,1.4298063516616821,0.05,-8.258203506469727,,
266000,0.1615135222673416,0.05,-8.121356010437012,,
266050,0.15865346789360046,0.05,-6.7174859046936035,,
266100,20.18339729309082,0.05,-9.358593940734863,,
266150,45.67227554321289,0.05,-9.568032264709473,,
266200,56.72433090209961,0.05,-10.146723747253418,,
266250,5.919095516204834,0.05,-9.316136360168457,,
266300,5.965032577514648,0.05,-8.997905731201172,,
266350,2.908785820007324,0.05,-9.251399040222168,,
266400,54.62472152709961,0.05,-8.974265098571777,,
266450,10.730547904968262,0.05,-8.648229598999023,,
266500,25.983362197875977,0.05,-10.2222261428833,,
266550,1.0172733068466187,0.05,-7.450531005859375,,
266600,8.375887870788574,0.05,-9.082396507263184,,
266650,23.297758102416992,0.05,-7.834616184234619,,
266700,9.164989471435547,0.05,-8.769384384155273,,
266750,1.5376434326171875,0.05,-8.001999855041504,,
266800,59.56434631347656,0.05,-10.18294906616211,,
266850,45.560420989990234,0.05,-8.325089454650879,,
266900,41.2456169128418,0.05,-9.456984519958496,,
266950,27.646738052368164,0.05,-10.209068298339844,,
267000,42.05348587036133,0.05,-9.302312850952148,,
267050,10.638594627380371,0.05,-9.02635669708252,,
267100,12.504451751708984,0.05,-9.553397178649902,,
267150,2.0334010124206543,0.05,-7.4429802894592285,,
267200,19.923234939575195,0.05,-9.47689437866211,,
267250,4.513217449188232,0.05,-7.893442153930664,,
267300,7.226294994354248,0.05,-10.726509094238281,,
267350,5.916059494018555,0.05,-9.67198657989502,,
267400,3.222003936767578,0.05,-7.198195934295654,,
267450,10.62123966217041,0.05,-9.005890846252441,,
267500,2.054143190383911,0.05,-8.11807918548584,,
267550,15.361842155456543,0.05,-9.225066184997559,,
267600,1.2068403959274292,0.05,-8.391719818115234,,
267650,1.9490947723388672,0.05,-11.267241477966309,,
267700,17.002023696899414,0.05,-8.53218936920166,,
267750,22.896224975585938,0.05,-7.973634243011475,,
267800,4.15977144241333,0.05,-10.307312965393066,,
267850,21.576608657836914,0.05,-8.349957466125488,,
267900,27.635046005249023,0.05,-12.115391731262207,,
267950,0.6850985884666443,0.05,-10.181883811950684,,
268000,28.056076049804688,0.05,-7.668771266937256,,
268050,17.10018539428711,0.05,-7.91608190536499,,
268100,15.698140144348145,0.05,-6.525585651397705,,
268150,0.7268228530883789,0.05,-8.66486930847168,,
268200,45.48806381225586,0.05,-9.062250137329102,,
268250,1.355385661125183,0.05,-7.458898067474365,,
268300,21.90320587158203,0.05,-8.6040678024292,,
268350,2.0457944869995117,0.05,-9.469937324523926,,
268400,40.214969635009766,0.05,-9.762320518493652,,
268450,55.636470794677734,0.05,-7.669251918792725,,
268500,0.8358521461486816,0.05,-7.790544509887695,,
268550,49.53704833984375,0.05,-10.965155601501465,,
268600,33.7765998840332,0.05,-7.388731479644775,,
268650,11.236008644104004,0.05,-7.195228576660156,,
268700,17.931232452392578,0.05,-9.18591594696045,,
268750,1.4516905546188354,0.05,-9.00445556640625,,
268800,57.86558151245117,0.05,-9.940997123718262,,
268850,4.323718547821045,0.05,-8.999436378479004,,
268900,1.908742904663086,0.05,-7.092801570892334,,
268950,26.280988693237305,0.05,-9.790400505065918,,
269000,22.24713897705078,0.05,-9.198565483093262,,
269050,2.0751659870147705,0.05,-9.766494750976562,,
269100,0.6627585291862488,0.05,-7.911399841308594,,
269150,6.223692417144775,0.05,-9.183540344238281,,
269200,23.262842178344727,0.05,-7.95439338684082,,
269250,46.7686767578125,0.05,-9.203337669372559,,
269300,22.06258201599121,0.05,-9.979113578796387,,
269350,28.685522079467773,0.05,-8.580679893493652,,
269400,20.49900245666504,0.05,-8.194421768188477,,
269450,18.84069061279297,0.05,-8.220223426818848,,
269500,2.8175113201141357,0.05,-8.451400756835938,,
269550,31.977272033691406,0.05,-9.674015045166016,,
269600,39.53281784057617,0.05,-7.406135559082031,,
269650,25.355798721313477,0.05,-10.541895866394043,,
269700,3.538648843765259,0.05,-8.488875389099121,,
269750,23.072998046875,0.05,-9.035618782043457,,
269800,21.775602340698242,0.05,-10.28901195526123,,
269850,35.29095458984375,0.05,-10.242751121520996,,
269900,22.177762985229492,0.05,-7.640949249267578,,
269950,58.74831771850586,0.05,-11.020297050476074,,
270000,40.83450698852539,0.05,-9.872150421142578,,
270050,23.845458984375,0.05,-8.704586029052734,,
270100,38.55546569824219,0.05,-8.247753143310547,,
270150,2.2429494857788086,0.05,-9.17597484588623,,
270200,1.3001271486282349,0.05,-8.027759552001953,,
270250,16.59123992919922,0.05,-6.280308246612549,,
270300,1.0507229566574097,0.05,-8.832096099853516,,
270350,36.99855422973633,0.05,-8.281201362609863,,
270400,22.66648292541504,0.05,-10.790485382080078,,
270450,61.17678451538086,0.05,-8.326855659484863,,
270500,21.791528701782227,0.05,-7.3432793617248535,,
270550,4.756109714508057,0.05,-7.282821178436279,,
270600,8.663058280944824,0.05,-7.929696559906006,,
270650,2.861218214035034,0.05,-9.046225547790527,,
270700,20.79911231994629,0.05,-8.37723445892334,,
270750,4.634372711181641,0.05,-7.209683895111084,,
270800,3.7946949005126953,0.05,-7.716543674468994,,
270850,19.272764205932617,0.05,-8.400280952453613,,
270900,3.771772623062134,0.05,-8.592928886413574,,
270950,4.838853359222412,0.05,-8.515538215637207,,
271000,24.890045166015625,0.05,-8.079737663269043,,
271050,39.654415130615234,0.05,-8.754000663757324,,
271100,3.3526227474212646,0.05,-9.618108749389648,,
271150,16.828685760498047,0.05,-9.931549072265625,,
271200,37.06814956665039,0.05,-8.832598686218262,,
271250,2.066274404525757,0.05,-7.223352909088135,,
271300,70.53369903564453,0.05,-8.6851167678833,,
271350,38.80466079711914,0.05,-9.448156356811523,,
271400,0.19997626543045044,0.05,-7.874649524688721,,
271450,3.044706344604492,0.05,-7.278156280517578,,
271500,3.054292917251587,0.05,-8.951756477355957,,
271550,67.56996154785156,0.05,-9.556737899780273,,
271600,16.13839340209961,0.05,-9.019649505615234,,
271650,31.794523239135742,0.05,-8.77574634552002,,
271700,25.792299270629883,0.05,-8.514335632324219,,
271750,8.239473342895508,0.05,-8.402909278869629,,
271800,29.605606079101562,0.05,-7.8954010009765625,,
271850,47.46730041503906,0.05,-9.2687406539917,,
271900,11.05788516998291,0.05,-8.950883865356445,,
271950,0.407082200050354,0.05,-9.6817045211792,,
272000,19.74433708190918,0.05,-8.275836944580078,,
272050,30.952489852905273,0.05,-9.419548988342285,,
272100,8.681988716125488,0.05,-9.052631378173828,,
272150,0.17343473434448242,0.05,-8.064372062683105,,
272200,48.16636276245117,0.05,-10.12707805633545,,
272250,56.518157958984375,0.05,-7.790199279785156,,
272300,11.896056175231934,0.05,-8.91077709197998,,
272350,2.9579017162323,0.05,-7.494112014770508,,
272400,28.313705444335938,0.05,-7.722600936889648,,
272450,0.2565017640590668,0.05,-7.27243185043335,,
272500,36.19333267211914,0.05,-9.333718299865723,,
272550,32.281227111816406,0.05,-8.765728950500488,,
272600,20.70256233215332,0.05,-8.21004581451416,,
272650,9.093400001525879,0.05,-8.579245567321777,,
272700,0.686923086643219,0.05,-7.2664947509765625,,
272750,51.38750076293945,0.05,-9.977899551391602,,
272800,6.5092034339904785,0.05,-8.026224136352539,,
272850,2.3473458290100098,0.05,-9.283097267150879,,
272900,22.781417846679688,0.05,-8.89104175567627,,
272950,28.86339569091797,0.05,-12.136040687561035,,
273000,21.28504180908203,0.05,-8.78024959564209,,
273050,18.661848068237305,0.05,-9.920896530151367,,
273100,2.6394426822662354,0.05,-10.091822624206543,,
273150,3.4272148609161377,0.05,-8.29602336883545,,
273200,37.448646545410156,0.05,-9.583252906799316,,
273250,3.728771924972534,0.05,-8.54407787322998,,
273300,7.552530288696289,0.05,-10.479728698730469,,
273350,1.838584303855896,0.05,-8.380234718322754,,
273400,0.8532975316047668,0.05,-10.093796730041504,,
273450,4.563169002532959,0.05,-8.453595161437988,,
273500,22.498886108398438,0.05,-7.704103946685791,,
273550,0.5450550317764282,0.05,-7.9971184730529785,,
273600,23.012420654296875,0.05,-10.531272888183594,,
273650,1.7950958013534546,0.05,-9.042850494384766,,
273700,12.541609764099121,0.05,-10.199286460876465,,
273750,1.12565279006958,0.05,-7.593441009521484,,
273800,32.14155960083008,0.05,-10.126579284667969,,
273850,35.837947845458984,0.05,-8.287778854370117,,
273900,4.1762776374816895,0.05,-7.747978687286377,,
273950,10.796208381652832,0.05,-8.951025009155273,,
274000,22.610815048217773,0.05,-8.790606498718262,,
274050,21.860986709594727,0.05,-10.535308837890625,,
274100,34.74348449707031,0.05,-10.217696189880371,,
274150,45.37495040893555,0.05,-10.337382316589355,,
274200,14.05031681060791,0.05,-9.407780647277832,,
274250,0.8595330119132996,0.05,-9.118428230285645,,
274300,21.414939880371094,0.05,-8.783881187438965,,
274350,10.176253318786621,0.05,-9.413692474365234,,
274400,6.297372341156006,0.05,-9.288073539733887,,
274450,7.196048736572266,0.05,-9.700155258178711,,
274500,1.558436393737793,0.05,-9.118189811706543,,
274550,5.57476282119751,0.05,-8.39707088470459,,
274600,12.971264839172363,0.05,-9.098748207092285,,
274650,44.073177337646484,0.05,-9.218957901000977,,
274700,20.52479362487793,0.05,-8.613719940185547,,
274750,18.687713623046875,0.05,-8.64517593383789,,
274800,28.93290901184082,0.05,-9.581315994262695,,
274850,0.7542627453804016,0.05,-7.9108967781066895,,
274900,31.412185668945312,0.05,-10.416748046875,,
274950,14.747721672058105,0.05,-9.3788423538208,,
275000,12.501067161560059,0.05,-7.245112895965576,-1.320043967385114,46.533333333333324
275050,28.51967430114746,0.05,-11.155316352844238,,
275100,21.84039306640625,0.05,-7.435264587402344,,
275150,7.825254917144775,0.05,-8.246962547302246,,
275200,19.093494415283203,0.05,-8.680356979370117,,
275250,22.82872200012207,0.05,-7.122599124908447,,
275300,24.67304229736328,0.05,-9.373021125793457,,
275350,19.2356014251709,0.05,-9.743168830871582,,
275400,33.2845573425293,0.05,-8.723082542419434,,
275450,2.173206329345703,0.05,-9.856888771057129,,
275500,79.94190216064453,0.05,-9.569937705993652,,
275550,4.647772312164307,0.05,-8.464323997497559,,
275600,24.29050636291504,0.05,-8.44684886932373,,
275650,1.5781702995300293,0.05,-10.41224479675293,,
275700,2.1395986080169678,0.05,-8.281355857849121,,
275750,2.9504966735839844,0.05,-10.618521690368652,,
275800,1.3879507780075073,0.05,-8.829394340515137,,
275850,2.085897445678711,0.05,-8.007046699523926,,
275900,3.919874429702759,0.05,-7.497528553009033,,
275950,2.445439338684082,0.05,-8.217312812805176,,
276000,2.184364080429077,0.05,-9.765594482421875,,
276050,18.17374038696289,0.05,-9.534101486206055,,
276100,21.47588539123535,0.05,-8.209392547607422,,
276150,0.9453545212745667,0.05,-9.4281644821167,,
276200,5.4725823402404785,0.05,-10.146430015563965,,
276250,7.114887714385986,0.05,-11.473496437072754,,
276300,26.07126808166504,0.05,-9.677623748779297,,
276350,19.725221633911133,0.05,-9.550946235656738,,
276400,19.483238220214844,0.05,-10.286005973815918,,
276450,21.583168029785156,0.05,-7.645219326019287,,
276500,9.420093536376953,0.05,-9.1594820022583,,
276550,4.445302963256836,0.05,-10.749066352844238,,
276600,12.071759223937988,0.05,-9.387469291687012,,
276650,1.2437161207199097,0.05,-9.636821746826172,,
276700,11.369107246398926,0.05,-9.787487030029297,,
276750,6.4648590087890625,0.05,-8.381885528564453,,
276800,11.663914680480957,0.05,-8.542704582214355,,
276850,30.33635902404785,0.05,-6.990818023681641,,
276900,22.709548950195312,0.05,-9.240893363952637,,
276950,65.89539337158203,0.05,-7.729428768157959,,
277000,8.430968284606934,0.05,-8.227897644042969,,
277050,17.24702262878418,0.05,-8.961934089660645,,
277100,32.026466369628906,0.05,-10.940434455871582,,
277150,22.975927352905273,0.05,-8.101688385009766,,
277200,0.5402342081069946,0.05,-9.156933784484863,,
277250,19.14788055419922,0.05,-8.826273918151855,,
277300,31.90175437927246,0.05,-9.38155460357666,,
277350,38.78339385986328,0.05,-7.781269550323486,,
277400,0.7337890267372131,0.05,-7.797305583953857,,
277450,55.888423919677734,0.05,-9.338878631591797,,
277500,5.8271307945251465,0.05,-10.747177124023438,,
277550,12.854100227355957,0.05,-8.465897560119629,,
277600,25.262399673461914,0.05,-8.7579927444458,,
277650,4.969682693481445,0.05,-8.787320137023926,,
277700,84.53638458251953,0.05,-10.174050331115723,,
277750,1.63238525390625,0.05,-8.785026550292969,,
277800,12.2350492477417,0.05,-9.373342514038086,,
277850,2.0491726398468018,0.05,-9.85716438293457,,
277900,26.956071853637695,0.05,-8.924394607543945,,
277950,1.2165085077285767,0.05,-6.714597225189209,,
278000,53.68551254272461,0.05,-11.07152271270752,,
278050,14.935595512390137,0.05,-8.618947982788086,,
278100,50.211761474609375,0.05,-10.152058601379395,,
278150,3.5287883281707764,0.05,-7.81555700302124,,
278200,32.700286865234375,0.05,-7.402754306793213,,
278250,27.64304542541504,0.05,-8.423636436462402,,
278300,21.01331901550293,0.05,-8.764776229858398,,
278350,0.9669634699821472,0.05,-8.532027244567871,,
278400,49.90716552734375,0.05,-9.223969459533691,,
278450,51.50770950317383,0.05,-9.4381742477417,,
278500,5.278807163238525,0.05,-7.172121524810791,,
278550,6.930877208709717,0.05,-7.952014923095703,,
278600,1.7774850130081177,0.05,-8.223319053649902,,
278650,1.046905517578125,0.05,-9.273859977722168,,
278700,19.04807472229004,0.05,-8.803292274475098,,
278750,5.552242279052734,0.05,-7.360358715057373,,
278800,26.14829444885254,0.05,-8.824162483215332,,
278850,5.750878810882568,0.05,-8.158562660217285,,
278900,25.583175659179688,0.05,-8.639985084533691,,
278950,1.2365999221801758,0.05,-8.584128379821777,,
279000,36.883522033691406,0.05,-8.130537986755371,,
279050,16.772436141967773,0.05,-11.077340126037598,,
279100,53.23044967651367,0.05,-9.916712760925293,,
279150,1.8070183992385864,0.05,-8.668420791625977,,
279200,1.6115814447402954,0.05,-9.603280067443848,,
279250,50.59218215942383,0.05,-9.816617965698242,,
279300,1.529099464416504,0.05,-7.70714807510376,,
279350,41.72823715209961,0.05,-9.33288288116455,,
279400,10.917945861816406,0.05,-9.120820999145508,,
279450,8.211156845092773,0.05,-10.134173393249512,,
279500,18.367446899414062,0.05,-8.145424842834473,,
279550,0.8261217474937439,0.05,-9.211406707763672,,
279600,4.348510265350342,0.05,-9.384255409240723,,
279650,5.973520755767822,0.05,-8.509700775146484,,
279700,6.580623626708984,0.05,-7.185441493988037,,
279750,20.707502365112305,0.05,-9.491788864135742,,
279800,40.548336029052734,0.05,-11.789234161376953,,
279850,14.263821601867676,0.05,-9.863971710205078,,
279900,2.763582944869995,0.05,-9.567703247070312,,
279950,0.32130366563796997,0.05,-7.935760974884033,,
280000,1.6910334825515747,0.05,-10.061247825622559,,
280050,40.77956008911133,0.05,-7.578627109527588,,
280100,12.799469947814941,0.05,-10.0386962890625,,
280150,2.4781038761138916,0.05,-6.886232852935791,,
280200,13.270092964172363,0.05,-10.657505989074707,,
280250,26.472009658813477,0.05,-8.762336730957031,,
280300,1.6701003313064575,0.05,-9.035953521728516,,
280350,44.5020866394043,0.05,-10.814356803894043,,
280400,37.92702865600586,0.05,-12.088068962097168,,
280450,28.667266845703125,0.05,-8.858641624450684,,
280500,26.44794273376465,0.05,-8.513884544372559,,
280550,4.095113754272461,0.05,-8.801117897033691,,
280600,47.49909591674805,0.05,-9.466837882995605,,
280650,41.232059478759766,0.05,-8.84146785736084,,
280700,2.314302444458008,0.05,-8.760316848754883,,
280750,26.621431350708008,0.05,-8.080945014953613,,
280800,1.6438223123550415,0.05,-8.753341674804688,,
280850,13.602787971496582,0.05,-9.746344566345215,,
280900,57.388885498046875,0.05,-9.605299949645996,,
280950,9.915732383728027,0.05,-9.152499198913574,,
281000,1.4265447854995728,0.05,-10.21778392791748,,
281050,61.7860221862793,0.05,-7.474617004394531,,
281100,1.0397387742996216,0.05,-7.2536444664001465,,
281150,57.93305587768555,0.05,-9.063838005065918,,
281200,32.5288200378418,0.05,-8.339652061462402,,
281250,0.7844741344451904,0.05,-6.608863353729248,,
281300,1.102786660194397,0.05,-8.162092208862305,,
281350,42.342899322509766,0.05,-10.551042556762695,,
281400,26.54346466064453,0.05,-10.572205543518066,,
281450,2.1376266479492188,0.05,-8.624470710754395,,
281500,1.0522767305374146,0.05,-11.677058219909668,,
281550,4.152632236480713,0.05,-9.998108863830566,,
281600,3.384927988052368,0.05,-9.566903114318848,,
281650,3.438441038131714,0.05,-9.90445327758789,,
281700,28.043258666992188,0.05,-9.34546947479248,,
281750,3.0897114276885986,0.05,-10.32418155670166,,
281800,47.72514724731445,0.05,-9.085354804992676,,
281850,3.1300830841064453,0.05,-10.133163452148438,,
281900,1.5855854749679565,0.05,-7.179907321929932,,
281950,45.89827346801758,0.05,-8.345877647399902,,
282000,75.06082916259766,0.05,-9.0147705078125,,
282050,22.941659927368164,0.05,-10.376834869384766,,
282100,1.1636765003204346,0.05,-8.451918601989746,,
282150,18.31379508972168,0.05,-8.167997360229492,,
282200,40.9333610534668,0.05,-10.61949634552002,,
282250,28.98641014099121,0.05,-10.765583992004395,,
282300,2.4756758213043213,0.05,-8.004874229431152,,
282350,47.6130256652832,0.05,-11.461517333984375,,
282400,25.642377853393555,0.05,-10.459534645080566,,
282450,16.31431770324707,0.05,-7.339540958404541,,
282500,36.228939056396484,0.05,-8.27454948425293,,
282550,15.0059814453125,0.05,-9.112034797668457,,
282600,3.5352373123168945,0.05,-11.370368957519531,,
282650,29.98839569091797,0.05,-9.686179161071777,,
282700,17.571861267089844,0.05,-9.470190048217773,,
282750,18.372438430786133,0.05,-9.25036334991455,,
282800,33.02253341674805,0.05,-9.75629711151123,,
282850,2.568899393081665,0.05,-8.014299392700195,,
282900,1.697159767150879,0.05,-8.101439476013184,,
282950,1.5480061769485474,0.05,-8.13261890411377,,
283000,18.171419143676758,0.05,-7.507694721221924,,
283050,5.426136493682861,0.05,-9.563126564025879,,
283100,1.55282723903656,0.05,-10.266307830810547,,
283150,12.476402282714844,0.05,-10.640362739562988,,
283200,0.8970902562141418,0.05,-7.208127498626709,,
283250,58.3126220703125,0.05,-9.611255645751953,,
283300,32.490962982177734,0.05,-8.178857803344727,,
283350,0.8933060765266418,0.05,-9.950204849243164,,
283400,5.1365838050842285,0.05,-7.433656215667725,,
283450,42.81490707397461,0.05,-9.782831192016602,,
283500,16.455339431762695,0.05,-9.29030704498291,,
283550,89.3041763305664,0.05,-8.199626922607422,,
283600,2.150779962539673,0.05,-12.125170707702637,,
283650,36.35934829711914,0.05,-10.81982707977295,,
283700,42.8155403137207,0.05,-10.948382377624512,,
283750,5.695903301239014,0.05,-9.362013816833496,,
283800,19.606203079223633,0.05,-9.562409400939941,,
283850,1.5168391466140747,0.05,-7.755717754364014,,
283900,1.4379767179489136,0.05,-8.183051109313965,,
283950,41.17841720581055,0.05,-11.045021057128906,,
284000,28.54931640625,0.05,-9.375975608825684,,
284050,44.18098068237305,0.05,-9.710219383239746,,
284100,29.23227882385254,0.05,-11.105605125427246,,
284150,3.3076257705688477,0.05,-8.902403831481934,,
284200,16.14912986755371,0.05,-7.6337890625,,
284250,7.793537139892578,0.05,-10.125226974487305,,
284300,54.39765548706055,0.05,-9.105374336242676,,
284350,9.405851364135742,0.05,-10.808818817138672,,
284400,2.4299306869506836,0.05,-9.78600025177002,,
284450,15.743305206298828,0.05,-11.16919231414795,,
284500,4.081171035766602,0.05,-10.32894229888916,,
284550,37.09434127807617,0.05,-11.03968334197998,,
284600,20.066953659057617,0.05,-10.058450698852539,,
284650,7.42837381362915,0.05,-9.974029541015625,,
284700,3.4999172687530518,0.05,-7.355100154876709,,
284750,6.2092976570129395,0.05,-8.39096450805664,,
284800,3.3712122440338135,0.05,-7.357078552246094,,
284850,13.595348358154297,0.05,-10.60833740234375,,
284900,18.564023971557617,0.05,-9.776333808898926,,
284950,1.4256157875061035,0.05,-8.81320858001709,,
285000,2.860933303833008,0.05,-10.612860679626465,,
285050,0.7653522491455078,0.05,-7.106266021728516,,
285100,0.2704525291919708,0.05,-9.750347137451172,,
285150,28.818395614624023,0.05,-9.022695541381836,,
285200,39.8951301574707,0.05,-9.672751426696777,,
285250,29.26502227783203,0.05,-8.923063278198242,,
285300,1.7932904958724976,0.05,-9.033555030822754,,
285350,4.317391872406006,0.05,-7.584500789642334,,
285400,4.389558792114258,0.05,-10.452898979187012,,
285450,3.0211455821990967,0.05,-9.971832275390625,,
285500,1.705614686012268,0.05,-9.131012916564941,,
285550,50.67336654663086,0.05,-10.996232032775879,,
285600,44.25923156738281,0.05,-10.266152381896973,,
285650,2.954335927963257,0.05,-9.593104362487793,,
285700,27.411401748657227,0.05,-10.19217586517334,,
285750,16.271146774291992,0.05,-11.91115951538086,,
285800,31.206802368164062,0.05,-9.458523750305176,,
285850,34.781375885009766,0.05,-9.970721244812012,,
285900,4.208428859710693,0.05,-8.642436027526855,,
285950,8.031174659729004,0.05,-9.404947280883789,,
286000,26.83770179748535,0.05,-9.209954261779785,,
286050,58.974334716796875,0.05,-10.378771781921387,,
286100,30.79370880126953,0.05,-12.434470176696777,,
286150,10.4309720993042,0.05,-8.124728202819824,,
286200,50.42570495605469,0.05,-10.834983825683594,,
286250,2.96848464012146,0.05,-8.226962089538574,,
286300,5.794931888580322,0.05,-8.656375885009766,,
286350,15.272122383117676,0.05,-8.84019660949707,,
286400,35.53870391845703,0.05,-9.788270950317383,,
286450,23.346107482910156,0.05,-10.24630069732666,,
286500,56.66423416137695,0.05,-8.585406303405762,,
286550,29.625776290893555,0.05,-8.468289375305176,,
286600,24.561464309692383,0.05,-10.32079029083252,,
286650,11.743021965026855,0.05,-9.223068237304688,,
286700,8.000998497009277,0.05,-10.99701976776123,,
286750,3.520691156387329,0.05,-8.631216049194336,,
286800,9.339438438415527,0.05,-9.517111778259277,,
286850,4.476909637451172,0.05,-8.872206687927246,,
286900,13.496411323547363,0.05,-10.8443603515625,,
286950,7.594793319702148,0.05,-7.980519771575928,,
287000,43.587860107421875,0.05,-8.38781452178955,,
287050,44.1104850769043,0.05,-9.496959686279297,,
287100,2.3694300651550293,0.05,-8.343147277832031,,
287150,27.09747314453125,0.05,-8.435285568237305,,
287200,5.969976425170898,0.05,-8.80787181854248,,
287250,12.343535423278809,0.05,-9.158966064453125,,
287300,8.53276538848877,0.05,-8.431714057922363,,
287350,30.400062561035156,0.05,-8.338997840881348,,
287400,1.6318864822387695,0.05,-8.692484855651855,,
287450,23.571365356445312,0.05,-9.220987319946289,,
287500,29.53049659729004,0.05,-10.862953186035156,,
287550,18.44688606262207,0.05,-9.792868614196777,,
287600,10.73082447052002,0.05,-8.743206977844238,,
287650,1.9280920028686523,0.05,-8.678322792053223,,
287700,47.9539909362793,0.05,-12.798896789550781,,
287750,4.017627716064453,0.05,-10.142199516296387,,
287800,96.14386749267578,0.05,-11.966757774353027,,
287850,6.905226230621338,0.05,-9.649115562438965,,
287900,0.6390092968940735,0.05,-8.240063667297363,,
287950,19.10228729248047,0.05,-9.418095588684082,,
288000,24.8149471282959,0.05,-9.528063774108887,,
288050,11.352996826171875,0.05,-9.460960388183594,,
288100,22.368383407592773,0.05,-8.781867027282715,,
288150,20.539058685302734,0.05,-9.14785099029541,,
288200,1.6724886894226074,0.05,-9.694316864013672,,
288250,31.23509407043457,0.05,-10.64013957977295,,
288300,88.68014526367188,0.05,-10.093401908874512,,
288350,66.84097290039062,0.05,-10.713706016540527,,
288400,33.012149810791016,0.05,-7.079864978790283,,
288450,41.02139663696289,0.05,-10.088224411010742,,
288500,12.586962699890137,0.05,-9.022929191589355,,
288550,20.807010650634766,0.05,-9.567913055419922,,
288600,35.372745513916016,0.05,-9.173897743225098,,
288650,21.034067153930664,0.05,-9.873370170593262,,
288700,12.76346206665039,0.05,-9.128988265991211,,
288750,4.854691982269287,0.05,-9.08877944946289,,
288800,23.630422592163086,0.05,-9.92159652709961,,
288850,2.5985584259033203,0.05,-8.880692481994629,,
288900,26.30079460144043,0.05,-8.532421112060547,,
288950,23.40810203552246,0.05,-9.0956449508667,,
289000,23.4693603515625,0.05,-9.748138427734375,,
289050,2.122647285461426,0.05,-7.406007289886475,,
289100,27.083833694458008,0.05,-10.384708404541016,,
289150,2.4093406200408936,0.05,-10.073447227478027,,
289200,91.01732635498047,0.05,-12.038008689880371,,
289250,4.090433597564697,0.05,-8.69900131225586,,
289300,41.98124313354492,0.05,-9.981781959533691,,
289350,31.433263778686523,0.05,-9.63723373413086,,
289400,10.233503341674805,0.05,-10.599699974060059,,
289450,3.0750389099121094,0.05,-9.774922370910645,,
289500,20.68985939025879,0.05,-8.075278282165527,,
289550,0.35383546352386475,0.05,-9.161686897277832,,
289600,33.068580627441406,0.05,-8.547736167907715,,
289650,14.444160461425781,0.05,-10.549467086791992,,
289700,25.420074462890625,0.05,-9.453855514526367,,
289750,4.950563430786133,0.05,-11.650395393371582,,
289800,4.887782573699951,0.05,-7.27435302734375,,
289850,57.69388961791992,0.05,-12.037631034851074,,
289900,1.2542904615402222,0.05,-9.92362117767334,,
289950,16.510908126831055,0.05,-10.029428482055664,,
290000,1.067926049232483,0.05,-9.87476634979248,,
290050,1.762795090675354,0.05,-8.274602890014648,,
290100,11.448729515075684,0.05,-10.687033653259277,,
290150,18.861236572265625,0.05,-8.097790718078613,,
290200,66.67640686035156,0.05,-10.437664031982422,,
290250,53.8233528137207,0.05,-10.706585884094238,,
290300,10.408719062805176,0.05,-9.027504920959473,,
290350,23.186952590942383,0.05,-9.190135955810547,,
290400,2.102785110473633,0.05,-8.667837142944336,,
290450,25.00831413269043,0.05,-10.413532257080078,,
290500,2.8819849491119385,0.05,-8.498541831970215,,
290550,3.5940685272216797,0.05,-7.967319488525391,,
290600,36.70876693725586,0.05,-9.692014694213867,,
290650,65.7024917602539,0.05,-10.2280912399292,,
290700,42.290279388427734,0.05,-11.029719352722168,,
290750,23.494657516479492,0.05,-7.697505474090576,,
290800,17.247533798217773,0.05,-10.93734073638916,,
290850,30.896638870239258,0.05,-9.12162971496582,,
290900,20.20942497253418,0.05,-9.292529106140137,,
290950,4.689013957977295,0.05,-9.149035453796387,,
291000,1.6871057748794556,0.05,-8.668766975402832,,
291050,33.731510162353516,0.05,-9.66922378540039,,
291100,4.96021032333374,0.05,-10.191710472106934,,
291150,3.1882989406585693,0.05,-8.183494567871094,,
291200,0.7775464653968811,0.05,-7.037067413330078,,
291250,1.0287548303604126,0.05,-9.406514167785645,,
291300,29.47553062438965,0.05,-8.994246482849121,,
291350,15.873355865478516,0.05,-8.99382209777832,,
291400,0.8583369255065918,0.05,-8.784469604492188,,
291450,8.107354164123535,0.05,-10.417498588562012,,
291500,34.02779769897461,0.05,-10.68783950805664,,
291550,9.521220207214355,0.05,-8.741278648376465,,
291600,5.086831092834473,0.05,-7.683217525482178,,
291650,6.136961460113525,0.05,-7.908751010894775,,
291700,0.6239652633666992,0.05,-9.386262893676758,,
291750,28.61272621154785,0.05,-8.609831809997559,,
291800,17.882978439331055,0.05,-8.45877456665039,,
291850,0.5879831314086914,0.05,-9.111411094665527,,
291900,6.350917816162109,0.05,-8.238312721252441,,
291950,12.971343994140625,0.05,-10.114880561828613,,
292000,19.220273971557617,0.05,-10.1299409866333,,
292050,56.9974365234375,0.05,-11.051085472106934,,
292100,0.6821507811546326,0.05,-6.636152744293213,,
292150,5.174583911895752,0.05,-9.119112968444824,,
292200,1.3707636594772339,0.05,-8.409012794494629,,
292250,48.14229202270508,0.05,-10.40249252319336,,
292300,53.83012008666992,0.05,-9.074821472167969,,
292350,34.9537467956543,0.05,-9.954880714416504,,
292400,24.514495849609375,0.05,-10.52973461151123,,
292450,1.0351053476333618,0.05,-9.168405532836914,,
292500,1.451576590538025,0.05,-8.820168495178223,,
292550,20.941518783569336,0.05,-9.647347450256348,,
292600,31.276870727539062,0.05,-9.199603080749512,,
292650,51.57130813598633,0.05,-9.89258098602295,,
292700,23.769071578979492,0.05,-13.147549629211426,,
292750,42.0278205871582,0.05,-11.072029113769531,,
292800,1.022438645362854,0.05,-8.539586067199707,,
292850,26.503408432006836,0.05,-9.091480255126953,,
292900,12.768206596374512,0.05,-7.1554131507873535,,
292950,43.95147705078125,0.05,-10.238336563110352,,
293000,16.577905654907227,0.05,-9.22215747833252,,
293050,23.11968421936035,0.05,-8.935047149658203,,
293100,4.279334545135498,0.05,-9.112586975097656,,
293150,37.414093017578125,0.05,-7.341256618499756,,
293200,24.93751335144043,0.05,-9.476964950561523,,
293250,1.2949408292770386,0.05,-7.993358612060547,,
293300,35.328975677490234,0.05,-9.266748428344727,,
293350,29.61313819885254,0.05,-8.679795265197754,,
293400,33.72037124633789,0.05,-8.900947570800781,,
293450,34.4555549621582,0.05,-8.269593238830566,,
293500,10.95048999786377,0.05,-8.195752143859863,,
293550,30.775175094604492,0.05,-8.173260688781738,,
293600,25.798263549804688,0.05,-7.461340427398682,,
293650,52.891876220703125,0.05,-10.10855770111084,,
293700,13.55289077758789,0.05,-8.879234313964844,,
293750,0.6319541931152344,0.05,-9.593060493469238,,
293800,1.373414397239685,0.05,-7.112289905548096,,
293850,25.772794723510742,0.05,-9.034300804138184,,
293900,0.3472740352153778,0.05,-8.3467378616333,,
293950,0.33149901032447815,0.05,-7.8180389404296875,,
294000,1.7755030393600464,0.05,-7.345858097076416,,
294050,31.750709533691406,0.05,-7.640619277954102,,
294100,4.336720943450928,0.05,-7.625885486602783,,
294150,6.464544773101807,0.05,-9.043105125427246,,
294200,1.834438443183899,0.05,-8.154827117919922,,
294250,3.3112118244171143,0.05,-9.061530113220215,,
294300,8.505946159362793,0.05,-7.765316009521484,,
294350,24.29963493347168,0.05,-9.012011528015137,,
294400,42.76680374145508,0.05,-12.366511344909668,,
294450,12.114424705505371,0.05,-8.706267356872559,,
294500,0.3409130573272705,0.05,-8.587861061096191,,
294550,4.753890037536621,0.05,-10.332036018371582,,
294600,1.8870357275009155,0.05,-9.584466934204102,,
294650,11.82308578491211,0.05,-7.8522257804870605,,
294700,16.865217208862305,0.05,-7.952301025390625,,
294750,2.0857021808624268,0.05,-8.39120864868164,,
294800,16.87847328186035,0.05,-9.120404243469238,,
294850,4.385573387145996,0.05,-7.594947814941406,,
294900,2.6594772338867188,0.05,-9.14797306060791,,
294950,17.371349334716797,0.05,-8.79245376586914,,
295000,1.0712361335754395,0.05,-8.033116340637207,,
295050,8.305134773254395,0.05,-7.825292110443115,,
295100,1.5030126571655273,0.05,-9.75921630859375,,
295150,23.054006576538086,0.05,-7.898806095123291,,
295200,3.9479496479034424,0.05,-7.5395827293396,,
295250,8.126133918762207,0.05,-10.530573844909668,,
295300,0.8649668097496033,0.05,-8.330330848693848,,
295350,0.703183650970459,0.05,-6.763295650482178,,
295400,22.15411376953125,0.05,-7.899648189544678,,
295450,20.25139808654785,0.05,-11.115959167480469,,
295500,2.144582748413086,0.05,-8.253073692321777,,
295550,24.902374267578125,0.05,-8.804976463317871,,
295600,18.946691513061523,0.05,-10.57280445098877,,
295650,1.8087457418441772,0.05,-8.966036796569824,,
295700,0.6269640326499939,0.05,-8.706609725952148,,
295750,63.49992370605469,0.05,-9.174088478088379,,
295800,27.29369354248047,0.05,-9.62780475616455,,
295850,8.019073486328125,0.05,-9.145355224609375,,
295900,27.892723083496094,0.05,-8.47624683380127,,
295950,5.707177639007568,0.05,-8.547722816467285,,
296000,39.546302795410156,0.05,-9.395134925842285,,
296050,0.5795614719390869,0.05,-8.067825317382812,,
296100,4.971580982208252,0.05,-8.760254859924316,,
296150,22.414918899536133,0.05,-9.178170204162598,,
296200,29.68986701965332,0.05,-9.381324768066406,,
296250,0.9940667152404785,0.05,-7.803688049316406,,
296300,28.911972045898438,0.05,-10.419675827026367,,
296350,14.967750549316406,0.05,-10.696174621582031,,
296400,15.35853099822998,0.05,-8.4367094039917,,
296450,0.3178764581680298,0.05,-8.37553882598877,,
296500,70.10430145263672,0.05,-9.03909683227539,,
296550,38.797306060791016,0.05,-9.714744567871094,,
296600,51.00080490112305,0.05,-7.961430072784424,,
296650,30.111785888671875,0.05,-10.32306957244873,,
296700,0.9834683537483215,0.05,-8.67464828491211,,
296750,35.791622161865234,0.05,-9.129759788513184,,
296800,3.0002200603485107,0.05,-9.258194923400879,,
296850,11.108268737792969,0.05,-8.808974266052246,,
296900,5.483242511749268,0.05,-10.893753051757812,,
296950,9.25290584564209,0.05,-8.016374588012695,,
297000,0.9487492442131042,0.05,-7.962047100067139,,
297050,7.622860431671143,0.05,-8.98803997039795,,
297100,38.56267166137695,0.05,-10.066044807434082,,
297150,30.033035278320312,0.05,-10.542595863342285,,
297200,29.443906784057617,0.05,-8.025307655334473,,
297250,0.687146008014679,0.05,-8.419373512268066,,
297300,25.04884910583496,0.05,-12.435027122497559,,
297350,5.546363353729248,0.05,-9.018227577209473,,
297400,12.595559120178223,0.05,-9.626945495605469,,
297450,5.546880722045898,0.05,-9.510261535644531,,
297500,16.824804306030273,0.05,-7.509452819824219,,
297550,14.096527099609375,0.05,-7.527364730834961,,
297600,2.848039388656616,0.05,-9.950308799743652,,
297650,10.704691886901855,0.05,-7.831569671630859,,
297700,18.789291381835938,0.05,-8.037528038024902,,
297750,1.1726609468460083,0.05,-9.264923095703125,,
297800,12.74515151977539,0.05,-8.652863502502441,,
297850,39.30774688720703,0.05,-9.906213760375977,,
297900,2.8572566509246826,0.05,-10.489578247070312,,
297950,5.603198528289795,0.05,-8.731361389160156,,
298000,22.693130493164062,0.05,-9.828473091125488,,
298050,5.664829730987549,0.05,-7.6613078117370605,,
298100,1.4996801614761353,0.05,-8.309748649597168,,
298150,2.1161611080169678,0.05,-8.89526653289795,,
298200,14.189188957214355,0.05,-9.627851486206055,,
298250,2.349061965942383,0.05,-8.24693775177002,,
298300,48.2420768737793,0.05,-10.717833518981934,,
298350,2.9199631214141846,0.05,-8.552031517028809,,
298400,37.7997932434082,0.05,-8.455924034118652,,
298450,4.248810291290283,0.05,-8.764184951782227,,
298500,20.85259246826172,0.05,-10.137767791748047,,
298550,23.972036361694336,0.05,-8.378762245178223,,
298600,9.90107250213623,0.05,-8.96635913848877,,
298650,1.4293454885482788,0.05,-8.3375883102417,,
298700,11.296710968017578,0.05,-8.551247596740723,,
298750,2.6051907539367676,0.05,-8.564827919006348,,
298800,75.5769271850586,0.05,-11.219529151916504,,
298850,24.044052124023438,0.05,-7.044188976287842,,
298900,33.670101165771484,0.05,-8.767626762390137,,
298950,24.03609275817871,0.05,-8.780596733093262,,
299000,0.7228438258171082,0.05,-7.263737201690674,,
299050,0.23670829832553864,0.05,-9.463006019592285,,
299100,7.184154510498047,0.05,-8.202198028564453,,
299150,20.82016372680664,0.05,-7.298206806182861,,
299200,4.113259792327881,0.05,-7.557632923126221,,
299250,12.50754165649414,0.05,-8.962389945983887,,
299300,25.1109619140625,0.05,-8.79792594909668,,
299350,18.81747817993164,0.05,-8.940827369689941,,
299400,23.16657066345215,0.05,-10.782417297363281,,
299450,34.66968536376953,0.05,-9.498674392700195,,
299500,10.369551658630371,0.05,-8.281437873840332,,
299550,49.77445983886719,0.05,-8.50357437133789,,
299600,58.4256706237793,0.05,-7.490619659423828,,
299650,3.824202537536621,0.05,-7.692702770233154,,
299700,1.6949864625930786,0.05,-9.157219886779785,,
299750,0.8760654330253601,0.05,-8.13199234008789,,
299800,8.450575828552246,0.05,-8.150132179260254,,
299850,30.17384910583496,0.05,-8.775837898254395,,
299900,4.943370342254639,0.05,-7.029289245605469,,
299950,5.670562744140625,0.05,-9.559272766113281,,
