step,loss,epsilon,q_mean,val_reward,val_viol
100,2.1440985202789307,0.9966666666666667,-3.122818946838379,,
150,1.4030070304870605,0.995,-2.9432895183563232,,
200,0.5364003777503967,0.9933333333333333,-3.0606374740600586,,
250,2.678889274597168,0.9916666666666667,-2.7450973987579346,,
300,1.2274224758148193,0.99,-2.7736756801605225,,
350,0.9804806113243103,0.9883333333333333,-2.7315473556518555,,
400,0.7503912448883057,0.9866666666666667,-2.5630099773406982,,
450,0.8147775530815125,0.985,-2.9877779483795166,,
500,1.6811842918395996,0.9833333333333333,-2.2799577713012695,,
550,0.9634671807289124,0.9816666666666667,-4.7700090408325195,,
600,0.6810503005981445,0.98,-4.693130016326904,,
650,0.5613812804222107,0.9783333333333333,-5.279797077178955,,
700,0.5225751996040344,0.9766666666666667,-4.507474422454834,,
750,0.6496930122375488,0.975,-4.688234329223633,,
800,0.5545701384544373,0.9733333333333334,-4.304489612579346,,
850,0.3086864948272705,0.9716666666666667,-4.720486164093018,,
900,0.7628673911094666,0.97,-4.316398620605469,,
950,0.6345986723899841,0.9683333333333334,-4.648393154144287,,
1000,1.1113694906234741,0.9666666666666667,-5.111394882202148,,
1050,0.8904788494110107,0.965,-6.957136631011963,,
1100,0.46894946694374084,0.9633333333333334,-6.6052374839782715,,
1150,0.7442113757133484,0.9616666666666667,-7.381118297576904,,
1200,1.413547396659851,0.96,-6.936428070068359,,
1250,1.089699149131775,0.9583333333333334,-7.026273250579834,,
1300,1.6271463632583618,0.9566666666666667,-7.046064853668213,,
1350,0.8153538703918457,0.955,-6.918652057647705,,
1400,0.7533988952636719,0.9533333333333334,-6.905729293823242,,
1450,1.0364506244659424,0.9516666666666667,-6.955369472503662,,
1500,1.5604411363601685,0.95,-6.805262088775635,,
1550,2.3400843143463135,0.9483333333333334,-9.148133277893066,,
1600,2.266479253768921,0.9466666666666667,-9.120285034179688,,
1650,0.7454006671905518,0.945,-8.504448890686035,,
1700,1.485671877861023,0.9433333333333334,-9.423514366149902,,
1750,1.325382113456726,0.9416666666666667,-8.974181175231934,,
1800,3.320632219314575,0.94,-9.648650169372559,,
1850,1.5117111206054688,0.9383333333333334,-9.481489181518555,,
1900,3.0146567821502686,0.9366666666666666,-8.890974998474121,,
1950,0.8101338744163513,0.935,-9.061278343200684,,
2000,1.0716732740402222,0.9333333333333333,-8.527355194091797,,
2050,3.611743211746216,0.9316666666666666,-10.108166694641113,,
2100,5.093267917633057,0.9299999999999999,-11.248421669006348,,
2150,0.8020656108856201,0.9283333333333333,-10.316306114196777,,
2200,1.3609132766723633,0.9266666666666666,-9.383306503295898,,
2250,2.6410272121429443,0.925,-11.115246772766113,,
2300,1.790077805519104,0.9233333333333333,-11.2719144821167,,
2350,4.517133712768555,0.9216666666666666,-10.547999382019043,,
2400,3.662611961364746,0.92,-10.308882713317871,,
2450,0.5639321804046631,0.9183333333333333,-10.993924140930176,,
2500,1.426021933555603,0.9166666666666666,-11.005757331848145,,
2550,6.175590515136719,0.915,-12.500178337097168,,
2600,7.1525444984436035,0.9133333333333333,-13.545031547546387,,
2650,4.305871486663818,0.9116666666666666,-12.64749813079834,,
2700,11.184006690979004,0.91,-13.814881324768066,,
2750,1.7640811204910278,0.9083333333333333,-12.738059043884277,,
2800,2.6680233478546143,0.9066666666666666,-12.781046867370605,,
2850,5.409503936767578,0.905,-12.588719367980957,,
2900,9.345963478088379,0.9033333333333333,-12.85247802734375,,
2950,2.65124249458313,0.9016666666666666,-12.551872253417969,,
3000,2.3043808937072754,0.9,-13.312731742858887,,
3050,1.8147636651992798,0.8983333333333333,-13.990822792053223,,
3100,2.7497003078460693,0.8966666666666667,-14.506538391113281,,
3150,3.428962469100952,0.895,-14.080219268798828,,
3200,6.143924236297607,0.8933333333333333,-13.588279724121094,,
3250,11.419925689697266,0.8916666666666666,-15.020895957946777,,
3300,6.20706033706665,0.89,-14.798949241638184,,
3350,1.8817095756530762,0.8883333333333333,-13.78058910369873,,
3400,4.1129889488220215,0.8866666666666667,-13.82656192779541,,
3450,3.1781346797943115,0.885,-14.210225105285645,,
3500,3.6665496826171875,0.8833333333333333,-14.651992797851562,,
3550,8.112669944763184,0.8816666666666667,-16.20993995666504,,
3600,3.7806975841522217,0.88,-16.03485679626465,,
3650,8.680144309997559,0.8783333333333333,-15.136382102966309,,
3700,9.915387153625488,0.8766666666666667,-16.255674362182617,,
3750,1.7464066743850708,0.875,-13.599297523498535,,
3800,6.12074089050293,0.8733333333333333,-14.571464538574219,,
3850,8.994776725769043,0.8716666666666667,-15.793883323669434,,
3900,4.1561360359191895,0.87,-14.572382926940918,,
3950,4.3326287269592285,0.8683333333333334,-14.595324516296387,,
4000,3.384174108505249,0.8666666666666667,-15.418713569641113,,
4050,5.246018409729004,0.865,-17.625741958618164,,
4100,15.460868835449219,0.8633333333333333,-16.35990333557129,,
4150,12.125542640686035,0.8616666666666667,-17.70755958557129,,
4200,9.5346097946167,0.86,-16.487958908081055,,
4250,7.520227432250977,0.8583333333333334,-18.17411231994629,,
4300,4.8524556159973145,0.8566666666666667,-16.479873657226562,,
4350,9.953082084655762,0.855,-17.6352596282959,,
4400,5.724937915802002,0.8533333333333333,-16.986286163330078,,
4450,10.796889305114746,0.8516666666666667,-15.007555961608887,,
4500,9.483203887939453,0.85,-17.89268684387207,,
4550,5.452076435089111,0.8483333333333334,-17.34626579284668,,
4600,5.085525035858154,0.8466666666666667,-16.85887908935547,,
4650,14.192769050598145,0.845,-17.319189071655273,,
4700,10.495414733886719,0.8433333333333333,-17.03815460205078,,
4750,5.53833532333374,0.8416666666666667,-16.964441299438477,,
4800,13.568885803222656,0.84,-17.669775009155273,,
4850,3.098093032836914,0.8383333333333334,-16.821462631225586,,
4900,10.813700675964355,0.8366666666666667,-17.68050193786621,,
4950,10.779850959777832,0.835,-17.400449752807617,,
5000,3.9951260089874268,0.8333333333333334,-17.889883041381836,,
5050,1.8251495361328125,0.8316666666666667,-18.25539207458496,,
5100,6.782101154327393,0.83,-19.396286010742188,,
5150,3.5538902282714844,0.8283333333333334,-18.265195846557617,,
5200,7.686712741851807,0.8266666666666667,-18.57881736755371,,
5250,6.230657577514648,0.825,-18.653730392456055,,
5300,2.151482582092285,0.8233333333333334,-18.87725257873535,,
5350,18.902864456176758,0.8216666666666667,-20.098285675048828,,
5400,12.27983570098877,0.8200000000000001,-19.198434829711914,,
5450,4.8846659660339355,0.8183333333333334,-17.317506790161133,,
5500,9.075011253356934,0.8166666666666667,-19.077959060668945,,
5550,8.97412395477295,0.815,-18.978158950805664,,
5600,15.897541046142578,0.8133333333333334,-21.906618118286133,,
5650,10.652945518493652,0.8116666666666666,-20.607166290283203,,
5700,28.339738845825195,0.81,-20.557275772094727,,
5750,5.45850133895874,0.8083333333333333,-19.820886611938477,,
5800,3.017791748046875,0.8066666666666666,-20.713970184326172,,
5850,3.479112386703491,0.8049999999999999,-19.81667137145996,,
5900,7.803868770599365,0.8033333333333333,-22.252561569213867,,
5950,1.0570857524871826,0.8016666666666666,-21.554115295410156,,
6000,4.512892246246338,0.8,-20.79806137084961,,
6050,12.510987281799316,0.7983333333333333,-20.926061630249023,,
6100,6.000799655914307,0.7966666666666666,-20.215208053588867,,
6150,7.814779281616211,0.795,-21.677583694458008,,
6200,3.7661495208740234,0.7933333333333333,-20.545324325561523,,
6250,12.72530746459961,0.7916666666666666,-19.90322494506836,,
6300,27.90887451171875,0.79,-20.733154296875,,
6350,7.100096225738525,0.7883333333333333,-19.543893814086914,,
6400,2.4216859340667725,0.7866666666666666,-20.573564529418945,,
6450,13.249772071838379,0.785,-19.732065200805664,,
6500,5.163193225860596,0.7833333333333333,-20.91822624206543,,
6550,22.236745834350586,0.7816666666666667,-22.08937644958496,,
6600,9.099570274353027,0.78,-20.564619064331055,,
6650,10.077959060668945,0.7783333333333333,-20.439224243164062,,
6700,6.442535400390625,0.7766666666666666,-19.44858741760254,,
6750,5.8976826667785645,0.775,-19.893274307250977,,
6800,16.700578689575195,0.7733333333333333,-22.646726608276367,,
6850,9.816922187805176,0.7716666666666667,-21.1479434967041,,
6900,9.901679992675781,0.77,-19.4493408203125,,
6950,5.003583908081055,0.7683333333333333,-20.689823150634766,,
7000,26.3914737701416,0.7666666666666666,-21.29942512512207,,
7050,10.273860931396484,0.765,-21.533357620239258,,
7100,11.306846618652344,0.7633333333333333,-19.323835372924805,,
7150,6.687372207641602,0.7616666666666667,-22.189138412475586,,
7200,6.353407382965088,0.76,-21.21238136291504,,
7250,6.763393878936768,0.7583333333333333,-20.14020538330078,,
7300,33.83137893676758,0.7566666666666666,-21.0787296295166,,
7350,18.740812301635742,0.755,-20.879934310913086,,
7400,25.457077026367188,0.7533333333333333,-20.101844787597656,,
7450,2.940382719039917,0.7516666666666667,-22.18644905090332,,
7500,8.28183650970459,0.75,-20.73069953918457,,
7550,15.076455116271973,0.7483333333333333,-21.751482009887695,,
7600,4.475654125213623,0.7466666666666666,-21.988069534301758,,
7650,17.39735221862793,0.745,-21.416372299194336,,
7700,4.177581310272217,0.7433333333333334,-23.672439575195312,,
7750,12.556182861328125,0.7416666666666667,-20.845962524414062,,
7800,49.37849807739258,0.74,-22.754575729370117,,
7850,9.5463285446167,0.7383333333333333,-20.625017166137695,,
7900,8.280022621154785,0.7366666666666667,-20.59864616394043,,
7950,23.318384170532227,0.735,-22.882369995117188,,
8000,3.1356403827667236,0.7333333333333334,-20.824426651000977,,
8050,12.420188903808594,0.7316666666666667,-21.80010986328125,,
8100,27.596357345581055,0.73,-22.5512752532959,,
8150,6.4530110359191895,0.7283333333333333,-23.09484100341797,,
8200,3.4842193126678467,0.7266666666666667,-24.32001304626465,,
8250,5.015282154083252,0.725,-19.27433204650879,,
8300,5.473365783691406,0.7233333333333334,-19.249713897705078,,
8350,13.152266502380371,0.7216666666666667,-24.413896560668945,,
8400,20.55084800720215,0.72,-23.01618003845215,,
8450,29.76768684387207,0.7183333333333333,-22.620040893554688,,
8500,3.970001459121704,0.7166666666666667,-20.45552635192871,,
8550,7.2515869140625,0.7150000000000001,-17.86488914489746,,
8600,17.380098342895508,0.7133333333333334,-20.305444717407227,,
8650,6.969615936279297,0.7116666666666667,-18.888452529907227,,
8700,7.235291957855225,0.71,-21.09514617919922,,
8750,4.785375118255615,0.7083333333333333,-20.883188247680664,,
8800,17.9621524810791,0.7066666666666667,-21.389177322387695,,
8850,16.9277400970459,0.7050000000000001,-18.543746948242188,,
8900,4.626638889312744,0.7033333333333334,-21.258869171142578,,
8950,6.1479034423828125,0.7016666666666667,-18.494728088378906,,
9000,8.839936256408691,0.7,-20.23887825012207,,
9050,7.159791946411133,0.6983333333333333,-21.856407165527344,,
9100,3.1449806690216064,0.6966666666666667,-22.30900001525879,,
9150,6.313967227935791,0.6950000000000001,-20.60686683654785,,
9200,26.68983268737793,0.6933333333333334,-22.28845977783203,,
9250,9.298237800598145,0.6916666666666667,-19.464696884155273,,
9300,7.354164123535156,0.69,-19.746688842773438,,
9350,6.664172649383545,0.6883333333333334,-19.33335304260254,,
9400,14.227760314941406,0.6866666666666666,-19.902883529663086,,
9450,3.759563446044922,0.685,-20.618825912475586,,
9500,4.251888751983643,0.6833333333333333,-20.948932647705078,,
9550,4.152580261230469,0.6816666666666666,-23.038698196411133,,
9600,7.86836051940918,0.6799999999999999,-21.173582077026367,,
9650,15.307658195495605,0.6783333333333333,-20.287378311157227,,
9700,6.075517177581787,0.6766666666666667,-21.2310848236084,,
9750,4.479219913482666,0.675,-24.85663414001465,,
9800,6.310911178588867,0.6733333333333333,-18.749893188476562,,
9850,4.880391597747803,0.6716666666666666,-18.79875946044922,,
9900,9.682634353637695,0.6699999999999999,-22.108354568481445,,
9950,14.061882019042969,0.6683333333333333,-19.829742431640625,,
10000,12.206077575683594,0.6666666666666667,-21.40278434753418,,
10050,13.020125389099121,0.665,-19.485551834106445,,
10100,8.02104663848877,0.6633333333333333,-20.174541473388672,,
10150,12.637267112731934,0.6616666666666666,-21.331790924072266,,
10200,7.569660186767578,0.6599999999999999,-18.207679748535156,,
10250,14.441681861877441,0.6583333333333333,-23.426054000854492,,
10300,33.95499038696289,0.6566666666666667,-20.592945098876953,,
10350,6.3637824058532715,0.655,-20.08965492248535,,
10400,22.15433692932129,0.6533333333333333,-19.244714736938477,,
10450,6.259838104248047,0.6516666666666666,-21.195981979370117,,
10500,12.512999534606934,0.65,-21.69978904724121,,
10550,8.557143211364746,0.6483333333333333,-17.221027374267578,,
10600,7.051135540008545,0.6466666666666667,-21.4709415435791,,
10650,13.152237892150879,0.645,-21.263362884521484,,
10700,5.560724258422852,0.6433333333333333,-21.661699295043945,,
10750,30.216110229492188,0.6416666666666666,-20.748477935791016,,
10800,9.004761695861816,0.64,-19.52939796447754,,
10850,8.166440963745117,0.6383333333333333,-17.9270076751709,,
10900,5.9171271324157715,0.6366666666666667,-23.84220314025879,,
10950,10.851729393005371,0.635,-19.25087547302246,,
11000,31.423255920410156,0.6333333333333333,-18.609004974365234,,
11050,31.49970245361328,0.6316666666666666,-20.95444679260254,,
11100,11.238700866699219,0.63,-20.979768753051758,,
11150,17.46684455871582,0.6283333333333334,-20.56734848022461,,
11200,5.214137554168701,0.6266666666666667,-18.391517639160156,,
11250,13.47397518157959,0.625,-16.962221145629883,,
11300,9.494719505310059,0.6233333333333333,-17.06089210510254,,
11350,10.359665870666504,0.6216666666666666,-19.46245002746582,,
11400,8.028252601623535,0.62,-19.634824752807617,,
11450,13.036293029785156,0.6183333333333334,-18.53816795349121,,
11500,8.117335319519043,0.6166666666666667,-17.1020450592041,,
11550,6.76939058303833,0.615,-20.696557998657227,,
11600,4.1303534507751465,0.6133333333333333,-20.43425750732422,,
11650,17.095914840698242,0.6116666666666667,-17.00767707824707,,
11700,9.675994873046875,0.61,-16.74354362487793,,
11750,6.3286004066467285,0.6083333333333334,-18.9986515045166,,
11800,5.388280391693115,0.6066666666666667,-17.549501419067383,,
11850,10.86674976348877,0.605,-20.552644729614258,,
11900,30.096376419067383,0.6033333333333333,-19.289518356323242,,
11950,15.442057609558105,0.6016666666666667,-18.254364013671875,,
12000,11.67029857635498,0.6,-18.12003517150879,,
12050,11.870030403137207,0.5983333333333334,-20.17010498046875,,
12100,6.591461181640625,0.5966666666666667,-18.8251895904541,,
12150,6.2436065673828125,0.595,-18.13628387451172,,
12200,3.3753554821014404,0.5933333333333333,-18.550399780273438,,
12250,38.149776458740234,0.5916666666666667,-18.567235946655273,,
12300,11.060193061828613,0.5900000000000001,-16.22665023803711,,
12350,22.291738510131836,0.5883333333333334,-18.70220947265625,,
12400,8.537550926208496,0.5866666666666667,-20.689945220947266,,
12450,37.830326080322266,0.585,-16.856096267700195,,
12500,6.053928375244141,0.5833333333333333,-17.714916229248047,,
12550,16.069801330566406,0.5816666666666667,-17.266630172729492,,
12600,14.314788818359375,0.5800000000000001,-18.448396682739258,,
12650,6.014013767242432,0.5783333333333334,-19.29401397705078,,
12700,4.479194164276123,0.5766666666666667,-16.128997802734375,,
12750,7.213273525238037,0.575,-18.411542892456055,,
12800,33.52837371826172,0.5733333333333333,-21.402795791625977,,
12850,4.6239914894104,0.5716666666666667,-17.393301010131836,,
12900,6.349704742431641,0.5700000000000001,-15.615145683288574,,
12950,58.922149658203125,0.5683333333333334,-19.73893928527832,,
13000,7.9752197265625,0.5666666666666667,-19.95671844482422,,
13050,10.530390739440918,0.565,-17.822254180908203,,
13100,8.424625396728516,0.5633333333333334,-18.123477935791016,,
13150,42.18345642089844,0.5616666666666666,-17.53888511657715,,
13200,8.059822082519531,0.56,-17.95818519592285,,
13250,16.19481086730957,0.5583333333333333,-18.22049331665039,,
13300,6.315557956695557,0.5566666666666666,-19.795969009399414,,
13350,16.6768741607666,0.5549999999999999,-16.027132034301758,,
13400,18.78331184387207,0.5533333333333333,-18.290922164916992,,
13450,27.93701171875,0.5516666666666667,-19.57549476623535,,
13500,7.562866687774658,0.55,-15.76448917388916,,
13550,4.464799404144287,0.5483333333333333,-18.231420516967773,,
13600,29.61628532409668,0.5466666666666666,-19.027692794799805,,
13650,12.81884479522705,0.5449999999999999,-20.109481811523438,,
13700,4.247288703918457,0.5433333333333333,-17.192459106445312,,
13750,16.022430419921875,0.5416666666666667,-19.874387741088867,,
13800,8.351993560791016,0.54,-16.049171447753906,,
13850,10.624621391296387,0.5383333333333333,-17.846731185913086,,
13900,8.022489547729492,0.5366666666666666,-19.55518913269043,,
13950,12.008233070373535,0.5349999999999999,-18.82771873474121,,
14000,28.568025588989258,0.5333333333333333,-19.478254318237305,,
14050,12.219220161437988,0.5316666666666667,-18.917612075805664,,
14100,6.650834560394287,0.53,-21.520416259765625,,
14150,7.774129867553711,0.5283333333333333,-15.423964500427246,,
14200,14.075301170349121,0.5266666666666666,-19.07962989807129,,
14250,6.624971866607666,0.525,-17.68218421936035,,
14300,3.35207462310791,0.5233333333333333,-16.42784309387207,,
14350,32.24385070800781,0.5216666666666667,-15.576699256896973,,
14400,22.496475219726562,0.52,-13.901565551757812,,
14450,12.01124095916748,0.5183333333333333,-18.221403121948242,,
14500,6.894216060638428,0.5166666666666666,-15.45365047454834,,
14550,9.083008766174316,0.515,-16.89194107055664,,
14600,24.924978256225586,0.5133333333333333,-15.740185737609863,,
14650,5.567826747894287,0.5116666666666667,-15.38309097290039,,
14700,8.182520866394043,0.51,-16.96253776550293,,
14750,16.442346572875977,0.5083333333333333,-14.914971351623535,,
14800,5.621184825897217,0.5066666666666666,-18.24336051940918,,
14850,11.70630931854248,0.505,-18.596372604370117,,
14900,7.424252033233643,0.5033333333333334,-19.009258270263672,,
14950,4.404670715332031,0.5016666666666667,-17.8970890045166,,
15000,8.253203392028809,0.5,-19.20847511291504,,
15050,5.323403835296631,0.4983333333333333,-15.854961395263672,,
15100,6.642188549041748,0.4966666666666667,-19.6358585357666,,
15150,4.4441351890563965,0.495,-18.164064407348633,,
15200,3.9314424991607666,0.4933333333333333,-15.391644477844238,,
15250,13.708338737487793,0.4916666666666667,-19.053932189941406,,
15300,5.887649059295654,0.49,-13.290242195129395,,
15350,4.972923755645752,0.4883333333333333,-14.2875337600708,,
15400,5.250166416168213,0.4866666666666667,-14.943039894104004,,
15450,8.834551811218262,0.485,-19.02263832092285,,
15500,12.705792427062988,0.4833333333333333,-15.007906913757324,,
15550,7.689333438873291,0.4816666666666667,-19.50534439086914,,
15600,12.494282722473145,0.48,-16.764686584472656,,
15650,6.398616790771484,0.4783333333333334,-17.444875717163086,,
15700,15.08426284790039,0.4766666666666667,-17.049118041992188,,
15750,21.46129608154297,0.475,-13.138011932373047,,
15800,16.788921356201172,0.4733333333333334,-15.233379364013672,,
15850,3.3939638137817383,0.4716666666666667,-17.605287551879883,,
15900,9.11022663116455,0.47,-11.772311210632324,,
15950,3.668609619140625,0.4683333333333334,-15.206816673278809,,
16000,7.123344898223877,0.4666666666666667,-17.0660343170166,,
16050,18.913957595825195,0.46499999999999997,-13.993460655212402,,
16100,5.474895477294922,0.4633333333333334,-14.864836692810059,,
16150,5.495588779449463,0.46166666666666667,-13.055953979492188,,
16200,4.58471155166626,0.45999999999999996,-14.082130432128906,,
16250,9.71867847442627,0.45833333333333337,-13.794578552246094,,
16300,4.722859859466553,0.45666666666666667,-15.948103904724121,,
16350,6.611095428466797,0.45499999999999996,-18.215349197387695,,
16400,6.995911121368408,0.45333333333333337,-13.924403190612793,,
16450,11.091365814208984,0.45166666666666666,-16.212936401367188,,
16500,3.604156255722046,0.44999999999999996,-16.637046813964844,,
16550,3.193527936935425,0.44833333333333336,-14.111666679382324,,
16600,7.093484878540039,0.44666666666666666,-13.891295433044434,,
16650,5.458950519561768,0.44499999999999995,-16.38898277282715,,
16700,23.372819900512695,0.44333333333333336,-17.28944206237793,,
16750,6.614255905151367,0.44166666666666665,-16.466461181640625,,
16800,8.985690116882324,0.43999999999999995,-15.442184448242188,,
16850,7.935939788818359,0.43833333333333335,-15.478858947753906,,
16900,4.690001964569092,0.43666666666666665,-15.891825675964355,,
16950,13.031651496887207,0.43500000000000005,-14.770602226257324,,
17000,11.241433143615723,0.43333333333333335,-16.885812759399414,,
17050,4.216324806213379,0.43166666666666664,-15.770600318908691,,
17100,4.992503643035889,0.43000000000000005,-13.361493110656738,,
17150,14.845005989074707,0.42833333333333334,-15.603492736816406,,
17200,4.662612438201904,0.42666666666666664,-14.208821296691895,,
17250,33.476959228515625,0.42500000000000004,-13.937546730041504,,
17300,13.908270835876465,0.42333333333333334,-18.4813175201416,,
17350,8.926848411560059,0.42166666666666663,-16.761627197265625,,
17400,7.077137470245361,0.42000000000000004,-13.49881649017334,,
17450,3.292365074157715,0.41833333333333333,-14.45788860321045,,
17500,5.250019073486328,0.41666666666666663,-13.451563835144043,,
17550,12.831494331359863,0.41500000000000004,-11.77332592010498,,
17600,18.816818237304688,0.41333333333333333,-14.794440269470215,,
17650,15.148741722106934,0.4116666666666666,-14.026713371276855,,
17700,4.344920635223389,0.41000000000000003,-13.662774085998535,,
17750,10.181511878967285,0.4083333333333333,-13.919329643249512,,
17800,15.106258392333984,0.4066666666666666,-14.246916770935059,,
17850,30.19957733154297,0.405,-15.519780158996582,,
17900,4.2844624519348145,0.4033333333333333,-16.23069953918457,,
17950,2.465122699737549,0.4016666666666666,-12.71495532989502,,
18000,5.6630120277404785,0.4,-13.286957740783691,,
18050,23.385339736938477,0.3983333333333333,-14.95031452178955,,
18100,4.311511993408203,0.3966666666666666,-15.554535865783691,,
18150,6.627622127532959,0.395,-14.02607250213623,,
18200,14.085671424865723,0.3933333333333333,-12.776362419128418,,
18250,5.092167377471924,0.3916666666666667,-14.722708702087402,,
18300,7.168689727783203,0.39,-12.205523490905762,,
18350,4.404276371002197,0.3883333333333333,-11.902164459228516,,
18400,9.724080085754395,0.3866666666666667,-16.407678604125977,,
18450,6.195979595184326,0.385,-10.302017211914062,,
18500,13.18103313446045,0.3833333333333333,-13.982100486755371,,
18550,8.073939323425293,0.3816666666666667,-13.947310447692871,,
18600,9.470726013183594,0.38,-15.72028636932373,,
18650,6.506211757659912,0.3783333333333333,-12.11634349822998,,
18700,26.74818229675293,0.3766666666666667,-15.338814735412598,,
18750,12.324200630187988,0.375,-13.638022422790527,,
18800,4.1604719161987305,0.3733333333333333,-13.40857982635498,,
18850,7.014176845550537,0.3716666666666667,-12.008404731750488,,
18900,4.5146098136901855,0.37,-18.245962142944336,,
18950,11.275622367858887,0.3683333333333333,-12.3458833694458,,
19000,5.006795406341553,0.3666666666666667,-12.16870403289795,,
19050,3.615323305130005,0.365,-12.886402130126953,,
19100,8.700348854064941,0.3633333333333333,-13.166277885437012,,
19150,7.982234954833984,0.3616666666666667,-10.002690315246582,,
19200,24.593080520629883,0.36,-13.0874605178833,,
19250,10.033546447753906,0.3583333333333333,-15.619258880615234,,
19300,5.178271293640137,0.3566666666666667,-15.720704078674316,,
19350,11.60769271850586,0.355,-13.877312660217285,,
19400,32.741455078125,0.3533333333333334,-12.850914001464844,,
19450,7.361818313598633,0.3516666666666667,-17.471309661865234,,
19500,10.340879440307617,0.35,-14.34466552734375,,
19550,13.684767723083496,0.3483333333333334,-13.053729057312012,,
19600,9.96634292602539,0.3466666666666667,-15.715328216552734,,
19650,9.83086109161377,0.345,-11.407397270202637,,
19700,3.246823310852051,0.3433333333333334,-13.056187629699707,,
19750,24.99056053161621,0.3416666666666667,-11.232523918151855,,
19800,7.930057048797607,0.33999999999999997,-17.714611053466797,,
19850,12.5022554397583,0.3383333333333334,-10.9828462600708,,
19900,23.104202270507812,0.33666666666666667,-13.741386413574219,,
19950,10.906524658203125,0.33499999999999996,-12.165767669677734,,
20000,23.847951889038086,0.33333333333333337,-13.905241966247559,,
20050,4.591587543487549,0.33166666666666667,-15.298903465270996,,
20100,5.83666467666626,0.32999999999999996,-13.07266616821289,,
20150,3.432640790939331,0.32833333333333337,-10.853535652160645,,
20200,8.788702964782715,0.32666666666666666,-15.153752326965332,,
20250,21.532197952270508,0.32499999999999996,-12.987269401550293,,
20300,5.097143173217773,0.32333333333333336,-10.719634056091309,,
20350,6.004278182983398,0.32166666666666666,-9.655049324035645,,
20400,5.130768299102783,0.31999999999999995,-11.330962181091309,,
20450,3.5748870372772217,0.31833333333333336,-11.020309448242188,,
20500,3.782489776611328,0.31666666666666665,-12.364148139953613,,
20550,6.787196636199951,0.31499999999999995,-11.73374080657959,,
20600,7.115835189819336,0.31333333333333335,-12.068591117858887,,
20650,5.50806999206543,0.31166666666666665,-11.69290828704834,,
20700,9.921402931213379,0.31000000000000005,-13.8507080078125,,
20750,11.911137580871582,0.30833333333333335,-14.328412055969238,,
20800,16.190410614013672,0.30666666666666664,-12.419841766357422,,
20850,3.4321095943450928,0.30500000000000005,-9.583146095275879,,
20900,4.495006561279297,0.30333333333333334,-10.14742660522461,,
20950,8.817538261413574,0.30166666666666664,-12.473782539367676,,
21000,5.6277031898498535,0.30000000000000004,-13.589561462402344,,
21050,20.054096221923828,0.29833333333333334,-12.862545013427734,,
21100,10.05209732055664,0.29666666666666663,-12.390181541442871,,
21150,7.239614009857178,0.29500000000000004,-12.079434394836426,,
21200,9.109272956848145,0.29333333333333333,-12.410155296325684,,
21250,10.833389282226562,0.29166666666666663,-13.756477355957031,,
21300,6.284486770629883,0.29000000000000004,-13.90865421295166,,
21350,4.463580131530762,0.28833333333333333,-13.440665245056152,,
21400,2.1144137382507324,0.2866666666666666,-9.437335014343262,,
21450,10.235358238220215,0.28500000000000003,-11.93496322631836,,
21500,4.095274448394775,0.2833333333333333,-12.0109281539917,,
21550,7.3427958488464355,0.2816666666666666,-10.903076171875,,
21600,4.74398946762085,0.28,-10.626396179199219,,
21650,17.68754005432129,0.2783333333333333,-13.58752155303955,,
21700,7.488067626953125,0.2766666666666666,-13.811955451965332,,
21750,10.853800773620605,0.275,-12.145275115966797,,
21800,3.931442975997925,0.2733333333333333,-11.706269264221191,,
21850,3.549074172973633,0.2716666666666666,-13.05212116241455,,
21900,4.1510138511657715,0.27,-13.217926025390625,,
21950,30.484949111938477,0.2683333333333333,-10.74128246307373,,
22000,4.0566205978393555,0.2666666666666667,-14.533409118652344,,
22050,11.785592079162598,0.265,-11.899847984313965,,
22100,13.499419212341309,0.2633333333333333,-14.209080696105957,,
22150,4.55856466293335,0.2616666666666667,-10.554667472839355,,
22200,3.9325504302978516,0.26,-12.871642112731934,,
22250,6.01707649230957,0.2583333333333333,-13.564441680908203,,
22300,10.308416366577148,0.2566666666666667,-11.95859432220459,,
22350,4.495334148406982,0.255,-10.568171501159668,,
22400,24.080320358276367,0.2533333333333333,-13.635368347167969,,
22450,6.754400730133057,0.2516666666666667,-10.808682441711426,,
22500,3.978752851486206,0.25,-10.835190773010254,,
22550,7.075253009796143,0.2483333333333333,-10.390618324279785,,
22600,8.30380916595459,0.2466666666666667,-15.162628173828125,,
22650,3.9150218963623047,0.245,-10.6847562789917,,
22700,4.12919282913208,0.2433333333333333,-10.869434356689453,,
22750,11.47575855255127,0.2416666666666667,-13.554173469543457,,
22800,7.02235221862793,0.24,-12.494888305664062,,
22850,2.7411623001098633,0.23833333333333329,-11.311176300048828,,
22900,8.319779396057129,0.2366666666666667,-8.964277267456055,,
22950,16.41985321044922,0.235,-12.888169288635254,,
23000,1.617785096168518,0.23333333333333328,-12.688751220703125,,
23050,8.385770797729492,0.2316666666666667,-11.225383758544922,,
23100,2.8568170070648193,0.22999999999999998,-11.548965454101562,,
23150,8.30836296081543,0.2283333333333334,-10.673907279968262,,
23200,14.229308128356934,0.22666666666666668,-13.203594207763672,,
23250,5.353373050689697,0.22499999999999998,-11.296692848205566,,
23300,22.86725616455078,0.22333333333333338,-9.639485359191895,,
23350,7.248069763183594,0.22166666666666668,-12.023213386535645,,
23400,6.01499605178833,0.21999999999999997,-9.429688453674316,,
23450,9.373579025268555,0.21833333333333338,-14.414484977722168,,
23500,8.531826972961426,0.21666666666666667,-10.80391788482666,,
23550,7.737858295440674,0.21499999999999997,-13.336289405822754,,
23600,7.560770511627197,0.21333333333333337,-14.755149841308594,,
23650,6.685823917388916,0.21166666666666667,-12.054954528808594,,
23700,8.302111625671387,0.20999999999999996,-12.410477638244629,,
23750,10.35240364074707,0.20833333333333337,-10.836228370666504,,
23800,24.109100341796875,0.20666666666666667,-13.320813179016113,,
23850,8.72470474243164,0.20499999999999996,-10.953171730041504,,
23900,5.621041774749756,0.20333333333333337,-13.871785163879395,,
23950,6.2061686515808105,0.20166666666666666,-11.903828620910645,,
24000,3.086005449295044,0.19999999999999996,-13.2928466796875,,
24050,19.75651741027832,0.19833333333333336,-13.088459968566895,,
24100,6.107227325439453,0.19666666666666666,-10.265131950378418,,
24150,4.684322357177734,0.19499999999999995,-11.38376235961914,,
24200,2.401232957839966,0.19333333333333336,-11.10673999786377,,
24250,4.82561731338501,0.19166666666666665,-11.831920623779297,,
24300,8.333470344543457,0.18999999999999995,-14.406424522399902,,
24350,7.628955841064453,0.18833333333333335,-11.464054107666016,,
24400,5.800617218017578,0.18666666666666665,-11.662480354309082,,
24450,9.194984436035156,0.18500000000000005,-12.745219230651855,,
24500,15.985549926757812,0.18333333333333335,-9.975054740905762,,
24550,8.501559257507324,0.18166666666666664,-12.38962459564209,,
24600,2.0525996685028076,0.18000000000000005,-10.436285972595215,,
24650,5.696922302246094,0.17833333333333334,-13.408981323242188,,
24700,3.671588659286499,0.17666666666666664,-10.395456314086914,,
24750,5.400996685028076,0.17500000000000004,-11.867542266845703,,
24800,3.6885669231414795,0.17333333333333334,-13.05042552947998,,
24850,3.531632423400879,0.17166666666666663,-12.73818302154541,,
24900,8.360480308532715,0.17000000000000004,-12.737458229064941,,
24950,17.557945251464844,0.16833333333333333,-12.731871604919434,,
25000,6.335254192352295,0.16666666666666663,-11.290766716003418,-1.0364073967202516,48.266666666666666
25050,15.999358177185059,0.16500000000000004,-10.763890266418457,,
25100,8.099892616271973,0.16333333333333333,-10.846365928649902,,
25150,3.626173973083496,0.16166666666666663,-10.084698677062988,,
25200,1.9997667074203491,0.16000000000000003,-12.323893547058105,,
25250,2.530818223953247,0.15833333333333333,-10.124961853027344,,
25300,3.288722038269043,0.15666666666666662,-12.100293159484863,,
25350,30.80632209777832,0.15500000000000003,-11.35819149017334,,
25400,4.2778754234313965,0.15333333333333332,-11.594722747802734,,
25450,3.6158504486083984,0.15166666666666662,-10.89037799835205,,
25500,12.007061958312988,0.15000000000000002,-13.357708930969238,,
25550,5.399413585662842,0.14833333333333332,-11.866711616516113,,
25600,3.0323193073272705,0.1466666666666666,-12.158878326416016,,
25650,11.685059547424316,0.14500000000000002,-12.103705406188965,,
25700,5.306630611419678,0.1433333333333333,-13.898415565490723,,
25750,3.6905791759490967,0.14166666666666672,-12.885018348693848,,
25800,9.148207664489746,0.14,-15.202326774597168,,
25850,5.231598377227783,0.1383333333333333,-12.738731384277344,,
25900,3.0684947967529297,0.13666666666666671,-14.9170560836792,,
25950,5.051101207733154,0.135,-15.134734153747559,,
26000,5.77428674697876,0.1333333333333333,-11.07992172241211,,
26050,3.524522066116333,0.1316666666666667,-13.180438041687012,,
26100,12.114009857177734,0.13,-14.127662658691406,,
26150,5.158700466156006,0.1283333333333333,-13.922821044921875,,
26200,7.1186957359313965,0.1266666666666667,-13.083573341369629,,
26250,3.515376091003418,0.125,-12.853927612304688,,
26300,6.022653579711914,0.1233333333333333,-12.467586517333984,,
26350,4.2258830070495605,0.1216666666666667,-11.339375495910645,,
26400,9.870076179504395,0.12,-13.1364164352417,,
26450,3.744473695755005,0.11833333333333329,-13.586669921875,,
26500,4.134206771850586,0.1166666666666667,-13.771492958068848,,
26550,8.037853240966797,0.11499999999999999,-11.091926574707031,,
26600,4.554664611816406,0.11333333333333329,-12.894312858581543,,
26650,9.002120018005371,0.11166666666666669,-11.986943244934082,,
26700,13.65516185760498,0.10999999999999999,-13.257804870605469,,
26750,31.922256469726562,0.10833333333333328,-17.256994247436523,,
26800,6.331893444061279,0.10666666666666669,-14.642590522766113,,
26850,6.163229465484619,0.10499999999999998,-15.518486022949219,,
26900,20.149770736694336,0.10333333333333339,-12.916790008544922,,
26950,2.5083062648773193,0.10166666666666668,-10.976188659667969,,
27000,2.425697088241577,0.09999999999999998,-12.99522876739502,,
27050,5.940374374389648,0.09833333333333338,-13.120781898498535,,
27100,3.5704123973846436,0.09666666666666668,-11.671551704406738,,
27150,5.98307991027832,0.09499999999999997,-13.311298370361328,,
27200,4.3051371574401855,0.09333333333333338,-11.134020805358887,,
27250,11.807381629943848,0.09166666666666667,-16.79589080810547,,
27300,12.397998809814453,0.08999999999999997,-13.523688316345215,,
27350,5.296318054199219,0.08833333333333337,-12.083786010742188,,
27400,5.169607639312744,0.08666666666666667,-15.345809936523438,,
27450,3.3325531482696533,0.08499999999999996,-13.731511116027832,,
27500,24.854894638061523,0.08333333333333337,-14.05239486694336,,
27550,3.8970882892608643,0.08166666666666667,-9.706833839416504,,
27600,6.023324966430664,0.07999999999999996,-12.491719245910645,,
27650,2.4630656242370605,0.07833333333333337,-14.778586387634277,,
27700,5.485635757446289,0.07666666666666666,-13.552641868591309,,
27750,13.928802490234375,0.07499999999999996,-11.830368041992188,,
27800,12.48468017578125,0.07333333333333336,-11.961109161376953,,
27850,16.801259994506836,0.07166666666666666,-10.502635955810547,,
27900,2.945239305496216,0.06999999999999995,-11.681297302246094,,
27950,9.991564750671387,0.06833333333333336,-11.028340339660645,,
28000,7.701194763183594,0.06666666666666665,-12.562752723693848,,
28050,2.1838722229003906,0.06499999999999995,-11.538811683654785,,
28100,3.166886329650879,0.06333333333333335,-13.848403930664062,,
28150,18.966779708862305,0.06166666666666665,-12.156967163085938,,
28200,5.129185199737549,0.06000000000000005,-14.60690689086914,,
28250,4.4636383056640625,0.05833333333333335,-14.348040580749512,,
28300,5.51082181930542,0.05666666666666664,-13.905196189880371,,
28350,3.7080650329589844,0.05500000000000005,-14.265851020812988,,
28400,2.5859076976776123,0.053333333333333344,-11.878079414367676,,
28450,4.277381420135498,0.05166666666666664,-9.60192584991455,,
28500,2.693993330001831,0.050000000000000044,-14.98455810546875,,
28550,16.290475845336914,0.05,-12.679156303405762,,
28600,2.5833775997161865,0.05,-11.598403930664062,,
28650,2.8336544036865234,0.05,-12.976901054382324,,
28700,3.7681291103363037,0.05,-9.799551963806152,,
28750,7.254765033721924,0.05,-12.491252899169922,,
28800,5.852146148681641,0.05,-13.284332275390625,,
28850,15.6088285446167,0.05,-10.559231758117676,,
28900,7.248958587646484,0.05,-12.60028076171875,,
28950,9.883596420288086,0.05,-14.573738098144531,,
29000,5.436529636383057,0.05,-14.002718925476074,,
29050,3.6421449184417725,0.05,-12.798371315002441,,
29100,30.43743324279785,0.05,-12.387635231018066,,
29150,12.49256420135498,0.05,-13.274147987365723,,
29200,6.897258281707764,0.05,-11.63864803314209,,
29250,10.51844596862793,0.05,-12.546402931213379,,
29300,9.606783866882324,0.05,-13.331326484680176,,
29350,27.410634994506836,0.05,-13.273860931396484,,
29400,5.5092082023620605,0.05,-11.874518394470215,,
29450,3.655703544616699,0.05,-11.074100494384766,,
29500,2.6371781826019287,0.05,-11.130099296569824,,
29550,10.359898567199707,0.05,-14.95805835723877,,
29600,2.2762973308563232,0.05,-13.351548194885254,,
29650,6.691256046295166,0.05,-12.485709190368652,,
29700,2.3020780086517334,0.05,-11.84587574005127,,
29750,2.654690742492676,0.05,-15.771926879882812,,
29800,18.768394470214844,0.05,-13.114022254943848,,
29850,5.061616897583008,0.05,-12.657063484191895,,
29900,5.459841251373291,0.05,-11.225428581237793,,
29950,1.9669885635375977,0.05,-13.591484069824219,,
30000,3.196950674057007,0.05,-11.433024406433105,,
30050,8.0497407913208,0.05,-12.579864501953125,,
30100,3.2508366107940674,0.05,-13.088824272155762,,
30150,5.636805057525635,0.05,-11.550403594970703,,
30200,6.037696838378906,0.05,-13.230669975280762,,
30250,2.9472455978393555,0.05,-12.917289733886719,,
30300,10.146611213684082,0.05,-11.6781005859375,,
30350,14.722427368164062,0.05,-13.776280403137207,,
30400,7.670130252838135,0.05,-11.859211921691895,,
30450,4.180290699005127,0.05,-15.336189270019531,,
30500,6.47998571395874,0.05,-12.863438606262207,,
30550,5.740183353424072,0.05,-14.208456993103027,,
30600,3.827471971511841,0.05,-11.83123779296875,,
30650,1.8476356267929077,0.05,-13.489758491516113,,
30700,2.160076856613159,0.05,-13.763398170471191,,
30750,16.490093231201172,0.05,-13.29602336883545,,
30800,6.359058856964111,0.05,-12.490665435791016,,
30850,3.115039825439453,0.05,-13.03526782989502,,
30900,2.994391441345215,0.05,-15.048174858093262,,
30950,4.910796642303467,0.05,-14.259882926940918,,
31000,4.663326740264893,0.05,-12.350128173828125,,
31050,14.767611503601074,0.05,-11.888294219970703,,
31100,1.8558071851730347,0.05,-10.371485710144043,,
31150,9.660127639770508,0.05,-13.529078483581543,,
31200,3.0962371826171875,0.05,-10.958855628967285,,
31250,5.54583215713501,0.05,-13.515236854553223,,
31300,5.235764026641846,0.05,-14.754287719726562,,
31350,12.589735984802246,0.05,-12.308018684387207,,
31400,4.985056400299072,0.05,-11.784976959228516,,
31450,17.18633270263672,0.05,-14.05396556854248,,
31500,3.4472663402557373,0.05,-12.474288940429688,,
31550,2.8690671920776367,0.05,-10.958866119384766,,
31600,8.107059478759766,0.05,-12.346529960632324,,
31650,18.987262725830078,0.05,-13.746726036071777,,
31700,4.344376564025879,0.05,-12.671012878417969,,
31750,4.812858581542969,0.05,-13.379047393798828,,
31800,3.2934510707855225,0.05,-13.10755443572998,,
31850,7.910470485687256,0.05,-12.019749641418457,,
31900,6.309901714324951,0.05,-12.258975982666016,,
31950,13.02685260772705,0.05,-11.749430656433105,,
32000,2.380378007888794,0.05,-14.861735343933105,,
32050,11.54690933227539,0.05,-13.045483589172363,,
32100,11.90099811553955,0.05,-12.729947090148926,,
32150,4.909000396728516,0.05,-12.02507495880127,,
32200,5.590656757354736,0.05,-15.24927043914795,,
32250,8.640653610229492,0.05,-12.876358032226562,,
32300,3.279839277267456,0.05,-12.239471435546875,,
32350,13.25728988647461,0.05,-12.216532707214355,,
32400,2.692943811416626,0.05,-14.462239265441895,,
32450,6.77305793762207,0.05,-12.077651977539062,,
32500,5.9058074951171875,0.05,-13.645599365234375,,
32550,6.107711315155029,0.05,-12.42508602142334,,
32600,3.911128282546997,0.05,-11.178065299987793,,
32650,5.858816623687744,0.05,-10.495440483093262,,
32700,4.820191860198975,0.05,-12.281761169433594,,
32750,6.017698287963867,0.05,-13.045258522033691,,
32800,4.856896877288818,0.05,-10.292503356933594,,
32850,7.097475528717041,0.05,-14.204987525939941,,
32900,4.588513374328613,0.05,-13.892139434814453,,
32950,7.279405117034912,0.05,-13.306950569152832,,
33000,9.843514442443848,0.05,-12.438605308532715,,
33050,1.7356338500976562,0.05,-9.399619102478027,,
33100,14.759478569030762,0.05,-10.595268249511719,,
33150,8.946625709533691,0.05,-13.523605346679688,,
33200,5.681158065795898,0.05,-11.646208763122559,,
33250,9.158774375915527,0.05,-14.354125022888184,,
33300,17.586732864379883,0.05,-10.182403564453125,,
33350,6.091974258422852,0.05,-13.394844055175781,,
33400,6.2933502197265625,0.05,-12.772940635681152,,
33450,1.9087156057357788,0.05,-11.673598289489746,,
33500,28.42180824279785,0.05,-10.230515480041504,,
33550,2.555056571960449,0.05,-10.873948097229004,,
33600,5.084999084472656,0.05,-15.54101276397705,,
33650,30.099241256713867,0.05,-10.773945808410645,,
33700,7.402446269989014,0.05,-12.35728931427002,,
33750,11.460785865783691,0.05,-12.3665771484375,,
33800,14.963592529296875,0.05,-13.767094612121582,,
33850,6.709966659545898,0.05,-12.66539478302002,,
33900,3.066958427429199,0.05,-12.437251091003418,,
33950,2.1519978046417236,0.05,-12.165470123291016,,
34000,12.548014640808105,0.05,-13.384605407714844,,
34050,6.063459873199463,0.05,-13.086752891540527,,
34100,5.554512023925781,0.05,-12.670822143554688,,
34150,3.235910177230835,0.05,-11.020926475524902,,
34200,3.1295464038848877,0.05,-13.433287620544434,,
34250,6.232298374176025,0.05,-12.029621124267578,,
34300,1.922454833984375,0.05,-10.702040672302246,,
34350,8.279121398925781,0.05,-12.948031425476074,,
34400,17.019760131835938,0.05,-12.902466773986816,,
34450,3.298572301864624,0.05,-10.990704536437988,,
34500,4.706223011016846,0.05,-12.92614459991455,,
34550,6.382385730743408,0.05,-13.39200496673584,,
34600,16.652406692504883,0.05,-14.471297264099121,,
34650,8.193808555603027,0.05,-10.422865867614746,,
34700,2.9935410022735596,0.05,-10.825271606445312,,
34750,4.7507853507995605,0.05,-11.935547828674316,,
34800,1.999488353729248,0.05,-11.793013572692871,,
34850,3.1028053760528564,0.05,-10.669571876525879,,
34900,3.718195676803589,0.05,-12.938708305358887,,
34950,4.092016696929932,0.05,-11.063800811767578,,
35000,6.555579662322998,0.05,-9.3798189163208,,
35050,2.293722629547119,0.05,-12.249282836914062,,
35100,2.463050365447998,0.05,-11.548321723937988,,
35150,5.161757469177246,0.05,-9.674878120422363,,
35200,2.001905679702759,0.05,-10.765277862548828,,
35250,3.218097448348999,0.05,-13.13158893585205,,
35300,5.191788196563721,0.05,-11.396431922912598,,
35350,3.918914794921875,0.05,-9.882784843444824,,
35400,4.6140265464782715,0.05,-10.25890827178955,,
35450,13.945865631103516,0.05,-11.057448387145996,,
35500,3.3696539402008057,0.05,-14.430901527404785,,
35550,5.324769496917725,0.05,-12.143839836120605,,
35600,9.35588550567627,0.05,-13.591651916503906,,
35650,4.013469219207764,0.05,-13.06775188446045,,
35700,3.177783966064453,0.05,-10.535407066345215,,
35750,4.836165904998779,0.05,-13.695350646972656,,
35800,3.461606979370117,0.05,-12.020267486572266,,
35850,4.078221797943115,0.05,-11.357041358947754,,
35900,9.302260398864746,0.05,-12.476038932800293,,
35950,4.17219877243042,0.05,-14.504651069641113,,
36000,4.273275375366211,0.05,-11.499542236328125,,
36050,7.363851070404053,0.05,-11.754779815673828,,
36100,9.18215560913086,0.05,-13.022781372070312,,
36150,2.041738986968994,0.05,-11.137429237365723,,
36200,8.350393295288086,0.05,-11.742847442626953,,
36250,2.8250486850738525,0.05,-11.688761711120605,,
36300,4.03118371963501,0.05,-14.77963638305664,,
36350,2.9597275257110596,0.05,-11.968452453613281,,
36400,3.4605343341827393,0.05,-12.66026782989502,,
36450,15.720173835754395,0.05,-13.6372709274292,,
36500,2.064622402191162,0.05,-12.938922882080078,,
36550,5.126412391662598,0.05,-12.417015075683594,,
36600,2.4852583408355713,0.05,-13.483314514160156,,
36650,5.501672267913818,0.05,-10.246395111083984,,
36700,2.9579169750213623,0.05,-13.906390190124512,,
36750,9.560763359069824,0.05,-13.85586166381836,,
36800,9.947113037109375,0.05,-12.309395790100098,,
36850,29.456369400024414,0.05,-13.129817962646484,,
36900,10.36661434173584,0.05,-14.115840911865234,,
36950,15.829532623291016,0.05,-11.411087036132812,,
37000,10.474995613098145,0.05,-13.775772094726562,,
37050,4.223905086517334,0.05,-13.96398639678955,,
37100,5.124039173126221,0.05,-11.82324504852295,,
37150,15.29271411895752,0.05,-14.519646644592285,,
37200,5.79938268661499,0.05,-13.476062774658203,,
37250,23.737443923950195,0.05,-13.742378234863281,,
37300,6.914312362670898,0.05,-11.747757911682129,,
37350,3.5466957092285156,0.05,-13.983262062072754,,
37400,19.14322853088379,0.05,-12.331353187561035,,
37450,5.096591949462891,0.05,-12.071549415588379,,
37500,2.994325637817383,0.05,-13.877779960632324,,
37550,2.3715643882751465,0.05,-11.46300983428955,,
37600,28.41205406188965,0.05,-13.216383934020996,,
37650,5.373340606689453,0.05,-11.162667274475098,,
37700,2.6193439960479736,0.05,-14.179855346679688,,
37750,6.5439453125,0.05,-11.263999938964844,,
37800,13.188858032226562,0.05,-13.260520935058594,,
37850,6.369565486907959,0.05,-14.377055168151855,,
37900,4.342530727386475,0.05,-12.957844734191895,,
37950,14.538742065429688,0.05,-10.222731590270996,,
38000,3.7982654571533203,0.05,-13.179913520812988,,
38050,37.96199417114258,0.05,-12.022984504699707,,
38100,20.705272674560547,0.05,-13.488903045654297,,
38150,25.124847412109375,0.05,-12.314784049987793,,
38200,7.4421820640563965,0.05,-11.58945369720459,,
38250,11.782437324523926,0.05,-11.115368843078613,,
38300,22.940446853637695,0.05,-13.023029327392578,,
38350,2.6313283443450928,0.05,-13.619688987731934,,
38400,5.172693729400635,0.05,-11.814173698425293,,
38450,10.672516822814941,0.05,-12.206436157226562,,
38500,6.313211441040039,0.05,-13.158114433288574,,
38550,12.920004844665527,0.05,-13.276633262634277,,
38600,3.294680595397949,0.05,-11.668868064880371,,
38650,4.580692291259766,0.05,-11.668850898742676,,
38700,20.165117263793945,0.05,-13.982321739196777,,
38750,6.3446221351623535,0.05,-14.331429481506348,,
38800,6.04460334777832,0.05,-13.965786933898926,,
38850,6.482477188110352,0.05,-12.023329734802246,,
38900,1.6585737466812134,0.05,-10.40809154510498,,
38950,8.675536155700684,0.05,-12.528019905090332,,
39000,3.613719940185547,0.05,-11.69869613647461,,
39050,7.592484951019287,0.05,-11.878952980041504,,
39100,5.571844577789307,0.05,-13.379424095153809,,
39150,14.697257995605469,0.05,-14.15985107421875,,
39200,8.100186347961426,0.05,-13.674850463867188,,
39250,5.417671203613281,0.05,-12.43896198272705,,
39300,3.503810167312622,0.05,-15.234737396240234,,
39350,6.765501022338867,0.05,-13.4292631149292,,
39400,9.834004402160645,0.05,-13.613502502441406,,
39450,9.645615577697754,0.05,-12.955284118652344,,
39500,14.093810081481934,0.05,-11.17928409576416,,
39550,2.970618963241577,0.05,-10.406115531921387,,
39600,29.172155380249023,0.05,-11.761313438415527,,
39650,6.901787281036377,0.05,-11.713515281677246,,
39700,9.322916984558105,0.05,-11.233490943908691,,
39750,4.620182991027832,0.05,-11.631786346435547,,
39800,9.591800689697266,0.05,-12.497553825378418,,
39850,11.52153491973877,0.05,-13.393062591552734,,
39900,5.601451396942139,0.05,-12.952384948730469,,
39950,5.782329559326172,0.05,-12.401691436767578,,
40000,3.2985174655914307,0.05,-12.196449279785156,,
40050,24.74079132080078,0.05,-12.697769165039062,,
40100,9.128988265991211,0.05,-12.41122817993164,,
40150,12.177844047546387,0.05,-9.638657569885254,,
40200,2.1537468433380127,0.05,-11.965359687805176,,
40250,5.0544633865356445,0.05,-12.67339038848877,,
40300,3.5469818115234375,0.05,-12.025254249572754,,
40350,4.403095722198486,0.05,-11.317362785339355,,
40400,5.630779266357422,0.05,-12.033488273620605,,
40450,3.2117979526519775,0.05,-12.119795799255371,,
40500,7.958469390869141,0.05,-10.839692115783691,,
40550,6.785686016082764,0.05,-13.585144996643066,,
40600,5.173194408416748,0.05,-12.888813972473145,,
40650,2.6798324584960938,0.05,-11.5720853805542,,
40700,6.294488906860352,0.05,-10.16008472442627,,
40750,18.044145584106445,0.05,-11.00226879119873,,
40800,3.3339226245880127,0.05,-11.9497652053833,,
40850,3.779662847518921,0.05,-12.361473083496094,,
40900,5.668032169342041,0.05,-14.636693000793457,,
40950,9.78603458404541,0.05,-13.719084739685059,,
41000,10.065573692321777,0.05,-11.197410583496094,,
41050,4.896780014038086,0.05,-9.743860244750977,,
41100,3.006765604019165,0.05,-11.76657772064209,,
41150,1.8676366806030273,0.05,-11.345706939697266,,
41200,5.086084842681885,0.05,-9.947978019714355,,
41250,6.74268102645874,0.05,-12.695213317871094,,
41300,4.671088695526123,0.05,-10.609491348266602,,
41350,2.510174512863159,0.05,-9.638335227966309,,
41400,2.687669515609741,0.05,-12.391402244567871,,
41450,8.699291229248047,0.05,-11.384753227233887,,
41500,1.6664762496948242,0.05,-12.7659330368042,,
41550,4.236588954925537,0.05,-10.853180885314941,,
41600,7.444809436798096,0.05,-11.20295238494873,,
41650,6.366906642913818,0.05,-11.331635475158691,,
41700,27.932870864868164,0.05,-11.170916557312012,,
41750,8.626799583435059,0.05,-11.438126564025879,,
41800,6.502390384674072,0.05,-10.903216361999512,,
41850,1.8011813163757324,0.05,-11.259303092956543,,
41900,3.7030975818634033,0.05,-14.305641174316406,,
41950,4.210321426391602,0.05,-10.961653709411621,,
42000,5.493307590484619,0.05,-12.614447593688965,,
42050,3.609851598739624,0.05,-11.316946983337402,,
42100,7.890591144561768,0.05,-9.727765083312988,,
42150,15.30496883392334,0.05,-11.582419395446777,,
42200,1.807545781135559,0.05,-10.65945816040039,,
42250,5.802982807159424,0.05,-11.584694862365723,,
42300,3.8644914627075195,0.05,-10.90733814239502,,
42350,7.682859897613525,0.05,-11.151360511779785,,
42400,1.967710018157959,0.05,-12.315560340881348,,
42450,3.284799575805664,0.05,-10.373196601867676,,
42500,3.735978126525879,0.05,-11.911331176757812,,
42550,2.4049079418182373,0.05,-10.480769157409668,,
42600,4.392310619354248,0.05,-10.581897735595703,,
42650,3.826432466506958,0.05,-14.276034355163574,,
42700,2.267371654510498,0.05,-10.502110481262207,,
42750,11.355074882507324,0.05,-12.972922325134277,,
42800,5.769029140472412,0.05,-11.56692123413086,,
42850,3.6015961170196533,0.05,-11.114967346191406,,
42900,6.024506092071533,0.05,-12.94210433959961,,
42950,1.6270138025283813,0.05,-10.03543472290039,,
43000,2.0489883422851562,0.05,-11.374707221984863,,
43050,4.5367231369018555,0.05,-11.906323432922363,,
43100,5.415629863739014,0.05,-12.03973388671875,,
43150,5.62441873550415,0.05,-11.247527122497559,,
43200,3.6895859241485596,0.05,-12.415733337402344,,
43250,8.62395191192627,0.05,-12.330782890319824,,
43300,1.7672042846679688,0.05,-10.737107276916504,,
43350,3.5629637241363525,0.05,-10.820636749267578,,
43400,4.905645847320557,0.05,-11.94402027130127,,
43450,5.2544450759887695,0.05,-10.22313404083252,,
43500,5.943136215209961,0.05,-13.160628318786621,,
43550,3.9006311893463135,0.05,-10.783829689025879,,
43600,5.964202880859375,0.05,-14.281094551086426,,
43650,1.9372386932373047,0.05,-11.727913856506348,,
43700,9.370414733886719,0.05,-13.810527801513672,,
43750,3.9289588928222656,0.05,-12.757431030273438,,
43800,2.539008378982544,0.05,-13.162784576416016,,
43850,5.900569438934326,0.05,-13.849028587341309,,
43900,7.752237319946289,0.05,-14.005043983459473,,
43950,5.803154468536377,0.05,-12.850255012512207,,
44000,9.90251636505127,0.05,-13.526412963867188,,
44050,4.168368816375732,0.05,-13.517165184020996,,
44100,1.721540093421936,0.05,-13.137480735778809,,
44150,14.608416557312012,0.05,-16.2034969329834,,
44200,7.348326206207275,0.05,-11.52238941192627,,
44250,17.848840713500977,0.05,-14.255143165588379,,
44300,6.473506450653076,0.05,-14.078661918640137,,
44350,8.212512016296387,0.05,-11.851890563964844,,
44400,2.734943389892578,0.05,-13.936535835266113,,
44450,8.64768123626709,0.05,-12.689295768737793,,
44500,2.1760122776031494,0.05,-11.654841423034668,,
44550,10.688200950622559,0.05,-11.592689514160156,,
44600,3.7734897136688232,0.05,-12.287811279296875,,
44650,2.402233600616455,0.05,-14.594660758972168,,
44700,5.550286769866943,0.05,-12.311902046203613,,
44750,9.061139106750488,0.05,-15.115307807922363,,
44800,9.479680061340332,0.05,-13.024386405944824,,
44850,5.354480743408203,0.05,-11.80578899383545,,
44900,5.631438732147217,0.05,-10.222967147827148,,
44950,3.9304769039154053,0.05,-12.276134490966797,,
45000,16.68552589416504,0.05,-11.602088928222656,,
45050,2.128749132156372,0.05,-10.895537376403809,,
45100,5.26751184463501,0.05,-9.678553581237793,,
45150,11.421490669250488,0.05,-11.012367248535156,,
45200,13.48929500579834,0.05,-11.96236515045166,,
45250,5.7390570640563965,0.05,-12.350314140319824,,
45300,17.519851684570312,0.05,-13.09393310546875,,
45350,4.333041667938232,0.05,-10.993423461914062,,
45400,1.8253589868545532,0.05,-12.170960426330566,,
45450,4.2526373863220215,0.05,-10.718398094177246,,
45500,7.5194878578186035,0.05,-13.064969062805176,,
45550,3.7870490550994873,0.05,-13.77970027923584,,
45600,1.7687209844589233,0.05,-11.731681823730469,,
45650,3.194803237915039,0.05,-11.301896095275879,,
45700,6.85728120803833,0.05,-11.596717834472656,,
45750,8.51431655883789,0.05,-12.601409912109375,,
45800,4.37333345413208,0.05,-10.364962577819824,,
45850,5.388654708862305,0.05,-13.742847442626953,,
45900,6.543201923370361,0.05,-11.8937406539917,,
45950,12.910090446472168,0.05,-13.099713325500488,,
46000,7.693920135498047,0.05,-12.40539264678955,,
46050,7.105621337890625,0.05,-13.342921257019043,,
46100,12.68454360961914,0.05,-12.049559593200684,,
46150,3.215501546859741,0.05,-11.735106468200684,,
46200,2.797322988510132,0.05,-13.480216026306152,,
46250,4.708675861358643,0.05,-13.02375316619873,,
46300,13.056034088134766,0.05,-12.757475852966309,,
46350,5.57663106918335,0.05,-12.501421928405762,,
46400,5.107351303100586,0.05,-12.975433349609375,,
46450,6.368736267089844,0.05,-11.689282417297363,,
46500,7.542610168457031,0.05,-12.887371063232422,,
46550,4.334826469421387,0.05,-13.129737854003906,,
46600,3.5055227279663086,0.05,-13.640717506408691,,
46650,9.686264991760254,0.05,-12.585867881774902,,
46700,15.71323013305664,0.05,-13.986549377441406,,
46750,5.722440242767334,0.05,-14.89141845703125,,
46800,2.92175555229187,0.05,-14.211884498596191,,
46850,3.3571159839630127,0.05,-13.299018859863281,,
46900,2.884442090988159,0.05,-11.112690925598145,,
46950,6.242542743682861,0.05,-13.052815437316895,,
47000,2.201835870742798,0.05,-13.79706859588623,,
47050,4.233124732971191,0.05,-14.90406322479248,,
47100,3.6387786865234375,0.05,-12.849143028259277,,
47150,16.441862106323242,0.05,-11.6886568069458,,
47200,5.246309757232666,0.05,-15.06231689453125,,
47250,15.710223197937012,0.05,-13.998825073242188,,
47300,7.8643951416015625,0.05,-9.876256942749023,,
47350,2.257800340652466,0.05,-12.340389251708984,,
47400,9.94145679473877,0.05,-15.64163875579834,,
47450,13.417729377746582,0.05,-11.957671165466309,,
47500,9.225749015808105,0.05,-13.987357139587402,,
47550,1.8150650262832642,0.05,-12.14612865447998,,
47600,6.0773468017578125,0.05,-11.632452964782715,,
47650,3.7698657512664795,0.05,-15.756186485290527,,
47700,11.706896781921387,0.05,-11.994922637939453,,
47750,5.663778781890869,0.05,-12.528416633605957,,
47800,17.556081771850586,0.05,-13.606059074401855,,
47850,5.79774808883667,0.05,-13.913673400878906,,
47900,2.95310115814209,0.05,-11.708186149597168,,
47950,2.8799057006835938,0.05,-12.712971687316895,,
48000,3.2267227172851562,0.05,-12.749313354492188,,
48050,1.7327171564102173,0.05,-14.353894233703613,,
48100,2.4454591274261475,0.05,-12.233756065368652,,
48150,13.569561004638672,0.05,-10.880782127380371,,
48200,7.223888397216797,0.05,-10.92026424407959,,
48250,11.316943168640137,0.05,-12.132259368896484,,
48300,14.646710395812988,0.05,-12.459832191467285,,
48350,7.324587345123291,0.05,-13.00844669342041,,
48400,2.7322428226470947,0.05,-11.25734806060791,,
48450,6.400418758392334,0.05,-11.046607971191406,,
48500,21.535926818847656,0.05,-13.679264068603516,,
48550,2.0353431701660156,0.05,-11.482619285583496,,
48600,9.486242294311523,0.05,-12.520679473876953,,
48650,1.7787507772445679,0.05,-13.461506843566895,,
48700,2.746307611465454,0.05,-14.481158256530762,,
48750,2.0847625732421875,0.05,-13.84053897857666,,
48800,6.669480800628662,0.05,-13.270160675048828,,
48850,3.8022241592407227,0.05,-11.731156349182129,,
48900,7.576343536376953,0.05,-11.280460357666016,,
48950,11.323246955871582,0.05,-13.091132164001465,,
49000,35.18033981323242,0.05,-12.43517780303955,,
49050,3.327522039413452,0.05,-12.388619422912598,,
49100,4.184869289398193,0.05,-11.628372192382812,,
49150,14.542645454406738,0.05,-11.328396797180176,,
49200,9.31514835357666,0.05,-11.374272346496582,,
49250,12.28659439086914,0.05,-12.330062866210938,,
49300,1.7092796564102173,0.05,-11.856163024902344,,
49350,14.473771095275879,0.05,-11.514533996582031,,
49400,4.3022685050964355,0.05,-12.836051940917969,,
49450,3.66378116607666,0.05,-10.693900108337402,,
49500,7.652873992919922,0.05,-10.869097709655762,,
49550,1.7464927434921265,0.05,-12.148367881774902,,
49600,13.130431175231934,0.05,-13.10465145111084,,
49650,13.894207954406738,0.05,-13.761034965515137,,
49700,3.6956233978271484,0.05,-13.97424030303955,,
49750,26.496429443359375,0.05,-14.639533042907715,,
49800,3.2894041538238525,0.05,-10.158251762390137,,
49850,15.302714347839355,0.05,-14.760383605957031,,
49900,9.739505767822266,0.05,-10.797253608703613,,
49950,7.11768102645874,0.05,-10.197888374328613,,
50000,4.3906731605529785,0.05,-11.666451454162598,-0.6669985415670441,43.06666666666666
50050,7.691938400268555,0.05,-13.689902305603027,,
50100,22.930395126342773,0.05,-14.11542797088623,,
50150,5.798980712890625,0.05,-11.393928527832031,,
50200,8.81815242767334,0.05,-12.52161693572998,,
50250,2.4153523445129395,0.05,-14.169514656066895,,
50300,13.05601978302002,0.05,-14.054564476013184,,
50350,4.256856441497803,0.05,-12.356125831604004,,
50400,6.263261318206787,0.05,-13.2308931350708,,
50450,12.211770057678223,0.05,-14.532127380371094,,
50500,12.142498970031738,0.05,-14.280059814453125,,
50550,6.210342884063721,0.05,-12.292073249816895,,
50600,3.291614532470703,0.05,-12.453734397888184,,
50650,7.86749792098999,0.05,-12.061565399169922,,
50700,32.3514518737793,0.05,-12.28522777557373,,
50750,10.284028053283691,0.05,-11.260505676269531,,
50800,6.696805477142334,0.05,-13.264927864074707,,
50850,6.079509258270264,0.05,-11.820155143737793,,
50900,4.229310035705566,0.05,-11.175135612487793,,
50950,3.1526079177856445,0.05,-12.385098457336426,,
51000,6.191007614135742,0.05,-13.542244911193848,,
51050,12.319263458251953,0.05,-13.727456092834473,,
51100,4.8799052238464355,0.05,-11.737500190734863,,
51150,18.85151481628418,0.05,-12.80058765411377,,
51200,6.000646591186523,0.05,-9.948931694030762,,
51250,7.217182159423828,0.05,-12.362629890441895,,
51300,7.074586868286133,0.05,-12.728789329528809,,
51350,14.6149320602417,0.05,-12.960749626159668,,
51400,2.194403648376465,0.05,-11.07501220703125,,
51450,5.1368608474731445,0.05,-12.99779987335205,,
51500,14.212074279785156,0.05,-13.269344329833984,,
51550,8.963021278381348,0.05,-13.805346488952637,,
51600,13.231971740722656,0.05,-12.08849048614502,,
51650,8.815526008605957,0.05,-11.788525581359863,,
51700,10.808395385742188,0.05,-11.964964866638184,,
51750,4.305701732635498,0.05,-11.328743934631348,,
51800,2.988842010498047,0.05,-11.700509071350098,,
51850,5.9928741455078125,0.05,-9.731095314025879,,
51900,8.170151710510254,0.05,-11.668708801269531,,
51950,1.4953056573867798,0.05,-11.697178840637207,,
52000,9.84243392944336,0.05,-12.107924461364746,,
52050,0.8571624755859375,0.05,-10.60745906829834,,
52100,12.427066802978516,0.05,-13.362675666809082,,
52150,8.809014320373535,0.05,-11.234137535095215,,
52200,10.750134468078613,0.05,-11.624009132385254,,
52250,3.079026222229004,0.05,-12.5471830368042,,
52300,4.355346202850342,0.05,-11.567610740661621,,
52350,6.280318737030029,0.05,-10.178105354309082,,
52400,10.141701698303223,0.05,-11.997044563293457,,
52450,10.812376976013184,0.05,-11.834647178649902,,
52500,5.236908435821533,0.05,-12.541816711425781,,
52550,21.18976402282715,0.05,-10.6746826171875,,
52600,6.971412658691406,0.05,-10.752873420715332,,
52650,15.228276252746582,0.05,-12.100878715515137,,
52700,9.403188705444336,0.05,-10.834527015686035,,
52750,11.39946460723877,0.05,-14.433929443359375,,
52800,5.4706950187683105,0.05,-11.301529884338379,,
52850,9.517749786376953,0.05,-10.962410926818848,,
52900,8.482653617858887,0.05,-13.292750358581543,,
52950,3.462254524230957,0.05,-11.039868354797363,,
53000,13.693012237548828,0.05,-10.31298542022705,,
53050,4.439037799835205,0.05,-10.658288955688477,,
53100,31.549667358398438,0.05,-9.913426399230957,,
53150,2.0001745223999023,0.05,-10.935626029968262,,
53200,3.1451008319854736,0.05,-11.583934783935547,,
53250,2.8671324253082275,0.05,-10.14687728881836,,
53300,8.368313789367676,0.05,-12.753554344177246,,
53350,3.2317755222320557,0.05,-11.529678344726562,,
53400,6.181919097900391,0.05,-11.326031684875488,,
53450,3.405322313308716,0.05,-11.457474708557129,,
53500,10.69865894317627,0.05,-11.646404266357422,,
53550,3.093547821044922,0.05,-10.4623441696167,,
53600,7.629937648773193,0.05,-10.600628852844238,,
53650,16.5898380279541,0.05,-12.162955284118652,,
53700,10.828537940979004,0.05,-9.96313762664795,,
53750,2.7823126316070557,0.05,-10.853034019470215,,
53800,4.084784030914307,0.05,-10.528365135192871,,
53850,5.940156936645508,0.05,-10.329456329345703,,
53900,5.216237545013428,0.05,-11.069697380065918,,
53950,9.630719184875488,0.05,-10.39083194732666,,
54000,4.508963108062744,0.05,-12.281155586242676,,
54050,18.296815872192383,0.05,-10.504304885864258,,
54100,12.327445030212402,0.05,-9.740076065063477,,
54150,12.967379570007324,0.05,-12.196266174316406,,
54200,2.374821901321411,0.05,-10.82358455657959,,
54250,11.689903259277344,0.05,-10.718480110168457,,
54300,13.881991386413574,0.05,-10.759411811828613,,
54350,4.917566776275635,0.05,-10.894713401794434,,
54400,5.447502136230469,0.05,-10.723029136657715,,
54450,2.00917649269104,0.05,-9.4385404586792,,
54500,6.688915729522705,0.05,-11.49820327758789,,
54550,10.776396751403809,0.05,-12.192020416259766,,
54600,17.016942977905273,0.05,-10.231953620910645,,
54650,3.0886805057525635,0.05,-11.19595718383789,,
54700,3.653712511062622,0.05,-11.174816131591797,,
54750,10.55158805847168,0.05,-10.643904685974121,,
54800,9.4574556350708,0.05,-11.879000663757324,,
54850,6.0267333984375,0.05,-11.85496997833252,,
54900,2.4612579345703125,0.05,-10.0853271484375,,
54950,4.650522232055664,0.05,-11.625449180603027,,
55000,16.797607421875,0.05,-9.661141395568848,,
55050,5.9214396476745605,0.05,-10.416095733642578,,
55100,13.596382141113281,0.05,-11.183238983154297,,
55150,3.720505475997925,0.05,-10.745460510253906,,
55200,20.932275772094727,0.05,-12.027118682861328,,
55250,5.942342758178711,0.05,-11.974228858947754,,
55300,2.5024218559265137,0.05,-11.296985626220703,,
55350,9.956470489501953,0.05,-12.508801460266113,,
55400,11.630986213684082,0.05,-10.100811958312988,,
55450,2.671773910522461,0.05,-9.760977745056152,,
55500,4.453088760375977,0.05,-11.54862117767334,,
55550,7.719512462615967,0.05,-10.11030387878418,,
55600,11.790875434875488,0.05,-13.29321575164795,,
55650,7.250246524810791,0.05,-11.526175498962402,,
55700,11.863807678222656,0.05,-12.42837905883789,,
55750,7.634489059448242,0.05,-14.163203239440918,,
55800,2.343641996383667,0.05,-9.992587089538574,,
55850,2.364816904067993,0.05,-10.55211353302002,,
55900,4.156566619873047,0.05,-10.960846900939941,,
55950,4.164408206939697,0.05,-11.646766662597656,,
56000,6.735658168792725,0.05,-10.245362281799316,,
56050,9.615931510925293,0.05,-11.894457817077637,,
56100,11.852112770080566,0.05,-11.746879577636719,,
56150,13.993805885314941,0.05,-13.25947093963623,,
56200,3.891155958175659,0.05,-10.839276313781738,,
56250,12.719657897949219,0.05,-11.325528144836426,,
56300,3.5097458362579346,0.05,-10.69323444366455,,
56350,7.88453483581543,0.05,-12.187207221984863,,
56400,1.5581828355789185,0.05,-10.72164249420166,,
56450,7.632164001464844,0.05,-11.510682106018066,,
56500,5.261444091796875,0.05,-10.979857444763184,,
56550,20.060331344604492,0.05,-11.373250007629395,,
56600,7.182279109954834,0.05,-10.212864875793457,,
56650,1.9349266290664673,0.05,-9.936734199523926,,
56700,3.730940103530884,0.05,-11.629158973693848,,
56750,10.781909942626953,0.05,-9.703131675720215,,
56800,10.325028419494629,0.05,-12.721039772033691,,
56850,2.738872766494751,0.05,-11.071105003356934,,
56900,18.01995277404785,0.05,-10.9070463180542,,
56950,5.2596659660339355,0.05,-11.363877296447754,,
57000,1.534382700920105,0.05,-11.606844902038574,,
57050,20.741579055786133,0.05,-10.580318450927734,,
57100,4.655455112457275,0.05,-10.650432586669922,,
57150,4.572068691253662,0.05,-10.801722526550293,,
57200,15.0330810546875,0.05,-12.362439155578613,,
57250,3.3863184452056885,0.05,-12.599018096923828,,
57300,7.730305194854736,0.05,-11.831756591796875,,
57350,13.921822547912598,0.05,-11.244812965393066,,
57400,9.695477485656738,0.05,-13.643284797668457,,
57450,6.889354705810547,0.05,-11.702960014343262,,
57500,14.383360862731934,0.05,-12.48001766204834,,
57550,13.34695816040039,0.05,-11.213031768798828,,
57600,4.567466735839844,0.05,-9.819056510925293,,
57650,1.6627432107925415,0.05,-10.686535835266113,,
57700,3.6316640377044678,0.05,-11.29802417755127,,
57750,2.2509829998016357,0.05,-11.381641387939453,,
57800,9.949475288391113,0.05,-12.080398559570312,,
57850,3.4872243404388428,0.05,-13.017024040222168,,
57900,13.285141944885254,0.05,-14.214158058166504,,
57950,7.891685485839844,0.05,-10.965287208557129,,
58000,9.737533569335938,0.05,-13.940628051757812,,
58050,11.296714782714844,0.05,-11.81655502319336,,
58100,11.642372131347656,0.05,-11.59139633178711,,
58150,5.966455459594727,0.05,-10.44138240814209,,
58200,10.567587852478027,0.05,-12.912419319152832,,
58250,20.194185256958008,0.05,-11.813700675964355,,
58300,6.17365026473999,0.05,-10.71871280670166,,
58350,12.720832824707031,0.05,-13.3221435546875,,
58400,3.6526939868927,0.05,-11.527369499206543,,
58450,5.289690017700195,0.05,-11.8439359664917,,
58500,2.469588279724121,0.05,-10.794991493225098,,
58550,8.097803115844727,0.05,-11.071281433105469,,
58600,5.704679012298584,0.05,-12.5660982131958,,
58650,12.619380950927734,0.05,-13.171954154968262,,
58700,14.647457122802734,0.05,-10.370268821716309,,
58750,6.5292744636535645,0.05,-11.73207950592041,,
58800,3.5044071674346924,0.05,-12.43364429473877,,
58850,21.62311363220215,0.05,-13.216858863830566,,
58900,4.080960750579834,0.05,-11.769344329833984,,
58950,7.555440902709961,0.05,-11.517433166503906,,
59000,6.483704090118408,0.05,-11.835205078125,,
59050,22.66868019104004,0.05,-12.74294662475586,,
59100,11.217488288879395,0.05,-11.17132568359375,,
59150,7.852832794189453,0.05,-10.362648963928223,,
59200,2.7235424518585205,0.05,-10.926270484924316,,
59250,4.131540775299072,0.05,-10.644396781921387,,
59300,22.759674072265625,0.05,-11.829995155334473,,
59350,14.120091438293457,0.05,-10.675033569335938,,
59400,2.1600453853607178,0.05,-10.536962509155273,,
59450,11.297852516174316,0.05,-9.28454303741455,,
59500,2.5941615104675293,0.05,-11.318629264831543,,
59550,3.052436113357544,0.05,-13.030194282531738,,
59600,18.74106788635254,0.05,-12.51039981842041,,
59650,8.587725639343262,0.05,-10.81445026397705,,
59700,7.5471510887146,0.05,-11.768776893615723,,
59750,3.54654598236084,0.05,-10.232892990112305,,
59800,2.6985394954681396,0.05,-11.305140495300293,,
59850,13.20710277557373,0.05,-12.251876831054688,,
59900,16.88801383972168,0.05,-12.854137420654297,,
59950,3.268174409866333,0.05,-10.402116775512695,,
60000,7.472251892089844,0.05,-10.647615432739258,,
60050,4.157224178314209,0.05,-10.305292129516602,,
60100,6.976921081542969,0.05,-12.22939395904541,,
60150,19.896085739135742,0.05,-13.300158500671387,,
60200,3.378396987915039,0.05,-11.325432777404785,,
60250,4.112668514251709,0.05,-11.225564002990723,,
60300,10.785587310791016,0.05,-11.427838325500488,,
60350,2.6735622882843018,0.05,-11.23128604888916,,
60400,5.805036544799805,0.05,-11.17426586151123,,
60450,7.4402594566345215,0.05,-9.810027122497559,,
60500,2.7499923706054688,0.05,-11.809657096862793,,
60550,13.317131996154785,0.05,-10.987076759338379,,
60600,2.06156325340271,0.05,-10.748251914978027,,
60650,6.911441326141357,0.05,-12.602798461914062,,
60700,7.492738723754883,0.05,-10.02833080291748,,
60750,9.041537284851074,0.05,-11.940560340881348,,
60800,15.679634094238281,0.05,-10.817181587219238,,
60850,5.551602840423584,0.05,-12.769618034362793,,
60900,1.780440330505371,0.05,-10.209607124328613,,
60950,20.739688873291016,0.05,-10.276603698730469,,
61000,6.8792500495910645,0.05,-10.4102144241333,,
61050,11.563109397888184,0.05,-11.303791999816895,,
61100,7.63228178024292,0.05,-10.15670394897461,,
61150,9.907739639282227,0.05,-13.03211498260498,,
61200,6.923644542694092,0.05,-11.21500301361084,,
61250,9.649914741516113,0.05,-9.723031044006348,,
61300,29.760099411010742,0.05,-10.951422691345215,,
61350,4.093943119049072,0.05,-11.048260688781738,,
61400,2.8572962284088135,0.05,-10.595431327819824,,
61450,9.036346435546875,0.05,-9.330862998962402,,
61500,8.695748329162598,0.05,-11.84402084350586,,
61550,2.282320499420166,0.05,-9.222342491149902,,
61600,7.484091281890869,0.05,-10.675796508789062,,
61650,7.095215320587158,0.05,-10.31886100769043,,
61700,2.732712745666504,0.05,-9.894942283630371,,
61750,5.364583969116211,0.05,-9.974472999572754,,
61800,2.0395638942718506,0.05,-9.403745651245117,,
61850,6.036237716674805,0.05,-10.65982723236084,,
61900,15.933903694152832,0.05,-11.272730827331543,,
61950,11.527544975280762,0.05,-12.964140892028809,,
62000,11.68881607055664,0.05,-10.963371276855469,,
62050,4.552012920379639,0.05,-9.395345687866211,,
62100,6.2440667152404785,0.05,-10.677772521972656,,
62150,5.390352249145508,0.05,-10.705589294433594,,
62200,2.5899617671966553,0.05,-10.5048246383667,,
62250,9.284873008728027,0.05,-10.467046737670898,,
62300,4.024609088897705,0.05,-10.895549774169922,,
62350,2.5405471324920654,0.05,-10.255130767822266,,
62400,4.611881732940674,0.05,-10.16643238067627,,
62450,5.100155353546143,0.05,-10.2359619140625,,
62500,5.467866897583008,0.05,-10.195735931396484,,
62550,6.284107208251953,0.05,-10.4515962600708,,
62600,5.949241638183594,0.05,-10.379639625549316,,
62650,11.853523254394531,0.05,-10.631274223327637,,
62700,21.806550979614258,0.05,-12.15111255645752,,
62750,13.172091484069824,0.05,-10.66503620147705,,
62800,7.883093357086182,0.05,-10.136149406433105,,
62850,1.9290355443954468,0.05,-9.688840866088867,,
62900,13.138396263122559,0.05,-11.793655395507812,,
62950,6.398884296417236,0.05,-9.12036418914795,,
63000,2.9251949787139893,0.05,-11.112183570861816,,
63050,7.281818389892578,0.05,-10.290637969970703,,
63100,4.533687591552734,0.05,-10.16578483581543,,
63150,4.20081090927124,0.05,-10.88753890991211,,
63200,6.205177307128906,0.05,-9.148137092590332,,
63250,5.8220343589782715,0.05,-10.300936698913574,,
63300,17.628799438476562,0.05,-11.731766700744629,,
63350,12.404816627502441,0.05,-10.479912757873535,,
63400,3.698927640914917,0.05,-11.272448539733887,,
63450,6.331348419189453,0.05,-9.98151969909668,,
63500,14.472271919250488,0.05,-10.742561340332031,,
63550,2.1604197025299072,0.05,-8.852521896362305,,
63600,8.462241172790527,0.05,-10.301283836364746,,
63650,11.518567085266113,0.05,-10.745128631591797,,
63700,9.882341384887695,0.05,-10.499781608581543,,
63750,5.318896770477295,0.05,-9.920083045959473,,
63800,2.490272283554077,0.05,-10.96873950958252,,
63850,7.004476070404053,0.05,-10.070216178894043,,
63900,6.104362964630127,0.05,-10.936100006103516,,
63950,4.172104358673096,0.05,-10.671546936035156,,
64000,2.4083871841430664,0.05,-9.282374382019043,,
64050,4.594507217407227,0.05,-10.06008243560791,,
64100,7.875120162963867,0.05,-11.441866874694824,,
64150,1.70502769947052,0.05,-8.937468528747559,,
64200,7.493876934051514,0.05,-10.164661407470703,,
64250,8.703399658203125,0.05,-8.352965354919434,,
64300,2.474146842956543,0.05,-10.05358600616455,,
64350,8.2571439743042,0.05,-9.467252731323242,,
64400,1.6138983964920044,0.05,-10.842497825622559,,
64450,2.675276041030884,0.05,-11.670687675476074,,
64500,3.0412747859954834,0.05,-11.446337699890137,,
64550,16.515758514404297,0.05,-10.810158729553223,,
64600,3.399757146835327,0.05,-10.141308784484863,,
64650,6.564197063446045,0.05,-11.02490234375,,
64700,3.290691375732422,0.05,-11.656028747558594,,
64750,1.6483560800552368,0.05,-11.732935905456543,,
64800,6.05293083190918,0.05,-10.52074909210205,,
64850,14.105796813964844,0.05,-12.058333396911621,,
64900,4.062289714813232,0.05,-12.586213111877441,,
64950,25.31554412841797,0.05,-10.613781929016113,,
65000,10.723125457763672,0.05,-12.42205810546875,,
65050,14.405585289001465,0.05,-11.403546333312988,,
65100,11.273344993591309,0.05,-11.005813598632812,,
65150,8.823972702026367,0.05,-11.308666229248047,,
65200,7.499022960662842,0.05,-9.867124557495117,,
65250,17.895204544067383,0.05,-10.834843635559082,,
65300,23.176048278808594,0.05,-12.020869255065918,,
65350,1.897510051727295,0.05,-10.909289360046387,,
65400,4.8166327476501465,0.05,-10.6807222366333,,
65450,5.984888553619385,0.05,-11.573223114013672,,
65500,7.091589450836182,0.05,-12.031669616699219,,
65550,8.588492393493652,0.05,-12.759875297546387,,
65600,4.466362476348877,0.05,-10.037968635559082,,
65650,7.28480863571167,0.05,-11.840691566467285,,
65700,35.51173782348633,0.05,-12.093729972839355,,
65750,12.31890869140625,0.05,-10.589269638061523,,
65800,9.28950023651123,0.05,-10.496983528137207,,
65850,6.010341644287109,0.05,-11.1102294921875,,
65900,2.429135322570801,0.05,-9.786527633666992,,
65950,1.9973636865615845,0.05,-11.77262020111084,,
66000,4.841647624969482,0.05,-11.260071754455566,,
66050,2.8761653900146484,0.05,-11.947975158691406,,
66100,1.1382813453674316,0.05,-11.821636199951172,,
66150,10.821922302246094,0.05,-12.021979331970215,,
66200,11.595002174377441,0.05,-10.863353729248047,,
66250,6.397050857543945,0.05,-10.96685791015625,,
66300,8.63320255279541,0.05,-10.394966125488281,,
66350,11.66820240020752,0.05,-10.536751747131348,,
66400,3.9445745944976807,0.05,-11.074234008789062,,
66450,5.1480536460876465,0.05,-9.795475959777832,,
66500,17.527856826782227,0.05,-10.785815238952637,,
66550,8.341090202331543,0.05,-10.285065650939941,,
66600,5.262667179107666,0.05,-10.006424903869629,,
66650,12.599438667297363,0.05,-11.54832935333252,,
66700,6.4450860023498535,0.05,-12.065667152404785,,
66750,5.3595871925354,0.05,-9.437880516052246,,
66800,4.710759162902832,0.05,-11.884140968322754,,
66850,5.5539326667785645,0.05,-12.165199279785156,,
66900,5.148542404174805,0.05,-12.01089859008789,,
66950,7.187629699707031,0.05,-10.319380760192871,,
67000,5.206350803375244,0.05,-10.406184196472168,,
67050,23.62209129333496,0.05,-11.862312316894531,,
67100,5.920568466186523,0.05,-10.38316822052002,,
67150,11.339897155761719,0.05,-10.423270225524902,,
67200,1.74899160861969,0.05,-10.819091796875,,
67250,4.6111602783203125,0.05,-10.2086763381958,,
67300,7.949127197265625,0.05,-12.64605712890625,,
67350,9.725970268249512,0.05,-9.838306427001953,,
67400,2.6416847705841064,0.05,-11.76435375213623,,
67450,14.2631254196167,0.05,-11.560577392578125,,
67500,7.650150775909424,0.05,-10.384058952331543,,
67550,10.506325721740723,0.05,-11.144255638122559,,
67600,1.3459144830703735,0.05,-10.105781555175781,,
67650,1.4197098016738892,0.05,-9.856553077697754,,
67700,3.0169544219970703,0.05,-10.644957542419434,,
67750,3.3956921100616455,0.05,-10.3173246383667,,
67800,0.37967371940612793,0.05,-10.344544410705566,,
67850,6.354518413543701,0.05,-11.593883514404297,,
67900,13.502701759338379,0.05,-10.396245002746582,,
67950,4.382251262664795,0.05,-10.500321388244629,,
68000,22.02248191833496,0.05,-12.81788158416748,,
68050,4.518341541290283,0.05,-10.901329040527344,,
68100,2.8465518951416016,0.05,-11.343330383300781,,
68150,6.398151874542236,0.05,-10.838081359863281,,
68200,11.75123119354248,0.05,-11.972537994384766,,
68250,20.260324478149414,0.05,-12.43220043182373,,
68300,4.291696071624756,0.05,-9.886858940124512,,
68350,8.322681427001953,0.05,-10.454541206359863,,
68400,3.66559100151062,0.05,-11.490436553955078,,
68450,9.081486701965332,0.05,-11.564643859863281,,
68500,12.708344459533691,0.05,-10.430106163024902,,
68550,4.090956211090088,0.05,-10.505362510681152,,
68600,3.0122973918914795,0.05,-11.361038208007812,,
68650,4.168760776519775,0.05,-10.594830513000488,,
68700,12.678497314453125,0.05,-10.450054168701172,,
68750,10.300936698913574,0.05,-11.728530883789062,,
68800,12.79183292388916,0.05,-11.447556495666504,,
68850,1.5079795122146606,0.05,-10.917354583740234,,
68900,4.4235382080078125,0.05,-9.958218574523926,,
68950,2.384165048599243,0.05,-12.476590156555176,,
69000,2.43813157081604,0.05,-9.631294250488281,,
69050,7.1577839851379395,0.05,-11.559943199157715,,
69100,13.278159141540527,0.05,-9.780309677124023,,
69150,8.3336181640625,0.05,-11.693198204040527,,
69200,4.514059543609619,0.05,-10.38034725189209,,
69250,5.645055770874023,0.05,-11.194916725158691,,
69300,5.231715202331543,0.05,-12.123372077941895,,
69350,1.4664076566696167,0.05,-9.659632682800293,,
69400,1.8710607290267944,0.05,-8.888483047485352,,
69450,0.5968573689460754,0.05,-9.356389999389648,,
69500,2.9406051635742188,0.05,-10.840641021728516,,
69550,8.585118293762207,0.05,-11.389456748962402,,
69600,8.072030067443848,0.05,-9.50661563873291,,
69650,1.2408186197280884,0.05,-10.872786521911621,,
69700,7.305797100067139,0.05,-12.539283752441406,,
69750,3.062784433364868,0.05,-9.747292518615723,,
69800,3.7194135189056396,0.05,-9.990031242370605,,
69850,9.892007827758789,0.05,-11.716462135314941,,
69900,15.001381874084473,0.05,-12.02199649810791,,
69950,11.672550201416016,0.05,-10.407824516296387,,
70000,1.8728103637695312,0.05,-9.979961395263672,,
70050,12.552459716796875,0.05,-10.594822883605957,,
70100,5.891828536987305,0.05,-9.790210723876953,,
70150,6.638219833374023,0.05,-11.592904090881348,,
70200,9.708313941955566,0.05,-11.688620567321777,,
70250,6.885196208953857,0.05,-10.952656745910645,,
70300,9.703145980834961,0.05,-10.27196979522705,,
70350,4.02993106842041,0.05,-13.355087280273438,,
70400,3.442584276199341,0.05,-12.103283882141113,,
70450,1.6380618810653687,0.05,-10.259949684143066,,
70500,14.028080940246582,0.05,-11.265033721923828,,
70550,8.237979888916016,0.05,-10.78253173828125,,
70600,7.8385443687438965,0.05,-10.791099548339844,,
70650,12.922459602355957,0.05,-11.764732360839844,,
70700,10.830982208251953,0.05,-10.881468772888184,,
70750,6.563018798828125,0.05,-12.522041320800781,,
70800,5.012206554412842,0.05,-12.581131935119629,,
70850,7.088827610015869,0.05,-11.327893257141113,,
70900,3.4900362491607666,0.05,-10.255146026611328,,
70950,9.866584777832031,0.05,-12.041202545166016,,
71000,3.5099618434906006,0.05,-10.593017578125,,
71050,2.8252103328704834,0.05,-11.862284660339355,,
71100,1.684301733970642,0.05,-10.295884132385254,,
71150,11.173385620117188,0.05,-10.714383125305176,,
71200,4.4357452392578125,0.05,-11.295697212219238,,
71250,10.313770294189453,0.05,-11.439696311950684,,
71300,9.431452751159668,0.05,-10.225258827209473,,
71350,11.639986991882324,0.05,-10.844051361083984,,
71400,12.93321704864502,0.05,-11.277094841003418,,
71450,8.670358657836914,0.05,-10.349204063415527,,
71500,3.430509328842163,0.05,-11.608036994934082,,
71550,7.034434795379639,0.05,-10.737060546875,,
71600,1.8321696519851685,0.05,-10.028826713562012,,
71650,2.336142063140869,0.05,-10.357086181640625,,
71700,4.7509541511535645,0.05,-10.053948402404785,,
71750,1.8793872594833374,0.05,-12.132176399230957,,
71800,5.322215557098389,0.05,-10.713016510009766,,
71850,8.703557014465332,0.05,-9.652860641479492,,
71900,5.3894171714782715,0.05,-11.707734107971191,,
71950,4.8118133544921875,0.05,-11.940048217773438,,
72000,9.223353385925293,0.05,-10.672223091125488,,
72050,8.136456489562988,0.05,-12.4188232421875,,
72100,2.6763947010040283,0.05,-10.569584846496582,,
72150,4.688681125640869,0.05,-9.265466690063477,,
72200,3.378601312637329,0.05,-11.038763999938965,,
72250,6.145977020263672,0.05,-10.65917682647705,,
72300,10.477349281311035,0.05,-10.902743339538574,,
72350,2.6799848079681396,0.05,-9.082795143127441,,
72400,13.713725090026855,0.05,-12.643409729003906,,
72450,4.593206882476807,0.05,-10.862541198730469,,
72500,3.44921875,0.05,-9.29787540435791,,
72550,1.3986068964004517,0.05,-11.756415367126465,,
72600,0.7422111630439758,0.05,-10.297805786132812,,
72650,7.980584621429443,0.05,-10.736306190490723,,
72700,13.166653633117676,0.05,-10.505023002624512,,
72750,10.207276344299316,0.05,-12.134507179260254,,
72800,10.512709617614746,0.05,-9.916253089904785,,
72850,5.760374546051025,0.05,-10.623237609863281,,
72900,2.269127368927002,0.05,-10.656280517578125,,
72950,11.478546142578125,0.05,-11.288097381591797,,
73000,5.249614715576172,0.05,-9.959403038024902,,
73050,4.179397106170654,0.05,-10.998944282531738,,
73100,1.8965392112731934,0.05,-11.077485084533691,,
73150,18.891340255737305,0.05,-9.414780616760254,,
73200,2.9961042404174805,0.05,-10.086058616638184,,
73250,4.108077526092529,0.05,-12.01196002960205,,
73300,3.082005739212036,0.05,-9.509074211120605,,
73350,4.912776470184326,0.05,-12.78847885131836,,
73400,11.757057189941406,0.05,-11.07052993774414,,
73450,5.679357528686523,0.05,-10.243720054626465,,
73500,9.786738395690918,0.05,-11.346336364746094,,
73550,3.3412668704986572,0.05,-11.05629825592041,,
73600,9.057147026062012,0.05,-12.8850679397583,,
73650,13.81863784790039,0.05,-11.76712703704834,,
73700,9.00561237335205,0.05,-11.329482078552246,,
73750,7.782199382781982,0.05,-10.062901496887207,,
73800,2.2852354049682617,0.05,-11.746491432189941,,
73850,4.220750331878662,0.05,-10.817597389221191,,
73900,9.333367347717285,0.05,-12.05965805053711,,
73950,5.421328067779541,0.05,-11.012707710266113,,
74000,11.613494873046875,0.05,-11.20571517944336,,
74050,9.632729530334473,0.05,-10.304651260375977,,
74100,0.1988484412431717,0.05,-10.356480598449707,,
74150,3.866950273513794,0.05,-11.742347717285156,,
74200,2.779327392578125,0.05,-10.698073387145996,,
74250,2.8347814083099365,0.05,-10.93539047241211,,
74300,4.6014604568481445,0.05,-10.79970645904541,,
74350,2.7341983318328857,0.05,-11.1741361618042,,
74400,6.823578357696533,0.05,-12.787025451660156,,
74450,5.093087196350098,0.05,-12.0321683883667,,
74500,7.508391857147217,0.05,-10.194945335388184,,
74550,6.516860485076904,0.05,-10.11227798461914,,
74600,4.918517589569092,0.05,-10.912083625793457,,
74650,4.50785493850708,0.05,-10.608160972595215,,
74700,0.8442704081535339,0.05,-12.169265747070312,,
74750,7.062069416046143,0.05,-11.271891593933105,,
74800,0.32164305448532104,0.05,-10.579865455627441,,
74850,4.072458744049072,0.05,-11.092975616455078,,
74900,12.831337928771973,0.05,-9.667325973510742,,
74950,5.905723571777344,0.05,-11.266253471374512,,
75000,10.28609561920166,0.05,-11.194258689880371,-1.343286313943629,56.133333333333326
75050,11.080456733703613,0.05,-11.468461036682129,,
75100,2.0918450355529785,0.05,-10.198277473449707,,
75150,3.907733201980591,0.05,-10.55916690826416,,
75200,7.106948375701904,0.05,-11.180946350097656,,
75250,6.81276273727417,0.05,-10.997897148132324,,
75300,5.951324939727783,0.05,-10.31682300567627,,
75350,11.466255187988281,0.05,-11.019062995910645,,
75400,11.42574405670166,0.05,-11.04516315460205,,
75450,3.8334102630615234,0.05,-11.684235572814941,,
75500,3.1947948932647705,0.05,-10.231843948364258,,
75550,1.3543987274169922,0.05,-9.52780532836914,,
75600,3.4547526836395264,0.05,-10.807430267333984,,
75650,5.833044528961182,0.05,-10.726276397705078,,
75700,7.789803981781006,0.05,-11.01830768585205,,
75750,8.683629035949707,0.05,-10.65215015411377,,
75800,4.1183881759643555,0.05,-10.45218276977539,,
75850,0.9032315611839294,0.05,-10.110880851745605,,
75900,9.262796401977539,0.05,-10.926036834716797,,
75950,18.477739334106445,0.05,-12.065467834472656,,
76000,11.199402809143066,0.05,-12.102394104003906,,
76050,1.9464246034622192,0.05,-10.746109962463379,,
76100,8.731913566589355,0.05,-10.694805145263672,,
76150,2.4032962322235107,0.05,-11.9814453125,,
76200,11.464828491210938,0.05,-12.088775634765625,,
76250,4.076802730560303,0.05,-10.894917488098145,,
76300,3.0621793270111084,0.05,-10.38622760772705,,
76350,1.2385684251785278,0.05,-10.156791687011719,,
76400,3.141545534133911,0.05,-10.888962745666504,,
76450,2.1299026012420654,0.05,-9.908456802368164,,
76500,7.621725559234619,0.05,-10.852489471435547,,
76550,1.5262452363967896,0.05,-10.40780258178711,,
76600,7.2909321784973145,0.05,-11.638567924499512,,
76650,1.366506576538086,0.05,-11.204766273498535,,
76700,10.887452125549316,0.05,-10.087217330932617,,
76750,2.4385435581207275,0.05,-9.936117172241211,,
76800,16.30617332458496,0.05,-10.011137962341309,,
76850,0.27241939306259155,0.05,-9.65264892578125,,
76900,1.7671867609024048,0.05,-10.32805061340332,,
76950,4.777162075042725,0.05,-11.95559310913086,,
77000,9.999382019042969,0.05,-11.352517127990723,,
77050,2.3224551677703857,0.05,-11.160748481750488,,
77100,1.987679362297058,0.05,-10.679427146911621,,
77150,9.880559921264648,0.05,-10.725123405456543,,
77200,3.0619773864746094,0.05,-11.065171241760254,,
77250,0.9455863833427429,0.05,-11.354522705078125,,
77300,6.053196430206299,0.05,-10.158634185791016,,
77350,4.069149494171143,0.05,-10.5823974609375,,
77400,4.23745584487915,0.05,-11.405653953552246,,
77450,9.219985961914062,0.05,-13.018717765808105,,
77500,3.8588037490844727,0.05,-10.333115577697754,,
77550,3.503079414367676,0.05,-10.194454193115234,,
77600,6.817179203033447,0.05,-10.304009437561035,,
77650,4.5683417320251465,0.05,-10.363011360168457,,
77700,5.987817764282227,0.05,-10.81859302520752,,
77750,15.047728538513184,0.05,-10.863070487976074,,
77800,4.856694221496582,0.05,-10.061274528503418,,
77850,7.953681945800781,0.05,-10.790115356445312,,
77900,6.781440734863281,0.05,-10.63173770904541,,
77950,2.755354642868042,0.05,-10.416333198547363,,
78000,11.603675842285156,0.05,-10.966349601745605,,
78050,3.465609312057495,0.05,-11.455025672912598,,
78100,4.055819988250732,0.05,-10.810919761657715,,
78150,6.410953521728516,0.05,-12.454193115234375,,
78200,14.666640281677246,0.05,-11.734339714050293,,
78250,4.625101566314697,0.05,-10.96520709991455,,
78300,1.5620206594467163,0.05,-11.240673065185547,,
78350,6.253515243530273,0.05,-11.577629089355469,,
78400,12.176772117614746,0.05,-11.057158470153809,,
78450,14.447245597839355,0.05,-11.6348295211792,,
78500,0.9177247881889343,0.05,-11.080524444580078,,
78550,2.6018593311309814,0.05,-9.599400520324707,,
78600,7.32166051864624,0.05,-10.452136993408203,,
78650,16.08785629272461,0.05,-10.772258758544922,,
78700,1.6445403099060059,0.05,-11.295722007751465,,
78750,5.718879699707031,0.05,-10.293914794921875,,
78800,4.089212894439697,0.05,-10.935099601745605,,
78850,4.090256214141846,0.05,-10.510846138000488,,
78900,5.253838062286377,0.05,-11.05938720703125,,
78950,14.908204078674316,0.05,-10.43713665008545,,
79000,9.937727928161621,0.05,-10.21424674987793,,
79050,13.593658447265625,0.05,-10.766242980957031,,
79100,3.373723268508911,0.05,-12.574728965759277,,
79150,10.889615058898926,0.05,-11.350334167480469,,
79200,4.522755146026611,0.05,-11.21343994140625,,
79250,8.442597389221191,0.05,-11.567765235900879,,
79300,4.022771835327148,0.05,-9.837509155273438,,
79350,9.985172271728516,0.05,-10.230658531188965,,
79400,3.98073410987854,0.05,-11.496285438537598,,
79450,8.270398139953613,0.05,-11.543370246887207,,
79500,1.7028940916061401,0.05,-9.807595252990723,,
79550,9.359095573425293,0.05,-10.295954704284668,,
79600,14.64453411102295,0.05,-10.857654571533203,,
79650,2.1100690364837646,0.05,-10.039098739624023,,
79700,4.241100311279297,0.05,-9.691317558288574,,
79750,2.944378614425659,0.05,-10.801094055175781,,
79800,11.843231201171875,0.05,-11.304022789001465,,
79850,7.996196746826172,0.05,-11.835589408874512,,
79900,2.7921245098114014,0.05,-10.844855308532715,,
79950,6.564311504364014,0.05,-11.145641326904297,,
80000,3.4078633785247803,0.05,-10.094935417175293,,
80050,8.543137550354004,0.05,-10.229676246643066,,
80100,5.781442642211914,0.05,-11.741023063659668,,
80150,1.014993667602539,0.05,-11.404708862304688,,
80200,0.5757380127906799,0.05,-11.976753234863281,,
80250,12.827513694763184,0.05,-10.299680709838867,,
80300,4.987048625946045,0.05,-13.671319007873535,,
80350,12.344143867492676,0.05,-12.098767280578613,,
80400,3.3304646015167236,0.05,-13.25032901763916,,
80450,3.9297573566436768,0.05,-11.086625099182129,,
80500,6.3508620262146,0.05,-12.204391479492188,,
80550,29.631851196289062,0.05,-12.173919677734375,,
80600,1.5651942491531372,0.05,-9.992072105407715,,
80650,10.571751594543457,0.05,-11.020462036132812,,
80700,7.442285060882568,0.05,-12.441781044006348,,
80750,7.766185760498047,0.05,-11.419106483459473,,
80800,2.4856162071228027,0.05,-12.20699691772461,,
80850,3.9018964767456055,0.05,-10.403512001037598,,
80900,4.32534122467041,0.05,-11.687793731689453,,
80950,7.4950032234191895,0.05,-11.938578605651855,,
81000,7.648412704467773,0.05,-12.189899444580078,,
81050,4.481679916381836,0.05,-10.790884971618652,,
81100,3.7037770748138428,0.05,-11.721545219421387,,
81150,4.401134490966797,0.05,-10.821029663085938,,
81200,5.756301403045654,0.05,-11.983956336975098,,
81250,13.67033863067627,0.05,-13.092011451721191,,
81300,17.306838989257812,0.05,-12.300960540771484,,
81350,16.681909561157227,0.05,-11.80807876586914,,
81400,5.449073314666748,0.05,-11.630316734313965,,
81450,16.27109146118164,0.05,-11.74149227142334,,
81500,8.026143074035645,0.05,-9.74638557434082,,
81550,3.083953857421875,0.05,-12.215065002441406,,
81600,4.0845723152160645,0.05,-11.339289665222168,,
81650,1.1310681104660034,0.05,-12.012232780456543,,
81700,2.8776514530181885,0.05,-12.028831481933594,,
81750,7.055772304534912,0.05,-10.37817096710205,,
81800,13.366681098937988,0.05,-12.900725364685059,,
81850,4.351613521575928,0.05,-12.966507911682129,,
81900,6.3079681396484375,0.05,-11.28372859954834,,
81950,0.5906990766525269,0.05,-11.023616790771484,,
82000,9.981827735900879,0.05,-11.3330078125,,
82050,23.495683670043945,0.05,-13.363389015197754,,
82100,5.707311153411865,0.05,-12.049873352050781,,
82150,4.627647399902344,0.05,-11.239235877990723,,
82200,15.004315376281738,0.05,-10.795334815979004,,
82250,4.331110000610352,0.05,-11.659343719482422,,
82300,2.57793927192688,0.05,-9.846341133117676,,
82350,11.246318817138672,0.05,-11.108222961425781,,
82400,10.233487129211426,0.05,-9.805142402648926,,
82450,23.34857177734375,0.05,-12.8240327835083,,
82500,2.257219076156616,0.05,-11.68334674835205,,
82550,1.756240725517273,0.05,-11.138473510742188,,
82600,1.5615625381469727,0.05,-12.032013893127441,,
82650,3.806781768798828,0.05,-10.352730751037598,,
82700,13.154986381530762,0.05,-11.472911834716797,,
82750,29.04486846923828,0.05,-12.177655220031738,,
82800,13.25162410736084,0.05,-12.196032524108887,,
82850,9.128718376159668,0.05,-11.953822135925293,,
82900,6.394033908843994,0.05,-10.902777671813965,,
82950,7.213224411010742,0.05,-11.712379455566406,,
83000,4.296523094177246,0.05,-9.205798149108887,,
83050,8.079792022705078,0.05,-11.7847261428833,,
83100,6.197885513305664,0.05,-11.21468734741211,,
83150,9.417841911315918,0.05,-10.055298805236816,,
83200,0.9525966644287109,0.05,-11.272303581237793,,
83250,2.9339170455932617,0.05,-11.302533149719238,,
83300,10.34938907623291,0.05,-10.627009391784668,,
83350,8.053009033203125,0.05,-11.753199577331543,,
83400,8.03072452545166,0.05,-11.503180503845215,,
83450,5.116275310516357,0.05,-11.994217872619629,,
83500,11.634495735168457,0.05,-10.751139640808105,,
83550,4.883383274078369,0.05,-11.793805122375488,,
83600,22.257726669311523,0.05,-11.215620994567871,,
83650,3.7750132083892822,0.05,-11.825030326843262,,
83700,4.218052864074707,0.05,-13.618824005126953,,
83750,3.4493799209594727,0.05,-11.37359619140625,,
83800,16.845714569091797,0.05,-11.539704322814941,,
83850,3.155409097671509,0.05,-10.406760215759277,,
83900,6.874894618988037,0.05,-10.804576873779297,,
83950,4.0993876457214355,0.05,-11.37539291381836,,
84000,1.3031114339828491,0.05,-10.421998023986816,,
84050,6.938642978668213,0.05,-10.66161823272705,,
84100,6.935753345489502,0.05,-10.688828468322754,,
84150,27.149648666381836,0.05,-12.194313049316406,,
84200,9.572564125061035,0.05,-11.962726593017578,,
84250,4.185347080230713,0.05,-11.939570426940918,,
84300,7.7089362144470215,0.05,-10.015975952148438,,
84350,14.83837604522705,0.05,-12.338326454162598,,
84400,6.324817180633545,0.05,-11.93173885345459,,
84450,7.397315979003906,0.05,-13.26415729522705,,
84500,9.457106590270996,0.05,-11.321013450622559,,
84550,7.412174224853516,0.05,-11.725260734558105,,
84600,10.836726188659668,0.05,-11.416199684143066,,
84650,23.88121223449707,0.05,-12.329121589660645,,
84700,9.787031173706055,0.05,-15.117924690246582,,
84750,8.82470989227295,0.05,-12.481791496276855,,
84800,2.524834394454956,0.05,-9.892868041992188,,
84850,5.136086463928223,0.05,-12.079879760742188,,
84900,7.311655521392822,0.05,-12.152440071105957,,
84950,7.277543544769287,0.05,-11.435677528381348,,
85000,20.79094123840332,0.05,-11.907801628112793,,
85050,1.3866571187973022,0.05,-12.359077453613281,,
85100,3.6085546016693115,0.05,-13.493087768554688,,
85150,13.48531436920166,0.05,-11.040103912353516,,
85200,8.447442054748535,0.05,-11.043414115905762,,
85250,10.75063705444336,0.05,-11.196900367736816,,
85300,15.889355659484863,0.05,-12.677456855773926,,
85350,9.641807556152344,0.05,-11.717300415039062,,
85400,19.145570755004883,0.05,-10.734335899353027,,
85450,1.9433950185775757,0.05,-12.650406837463379,,
85500,9.961331367492676,0.05,-11.919677734375,,
85550,9.658894538879395,0.05,-11.712593078613281,,
85600,8.725333213806152,0.05,-13.275862693786621,,
85650,3.6435928344726562,0.05,-12.927230834960938,,
85700,10.665093421936035,0.05,-11.88196086883545,,
85750,1.893333077430725,0.05,-10.599469184875488,,
85800,2.701054573059082,0.05,-11.701506614685059,,
85850,1.8752880096435547,0.05,-10.833426475524902,,
85900,7.3741888999938965,0.05,-11.798428535461426,,
85950,16.997190475463867,0.05,-11.787571907043457,,
86000,3.1872994899749756,0.05,-13.023760795593262,,
86050,15.529125213623047,0.05,-11.86336898803711,,
86100,8.125497817993164,0.05,-11.213788032531738,,
86150,14.27474308013916,0.05,-12.203997611999512,,
86200,9.784399032592773,0.05,-10.630494117736816,,
86250,1.3403714895248413,0.05,-12.976710319519043,,
86300,3.903472900390625,0.05,-11.005284309387207,,
86350,8.950570106506348,0.05,-13.045819282531738,,
86400,16.598777770996094,0.05,-11.349872589111328,,
86450,6.093994140625,0.05,-10.83059310913086,,
86500,7.099706172943115,0.05,-12.073264122009277,,
86550,6.114419460296631,0.05,-12.213920593261719,,
86600,10.137802124023438,0.05,-12.481749534606934,,
86650,18.960662841796875,0.05,-11.75762939453125,,
86700,2.7254855632781982,0.05,-11.604212760925293,,
86750,5.383351802825928,0.05,-13.510066032409668,,
86800,14.09225082397461,0.05,-11.843756675720215,,
86850,2.1824076175689697,0.05,-11.75609302520752,,
86900,9.590099334716797,0.05,-11.698616027832031,,
86950,5.103781223297119,0.05,-10.765427589416504,,
87000,2.469529628753662,0.05,-10.571237564086914,,
87050,3.463007926940918,0.05,-11.575650215148926,,
87100,7.067765712738037,0.05,-9.92203426361084,,
87150,3.198023557662964,0.05,-11.6367826461792,,
87200,3.1422040462493896,0.05,-11.72370433807373,,
87250,8.900477409362793,0.05,-12.282291412353516,,
87300,0.8857552409172058,0.05,-10.698288917541504,,
87350,9.841641426086426,0.05,-12.543670654296875,,
87400,4.131063938140869,0.05,-11.566563606262207,,
87450,8.346047401428223,0.05,-11.618929862976074,,
87500,2.2754929065704346,0.05,-12.20171070098877,,
87550,3.082249879837036,0.05,-10.713740348815918,,
87600,3.871858596801758,0.05,-10.777241706848145,,
87650,15.290268898010254,0.05,-12.746603965759277,,
87700,7.0718536376953125,0.05,-11.353487968444824,,
87750,29.56525230407715,0.05,-13.397503852844238,,
87800,23.19386863708496,0.05,-13.712043762207031,,
87850,2.3209917545318604,0.05,-12.242408752441406,,
87900,10.64045524597168,0.05,-13.124446868896484,,
87950,1.306287407875061,0.05,-11.475367546081543,,
88000,8.039725303649902,0.05,-12.325263977050781,,
88050,3.4344418048858643,0.05,-10.613987922668457,,
88100,4.87417459487915,0.05,-11.680033683776855,,
88150,2.8935205936431885,0.05,-10.796259880065918,,
88200,2.7435951232910156,0.05,-10.785134315490723,,
88250,7.834344387054443,0.05,-11.23249340057373,,
88300,3.2986361980438232,0.05,-12.73351001739502,,
88350,8.195676803588867,0.05,-10.967305183410645,,
88400,5.407245635986328,0.05,-11.811808586120605,,
88450,11.885379791259766,0.05,-11.864639282226562,,
88500,3.3383705615997314,0.05,-12.285758018493652,,
88550,0.4341921806335449,0.05,-10.513333320617676,,
88600,3.738929033279419,0.05,-11.998274803161621,,
88650,9.821694374084473,0.05,-11.510008811950684,,
88700,5.575375080108643,0.05,-10.689651489257812,,
88750,3.3810369968414307,0.05,-12.035918235778809,,
88800,3.66799259185791,0.05,-10.854957580566406,,
88850,4.5642409324646,0.05,-12.456023216247559,,
88900,18.161874771118164,0.05,-10.753031730651855,,
88950,11.06112289428711,0.05,-11.178784370422363,,
89000,3.9946706295013428,0.05,-11.458367347717285,,
89050,6.584214687347412,0.05,-11.941818237304688,,
89100,7.5262370109558105,0.05,-13.180968284606934,,
89150,5.1773200035095215,0.05,-12.057441711425781,,
89200,16.973478317260742,0.05,-13.234122276306152,,
89250,6.3705291748046875,0.05,-11.964917182922363,,
89300,3.186244249343872,0.05,-11.16416072845459,,
89350,5.3703789710998535,0.05,-12.126205444335938,,
89400,8.406901359558105,0.05,-11.832159996032715,,
89450,9.048429489135742,0.05,-12.970175743103027,,
89500,4.211955547332764,0.05,-11.98846435546875,,
89550,9.950116157531738,0.05,-12.29938793182373,,
89600,9.308191299438477,0.05,-12.667716026306152,,
89650,3.642529249191284,0.05,-11.507407188415527,,
89700,3.958576202392578,0.05,-11.143539428710938,,
89750,8.883096694946289,0.05,-11.468039512634277,,
89800,9.039799690246582,0.05,-12.461493492126465,,
89850,3.076117753982544,0.05,-11.038543701171875,,
89900,3.8563449382781982,0.05,-11.438491821289062,,
89950,4.965485095977783,0.05,-12.132390022277832,,
90000,4.299054145812988,0.05,-10.535374641418457,,
90050,4.518473148345947,0.05,-12.38880443572998,,
90100,6.181624889373779,0.05,-10.633750915527344,,
90150,1.9544340372085571,0.05,-12.56945514678955,,
90200,2.7844884395599365,0.05,-11.62057876586914,,
90250,6.42331075668335,0.05,-10.485383033752441,,
90300,0.6075360178947449,0.05,-11.769511222839355,,
90350,23.454933166503906,0.05,-13.382984161376953,,
90400,9.804276466369629,0.05,-13.1883544921875,,
90450,0.42741918563842773,0.05,-11.072235107421875,,
90500,4.218591690063477,0.05,-11.112038612365723,,
90550,2.0770647525787354,0.05,-12.22268009185791,,
90600,6.751108646392822,0.05,-10.69699478149414,,
90650,10.619908332824707,0.05,-11.873946189880371,,
90700,20.53251075744629,0.05,-12.960861206054688,,
90750,0.768090009689331,0.05,-11.6050386428833,,
90800,5.829552173614502,0.05,-11.045310020446777,,
90850,15.835848808288574,0.05,-11.22951889038086,,
90900,9.929203033447266,0.05,-12.617961883544922,,
90950,3.4092915058135986,0.05,-14.181248664855957,,
91000,7.168540954589844,0.05,-11.836281776428223,,
91050,3.9923219680786133,0.05,-10.197630882263184,,
91100,2.0560858249664307,0.05,-12.375027656555176,,
91150,18.5428524017334,0.05,-12.318562507629395,,
91200,10.013947486877441,0.05,-11.990036010742188,,
91250,3.4599039554595947,0.05,-12.36035442352295,,
91300,13.987319946289062,0.05,-12.589730262756348,,
91350,14.548989295959473,0.05,-11.857134819030762,,
91400,9.909310340881348,0.05,-12.193679809570312,,
91450,7.215028762817383,0.05,-11.843789100646973,,
91500,8.78067398071289,0.05,-11.74734878540039,,
91550,7.431552886962891,0.05,-12.891704559326172,,
91600,10.617914199829102,0.05,-12.608216285705566,,
91650,4.451166152954102,0.05,-13.193100929260254,,
91700,3.9659926891326904,0.05,-13.58240032196045,,
91750,2.0210483074188232,0.05,-11.63442611694336,,
91800,8.064776420593262,0.05,-13.404498100280762,,
91850,4.402653694152832,0.05,-12.033271789550781,,
91900,7.696714401245117,0.05,-11.007369995117188,,
91950,2.749667167663574,0.05,-12.238333702087402,,
92000,9.1436767578125,0.05,-12.304244041442871,,
92050,14.680957794189453,0.05,-11.2664213180542,,
92100,7.149295806884766,0.05,-12.203604698181152,,
92150,9.250946998596191,0.05,-11.919479370117188,,
92200,7.81358528137207,0.05,-11.609919548034668,,
92250,7.023237705230713,0.05,-12.084141731262207,,
92300,7.158628940582275,0.05,-12.512848854064941,,
92350,7.01568078994751,0.05,-11.82496166229248,,
92400,0.30237704515457153,0.05,-11.206783294677734,,
92450,7.542253017425537,0.05,-13.95763874053955,,
92500,9.726282119750977,0.05,-12.239628791809082,,
92550,11.622632026672363,0.05,-11.931767463684082,,
92600,5.98452615737915,0.05,-12.158073425292969,,
92650,13.629947662353516,0.05,-11.826563835144043,,
92700,8.255252838134766,0.05,-11.361224174499512,,
92750,14.144901275634766,0.05,-14.063926696777344,,
92800,6.209077835083008,0.05,-11.161438941955566,,
92850,3.9403703212738037,0.05,-11.661723136901855,,
92900,1.521973729133606,0.05,-12.237536430358887,,
92950,5.928194046020508,0.05,-14.01172924041748,,
93000,9.375579833984375,0.05,-13.260920524597168,,
93050,10.78997802734375,0.05,-11.85094928741455,,
93100,13.533087730407715,0.05,-13.263755798339844,,
93150,15.6973295211792,0.05,-12.379878997802734,,
93200,25.340972900390625,0.05,-13.807696342468262,,
93250,1.9820078611373901,0.05,-11.454712867736816,,
93300,1.0694829225540161,0.05,-12.397979736328125,,
93350,1.185585618019104,0.05,-12.29943561553955,,
93400,12.0391263961792,0.05,-11.922615051269531,,
93450,4.276183128356934,0.05,-12.15588092803955,,
93500,6.658344745635986,0.05,-10.486612319946289,,
93550,1.7623265981674194,0.05,-10.984325408935547,,
93600,5.495345592498779,0.05,-12.011456489562988,,
93650,0.3886818587779999,0.05,-10.092971801757812,,
93700,3.5442707538604736,0.05,-12.037920951843262,,
93750,11.555853843688965,0.05,-12.054557800292969,,
93800,5.316910266876221,0.05,-13.5703706741333,,
93850,22.236234664916992,0.05,-13.201693534851074,,
93900,3.360697031021118,0.05,-11.65301513671875,,
93950,13.21405029296875,0.05,-12.626631736755371,,
94000,17.632448196411133,0.05,-11.202921867370605,,
94050,4.725191593170166,0.05,-10.536776542663574,,
94100,7.155242919921875,0.05,-11.136427879333496,,
94150,14.923029899597168,0.05,-11.917121887207031,,
94200,22.017332077026367,0.05,-13.882046699523926,,
94250,1.9550541639328003,0.05,-12.290066719055176,,
94300,3.229318380355835,0.05,-11.699222564697266,,
94350,3.920395851135254,0.05,-11.113631248474121,,
94400,4.58862829208374,0.05,-10.2417573928833,,
94450,5.844144821166992,0.05,-11.181733131408691,,
94500,3.0901126861572266,0.05,-9.913119316101074,,
94550,2.744537353515625,0.05,-10.277312278747559,,
94600,3.4317052364349365,0.05,-10.657390594482422,,
94650,19.88667869567871,0.05,-11.972267150878906,,
94700,5.928951263427734,0.05,-9.634893417358398,,
94750,10.683823585510254,0.05,-10.148016929626465,,
94800,19.54819107055664,0.05,-11.130775451660156,,
94850,7.033604145050049,0.05,-12.10080337524414,,
94900,12.7761812210083,0.05,-11.25463581085205,,
94950,20.13892364501953,0.05,-11.61116886138916,,
95000,2.966456651687622,0.05,-10.762802124023438,,
95050,2.0697827339172363,0.05,-10.074616432189941,,
95100,7.994778156280518,0.05,-12.95479679107666,,
95150,3.827392578125,0.05,-11.794818878173828,,
95200,23.924758911132812,0.05,-12.575077056884766,,
95250,2.511352300643921,0.05,-11.251490592956543,,
95300,5.220646381378174,0.05,-10.90627670288086,,
95350,3.861006736755371,0.05,-10.422659873962402,,
95400,4.880279064178467,0.05,-10.001144409179688,,
95450,5.592227458953857,0.05,-10.882492065429688,,
95500,10.66475772857666,0.05,-10.150671005249023,,
95550,1.4468116760253906,0.05,-11.690476417541504,,
95600,15.764412879943848,0.05,-10.707575798034668,,
95650,3.851581573486328,0.05,-12.504242897033691,,
95700,8.479350090026855,0.05,-11.64336109161377,,
95750,7.597211837768555,0.05,-12.472294807434082,,
95800,6.274625778198242,0.05,-10.698590278625488,,
95850,0.8295406699180603,0.05,-10.947529792785645,,
95900,2.438539505004883,0.05,-12.502487182617188,,
95950,3.8896052837371826,0.05,-11.086552619934082,,
96000,4.9617838859558105,0.05,-10.135639190673828,,
96050,2.5673091411590576,0.05,-10.44601058959961,,
96100,4.31726598739624,0.05,-10.806790351867676,,
96150,17.389677047729492,0.05,-11.29316234588623,,
96200,0.44316375255584717,0.05,-10.117897987365723,,
96250,10.148764610290527,0.05,-10.427428245544434,,
96300,3.249011993408203,0.05,-11.538567543029785,,
96350,10.53671646118164,0.05,-12.159741401672363,,
96400,7.605564594268799,0.05,-11.375008583068848,,
96450,4.815591335296631,0.05,-12.03084659576416,,
96500,16.457521438598633,0.05,-11.240159034729004,,
96550,5.118443965911865,0.05,-12.311890602111816,,
96600,6.801550388336182,0.05,-11.20737075805664,,
96650,0.9006772637367249,0.05,-12.809046745300293,,
96700,8.786467552185059,0.05,-10.57144546508789,,
96750,1.5555905103683472,0.05,-10.340691566467285,,
96800,11.502985954284668,0.05,-12.045294761657715,,
96850,2.54429292678833,0.05,-10.581316947937012,,
96900,0.7648687362670898,0.05,-12.426018714904785,,
96950,2.5947792530059814,0.05,-11.800464630126953,,
97000,7.4186787605285645,0.05,-10.835038185119629,,
97050,9.844496726989746,0.05,-12.291614532470703,,
97100,13.501446723937988,0.05,-11.843063354492188,,
97150,16.423002243041992,0.05,-12.037753105163574,,
97200,5.302770137786865,0.05,-12.016633033752441,,
97250,9.125666618347168,0.05,-11.399417877197266,,
97300,9.406389236450195,0.05,-12.165603637695312,,
97350,6.756685733795166,0.05,-10.749909400939941,,
97400,1.1040929555892944,0.05,-11.454880714416504,,
97450,8.005711555480957,0.05,-11.425983428955078,,
97500,5.935794830322266,0.05,-12.238165855407715,,
97550,2.7527952194213867,0.05,-11.2953462600708,,
97600,4.950016498565674,0.05,-10.684959411621094,,
97650,2.0718934535980225,0.05,-11.23968505859375,,
97700,3.5806705951690674,0.05,-11.034733772277832,,
97750,8.068917274475098,0.05,-11.06840991973877,,
97800,5.100947380065918,0.05,-12.480995178222656,,
97850,7.870460510253906,0.05,-11.995471954345703,,
97900,3.530360460281372,0.05,-11.447906494140625,,
97950,10.723060607910156,0.05,-11.356281280517578,,
98000,3.9808120727539062,0.05,-11.61471939086914,,
98050,1.9143894910812378,0.05,-11.480725288391113,,
98100,13.659340858459473,0.05,-11.359066009521484,,
98150,2.1463406085968018,0.05,-12.73755931854248,,
98200,1.998372197151184,0.05,-10.914878845214844,,
98250,4.859961986541748,0.05,-12.630385398864746,,
98300,3.8450229167938232,0.05,-12.349052429199219,,
98350,20.676132202148438,0.05,-12.597830772399902,,
98400,6.612995147705078,0.05,-11.181060791015625,,
98450,7.402566432952881,0.05,-10.087101936340332,,
98500,1.1897591352462769,0.05,-10.750151634216309,,
98550,6.042105197906494,0.05,-10.356184005737305,,
98600,3.357330560684204,0.05,-9.686091423034668,,
98650,6.203895568847656,0.05,-12.26482105255127,,
98700,5.758361339569092,0.05,-11.542778015136719,,
98750,10.778532981872559,0.05,-11.296603202819824,,
98800,6.850757122039795,0.05,-11.982818603515625,,
98850,5.45012903213501,0.05,-11.927842140197754,,
98900,10.750187873840332,0.05,-11.9425687789917,,
98950,7.588444232940674,0.05,-11.000572204589844,,
99000,5.978149890899658,0.05,-10.959982872009277,,
99050,11.323418617248535,0.05,-11.225552558898926,,
99100,14.50503158569336,0.05,-11.610577583312988,,
99150,19.57384490966797,0.05,-11.7230224609375,,
99200,0.8487556576728821,0.05,-10.476378440856934,,
99250,4.492576599121094,0.05,-11.36451244354248,,
99300,5.025630950927734,0.05,-10.52610969543457,,
99350,12.706565856933594,0.05,-12.254351615905762,,
99400,15.325446128845215,0.05,-12.067545890808105,,
99450,1.8036736249923706,0.05,-11.067301750183105,,
99500,7.852820873260498,0.05,-11.434245109558105,,
99550,0.873099148273468,0.05,-10.597567558288574,,
99600,5.8257598876953125,0.05,-12.255550384521484,,
99650,13.489273071289062,0.05,-11.927393913269043,,
99700,2.8868534564971924,0.05,-9.847511291503906,,
99750,6.786845684051514,0.05,-10.156195640563965,,
99800,1.590427041053772,0.05,-9.89625358581543,,
99850,4.196297645568848,0.05,-10.945586204528809,,
99900,3.6223747730255127,0.05,-10.727482795715332,,
99950,7.932918548583984,0.05,-11.89869213104248,,
100000,5.1611104011535645,0.05,-11.260035514831543,-0.972955150856322,48.0
100050,4.77931547164917,0.05,-12.103343963623047,,
100100,6.776592254638672,0.05,-10.170845985412598,,
100150,4.462382793426514,0.05,-10.129499435424805,,
100200,2.556109666824341,0.05,-10.659259796142578,,
100250,13.160736083984375,0.05,-11.49957275390625,,
100300,7.834331035614014,0.05,-10.193482398986816,,
100350,17.640520095825195,0.05,-11.329730033874512,,
100400,3.0252773761749268,0.05,-11.210357666015625,,
100450,3.6241559982299805,0.05,-11.202320098876953,,
100500,3.3723976612091064,0.05,-11.438223838806152,,
100550,14.947467803955078,0.05,-10.567462921142578,,
100600,3.131610155105591,0.05,-10.499558448791504,,
100650,13.196795463562012,0.05,-11.928515434265137,,
100700,8.965210914611816,0.05,-11.347031593322754,,
100750,18.894147872924805,0.05,-12.152873992919922,,
100800,7.129253387451172,0.05,-10.769871711730957,,
100850,12.097076416015625,0.05,-10.94455623626709,,
100900,3.0681941509246826,0.05,-10.756810188293457,,
100950,6.95554780960083,0.05,-11.528033256530762,,
101000,0.6409853100776672,0.05,-9.97704029083252,,
101050,4.386247634887695,0.05,-10.66773509979248,,
101100,6.666079044342041,0.05,-11.172181129455566,,
101150,7.553954601287842,0.05,-11.250971794128418,,
101200,13.648886680603027,0.05,-10.902873039245605,,
101250,1.1165168285369873,0.05,-11.212529182434082,,
101300,2.2351033687591553,0.05,-11.51446533203125,,
101350,4.31245231628418,0.05,-11.239215850830078,,
101400,3.928860902786255,0.05,-11.67022705078125,,
101450,11.321084022521973,0.05,-10.822418212890625,,
101500,13.29126262664795,0.05,-10.385913848876953,,
101550,6.274373531341553,0.05,-10.494400978088379,,
101600,1.479718565940857,0.05,-10.94598388671875,,
101650,2.30899977684021,0.05,-10.533040046691895,,
101700,2.420774459838867,0.05,-10.397503852844238,,
101750,1.1327005624771118,0.05,-12.0938720703125,,
101800,9.901496887207031,0.05,-11.858256340026855,,
101850,8.1022310256958,0.05,-10.224983215332031,,
101900,2.7486884593963623,0.05,-11.668828010559082,,
101950,6.335111141204834,0.05,-11.606792449951172,,
102000,8.516983032226562,0.05,-11.057583808898926,,
102050,8.827150344848633,0.05,-10.715470314025879,,
102100,14.042696952819824,0.05,-11.222477912902832,,
102150,1.6845186948776245,0.05,-11.308853149414062,,
102200,3.8922622203826904,0.05,-12.16081714630127,,
102250,4.212911128997803,0.05,-10.401959419250488,,
102300,14.948695182800293,0.05,-11.790817260742188,,
102350,11.309832572937012,0.05,-12.375863075256348,,
102400,0.5901704430580139,0.05,-11.822837829589844,,
102450,7.764459609985352,0.05,-10.780774116516113,,
102500,1.6330233812332153,0.05,-10.724772453308105,,
102550,3.696910858154297,0.05,-10.458746910095215,,
102600,4.795875549316406,0.05,-13.189148902893066,,
102650,12.568955421447754,0.05,-11.504891395568848,,
102700,2.9395315647125244,0.05,-11.084979057312012,,
102750,1.5732526779174805,0.05,-10.120232582092285,,
102800,6.247577667236328,0.05,-11.233006477355957,,
102850,0.5739895701408386,0.05,-10.670594215393066,,
102900,7.468837261199951,0.05,-12.202191352844238,,
102950,10.76003360748291,0.05,-10.624923706054688,,
103000,3.494868040084839,0.05,-11.129581451416016,,
103050,7.242926120758057,0.05,-11.14013957977295,,
103100,8.982834815979004,0.05,-10.843894958496094,,
103150,3.4129409790039062,0.05,-10.726662635803223,,
103200,3.0083723068237305,0.05,-11.099221229553223,,
103250,19.49005699157715,0.05,-11.544136047363281,,
103300,5.249080181121826,0.05,-10.676194190979004,,
103350,0.3667009770870209,0.05,-10.31237506866455,,
103400,6.168485164642334,0.05,-11.584200859069824,,
103450,6.39100456237793,0.05,-12.08240032196045,,
103500,5.425230026245117,0.05,-11.792754173278809,,
103550,3.438436269760132,0.05,-11.7387056350708,,
103600,1.6384495496749878,0.05,-11.078763008117676,,
103650,3.974471092224121,0.05,-12.94905948638916,,
103700,2.6560781002044678,0.05,-11.205357551574707,,
103750,7.716402053833008,0.05,-12.74630069732666,,
103800,1.646946907043457,0.05,-11.292938232421875,,
103850,4.579214572906494,0.05,-11.766852378845215,,
103900,27.579803466796875,0.05,-11.79869556427002,,
103950,11.666815757751465,0.05,-12.593762397766113,,
104000,6.55903434753418,0.05,-11.007706642150879,,
104050,3.9517838954925537,0.05,-11.987845420837402,,
104100,9.821211814880371,0.05,-11.50103759765625,,
104150,3.473621129989624,0.05,-10.503008842468262,,
104200,2.0120608806610107,0.05,-11.317108154296875,,
104250,2.7328460216522217,0.05,-11.894157409667969,,
104300,0.31037500500679016,0.05,-11.230831146240234,,
104350,14.87846851348877,0.05,-11.58060359954834,,
104400,8.476541519165039,0.05,-11.459259033203125,,
104450,6.410725116729736,0.05,-11.637593269348145,,
104500,4.417394638061523,0.05,-11.108161926269531,,
104550,3.246838331222534,0.05,-11.17714786529541,,
104600,2.5831139087677,0.05,-12.850811004638672,,
104650,5.3336639404296875,0.05,-10.709300994873047,,
104700,14.676133155822754,0.05,-11.580864906311035,,
104750,0.3349802494049072,0.05,-9.816351890563965,,
104800,3.6172292232513428,0.05,-11.772522926330566,,
104850,10.644237518310547,0.05,-11.226962089538574,,
104900,12.7448148727417,0.05,-12.13290023803711,,
104950,18.963420867919922,0.05,-12.061214447021484,,
105000,7.118052005767822,0.05,-10.462714195251465,,
105050,5.918821334838867,0.05,-11.511624336242676,,
105100,5.22995138168335,0.05,-11.393771171569824,,
105150,2.490644693374634,0.05,-11.729811668395996,,
105200,15.543472290039062,0.05,-12.501845359802246,,
105250,24.1317195892334,0.05,-12.437338829040527,,
105300,4.40176248550415,0.05,-10.431275367736816,,
105350,1.7039003372192383,0.05,-10.811062812805176,,
105400,3.832115888595581,0.05,-11.880653381347656,,
105450,2.7301721572875977,0.05,-11.10814380645752,,
105500,4.255233287811279,0.05,-10.871695518493652,,
105550,4.517235279083252,0.05,-11.708571434020996,,
105600,28.681982040405273,0.05,-12.282479286193848,,
105650,6.256124019622803,0.05,-10.659453392028809,,
105700,7.271907329559326,0.05,-12.098483085632324,,
105750,7.49194860458374,0.05,-10.86353588104248,,
105800,8.80636978149414,0.05,-11.029261589050293,,
105850,3.2234652042388916,0.05,-11.647686958312988,,
105900,7.666981220245361,0.05,-10.22890567779541,,
105950,9.019634246826172,0.05,-11.020474433898926,,
106000,1.2083791494369507,0.05,-13.116835594177246,,
106050,5.755305767059326,0.05,-12.061869621276855,,
106100,2.6398634910583496,0.05,-10.600818634033203,,
106150,2.9308559894561768,0.05,-10.660152435302734,,
106200,2.991220712661743,0.05,-11.692989349365234,,
106250,12.588973999023438,0.05,-12.082718849182129,,
106300,1.288400411605835,0.05,-12.712761878967285,,
106350,6.074693202972412,0.05,-11.845349311828613,,
106400,6.261783123016357,0.05,-12.638545989990234,,
106450,0.7287983894348145,0.05,-11.436637878417969,,
106500,6.446122646331787,0.05,-11.671786308288574,,
106550,3.564764976501465,0.05,-11.467164039611816,,
106600,5.3299713134765625,0.05,-11.19218921661377,,
106650,9.121167182922363,0.05,-12.456171989440918,,
106700,4.673223972320557,0.05,-10.29613208770752,,
106750,5.412266254425049,0.05,-12.087565422058105,,
106800,1.0525267124176025,0.05,-13.10408878326416,,
106850,30.39935302734375,0.05,-12.95556640625,,
106900,6.515867710113525,0.05,-10.900464057922363,,
106950,5.4012370109558105,0.05,-11.54474925994873,,
107000,2.0853841304779053,0.05,-11.301335334777832,,
107050,4.254310131072998,0.05,-11.312479972839355,,
107100,11.79763126373291,0.05,-11.508679389953613,,
107150,1.0696332454681396,0.05,-11.823108673095703,,
107200,7.814032077789307,0.05,-13.891877174377441,,
107250,14.219599723815918,0.05,-11.297088623046875,,
107300,4.332705974578857,0.05,-12.011905670166016,,
107350,1.1686640977859497,0.05,-11.089983940124512,,
107400,4.362478733062744,0.05,-12.724514961242676,,
107450,11.232398986816406,0.05,-12.553756713867188,,
107500,3.376631736755371,0.05,-11.98041820526123,,
107550,5.056308269500732,0.05,-13.343868255615234,,
107600,11.543289184570312,0.05,-13.186461448669434,,
107650,8.776107788085938,0.05,-13.172889709472656,,
107700,12.466341972351074,0.05,-11.685465812683105,,
107750,2.405660390853882,0.05,-11.323555946350098,,
107800,11.558220863342285,0.05,-12.412830352783203,,
107850,7.746385097503662,0.05,-11.338042259216309,,
107900,5.6132121086120605,0.05,-10.598776817321777,,
107950,3.231370210647583,0.05,-12.567337036132812,,
108000,4.2061662673950195,0.05,-11.05652904510498,,
108050,10.760756492614746,0.05,-11.26191234588623,,
108100,5.146100044250488,0.05,-11.639404296875,,
108150,4.649991035461426,0.05,-11.71226978302002,,
108200,8.656078338623047,0.05,-11.551966667175293,,
108250,5.567253589630127,0.05,-10.79650592803955,,
108300,3.662142515182495,0.05,-10.945587158203125,,
108350,12.39852523803711,0.05,-12.603837013244629,,
108400,7.453641414642334,0.05,-13.617850303649902,,
108450,11.67082691192627,0.05,-11.294991493225098,,
108500,6.609485149383545,0.05,-12.432632446289062,,
108550,1.9435807466506958,0.05,-12.39563274383545,,
108600,2.4725658893585205,0.05,-11.512290954589844,,
108650,3.531473159790039,0.05,-12.74022388458252,,
108700,5.842814922332764,0.05,-11.032901763916016,,
108750,13.189509391784668,0.05,-10.657840728759766,,
108800,13.503860473632812,0.05,-12.081290245056152,,
108850,5.488295078277588,0.05,-11.135437965393066,,
108900,6.384359359741211,0.05,-11.08633041381836,,
108950,4.492023944854736,0.05,-11.626311302185059,,
109000,2.6750147342681885,0.05,-12.381636619567871,,
109050,6.172952651977539,0.05,-12.09835433959961,,
109100,1.610277533531189,0.05,-11.292040824890137,,
109150,5.46804666519165,0.05,-11.498353004455566,,
109200,4.783498287200928,0.05,-11.611157417297363,,
109250,11.816483497619629,0.05,-10.560986518859863,,
109300,4.134547710418701,0.05,-13.229217529296875,,
109350,9.178929328918457,0.05,-11.232579231262207,,
109400,0.8191726803779602,0.05,-11.4320068359375,,
109450,8.917618751525879,0.05,-11.354126930236816,,
109500,3.8082408905029297,0.05,-11.465961456298828,,
109550,4.017929553985596,0.05,-10.274724960327148,,
109600,3.402759552001953,0.05,-11.114851951599121,,
109650,4.007205486297607,0.05,-12.488105773925781,,
109700,3.293302297592163,0.05,-11.293658256530762,,
109750,0.3861745297908783,0.05,-11.968693733215332,,
109800,2.03434157371521,0.05,-11.054649353027344,,
109850,2.374302625656128,0.05,-11.588345527648926,,
109900,4.433284282684326,0.05,-11.254557609558105,,
109950,10.183991432189941,0.05,-13.193915367126465,,
110000,7.487283706665039,0.05,-12.767547607421875,,
110050,7.8847784996032715,0.05,-10.798062324523926,,
110100,18.712093353271484,0.05,-12.10816478729248,,
110150,9.186461448669434,0.05,-10.300498008728027,,
110200,6.339803218841553,0.05,-10.968117713928223,,
110250,5.499283313751221,0.05,-11.758259773254395,,
110300,6.82890510559082,0.05,-10.454108238220215,,
110350,19.605607986450195,0.05,-12.858596801757812,,
110400,4.9743757247924805,0.05,-10.739688873291016,,
110450,7.028188228607178,0.05,-12.26629638671875,,
110500,1.7366228103637695,0.05,-11.914032936096191,,
110550,15.053051948547363,0.05,-12.327503204345703,,
110600,6.667271137237549,0.05,-11.59350872039795,,
110650,10.44066333770752,0.05,-12.160492897033691,,
110700,10.053956031799316,0.05,-11.009987831115723,,
110750,9.87188720703125,0.05,-12.231596946716309,,
110800,6.354361057281494,0.05,-11.267909049987793,,
110850,3.7671215534210205,0.05,-10.971809387207031,,
110900,2.0594685077667236,0.05,-11.01042652130127,,
110950,9.600428581237793,0.05,-11.868306159973145,,
111000,7.818826198577881,0.05,-12.844393730163574,,
111050,8.35773754119873,0.05,-11.862360954284668,,
111100,8.945999145507812,0.05,-11.303847312927246,,
111150,12.611096382141113,0.05,-11.54097843170166,,
111200,1.893148422241211,0.05,-10.559223175048828,,
111250,4.7418718338012695,0.05,-10.052903175354004,,
111300,5.031350612640381,0.05,-11.24179458618164,,
111350,6.257617950439453,0.05,-11.483086585998535,,
111400,10.92996883392334,0.05,-12.53029727935791,,
111450,9.135354995727539,0.05,-12.232806205749512,,
111500,8.561039924621582,0.05,-10.490382194519043,,
111550,0.9980728626251221,0.05,-11.110607147216797,,
111600,10.00839900970459,0.05,-10.640101432800293,,
111650,5.489355564117432,0.05,-10.211003303527832,,
111700,4.123401165008545,0.05,-10.377151489257812,,
111750,1.7705532312393188,0.05,-11.347456932067871,,
111800,7.787273406982422,0.05,-12.29841136932373,,
111850,8.280377388000488,0.05,-11.067513465881348,,
111900,1.963160514831543,0.05,-10.810463905334473,,
111950,3.265735387802124,0.05,-10.872946739196777,,
112000,11.60090160369873,0.05,-12.195860862731934,,
112050,3.789381265640259,0.05,-10.275223731994629,,
112100,11.493537902832031,0.05,-9.990727424621582,,
112150,2.98043155670166,0.05,-10.843838691711426,,
112200,4.964107513427734,0.05,-13.002975463867188,,
112250,5.9905524253845215,0.05,-10.707295417785645,,
112300,5.620195388793945,0.05,-11.068509101867676,,
112350,1.822679042816162,0.05,-10.438586235046387,,
112400,7.30689001083374,0.05,-11.140174865722656,,
112450,5.939231872558594,0.05,-10.67565631866455,,
112500,2.6490511894226074,0.05,-10.898200035095215,,
112550,11.693696022033691,0.05,-11.93465805053711,,
112600,14.424656867980957,0.05,-11.555502891540527,,
112650,4.211767196655273,0.05,-11.23568344116211,,
112700,4.04791784286499,0.05,-11.663216590881348,,
112750,4.8724751472473145,0.05,-9.99061107635498,,
112800,4.486069679260254,0.05,-10.266632080078125,,
112850,7.1833062171936035,0.05,-13.079986572265625,,
112900,1.9721306562423706,0.05,-10.068690299987793,,
112950,6.876287460327148,0.05,-10.708412170410156,,
113000,5.7111382484436035,0.05,-10.570313453674316,,
113050,5.276972770690918,0.05,-9.626721382141113,,
113100,1.8126064538955688,0.05,-9.096110343933105,,
113150,3.2930948734283447,0.05,-11.613051414489746,,
113200,12.293277740478516,0.05,-11.076316833496094,,
113250,5.698301315307617,0.05,-10.762093544006348,,
113300,0.6985815167427063,0.05,-11.122611999511719,,
113350,4.296589374542236,0.05,-10.956788063049316,,
113400,5.437724590301514,0.05,-10.159740447998047,,
113450,7.243772983551025,0.05,-11.140671730041504,,
113500,7.273143768310547,0.05,-11.175040245056152,,
113550,1.1159451007843018,0.05,-10.182145118713379,,
113600,5.347413539886475,0.05,-11.397456169128418,,
113650,2.757011651992798,0.05,-10.589985847473145,,
113700,10.652003288269043,0.05,-9.75196361541748,,
113750,6.154987335205078,0.05,-11.404902458190918,,
113800,4.051028728485107,0.05,-10.95723819732666,,
113850,2.719865560531616,0.05,-9.38669490814209,,
113900,10.875595092773438,0.05,-11.243962287902832,,
113950,1.8577814102172852,0.05,-10.414108276367188,,
114000,1.5908536911010742,0.05,-10.669419288635254,,
114050,3.499859094619751,0.05,-10.631941795349121,,
114100,6.397808074951172,0.05,-10.343073844909668,,
114150,1.84760582447052,0.05,-10.197030067443848,,
114200,3.1126251220703125,0.05,-10.114079475402832,,
114250,2.21744704246521,0.05,-10.180243492126465,,
114300,4.89883279800415,0.05,-9.62490463256836,,
114350,4.599644184112549,0.05,-12.374626159667969,,
114400,3.122159242630005,0.05,-11.376945495605469,,
114450,15.010004997253418,0.05,-10.316359519958496,,
114500,1.2838212251663208,0.05,-9.852091789245605,,
114550,2.05912709236145,0.05,-9.153141021728516,,
114600,2.2123820781707764,0.05,-10.357475280761719,,
114650,5.4210076332092285,0.05,-10.141772270202637,,
114700,1.668506145477295,0.05,-9.604475975036621,,
114750,4.0528883934021,0.05,-9.489531517028809,,
114800,5.603536128997803,0.05,-9.044750213623047,,
114850,14.674057960510254,0.05,-10.07373046875,,
114900,3.622866630554199,0.05,-9.618428230285645,,
114950,1.584851861000061,0.05,-11.20875072479248,,
115000,20.090158462524414,0.05,-12.262157440185547,,
115050,1.4099892377853394,0.05,-9.954529762268066,,
115100,4.0292534828186035,0.05,-10.91817855834961,,
115150,3.9178192615509033,0.05,-11.14647388458252,,
115200,8.582999229431152,0.05,-10.339099884033203,,
115250,9.638484001159668,0.05,-10.876814842224121,,
115300,3.911799669265747,0.05,-11.284900665283203,,
115350,5.218323230743408,0.05,-10.312417030334473,,
115400,1.888612151145935,0.05,-9.75903606414795,,
115450,0.7234562039375305,0.05,-10.81301212310791,,
115500,4.659583568572998,0.05,-10.3594331741333,,
115550,3.5208356380462646,0.05,-10.899787902832031,,
115600,6.13524866104126,0.05,-11.301692008972168,,
115650,9.32270336151123,0.05,-11.12575626373291,,
115700,7.67198371887207,0.05,-10.840130805969238,,
115750,0.7786489129066467,0.05,-9.910052299499512,,
115800,6.788124084472656,0.05,-11.086321830749512,,
115850,3.8210947513580322,0.05,-11.391350746154785,,
115900,2.000725507736206,0.05,-11.167842864990234,,
115950,6.512600421905518,0.05,-10.31447982788086,,
116000,3.507779359817505,0.05,-11.094765663146973,,
116050,3.9252312183380127,0.05,-11.372288703918457,,
116100,5.278419017791748,0.05,-11.244915008544922,,
116150,17.426271438598633,0.05,-11.484661102294922,,
116200,9.413747787475586,0.05,-10.449053764343262,,
116250,5.108693599700928,0.05,-12.298694610595703,,
116300,0.7408788204193115,0.05,-11.207707405090332,,
116350,13.466219902038574,0.05,-11.203505516052246,,
116400,4.068081378936768,0.05,-11.907036781311035,,
116450,3.1479527950286865,0.05,-10.661417961120605,,
116500,0.9894691109657288,0.05,-11.408454895019531,,
116550,12.262831687927246,0.05,-10.532005310058594,,
116600,1.683724045753479,0.05,-11.636576652526855,,
116650,7.105532169342041,0.05,-11.422001838684082,,
116700,3.0990073680877686,0.05,-11.688700675964355,,
116750,12.775261878967285,0.05,-11.24576473236084,,
116800,4.908723831176758,0.05,-12.07544994354248,,
116850,5.9093708992004395,0.05,-11.401068687438965,,
116900,8.705822944641113,0.05,-11.289734840393066,,
116950,4.3922271728515625,0.05,-12.23530101776123,,
117000,0.5386812090873718,0.05,-11.086299896240234,,
117050,0.5909268260002136,0.05,-10.25290584564209,,
117100,0.6603452563285828,0.05,-11.138004302978516,,
117150,4.097423076629639,0.05,-11.470854759216309,,
117200,14.808353424072266,0.05,-11.814436912536621,,
117250,7.890731334686279,0.05,-11.4265718460083,,
117300,0.6505014896392822,0.05,-9.867838859558105,,
117350,5.7613396644592285,0.05,-10.129508018493652,,
117400,4.276308536529541,0.05,-12.024857521057129,,
117450,9.844742774963379,0.05,-10.230853080749512,,
117500,7.396116733551025,0.05,-11.412223815917969,,
117550,4.77165412902832,0.05,-12.175740242004395,,
117600,3.614471435546875,0.05,-11.534197807312012,,
117650,2.4667601585388184,0.05,-10.901497840881348,,
117700,19.175813674926758,0.05,-10.664543151855469,,
117750,2.2722346782684326,0.05,-11.580231666564941,,
117800,9.743569374084473,0.05,-12.09804630279541,,
117850,2.7727553844451904,0.05,-11.288180351257324,,
117900,12.189526557922363,0.05,-11.22156047821045,,
117950,1.5345988273620605,0.05,-11.631622314453125,,
118000,0.45446470379829407,0.05,-10.731268882751465,,
118050,7.479959487915039,0.05,-10.723739624023438,,
118100,1.7085429430007935,0.05,-10.440689086914062,,
118150,6.880489826202393,0.05,-10.224079132080078,,
118200,12.75403881072998,0.05,-10.121371269226074,,
118250,1.4974581003189087,0.05,-10.839354515075684,,
118300,4.68496036529541,0.05,-11.14127254486084,,
118350,6.434406757354736,0.05,-11.325912475585938,,
118400,6.683773517608643,0.05,-11.121257781982422,,
118450,8.453795433044434,0.05,-10.974075317382812,,
118500,8.270438194274902,0.05,-10.554605484008789,,
118550,2.0774059295654297,0.05,-11.550959587097168,,
118600,5.194454193115234,0.05,-10.567648887634277,,
118650,8.710899353027344,0.05,-12.089375495910645,,
118700,4.765827655792236,0.05,-10.958634376525879,,
118750,5.731926441192627,0.05,-10.652799606323242,,
118800,2.3755414485931396,0.05,-10.944869041442871,,
118850,0.5150464177131653,0.05,-11.204075813293457,,
118900,8.991538047790527,0.05,-11.301979064941406,,
118950,2.775408983230591,0.05,-10.577188491821289,,
119000,3.81614089012146,0.05,-12.247111320495605,,
119050,10.983712196350098,0.05,-10.35787296295166,,
119100,13.078112602233887,0.05,-11.09697437286377,,
119150,10.499176979064941,0.05,-10.36368179321289,,
119200,8.922587394714355,0.05,-11.164702415466309,,
119250,15.71165943145752,0.05,-11.532828330993652,,
119300,2.9139015674591064,0.05,-10.383264541625977,,
119350,1.0886832475662231,0.05,-9.963332176208496,,
119400,0.4803648293018341,0.05,-11.639335632324219,,
119450,0.8555450439453125,0.05,-11.146634101867676,,
119500,8.679198265075684,0.05,-10.170076370239258,,
119550,7.246429920196533,0.05,-10.463793754577637,,
119600,13.141830444335938,0.05,-11.140003204345703,,
119650,11.532097816467285,0.05,-10.322936058044434,,
119700,7.7825703620910645,0.05,-11.61456298828125,,
119750,6.322774887084961,0.05,-10.984184265136719,,
119800,5.160648822784424,0.05,-10.851997375488281,,
119850,25.686859130859375,0.05,-11.921235084533691,,
119900,5.075902462005615,0.05,-10.93767261505127,,
119950,3.2092678546905518,0.05,-11.82750415802002,,
120000,4.140791416168213,0.05,-10.923274040222168,,
120050,4.2356767654418945,0.05,-11.868309020996094,,
120100,2.17641282081604,0.05,-9.688216209411621,,
120150,3.1250972747802734,0.05,-10.56993579864502,,
120200,6.796453475952148,0.05,-9.798823356628418,,
120250,1.7931804656982422,0.05,-9.917981147766113,,
120300,5.5531535148620605,0.05,-10.044984817504883,,
120350,6.294063568115234,0.05,-12.586586952209473,,
120400,8.10069751739502,0.05,-12.324854850769043,,
120450,8.821659088134766,0.05,-10.729076385498047,,
120500,2.222248077392578,0.05,-10.470438003540039,,
120550,3.1194064617156982,0.05,-11.18259334564209,,
120600,2.5528571605682373,0.05,-10.684208869934082,,
120650,3.773132085800171,0.05,-10.654701232910156,,
120700,5.059549808502197,0.05,-9.313312530517578,,
120750,12.250362396240234,0.05,-11.267608642578125,,
120800,1.6545785665512085,0.05,-10.80205249786377,,
120850,9.209013938903809,0.05,-11.64062786102295,,
120900,3.0036070346832275,0.05,-11.217804908752441,,
120950,1.4839338064193726,0.05,-11.115787506103516,,
121000,16.377220153808594,0.05,-11.6718111038208,,
121050,7.443631649017334,0.05,-10.615622520446777,,
121100,5.444523334503174,0.05,-11.784407615661621,,
121150,3.122065305709839,0.05,-11.172484397888184,,
121200,1.7980283498764038,0.05,-10.344029426574707,,
121250,8.029541015625,0.05,-10.478402137756348,,
121300,6.265655040740967,0.05,-10.718419075012207,,
121350,16.881471633911133,0.05,-11.105621337890625,,
121400,7.728085994720459,0.05,-11.820111274719238,,
121450,8.907807350158691,0.05,-10.078581809997559,,
121500,6.694541931152344,0.05,-11.023799896240234,,
121550,7.110313415527344,0.05,-11.7679443359375,,
121600,7.386808395385742,0.05,-11.508445739746094,,
121650,2.459609270095825,0.05,-10.734870910644531,,
121700,4.824400424957275,0.05,-10.278603553771973,,
121750,12.194847106933594,0.05,-11.209391593933105,,
121800,5.880016803741455,0.05,-9.179919242858887,,
121850,6.88460111618042,0.05,-11.649070739746094,,
121900,0.8256486058235168,0.05,-11.00959300994873,,
121950,3.6442177295684814,0.05,-10.793926239013672,,
122000,1.4116955995559692,0.05,-10.545933723449707,,
122050,5.007145881652832,0.05,-10.860034942626953,,
122100,4.841952800750732,0.05,-10.233461380004883,,
122150,8.448054313659668,0.05,-10.873889923095703,,
122200,12.218517303466797,0.05,-10.515769958496094,,
122250,6.6311354637146,0.05,-10.332247734069824,,
122300,0.6763153672218323,0.05,-10.967026710510254,,
122350,10.15660285949707,0.05,-10.912640571594238,,
122400,2.3589208126068115,0.05,-10.439712524414062,,
122450,4.8454203605651855,0.05,-12.245909690856934,,
122500,18.138097763061523,0.05,-10.5338716506958,,
122550,10.748225212097168,0.05,-9.210065841674805,,
122600,5.427520751953125,0.05,-10.926081657409668,,
122650,30.826993942260742,0.05,-11.396954536437988,,
122700,4.369801998138428,0.05,-10.365157127380371,,
122750,1.8136895895004272,0.05,-10.279534339904785,,
122800,1.4731062650680542,0.05,-11.472384452819824,,
122850,10.678235054016113,0.05,-11.416043281555176,,
122900,4.33677864074707,0.05,-11.67846965789795,,
122950,3.6810379028320312,0.05,-10.59810733795166,,
123000,5.143836498260498,0.05,-11.153952598571777,,
123050,7.146644592285156,0.05,-10.372931480407715,,
123100,4.752561569213867,0.05,-11.742636680603027,,
123150,2.0158565044403076,0.05,-10.380711555480957,,
123200,2.5597152709960938,0.05,-9.838977813720703,,
123250,6.701202392578125,0.05,-10.43033504486084,,
123300,10.850833892822266,0.05,-11.659294128417969,,
123350,21.934267044067383,0.05,-11.388740539550781,,
123400,1.572561264038086,0.05,-10.886534690856934,,
123450,1.3912252187728882,0.05,-10.210562705993652,,
123500,3.3130156993865967,0.05,-10.243794441223145,,
123550,3.546534538269043,0.05,-10.516794204711914,,
123600,5.1301493644714355,0.05,-10.718710899353027,,
123650,1.2645090818405151,0.05,-10.885321617126465,,
123700,13.575840950012207,0.05,-9.241803169250488,,
123750,13.310086250305176,0.05,-9.883894920349121,,
123800,3.2254798412323,0.05,-9.827704429626465,,
123850,3.0593416690826416,0.05,-11.545594215393066,,
123900,4.7574896812438965,0.05,-10.850749969482422,,
123950,4.453641414642334,0.05,-9.988221168518066,,
124000,0.7775123119354248,0.05,-9.663180351257324,,
124050,2.123830556869507,0.05,-10.21084976196289,,
124100,7.9607415199279785,0.05,-10.365225791931152,,
124150,3.7714712619781494,0.05,-10.284914016723633,,
124200,5.164133548736572,0.05,-10.088973045349121,,
124250,1.7341099977493286,0.05,-11.213310241699219,,
124300,4.209113597869873,0.05,-9.414254188537598,,
124350,1.3766593933105469,0.05,-9.484002113342285,,
124400,4.423115253448486,0.05,-9.751463890075684,,
124450,11.610596656799316,0.05,-9.871560096740723,,
124500,6.781665802001953,0.05,-10.59268856048584,,
124550,2.3414151668548584,0.05,-9.634772300720215,,
124600,7.670516490936279,0.05,-10.528773307800293,,
124650,3.6389214992523193,0.05,-10.026595115661621,,
124700,4.832271099090576,0.05,-10.234118461608887,,
124750,2.7820074558258057,0.05,-10.205096244812012,,
124800,8.566742897033691,0.05,-10.715327262878418,,
124850,0.37588557600975037,0.05,-10.749656677246094,,
124900,1.376781940460205,0.05,-9.694159507751465,,
124950,26.35462760925293,0.05,-10.507755279541016,,
125000,3.7374141216278076,0.05,-10.815058708190918,-1.293477121590129,52.666666666666664
125050,9.64157485961914,0.05,-9.970148086547852,,
125100,2.784935235977173,0.05,-11.30605411529541,,
125150,3.413395643234253,0.05,-10.897564888000488,,
125200,4.024714469909668,0.05,-9.44640827178955,,
125250,10.555179595947266,0.05,-9.699952125549316,,
125300,15.984047889709473,0.05,-9.924870491027832,,
125350,13.186736106872559,0.05,-10.56982135772705,,
125400,3.9576504230499268,0.05,-9.562300682067871,,
125450,3.828284978866577,0.05,-10.552736282348633,,
125500,4.942080020904541,0.05,-10.302735328674316,,
125550,15.006058692932129,0.05,-10.016952514648438,,
125600,4.1883416175842285,0.05,-10.945883750915527,,
125650,14.736124992370605,0.05,-11.781798362731934,,
125700,5.872100353240967,0.05,-10.892756462097168,,
125750,3.460466146469116,0.05,-9.804166793823242,,
125800,2.673581838607788,0.05,-10.11232852935791,,
125850,5.166966438293457,0.05,-11.018376350402832,,
125900,10.633363723754883,0.05,-12.391827583312988,,
125950,2.2754294872283936,0.05,-11.307271003723145,,
126000,9.647497177124023,0.05,-10.332673072814941,,
126050,4.325653076171875,0.05,-11.367386817932129,,
126100,4.99830436706543,0.05,-11.035713195800781,,
126150,5.144223690032959,0.05,-10.622097969055176,,
126200,6.354830265045166,0.05,-10.878056526184082,,
126250,7.733493804931641,0.05,-12.227116584777832,,
126300,27.28300666809082,0.05,-10.080623626708984,,
126350,0.4176158607006073,0.05,-10.165990829467773,,
126400,7.814432144165039,0.05,-11.342529296875,,
126450,5.590086460113525,0.05,-9.367534637451172,,
126500,2.3601224422454834,0.05,-10.840449333190918,,
126550,11.136202812194824,0.05,-11.526554107666016,,
126600,6.2358880043029785,0.05,-9.564101219177246,,
126650,24.854787826538086,0.05,-11.091500282287598,,
126700,1.712851881980896,0.05,-9.972637176513672,,
126750,2.0738351345062256,0.05,-9.771882057189941,,
126800,1.2933564186096191,0.05,-9.226834297180176,,
126850,9.172717094421387,0.05,-10.882484436035156,,
126900,6.026257038116455,0.05,-10.805638313293457,,
126950,2.2946414947509766,0.05,-11.363774299621582,,
127000,8.966793060302734,0.05,-11.388728141784668,,
127050,4.918541431427002,0.05,-11.062469482421875,,
127100,10.939408302307129,0.05,-11.303372383117676,,
127150,2.9246561527252197,0.05,-9.121489524841309,,
127200,12.583983421325684,0.05,-11.319661140441895,,
127250,6.539127826690674,0.05,-12.031143188476562,,
127300,9.733381271362305,0.05,-9.61260986328125,,
127350,6.330928802490234,0.05,-12.4535493850708,,
127400,1.925315022468567,0.05,-10.029996871948242,,
127450,10.756797790527344,0.05,-10.776180267333984,,
127500,3.273327112197876,0.05,-10.871975898742676,,
127550,2.450988531112671,0.05,-9.64254093170166,,
127600,9.868551254272461,0.05,-10.000940322875977,,
127650,6.069590091705322,0.05,-11.726805686950684,,
127700,9.313523292541504,0.05,-10.040027618408203,,
127750,13.974081993103027,0.05,-11.516982078552246,,
127800,2.630807876586914,0.05,-9.404183387756348,,
127850,11.20908260345459,0.05,-10.849282264709473,,
127900,8.11690616607666,0.05,-9.868130683898926,,
127950,2.8638076782226562,0.05,-10.32565975189209,,
128000,8.714886665344238,0.05,-10.385979652404785,,
128050,3.9888064861297607,0.05,-11.405105590820312,,
128100,2.0611932277679443,0.05,-9.989990234375,,
128150,5.695383071899414,0.05,-9.778231620788574,,
128200,2.8842036724090576,0.05,-13.079569816589355,,
128250,3.2635955810546875,0.05,-10.21835994720459,,
128300,1.0272929668426514,0.05,-11.285000801086426,,
128350,2.977327585220337,0.05,-10.951645851135254,,
128400,2.4520466327667236,0.05,-11.261581420898438,,
128450,5.717273235321045,0.05,-10.586503982543945,,
128500,3.9613168239593506,0.05,-9.758212089538574,,
128550,11.35776138305664,0.05,-11.773661613464355,,
128600,5.341884613037109,0.05,-9.91355037689209,,
128650,13.23497486114502,0.05,-10.00024700164795,,
128700,8.456466674804688,0.05,-12.290966033935547,,
128750,2.9931581020355225,0.05,-9.605509757995605,,
128800,3.8406970500946045,0.05,-9.77308464050293,,
128850,14.51159954071045,0.05,-9.889845848083496,,
128900,13.037506103515625,0.05,-10.863994598388672,,
128950,14.096116065979004,0.05,-10.267712593078613,,
129000,12.868130683898926,0.05,-9.056098937988281,,
129050,11.107540130615234,0.05,-8.999101638793945,,
129100,21.43029022216797,0.05,-10.299086570739746,,
129150,3.3479321002960205,0.05,-9.914021492004395,,
129200,7.305989742279053,0.05,-9.284610748291016,,
129250,5.722794055938721,0.05,-11.814427375793457,,
129300,11.605243682861328,0.05,-10.590882301330566,,
129350,4.281107425689697,0.05,-10.471137046813965,,
129400,1.0849465131759644,0.05,-9.838842391967773,,
129450,9.539551734924316,0.05,-10.839714050292969,,
129500,3.164586067199707,0.05,-9.720595359802246,,
129550,9.269608497619629,0.05,-11.306670188903809,,
129600,0.4466722905635834,0.05,-9.388361930847168,,
129650,15.940914154052734,0.05,-10.388635635375977,,
129700,2.4359347820281982,0.05,-10.4422025680542,,
129750,11.00649642944336,0.05,-10.69542407989502,,
129800,5.797314167022705,0.05,-10.519968032836914,,
129850,9.715622901916504,0.05,-9.1921968460083,,
129900,6.621818542480469,0.05,-9.82758903503418,,
129950,2.2487194538116455,0.05,-9.350519180297852,,
130000,8.630753517150879,0.05,-10.376078605651855,,
130050,15.440433502197266,0.05,-10.202506065368652,,
130100,12.12717342376709,0.05,-11.249495506286621,,
130150,8.030287742614746,0.05,-10.17394733428955,,
130200,2.5033795833587646,0.05,-11.07299518585205,,
130250,2.6195454597473145,0.05,-10.71707820892334,,
130300,9.818379402160645,0.05,-10.938155174255371,,
130350,3.5056440830230713,0.05,-10.57674503326416,,
130400,13.413178443908691,0.05,-10.304244041442871,,
130450,3.9017679691314697,0.05,-11.331196784973145,,
130500,5.150355815887451,0.05,-10.387298583984375,,
130550,1.3819738626480103,0.05,-9.359524726867676,,
130600,1.9762544631958008,0.05,-10.733168601989746,,
130650,10.930886268615723,0.05,-10.011826515197754,,
130700,7.787655353546143,0.05,-9.154812812805176,,
130750,3.555821418762207,0.05,-11.098565101623535,,
130800,8.095280647277832,0.05,-10.588626861572266,,
130850,10.078112602233887,0.05,-9.54689884185791,,
130900,6.7584967613220215,0.05,-9.578812599182129,,
130950,18.263368606567383,0.05,-9.897777557373047,,
131000,3.63057541847229,0.05,-9.559815406799316,,
131050,3.2999331951141357,0.05,-10.637526512145996,,
131100,2.597360849380493,0.05,-9.416851043701172,,
131150,12.02394962310791,0.05,-9.560025215148926,,
131200,1.321036458015442,0.05,-9.976200103759766,,
131250,6.67004919052124,0.05,-10.611674308776855,,
131300,2.7533457279205322,0.05,-10.879009246826172,,
131350,8.728386878967285,0.05,-9.076619148254395,,
131400,24.69243049621582,0.05,-10.329350471496582,,
131450,5.083790302276611,0.05,-10.999225616455078,,
131500,1.252416968345642,0.05,-8.995182037353516,,
131550,3.1945807933807373,0.05,-10.135735511779785,,
131600,7.90321159362793,0.05,-9.433006286621094,,
131650,14.104179382324219,0.05,-9.460770606994629,,
131700,1.6460157632827759,0.05,-9.881608009338379,,
131750,7.694611072540283,0.05,-10.973578453063965,,
131800,7.386579513549805,0.05,-9.678850173950195,,
131850,14.34485149383545,0.05,-10.555359840393066,,
131900,3.864062547683716,0.05,-9.974457740783691,,
131950,6.695915222167969,0.05,-9.880932807922363,,
132000,2.7415382862091064,0.05,-10.019989013671875,,
132050,0.530369222164154,0.05,-10.184975624084473,,
132100,14.924388885498047,0.05,-10.108630180358887,,
132150,1.6733726263046265,0.05,-10.137558937072754,,
132200,5.604893207550049,0.05,-11.306060791015625,,
132250,2.565032720565796,0.05,-9.797945976257324,,
132300,5.052532196044922,0.05,-10.695845603942871,,
132350,15.798500061035156,0.05,-11.412300109863281,,
132400,6.784238338470459,0.05,-9.123138427734375,,
132450,1.4458794593811035,0.05,-9.88947582244873,,
132500,7.5568413734436035,0.05,-10.37983512878418,,
132550,6.060774326324463,0.05,-10.424277305603027,,
132600,10.831698417663574,0.05,-9.389008522033691,,
132650,8.672372817993164,0.05,-10.544578552246094,,
132700,0.38753974437713623,0.05,-8.744490623474121,,
132750,5.532958984375,0.05,-9.465926170349121,,
132800,2.3712282180786133,0.05,-9.871684074401855,,
132850,1.1066739559173584,0.05,-9.342085838317871,,
132900,6.917874813079834,0.05,-11.016221046447754,,
132950,3.1619112491607666,0.05,-10.495209693908691,,
133000,3.7517290115356445,0.05,-10.840916633605957,,
133050,8.09463882446289,0.05,-10.147290229797363,,
133100,0.9406235218048096,0.05,-10.594161987304688,,
133150,4.16375207901001,0.05,-11.13242244720459,,
133200,5.000659465789795,0.05,-10.285638809204102,,
133250,3.3955352306365967,0.05,-9.436662673950195,,
133300,3.214245080947876,0.05,-9.959206581115723,,
133350,3.8754475116729736,0.05,-8.56386947631836,,
133400,4.933343410491943,0.05,-8.446724891662598,,
133450,0.34979167580604553,0.05,-8.69067096710205,,
133500,1.4764271974563599,0.05,-9.7046480178833,,
133550,0.9298653602600098,0.05,-8.62244701385498,,
133600,6.592584133148193,0.05,-8.960380554199219,,
133650,2.9333293437957764,0.05,-9.726036071777344,,
133700,0.6320800185203552,0.05,-8.556358337402344,,
133750,4.162066459655762,0.05,-10.368678092956543,,
133800,8.906451225280762,0.05,-9.022534370422363,,
133850,11.434410095214844,0.05,-8.956625938415527,,
133900,14.580159187316895,0.05,-11.685100555419922,,
133950,0.9644518494606018,0.05,-8.434883117675781,,
134000,0.7037833333015442,0.05,-9.855513572692871,,
134050,3.111983060836792,0.05,-9.138508796691895,,
134100,0.7282187938690186,0.05,-8.80441951751709,,
134150,2.8943870067596436,0.05,-10.73741626739502,,
134200,0.37850621342658997,0.05,-8.870144844055176,,
134250,2.304370403289795,0.05,-9.062317848205566,,
134300,5.126131534576416,0.05,-9.725624084472656,,
134350,0.43386825919151306,0.05,-9.278752326965332,,
134400,5.894134044647217,0.05,-8.51244831085205,,
134450,5.100792407989502,0.05,-9.434732437133789,,
134500,4.85377836227417,0.05,-9.86705493927002,,
134550,3.120218276977539,0.05,-8.963549613952637,,
134600,0.7563273310661316,0.05,-9.418075561523438,,
134650,1.3314772844314575,0.05,-9.162140846252441,,
134700,6.359585285186768,0.05,-9.652949333190918,,
134750,1.5848227739334106,0.05,-9.661030769348145,,
134800,8.070130348205566,0.05,-9.096056938171387,,
134850,6.912398815155029,0.05,-10.090790748596191,,
134900,6.4223313331604,0.05,-8.952713966369629,,
134950,10.47645378112793,0.05,-9.733044624328613,,
135000,0.31408825516700745,0.05,-7.745922088623047,,
135050,6.736896514892578,0.05,-10.215439796447754,,
135100,7.476303577423096,0.05,-9.385207176208496,,
135150,9.019917488098145,0.05,-9.124038696289062,,
135200,7.33985710144043,0.05,-9.860024452209473,,
135250,1.4765266180038452,0.05,-9.199551582336426,,
135300,6.322498321533203,0.05,-9.75434398651123,,
135350,1.6702251434326172,0.05,-9.820107460021973,,
135400,6.223018169403076,0.05,-8.962109565734863,,
135450,3.6950533390045166,0.05,-9.357481002807617,,
135500,6.454946041107178,0.05,-8.45994758605957,,
135550,9.665931701660156,0.05,-9.460323333740234,,
135600,10.212934494018555,0.05,-9.902358055114746,,
135650,6.047239303588867,0.05,-8.361226081848145,,
135700,3.965616464614868,0.05,-8.810914993286133,,
135750,12.6471586227417,0.05,-9.575103759765625,,
135800,3.6867685317993164,0.05,-9.391844749450684,,
135850,6.279224872589111,0.05,-8.979701042175293,,
135900,0.8472610116004944,0.05,-8.00265121459961,,
135950,3.94124436378479,0.05,-8.102229118347168,,
136000,17.06975746154785,0.05,-10.42020320892334,,
136050,4.4384846687316895,0.05,-9.629045486450195,,
136100,10.414109230041504,0.05,-8.750380516052246,,
136150,15.06357192993164,0.05,-9.3534574508667,,
136200,5.301157474517822,0.05,-9.40177059173584,,
136250,3.200136423110962,0.05,-9.736201286315918,,
136300,3.4581644535064697,0.05,-9.107356071472168,,
136350,3.7468326091766357,0.05,-8.765448570251465,,
136400,14.952940940856934,0.05,-8.728055000305176,,
136450,3.1912853717803955,0.05,-9.329989433288574,,
136500,3.0992002487182617,0.05,-8.903658866882324,,
136550,9.25377368927002,0.05,-8.850701332092285,,
136600,10.776459693908691,0.05,-9.516979217529297,,
136650,7.104795455932617,0.05,-8.399163246154785,,
136700,4.168481349945068,0.05,-9.647348403930664,,
136750,1.9151334762573242,0.05,-8.977606773376465,,
136800,2.612269639968872,0.05,-10.459165573120117,,
136850,11.2897367477417,0.05,-9.604636192321777,,
136900,5.4061808586120605,0.05,-9.106921195983887,,
136950,3.8481996059417725,0.05,-8.820286750793457,,
137000,9.107064247131348,0.05,-8.85350513458252,,
137050,12.486862182617188,0.05,-10.271777153015137,,
137100,19.841611862182617,0.05,-10.965645790100098,,
137150,6.393032550811768,0.05,-9.839577674865723,,
137200,1.4822397232055664,0.05,-9.081704139709473,,
137250,22.280115127563477,0.05,-9.25572681427002,,
137300,3.353006601333618,0.05,-10.159844398498535,,
137350,3.8935511112213135,0.05,-8.385217666625977,,
137400,9.442641258239746,0.05,-10.407927513122559,,
137450,10.338897705078125,0.05,-10.849736213684082,,
137500,9.8102445602417,0.05,-9.373063087463379,,
137550,13.516586303710938,0.05,-9.886456489562988,,
137600,13.618850708007812,0.05,-9.04712200164795,,
137650,5.518972396850586,0.05,-9.34372329711914,,
137700,3.277721643447876,0.05,-9.394970893859863,,
137750,3.3420305252075195,0.05,-8.688143730163574,,
137800,2.0720021724700928,0.05,-9.07105827331543,,
137850,6.084287166595459,0.05,-8.172673225402832,,
137900,6.287550449371338,0.05,-9.443150520324707,,
137950,6.763997554779053,0.05,-8.607211112976074,,
138000,2.388352155685425,0.05,-8.087671279907227,,
138050,5.5315423011779785,0.05,-9.641202926635742,,
138100,2.979508638381958,0.05,-9.548164367675781,,
138150,1.8674434423446655,0.05,-8.530856132507324,,
138200,6.681224822998047,0.05,-8.030112266540527,,
138250,3.5362308025360107,0.05,-7.983388423919678,,
138300,1.5852683782577515,0.05,-9.472383499145508,,
138350,0.35285839438438416,0.05,-8.485559463500977,,
138400,1.0045331716537476,0.05,-8.9010009765625,,
138450,1.31047523021698,0.05,-8.517939567565918,,
138500,1.3628993034362793,0.05,-8.928200721740723,,
138550,6.074374675750732,0.05,-9.417591094970703,,
138600,2.629401445388794,0.05,-8.099370956420898,,
138650,4.249809265136719,0.05,-8.090509414672852,,
138700,0.5524922013282776,0.05,-7.737551212310791,,
138750,3.6302554607391357,0.05,-8.580695152282715,,
138800,0.6511494517326355,0.05,-7.521072864532471,,
138850,5.903585433959961,0.05,-9.291193008422852,,
138900,10.166892051696777,0.05,-9.404705047607422,,
138950,3.8531112670898438,0.05,-8.952914237976074,,
139000,5.475093841552734,0.05,-9.03105640411377,,
139050,6.465261936187744,0.05,-9.515035629272461,,
139100,11.314953804016113,0.05,-9.932049751281738,,
139150,12.279215812683105,0.05,-9.292622566223145,,
139200,2.959630012512207,0.05,-8.304789543151855,,
139250,5.851774215698242,0.05,-8.100197792053223,,
139300,0.6963645815849304,0.05,-7.459452152252197,,
139350,1.4546781778335571,0.05,-8.386364936828613,,
139400,0.43391358852386475,0.05,-7.963618755340576,,
139450,4.8927483558654785,0.05,-8.29931354522705,,
139500,8.860541343688965,0.05,-9.02906322479248,,
139550,8.807602882385254,0.05,-7.9597015380859375,,
139600,7.348178863525391,0.05,-8.016647338867188,,
139650,0.377972811460495,0.05,-7.81781005859375,,
139700,7.910478115081787,0.05,-8.983575820922852,,
139750,6.790710926055908,0.05,-7.555567264556885,,
139800,2.5196292400360107,0.05,-10.52857494354248,,
139850,4.683770656585693,0.05,-8.26988410949707,,
139900,5.317881107330322,0.05,-9.588242530822754,,
139950,12.575302124023438,0.05,-8.543328285217285,,
140000,2.8176870346069336,0.05,-8.50102710723877,,
140050,17.552427291870117,0.05,-9.514216423034668,,
140100,5.145573139190674,0.05,-9.389679908752441,,
140150,13.710000038146973,0.05,-8.299398422241211,,
140200,8.057872772216797,0.05,-10.345987319946289,,
140250,3.559997797012329,0.05,-8.915027618408203,,
140300,14.24323558807373,0.05,-9.278968811035156,,
140350,11.193339347839355,0.05,-9.675517082214355,,
140400,5.6166090965271,0.05,-9.010279655456543,,
140450,0.8204215168952942,0.05,-8.676484107971191,,
140500,10.348761558532715,0.05,-9.762105941772461,,
140550,8.24867057800293,0.05,-10.664562225341797,,
140600,3.7447879314422607,0.05,-8.582039833068848,,
140650,1.4409136772155762,0.05,-9.586272239685059,,
140700,2.149339437484741,0.05,-9.447484016418457,,
140750,7.035672664642334,0.05,-9.802273750305176,,
140800,10.613028526306152,0.05,-8.691317558288574,,
140850,2.359055519104004,0.05,-8.251240730285645,,
140900,1.425589680671692,0.05,-8.605839729309082,,
140950,9.611241340637207,0.05,-9.70240306854248,,
141000,5.998872756958008,0.05,-9.136113166809082,,
141050,6.014503002166748,0.05,-8.675442695617676,,
141100,4.249156475067139,0.05,-8.484490394592285,,
141150,4.182268142700195,0.05,-9.160331726074219,,
141200,11.906617164611816,0.05,-9.478922843933105,,
141250,10.521758079528809,0.05,-9.633415222167969,,
141300,1.1556824445724487,0.05,-7.536258697509766,,
141350,4.805503845214844,0.05,-9.241158485412598,,
141400,2.2064032554626465,0.05,-9.69776439666748,,
141450,8.882172584533691,0.05,-9.280970573425293,,
141500,4.29759407043457,0.05,-7.541768550872803,,
141550,5.905698299407959,0.05,-8.47282886505127,,
141600,5.066719055175781,0.05,-9.07407283782959,,
141650,10.897137641906738,0.05,-8.485569953918457,,
141700,5.4521355628967285,0.05,-9.0424165725708,,
141750,0.28193607926368713,0.05,-10.046859741210938,,
141800,5.096817970275879,0.05,-9.011919021606445,,
141850,0.3842094838619232,0.05,-7.870041370391846,,
141900,1.517406940460205,0.05,-8.374341011047363,,
141950,5.156900882720947,0.05,-8.191542625427246,,
142000,1.3914095163345337,0.05,-8.761634826660156,,
142050,0.2873528003692627,0.05,-8.505166053771973,,
142100,5.863397598266602,0.05,-7.368110656738281,,
142150,1.0952097177505493,0.05,-8.1574125289917,,
142200,4.118699550628662,0.05,-9.091490745544434,,
142250,1.2644907236099243,0.05,-9.249053001403809,,
142300,3.5205466747283936,0.05,-8.428251266479492,,
142350,1.5950127840042114,0.05,-7.673075199127197,,
142400,5.622059345245361,0.05,-10.213306427001953,,
142450,8.684393882751465,0.05,-8.794719696044922,,
142500,5.942590713500977,0.05,-8.340909004211426,,
142550,6.653275012969971,0.05,-7.848660945892334,,
142600,8.473397254943848,0.05,-8.567733764648438,,
142650,0.7977316975593567,0.05,-8.227389335632324,,
142700,4.1110124588012695,0.05,-8.269970893859863,,
142750,3.4883296489715576,0.05,-8.891239166259766,,
142800,6.587523937225342,0.05,-9.337553977966309,,
142850,10.700526237487793,0.05,-8.376659393310547,,
142900,2.2828423976898193,0.05,-8.69796085357666,,
142950,6.394694805145264,0.05,-7.419315338134766,,
143000,16.73271369934082,0.05,-9.596508026123047,,
143050,2.0506932735443115,0.05,-8.098214149475098,,
143100,4.022482395172119,0.05,-9.026970863342285,,
143150,7.44491720199585,0.05,-8.088332176208496,,
143200,3.735907554626465,0.05,-8.301965713500977,,
143250,3.061220169067383,0.05,-8.238595008850098,,
143300,4.858643054962158,0.05,-9.495335578918457,,
143350,1.7009838819503784,0.05,-7.887754917144775,,
143400,2.650090456008911,0.05,-10.079511642456055,,
143450,1.1780829429626465,0.05,-9.37254810333252,,
143500,8.247279167175293,0.05,-8.850744247436523,,
143550,11.835712432861328,0.05,-9.70866870880127,,
143600,12.618332862854004,0.05,-8.320624351501465,,
143650,12.067955017089844,0.05,-8.249967575073242,,
143700,0.5629469752311707,0.05,-9.192605018615723,,
143750,3.7454946041107178,0.05,-9.675721168518066,,
143800,1.6440696716308594,0.05,-8.128338813781738,,
143850,12.035396575927734,0.05,-10.398346900939941,,
143900,0.6299121975898743,0.05,-10.537819862365723,,
143950,3.5568268299102783,0.05,-9.576543807983398,,
144000,4.912827014923096,0.05,-8.52769947052002,,
144050,0.5313745141029358,0.05,-8.233878135681152,,
144100,9.398821830749512,0.05,-9.984427452087402,,
144150,8.815019607543945,0.05,-8.912564277648926,,
144200,10.333611488342285,0.05,-8.885957717895508,,
144250,3.0317907333374023,0.05,-8.863743782043457,,
144300,6.673696517944336,0.05,-8.496153831481934,,
144350,9.459792137145996,0.05,-8.745404243469238,,
144400,10.696248054504395,0.05,-8.876321792602539,,
144450,7.980697154998779,0.05,-8.802702903747559,,
144500,6.533667087554932,0.05,-8.523715019226074,,
144550,5.098616600036621,0.05,-8.326004028320312,,
144600,4.234767913818359,0.05,-7.672098636627197,,
144650,2.2898831367492676,0.05,-7.894576549530029,,
144700,3.088869333267212,0.05,-8.249290466308594,,
144750,10.407211303710938,0.05,-8.822083473205566,,
144800,6.040098190307617,0.05,-8.454861640930176,,
144850,6.627379894256592,0.05,-10.082976341247559,,
144900,4.5222625732421875,0.05,-8.64476203918457,,
144950,0.6405300498008728,0.05,-8.225491523742676,,
145000,4.417715072631836,0.05,-8.791387557983398,,
145050,11.887043952941895,0.05,-8.355603218078613,,
145100,12.608908653259277,0.05,-8.941696166992188,,
145150,7.647546768188477,0.05,-7.901038646697998,,
145200,0.6392630934715271,0.05,-7.443422317504883,,
145250,2.6529300212860107,0.05,-7.570987701416016,,
145300,13.935714721679688,0.05,-8.780314445495605,,
145350,4.720955848693848,0.05,-7.5941081047058105,,
145400,4.002045154571533,0.05,-8.253954887390137,,
145450,0.28500744700431824,0.05,-7.442235946655273,,
145500,18.680665969848633,0.05,-8.28242301940918,,
145550,1.727962851524353,0.05,-8.79932689666748,,
145600,6.163167476654053,0.05,-9.153904914855957,,
145650,3.6533727645874023,0.05,-8.400519371032715,,
145700,0.9037148356437683,0.05,-8.13036060333252,,
145750,4.099865436553955,0.05,-9.169851303100586,,
145800,1.3999849557876587,0.05,-9.458882331848145,,
145850,6.6512675285339355,0.05,-8.620234489440918,,
145900,2.1006877422332764,0.05,-8.775288581848145,,
145950,3.034919023513794,0.05,-8.817378997802734,,
146000,2.660740613937378,0.05,-7.651813507080078,,
146050,5.030086994171143,0.05,-8.880718231201172,,
146100,4.502624988555908,0.05,-9.418001174926758,,
146150,8.8774995803833,0.05,-7.752193450927734,,
146200,1.7846091985702515,0.05,-8.226384162902832,,
146250,1.3868746757507324,0.05,-7.375275135040283,,
146300,2.7254483699798584,0.05,-8.044836044311523,,
146350,1.6667041778564453,0.05,-8.120989799499512,,
146400,3.5490520000457764,0.05,-8.857134819030762,,
146450,3.458402633666992,0.05,-8.425522804260254,,
146500,5.527442455291748,0.05,-8.936081886291504,,
146550,10.787060737609863,0.05,-8.48144817352295,,
146600,10.393590927124023,0.05,-10.035161972045898,,
146650,9.595857620239258,0.05,-9.616944313049316,,
146700,2.651219129562378,0.05,-7.688638210296631,,
146750,2.7269203662872314,0.05,-8.281290054321289,,
146800,12.422484397888184,0.05,-7.82233190536499,,
146850,3.487187147140503,0.05,-7.771274089813232,,
146900,1.3898950815200806,0.05,-8.637141227722168,,
146950,5.77875280380249,0.05,-7.550960540771484,,
147000,7.199352741241455,0.05,-8.180150032043457,,
147050,3.8970096111297607,0.05,-8.042008399963379,,
147100,0.22138166427612305,0.05,-7.678255558013916,,
147150,4.700789928436279,0.05,-9.694231986999512,,
147200,2.841325044631958,0.05,-7.600059509277344,,
147250,13.203136444091797,0.05,-8.932543754577637,,
147300,3.0869977474212646,0.05,-8.384125709533691,,
147350,6.298711776733398,0.05,-8.734265327453613,,
147400,1.0045862197875977,0.05,-8.581661224365234,,
147450,1.1933940649032593,0.05,-8.460442543029785,,
147500,1.7391371726989746,0.05,-8.246102333068848,,
147550,3.2136390209198,0.05,-8.09540843963623,,
147600,1.8980995416641235,0.05,-8.211734771728516,,
147650,0.5985710620880127,0.05,-8.904245376586914,,
147700,3.4446098804473877,0.05,-8.481110572814941,,
147750,5.8639235496521,0.05,-7.903113842010498,,
147800,4.236510753631592,0.05,-9.371329307556152,,
147850,5.049818515777588,0.05,-8.007782936096191,,
147900,3.447153091430664,0.05,-9.331198692321777,,
147950,2.214658498764038,0.05,-8.109627723693848,,
148000,9.146873474121094,0.05,-8.78134822845459,,
148050,8.266243934631348,0.05,-9.13608455657959,,
148100,2.005274534225464,0.05,-8.060696601867676,,
148150,2.8207998275756836,0.05,-8.23277473449707,,
148200,5.919219970703125,0.05,-8.650795936584473,,
148250,2.5852649211883545,0.05,-8.59383487701416,,
148300,0.8791739344596863,0.05,-8.678380012512207,,
148350,6.5460991859436035,0.05,-7.860778331756592,,
148400,3.317652463912964,0.05,-8.648239135742188,,
148450,1.6204849481582642,0.05,-8.760111808776855,,
148500,4.875712871551514,0.05,-9.277094841003418,,
148550,8.39964771270752,0.05,-8.06586742401123,,
148600,9.833632469177246,0.05,-9.031638145446777,,
148650,5.689310073852539,0.05,-7.573318004608154,,
148700,6.88805627822876,0.05,-8.658352851867676,,
148750,1.9272675514221191,0.05,-9.065503120422363,,
148800,5.619918346405029,0.05,-8.559978485107422,,
148850,2.9580066204071045,0.05,-9.536925315856934,,
148900,3.355801820755005,0.05,-7.6697845458984375,,
148950,1.6088961362838745,0.05,-9.480973243713379,,
149000,4.135339736938477,0.05,-8.419940948486328,,
149050,6.0364203453063965,0.05,-7.971310138702393,,
149100,7.0843825340271,0.05,-7.497786998748779,,
149150,6.386536121368408,0.05,-8.576397895812988,,
149200,4.202944278717041,0.05,-8.83720588684082,,
149250,2.021456480026245,0.05,-8.000075340270996,,
149300,2.624257802963257,0.05,-8.2919340133667,,
149350,3.859724760055542,0.05,-8.910162925720215,,
149400,7.529594421386719,0.05,-8.918484687805176,,
149450,1.1939703226089478,0.05,-9.126843452453613,,
149500,1.2772794961929321,0.05,-9.150309562683105,,
149550,7.77590799331665,0.05,-7.497901439666748,,
149600,6.588902950286865,0.05,-7.880944728851318,,
149650,0.5497310161590576,0.05,-8.344040870666504,,
149700,5.514740467071533,0.05,-8.778016090393066,,
149750,1.3445593118667603,0.05,-7.423457622528076,,
149800,6.8782477378845215,0.05,-7.644132614135742,,
149850,6.848913192749023,0.05,-6.977173328399658,,
149900,2.513068675994873,0.05,-9.287219047546387,,
149950,0.21089614927768707,0.05,-8.245621681213379,,
150000,2.4875435829162598,0.05,-7.8188300132751465,-0.5827429580253708,30.8
150050,10.458895683288574,0.05,-8.352970123291016,,
150100,1.409327507019043,0.05,-7.3581366539001465,,
150150,8.610427856445312,0.05,-8.1361083984375,,
150200,1.0469406843185425,0.05,-8.135425567626953,,
150250,1.4051755666732788,0.05,-7.926711559295654,,
150300,3.3889167308807373,0.05,-7.9245147705078125,,
150350,4.009758472442627,0.05,-8.518031120300293,,
150400,9.141518592834473,0.05,-8.995043754577637,,
150450,1.546006679534912,0.05,-7.722384929656982,,
150500,4.66851282119751,0.05,-9.129329681396484,,
150550,6.43095064163208,0.05,-7.528240203857422,,
150600,2.3748884201049805,0.05,-7.906373977661133,,
150650,9.842989921569824,0.05,-8.89042854309082,,
150700,9.002798080444336,0.05,-8.812761306762695,,
150750,6.574548244476318,0.05,-7.585388660430908,,
150800,1.7889693975448608,0.05,-9.742205619812012,,
150850,0.18757009506225586,0.05,-7.082108974456787,,
150900,4.260824680328369,0.05,-8.584921836853027,,
150950,7.555559158325195,0.05,-9.266876220703125,,
151000,5.365810871124268,0.05,-8.56204605102539,,
151050,9.967991828918457,0.05,-9.539395332336426,,
151100,3.068669080734253,0.05,-8.504426002502441,,
151150,1.0502862930297852,0.05,-8.72879409790039,,
151200,6.009871006011963,0.05,-8.164877891540527,,
151250,8.728367805480957,0.05,-8.179917335510254,,
151300,12.341801643371582,0.05,-8.592375755310059,,
151350,5.3449387550354,0.05,-7.803795337677002,,
151400,9.199297904968262,0.05,-9.071385383605957,,
151450,5.331293106079102,0.05,-9.63137149810791,,
151500,6.7484564781188965,0.05,-9.301889419555664,,
151550,11.914676666259766,0.05,-9.029003143310547,,
151600,10.746399879455566,0.05,-7.2954559326171875,,
151650,4.772689342498779,0.05,-8.925962448120117,,
151700,1.0931925773620605,0.05,-9.063901901245117,,
151750,5.414303302764893,0.05,-8.95965576171875,,
151800,0.15694214403629303,0.05,-6.964014530181885,,
151850,3.4099273681640625,0.05,-9.558344841003418,,
151900,2.8091185092926025,0.05,-8.5111722946167,,
151950,5.4379096031188965,0.05,-9.782242774963379,,
152000,9.44983196258545,0.05,-7.760536193847656,,
152050,14.278973579406738,0.05,-7.524075031280518,,
152100,1.7802337408065796,0.05,-7.8260321617126465,,
152150,0.558235228061676,0.05,-7.630753040313721,,
152200,4.401585102081299,0.05,-8.433363914489746,,
152250,1.5503953695297241,0.05,-9.081869125366211,,
152300,2.4457828998565674,0.05,-9.000584602355957,,
152350,5.813284397125244,0.05,-7.772998809814453,,
152400,6.1508097648620605,0.05,-8.252471923828125,,
152450,11.54457950592041,0.05,-8.334906578063965,,
152500,1.7254844903945923,0.05,-8.780394554138184,,
152550,5.244129180908203,0.05,-7.1332879066467285,,
152600,15.8594388961792,0.05,-7.447995662689209,,
152650,6.4213433265686035,0.05,-7.378873825073242,,
152700,6.560474872589111,0.05,-7.317065715789795,,
152750,2.351383924484253,0.05,-9.267352104187012,,
152800,2.1600699424743652,0.05,-7.498030185699463,,
152850,1.0564574003219604,0.05,-8.014291763305664,,
152900,4.835279941558838,0.05,-8.244029998779297,,
152950,3.0872230529785156,0.05,-8.526482582092285,,
153000,1.423810601234436,0.05,-7.13210916519165,,
153050,1.1500022411346436,0.05,-6.914638042449951,,
153100,5.397928714752197,0.05,-8.310639381408691,,
153150,1.6465091705322266,0.05,-10.011896133422852,,
153200,8.214173316955566,0.05,-7.819040775299072,,
153250,11.158101081848145,0.05,-6.835896968841553,,
153300,7.426513195037842,0.05,-8.542308807373047,,
153350,2.5228006839752197,0.05,-9.082294464111328,,
153400,2.1048123836517334,0.05,-7.869800090789795,,
153450,4.916141986846924,0.05,-8.241408348083496,,
153500,1.2972551584243774,0.05,-8.763532638549805,,
153550,1.297869324684143,0.05,-7.029390335083008,,
153600,2.075817346572876,0.05,-8.966683387756348,,
153650,2.1380112171173096,0.05,-8.080355644226074,,
153700,0.5193315148353577,0.05,-6.839894771575928,,
153750,3.2554492950439453,0.05,-6.810291767120361,,
153800,3.493616819381714,0.05,-8.704209327697754,,
153850,3.5140597820281982,0.05,-8.33548641204834,,
153900,1.0879453420639038,0.05,-8.633124351501465,,
153950,4.416759967803955,0.05,-7.2324957847595215,,
154000,6.812869548797607,0.05,-8.842225074768066,,
154050,8.52865219116211,0.05,-7.550093173980713,,
154100,5.741677761077881,0.05,-7.925651550292969,,
154150,5.691009044647217,0.05,-8.240718841552734,,
154200,4.209513187408447,0.05,-8.952995300292969,,
154250,4.843404769897461,0.05,-8.004059791564941,,
154300,23.96578025817871,0.05,-7.49407958984375,,
154350,5.656383514404297,0.05,-8.215861320495605,,
154400,8.03277587890625,0.05,-8.376269340515137,,
154450,0.886136531829834,0.05,-5.890020847320557,,
154500,3.458112955093384,0.05,-8.76147174835205,,
154550,2.131615400314331,0.05,-7.846951961517334,,
154600,2.5189120769500732,0.05,-8.777098655700684,,
154650,7.16425085067749,0.05,-8.806073188781738,,
154700,12.56507396697998,0.05,-8.295454025268555,,
154750,4.193323612213135,0.05,-8.780077934265137,,
154800,13.000373840332031,0.05,-7.3506903648376465,,
154850,15.080986022949219,0.05,-8.799751281738281,,
154900,3.0455076694488525,0.05,-9.214364051818848,,
154950,8.471096992492676,0.05,-8.768491744995117,,
155000,4.585342884063721,0.05,-8.458168029785156,,
155050,6.213579177856445,0.05,-7.638397693634033,,
155100,3.707058906555176,0.05,-7.426881313323975,,
155150,1.0633840560913086,0.05,-7.905965328216553,,
155200,0.6194632649421692,0.05,-7.313789367675781,,
155250,5.13833475112915,0.05,-8.500995635986328,,
155300,14.892827033996582,0.05,-7.890965938568115,,
155350,5.944057941436768,0.05,-8.296433448791504,,
155400,8.06052303314209,0.05,-8.065523147583008,,
155450,2.7870852947235107,0.05,-9.320460319519043,,
155500,9.323118209838867,0.05,-8.110280990600586,,
155550,0.6498448252677917,0.05,-7.763070583343506,,
155600,15.179553031921387,0.05,-9.479972839355469,,
155650,0.8998148441314697,0.05,-8.350421905517578,,
155700,6.442575931549072,0.05,-6.887465000152588,,
155750,3.5625979900360107,0.05,-9.02477741241455,,
155800,2.2532095909118652,0.05,-8.486210823059082,,
155850,8.312636375427246,0.05,-8.850217819213867,,
155900,10.312435150146484,0.05,-8.25059986114502,,
155950,1.6244750022888184,0.05,-7.083709239959717,,
156000,4.793056964874268,0.05,-6.820862293243408,,
156050,0.46942269802093506,0.05,-8.050048828125,,
156100,4.35518217086792,0.05,-7.506979465484619,,
156150,5.652276992797852,0.05,-7.161998271942139,,
156200,6.913141250610352,0.05,-8.321344375610352,,
156250,3.653498411178589,0.05,-8.085965156555176,,
156300,7.954179763793945,0.05,-9.847535133361816,,
156350,7.922025680541992,0.05,-10.073196411132812,,
156400,11.539111137390137,0.05,-8.057778358459473,,
156450,2.0189926624298096,0.05,-7.14061164855957,,
156500,17.70281410217285,0.05,-9.22307014465332,,
156550,5.488733768463135,0.05,-7.696498870849609,,
156600,9.734892845153809,0.05,-7.580483913421631,,
156650,10.608283042907715,0.05,-8.01695728302002,,
156700,3.458775281906128,0.05,-7.50214958190918,,
156750,3.4578745365142822,0.05,-7.91476583480835,,
156800,9.744990348815918,0.05,-7.469912052154541,,
156850,8.483084678649902,0.05,-7.681339263916016,,
156900,12.389199256896973,0.05,-7.012941360473633,,
156950,0.34519171714782715,0.05,-7.23477029800415,,
157000,11.850951194763184,0.05,-6.906752109527588,,
157050,3.170060157775879,0.05,-8.764391899108887,,
157100,1.5734647512435913,0.05,-9.299857139587402,,
157150,4.324023723602295,0.05,-7.888910293579102,,
157200,6.806741237640381,0.05,-7.715635776519775,,
157250,5.253041744232178,0.05,-8.07106876373291,,
157300,3.9544055461883545,0.05,-8.053326606750488,,
157350,6.288820743560791,0.05,-9.445341110229492,,
157400,6.446188449859619,0.05,-7.192295551300049,,
157450,1.9960600137710571,0.05,-7.889646053314209,,
157500,9.112873077392578,0.05,-7.68463659286499,,
157550,3.497390031814575,0.05,-8.908133506774902,,
157600,3.8569765090942383,0.05,-7.828437805175781,,
157650,5.066854000091553,0.05,-8.322253227233887,,
157700,1.2090835571289062,0.05,-8.208142280578613,,
157750,5.37851095199585,0.05,-7.29691743850708,,
157800,2.274172782897949,0.05,-6.693211078643799,,
157850,7.596872329711914,0.05,-8.625262260437012,,
157900,2.133981943130493,0.05,-7.29737663269043,,
157950,11.720904350280762,0.05,-8.467747688293457,,
158000,0.3028547465801239,0.05,-7.222052097320557,,
158050,0.6193861365318298,0.05,-8.094932556152344,,
158100,11.518721580505371,0.05,-7.196170806884766,,
158150,5.0209574699401855,0.05,-7.935340881347656,,
158200,5.150763034820557,0.05,-7.681214809417725,,
158250,7.5749897956848145,0.05,-7.4354567527771,,
158300,3.702646255493164,0.05,-7.0130767822265625,,
158350,6.410171031951904,0.05,-7.574376583099365,,
158400,2.2315359115600586,0.05,-8.129487037658691,,
158450,6.819682598114014,0.05,-7.616732120513916,,
158500,5.760868072509766,0.05,-7.814048767089844,,
158550,6.035266876220703,0.05,-9.60925579071045,,
158600,2.3612430095672607,0.05,-7.105770587921143,,
158650,14.665362358093262,0.05,-9.312448501586914,,
158700,6.769126892089844,0.05,-7.477712154388428,,
158750,4.535679340362549,0.05,-7.522889614105225,,
158800,0.6890775561332703,0.05,-8.767062187194824,,
158850,3.5884952545166016,0.05,-6.619726657867432,,
158900,2.8097925186157227,0.05,-7.48748254776001,,
158950,2.6837990283966064,0.05,-8.597617149353027,,
159000,5.390848159790039,0.05,-7.781129837036133,,
159050,13.67788028717041,0.05,-7.226839542388916,,
159100,14.634391784667969,0.05,-8.534991264343262,,
159150,1.0604199171066284,0.05,-7.216901779174805,,
159200,10.124411582946777,0.05,-8.007871627807617,,
159250,1.4829959869384766,0.05,-9.207162857055664,,
159300,9.928254127502441,0.05,-8.250428199768066,,
159350,2.1311304569244385,0.05,-8.19145393371582,,
159400,15.776284217834473,0.05,-8.256786346435547,,
159450,0.31703004240989685,0.05,-7.655040740966797,,
159500,3.455411195755005,0.05,-10.010075569152832,,
159550,6.2615790367126465,0.05,-7.396379470825195,,
159600,14.906368255615234,0.05,-8.212662696838379,,
159650,13.623821258544922,0.05,-8.47769546508789,,
159700,1.5256651639938354,0.05,-8.498497009277344,,
159750,2.0366384983062744,0.05,-6.829039096832275,,
159800,0.881244421005249,0.05,-8.915274620056152,,
159850,12.424237251281738,0.05,-8.350682258605957,,
159900,10.671368598937988,0.05,-9.398179054260254,,
159950,2.5884315967559814,0.05,-8.847058296203613,,
160000,4.167966365814209,0.05,-7.301106929779053,,
160050,9.7567777633667,0.05,-8.399580001831055,,
160100,2.1206376552581787,0.05,-7.651016712188721,,
160150,6.560844421386719,0.05,-9.534346580505371,,
160200,2.607724905014038,0.05,-8.46594524383545,,
160250,1.4072613716125488,0.05,-6.961859226226807,,
160300,7.2459492683410645,0.05,-7.264021396636963,,
160350,2.281534194946289,0.05,-7.677544116973877,,
160400,1.2122902870178223,0.05,-7.353423595428467,,
160450,4.185351848602295,0.05,-7.4261393547058105,,
160500,6.510998249053955,0.05,-7.1840901374816895,,
160550,2.824172258377075,0.05,-7.835098743438721,,
160600,1.1143003702163696,0.05,-6.642201900482178,,
160650,3.2245032787323,0.05,-8.724102973937988,,
160700,6.41964864730835,0.05,-7.978927135467529,,
160750,11.377906799316406,0.05,-7.690746307373047,,
160800,1.8232616186141968,0.05,-8.405924797058105,,
160850,4.582427501678467,0.05,-7.115612030029297,,
160900,3.2182178497314453,0.05,-7.529943943023682,,
160950,4.472410202026367,0.05,-8.261799812316895,,
161000,4.899449825286865,0.05,-7.658762454986572,,
161050,1.6183422803878784,0.05,-7.258962154388428,,
161100,0.8245279788970947,0.05,-8.617234230041504,,
161150,4.077548503875732,0.05,-7.687882900238037,,
161200,3.0906925201416016,0.05,-8.27155590057373,,
161250,5.168637275695801,0.05,-6.2358317375183105,,
161300,1.0894485712051392,0.05,-7.734548091888428,,
161350,13.03808307647705,0.05,-7.474607467651367,,
161400,12.641219139099121,0.05,-8.490456581115723,,
161450,1.0988978147506714,0.05,-7.402015209197998,,
161500,9.431363105773926,0.05,-7.304937362670898,,
161550,5.730007648468018,0.05,-7.570154666900635,,
161600,2.943906784057617,0.05,-8.151434898376465,,
161650,4.343630313873291,0.05,-8.616653442382812,,
161700,16.35418128967285,0.05,-7.348991870880127,,
161750,2.3671271800994873,0.05,-7.188865661621094,,
161800,10.80656909942627,0.05,-8.591375350952148,,
161850,10.1769380569458,0.05,-7.166154384613037,,
161900,1.3473471403121948,0.05,-6.7003254890441895,,
161950,7.025637149810791,0.05,-9.820453643798828,,
162000,9.939205169677734,0.05,-8.172329902648926,,
162050,1.3780993223190308,0.05,-8.307043075561523,,
162100,8.743062973022461,0.05,-7.72597074508667,,
162150,1.2214173078536987,0.05,-8.1522798538208,,
162200,0.3435159921646118,0.05,-7.857579708099365,,
162250,3.3671481609344482,0.05,-8.719958305358887,,
162300,7.719892978668213,0.05,-8.526866912841797,,
162350,0.34881043434143066,0.05,-8.832898139953613,,
162400,0.2832496762275696,0.05,-7.927088260650635,,
162450,10.638642311096191,0.05,-8.481669425964355,,
162500,8.469768524169922,0.05,-7.409821033477783,,
162550,6.916701793670654,0.05,-8.24594497680664,,
162600,1.0282784700393677,0.05,-7.420089244842529,,
162650,1.1448068618774414,0.05,-7.2199859619140625,,
162700,8.913765907287598,0.05,-9.810042381286621,,
162750,0.670599639415741,0.05,-7.428369045257568,,
162800,24.628219604492188,0.05,-7.250843524932861,,
162850,1.8036713600158691,0.05,-7.6101393699646,,
162900,2.2037670612335205,0.05,-8.350363731384277,,
162950,5.376527309417725,0.05,-8.345458030700684,,
163000,0.8850889801979065,0.05,-7.544307708740234,,
163050,0.8590836524963379,0.05,-7.62029504776001,,
163100,0.611772358417511,0.05,-5.739593982696533,,
163150,1.1699929237365723,0.05,-8.126776695251465,,
163200,5.104806423187256,0.05,-8.315340995788574,,
163250,3.0944645404815674,0.05,-8.587120056152344,,
163300,19.45639991760254,0.05,-7.808072566986084,,
163350,2.0034878253936768,0.05,-7.786317825317383,,
163400,3.547534704208374,0.05,-9.234816551208496,,
163450,4.728172302246094,0.05,-8.3214750289917,,
163500,5.69316291809082,0.05,-8.154130935668945,,
163550,2.6681535243988037,0.05,-7.930828094482422,,
163600,7.718538761138916,0.05,-8.835241317749023,,
163650,1.1048266887664795,0.05,-7.394791126251221,,
163700,2.1266868114471436,0.05,-7.38214635848999,,
163750,1.93449866771698,0.05,-8.037886619567871,,
163800,2.066760778427124,0.05,-9.129778861999512,,
163850,3.4679739475250244,0.05,-7.990695476531982,,
163900,5.530633926391602,0.05,-7.874571323394775,,
163950,3.2197980880737305,0.05,-7.2257080078125,,
164000,10.757918357849121,0.05,-8.4380521774292,,
164050,4.3233842849731445,0.05,-7.5379204750061035,,
164100,5.751120090484619,0.05,-6.576574802398682,,
164150,3.290600538253784,0.05,-7.228679180145264,,
164200,0.2606871426105499,0.05,-6.439561367034912,,
164250,6.931369304656982,0.05,-7.180177688598633,,
164300,1.318702220916748,0.05,-7.269145965576172,,
164350,7.343673229217529,0.05,-7.1432976722717285,,
164400,3.1227476596832275,0.05,-7.123692989349365,,
164450,6.359310626983643,0.05,-7.110476970672607,,
164500,4.4506516456604,0.05,-7.806482791900635,,
164550,5.987588882446289,0.05,-8.08268928527832,,
164600,5.458475112915039,0.05,-8.134025573730469,,
164650,2.0279276371002197,0.05,-8.2909517288208,,
164700,5.4599385261535645,0.05,-7.232800006866455,,
164750,3.3329455852508545,0.05,-7.755656719207764,,
164800,3.7725226879119873,0.05,-7.528121471405029,,
164850,3.388986825942993,0.05,-8.751568794250488,,
164900,3.2973601818084717,0.05,-8.727072715759277,,
164950,3.4020650386810303,0.05,-7.617250919342041,,
165000,10.18277359008789,0.05,-8.739224433898926,,
165050,4.515437602996826,0.05,-8.01402473449707,,
165100,1.4012867212295532,0.05,-7.858938217163086,,
165150,1.3777141571044922,0.05,-8.511489868164062,,
165200,0.49025359749794006,0.05,-7.851804256439209,,
165250,2.918971061706543,0.05,-8.487553596496582,,
165300,7.577464580535889,0.05,-9.01855754852295,,
165350,25.5861759185791,0.05,-9.626172065734863,,
165400,6.3940205574035645,0.05,-8.5431489944458,,
165450,0.5655069947242737,0.05,-8.792680740356445,,
165500,1.868708610534668,0.05,-8.27460765838623,,
165550,6.3503570556640625,0.05,-8.547284126281738,,
165600,3.048206090927124,0.05,-8.682297706604004,,
165650,0.8568575382232666,0.05,-6.764398097991943,,
165700,5.805438995361328,0.05,-7.468080997467041,,
165750,0.8294845223426819,0.05,-8.002762794494629,,
165800,2.431698799133301,0.05,-7.629422664642334,,
165850,10.310647964477539,0.05,-8.455796241760254,,
165900,3.7841522693634033,0.05,-7.092950820922852,,
165950,20.846973419189453,0.05,-8.797189712524414,,
166000,5.391624927520752,0.05,-8.986756324768066,,
166050,9.376338005065918,0.05,-6.742201328277588,,
166100,5.385015964508057,0.05,-8.32876205444336,,
166150,12.366093635559082,0.05,-8.443659782409668,,
166200,20.09589195251465,0.05,-7.593689441680908,,
166250,9.095233917236328,0.05,-7.664445400238037,,
166300,3.4760944843292236,0.05,-7.236283779144287,,
166350,0.281663179397583,0.05,-6.52241325378418,,
166400,3.0655148029327393,0.05,-10.159048080444336,,
166450,4.482600212097168,0.05,-8.105332374572754,,
166500,12.334518432617188,0.05,-7.939289569854736,,
166550,4.227342128753662,0.05,-7.706156253814697,,
166600,1.1012333631515503,0.05,-6.856098175048828,,
166650,7.558429718017578,0.05,-8.44164752960205,,
166700,22.624277114868164,0.05,-8.3702974319458,,
166750,2.8136260509490967,0.05,-7.680583953857422,,
166800,0.9202319979667664,0.05,-8.34422779083252,,
166850,9.337581634521484,0.05,-9.456292152404785,,
166900,1.1937721967697144,0.05,-7.972232341766357,,
166950,13.599193572998047,0.05,-9.641008377075195,,
167000,2.2373127937316895,0.05,-8.00468921661377,,
167050,3.186000108718872,0.05,-8.655987739562988,,
167100,1.443953037261963,0.05,-7.691835880279541,,
167150,11.049286842346191,0.05,-7.859973907470703,,
167200,8.299209594726562,0.05,-6.7888875007629395,,
167250,7.408154010772705,0.05,-8.039905548095703,,
167300,12.940742492675781,0.05,-8.687774658203125,,
167350,3.317580461502075,0.05,-8.058084487915039,,
167400,3.891371488571167,0.05,-7.914273738861084,,
167450,13.878424644470215,0.05,-9.18642807006836,,
167500,4.968658924102783,0.05,-7.2105841636657715,,
167550,1.652144432067871,0.05,-7.247936248779297,,
167600,0.39317309856414795,0.05,-6.971968173980713,,
167650,1.3523675203323364,0.05,-7.5009307861328125,,
167700,2.9906094074249268,0.05,-7.134384632110596,,
167750,7.873315811157227,0.05,-8.19645881652832,,
167800,3.1990554332733154,0.05,-7.227293491363525,,
167850,2.878148317337036,0.05,-7.293628215789795,,
167900,4.025865077972412,0.05,-7.563920497894287,,
167950,5.171951770782471,0.05,-6.972118854522705,,
168000,0.7754461169242859,0.05,-6.557514190673828,,
168050,5.066826820373535,0.05,-7.71380090713501,,
168100,5.726500034332275,0.05,-9.174785614013672,,
168150,3.915705442428589,0.05,-8.076905250549316,,
168200,3.999429702758789,0.05,-7.674539089202881,,
168250,13.719483375549316,0.05,-7.820591449737549,,
168300,1.8952670097351074,0.05,-8.592864036560059,,
168350,10.573151588439941,0.05,-8.570633888244629,,
168400,0.8278505802154541,0.05,-7.4330620765686035,,
168450,5.85156774520874,0.05,-7.101474761962891,,
168500,5.392872333526611,0.05,-8.302032470703125,,
168550,1.0959278345108032,0.05,-7.468174457550049,,
168600,4.5203070640563965,0.05,-7.891287326812744,,
168650,1.3450018167495728,0.05,-7.365833759307861,,
168700,3.7839114665985107,0.05,-7.3726806640625,,
168750,0.2421780824661255,0.05,-8.254322052001953,,
168800,0.525581955909729,0.05,-8.54916000366211,,
168850,14.270834922790527,0.05,-7.9808502197265625,,
168900,12.437287330627441,0.05,-7.7342000007629395,,
168950,2.422940969467163,0.05,-7.576838970184326,,
169000,4.6102519035339355,0.05,-6.99250602722168,,
169050,5.018332004547119,0.05,-8.086878776550293,,
169100,1.1153403520584106,0.05,-7.536998748779297,,
169150,1.6861988306045532,0.05,-7.9202046394348145,,
169200,8.625775337219238,0.05,-8.165865898132324,,
169250,16.599340438842773,0.05,-8.679636001586914,,
169300,5.54946756362915,0.05,-7.534547805786133,,
169350,1.8489397764205933,0.05,-6.678262233734131,,
169400,6.5064697265625,0.05,-7.718290328979492,,
169450,7.535268783569336,0.05,-8.349352836608887,,
169500,3.356046676635742,0.05,-9.531693458557129,,
169550,15.158879280090332,0.05,-8.791808128356934,,
169600,4.449717998504639,0.05,-8.256089210510254,,
169650,11.290882110595703,0.05,-8.200324058532715,,
169700,12.04609203338623,0.05,-7.361394882202148,,
169750,1.2778191566467285,0.05,-8.588360786437988,,
169800,9.900053977966309,0.05,-6.921729564666748,,
169850,3.251939058303833,0.05,-7.7101311683654785,,
169900,0.6367709040641785,0.05,-7.1343560218811035,,
169950,10.088007926940918,0.05,-7.891479969024658,,
170000,2.7303178310394287,0.05,-8.169848442077637,,
170050,26.16413688659668,0.05,-8.707054138183594,,
170100,5.216327667236328,0.05,-8.284661293029785,,
170150,12.873645782470703,0.05,-7.4012885093688965,,
170200,5.267770290374756,0.05,-7.703967571258545,,
170250,10.391022682189941,0.05,-8.743996620178223,,
170300,4.288295269012451,0.05,-7.5756707191467285,,
170350,10.121054649353027,0.05,-6.941171169281006,,
170400,1.8548173904418945,0.05,-7.95331335067749,,
170450,8.596571922302246,0.05,-7.611297607421875,,
170500,10.783424377441406,0.05,-7.8751220703125,,
170550,5.273499965667725,0.05,-7.203367710113525,,
170600,0.981961727142334,0.05,-6.811038494110107,,
170650,1.2314393520355225,0.05,-8.100525856018066,,
170700,0.22893647849559784,0.05,-7.102024078369141,,
170750,4.14373254776001,0.05,-8.67147445678711,,
170800,3.39148211479187,0.05,-8.265303611755371,,
170850,0.70052570104599,0.05,-8.108410835266113,,
170900,4.157724857330322,0.05,-7.655904769897461,,
170950,2.705598831176758,0.05,-6.920202732086182,,
171000,0.8859264850616455,0.05,-6.9412994384765625,,
171050,7.364698886871338,0.05,-7.506660461425781,,
171100,5.7405476570129395,0.05,-7.978480815887451,,
171150,9.758310317993164,0.05,-8.8818941116333,,
171200,4.1844482421875,0.05,-7.566704273223877,,
171250,3.1321518421173096,0.05,-7.215634822845459,,
171300,8.330974578857422,0.05,-7.945834636688232,,
171350,2.4433696269989014,0.05,-8.716816902160645,,
171400,2.8361968994140625,0.05,-7.761129379272461,,
171450,2.7928802967071533,0.05,-8.139500617980957,,
171500,9.981842994689941,0.05,-7.558929443359375,,
171550,0.4936187267303467,0.05,-7.532877445220947,,
171600,0.8735010027885437,0.05,-7.651132583618164,,
171650,7.048013687133789,0.05,-7.423761367797852,,
171700,0.40564969182014465,0.05,-7.3564300537109375,,
171750,11.425810813903809,0.05,-8.983094215393066,,
171800,3.503270149230957,0.05,-6.895152568817139,,
171850,6.327356338500977,0.05,-9.017770767211914,,
171900,2.2930080890655518,0.05,-8.290043830871582,,
171950,1.0497697591781616,0.05,-8.833142280578613,,
172000,1.827587604522705,0.05,-9.145312309265137,,
172050,1.3133636713027954,0.05,-6.3066277503967285,,
172100,3.169497489929199,0.05,-7.709600925445557,,
172150,1.008525013923645,0.05,-7.069564342498779,,
172200,0.2494460791349411,0.05,-7.05251932144165,,
172250,0.6357668042182922,0.05,-8.603351593017578,,
172300,8.689899444580078,0.05,-7.446897029876709,,
172350,4.516666412353516,0.05,-7.09590482711792,,
172400,0.830892026424408,0.05,-8.319976806640625,,
172450,3.8168141841888428,0.05,-6.609677791595459,,
172500,12.176712036132812,0.05,-8.14079761505127,,
172550,2.1725218296051025,0.05,-7.509697437286377,,
172600,0.7559677958488464,0.05,-6.840821743011475,,
172650,1.3297590017318726,0.05,-7.300290584564209,,
172700,8.788934707641602,0.05,-6.873942852020264,,
172750,1.3746150732040405,0.05,-9.253230094909668,,
172800,3.1782548427581787,0.05,-7.327201843261719,,
172850,0.3483656346797943,0.05,-7.406671047210693,,
172900,3.4973857402801514,0.05,-7.63136100769043,,
172950,0.3398922383785248,0.05,-6.84417200088501,,
173000,8.10002613067627,0.05,-8.125029563903809,,
173050,6.858126163482666,0.05,-8.26409912109375,,
173100,11.021465301513672,0.05,-7.528728008270264,,
173150,7.903104305267334,0.05,-8.2957181930542,,
173200,7.805694580078125,0.05,-7.085220813751221,,
173250,5.421555995941162,0.05,-8.440961837768555,,
173300,2.201688528060913,0.05,-7.086975574493408,,
173350,1.6696982383728027,0.05,-9.211002349853516,,
173400,4.5219292640686035,0.05,-8.414116859436035,,
173450,13.40087890625,0.05,-9.026917457580566,,
173500,5.143889904022217,0.05,-7.5956878662109375,,
173550,1.9180916547775269,0.05,-7.884920597076416,,
173600,7.308151721954346,0.05,-8.757905006408691,,
173650,6.580404281616211,0.05,-8.152939796447754,,
173700,4.154132843017578,0.05,-8.924181938171387,,
173750,2.9234840869903564,0.05,-6.962732791900635,,
173800,9.910466194152832,0.05,-8.518292427062988,,
173850,0.9949862360954285,0.05,-6.700003147125244,,
173900,1.2035740613937378,0.05,-6.62398099899292,,
173950,0.20143581926822662,0.05,-7.886146545410156,,
174000,8.107649803161621,0.05,-8.281283378601074,,
174050,1.925194263458252,0.05,-8.4155855178833,,
174100,3.3100216388702393,0.05,-6.832253932952881,,
174150,3.2026116847991943,0.05,-7.320898532867432,,
174200,6.084917068481445,0.05,-8.717951774597168,,
174250,3.9167401790618896,0.05,-8.574227333068848,,
174300,8.418103218078613,0.05,-7.530232906341553,,
174350,1.9084687232971191,0.05,-8.646915435791016,,
174400,1.5395750999450684,0.05,-7.968399524688721,,
174450,2.0740458965301514,0.05,-7.585196018218994,,
174500,3.364427328109741,0.05,-8.91706371307373,,
174550,4.758276462554932,0.05,-8.478411674499512,,
174600,7.170358657836914,0.05,-8.213353157043457,,
174650,1.6783685684204102,0.05,-8.160967826843262,,
174700,8.12952709197998,0.05,-8.078651428222656,,
174750,3.4225664138793945,0.05,-6.989589691162109,,
174800,24.986391067504883,0.05,-8.955672264099121,,
174850,4.043080806732178,0.05,-8.073613166809082,,
174900,1.3876309394836426,0.05,-6.296091079711914,,
174950,9.217604637145996,0.05,-8.58996868133545,,
175000,0.4535880982875824,0.05,-8.818177223205566,-0.904317166732002,43.33333333333332
175050,3.1592705249786377,0.05,-7.734921932220459,,
175100,5.363595485687256,0.05,-7.6762237548828125,,
175150,2.278418779373169,0.05,-7.452516555786133,,
175200,3.5476131439208984,0.05,-7.760585784912109,,
175250,13.303767204284668,0.05,-8.10578441619873,,
175300,14.467793464660645,0.05,-8.445136070251465,,
175350,7.343259811401367,0.05,-8.338604927062988,,
175400,3.0087502002716064,0.05,-7.531538486480713,,
175450,2.116806745529175,0.05,-7.851830959320068,,
175500,5.609307765960693,0.05,-7.605417251586914,,
175550,1.3893756866455078,0.05,-7.511659145355225,,
175600,8.39421558380127,0.05,-8.274245262145996,,
175650,5.85206413269043,0.05,-8.801361083984375,,
175700,4.676765441894531,0.05,-9.172699928283691,,
175750,11.885784149169922,0.05,-8.14773941040039,,
175800,17.43170738220215,0.05,-7.819540023803711,,
175850,10.8302640914917,0.05,-6.845602512359619,,
175900,10.064804077148438,0.05,-7.300520420074463,,
175950,1.3638887405395508,0.05,-8.407864570617676,,
176000,1.5617570877075195,0.05,-9.797113418579102,,
176050,0.3061991333961487,0.05,-8.89250373840332,,
176100,9.320489883422852,0.05,-8.274224281311035,,
176150,9.567042350769043,0.05,-9.259217262268066,,
176200,10.76293659210205,0.05,-8.939139366149902,,
176250,8.7382230758667,0.05,-8.831901550292969,,
176300,2.180647134780884,0.05,-7.470611572265625,,
176350,6.042821407318115,0.05,-7.089197158813477,,
176400,1.0691585540771484,0.05,-8.417088508605957,,
176450,17.165443420410156,0.05,-8.159523963928223,,
176500,2.305616617202759,0.05,-9.47774600982666,,
176550,2.519085645675659,0.05,-8.57026195526123,,
176600,0.2730477750301361,0.05,-7.9540839195251465,,
176650,6.237773418426514,0.05,-8.666321754455566,,
176700,1.9020534753799438,0.05,-7.894941806793213,,
176750,9.51406478881836,0.05,-9.741029739379883,,
176800,7.730419635772705,0.05,-8.13481616973877,,
176850,4.6935882568359375,0.05,-8.04656982421875,,
176900,6.5647454261779785,0.05,-7.94605016708374,,
176950,2.0513722896575928,0.05,-8.992507934570312,,
177000,9.938647270202637,0.05,-8.514717102050781,,
177050,7.363952159881592,0.05,-8.366133689880371,,
177100,2.9827606678009033,0.05,-7.596343994140625,,
177150,7.589217662811279,0.05,-7.917465686798096,,
177200,0.8718492388725281,0.05,-8.028788566589355,,
177250,0.5081196427345276,0.05,-7.675378322601318,,
177300,5.6290130615234375,0.05,-8.673638343811035,,
177350,5.73198938369751,0.05,-7.92767858505249,,
177400,0.40309610962867737,0.05,-8.317241668701172,,
177450,16.314565658569336,0.05,-8.671002388000488,,
177500,3.402898073196411,0.05,-7.566288471221924,,
177550,6.530604839324951,0.05,-8.242697715759277,,
177600,1.120153546333313,0.05,-7.997058868408203,,
177650,9.072842597961426,0.05,-8.620718955993652,,
177700,7.99805212020874,0.05,-8.088423728942871,,
177750,4.791551113128662,0.05,-7.020730972290039,,
177800,2.948303461074829,0.05,-9.14806079864502,,
177850,0.44725537300109863,0.05,-8.389554023742676,,
177900,1.257623314857483,0.05,-9.440594673156738,,
177950,7.089538097381592,0.05,-8.216273307800293,,
178000,6.1330246925354,0.05,-8.257807731628418,,
178050,1.593845248222351,0.05,-8.892991065979004,,
178100,4.486767292022705,0.05,-8.605140686035156,,
178150,10.173219680786133,0.05,-8.928034782409668,,
178200,3.166041612625122,0.05,-8.64460563659668,,
178250,1.84992516040802,0.05,-7.791253566741943,,
178300,1.7470194101333618,0.05,-7.3786702156066895,,
178350,4.163760662078857,0.05,-7.4634785652160645,,
178400,2.584965467453003,0.05,-7.667264938354492,,
178450,1.5596394538879395,0.05,-8.859482765197754,,
178500,1.3992643356323242,0.05,-7.694261074066162,,
178550,1.6457066535949707,0.05,-8.616750717163086,,
178600,1.7022467851638794,0.05,-8.718198776245117,,
178650,6.026590347290039,0.05,-7.597585201263428,,
178700,11.669037818908691,0.05,-9.367310523986816,,
178750,6.6569695472717285,0.05,-7.4145050048828125,,
178800,0.6555613279342651,0.05,-7.79106330871582,,
178850,11.49842357635498,0.05,-9.485776901245117,,
178900,6.489614486694336,0.05,-9.291192054748535,,
178950,1.1171165704727173,0.05,-8.517043113708496,,
179000,1.3303906917572021,0.05,-9.4098539352417,,
179050,3.8057029247283936,0.05,-8.651049613952637,,
179100,5.675578594207764,0.05,-8.198029518127441,,
179150,3.815768003463745,0.05,-9.638707160949707,,
179200,6.641102313995361,0.05,-7.793372631072998,,
179250,2.154395818710327,0.05,-9.68072509765625,,
179300,1.2986156940460205,0.05,-6.885142803192139,,
179350,5.178964138031006,0.05,-8.559338569641113,,
179400,7.035085201263428,0.05,-8.619914054870605,,
179450,7.8620285987854,0.05,-8.450714111328125,,
179500,10.759127616882324,0.05,-9.647147178649902,,
179550,5.996181964874268,0.05,-8.262763977050781,,
179600,22.6290283203125,0.05,-7.6576080322265625,,
179650,0.7547228932380676,0.05,-8.25640869140625,,
179700,2.4436726570129395,0.05,-9.129981994628906,,
179750,1.468822956085205,0.05,-8.03439998626709,,
179800,6.184027194976807,0.05,-8.082503318786621,,
179850,7.736969470977783,0.05,-8.191069602966309,,
179900,0.27236494421958923,0.05,-7.794692516326904,,
179950,3.251253128051758,0.05,-8.465314865112305,,
180000,4.599546432495117,0.05,-9.02592658996582,,
180050,6.908708572387695,0.05,-8.813942909240723,,
180100,5.74567985534668,0.05,-8.684551239013672,,
180150,1.0523165464401245,0.05,-7.398405075073242,,
180200,0.792083740234375,0.05,-7.263238430023193,,
180250,0.7470064163208008,0.05,-9.778167724609375,,
180300,4.287580966949463,0.05,-8.775880813598633,,
180350,1.2379308938980103,0.05,-8.244704246520996,,
180400,1.8978747129440308,0.05,-8.355320930480957,,
180450,3.79052472114563,0.05,-9.446661949157715,,
180500,2.14870548248291,0.05,-8.768921852111816,,
180550,0.6400682330131531,0.05,-8.347546577453613,,
180600,5.343638896942139,0.05,-7.971039295196533,,
180650,9.033596992492676,0.05,-7.868917942047119,,
180700,1.3790127038955688,0.05,-7.825977802276611,,
180750,0.6450527310371399,0.05,-7.324443340301514,,
180800,8.204802513122559,0.05,-7.215335369110107,,
180850,8.40603256225586,0.05,-8.876730918884277,,
180900,7.059006214141846,0.05,-7.869901180267334,,
180950,2.722378969192505,0.05,-7.353681564331055,,
181000,14.840659141540527,0.05,-8.174101829528809,,
181050,3.565506935119629,0.05,-8.350750923156738,,
181100,2.0405921936035156,0.05,-8.426180839538574,,
181150,8.162880897521973,0.05,-8.47986125946045,,
181200,5.258574485778809,0.05,-9.367018699645996,,
181250,8.318793296813965,0.05,-8.566689491271973,,
181300,6.853935241699219,0.05,-7.806318759918213,,
181350,12.286014556884766,0.05,-7.686248779296875,,
181400,10.024693489074707,0.05,-7.834648132324219,,
181450,1.3486679792404175,0.05,-8.002081871032715,,
181500,2.119469165802002,0.05,-8.069995880126953,,
181550,0.35014525055885315,0.05,-8.73778247833252,,
181600,4.727819919586182,0.05,-7.003828525543213,,
181650,0.15768247842788696,0.05,-8.486851692199707,,
181700,3.1930429935455322,0.05,-8.726532936096191,,
181750,12.044475555419922,0.05,-7.904071807861328,,
181800,1.912606120109558,0.05,-8.491270065307617,,
181850,8.6827974319458,0.05,-9.108550071716309,,
181900,3.8000810146331787,0.05,-8.492831230163574,,
181950,6.906696319580078,0.05,-7.132364749908447,,
182000,8.771642684936523,0.05,-7.984432697296143,,
182050,5.452413082122803,0.05,-8.604684829711914,,
182100,3.857257127761841,0.05,-8.572293281555176,,
182150,6.4311699867248535,0.05,-8.952275276184082,,
182200,9.143816947937012,0.05,-9.32425594329834,,
182250,0.3342687785625458,0.05,-8.727911949157715,,
182300,2.3156745433807373,0.05,-7.375349044799805,,
182350,10.103463172912598,0.05,-9.518750190734863,,
182400,0.8201997876167297,0.05,-8.333745002746582,,
182450,7.9171833992004395,0.05,-8.954022407531738,,
182500,0.5220311284065247,0.05,-7.22169828414917,,
182550,5.573133945465088,0.05,-8.616663932800293,,
182600,5.405903339385986,0.05,-8.479070663452148,,
182650,1.432970404624939,0.05,-7.8445563316345215,,
182700,3.313467025756836,0.05,-7.350590229034424,,
182750,0.5634161829948425,0.05,-8.617850303649902,,
182800,6.42435884475708,0.05,-8.722432136535645,,
182850,7.851114749908447,0.05,-8.67770767211914,,
182900,9.510912895202637,0.05,-8.17577075958252,,
182950,2.5048913955688477,0.05,-8.381698608398438,,
183000,2.5406670570373535,0.05,-8.960550308227539,,
183050,11.836631774902344,0.05,-7.8325018882751465,,
183100,4.04254150390625,0.05,-8.146931648254395,,
183150,4.087434768676758,0.05,-7.796806335449219,,
183200,13.906021118164062,0.05,-8.350483894348145,,
183250,2.7166593074798584,0.05,-9.495420455932617,,
183300,0.2772655785083771,0.05,-8.024599075317383,,
183350,1.6935635805130005,0.05,-7.850334167480469,,
183400,2.0533149242401123,0.05,-7.7982001304626465,,
183450,2.2594211101531982,0.05,-7.810701370239258,,
183500,4.151106357574463,0.05,-8.044694900512695,,
183550,2.145653009414673,0.05,-9.174589157104492,,
183600,11.02856731414795,0.05,-7.31964111328125,,
183650,6.824401378631592,0.05,-8.075100898742676,,
183700,2.4944729804992676,0.05,-8.959606170654297,,
183750,1.9851096868515015,0.05,-7.801662921905518,,
183800,5.135630130767822,0.05,-8.241522789001465,,
183850,3.9777467250823975,0.05,-7.685359954833984,,
183900,5.223355770111084,0.05,-8.447159767150879,,
183950,8.076292037963867,0.05,-9.110133171081543,,
184000,2.8700218200683594,0.05,-7.24003267288208,,
184050,4.801262378692627,0.05,-8.751304626464844,,
184100,2.2228925228118896,0.05,-7.757182598114014,,
184150,9.16195297241211,0.05,-8.932670593261719,,
184200,2.270775079727173,0.05,-8.078743934631348,,
184250,5.224104404449463,0.05,-10.21855640411377,,
184300,13.613780975341797,0.05,-8.379517555236816,,
184350,2.9277117252349854,0.05,-9.14568042755127,,
184400,1.9210468530654907,0.05,-7.463363170623779,,
184450,0.49580463767051697,0.05,-8.822030067443848,,
184500,10.955565452575684,0.05,-10.235764503479004,,
184550,11.43936538696289,0.05,-8.179363250732422,,
184600,14.440201759338379,0.05,-8.6450777053833,,
184650,2.0508084297180176,0.05,-8.420162200927734,,
184700,5.072977066040039,0.05,-7.327630996704102,,
184750,8.067378044128418,0.05,-7.950876235961914,,
184800,1.119467854499817,0.05,-8.610240936279297,,
184850,0.6832138895988464,0.05,-7.357144832611084,,
184900,10.026656150817871,0.05,-9.6931734085083,,
184950,8.569114685058594,0.05,-7.547149658203125,,
185000,12.411797523498535,0.05,-8.770708084106445,,
185050,0.49347957968711853,0.05,-7.242641925811768,,
185100,4.950327396392822,0.05,-7.702882766723633,,
185150,6.458744049072266,0.05,-8.429999351501465,,
185200,1.1843044757843018,0.05,-7.458024978637695,,
185250,22.55094337463379,0.05,-9.959046363830566,,
185300,2.357128381729126,0.05,-9.995962142944336,,
185350,11.560486793518066,0.05,-8.781987190246582,,
185400,11.358131408691406,0.05,-7.60092306137085,,
185450,10.513762474060059,0.05,-7.678571701049805,,
185500,1.9310636520385742,0.05,-7.370885848999023,,
185550,20.784395217895508,0.05,-8.031427383422852,,
185600,7.200572967529297,0.05,-8.541519165039062,,
185650,4.799839496612549,0.05,-7.30131721496582,,
185700,0.8621446490287781,0.05,-7.57731819152832,,
185750,1.1738733053207397,0.05,-7.610426425933838,,
185800,3.465799570083618,0.05,-7.211179256439209,,
185850,2.0931451320648193,0.05,-7.482875823974609,,
185900,3.3730154037475586,0.05,-8.151219367980957,,
185950,0.6911616325378418,0.05,-8.465593338012695,,
186000,17.482481002807617,0.05,-8.363327026367188,,
186050,5.48181676864624,0.05,-7.435155868530273,,
186100,7.235018253326416,0.05,-7.179399013519287,,
186150,3.7650444507598877,0.05,-6.882495880126953,,
186200,1.314473271369934,0.05,-8.093944549560547,,
186250,5.826517581939697,0.05,-6.909709453582764,,
186300,3.777599334716797,0.05,-8.940451622009277,,
186350,8.600720405578613,0.05,-10.164353370666504,,
186400,1.039698600769043,0.05,-8.402609825134277,,
186450,4.810164928436279,0.05,-8.126569747924805,,
186500,9.322112083435059,0.05,-8.732177734375,,
186550,6.366146564483643,0.05,-8.40388011932373,,
186600,2.913120985031128,0.05,-7.591024398803711,,
186650,1.6505550146102905,0.05,-7.311152935028076,,
186700,8.649758338928223,0.05,-8.408164024353027,,
186750,2.541644811630249,0.05,-7.686302185058594,,
186800,5.898261547088623,0.05,-7.930924892425537,,
186850,6.596896648406982,0.05,-8.70616626739502,,
186900,7.442833423614502,0.05,-8.869004249572754,,
186950,6.393956661224365,0.05,-6.2697672843933105,,
187000,16.00380516052246,0.05,-7.849912166595459,,
187050,1.5734883546829224,0.05,-8.67846393585205,,
187100,8.215307235717773,0.05,-7.151063442230225,,
187150,1.8090914487838745,0.05,-7.518157958984375,,
187200,1.373971939086914,0.05,-8.563203811645508,,
187250,16.70332145690918,0.05,-8.20561408996582,,
187300,0.39798641204833984,0.05,-9.410719871520996,,
187350,9.562020301818848,0.05,-7.52399206161499,,
187400,11.266518592834473,0.05,-8.80070686340332,,
187450,5.9376220703125,0.05,-8.447278022766113,,
187500,1.6561640501022339,0.05,-7.442455291748047,,
187550,4.495765209197998,0.05,-7.817548751831055,,
187600,2.6603009700775146,0.05,-8.547682762145996,,
187650,18.3515567779541,0.05,-8.364986419677734,,
187700,1.4729207754135132,0.05,-7.683078289031982,,
187750,3.5323123931884766,0.05,-7.118776798248291,,
187800,3.602442502975464,0.05,-8.706116676330566,,
187850,1.649996280670166,0.05,-8.105537414550781,,
187900,7.013029098510742,0.05,-8.480759620666504,,
187950,1.5440138578414917,0.05,-8.308611869812012,,
188000,9.425890922546387,0.05,-8.0182523727417,,
188050,8.985482215881348,0.05,-8.413803100585938,,
188100,4.943819522857666,0.05,-7.983791351318359,,
188150,23.78938102722168,0.05,-7.681301593780518,,
188200,1.1126269102096558,0.05,-6.794166564941406,,
188250,0.20615313947200775,0.05,-7.131086826324463,,
188300,3.9731223583221436,0.05,-8.242423057556152,,
188350,1.526009202003479,0.05,-8.669241905212402,,
188400,3.075716972351074,0.05,-9.088128089904785,,
188450,3.85455060005188,0.05,-7.564132213592529,,
188500,9.290298461914062,0.05,-8.93553638458252,,
188550,8.40418815612793,0.05,-7.746678829193115,,
188600,10.519251823425293,0.05,-7.494645595550537,,
188650,7.153266429901123,0.05,-8.520190238952637,,
188700,3.0671536922454834,0.05,-8.045865058898926,,
188750,3.2846527099609375,0.05,-8.273091316223145,,
188800,0.8215034008026123,0.05,-8.358874320983887,,
188850,1.4981454610824585,0.05,-8.32491397857666,,
188900,1.4900954961776733,0.05,-7.637393474578857,,
188950,1.3764299154281616,0.05,-7.609686374664307,,
189000,0.40257012844085693,0.05,-8.672162055969238,,
189050,6.80344820022583,0.05,-9.13491153717041,,
189100,2.092616558074951,0.05,-7.642648696899414,,
189150,2.670091390609741,0.05,-8.945877075195312,,
189200,9.52209758758545,0.05,-8.338841438293457,,
189250,9.670411109924316,0.05,-9.019755363464355,,
189300,6.435993671417236,0.05,-9.288104057312012,,
189350,0.8452210426330566,0.05,-8.631507873535156,,
189400,4.867438793182373,0.05,-7.406426906585693,,
189450,3.6633107662200928,0.05,-8.80267333984375,,
189500,9.0219144821167,0.05,-8.591655731201172,,
189550,4.1324381828308105,0.05,-8.113017082214355,,
189600,14.402198791503906,0.05,-9.01647663116455,,
189650,0.3847237825393677,0.05,-7.26128625869751,,
189700,16.859689712524414,0.05,-8.171822547912598,,
189750,4.876174449920654,0.05,-8.037468910217285,,
189800,9.229451179504395,0.05,-7.547306060791016,,
189850,5.55759859085083,0.05,-9.221282005310059,,
189900,2.0807201862335205,0.05,-7.307168960571289,,
189950,3.5377750396728516,0.05,-8.698784828186035,,
190000,0.314679890871048,0.05,-7.808269500732422,,
190050,4.367367744445801,0.05,-8.194245338439941,,
190100,2.319025754928589,0.05,-7.458156108856201,,
190150,5.926149845123291,0.05,-9.243720054626465,,
190200,3.507951021194458,0.05,-8.121573448181152,,
190250,1.195581078529358,0.05,-8.521018028259277,,
190300,0.9555608630180359,0.05,-8.472624778747559,,
190350,5.9924139976501465,0.05,-8.2267427444458,,
190400,7.993800640106201,0.05,-8.064342498779297,,
190450,3.3124516010284424,0.05,-8.273103713989258,,
190500,4.442930221557617,0.05,-9.003134727478027,,
190550,1.2244257926940918,0.05,-7.261590480804443,,
190600,7.188678741455078,0.05,-8.930092811584473,,
190650,5.1593427658081055,0.05,-9.514265060424805,,
190700,1.986531138420105,0.05,-7.465902328491211,,
190750,7.441623687744141,0.05,-9.6360502243042,,
190800,11.641880989074707,0.05,-8.149444580078125,,
190850,8.15661907196045,0.05,-8.223908424377441,,
190900,3.4860620498657227,0.05,-8.00545883178711,,
190950,8.65990161895752,0.05,-7.853574752807617,,
191000,5.734543323516846,0.05,-9.012812614440918,,
191050,9.40136432647705,0.05,-9.53262996673584,,
191100,9.854626655578613,0.05,-8.713053703308105,,
191150,0.8798547387123108,0.05,-7.850072860717773,,
191200,5.408508777618408,0.05,-10.660579681396484,,
191250,7.31237268447876,0.05,-9.156134605407715,,
191300,16.302167892456055,0.05,-8.692056655883789,,
191350,4.116055011749268,0.05,-9.15462589263916,,
191400,3.1708362102508545,0.05,-8.12063217163086,,
191450,4.794808387756348,0.05,-9.377595901489258,,
191500,0.7655541896820068,0.05,-7.536988735198975,,
191550,4.2988762855529785,0.05,-8.094905853271484,,
191600,11.02883243560791,0.05,-9.055191993713379,,
191650,7.412312984466553,0.05,-7.995410919189453,,
191700,1.0848702192306519,0.05,-9.096753120422363,,
191750,9.76358413696289,0.05,-8.70656681060791,,
191800,3.958310842514038,0.05,-9.364416122436523,,
191850,9.323192596435547,0.05,-8.202197074890137,,
191900,15.227706909179688,0.05,-8.677047729492188,,
191950,6.652639865875244,0.05,-7.737315654754639,,
192000,10.481969833374023,0.05,-10.279719352722168,,
192050,1.0255640745162964,0.05,-7.97628927230835,,
192100,11.7857666015625,0.05,-8.61915397644043,,
192150,10.509316444396973,0.05,-8.07461166381836,,
192200,1.2188657522201538,0.05,-9.737641334533691,,
192250,6.227389812469482,0.05,-9.163223266601562,,
192300,1.5836652517318726,0.05,-8.623799324035645,,
192350,1.7317734956741333,0.05,-8.804469108581543,,
192400,2.573068380355835,0.05,-9.902856826782227,,
192450,5.261719226837158,0.05,-10.51976490020752,,
192500,12.854762077331543,0.05,-8.268174171447754,,
192550,2.88851261138916,0.05,-8.376053810119629,,
192600,14.533589363098145,0.05,-9.27751350402832,,
192650,4.791141510009766,0.05,-8.011395454406738,,
192700,9.959044456481934,0.05,-7.808986663818359,,
192750,12.211956024169922,0.05,-8.85019588470459,,
192800,5.593027591705322,0.05,-8.682699203491211,,
192850,8.530406951904297,0.05,-7.820359706878662,,
192900,2.4086785316467285,0.05,-9.539937019348145,,
192950,8.117680549621582,0.05,-7.90651273727417,,
193000,2.89168381690979,0.05,-8.921586990356445,,
193050,4.780924320220947,0.05,-8.264939308166504,,
193100,1.2910164594650269,0.05,-8.08046817779541,,
193150,0.7155372500419617,0.05,-8.287306785583496,,
193200,1.14704167842865,0.05,-7.8612060546875,,
193250,1.4022058248519897,0.05,-8.334447860717773,,
193300,2.53747296333313,0.05,-8.01307201385498,,
193350,5.406937122344971,0.05,-8.74715518951416,,
193400,7.675070285797119,0.05,-8.393720626831055,,
193450,1.7054791450500488,0.05,-9.570477485656738,,
193500,6.876174449920654,0.05,-8.426295280456543,,
193550,3.7633931636810303,0.05,-8.049750328063965,,
193600,2.1174256801605225,0.05,-8.462608337402344,,
193650,6.582185745239258,0.05,-7.653436660766602,,
193700,4.471189022064209,0.05,-8.474181175231934,,
193750,1.1129070520401,0.05,-8.197068214416504,,
193800,11.406481742858887,0.05,-9.533778190612793,,
193850,4.741055011749268,0.05,-8.593916893005371,,
193900,5.377908706665039,0.05,-7.619162082672119,,
193950,1.322407603263855,0.05,-8.542854309082031,,
194000,7.1251301765441895,0.05,-7.686101913452148,,
194050,2.670699119567871,0.05,-7.5801310539245605,,
194100,0.666466236114502,0.05,-8.281708717346191,,
194150,2.6739132404327393,0.05,-7.765760898590088,,
194200,12.074809074401855,0.05,-8.073792457580566,,
194250,0.2699964940547943,0.05,-8.320769309997559,,
194300,7.808958053588867,0.05,-7.859730243682861,,
194350,8.02129077911377,0.05,-9.78797721862793,,
194400,1.9448366165161133,0.05,-8.05620002746582,,
194450,5.5194783210754395,0.05,-7.853872776031494,,
194500,14.333928108215332,0.05,-8.32520580291748,,
194550,4.050868034362793,0.05,-8.398760795593262,,
194600,1.5445224046707153,0.05,-8.77802848815918,,
194650,7.414490222930908,0.05,-8.097590446472168,,
194700,6.095745086669922,0.05,-7.564517974853516,,
194750,2.5674355030059814,0.05,-8.386085510253906,,
194800,2.4822380542755127,0.05,-8.56623363494873,,
194850,0.6906293034553528,0.05,-8.43656063079834,,
194900,7.522874355316162,0.05,-8.981317520141602,,
194950,1.3249531984329224,0.05,-9.020962715148926,,
195000,1.7006940841674805,0.05,-8.928301811218262,,
195050,10.523751258850098,0.05,-8.090947151184082,,
195100,4.121728420257568,0.05,-9.05675220489502,,
195150,12.439875602722168,0.05,-8.759129524230957,,
195200,6.565217971801758,0.05,-8.288582801818848,,
195250,7.326595306396484,0.05,-8.9723539352417,,
195300,5.423017978668213,0.05,-7.994527339935303,,
195350,5.2311482429504395,0.05,-8.774157524108887,,
195400,2.800168037414551,0.05,-7.579263210296631,,
195450,4.011899471282959,0.05,-7.745533466339111,,
195500,5.656414031982422,0.05,-8.124634742736816,,
195550,9.555157661437988,0.05,-7.571858882904053,,
195600,14.240134239196777,0.05,-8.439200401306152,,
195650,4.488468170166016,0.05,-8.038491249084473,,
195700,2.437514066696167,0.05,-10.019149780273438,,
195750,0.6995118260383606,0.05,-7.59527587890625,,
195800,2.3277809619903564,0.05,-8.603325843811035,,
195850,3.153315782546997,0.05,-7.486861705780029,,
195900,3.4913833141326904,0.05,-8.532333374023438,,
195950,3.317873239517212,0.05,-7.682611465454102,,
196000,0.5286384224891663,0.05,-8.606429100036621,,
196050,3.0403172969818115,0.05,-8.384136199951172,,
196100,12.791580200195312,0.05,-8.350388526916504,,
196150,5.2343363761901855,0.05,-7.699832916259766,,
196200,3.8907973766326904,0.05,-8.59438419342041,,
196250,4.622855186462402,0.05,-8.598824501037598,,
196300,3.6487653255462646,0.05,-8.012019157409668,,
196350,6.290038585662842,0.05,-9.050909996032715,,
196400,12.10142993927002,0.05,-8.391258239746094,,
196450,0.4861946105957031,0.05,-7.272908687591553,,
196500,7.747958660125732,0.05,-8.402840614318848,,
196550,5.078022480010986,0.05,-8.511038780212402,,
196600,3.8235530853271484,0.05,-7.77363920211792,,
196650,4.317826747894287,0.05,-8.84789752960205,,
196700,3.562774658203125,0.05,-8.57583236694336,,
196750,3.90692400932312,0.05,-10.14009952545166,,
196800,0.3010958731174469,0.05,-7.335555553436279,,
196850,4.415627479553223,0.05,-7.6516900062561035,,
196900,1.0569521188735962,0.05,-8.407210350036621,,
196950,11.279370307922363,0.05,-8.602705001831055,,
197000,1.345981478691101,0.05,-8.080901145935059,,
197050,4.735270023345947,0.05,-8.78258991241455,,
197100,3.5107028484344482,0.05,-8.051530838012695,,
197150,2.0380797386169434,0.05,-7.777075290679932,,
197200,0.9340920448303223,0.05,-7.693411350250244,,
197250,2.1736769676208496,0.05,-8.421833992004395,,
197300,1.7878044843673706,0.05,-7.5970587730407715,,
197350,4.352912425994873,0.05,-7.678843021392822,,
197400,5.005640029907227,0.05,-8.907620429992676,,
197450,2.633986711502075,0.05,-7.5704731941223145,,
197500,1.1722221374511719,0.05,-7.503604888916016,,
197550,2.3338840007781982,0.05,-8.664578437805176,,
197600,6.678410053253174,0.05,-8.188118934631348,,
197650,4.184412479400635,0.05,-8.98629093170166,,
197700,0.9334433674812317,0.05,-7.722345352172852,,
197750,2.743696928024292,0.05,-7.712656497955322,,
197800,2.8461740016937256,0.05,-7.744743824005127,,
197850,8.487292289733887,0.05,-9.170090675354004,,
197900,14.639870643615723,0.05,-8.241235733032227,,
197950,3.9968671798706055,0.05,-6.927783489227295,,
198000,16.565343856811523,0.05,-8.255035400390625,,
198050,0.765307605266571,0.05,-9.158090591430664,,
198100,0.7586188912391663,0.05,-7.21129846572876,,
198150,0.6568183898925781,0.05,-8.305403709411621,,
198200,1.84644615650177,0.05,-7.404906749725342,,
198250,1.3391135931015015,0.05,-9.044532775878906,,
198300,0.8412487506866455,0.05,-8.019699096679688,,
198350,19.552093505859375,0.05,-9.150402069091797,,
198400,11.906498908996582,0.05,-7.1494460105896,,
198450,2.4375078678131104,0.05,-7.183117389678955,,
198500,4.582027912139893,0.05,-6.337127685546875,,
198550,8.781517028808594,0.05,-8.239164352416992,,
198600,6.81242036819458,0.05,-8.98592472076416,,
198650,1.1138643026351929,0.05,-7.917801380157471,,
198700,5.202669143676758,0.05,-6.763282299041748,,
198750,2.3760948181152344,0.05,-7.103757381439209,,
198800,3.123966932296753,0.05,-7.59644889831543,,
198850,1.2019168138504028,0.05,-8.464353561401367,,
198900,5.913512706756592,0.05,-7.372071743011475,,
198950,2.3712611198425293,0.05,-7.2658867835998535,,
199000,3.099087953567505,0.05,-7.159998416900635,,
199050,11.499526023864746,0.05,-8.847357749938965,,
199100,2.127797842025757,0.05,-8.074044227600098,,
199150,6.492835998535156,0.05,-8.505598068237305,,
199200,0.6670762896537781,0.05,-7.427657604217529,,
199250,7.768705368041992,0.05,-8.185250282287598,,
199300,1.4264827966690063,0.05,-7.175076007843018,,
199350,1.1019574403762817,0.05,-8.518479347229004,,
199400,2.0932400226593018,0.05,-7.601039886474609,,
199450,3.0281450748443604,0.05,-8.70765495300293,,
199500,3.9576256275177,0.05,-8.320225715637207,,
199550,8.151633262634277,0.05,-7.735233783721924,,
199600,0.8698243498802185,0.05,-6.672291278839111,,
199650,2.1841793060302734,0.05,-8.757583618164062,,
199700,5.6781134605407715,0.05,-7.08320426940918,,
199750,0.6669519543647766,0.05,-7.281757354736328,,
199800,1.5820013284683228,0.05,-8.166046142578125,,
199850,8.90598201751709,0.05,-7.78207540512085,,
199900,3.2694809436798096,0.05,-7.793640613555908,,
199950,1.8988484144210815,0.05,-8.452234268188477,,
200000,0.6508821845054626,0.05,-7.991305828094482,-0.7391969264450187,34.266666666666666
200050,4.392617225646973,0.05,-8.047513008117676,,
200100,15.96757984161377,0.05,-7.252893447875977,,
200150,2.812986135482788,0.05,-6.691850662231445,,
200200,0.6681310534477234,0.05,-6.8094964027404785,,
200250,2.398296594619751,0.05,-7.65369176864624,,
200300,6.949697494506836,0.05,-7.371829986572266,,
200350,0.6967661380767822,0.05,-6.8794732093811035,,
200400,3.752190589904785,0.05,-7.360292911529541,,
200450,3.313532829284668,0.05,-6.521720886230469,,
200500,1.0105305910110474,0.05,-6.39964485168457,,
200550,8.659499168395996,0.05,-7.749261856079102,,
200600,2.0695555210113525,0.05,-8.17358684539795,,
200650,0.7376406788825989,0.05,-7.385837078094482,,
200700,8.816645622253418,0.05,-7.109852313995361,,
200750,0.9355781674385071,0.05,-7.093162536621094,,
200800,15.09566879272461,0.05,-7.228243350982666,,
200850,1.0526009798049927,0.05,-7.582759857177734,,
200900,9.40674114227295,0.05,-9.05689525604248,,
200950,1.0579240322113037,0.05,-8.189848899841309,,
201000,5.267766952514648,0.05,-6.498094081878662,,
201050,2.159985303878784,0.05,-7.633037090301514,,
201100,4.477828502655029,0.05,-7.9124836921691895,,
201150,0.33799466490745544,0.05,-6.660253524780273,,
201200,1.9829152822494507,0.05,-6.2667927742004395,,
201250,1.5140557289123535,0.05,-6.956157684326172,,
201300,6.790295124053955,0.05,-8.225140571594238,,
201350,9.395651817321777,0.05,-7.977585315704346,,
201400,1.9769353866577148,0.05,-7.251235485076904,,
201450,0.870499312877655,0.05,-6.711082935333252,,
201500,3.7663793563842773,0.05,-7.776926040649414,,
201550,7.547814846038818,0.05,-7.029243469238281,,
201600,1.580554485321045,0.05,-7.947153568267822,,
201650,2.9693286418914795,0.05,-7.299201488494873,,
201700,15.654202461242676,0.05,-6.813683032989502,,
201750,4.874596118927002,0.05,-7.862621784210205,,
201800,12.927871704101562,0.05,-7.663730621337891,,
201850,3.0384950637817383,0.05,-6.299790859222412,,
201900,4.87595796585083,0.05,-8.68016529083252,,
201950,4.711871147155762,0.05,-7.442617893218994,,
202000,2.1626975536346436,0.05,-7.407386779785156,,
202050,0.7194876670837402,0.05,-8.104680061340332,,
202100,10.32947063446045,0.05,-8.057464599609375,,
202150,7.158375263214111,0.05,-8.083264350891113,,
202200,2.0269930362701416,0.05,-7.248973369598389,,
202250,5.644008636474609,0.05,-7.217248439788818,,
202300,6.447970867156982,0.05,-7.2347798347473145,,
202350,3.6113903522491455,0.05,-7.675277233123779,,
202400,10.585257530212402,0.05,-6.8962578773498535,,
202450,1.2927292585372925,0.05,-6.871822834014893,,
202500,3.2874457836151123,0.05,-7.846611499786377,,
202550,0.8480389714241028,0.05,-6.846490859985352,,
202600,8.882486343383789,0.05,-8.342081069946289,,
202650,5.728942394256592,0.05,-9.611334800720215,,
202700,0.6033581495285034,0.05,-7.357605457305908,,
202750,0.9043110013008118,0.05,-6.606224060058594,,
202800,1.1613450050354004,0.05,-7.962015628814697,,
202850,7.732542514801025,0.05,-6.738361835479736,,
202900,4.314457416534424,0.05,-6.762402057647705,,
202950,3.8816635608673096,0.05,-7.429097652435303,,
203000,0.3566669523715973,0.05,-7.719335079193115,,
203050,0.21631181240081787,0.05,-7.264440536499023,,
203100,0.6345308423042297,0.05,-7.064358234405518,,
203150,10.969818115234375,0.05,-8.070106506347656,,
203200,5.437495708465576,0.05,-8.002050399780273,,
203250,0.9137866497039795,0.05,-8.340956687927246,,
203300,9.814851760864258,0.05,-7.615053653717041,,
203350,10.978133201599121,0.05,-7.696646213531494,,
203400,5.8544745445251465,0.05,-7.981034755706787,,
203450,1.9412416219711304,0.05,-7.835188388824463,,
203500,0.3522226810455322,0.05,-7.307318210601807,,
203550,0.8110633492469788,0.05,-7.177412509918213,,
203600,0.9696311950683594,0.05,-7.074296474456787,,
203650,3.619656801223755,0.05,-8.1515531539917,,
203700,2.880695104598999,0.05,-6.965546131134033,,
203750,0.9982277750968933,0.05,-6.786274433135986,,
203800,8.439105033874512,0.05,-7.924454212188721,,
203850,0.20874495804309845,0.05,-6.881454944610596,,
203900,1.3323729038238525,0.05,-7.221885681152344,,
203950,3.7018277645111084,0.05,-7.3773722648620605,,
204000,1.1710175275802612,0.05,-7.800330638885498,,
204050,4.164229869842529,0.05,-7.379708766937256,,
204100,1.2262977361679077,0.05,-6.519338607788086,,
204150,1.3107553720474243,0.05,-8.445719718933105,,
204200,10.104485511779785,0.05,-8.1408052444458,,
204250,14.945977210998535,0.05,-7.896785259246826,,
204300,1.7553585767745972,0.05,-8.143660545349121,,
204350,1.0019880533218384,0.05,-6.8846917152404785,,
204400,8.487127304077148,0.05,-8.768754005432129,,
204450,5.179525852203369,0.05,-7.443501949310303,,
204500,3.2147350311279297,0.05,-8.710969924926758,,
204550,0.6981777548789978,0.05,-7.30952787399292,,
204600,14.965046882629395,0.05,-8.140983581542969,,
204650,2.928950309753418,0.05,-7.092718601226807,,
204700,4.785963535308838,0.05,-8.288572311401367,,
204750,1.970626950263977,0.05,-9.160334587097168,,
204800,1.9358738660812378,0.05,-7.643391132354736,,
204850,9.184388160705566,0.05,-7.620956897735596,,
204900,13.06174087524414,0.05,-8.23693561553955,,
204950,1.428714632987976,0.05,-7.368328094482422,,
205000,5.894275188446045,0.05,-8.437350273132324,,
205050,4.698545455932617,0.05,-7.932192325592041,,
205100,8.942970275878906,0.05,-7.170098781585693,,
205150,3.2384824752807617,0.05,-8.55543041229248,,
205200,3.499563217163086,0.05,-7.244644641876221,,
205250,5.335974216461182,0.05,-8.773656845092773,,
205300,0.9543992877006531,0.05,-8.205410957336426,,
205350,0.7881991267204285,0.05,-6.816469669342041,,
205400,1.8112925291061401,0.05,-7.473716735839844,,
205450,8.012663841247559,0.05,-7.312222957611084,,
205500,3.3371450901031494,0.05,-8.05623722076416,,
205550,8.542874336242676,0.05,-9.093116760253906,,
205600,7.461781024932861,0.05,-7.89794921875,,
205650,1.858446478843689,0.05,-7.352454662322998,,
205700,7.063282012939453,0.05,-8.069735527038574,,
205750,2.115921974182129,0.05,-9.250749588012695,,
205800,4.976663112640381,0.05,-7.740914821624756,,
205850,10.404641151428223,0.05,-7.562920093536377,,
205900,3.6341638565063477,0.05,-7.308583736419678,,
205950,7.005096435546875,0.05,-8.508105278015137,,
206000,2.08069109916687,0.05,-7.575323104858398,,
206050,2.860900640487671,0.05,-7.262231349945068,,
206100,1.1185036897659302,0.05,-7.3457512855529785,,
206150,12.467273712158203,0.05,-7.2113938331604,,
206200,2.493913173675537,0.05,-7.697462558746338,,
206250,4.037219524383545,0.05,-7.8864264488220215,,
206300,7.831218242645264,0.05,-7.102909088134766,,
206350,9.344388008117676,0.05,-7.79580545425415,,
206400,3.7359561920166016,0.05,-6.686267852783203,,
206450,3.300968885421753,0.05,-7.849140644073486,,
206500,1.4369665384292603,0.05,-7.564627170562744,,
206550,6.048180103302002,0.05,-7.440582275390625,,
206600,2.0710160732269287,0.05,-6.941709995269775,,
206650,0.9750037789344788,0.05,-7.505105972290039,,
206700,1.995808720588684,0.05,-7.0637431144714355,,
206750,5.981812953948975,0.05,-8.281978607177734,,
206800,6.248842239379883,0.05,-9.461181640625,,
206850,5.330363750457764,0.05,-8.31666374206543,,
206900,15.546076774597168,0.05,-7.0131516456604,,
206950,12.201144218444824,0.05,-8.910127639770508,,
207000,4.890965461730957,0.05,-8.754067420959473,,
207050,4.696262836456299,0.05,-7.158365249633789,,
207100,1.269931435585022,0.05,-6.891447067260742,,
207150,2.219675302505493,0.05,-7.242031574249268,,
207200,1.8107179403305054,0.05,-7.85920524597168,,
207250,9.913533210754395,0.05,-6.504806041717529,,
207300,8.353769302368164,0.05,-7.666801929473877,,
207350,18.229610443115234,0.05,-8.391377449035645,,
207400,3.269664764404297,0.05,-8.555380821228027,,
207450,15.08891773223877,0.05,-7.491252422332764,,
207500,17.25090217590332,0.05,-7.209785461425781,,
207550,3.3276729583740234,0.05,-7.428802013397217,,
207600,2.644003391265869,0.05,-7.168809413909912,,
207650,4.332258701324463,0.05,-6.433588027954102,,
207700,4.873203754425049,0.05,-7.7316813468933105,,
207750,11.224411010742188,0.05,-6.791280269622803,,
207800,0.5789960026741028,0.05,-6.779790878295898,,
207850,12.473605155944824,0.05,-6.628464221954346,,
207900,2.829171895980835,0.05,-7.232569217681885,,
207950,4.850933074951172,0.05,-7.6207451820373535,,
208000,6.9584479331970215,0.05,-6.642906188964844,,
208050,13.572396278381348,0.05,-8.010941505432129,,
208100,2.0448238849639893,0.05,-6.951405048370361,,
208150,0.55258709192276,0.05,-7.230464458465576,,
208200,1.8660980463027954,0.05,-7.789241790771484,,
208250,2.076535940170288,0.05,-7.045579433441162,,
208300,8.837849617004395,0.05,-7.96731424331665,,
208350,11.256927490234375,0.05,-7.745340824127197,,
208400,6.924835205078125,0.05,-8.275246620178223,,
208450,11.926631927490234,0.05,-7.4835028648376465,,
208500,2.1787898540496826,0.05,-7.644125461578369,,
208550,3.088318109512329,0.05,-8.691524505615234,,
208600,5.759999752044678,0.05,-8.156006813049316,,
208650,0.7896339893341064,0.05,-6.602681636810303,,
208700,6.015367031097412,0.05,-8.524587631225586,,
208750,7.217170715332031,0.05,-8.03537654876709,,
208800,1.485956072807312,0.05,-9.145232200622559,,
208850,1.1461466550827026,0.05,-7.013402462005615,,
208900,6.718486785888672,0.05,-8.105167388916016,,
208950,7.062460422515869,0.05,-8.834759712219238,,
209000,8.244773864746094,0.05,-7.5089430809021,,
209050,1.423919677734375,0.05,-8.26082706451416,,
209100,6.588867664337158,0.05,-8.337296485900879,,
209150,10.616342544555664,0.05,-8.073284149169922,,
209200,9.281074523925781,0.05,-8.82602596282959,,
209250,9.959155082702637,0.05,-7.79730224609375,,
209300,13.508514404296875,0.05,-8.52762222290039,,
209350,0.43754181265830994,0.05,-7.037548542022705,,
209400,6.98539924621582,0.05,-9.620492935180664,,
209450,2.9959678649902344,0.05,-10.036831855773926,,
209500,12.378958702087402,0.05,-8.290815353393555,,
209550,5.64984130859375,0.05,-6.941373348236084,,
209600,4.325911045074463,0.05,-7.955183506011963,,
209650,10.411174774169922,0.05,-8.142148971557617,,
209700,2.1023764610290527,0.05,-8.38275146484375,,
209750,1.6650328636169434,0.05,-7.105836391448975,,
209800,5.805220127105713,0.05,-9.092835426330566,,
209850,6.110889434814453,0.05,-7.513008117675781,,
209900,3.291410446166992,0.05,-8.939696311950684,,
209950,2.5552432537078857,0.05,-8.595305442810059,,
210000,4.0445098876953125,0.05,-7.176433563232422,,
210050,3.5101215839385986,0.05,-7.200292587280273,,
210100,1.4903655052185059,0.05,-7.663532733917236,,
210150,2.0405068397521973,0.05,-7.267202377319336,,
210200,0.21180494129657745,0.05,-7.204122066497803,,
210250,2.2647573947906494,0.05,-7.7366719245910645,,
210300,0.5565893650054932,0.05,-6.298940658569336,,
210350,1.5251048803329468,0.05,-6.686232089996338,,
210400,10.425494194030762,0.05,-7.497557163238525,,
210450,1.9548507928848267,0.05,-7.908390045166016,,
210500,1.6079269647598267,0.05,-7.336073398590088,,
210550,2.0176494121551514,0.05,-8.6788330078125,,
210600,7.38871431350708,0.05,-7.989561557769775,,
210650,1.9433897733688354,0.05,-7.910876750946045,,
210700,3.505042791366577,0.05,-8.079195976257324,,
210750,5.492439270019531,0.05,-6.456209659576416,,
210800,8.233010292053223,0.05,-8.719179153442383,,
210850,5.659773349761963,0.05,-6.795715808868408,,
210900,1.828054428100586,0.05,-8.451836585998535,,
210950,5.228923320770264,0.05,-8.162575721740723,,
211000,0.31851598620414734,0.05,-7.211843490600586,,
211050,9.777840614318848,0.05,-8.142891883850098,,
211100,17.79962158203125,0.05,-7.4464898109436035,,
211150,4.377338886260986,0.05,-8.142748832702637,,
211200,0.4221418797969818,0.05,-8.497395515441895,,
211250,6.252676486968994,0.05,-7.646434307098389,,
211300,0.2707725465297699,0.05,-7.6289381980896,,
211350,0.9916985034942627,0.05,-8.637465476989746,,
211400,5.485917568206787,0.05,-7.630274295806885,,
211450,1.7644596099853516,0.05,-8.092710494995117,,
211500,7.867145538330078,0.05,-8.024331092834473,,
211550,6.429513454437256,0.05,-7.244753360748291,,
211600,0.19969582557678223,0.05,-7.32208776473999,,
211650,1.218286395072937,0.05,-7.2568182945251465,,
211700,10.151862144470215,0.05,-8.343016624450684,,
211750,3.90741229057312,0.05,-8.181852340698242,,
211800,1.2395912408828735,0.05,-6.647036075592041,,
211850,3.7234904766082764,0.05,-6.584993839263916,,
211900,0.6953604221343994,0.05,-8.021553993225098,,
211950,1.248719573020935,0.05,-6.909924030303955,,
212000,0.5886571407318115,0.05,-8.07272720336914,,
212050,1.5061107873916626,0.05,-6.29162073135376,,
212100,13.839278221130371,0.05,-6.9103546142578125,,
212150,0.2105354517698288,0.05,-7.884125232696533,,
212200,0.5802058577537537,0.05,-7.940757751464844,,
212250,3.9506587982177734,0.05,-7.33603048324585,,
212300,4.471469402313232,0.05,-8.633918762207031,,
212350,7.403361797332764,0.05,-7.95249605178833,,
212400,6.4077911376953125,0.05,-8.522856712341309,,
212450,1.42078697681427,0.05,-7.494831562042236,,
212500,10.636435508728027,0.05,-7.63203239440918,,
212550,1.9983086585998535,0.05,-7.436163425445557,,
212600,1.524006724357605,0.05,-7.1428070068359375,,
212650,0.18360573053359985,0.05,-7.322414398193359,,
212700,2.683086633682251,0.05,-6.382485866546631,,
212750,1.7831507921218872,0.05,-7.291317462921143,,
212800,5.200035095214844,0.05,-8.612652778625488,,
212850,6.3691277503967285,0.05,-8.423295974731445,,
212900,9.558558464050293,0.05,-7.947908878326416,,
212950,1.1838860511779785,0.05,-6.694871425628662,,
213000,3.771367311477661,0.05,-8.04721736907959,,
213050,9.35216236114502,0.05,-7.490749835968018,,
213100,1.1810699701309204,0.05,-7.750892639160156,,
213150,6.74809455871582,0.05,-8.983633041381836,,
213200,8.747143745422363,0.05,-7.449611663818359,,
213250,18.48370933532715,0.05,-6.6312079429626465,,
213300,0.9862534403800964,0.05,-6.752966403961182,,
213350,7.302213191986084,0.05,-6.846480846405029,,
213400,1.656144618988037,0.05,-8.172026634216309,,
213450,2.632995843887329,0.05,-6.970752239227295,,
213500,10.908863067626953,0.05,-8.242964744567871,,
213550,9.104857444763184,0.05,-7.877991199493408,,
213600,1.763716220855713,0.05,-8.82956314086914,,
213650,7.3827667236328125,0.05,-8.656249046325684,,
213700,1.3265517950057983,0.05,-7.413454532623291,,
213750,0.3638371229171753,0.05,-7.871845245361328,,
213800,6.560441970825195,0.05,-6.364449977874756,,
213850,10.785526275634766,0.05,-9.152825355529785,,
213900,5.267703533172607,0.05,-9.136748313903809,,
213950,9.81649112701416,0.05,-8.52216625213623,,
214000,0.1613478660583496,0.05,-7.321819305419922,,
214050,9.743639945983887,0.05,-7.234458923339844,,
214100,2.076387405395508,0.05,-7.676019191741943,,
214150,1.4350448846817017,0.05,-8.420303344726562,,
214200,3.85776686668396,0.05,-7.962403774261475,,
214250,2.3735172748565674,0.05,-7.800083160400391,,
214300,19.760112762451172,0.05,-6.850053310394287,,
214350,18.829030990600586,0.05,-9.152566909790039,,
214400,1.7849851846694946,0.05,-7.24716329574585,,
214450,0.8959028720855713,0.05,-7.2971343994140625,,
214500,2.689415693283081,0.05,-7.937899112701416,,
214550,2.122411012649536,0.05,-6.225926876068115,,
214600,0.5027403831481934,0.05,-7.42840051651001,,
214650,8.161630630493164,0.05,-8.279997825622559,,
214700,3.099658727645874,0.05,-6.706475734710693,,
214750,0.8401744365692139,0.05,-9.30197525024414,,
214800,5.513679504394531,0.05,-8.668335914611816,,
214850,7.213723659515381,0.05,-7.917171478271484,,
214900,4.480379581451416,0.05,-8.081110954284668,,
214950,8.831097602844238,0.05,-9.905077934265137,,
215000,3.8310794830322266,0.05,-7.066731929779053,,
215050,13.663451194763184,0.05,-7.762720108032227,,
215100,9.701739311218262,0.05,-7.3575968742370605,,
215150,5.354563236236572,0.05,-7.6361846923828125,,
215200,11.780841827392578,0.05,-7.5672430992126465,,
215250,0.7053297162055969,0.05,-6.7496771812438965,,
215300,6.947648525238037,0.05,-8.58337688446045,,
215350,0.654249370098114,0.05,-7.563330173492432,,
215400,0.7966768145561218,0.05,-6.947012424468994,,
215450,4.75990629196167,0.05,-7.367778778076172,,
215500,6.914131164550781,0.05,-8.20261001586914,,
215550,7.614792346954346,0.05,-6.432596206665039,,
215600,0.9244217872619629,0.05,-7.056246280670166,,
215650,1.0513991117477417,0.05,-5.860633373260498,,
215700,5.557340621948242,0.05,-8.31878662109375,,
215750,1.9407304525375366,0.05,-7.718433380126953,,
215800,5.301705360412598,0.05,-9.165732383728027,,
215850,1.8077765703201294,0.05,-7.955955505371094,,
215900,14.482941627502441,0.05,-7.182501316070557,,
215950,21.584579467773438,0.05,-8.38491439819336,,
216000,6.404829502105713,0.05,-6.617752552032471,,
216050,1.6539543867111206,0.05,-7.241837978363037,,
216100,7.358476161956787,0.05,-8.833817481994629,,
216150,13.730631828308105,0.05,-6.802731990814209,,
216200,0.6810827255249023,0.05,-7.208726406097412,,
216250,0.8852779269218445,0.05,-6.857870578765869,,
216300,2.5302445888519287,0.05,-6.941160678863525,,
216350,1.06236732006073,0.05,-7.779853343963623,,
216400,4.332864284515381,0.05,-6.512965679168701,,
216450,6.35786247253418,0.05,-6.498588562011719,,
216500,2.0575954914093018,0.05,-8.180790901184082,,
216550,12.878926277160645,0.05,-7.385227680206299,,
216600,3.486990213394165,0.05,-7.801371097564697,,
216650,3.4112560749053955,0.05,-7.474118709564209,,
216700,1.8292045593261719,0.05,-7.312822341918945,,
216750,1.292034387588501,0.05,-6.560388088226318,,
216800,7.462812900543213,0.05,-7.091305255889893,,
216850,6.168278217315674,0.05,-7.019096374511719,,
216900,3.049847364425659,0.05,-8.517199516296387,,
216950,6.977575302124023,0.05,-7.613458633422852,,
217000,19.78428077697754,0.05,-7.34867525100708,,
217050,3.090473175048828,0.05,-7.398974895477295,,
217100,1.0738680362701416,0.05,-7.1312408447265625,,
217150,2.313342332839966,0.05,-6.975622177124023,,
217200,0.5595464110374451,0.05,-6.985107898712158,,
217250,9.857277870178223,0.05,-8.96076488494873,,
217300,11.983181953430176,0.05,-8.540680885314941,,
217350,2.7847108840942383,0.05,-8.73375415802002,,
217400,2.9481515884399414,0.05,-7.697826385498047,,
217450,6.858526706695557,0.05,-7.564174652099609,,
217500,14.239422798156738,0.05,-8.024603843688965,,
217550,9.077174186706543,0.05,-6.503734588623047,,
217600,1.24360191822052,0.05,-7.481227874755859,,
217650,7.8210978507995605,0.05,-7.336434841156006,,
217700,6.5816779136657715,0.05,-7.002549648284912,,
217750,7.6398491859436035,0.05,-7.3262248039245605,,
217800,8.456364631652832,0.05,-6.046864986419678,,
217850,11.24477481842041,0.05,-6.8156609535217285,,
217900,0.48211875557899475,0.05,-8.048453330993652,,
217950,1.0350209474563599,0.05,-8.076786994934082,,
218000,6.47566556930542,0.05,-7.477710723876953,,
218050,2.5358755588531494,0.05,-7.263488292694092,,
218100,6.772815227508545,0.05,-6.8786797523498535,,
218150,0.4873366355895996,0.05,-7.005034923553467,,
218200,0.6568436026573181,0.05,-6.956507205963135,,
218250,0.9388375878334045,0.05,-7.193108081817627,,
218300,2.8835487365722656,0.05,-8.680621147155762,,
218350,10.559168815612793,0.05,-7.052947521209717,,
218400,6.076797008514404,0.05,-6.396188259124756,,
218450,1.9961978197097778,0.05,-7.211349010467529,,
218500,4.598709583282471,0.05,-7.191534519195557,,
218550,6.18559455871582,0.05,-7.172916412353516,,
218600,0.9547545909881592,0.05,-7.621011257171631,,
218650,6.373576641082764,0.05,-7.522781848907471,,
218700,0.9974338412284851,0.05,-7.264947414398193,,
218750,0.9561879634857178,0.05,-7.778312683105469,,
218800,2.977281332015991,0.05,-6.961576461791992,,
218850,0.18899203836917877,0.05,-6.946208953857422,,
218900,8.097548484802246,0.05,-8.023248672485352,,
218950,2.299881935119629,0.05,-6.805469512939453,,
219000,10.647619247436523,0.05,-8.637249946594238,,
219050,0.968958854675293,0.05,-7.962467193603516,,
219100,3.8903095722198486,0.05,-7.01199197769165,,
219150,2.272520065307617,0.05,-7.415981769561768,,
219200,11.136113166809082,0.05,-6.861011028289795,,
219250,0.9624595642089844,0.05,-6.631194591522217,,
219300,0.13170644640922546,0.05,-6.370103359222412,,
219350,7.425065994262695,0.05,-7.525913715362549,,
219400,1.9204254150390625,0.05,-6.972293376922607,,
219450,1.0937947034835815,0.05,-7.049858093261719,,
219500,1.2928444147109985,0.05,-6.60590124130249,,
219550,6.328208923339844,0.05,-6.841705799102783,,
219600,1.14719557762146,0.05,-7.7687225341796875,,
219650,11.518475532531738,0.05,-8.118449211120605,,
219700,0.14235231280326843,0.05,-6.144898891448975,,
219750,4.820436954498291,0.05,-6.4654412269592285,,
219800,1.4215329885482788,0.05,-7.137567520141602,,
219850,9.478591918945312,0.05,-8.126900672912598,,
219900,0.27656999230384827,0.05,-6.990982532501221,,
219950,1.1080402135849,0.05,-7.347437381744385,,
220000,1.1897274255752563,0.05,-7.739169597625732,,
220050,7.1430535316467285,0.05,-6.566432952880859,,
220100,1.5032095909118652,0.05,-8.179978370666504,,
220150,16.36363983154297,0.05,-7.83270263671875,,
220200,4.295179843902588,0.05,-7.006550312042236,,
220250,7.2786431312561035,0.05,-7.3767571449279785,,
220300,3.093698501586914,0.05,-6.413729190826416,,
220350,8.071558952331543,0.05,-7.620209217071533,,
220400,9.332043647766113,0.05,-6.9705939292907715,,
220450,0.15990880131721497,0.05,-7.019120693206787,,
220500,2.520803689956665,0.05,-6.3997955322265625,,
220550,0.9695269465446472,0.05,-7.8977179527282715,,
220600,2.1257026195526123,0.05,-6.771332263946533,,
220650,6.001842498779297,0.05,-7.076511383056641,,
220700,16.995798110961914,0.05,-6.977275848388672,,
220750,0.8324963450431824,0.05,-7.5498223304748535,,
220800,1.778121829032898,0.05,-6.545269012451172,,
220850,15.900588989257812,0.05,-7.91337251663208,,
220900,0.9586101174354553,0.05,-6.324037551879883,,
220950,17.39325523376465,0.05,-6.964788436889648,,
221000,1.6133404970169067,0.05,-8.48298168182373,,
221050,2.0517215728759766,0.05,-6.264009475708008,,
221100,1.3260160684585571,0.05,-6.6444220542907715,,
221150,2.2134897708892822,0.05,-7.576625823974609,,
221200,14.206986427307129,0.05,-6.76366662979126,,
221250,0.8461406230926514,0.05,-7.220345973968506,,
221300,7.288609027862549,0.05,-6.923555850982666,,
221350,0.17112457752227783,0.05,-7.561399936676025,,
221400,1.4085350036621094,0.05,-8.231276512145996,,
221450,1.9422926902770996,0.05,-7.61958122253418,,
221500,7.864740371704102,0.05,-7.550657749176025,,
221550,2.815976858139038,0.05,-7.570100784301758,,
221600,2.357621908187866,0.05,-7.158563613891602,,
221650,12.757868766784668,0.05,-7.095681667327881,,
221700,0.9006312489509583,0.05,-7.525744915008545,,
221750,2.132105588912964,0.05,-6.901387691497803,,
221800,2.234156370162964,0.05,-7.260119915008545,,
221850,2.264298915863037,0.05,-7.757782459259033,,
221900,7.9932684898376465,0.05,-6.981447219848633,,
221950,2.7748916149139404,0.05,-6.948369979858398,,
222000,4.353076457977295,0.05,-6.6587300300598145,,
222050,8.679759979248047,0.05,-8.670500755310059,,
222100,1.2561479806900024,0.05,-8.45435619354248,,
222150,14.302841186523438,0.05,-6.969049453735352,,
222200,5.559423446655273,0.05,-7.957265853881836,,
222250,1.4828801155090332,0.05,-6.788131237030029,,
222300,3.27559494972229,0.05,-7.832374095916748,,
222350,2.253286600112915,0.05,-7.328465938568115,,
222400,10.282390594482422,0.05,-7.59521484375,,
222450,3.3076260089874268,0.05,-7.807496547698975,,
222500,2.9023208618164062,0.05,-7.786927700042725,,
222550,1.3496533632278442,0.05,-6.6958842277526855,,
222600,4.191915035247803,0.05,-7.525407791137695,,
222650,4.849242210388184,0.05,-7.1316399574279785,,
222700,0.6392382979393005,0.05,-6.686434268951416,,
222750,9.27051067352295,0.05,-7.447145462036133,,
222800,3.0809319019317627,0.05,-7.334690570831299,,
222850,1.5198718309402466,0.05,-8.206648826599121,,
222900,2.917675018310547,0.05,-7.1882452964782715,,
222950,1.7468948364257812,0.05,-7.270969867706299,,
223000,3.0664823055267334,0.05,-6.877657413482666,,
223050,1.559942364692688,0.05,-7.634809970855713,,
223100,7.501109600067139,0.05,-8.247702598571777,,
223150,0.8198559284210205,0.05,-7.520616054534912,,
223200,4.10910177230835,0.05,-6.740997314453125,,
223250,3.175959587097168,0.05,-7.267108917236328,,
223300,1.5306679010391235,0.05,-8.398802757263184,,
223350,0.8755736351013184,0.05,-8.77567195892334,,
223400,2.072765350341797,0.05,-7.335318088531494,,
223450,1.690980076789856,0.05,-7.176492214202881,,
223500,4.617588520050049,0.05,-8.125736236572266,,
223550,0.43788957595825195,0.05,-7.568335056304932,,
223600,1.9994512796401978,0.05,-8.27453899383545,,
223650,4.031482696533203,0.05,-8.556933403015137,,
223700,1.3149257898330688,0.05,-9.009742736816406,,
223750,4.415472030639648,0.05,-8.233901977539062,,
223800,0.44284820556640625,0.05,-8.594442367553711,,
223850,5.286187648773193,0.05,-7.4290080070495605,,
223900,2.213134765625,0.05,-8.239395141601562,,
223950,2.4688026905059814,0.05,-7.211917400360107,,
224000,11.1087064743042,0.05,-7.6596293449401855,,
224050,1.740597128868103,0.05,-8.122715950012207,,
224100,5.058160305023193,0.05,-8.031963348388672,,
224150,1.9815115928649902,0.05,-7.949589252471924,,
224200,12.394331932067871,0.05,-6.735439300537109,,
224250,8.050801277160645,0.05,-8.779465675354004,,
224300,10.823436737060547,0.05,-7.317319869995117,,
224350,11.851417541503906,0.05,-9.107837677001953,,
224400,0.9490798115730286,0.05,-8.71947956085205,,
224450,0.9674577116966248,0.05,-6.91986083984375,,
224500,1.5401381254196167,0.05,-8.214344024658203,,
224550,1.4470280408859253,0.05,-7.437906742095947,,
224600,1.6706146001815796,0.05,-6.830381870269775,,
224650,1.764327883720398,0.05,-7.548221588134766,,
224700,1.230543613433838,0.05,-7.5819010734558105,,
224750,1.350822925567627,0.05,-9.580485343933105,,
224800,1.5907717943191528,0.05,-9.17264461517334,,
224850,9.096626281738281,0.05,-7.738569736480713,,
224900,0.6369792819023132,0.05,-6.803206920623779,,
224950,7.728590488433838,0.05,-7.355548858642578,,
225000,4.5444512367248535,0.05,-8.493547439575195,-1.2579735877335068,46.26666666666666
225050,2.0091352462768555,0.05,-7.102657318115234,,
225100,2.9680745601654053,0.05,-7.7693610191345215,,
225150,1.6742428541183472,0.05,-6.989460468292236,,
225200,0.7548413872718811,0.05,-7.112668991088867,,
225250,18.648080825805664,0.05,-8.085101127624512,,
225300,1.659680724143982,0.05,-7.246343612670898,,
225350,3.393671989440918,0.05,-7.102172374725342,,
225400,2.0130789279937744,0.05,-6.987550258636475,,
225450,2.1435861587524414,0.05,-7.30424165725708,,
225500,2.3500242233276367,0.05,-8.180030822753906,,
225550,3.3571512699127197,0.05,-7.752598285675049,,
225600,0.7461032867431641,0.05,-7.839576721191406,,
225650,5.5873799324035645,0.05,-8.116341590881348,,
225700,11.181221961975098,0.05,-7.730165481567383,,
225750,6.206613063812256,0.05,-7.772247791290283,,
225800,0.8826259970664978,0.05,-7.877330780029297,,
225850,0.14538876712322235,0.05,-6.8065619468688965,,
225900,1.4220795631408691,0.05,-7.691224575042725,,
225950,0.8323703408241272,0.05,-7.095634460449219,,
226000,0.8729032874107361,0.05,-8.002888679504395,,
226050,3.9664666652679443,0.05,-7.337209701538086,,
226100,9.066645622253418,0.05,-8.022622108459473,,
226150,2.2797610759735107,0.05,-8.093060493469238,,
226200,2.1056625843048096,0.05,-7.89295768737793,,
226250,0.23442816734313965,0.05,-7.379344463348389,,
226300,19.947580337524414,0.05,-8.581582069396973,,
226350,0.8973142504692078,0.05,-6.978912830352783,,
226400,2.3307178020477295,0.05,-7.125363826751709,,
226450,7.042316436767578,0.05,-6.7780842781066895,,
226500,0.749870777130127,0.05,-6.700960159301758,,
226550,1.425413727760315,0.05,-6.990220546722412,,
226600,2.5176467895507812,0.05,-9.084942817687988,,
226650,16.069252014160156,0.05,-7.528381824493408,,
226700,2.5813796520233154,0.05,-7.665341854095459,,
226750,5.546872615814209,0.05,-7.233998775482178,,
226800,0.548136293888092,0.05,-9.149248123168945,,
226850,0.7868329882621765,0.05,-6.808055400848389,,
226900,2.117673397064209,0.05,-7.447851181030273,,
226950,1.8954787254333496,0.05,-7.126831531524658,,
227000,8.30231761932373,0.05,-7.30331563949585,,
227050,18.00932502746582,0.05,-6.951562404632568,,
227100,7.198852062225342,0.05,-7.358636379241943,,
227150,1.3785368204116821,0.05,-6.92704963684082,,
227200,11.008735656738281,0.05,-7.464942932128906,,
227250,6.31507682800293,0.05,-7.193746089935303,,
227300,9.82293701171875,0.05,-6.566199779510498,,
227350,4.057528972625732,0.05,-6.861942291259766,,
227400,3.082853078842163,0.05,-7.027395725250244,,
227450,1.157195806503296,0.05,-7.344492435455322,,
227500,3.2925329208374023,0.05,-8.10588550567627,,
227550,0.5294106602668762,0.05,-6.629295825958252,,
227600,1.3075140714645386,0.05,-7.7566680908203125,,
227650,0.4017166197299957,0.05,-6.812710285186768,,
227700,0.6430321931838989,0.05,-7.641610622406006,,
227750,1.869235634803772,0.05,-9.117862701416016,,
227800,7.786294460296631,0.05,-7.438617706298828,,
227850,2.0347352027893066,0.05,-8.294361114501953,,
227900,2.102046251296997,0.05,-7.7990803718566895,,
227950,2.7588396072387695,0.05,-6.835514068603516,,
228000,0.8504734039306641,0.05,-8.121520042419434,,
228050,6.698427200317383,0.05,-7.511837482452393,,
228100,5.897008895874023,0.05,-7.697006702423096,,
228150,2.8715779781341553,0.05,-9.04491138458252,,
228200,8.073899269104004,0.05,-6.259620189666748,,
228250,8.580244064331055,0.05,-7.836104869842529,,
228300,3.412838935852051,0.05,-7.452869892120361,,
228350,2.1100571155548096,0.05,-8.083589553833008,,
228400,0.4391215741634369,0.05,-7.286319255828857,,
228450,5.75733757019043,0.05,-6.268487930297852,,
228500,2.8212451934814453,0.05,-6.5857391357421875,,
228550,0.8348081707954407,0.05,-7.089385986328125,,
228600,1.9569740295410156,0.05,-6.83701753616333,,
228650,9.008853912353516,0.05,-6.782835483551025,,
228700,0.16877679526805878,0.05,-6.531464099884033,,
228750,3.5607612133026123,0.05,-8.445478439331055,,
228800,0.6396331787109375,0.05,-7.381038188934326,,
228850,2.1711552143096924,0.05,-7.132681369781494,,
228900,0.5137277245521545,0.05,-8.483216285705566,,
228950,6.322579860687256,0.05,-7.469573497772217,,
229000,32.342620849609375,0.05,-8.55199146270752,,
229050,0.2315623164176941,0.05,-8.264181137084961,,
229100,9.140702247619629,0.05,-8.509453773498535,,
229150,4.329385757446289,0.05,-6.8475518226623535,,
229200,6.712184906005859,0.05,-7.768772125244141,,
229250,2.91457462310791,0.05,-7.222679138183594,,
229300,8.059148788452148,0.05,-6.834098815917969,,
229350,0.4369729459285736,0.05,-6.947128772735596,,
229400,1.0084308385849,0.05,-6.351639270782471,,
229450,1.8316726684570312,0.05,-8.343379020690918,,
229500,1.2246906757354736,0.05,-7.782774448394775,,
229550,4.6743879318237305,0.05,-6.826056003570557,,
229600,5.640945911407471,0.05,-8.029586791992188,,
229650,0.7523185610771179,0.05,-7.902093887329102,,
229700,3.1475164890289307,0.05,-7.270618438720703,,
229750,0.09329669922590256,0.05,-7.173994541168213,,
229800,0.8115852475166321,0.05,-6.911531448364258,,
229850,1.9442967176437378,0.05,-7.874138355255127,,
229900,10.645831108093262,0.05,-7.515871524810791,,
229950,0.45971766114234924,0.05,-6.832396030426025,,
230000,1.8275386095046997,0.05,-8.801607131958008,,
230050,1.2297542095184326,0.05,-7.960495471954346,,
230100,0.3770049512386322,0.05,-7.306032657623291,,
230150,2.3137123584747314,0.05,-7.961141109466553,,
230200,7.538814067840576,0.05,-8.838469505310059,,
230250,2.6112523078918457,0.05,-7.73897123336792,,
230300,3.378347396850586,0.05,-7.1808624267578125,,
230350,2.5611560344696045,0.05,-7.452648639678955,,
230400,2.051067352294922,0.05,-6.152029514312744,,
230450,0.25713422894477844,0.05,-6.770778179168701,,
230500,1.2300013303756714,0.05,-7.548707485198975,,
230550,0.5056899189949036,0.05,-7.534795761108398,,
230600,17.48630714416504,0.05,-6.564416885375977,,
230650,10.194360733032227,0.05,-7.7952880859375,,
230700,6.3376688957214355,0.05,-6.7314839363098145,,
230750,1.0762851238250732,0.05,-6.875890254974365,,
230800,0.49592986702919006,0.05,-7.758901119232178,,
230850,1.3437236547470093,0.05,-8.031566619873047,,
230900,0.7796123027801514,0.05,-7.469997406005859,,
230950,2.00704026222229,0.05,-7.219563961029053,,
231000,0.6417803168296814,0.05,-7.399583339691162,,
231050,1.2898609638214111,0.05,-7.254646301269531,,
231100,6.819690227508545,0.05,-7.792072296142578,,
231150,3.12973690032959,0.05,-8.228572845458984,,
231200,11.361678123474121,0.05,-8.911419868469238,,
231250,1.0750088691711426,0.05,-6.907356262207031,,
231300,3.7009294033050537,0.05,-7.435654163360596,,
231350,2.6782076358795166,0.05,-6.105154514312744,,
231400,2.22135591506958,0.05,-6.393174648284912,,
231450,0.781219482421875,0.05,-7.020246505737305,,
231500,0.5333652496337891,0.05,-6.715292453765869,,
231550,3.230346441268921,0.05,-7.0554938316345215,,
231600,2.359888792037964,0.05,-7.179813861846924,,
231650,11.911075592041016,0.05,-5.8264994621276855,,
231700,0.6298934817314148,0.05,-7.409557819366455,,
231750,10.142630577087402,0.05,-6.248378753662109,,
231800,0.2006385773420334,0.05,-7.763740539550781,,
231850,4.564426422119141,0.05,-7.488529205322266,,
231900,1.5387181043624878,0.05,-8.256938934326172,,
231950,0.6076877117156982,0.05,-6.7407307624816895,,
232000,2.101297378540039,0.05,-6.726261138916016,,
232050,4.919809818267822,0.05,-6.665978908538818,,
232100,7.623349666595459,0.05,-8.177772521972656,,
232150,4.9115142822265625,0.05,-7.259680271148682,,
232200,9.236042976379395,0.05,-7.5698466300964355,,
232250,1.1450282335281372,0.05,-7.007322788238525,,
232300,0.1718156486749649,0.05,-6.566402435302734,,
232350,2.3679754734039307,0.05,-7.9904866218566895,,
232400,3.252366304397583,0.05,-8.45018482208252,,
232450,0.24255849421024323,0.05,-6.807474613189697,,
232500,1.340081810951233,0.05,-7.449362277984619,,
232550,0.7801594138145447,0.05,-6.6063008308410645,,
232600,1.2567394971847534,0.05,-6.135000228881836,,
232650,1.2983287572860718,0.05,-6.815173625946045,,
232700,6.998863220214844,0.05,-8.430821418762207,,
232750,3.76546311378479,0.05,-7.9256911277771,,
232800,5.766444683074951,0.05,-7.89771842956543,,
232850,0.8845421671867371,0.05,-8.575035095214844,,
232900,1.8347810506820679,0.05,-6.101133823394775,,
232950,2.455374240875244,0.05,-6.827436923980713,,
233000,7.909097194671631,0.05,-6.351602554321289,,
233050,0.7323616147041321,0.05,-6.678249359130859,,
233100,1.3559006452560425,0.05,-6.727708339691162,,
233150,6.733264446258545,0.05,-7.247579574584961,,
233200,0.994828462600708,0.05,-6.222933292388916,,
233250,0.8040766716003418,0.05,-7.03526496887207,,
233300,1.7915972471237183,0.05,-7.709980010986328,,
233350,1.8518539667129517,0.05,-6.856505870819092,,
233400,8.28333568572998,0.05,-7.3853302001953125,,
233450,1.1878005266189575,0.05,-6.525021076202393,,
233500,0.7805576324462891,0.05,-7.044994831085205,,
233550,1.7675329446792603,0.05,-8.666973114013672,,
233600,3.5260181427001953,0.05,-8.142889976501465,,
233650,1.2592675685882568,0.05,-6.69984769821167,,
233700,1.91627836227417,0.05,-7.818784236907959,,
233750,0.5945530533790588,0.05,-6.347591876983643,,
233800,1.2453421354293823,0.05,-7.4883856773376465,,
233850,1.2141015529632568,0.05,-6.619287014007568,,
233900,1.8370718955993652,0.05,-7.552188873291016,,
233950,1.0874860286712646,0.05,-7.6363067626953125,,
234000,0.6909621357917786,0.05,-6.744993209838867,,
234050,2.9399890899658203,0.05,-8.043272972106934,,
234100,1.3060227632522583,0.05,-6.835565090179443,,
234150,1.4894546270370483,0.05,-8.114787101745605,,
234200,6.16223669052124,0.05,-7.006793975830078,,
234250,0.9521320462226868,0.05,-7.146580219268799,,
234300,29.046030044555664,0.05,-7.629239559173584,,
234350,1.3401165008544922,0.05,-7.5188140869140625,,
234400,3.762239694595337,0.05,-7.551965236663818,,
234450,1.982163429260254,0.05,-6.851356506347656,,
234500,5.224722385406494,0.05,-8.28975772857666,,
234550,1.1341644525527954,0.05,-6.60584020614624,,
234600,4.267718315124512,0.05,-8.280095100402832,,
234650,1.2554899454116821,0.05,-6.962234020233154,,
234700,0.5619508624076843,0.05,-7.82136869430542,,
234750,17.470476150512695,0.05,-8.192296981811523,,
234800,5.907669544219971,0.05,-7.051205158233643,,
234850,1.4755396842956543,0.05,-7.829651355743408,,
234900,13.127918243408203,0.05,-8.914201736450195,,
234950,1.0942572355270386,0.05,-6.319464206695557,,
235000,13.149115562438965,0.05,-7.1180853843688965,,
235050,23.175338745117188,0.05,-7.903672695159912,,
235100,1.0019474029541016,0.05,-6.897772312164307,,
235150,1.5240830183029175,0.05,-8.179171562194824,,
235200,5.770359039306641,0.05,-8.060551643371582,,
235250,4.120676517486572,0.05,-8.221104621887207,,
235300,0.4992774426937103,0.05,-7.449044704437256,,
235350,1.3051508665084839,0.05,-7.5566792488098145,,
235400,4.655285358428955,0.05,-7.962259769439697,,
235450,8.045087814331055,0.05,-6.609375476837158,,
235500,3.179018020629883,0.05,-7.201908111572266,,
235550,11.193107604980469,0.05,-8.624068260192871,,
235600,6.414924144744873,0.05,-6.90435791015625,,
235650,0.23594699800014496,0.05,-8.126524925231934,,
235700,6.918136119842529,0.05,-8.91944408416748,,
235750,2.498660087585449,0.05,-7.559894561767578,,
235800,2.7595348358154297,0.05,-7.198902130126953,,
235850,7.891368865966797,0.05,-6.535006999969482,,
235900,1.1587392091751099,0.05,-6.200674533843994,,
235950,0.7630485892295837,0.05,-6.463373184204102,,
236000,2.2901864051818848,0.05,-7.097011089324951,,
236050,0.4694159924983978,0.05,-6.862277984619141,,
236100,10.703204154968262,0.05,-7.428083896636963,,
236150,4.75597620010376,0.05,-7.0460524559021,,
236200,1.3504563570022583,0.05,-6.6104607582092285,,
236250,0.9527294039726257,0.05,-7.553913116455078,,
236300,0.20980103313922882,0.05,-8.132871627807617,,
236350,12.717575073242188,0.05,-8.209715843200684,,
236400,0.7023167014122009,0.05,-8.086965560913086,,
236450,3.1859474182128906,0.05,-8.540579795837402,,
236500,0.6250318288803101,0.05,-7.549478054046631,,
236550,0.35584989190101624,0.05,-7.353834629058838,,
236600,11.47347354888916,0.05,-9.12468433380127,,
236650,5.328702926635742,0.05,-6.773087024688721,,
236700,5.596815586090088,0.05,-8.611723899841309,,
236750,4.068340301513672,0.05,-6.047567367553711,,
236800,0.4728182852268219,0.05,-6.727231502532959,,
236850,0.8881566524505615,0.05,-7.033865451812744,,
236900,7.094693660736084,0.05,-6.394141674041748,,
236950,6.00372314453125,0.05,-6.969183444976807,,
237000,0.1916971057653427,0.05,-7.491067409515381,,
237050,7.5173797607421875,0.05,-7.261779308319092,,
237100,8.536215782165527,0.05,-9.364373207092285,,
237150,7.184680461883545,0.05,-8.120417594909668,,
237200,0.7802619934082031,0.05,-7.77923583984375,,
237250,13.635517120361328,0.05,-8.234922409057617,,
237300,2.2249600887298584,0.05,-6.89777135848999,,
237350,2.5157887935638428,0.05,-8.714516639709473,,
237400,2.290886878967285,0.05,-8.190028190612793,,
237450,0.7170937061309814,0.05,-6.285115718841553,,
237500,12.1991548538208,0.05,-8.449324607849121,,
237550,2.9095897674560547,0.05,-5.749666690826416,,
237600,1.1203383207321167,0.05,-7.155986309051514,,
237650,2.371326446533203,0.05,-8.480576515197754,,
237700,14.96457576751709,0.05,-8.08383560180664,,
237750,0.9222750663757324,0.05,-6.953153610229492,,
237800,2.621105432510376,0.05,-7.055738925933838,,
237850,2.2467219829559326,0.05,-6.619795322418213,,
237900,3.0392262935638428,0.05,-7.002720355987549,,
237950,10.419234275817871,0.05,-8.648761749267578,,
238000,3.0958402156829834,0.05,-7.7050347328186035,,
238050,2.367438554763794,0.05,-7.480199813842773,,
238100,3.0703699588775635,0.05,-8.115565299987793,,
238150,4.5253167152404785,0.05,-7.443165302276611,,
238200,4.0173020362854,0.05,-8.095780372619629,,
238250,5.546709060668945,0.05,-9.154974937438965,,
238300,1.1111418008804321,0.05,-7.283711910247803,,
238350,4.172001361846924,0.05,-9.29164981842041,,
238400,1.073386549949646,0.05,-7.625890731811523,,
238450,0.6985366940498352,0.05,-9.119366645812988,,
238500,0.17444153130054474,0.05,-6.772864818572998,,
238550,1.221215009689331,0.05,-8.983526229858398,,
238600,1.3155299425125122,0.05,-8.888365745544434,,
238650,2.5061159133911133,0.05,-6.898525238037109,,
238700,0.35507944226264954,0.05,-9.75216007232666,,
238750,4.897776126861572,0.05,-7.988953113555908,,
238800,7.885490417480469,0.05,-8.980575561523438,,
238850,5.451339244842529,0.05,-8.596695899963379,,
238900,8.391934394836426,0.05,-8.114787101745605,,
238950,0.6606432199478149,0.05,-7.525929927825928,,
239000,1.1253372430801392,0.05,-8.017746925354004,,
239050,20.816762924194336,0.05,-8.274696350097656,,
239100,3.0481903553009033,0.05,-9.28281021118164,,
239150,1.5647505521774292,0.05,-8.064652442932129,,
239200,1.1891356706619263,0.05,-8.670928001403809,,
239250,1.6525349617004395,0.05,-8.150213241577148,,
239300,3.0272090435028076,0.05,-9.27799129486084,,
239350,6.0918288230896,0.05,-9.013778686523438,,
239400,3.3067827224731445,0.05,-8.426726341247559,,
239450,1.767250657081604,0.05,-8.566157341003418,,
239500,4.202973365783691,0.05,-8.455889701843262,,
239550,4.757261753082275,0.05,-9.05388355255127,,
239600,17.252573013305664,0.05,-7.667809963226318,,
239650,23.555908203125,0.05,-8.720803260803223,,
239700,1.8243814706802368,0.05,-6.980794429779053,,
239750,7.333101272583008,0.05,-8.674840927124023,,
239800,15.728013038635254,0.05,-8.87148666381836,,
239850,10.06799030303955,0.05,-7.631109714508057,,
239900,0.4618438482284546,0.05,-8.407510757446289,,
239950,20.080690383911133,0.05,-8.3485107421875,,
240000,9.549704551696777,0.05,-6.991189956665039,,
240050,1.6701923608779907,0.05,-6.810394287109375,,
240100,1.9486933946609497,0.05,-8.523871421813965,,
240150,1.0474923849105835,0.05,-7.319429874420166,,
240200,7.240942478179932,0.05,-8.554984092712402,,
240250,9.64830493927002,0.05,-7.749026775360107,,
240300,3.725325584411621,0.05,-7.408042907714844,,
240350,4.03281831741333,0.05,-9.142855644226074,,
240400,12.420753479003906,0.05,-7.703892230987549,,
240450,1.623291015625,0.05,-7.995156764984131,,
240500,1.9261428117752075,0.05,-7.955769062042236,,
240550,0.12673799693584442,0.05,-6.991571426391602,,
240600,9.9871826171875,0.05,-9.416097640991211,,
240650,21.333518981933594,0.05,-6.935709476470947,,
240700,19.964075088500977,0.05,-8.555205345153809,,
240750,0.47331079840660095,0.05,-7.588620662689209,,
240800,35.98945617675781,0.05,-8.15703010559082,,
240850,5.261923313140869,0.05,-7.351909160614014,,
240900,6.067991256713867,0.05,-7.916744709014893,,
240950,3.631962537765503,0.05,-7.524847030639648,,
241000,0.6454565525054932,0.05,-8.32651424407959,,
241050,10.018444061279297,0.05,-8.595333099365234,,
241100,0.5093699097633362,0.05,-7.995027542114258,,
241150,8.754962921142578,0.05,-7.553040981292725,,
241200,4.686339855194092,0.05,-7.230579376220703,,
241250,15.607288360595703,0.05,-7.390972137451172,,
241300,2.515124559402466,0.05,-7.31649923324585,,
241350,0.8332858681678772,0.05,-7.991703510284424,,
241400,1.2920868396759033,0.05,-8.467631340026855,,
241450,2.67446231842041,0.05,-8.478142738342285,,
241500,8.960006713867188,0.05,-7.542092800140381,,
241550,2.3288917541503906,0.05,-7.489500522613525,,
241600,15.231200218200684,0.05,-8.738387107849121,,
241650,0.9380526542663574,0.05,-9.544029235839844,,
241700,14.236178398132324,0.05,-7.966658115386963,,
241750,0.24210713803768158,0.05,-7.0677170753479,,
241800,2.0140721797943115,0.05,-7.777926921844482,,
241850,1.2971522808074951,0.05,-7.77955961227417,,
241900,1.9741307497024536,0.05,-7.988643646240234,,
241950,2.1820669174194336,0.05,-6.789157867431641,,
242000,3.7513206005096436,0.05,-8.417449951171875,,
242050,1.390776515007019,0.05,-8.399737358093262,,
242100,1.1571646928787231,0.05,-8.506023406982422,,
242150,12.629523277282715,0.05,-7.48100471496582,,
242200,1.9898509979248047,0.05,-8.629864692687988,,
242250,1.2364248037338257,0.05,-8.503755569458008,,
242300,1.764915108680725,0.05,-9.082319259643555,,
242350,10.257851600646973,0.05,-8.504212379455566,,
242400,1.552930235862732,0.05,-8.736098289489746,,
242450,1.6939998865127563,0.05,-7.929568767547607,,
242500,15.506915092468262,0.05,-7.797449111938477,,
242550,2.0381133556365967,0.05,-9.43054485321045,,
242600,4.758755207061768,0.05,-7.881643295288086,,
242650,1.1924220323562622,0.05,-7.00493860244751,,
242700,1.830270767211914,0.05,-7.548494815826416,,
242750,4.4960150718688965,0.05,-8.29891586303711,,
242800,7.729297161102295,0.05,-6.66818380355835,,
242850,3.613842725753784,0.05,-7.732212066650391,,
242900,0.5609172582626343,0.05,-6.941370487213135,,
242950,0.983722984790802,0.05,-8.726359367370605,,
243000,3.8240108489990234,0.05,-7.881593227386475,,
243050,3.590449094772339,0.05,-6.815016269683838,,
243100,2.8057286739349365,0.05,-7.696174621582031,,
243150,1.315778374671936,0.05,-8.076014518737793,,
243200,0.9508300423622131,0.05,-8.265381813049316,,
243250,1.3465362787246704,0.05,-7.999487400054932,,
243300,0.21600402891635895,0.05,-7.975765705108643,,
243350,2.0965230464935303,0.05,-7.219516754150391,,
243400,8.523465156555176,0.05,-7.99500846862793,,
243450,7.135676860809326,0.05,-6.657701015472412,,
243500,0.766334593296051,0.05,-7.129735469818115,,
243550,0.8814253211021423,0.05,-6.892734527587891,,
243600,4.934085845947266,0.05,-8.265127182006836,,
243650,4.553903102874756,0.05,-6.714608669281006,,
243700,2.4835360050201416,0.05,-8.999224662780762,,
243750,13.429194450378418,0.05,-7.519344806671143,,
243800,0.6610639691352844,0.05,-8.29116439819336,,
243850,2.951564073562622,0.05,-7.888553142547607,,
243900,6.64424467086792,0.05,-8.41468334197998,,
243950,2.082017421722412,0.05,-7.404684543609619,,
244000,3.35900616645813,0.05,-6.451283931732178,,
244050,14.040873527526855,0.05,-7.489006042480469,,
244100,9.35743236541748,0.05,-7.240006923675537,,
244150,0.5800393223762512,0.05,-7.492137908935547,,
244200,2.7705039978027344,0.05,-7.3342132568359375,,
244250,3.8530662059783936,0.05,-7.952334880828857,,
244300,3.106518507003784,0.05,-8.687015533447266,,
244350,2.0829031467437744,0.05,-7.418289661407471,,
244400,2.710434675216675,0.05,-8.502755165100098,,
244450,15.292435646057129,0.05,-8.017434120178223,,
244500,0.5255932211875916,0.05,-9.793242454528809,,
244550,26.515668869018555,0.05,-7.798369884490967,,
244600,4.650514125823975,0.05,-7.286509990692139,,
244650,3.8314220905303955,0.05,-9.187296867370605,,
244700,2.6171278953552246,0.05,-8.449666023254395,,
244750,13.972309112548828,0.05,-8.131234169006348,,
244800,2.3320746421813965,0.05,-6.944070339202881,,
244850,16.730785369873047,0.05,-7.396282196044922,,
244900,2.455652952194214,0.05,-6.780308246612549,,
244950,2.539130687713623,0.05,-6.628152847290039,,
245000,1.6015583276748657,0.05,-8.04398250579834,,
245050,1.0255661010742188,0.05,-8.452824592590332,,
245100,1.2926727533340454,0.05,-8.018637657165527,,
245150,1.5633233785629272,0.05,-7.6786789894104,,
245200,1.1005569696426392,0.05,-7.722498416900635,,
245250,27.3928279876709,0.05,-7.721801280975342,,
245300,6.629388332366943,0.05,-7.1126580238342285,,
245350,9.755162239074707,0.05,-7.787347793579102,,
245400,4.307136058807373,0.05,-8.215335845947266,,
245450,2.745907783508301,0.05,-8.10752010345459,,
245500,0.19529569149017334,0.05,-7.249879360198975,,
245550,1.3013702630996704,0.05,-7.446836948394775,,
245600,28.00663948059082,0.05,-7.66204309463501,,
245650,0.934604823589325,0.05,-7.874925136566162,,
245700,11.270710945129395,0.05,-8.183636665344238,,
245750,0.8244366645812988,0.05,-7.140206813812256,,
245800,2.986785888671875,0.05,-7.81301736831665,,
245850,1.158795952796936,0.05,-7.439241886138916,,
245900,0.5178487300872803,0.05,-8.066629409790039,,
245950,4.320602893829346,0.05,-9.23266315460205,,
246000,7.703238010406494,0.05,-7.6132378578186035,,
246050,1.6553694009780884,0.05,-8.0606689453125,,
246100,0.7582182288169861,0.05,-7.077339172363281,,
246150,5.711947917938232,0.05,-6.75145959854126,,
246200,0.5367787480354309,0.05,-7.248717784881592,,
246250,2.986823081970215,0.05,-9.083283424377441,,
246300,1.0588992834091187,0.05,-8.643989562988281,,
246350,0.7533116936683655,0.05,-8.381823539733887,,
246400,0.6627435088157654,0.05,-6.960331439971924,,
246450,1.1810877323150635,0.05,-8.721043586730957,,
246500,10.12173843383789,0.05,-6.671291828155518,,
246550,0.8473566174507141,0.05,-7.54004430770874,,
246600,18.237770080566406,0.05,-7.4631028175354,,
246650,1.116226315498352,0.05,-7.079251766204834,,
246700,0.7248993515968323,0.05,-8.485686302185059,,
246750,9.371869087219238,0.05,-6.722350597381592,,
246800,0.9064417481422424,0.05,-8.004965782165527,,
246850,15.213497161865234,0.05,-7.570082187652588,,
246900,3.313420534133911,0.05,-8.636731147766113,,
246950,1.336432933807373,0.05,-8.15390682220459,,
247000,0.17208655178546906,0.05,-7.070119380950928,,
247050,3.3012590408325195,0.05,-7.294018268585205,,
247100,11.37301254272461,0.05,-8.054469108581543,,
247150,11.60789966583252,0.05,-7.06337308883667,,
247200,0.9306449294090271,0.05,-8.30472469329834,,
247250,18.357393264770508,0.05,-8.824892044067383,,
247300,2.683429479598999,0.05,-7.737191677093506,,
247350,1.9148458242416382,0.05,-9.271581649780273,,
247400,9.399465560913086,0.05,-7.916168689727783,,
247450,6.359800338745117,0.05,-8.113728523254395,,
247500,3.5924720764160156,0.05,-7.06770133972168,,
247550,1.8332587480545044,0.05,-9.131791114807129,,
247600,0.5283406376838684,0.05,-6.954162120819092,,
247650,2.931515693664551,0.05,-7.5363287925720215,,
247700,0.21360255777835846,0.05,-6.971226215362549,,
247750,1.1194506883621216,0.05,-7.89448881149292,,
247800,1.5398707389831543,0.05,-6.553452014923096,,
247850,14.118844032287598,0.05,-8.346999168395996,,
247900,3.2490270137786865,0.05,-7.714883327484131,,
247950,11.446674346923828,0.05,-7.6610870361328125,,
248000,2.157210350036621,0.05,-9.548548698425293,,
248050,1.7983320951461792,0.05,-10.06279468536377,,
248100,9.901025772094727,0.05,-9.140183448791504,,
248150,3.387420654296875,0.05,-7.34566068649292,,
248200,8.642958641052246,0.05,-8.207717895507812,,
248250,9.497318267822266,0.05,-8.288734436035156,,
248300,1.5534138679504395,0.05,-7.227045059204102,,
248350,0.8053881525993347,0.05,-7.555556774139404,,
248400,8.154995918273926,0.05,-8.981488227844238,,
248450,1.0024346113204956,0.05,-7.269148349761963,,
248500,0.7123375535011292,0.05,-7.8852715492248535,,
248550,10.432689666748047,0.05,-8.319528579711914,,
248600,4.5716071128845215,0.05,-9.189833641052246,,
248650,4.93735933303833,0.05,-9.304925918579102,,
248700,4.31857967376709,0.05,-7.6637043952941895,,
248750,1.5123186111450195,0.05,-7.751779556274414,,
248800,2.647679090499878,0.05,-7.553933620452881,,
248850,2.4581387042999268,0.05,-7.304431915283203,,
248900,6.878140926361084,0.05,-7.545711040496826,,
248950,3.7149388790130615,0.05,-7.533203125,,
249000,27.209938049316406,0.05,-6.721399784088135,,
249050,3.672945737838745,0.05,-7.700414180755615,,
249100,2.32627010345459,0.05,-6.236635684967041,,
249150,10.524266242980957,0.05,-8.853601455688477,,
249200,4.618048191070557,0.05,-7.720039367675781,,
249250,10.234331130981445,0.05,-7.439151763916016,,
249300,0.6047113537788391,0.05,-6.886593341827393,,
249350,2.3858802318573,0.05,-7.825459003448486,,
249400,7.786768436431885,0.05,-7.341169357299805,,
249450,1.6100025177001953,0.05,-6.700875759124756,,
249500,0.464917927980423,0.05,-7.115772724151611,,
249550,11.594551086425781,0.05,-8.127616882324219,,
249600,9.557219505310059,0.05,-7.887512683868408,,
249650,1.5315295457839966,0.05,-7.107156276702881,,
249700,2.4179916381835938,0.05,-7.681033611297607,,
249750,2.650212049484253,0.05,-6.8529887199401855,,
249800,0.505711555480957,0.05,-7.062510967254639,,
249850,0.7131111025810242,0.05,-7.947803974151611,,
249900,2.9166667461395264,0.05,-7.9983439445495605,,
249950,10.90520191192627,0.05,-8.756278991699219,,
250000,0.6632769703865051,0.05,-7.503912448883057,-0.8721594549855738,35.199999999999996
250050,8.263797760009766,0.05,-7.620943069458008,,
250100,8.086348533630371,0.05,-6.542566299438477,,
250150,3.034555196762085,0.05,-7.368946552276611,,
250200,0.35775479674339294,0.05,-8.144901275634766,,
250250,1.1646292209625244,0.05,-8.217184066772461,,
250300,5.465953350067139,0.05,-7.0627007484436035,,
250350,1.6374560594558716,0.05,-8.367400169372559,,
250400,0.10670412331819534,0.05,-6.267951965332031,,
250450,1.5087445974349976,0.05,-8.76134967803955,,
250500,4.582968235015869,0.05,-7.6242194175720215,,
250550,7.017825603485107,0.05,-7.7585530281066895,,
250600,1.109736680984497,0.05,-6.796773433685303,,
250650,1.3034623861312866,0.05,-7.629343509674072,,
250700,6.778881072998047,0.05,-6.780233860015869,,
250750,4.709399700164795,0.05,-7.892821788787842,,
250800,0.5890113711357117,0.05,-7.1469950675964355,,
250850,4.736169815063477,0.05,-7.4927449226379395,,
250900,1.4294489622116089,0.05,-8.36670970916748,,
250950,2.0663349628448486,0.05,-8.991211891174316,,
251000,7.273990631103516,0.05,-6.754593372344971,,
251050,0.6463455557823181,0.05,-6.640840530395508,,
251100,3.8000495433807373,0.05,-8.107756614685059,,
251150,23.014190673828125,0.05,-7.181755542755127,,
251200,2.0398476123809814,0.05,-7.969554424285889,,
251250,5.597888469696045,0.05,-7.239287853240967,,
251300,31.619873046875,0.05,-6.884171962738037,,
251350,0.9255077838897705,0.05,-6.878871917724609,,
251400,6.613851070404053,0.05,-8.693903923034668,,
251450,10.011249542236328,0.05,-7.577781677246094,,
251500,2.4076011180877686,0.05,-7.103298187255859,,
251550,1.0721334218978882,0.05,-7.868539810180664,,
251600,0.3995521366596222,0.05,-6.375135898590088,,
251650,12.639080047607422,0.05,-7.4853291511535645,,
251700,0.7592313289642334,0.05,-7.551350116729736,,
251750,10.039374351501465,0.05,-7.24856424331665,,
251800,1.045159101486206,0.05,-7.453087329864502,,
251850,2.855855941772461,0.05,-8.468329429626465,,
251900,3.8345248699188232,0.05,-7.982661724090576,,
251950,8.645483016967773,0.05,-8.243037223815918,,
252000,0.5506177544593811,0.05,-6.6728644371032715,,
252050,7.480655670166016,0.05,-7.892493724822998,,
252100,3.7049734592437744,0.05,-7.253208637237549,,
252150,1.3961342573165894,0.05,-7.462600231170654,,
252200,2.2818353176116943,0.05,-5.98773717880249,,
252250,1.799415111541748,0.05,-7.582434177398682,,
252300,3.8265063762664795,0.05,-7.285336017608643,,
252350,9.142309188842773,0.05,-7.031177520751953,,
252400,0.5248681902885437,0.05,-6.152589797973633,,
252450,2.1536147594451904,0.05,-6.404012680053711,,
252500,2.5670816898345947,0.05,-6.771308898925781,,
252550,10.362675666809082,0.05,-6.944892883300781,,
252600,3.978991746902466,0.05,-7.3805251121521,,
252650,6.181638717651367,0.05,-6.215391635894775,,
252700,7.157297611236572,0.05,-6.550899028778076,,
252750,6.839527606964111,0.05,-7.940143585205078,,
252800,6.570258617401123,0.05,-6.965873718261719,,
252850,0.37389829754829407,0.05,-5.934858798980713,,
252900,4.724800109863281,0.05,-7.001089096069336,,
252950,1.5557126998901367,0.05,-6.6880364418029785,,
253000,3.8142290115356445,0.05,-7.828954219818115,,
253050,12.300383567810059,0.05,-7.805507183074951,,
253100,0.1470915824174881,0.05,-6.296545505523682,,
253150,11.350395202636719,0.05,-6.170742034912109,,
253200,10.123618125915527,0.05,-7.802182674407959,,
253250,1.6529359817504883,0.05,-7.137564182281494,,
253300,2.8110978603363037,0.05,-8.054450035095215,,
253350,1.4122562408447266,0.05,-7.078985691070557,,
253400,1.5241694450378418,0.05,-7.333996295928955,,
253450,1.9605145454406738,0.05,-7.886512756347656,,
253500,1.1080878973007202,0.05,-6.6733784675598145,,
253550,2.830373525619507,0.05,-7.3013153076171875,,
253600,7.852118968963623,0.05,-5.8621439933776855,,
253650,5.208825588226318,0.05,-7.619720458984375,,
253700,1.682489037513733,0.05,-6.5502095222473145,,
253750,5.424531936645508,0.05,-7.669444561004639,,
253800,2.031984567642212,0.05,-7.641056537628174,,
253850,7.71401834487915,0.05,-7.820924282073975,,
253900,7.261279582977295,0.05,-6.530162334442139,,
253950,10.223761558532715,0.05,-8.500936508178711,,
254000,8.442107200622559,0.05,-5.955904483795166,,
254050,1.531585693359375,0.05,-6.834446430206299,,
254100,1.0772424936294556,0.05,-7.42073392868042,,
254150,1.638482689857483,0.05,-7.088380813598633,,
254200,8.66051959991455,0.05,-7.834876537322998,,
254250,0.5449491143226624,0.05,-8.435157775878906,,
254300,2.426536798477173,0.05,-7.68408203125,,
254350,1.035187005996704,0.05,-6.744425296783447,,
254400,13.699801445007324,0.05,-7.513509273529053,,
254450,3.2518746852874756,0.05,-7.723533630371094,,
254500,9.253682136535645,0.05,-7.076304912567139,,
254550,1.6496038436889648,0.05,-6.293187618255615,,
254600,4.169197082519531,0.05,-7.650182723999023,,
254650,0.9794185757637024,0.05,-6.289251327514648,,
254700,0.7500788569450378,0.05,-6.571954250335693,,
254750,1.0075660943984985,0.05,-7.161143779754639,,
254800,2.6895296573638916,0.05,-7.180095672607422,,
254850,1.0704752206802368,0.05,-6.258134365081787,,
254900,0.7009376883506775,0.05,-6.456305980682373,,
254950,1.6226247549057007,0.05,-7.756359577178955,,
255000,1.5258121490478516,0.05,-5.881771087646484,,
255050,11.453117370605469,0.05,-7.426701068878174,,
255100,7.9313063621521,0.05,-6.743753910064697,,
255150,3.4781017303466797,0.05,-7.906679153442383,,
255200,7.9990386962890625,0.05,-7.100061893463135,,
255250,6.317835330963135,0.05,-6.6050496101379395,,
255300,1.8354358673095703,0.05,-6.391582489013672,,
255350,2.6540892124176025,0.05,-6.131232738494873,,
255400,0.5333231091499329,0.05,-7.366605281829834,,
255450,0.6066842079162598,0.05,-5.980701923370361,,
255500,0.5216451287269592,0.05,-6.324319839477539,,
255550,7.692205905914307,0.05,-5.394359588623047,,
255600,0.6728441119194031,0.05,-5.980823993682861,,
255650,7.7988505363464355,0.05,-6.228231430053711,,
255700,2.4268605709075928,0.05,-7.787620544433594,,
255750,2.7224416732788086,0.05,-6.182932376861572,,
255800,1.3053251504898071,0.05,-7.084901809692383,,
255850,8.9843111038208,0.05,-7.9273505210876465,,
255900,0.4130275249481201,0.05,-5.6787943840026855,,
255950,12.235664367675781,0.05,-7.179710865020752,,
256000,9.011149406433105,0.05,-6.984431743621826,,
256050,1.9165414571762085,0.05,-5.014880180358887,,
256100,1.7113313674926758,0.05,-6.022501468658447,,
256150,2.734978675842285,0.05,-6.06198263168335,,
256200,2.684380531311035,0.05,-7.9858927726745605,,
256250,3.7923383712768555,0.05,-6.998694896697998,,
256300,0.3512009382247925,0.05,-7.014934539794922,,
256350,3.269197702407837,0.05,-7.390129089355469,,
256400,3.7381744384765625,0.05,-7.367027282714844,,
256450,1.2767804861068726,0.05,-6.984468936920166,,
256500,1.1092512607574463,0.05,-6.60015869140625,,
256550,0.630617618560791,0.05,-6.931334018707275,,
256600,3.813380241394043,0.05,-6.701963901519775,,
256650,0.9159085154533386,0.05,-6.642536163330078,,
256700,1.9060850143432617,0.05,-6.85783576965332,,
256750,0.7778274416923523,0.05,-7.004457473754883,,
256800,0.6423954367637634,0.05,-6.19036865234375,,
256850,2.0154449939727783,0.05,-5.817790508270264,,
256900,10.463854789733887,0.05,-5.687305927276611,,
256950,9.351701736450195,0.05,-7.123157978057861,,
257000,1.025822401046753,0.05,-6.672748565673828,,
257050,6.46950101852417,0.05,-7.9936957359313965,,
257100,1.0787993669509888,0.05,-8.032898902893066,,
257150,4.840048313140869,0.05,-8.121360778808594,,
257200,11.730270385742188,0.05,-6.547178745269775,,
257250,5.220273494720459,0.05,-7.113140106201172,,
257300,0.8859817385673523,0.05,-7.1831583976745605,,
257350,2.410519599914551,0.05,-7.778896808624268,,
257400,5.625257968902588,0.05,-6.2799859046936035,,
257450,0.9003117084503174,0.05,-6.534639358520508,,
257500,7.424924373626709,0.05,-6.344156265258789,,
257550,5.892462253570557,0.05,-6.4181227684021,,
257600,0.11027305573225021,0.05,-5.984259128570557,,
257650,3.7382619380950928,0.05,-6.204661846160889,,
257700,1.670066237449646,0.05,-5.775402069091797,,
257750,0.604794442653656,0.05,-6.220365047454834,,
257800,4.612319469451904,0.05,-5.952674865722656,,
257850,7.324782848358154,0.05,-6.537477493286133,,
257900,9.293574333190918,0.05,-5.522308349609375,,
257950,0.9484303593635559,0.05,-7.53057861328125,,
258000,1.7636228799819946,0.05,-7.335014343261719,,
258050,9.7900972366333,0.05,-7.57078742980957,,
258100,0.7011604905128479,0.05,-7.071863651275635,,
258150,1.7917733192443848,0.05,-7.706149578094482,,
258200,1.9401274919509888,0.05,-7.223581790924072,,
258250,6.703421115875244,0.05,-6.843756198883057,,
258300,2.236260175704956,0.05,-6.7170729637146,,
258350,0.7616069912910461,0.05,-7.058325290679932,,
258400,0.27705612778663635,0.05,-7.108137607574463,,
258450,0.929390013217926,0.05,-6.151388645172119,,
258500,2.5576136112213135,0.05,-6.147095203399658,,
258550,2.4201698303222656,0.05,-6.939035892486572,,
258600,0.45492756366729736,0.05,-6.463623523712158,,
258650,1.3346127271652222,0.05,-7.416501522064209,,
258700,0.27899470925331116,0.05,-5.627040386199951,,
258750,7.381189346313477,0.05,-5.945539951324463,,
258800,6.872519016265869,0.05,-6.772584915161133,,
258850,2.6402151584625244,0.05,-7.020538806915283,,
258900,1.9544702768325806,0.05,-6.79077672958374,,
258950,10.644671440124512,0.05,-7.164030075073242,,
259000,8.126883506774902,0.05,-6.580320835113525,,
259050,8.323164939880371,0.05,-7.30649995803833,,
259100,16.66122055053711,0.05,-7.63970947265625,,
259150,0.25659993290901184,0.05,-5.911623001098633,,
259200,8.815878868103027,0.05,-6.6492180824279785,,
259250,5.134121894836426,0.05,-6.562692165374756,,
259300,1.1898261308670044,0.05,-7.4999470710754395,,
259350,9.27917766571045,0.05,-6.21490478515625,,
259400,15.608352661132812,0.05,-7.347695827484131,,
259450,2.7498815059661865,0.05,-7.139319896697998,,
259500,4.85598611831665,0.05,-6.968451023101807,,
259550,4.326049327850342,0.05,-6.246677875518799,,
259600,11.115628242492676,0.05,-7.420337677001953,,
259650,11.081217765808105,0.05,-7.126194477081299,,
259700,0.7062907814979553,0.05,-5.824641704559326,,
259750,0.2796991169452667,0.05,-6.542673587799072,,
259800,4.134428024291992,0.05,-7.579420566558838,,
259850,9.989253044128418,0.05,-6.131442546844482,,
259900,1.3612309694290161,0.05,-6.791845798492432,,
259950,0.5679743885993958,0.05,-6.27001953125,,
260000,5.639308929443359,0.05,-6.865217685699463,,
260050,12.399918556213379,0.05,-6.490321636199951,,
260100,3.5402519702911377,0.05,-6.893638610839844,,
260150,8.228287696838379,0.05,-7.334323406219482,,
260200,0.8075205683708191,0.05,-6.170145511627197,,
260250,1.5798931121826172,0.05,-7.297540664672852,,
260300,7.3594441413879395,0.05,-7.33098840713501,,
260350,1.6084505319595337,0.05,-6.79223108291626,,
260400,0.38972100615501404,0.05,-7.215709209442139,,
260450,7.513804912567139,0.05,-7.206342697143555,,
260500,9.260668754577637,0.05,-7.714378833770752,,
260550,13.156241416931152,0.05,-6.437458038330078,,
260600,0.7779374122619629,0.05,-6.641469478607178,,
260650,2.5375869274139404,0.05,-6.215446472167969,,
260700,5.068382263183594,0.05,-7.669218063354492,,
260750,2.551191806793213,0.05,-5.434216022491455,,
260800,4.48961067199707,0.05,-7.795830249786377,,
260850,1.7475742101669312,0.05,-7.469620227813721,,
260900,2.10516095161438,0.05,-7.259321212768555,,
260950,0.9742894172668457,0.05,-7.7794036865234375,,
261000,0.4674287736415863,0.05,-7.174119472503662,,
261050,1.8754072189331055,0.05,-6.884270191192627,,
261100,2.3347527980804443,0.05,-6.369238376617432,,
261150,1.7322055101394653,0.05,-6.557307720184326,,
261200,13.862037658691406,0.05,-6.618177890777588,,
261250,0.6580323576927185,0.05,-6.804592609405518,,
261300,5.74877405166626,0.05,-6.600229740142822,,
261350,1.4238524436950684,0.05,-7.5959343910217285,,
261400,0.36315450072288513,0.05,-6.884894847869873,,
261450,7.464096546173096,0.05,-7.1504225730896,,
261500,9.104077339172363,0.05,-6.7112135887146,,
261550,0.6046058535575867,0.05,-6.839807987213135,,
261600,0.6809709072113037,0.05,-6.771234035491943,,
261650,3.59378981590271,0.05,-7.550714492797852,,
261700,2.05080509185791,0.05,-7.089250087738037,,
261750,5.499782085418701,0.05,-6.897328853607178,,
261800,3.3695154190063477,0.05,-7.0681891441345215,,
261850,1.3413901329040527,0.05,-6.265835285186768,,
261900,0.2369493991136551,0.05,-6.1039276123046875,,
261950,0.7980437278747559,0.05,-6.564990997314453,,
262000,1.0502384901046753,0.05,-8.435569763183594,,
262050,1.535417914390564,0.05,-6.991611480712891,,
262100,2.0226409435272217,0.05,-7.398332595825195,,
262150,1.671316146850586,0.05,-6.829960346221924,,
262200,1.4443355798721313,0.05,-6.584772109985352,,
262250,1.765539288520813,0.05,-6.596538066864014,,
262300,0.8104608058929443,0.05,-6.759868621826172,,
262350,1.0335005521774292,0.05,-6.312849044799805,,
262400,9.390368461608887,0.05,-7.30051851272583,,
262450,6.2785797119140625,0.05,-8.265597343444824,,
262500,5.21164608001709,0.05,-7.676825046539307,,
262550,1.830353856086731,0.05,-7.8221869468688965,,
262600,1.8542871475219727,0.05,-8.994914054870605,,
262650,7.488535404205322,0.05,-6.865242004394531,,
262700,12.263043403625488,0.05,-7.905336380004883,,
262750,1.7972712516784668,0.05,-8.326435089111328,,
262800,2.1896450519561768,0.05,-7.6049370765686035,,
262850,3.793339490890503,0.05,-6.860603332519531,,
262900,9.126574516296387,0.05,-7.611398220062256,,
262950,5.894764423370361,0.05,-7.581958770751953,,
263000,1.4660028219223022,0.05,-6.305603504180908,,
263050,0.48239341378211975,0.05,-5.814056396484375,,
263100,0.4368504285812378,0.05,-6.254106521606445,,
263150,1.6656893491744995,0.05,-6.896153926849365,,
263200,11.871796607971191,0.05,-7.08411979675293,,
263250,0.678706169128418,0.05,-8.111499786376953,,
263300,9.503348350524902,0.05,-8.509138107299805,,
263350,0.9222569465637207,0.05,-7.336235523223877,,
263400,0.6984742283821106,0.05,-5.92973518371582,,
263450,1.449154257774353,0.05,-7.2276225090026855,,
263500,6.694996356964111,0.05,-8.086941719055176,,
263550,0.6062328815460205,0.05,-8.090643882751465,,
263600,2.1353342533111572,0.05,-7.655824661254883,,
263650,2.451631784439087,0.05,-6.18293571472168,,
263700,4.495913028717041,0.05,-6.917503356933594,,
263750,0.384152889251709,0.05,-6.098110198974609,,
263800,5.453821182250977,0.05,-6.910796642303467,,
263850,1.022167682647705,0.05,-7.090648174285889,,
263900,5.959510803222656,0.05,-6.098806858062744,,
263950,1.374277114868164,0.05,-7.7048115730285645,,
264000,2.8368523120880127,0.05,-7.349518299102783,,
264050,20.144752502441406,0.05,-6.694591999053955,,
264100,1.1230969429016113,0.05,-6.865472316741943,,
264150,1.274352788925171,0.05,-9.04959487915039,,
264200,0.5194507241249084,0.05,-6.67043924331665,,
264250,0.7912574410438538,0.05,-7.769140243530273,,
264300,2.1077988147735596,0.05,-7.217798233032227,,
264350,0.8201420307159424,0.05,-6.76214599609375,,
264400,0.19992201030254364,0.05,-7.106197357177734,,
264450,7.651377201080322,0.05,-6.964998722076416,,
264500,2.738961935043335,0.05,-6.848423004150391,,
264550,2.0662343502044678,0.05,-6.553285121917725,,
264600,7.821753978729248,0.05,-7.312382221221924,,
264650,12.809979438781738,0.05,-8.802861213684082,,
264700,1.781697392463684,0.05,-6.673399448394775,,
264750,3.3415679931640625,0.05,-7.6738667488098145,,
264800,11.082756042480469,0.05,-6.5951828956604,,
264850,6.968013286590576,0.05,-6.488124847412109,,
264900,0.4554401636123657,0.05,-7.511028289794922,,
264950,4.243203163146973,0.05,-7.707736968994141,,
265000,2.533600091934204,0.05,-6.048616886138916,,
265050,11.30043888092041,0.05,-6.801736831665039,,
265100,1.2839754819869995,0.05,-6.088466644287109,,
265150,7.566239833831787,0.05,-5.846366882324219,,
265200,10.154479026794434,0.05,-6.710296630859375,,
265250,3.101811170578003,0.05,-6.100805282592773,,
265300,1.9478048086166382,0.05,-7.573184967041016,,
265350,1.0664533376693726,0.05,-6.033181667327881,,
265400,1.249839186668396,0.05,-7.011081695556641,,
265450,1.6740058660507202,0.05,-7.275461196899414,,
265500,8.78394889831543,0.05,-8.770851135253906,,
265550,1.7362200021743774,0.05,-7.273187637329102,,
265600,0.5103746652603149,0.05,-6.8050856590271,,
265650,1.5498442649841309,0.05,-6.5137858390808105,,
265700,0.6796748638153076,0.05,-6.8652215003967285,,
265750,1.0041463375091553,0.05,-7.490085124969482,,
265800,4.808704853057861,0.05,-6.915008068084717,,
265850,4.590061664581299,0.05,-5.857869625091553,,
265900,1.518267035484314,0.05,-6.368299961090088,,
265950,8.605660438537598,0.05,-8.66556453704834,,
266000,10.467009544372559,0.05,-7.176296710968018,,
266050,4.0484395027160645,0.05,-7.008009433746338,,
266100,6.932796001434326,0.05,-7.19243860244751,,
266150,2.9870946407318115,0.05,-7.138750076293945,,
266200,2.2947206497192383,0.05,-6.423074245452881,,
266250,6.943098068237305,0.05,-6.047731399536133,,
266300,6.482089996337891,0.05,-7.01370096206665,,
266350,7.706966400146484,0.05,-7.124719619750977,,
266400,7.130542755126953,0.05,-6.753501892089844,,
266450,3.255331039428711,0.05,-6.50690221786499,,
266500,9.701201438903809,0.05,-6.939344882965088,,
266550,0.6986866593360901,0.05,-6.891210079193115,,
266600,1.3970109224319458,0.05,-7.730558395385742,,
266650,1.6337323188781738,0.05,-6.537372589111328,,
266700,3.9745237827301025,0.05,-6.132696151733398,,
266750,1.3286782503128052,0.05,-6.5809326171875,,
266800,2.5912702083587646,0.05,-6.74688196182251,,
266850,7.304579257965088,0.05,-6.208831787109375,,
266900,3.2995691299438477,0.05,-7.232171535491943,,
266950,2.8723232746124268,0.05,-6.047767639160156,,
267000,1.0037721395492554,0.05,-5.864540100097656,,
267050,7.209636688232422,0.05,-6.241756439208984,,
267100,13.664668083190918,0.05,-6.72022008895874,,
267150,0.4280014932155609,0.05,-5.357905864715576,,
267200,5.639129638671875,0.05,-6.823063373565674,,
267250,1.0424550771713257,0.05,-5.9557342529296875,,
267300,4.038771152496338,0.05,-6.28010368347168,,
267350,2.208686590194702,0.05,-8.51325511932373,,
267400,0.8232490420341492,0.05,-6.37548303604126,,
267450,6.743522644042969,0.05,-6.592247486114502,,
267500,4.402711391448975,0.05,-6.226762771606445,,
267550,10.03380298614502,0.05,-7.492702484130859,,
267600,0.5524469614028931,0.05,-6.417746067047119,,
267650,8.732540130615234,0.05,-6.3075432777404785,,
267700,6.276455402374268,0.05,-6.37323522567749,,
267750,0.9903895854949951,0.05,-6.8949737548828125,,
267800,0.5235676169395447,0.05,-6.411219120025635,,
267850,6.772169589996338,0.05,-5.726053237915039,,
267900,1.0036121606826782,0.05,-5.96423864364624,,
267950,3.735729932785034,0.05,-6.5115838050842285,,
268000,1.210435152053833,0.05,-5.981750965118408,,
268050,5.167507171630859,0.05,-6.493991851806641,,
268100,0.5844925045967102,0.05,-5.529577732086182,,
268150,3.059124708175659,0.05,-7.309410095214844,,
268200,4.341987133026123,0.05,-7.555360794067383,,
268250,1.274382472038269,0.05,-6.726232528686523,,
268300,0.3889109194278717,0.05,-6.226107120513916,,
268350,0.5250001549720764,0.05,-6.227647304534912,,
268400,1.9109491109848022,0.05,-7.599348068237305,,
268450,2.771094560623169,0.05,-6.444577693939209,,
268500,0.8509407639503479,0.05,-7.80949592590332,,
268550,1.6851166486740112,0.05,-7.222082614898682,,
268600,0.5918075442314148,0.05,-5.8924384117126465,,
268650,1.5056285858154297,0.05,-6.2711567878723145,,
268700,1.6932897567749023,0.05,-6.568182468414307,,
268750,0.7901291847229004,0.05,-6.9791131019592285,,
268800,0.7497724890708923,0.05,-6.06785249710083,,
268850,3.682260513305664,0.05,-6.400546550750732,,
268900,4.671507358551025,0.05,-7.026285171508789,,
268950,7.005588531494141,0.05,-6.589034557342529,,
269000,0.8329553604125977,0.05,-6.36395263671875,,
269050,7.667614459991455,0.05,-6.703960418701172,,
269100,21.437715530395508,0.05,-7.0389885902404785,,
269150,4.025490760803223,0.05,-7.4235920906066895,,
269200,19.52187156677246,0.05,-7.74902868270874,,
269250,5.242988586425781,0.05,-6.396049499511719,,
269300,11.10340404510498,0.05,-6.516908168792725,,
269350,5.3664774894714355,0.05,-6.880927562713623,,
269400,18.00301170349121,0.05,-6.670146465301514,,
269450,12.64087963104248,0.05,-6.599278926849365,,
269500,20.93211555480957,0.05,-7.48737096786499,,
269550,12.14111328125,0.05,-7.284482479095459,,
269600,2.4807770252227783,0.05,-7.073592662811279,,
269650,1.587530493736267,0.05,-7.355433940887451,,
269700,6.094375133514404,0.05,-6.485527038574219,,
269750,4.916629314422607,0.05,-6.673053741455078,,
269800,5.400806427001953,0.05,-6.5209059715271,,
269850,6.366270542144775,0.05,-6.168057918548584,,
269900,1.6629568338394165,0.05,-7.660802364349365,,
269950,0.5162075161933899,0.05,-5.9440765380859375,,
270000,6.308891773223877,0.05,-6.141692638397217,,
270050,2.3725390434265137,0.05,-7.658023834228516,,
270100,4.259530544281006,0.05,-7.056886196136475,,
270150,9.06320858001709,0.05,-6.539783000946045,,
270200,4.350138187408447,0.05,-6.374927043914795,,
270250,4.117976665496826,0.05,-7.073511123657227,,
270300,0.34928861260414124,0.05,-5.644604206085205,,
270350,5.177505970001221,0.05,-7.521492004394531,,
270400,1.2081623077392578,0.05,-6.480122089385986,,
270450,0.8595697283744812,0.05,-5.729284286499023,,
270500,1.634092926979065,0.05,-8.67857837677002,,
270550,4.791355609893799,0.05,-8.001235008239746,,
270600,2.5546553134918213,0.05,-7.225868225097656,,
270650,0.36345645785331726,0.05,-7.2688679695129395,,
270700,7.259707927703857,0.05,-7.110682010650635,,
270750,16.60329246520996,0.05,-7.053716659545898,,
270800,5.193986415863037,0.05,-6.7667622566223145,,
270850,0.4768240451812744,0.05,-6.796867847442627,,
270900,1.9626728296279907,0.05,-6.615109920501709,,
270950,0.7665659785270691,0.05,-7.9984354972839355,,
271000,1.0854982137680054,0.05,-7.419030666351318,,
271050,8.16985034942627,0.05,-8.419684410095215,,
271100,8.333853721618652,0.05,-7.553369998931885,,
271150,4.623215198516846,0.05,-8.468499183654785,,
271200,2.1356406211853027,0.05,-7.083444118499756,,
271250,6.480286121368408,0.05,-7.023167133331299,,
271300,0.4131861925125122,0.05,-7.504614353179932,,
271350,0.7902662754058838,0.05,-6.838153839111328,,
271400,12.443791389465332,0.05,-7.175043106079102,,
271450,1.8016096353530884,0.05,-6.238734722137451,,
271500,2.2538557052612305,0.05,-6.383146286010742,,
271550,2.063143730163574,0.05,-7.581686496734619,,
271600,7.6398539543151855,0.05,-6.234989643096924,,
271650,4.91466760635376,0.05,-5.960161209106445,,
271700,3.8129959106445312,0.05,-7.179214000701904,,
271750,12.868256568908691,0.05,-6.597962856292725,,
271800,7.628833770751953,0.05,-7.486635208129883,,
271850,1.207390546798706,0.05,-7.137477397918701,,
271900,2.998494863510132,0.05,-7.2357001304626465,,
271950,9.209582328796387,0.05,-8.241090774536133,,
272000,0.43777695298194885,0.05,-6.592979907989502,,
272050,7.430576324462891,0.05,-7.814504146575928,,
272100,6.793848514556885,0.05,-6.974721431732178,,
272150,0.7177959084510803,0.05,-7.59247350692749,,
272200,15.494402885437012,0.05,-5.807435512542725,,
272250,0.8235601782798767,0.05,-6.828105449676514,,
272300,9.13506031036377,0.05,-6.920957565307617,,
272350,0.8682581782341003,0.05,-7.430713176727295,,
272400,6.523580074310303,0.05,-7.694142818450928,,
272450,6.214969635009766,0.05,-6.627117156982422,,
272500,9.797322273254395,0.05,-7.1252007484436035,,
272550,8.463200569152832,0.05,-6.350898265838623,,
272600,8.814021110534668,0.05,-7.446617603302002,,
272650,2.8661892414093018,0.05,-7.4507832527160645,,
272700,13.13272476196289,0.05,-7.279191970825195,,
272750,1.0164254903793335,0.05,-7.2066497802734375,,
272800,4.32253885269165,0.05,-6.361030578613281,,
272850,1.1644906997680664,0.05,-6.354695796966553,,
272900,1.731641173362732,0.05,-7.114966869354248,,
272950,0.7680676579475403,0.05,-6.330615520477295,,
273000,9.50415325164795,0.05,-7.612464427947998,,
273050,2.2901012897491455,0.05,-9.267020225524902,,
273100,2.4868664741516113,0.05,-6.632022857666016,,
273150,7.994571685791016,0.05,-5.943244934082031,,
273200,0.7258979678153992,0.05,-7.054351806640625,,
273250,11.894108772277832,0.05,-7.80913782119751,,
273300,2.7307348251342773,0.05,-7.232329845428467,,
273350,4.855116367340088,0.05,-6.926660537719727,,
273400,13.945618629455566,0.05,-6.03706169128418,,
273450,0.6669575572013855,0.05,-7.230637073516846,,
273500,8.542868614196777,0.05,-7.29749059677124,,
273550,17.901334762573242,0.05,-7.495045185089111,,
273600,2.2493932247161865,0.05,-6.90338134765625,,
273650,0.343831866979599,0.05,-6.6677775382995605,,
273700,3.2186660766601562,0.05,-6.500864505767822,,
273750,9.574392318725586,0.05,-6.37514066696167,,
273800,3.9076967239379883,0.05,-6.471907138824463,,
273850,5.427540302276611,0.05,-7.122619152069092,,
273900,1.5401886701583862,0.05,-5.199087619781494,,
273950,3.0989744663238525,0.05,-6.589579105377197,,
274000,3.7521674633026123,0.05,-6.156829357147217,,
274050,1.4585450887680054,0.05,-5.727572917938232,,
274100,1.2212587594985962,0.05,-7.474735260009766,,
274150,0.4009596109390259,0.05,-5.1618804931640625,,
274200,16.208967208862305,0.05,-7.882086277008057,,
274250,15.372642517089844,0.05,-6.390309810638428,,
274300,3.04964280128479,0.05,-6.737207412719727,,
274350,9.57979965209961,0.05,-7.892664432525635,,
274400,0.5339465737342834,0.05,-7.436380863189697,,
274450,2.1836795806884766,0.05,-7.2695441246032715,,
274500,1.8210276365280151,0.05,-7.054232120513916,,
274550,2.0840840339660645,0.05,-6.980952739715576,,
274600,2.7183055877685547,0.05,-7.220181941986084,,
274650,1.150994896888733,0.05,-7.429130554199219,,
274700,12.079486846923828,0.05,-6.418846130371094,,
274750,6.454128265380859,0.05,-6.413305759429932,,
274800,12.659843444824219,0.05,-6.514333248138428,,
274850,1.589924931526184,0.05,-6.481271743774414,,
274900,3.3045785427093506,0.05,-6.63799524307251,,
274950,18.240568161010742,0.05,-6.616390228271484,,
275000,1.9298957586288452,0.05,-7.5628180503845215,-0.9885390641789145,36.13333333333333
275050,5.233068943023682,0.05,-7.167003154754639,,
275100,2.0311319828033447,0.05,-6.088741302490234,,
275150,5.354794025421143,0.05,-7.919378280639648,,
275200,2.4829418659210205,0.05,-7.784451007843018,,
275250,4.4436726570129395,0.05,-6.079494476318359,,
275300,15.076273918151855,0.05,-5.988210678100586,,
275350,0.6536668539047241,0.05,-6.993566513061523,,
275400,0.26509368419647217,0.05,-6.973391056060791,,
275450,0.622590184211731,0.05,-7.24464225769043,,
275500,1.740613341331482,0.05,-7.474462509155273,,
275550,4.193730354309082,0.05,-6.787596225738525,,
275600,0.21835045516490936,0.05,-5.770802974700928,,
275650,8.498943328857422,0.05,-6.557369709014893,,
275700,6.650081634521484,0.05,-6.031780242919922,,
275750,0.7377026677131653,0.05,-6.817358493804932,,
275800,0.4881950318813324,0.05,-6.7403483390808105,,
275850,2.8062198162078857,0.05,-6.706016540527344,,
275900,7.3004984855651855,0.05,-7.252530574798584,,
275950,2.4298622608184814,0.05,-6.071753025054932,,
276000,1.0797767639160156,0.05,-6.786570072174072,,
276050,6.770068645477295,0.05,-7.345848083496094,,
276100,1.2808758020401,0.05,-7.014743328094482,,
276150,1.226999044418335,0.05,-6.261961460113525,,
276200,1.0728132724761963,0.05,-7.906364440917969,,
276250,0.7416802048683167,0.05,-5.54966402053833,,
276300,1.5380135774612427,0.05,-6.573610305786133,,
276350,0.5652047395706177,0.05,-5.681901931762695,,
276400,1.1387182474136353,0.05,-7.510833263397217,,
276450,10.014999389648438,0.05,-7.294206619262695,,
276500,7.455076694488525,0.05,-7.936137676239014,,
276550,6.252712249755859,0.05,-6.974525451660156,,
276600,12.376422882080078,0.05,-8.209301948547363,,
276650,11.297638893127441,0.05,-6.235954761505127,,
276700,6.859602451324463,0.05,-5.965391635894775,,
276750,0.949026346206665,0.05,-6.672916889190674,,
276800,4.551177024841309,0.05,-6.664096355438232,,
276850,6.158961772918701,0.05,-5.914546966552734,,
276900,1.011810541152954,0.05,-5.516504764556885,,
276950,3.4487409591674805,0.05,-7.608920574188232,,
277000,2.593083143234253,0.05,-7.028999328613281,,
277050,1.7823601961135864,0.05,-6.4908928871154785,,
277100,8.285033226013184,0.05,-6.398217678070068,,
277150,1.3228179216384888,0.05,-7.315459728240967,,
277200,4.39003849029541,0.05,-7.163194179534912,,
277250,1.011497974395752,0.05,-6.413148403167725,,
277300,21.03373908996582,0.05,-7.618868350982666,,
277350,8.544920921325684,0.05,-8.695420265197754,,
277400,0.6400320529937744,0.05,-6.527841567993164,,
277450,13.126667976379395,0.05,-6.349306583404541,,
277500,4.436040878295898,0.05,-7.025350093841553,,
277550,9.723751068115234,0.05,-5.6997971534729,,
277600,15.062348365783691,0.05,-6.104257106781006,,
277650,11.665592193603516,0.05,-7.488046169281006,,
277700,8.471047401428223,0.05,-7.555171489715576,,
277750,1.7617486715316772,0.05,-7.4850921630859375,,
277800,1.3421882390975952,0.05,-7.144372463226318,,
277850,2.2997210025787354,0.05,-6.624587535858154,,
277900,29.723594665527344,0.05,-6.7445454597473145,,
277950,1.8025259971618652,0.05,-6.211728572845459,,
278000,4.184201717376709,0.05,-6.9584879875183105,,
278050,0.49776697158813477,0.05,-7.435683727264404,,
278100,0.38257667422294617,0.05,-5.575799465179443,,
278150,7.269714832305908,0.05,-7.408022403717041,,
278200,0.4672269821166992,0.05,-6.486354827880859,,
278250,11.761805534362793,0.05,-6.593797206878662,,
278300,16.204008102416992,0.05,-7.138526439666748,,
278350,2.495098829269409,0.05,-6.9467620849609375,,
278400,0.6523773074150085,0.05,-6.724082946777344,,
278450,1.163591980934143,0.05,-6.493238925933838,,
278500,8.220884323120117,0.05,-7.730090618133545,,
278550,1.7704061269760132,0.05,-6.0518927574157715,,
278600,0.2627647817134857,0.05,-6.570274829864502,,
278650,0.7614646553993225,0.05,-5.16999626159668,,
278700,2.205509901046753,0.05,-7.408653736114502,,
278750,2.5253078937530518,0.05,-6.375885009765625,,
278800,32.497371673583984,0.05,-7.574607849121094,,
278850,0.831423282623291,0.05,-5.793665409088135,,
278900,1.0893727540969849,0.05,-6.376026630401611,,
278950,1.9107517004013062,0.05,-6.502893924713135,,
279000,3.166722536087036,0.05,-7.948317050933838,,
279050,0.8170081973075867,0.05,-5.971558094024658,,
279100,3.079943895339966,0.05,-7.683817386627197,,
279150,5.519178867340088,0.05,-7.73745584487915,,
279200,1.54458487033844,0.05,-7.133975505828857,,
279250,36.581783294677734,0.05,-7.284851551055908,,
279300,0.913358211517334,0.05,-6.114036560058594,,
279350,10.48804759979248,0.05,-7.563069820404053,,
279400,6.872445583343506,0.05,-6.132021427154541,,
279450,2.8109934329986572,0.05,-9.129826545715332,,
279500,10.140250205993652,0.05,-7.670058727264404,,
279550,2.88080096244812,0.05,-7.803483486175537,,
279600,2.8987786769866943,0.05,-7.905106067657471,,
279650,3.2134783267974854,0.05,-6.001462459564209,,
279700,13.072654724121094,0.05,-7.998624324798584,,
279750,0.5313425064086914,0.05,-6.442824840545654,,
279800,16.1428165435791,0.05,-7.06946325302124,,
279850,2.3380870819091797,0.05,-6.66254186630249,,
279900,1.5490150451660156,0.05,-7.180840969085693,,
279950,4.823418140411377,0.05,-8.14373779296875,,
280000,15.543087005615234,0.05,-8.186972618103027,,
280050,1.804775357246399,0.05,-9.002036094665527,,
280100,0.6390578150749207,0.05,-5.921922206878662,,
280150,19.740869522094727,0.05,-6.566164493560791,,
280200,10.346613883972168,0.05,-7.675760746002197,,
280250,2.4005279541015625,0.05,-7.730959415435791,,
280300,2.4432499408721924,0.05,-5.950845241546631,,
280350,14.575066566467285,0.05,-9.340348243713379,,
280400,0.22084765136241913,0.05,-7.396602153778076,,
280450,6.603246212005615,0.05,-8.077174186706543,,
280500,1.305640697479248,0.05,-7.5303192138671875,,
280550,2.6438801288604736,0.05,-8.843518257141113,,
280600,3.1090338230133057,0.05,-7.403550624847412,,
280650,1.192603588104248,0.05,-6.525671005249023,,
280700,0.7776401042938232,0.05,-6.344583511352539,,
280750,3.8230273723602295,0.05,-6.4186787605285645,,
280800,0.12710244953632355,0.05,-5.974193096160889,,
280850,6.969808101654053,0.05,-7.546772480010986,,
280900,10.171980857849121,0.05,-7.461265563964844,,
280950,3.5820376873016357,0.05,-8.188200950622559,,
281000,2.9210145473480225,0.05,-6.28181266784668,,
281050,1.507022738456726,0.05,-6.934932708740234,,
281100,0.33000093698501587,0.05,-5.690718173980713,,
281150,6.2082953453063965,0.05,-6.644117832183838,,
281200,4.5648393630981445,0.05,-6.894041061401367,,
281250,6.267552852630615,0.05,-6.50535249710083,,
281300,5.776622295379639,0.05,-6.973936080932617,,
281350,1.6173309087753296,0.05,-5.8656439781188965,,
281400,14.34580135345459,0.05,-8.645527839660645,,
281450,1.1983157396316528,0.05,-6.570835590362549,,
281500,2.549090623855591,0.05,-7.653696060180664,,
281550,6.40228271484375,0.05,-7.059358596801758,,
281600,0.6506875157356262,0.05,-6.961968898773193,,
281650,0.6630672812461853,0.05,-6.789791107177734,,
281700,4.11853551864624,0.05,-7.131157398223877,,
281750,1.0797580480575562,0.05,-6.571575164794922,,
281800,10.25523567199707,0.05,-6.55411958694458,,
281850,0.5172590017318726,0.05,-7.194868564605713,,
281900,0.5946364998817444,0.05,-5.8369832038879395,,
281950,7.611670970916748,0.05,-7.907688140869141,,
282000,0.9291582107543945,0.05,-6.131801128387451,,
282050,0.49849382042884827,0.05,-7.151666641235352,,
282100,6.921644687652588,0.05,-7.865800857543945,,
282150,1.832566261291504,0.05,-6.953765869140625,,
282200,9.551663398742676,0.05,-7.203203201293945,,
282250,2.26235294342041,0.05,-8.216033935546875,,
282300,6.893483638763428,0.05,-7.025493144989014,,
282350,2.3627893924713135,0.05,-6.475491046905518,,
282400,19.714014053344727,0.05,-9.422455787658691,,
282450,11.020434379577637,0.05,-7.397419452667236,,
282500,7.3945441246032715,0.05,-6.205294132232666,,
282550,9.466830253601074,0.05,-8.380471229553223,,
282600,2.577716827392578,0.05,-7.728744029998779,,
282650,1.3227258920669556,0.05,-7.3153395652771,,
282700,5.1317596435546875,0.05,-7.566566467285156,,
282750,4.964166164398193,0.05,-6.949595928192139,,
282800,1.6127324104309082,0.05,-6.39451789855957,,
282850,1.1976224184036255,0.05,-8.459556579589844,,
282900,8.384444236755371,0.05,-7.091346263885498,,
282950,0.7992687225341797,0.05,-6.524038314819336,,
283000,2.49788498878479,0.05,-8.937929153442383,,
283050,1.7497199773788452,0.05,-6.7600321769714355,,
283100,0.5431004166603088,0.05,-6.053483486175537,,
283150,2.7529220581054688,0.05,-6.765508651733398,,
283200,16.267099380493164,0.05,-6.607570648193359,,
283250,3.2966811656951904,0.05,-6.863307476043701,,
283300,0.6745853424072266,0.05,-6.66217565536499,,
283350,10.521285057067871,0.05,-7.741418361663818,,
283400,2.523416757583618,0.05,-8.222631454467773,,
283450,3.979313850402832,0.05,-6.861621856689453,,
283500,1.1840665340423584,0.05,-6.0831379890441895,,
283550,2.3616392612457275,0.05,-7.448073863983154,,
283600,0.8735864162445068,0.05,-6.255176067352295,,
283650,7.8656325340271,0.05,-9.240092277526855,,
283700,15.885101318359375,0.05,-6.502231121063232,,
283750,5.502065181732178,0.05,-6.395556926727295,,
283800,16.137590408325195,0.05,-6.999974727630615,,
283850,2.640310525894165,0.05,-6.109864711761475,,
283900,2.241260528564453,0.05,-6.476602554321289,,
283950,4.906054496765137,0.05,-6.646965503692627,,
284000,1.3710519075393677,0.05,-6.1881422996521,,
284050,0.15148387849330902,0.05,-6.165092945098877,,
284100,1.5798202753067017,0.05,-6.138431072235107,,
284150,2.163691282272339,0.05,-6.616169452667236,,
284200,0.4588519036769867,0.05,-6.107259750366211,,
284250,4.185941696166992,0.05,-8.00397777557373,,
284300,12.664981842041016,0.05,-6.748887538909912,,
284350,3.0416507720947266,0.05,-7.712954044342041,,
284400,2.1044304370880127,0.05,-5.9763617515563965,,
284450,2.3025429248809814,0.05,-5.763317584991455,,
284500,9.274992942810059,0.05,-6.846323013305664,,
284550,3.0166356563568115,0.05,-7.698366641998291,,
284600,0.5174575448036194,0.05,-7.040632724761963,,
284650,11.416793823242188,0.05,-7.270243167877197,,
284700,0.6442833542823792,0.05,-6.333560466766357,,
284750,3.9743711948394775,0.05,-6.315977573394775,,
284800,3.714454412460327,0.05,-8.875447273254395,,
284850,4.465329170227051,0.05,-5.607398509979248,,
284900,0.9380826950073242,0.05,-6.889139175415039,,
284950,10.03934097290039,0.05,-6.8632378578186035,,
285000,10.333324432373047,0.05,-7.117271423339844,,
285050,0.6266199946403503,0.05,-7.783527374267578,,
285100,3.039618492126465,0.05,-6.665421962738037,,
285150,7.089576244354248,0.05,-7.176858901977539,,
285200,4.822325229644775,0.05,-7.81119966506958,,
285250,16.10797691345215,0.05,-6.950546741485596,,
285300,1.5950437784194946,0.05,-7.229783535003662,,
285350,2.0712316036224365,0.05,-7.178060054779053,,
285400,4.379181861877441,0.05,-7.099493503570557,,
285450,1.9384170770645142,0.05,-7.101560592651367,,
285500,1.5181699991226196,0.05,-7.6060662269592285,,
285550,2.2104122638702393,0.05,-7.608394145965576,,
285600,9.34145450592041,0.05,-6.395269870758057,,
285650,0.4383741319179535,0.05,-6.45706033706665,,
285700,2.2199630737304688,0.05,-6.454880237579346,,
285750,2.342315912246704,0.05,-7.022593975067139,,
285800,4.358101844787598,0.05,-5.681175231933594,,
285850,0.9645677208900452,0.05,-7.281189441680908,,
285900,1.5040377378463745,0.05,-7.235988616943359,,
285950,15.702855110168457,0.05,-6.591667175292969,,
286000,4.912547588348389,0.05,-6.804590225219727,,
286050,5.606485843658447,0.05,-5.872896671295166,,
286100,8.164668083190918,0.05,-7.313268184661865,,
286150,3.592677116394043,0.05,-9.74011516571045,,
286200,2.741661310195923,0.05,-6.194180965423584,,
286250,0.9637141227722168,0.05,-8.711014747619629,,
286300,16.14681053161621,0.05,-6.751889705657959,,
286350,1.6558575630187988,0.05,-7.69135046005249,,
286400,1.0542072057724,0.05,-6.685144901275635,,
286450,13.013215065002441,0.05,-7.100282192230225,,
286500,9.825211524963379,0.05,-6.052995204925537,,
286550,8.49468994140625,0.05,-8.283989906311035,,
286600,10.805671691894531,0.05,-6.812629699707031,,
286650,4.356292247772217,0.05,-5.790676593780518,,
286700,0.6712310910224915,0.05,-6.739007472991943,,
286750,4.569526195526123,0.05,-7.257964611053467,,
286800,0.27375856041908264,0.05,-6.476686477661133,,
286850,4.139285087585449,0.05,-7.337018966674805,,
286900,3.512613296508789,0.05,-6.232944011688232,,
286950,5.003003120422363,0.05,-6.828411102294922,,
287000,6.8127923011779785,0.05,-7.118506908416748,,
287050,8.164790153503418,0.05,-6.799640655517578,,
287100,1.232887625694275,0.05,-6.74668550491333,,
287150,15.254584312438965,0.05,-6.757297515869141,,
287200,2.516338586807251,0.05,-6.533730983734131,,
287250,17.76702880859375,0.05,-6.8786845207214355,,
287300,17.09822654724121,0.05,-7.590042591094971,,
287350,0.48275336623191833,0.05,-6.129361629486084,,
287400,1.3783966302871704,0.05,-6.4304962158203125,,
287450,15.688671112060547,0.05,-7.241830825805664,,
287500,2.6984994411468506,0.05,-6.91813850402832,,
287550,3.1502597332000732,0.05,-7.207570552825928,,
287600,1.274900197982788,0.05,-6.207205295562744,,
287650,4.231020927429199,0.05,-6.41117525100708,,
287700,4.776852130889893,0.05,-6.506571292877197,,
287750,4.998071670532227,0.05,-6.654704570770264,,
287800,1.7200794219970703,0.05,-7.684818267822266,,
287850,2.8529531955718994,0.05,-7.232259273529053,,
287900,1.1212128400802612,0.05,-7.566675662994385,,
287950,1.087441325187683,0.05,-6.691307544708252,,
288000,6.637248992919922,0.05,-7.391171932220459,,
288050,9.34002685546875,0.05,-7.40442419052124,,
288100,3.278167724609375,0.05,-8.195040702819824,,
288150,4.216971397399902,0.05,-6.999864101409912,,
288200,5.72946310043335,0.05,-7.115204334259033,,
288250,24.047014236450195,0.05,-7.7099528312683105,,
288300,4.015578269958496,0.05,-7.353916645050049,,
288350,2.3438522815704346,0.05,-6.917771816253662,,
288400,13.54631519317627,0.05,-7.87432336807251,,
288450,7.265307903289795,0.05,-6.82843017578125,,
288500,15.361624717712402,0.05,-6.660198211669922,,
288550,1.5729087591171265,0.05,-6.500678539276123,,
288600,8.748682975769043,0.05,-6.7162322998046875,,
288650,1.380728840827942,0.05,-6.798999786376953,,
288700,1.8534059524536133,0.05,-6.0577239990234375,,
288750,0.5713129639625549,0.05,-6.129861354827881,,
288800,0.9339000582695007,0.05,-5.610872745513916,,
288850,1.371213436126709,0.05,-7.677011013031006,,
288900,5.893146514892578,0.05,-7.562644958496094,,
288950,9.913680076599121,0.05,-6.876129150390625,,
289000,4.011143207550049,0.05,-8.363715171813965,,
289050,10.666224479675293,0.05,-6.935424327850342,,
289100,9.910853385925293,0.05,-6.8441925048828125,,
289150,4.805126667022705,0.05,-7.267378330230713,,
289200,4.527405261993408,0.05,-7.12981653213501,,
289250,0.4716664254665375,0.05,-6.765547275543213,,
289300,6.377974987030029,0.05,-7.055975437164307,,
289350,17.219446182250977,0.05,-6.576507568359375,,
289400,12.189251899719238,0.05,-6.788307189941406,,
289450,2.0689961910247803,0.05,-7.378780364990234,,
289500,1.0869780778884888,0.05,-6.513955593109131,,
289550,1.290587306022644,0.05,-6.7642340660095215,,
289600,21.1386775970459,0.05,-7.096363544464111,,
289650,6.919644832611084,0.05,-7.9310736656188965,,
289700,5.528427600860596,0.05,-6.529852390289307,,
289750,2.8333702087402344,0.05,-6.549564361572266,,
289800,5.6996073722839355,0.05,-5.739508152008057,,
289850,0.9508805274963379,0.05,-5.676265239715576,,
289900,1.0206152200698853,0.05,-7.614205837249756,,
289950,8.808195114135742,0.05,-6.23474645614624,,
290000,0.742483913898468,0.05,-5.888378143310547,,
290050,22.093263626098633,0.05,-7.1462321281433105,,
290100,0.5366864204406738,0.05,-6.1534342765808105,,
290150,1.229504942893982,0.05,-6.075333118438721,,
290200,5.108707904815674,0.05,-7.359403610229492,,
290250,7.5899529457092285,0.05,-5.547451019287109,,
290300,5.785604953765869,0.05,-6.053075313568115,,
290350,5.518459320068359,0.05,-6.944944381713867,,
290400,0.7516506314277649,0.05,-6.966951847076416,,
290450,0.516918420791626,0.05,-6.235803127288818,,
290500,2.695114850997925,0.05,-6.663238525390625,,
290550,1.3147565126419067,0.05,-5.560235500335693,,
290600,0.8808621764183044,0.05,-7.797116756439209,,
290650,8.631766319274902,0.05,-5.583049774169922,,
290700,4.618771076202393,0.05,-6.020635604858398,,
290750,4.840376853942871,0.05,-6.856740951538086,,
290800,3.7893359661102295,0.05,-6.9037652015686035,,
290850,1.200209140777588,0.05,-5.459761142730713,,
290900,3.418229818344116,0.05,-6.569496154785156,,
290950,1.3626394271850586,0.05,-6.853692531585693,,
291000,7.378844738006592,0.05,-5.93767786026001,,
291050,1.425714373588562,0.05,-6.066205978393555,,
291100,1.8424183130264282,0.05,-7.150510311126709,,
291150,11.27872371673584,0.05,-5.989616870880127,,
291200,20.900278091430664,0.05,-5.68742036819458,,
291250,9.179488182067871,0.05,-6.34460973739624,,
291300,5.7972235679626465,0.05,-7.64634370803833,,
291350,1.9825578927993774,0.05,-6.537841796875,,
291400,9.673855781555176,0.05,-6.431428909301758,,
291450,1.592629075050354,0.05,-6.5627055168151855,,
291500,1.82470703125,0.05,-6.704535961151123,,
291550,2.3410775661468506,0.05,-6.775825500488281,,
291600,0.5388677716255188,0.05,-6.005926132202148,,
291650,2.112896203994751,0.05,-7.0453619956970215,,
291700,4.991809844970703,0.05,-6.604007244110107,,
291750,7.620438098907471,0.05,-6.1934075355529785,,
291800,5.028635501861572,0.05,-5.840719699859619,,
291850,5.105403900146484,0.05,-7.773679256439209,,
291900,0.27173250913619995,0.05,-6.520771026611328,,
291950,1.229399561882019,0.05,-6.191598415374756,,
292000,1.0324522256851196,0.05,-8.145215034484863,,
292050,10.030255317687988,0.05,-7.456653594970703,,
292100,3.889061212539673,0.05,-7.421659469604492,,
292150,12.08440113067627,0.05,-8.983271598815918,,
292200,0.831956684589386,0.05,-8.052327156066895,,
292250,3.076622724533081,0.05,-6.568399906158447,,
292300,0.7305245995521545,0.05,-6.709295749664307,,
292350,9.693410873413086,0.05,-6.214427947998047,,
292400,9.173551559448242,0.05,-6.403038024902344,,
292450,0.6917633414268494,0.05,-6.157550811767578,,
292500,12.803759574890137,0.05,-7.2439141273498535,,
292550,1.9984625577926636,0.05,-7.095592498779297,,
292600,10.83539867401123,0.05,-7.751880645751953,,
292650,1.4202827215194702,0.05,-6.924839019775391,,
292700,11.957669258117676,0.05,-7.51825475692749,,
292750,3.955953359603882,0.05,-6.507667064666748,,
292800,1.4638690948486328,0.05,-5.355837345123291,,
292850,3.204213857650757,0.05,-7.7675395011901855,,
292900,3.112429618835449,0.05,-6.029966831207275,,
292950,0.31979167461395264,0.05,-6.447963714599609,,
293000,9.39148998260498,0.05,-7.44598913192749,,
293050,7.5594611167907715,0.05,-6.172139644622803,,
293100,7.038099765777588,0.05,-6.355905055999756,,
293150,1.7968993186950684,0.05,-8.01671314239502,,
293200,5.7581329345703125,0.05,-6.51719331741333,,
293250,14.194611549377441,0.05,-6.579161167144775,,
293300,2.1637203693389893,0.05,-7.302213191986084,,
293350,1.2216347455978394,0.05,-6.512012481689453,,
293400,1.528902530670166,0.05,-5.576326847076416,,
293450,7.226938724517822,0.05,-5.632274627685547,,
293500,1.9612855911254883,0.05,-7.553276062011719,,
293550,1.1715072393417358,0.05,-6.120704650878906,,
293600,12.538536071777344,0.05,-8.024735450744629,,
293650,7.068861484527588,0.05,-6.548591613769531,,
293700,6.457738399505615,0.05,-6.158843994140625,,
293750,1.7064815759658813,0.05,-6.366025447845459,,
293800,3.185704231262207,0.05,-7.5661797523498535,,
293850,5.449181079864502,0.05,-6.627693176269531,,
293900,2.9365155696868896,0.05,-6.446373462677002,,
293950,0.6009010672569275,0.05,-6.771308422088623,,
294000,0.7887172698974609,0.05,-5.875492572784424,,
294050,0.34250226616859436,0.05,-7.020557880401611,,
294100,2.442251443862915,0.05,-5.891597747802734,,
294150,0.7717159390449524,0.05,-6.64613151550293,,
294200,1.429531455039978,0.05,-6.1165385246276855,,
294250,10.377626419067383,0.05,-7.767589569091797,,
294300,16.63897132873535,0.05,-6.255880832672119,,
294350,1.6979360580444336,0.05,-5.3278632164001465,,
294400,10.487055778503418,0.05,-6.281127452850342,,
294450,0.8127879500389099,0.05,-5.518885135650635,,
294500,2.137598991394043,0.05,-6.8953022956848145,,
294550,14.310132026672363,0.05,-6.521363735198975,,
294600,4.034726142883301,0.05,-6.6765594482421875,,
294650,0.8948502540588379,0.05,-7.826109409332275,,
294700,3.4459431171417236,0.05,-6.144166469573975,,
294750,4.372870922088623,0.05,-7.288687229156494,,
294800,11.233637809753418,0.05,-7.185688495635986,,
294850,8.741890907287598,0.05,-6.897165775299072,,
294900,0.7451419830322266,0.05,-5.721540927886963,,
294950,4.960484027862549,0.05,-6.762451171875,,
295000,1.1588162183761597,0.05,-7.652248382568359,,
295050,0.7631524205207825,0.05,-7.497076511383057,,
295100,2.2775025367736816,0.05,-5.035784721374512,,
295150,0.9159321188926697,0.05,-7.336233139038086,,
295200,0.77916020154953,0.05,-6.3197455406188965,,
295250,6.530097484588623,0.05,-6.27220344543457,,
295300,12.891480445861816,0.05,-6.817355632781982,,
295350,0.7578975558280945,0.05,-6.07725715637207,,
295400,10.067909240722656,0.05,-6.945690155029297,,
295450,1.4167605638504028,0.05,-8.187358856201172,,
295500,0.9083499908447266,0.05,-7.932759761810303,,
295550,11.307066917419434,0.05,-5.968358516693115,,
295600,6.455806255340576,0.05,-5.946634769439697,,
295650,6.327235698699951,0.05,-7.45454216003418,,
295700,26.240991592407227,0.05,-5.531421661376953,,
295750,7.2746663093566895,0.05,-5.723134517669678,,
295800,24.210189819335938,0.05,-6.660371780395508,,
295850,0.15007804334163666,0.05,-5.485405445098877,,
295900,8.861305236816406,0.05,-7.8330206871032715,,
295950,0.6721107363700867,0.05,-5.501277923583984,,
296000,14.401798248291016,0.05,-6.8361334800720215,,
296050,18.858362197875977,0.05,-7.472490310668945,,
296100,1.1140047311782837,0.05,-6.848324298858643,,
296150,1.8271344900131226,0.05,-6.698278427124023,,
296200,17.784521102905273,0.05,-5.519779682159424,,
296250,16.878660202026367,0.05,-8.13552188873291,,
296300,1.9276585578918457,0.05,-6.239320278167725,,
296350,1.0049341917037964,0.05,-7.095997333526611,,
296400,13.621986389160156,0.05,-7.8731560707092285,,
296450,11.520584106445312,0.05,-6.094568252563477,,
296500,4.7753729820251465,0.05,-7.874560832977295,,
296550,1.8748141527175903,0.05,-5.967001438140869,,
296600,13.4606294631958,0.05,-7.143540859222412,,
296650,2.7156708240509033,0.05,-6.009183406829834,,
296700,1.3659240007400513,0.05,-5.9852471351623535,,
296750,1.851975440979004,0.05,-5.295921802520752,,
296800,1.3392621278762817,0.05,-6.311382293701172,,
296850,2.9774789810180664,0.05,-6.904110431671143,,
296900,3.0141565799713135,0.05,-7.116014003753662,,
296950,6.099100589752197,0.05,-6.518950939178467,,
297000,8.734343528747559,0.05,-5.981767654418945,,
297050,2.79901385307312,0.05,-7.340002536773682,,
297100,2.918138265609741,0.05,-5.704002857208252,,
297150,0.7847370505332947,0.05,-5.6084442138671875,,
297200,2.4061684608459473,0.05,-7.109307765960693,,
297250,0.9981724619865417,0.05,-6.4585280418396,,
297300,0.955519437789917,0.05,-6.925380706787109,,
297350,25.648902893066406,0.05,-6.1160888671875,,
297400,5.073122978210449,0.05,-9.037919998168945,,
297450,2.277027130126953,0.05,-7.928398609161377,,
297500,1.3327488899230957,0.05,-6.801513671875,,
297550,0.6346983313560486,0.05,-7.3474650382995605,,
297600,3.5841360092163086,0.05,-6.575311183929443,,
297650,2.403392791748047,0.05,-6.478207111358643,,
297700,1.6102970838546753,0.05,-6.092025279998779,,
297750,1.1456443071365356,0.05,-6.7398295402526855,,
297800,1.2061572074890137,0.05,-7.474241733551025,,
297850,2.4493868350982666,0.05,-5.955677032470703,,
297900,13.60738754272461,0.05,-6.760413646697998,,
297950,4.750922203063965,0.05,-7.493532180786133,,
298000,0.5895734429359436,0.05,-6.947225093841553,,
298050,10.08529281616211,0.05,-6.251173496246338,,
298100,3.348149538040161,0.05,-6.159572601318359,,
298150,17.358144760131836,0.05,-5.654507160186768,,
298200,4.475419998168945,0.05,-6.147961139678955,,
298250,1.0627121925354004,0.05,-6.1637444496154785,,
298300,2.514050006866455,0.05,-6.354065418243408,,
298350,22.137285232543945,0.05,-6.235023021697998,,
298400,5.054895877838135,0.05,-5.8653411865234375,,
298450,1.214682936668396,0.05,-6.67129373550415,,
298500,12.976439476013184,0.05,-7.757716655731201,,
298550,1.1948174238204956,0.05,-6.972403049468994,,
298600,3.0223348140716553,0.05,-7.044370651245117,,
298650,12.509482383728027,0.05,-5.952179431915283,,
298700,12.372249603271484,0.05,-6.8808274269104,,
298750,12.584545135498047,0.05,-7.832818508148193,,
298800,12.095707893371582,0.05,-7.155411243438721,,
298850,1.2730382680892944,0.05,-6.3165130615234375,,
298900,6.339353084564209,0.05,-6.8715128898620605,,
298950,1.9604063034057617,0.05,-5.99224328994751,,
299000,1.2267909049987793,0.05,-6.8052592277526855,,
299050,2.4587650299072266,0.05,-7.102045059204102,,
299100,12.958736419677734,0.05,-7.525573253631592,,
299150,1.4908013343811035,0.05,-7.762020111083984,,
299200,1.380111575126648,0.05,-7.410349369049072,,
299250,16.936052322387695,0.05,-7.8482985496521,,
299300,5.432162761688232,0.05,-7.24689245223999,,
299350,1.6562079191207886,0.05,-6.724120616912842,,
299400,9.229924201965332,0.05,-6.33563232421875,,
299450,0.6115778088569641,0.05,-6.566182613372803,,
299500,4.443297863006592,0.05,-6.186360836029053,,
299550,5.751453399658203,0.05,-7.567685604095459,,
299600,3.14563250541687,0.05,-6.440404891967773,,
299650,2.010484218597412,0.05,-5.830134868621826,,
299700,9.328557014465332,0.05,-6.815595626831055,,
299750,0.40415826439857483,0.05,-5.749619960784912,,
299800,0.6252769827842712,0.05,-5.840562343597412,,
299850,1.8177529573440552,0.05,-6.867623805999756,,
299900,1.2442498207092285,0.05,-6.625511169433594,,
299950,4.728847980499268,0.05,-7.368349552154541,,
