step,loss,epsilon,q_mean,val_reward,val_viol
100,0.17095692455768585,0.9966666666666667,-0.20554836094379425,,
150,0.3774700164794922,0.995,-0.43172264099121094,,
200,0.2574201226234436,0.9933333333333333,-0.4442558288574219,,
250,0.6985489726066589,0.9916666666666667,-0.6150364279747009,,
300,0.2660811245441437,0.99,-0.31504184007644653,,
350,0.32076355814933777,0.9883333333333333,-0.5387477278709412,,
400,0.48650991916656494,0.9866666666666667,-0.8086073398590088,,
450,0.6841767430305481,0.985,-0.8455133438110352,,
500,0.3198608458042145,0.9833333333333333,-0.3542540967464447,,
550,0.38218674063682556,0.9816666666666667,-1.252564787864685,,
600,0.36681923270225525,0.98,-1.0440493822097778,,
650,0.24493835866451263,0.9783333333333333,-1.1998481750488281,,
700,0.21416355669498444,0.9766666666666667,-1.0345522165298462,,
750,0.2952573895454407,0.975,-1.1076016426086426,,
800,0.4112737476825714,0.9733333333333334,-0.9281849265098572,,
850,0.3518367111682892,0.9716666666666667,-0.9212570786476135,,
900,0.4402852952480316,0.97,-1.2410849332809448,,
950,0.4143387973308563,0.9683333333333334,-1.3753949403762817,,
1000,0.3770006000995636,0.9666666666666667,-1.0447174310684204,,
1050,0.49675461649894714,0.965,-1.5748839378356934,,
1100,0.49592825770378113,0.9633333333333334,-1.4633268117904663,,
1150,0.6986188888549805,0.9616666666666667,-1.6394931077957153,,
1200,0.5516867637634277,0.96,-1.1869693994522095,,
1250,0.6050949692726135,0.9583333333333334,-1.5940881967544556,,
1300,0.36167147755622864,0.9566666666666667,-1.4732542037963867,,
1350,1.630454659461975,0.955,-1.6254674196243286,,
1400,0.8809550404548645,0.9533333333333334,-1.63677978515625,,
1450,0.5782865881919861,0.9516666666666667,-1.370048999786377,,
1500,0.760676920413971,0.95,-1.401483416557312,,
1550,1.278173565864563,0.9483333333333334,-2.3310768604278564,,
1600,1.4763482809066772,0.9466666666666667,-2.3165574073791504,,
1650,1.0645560026168823,0.945,-2.2697231769561768,,
1700,1.1388059854507446,0.9433333333333334,-2.173518419265747,,
1750,0.9319480061531067,0.9416666666666667,-2.176774024963379,,
1800,1.686838150024414,0.94,-1.7573143243789673,,
1850,0.5845417380332947,0.9383333333333334,-1.9112409353256226,,
1900,0.8916032910346985,0.9366666666666666,-2.306183099746704,,
1950,0.5530889630317688,0.935,-1.6777162551879883,,
2000,0.6071686744689941,0.9333333333333333,-2.129619598388672,,
2050,1.1976332664489746,0.9316666666666666,-1.9901143312454224,,
2100,0.7987397313117981,0.9299999999999999,-1.7061389684677124,,
2150,0.6933383345603943,0.9283333333333333,-1.8252521753311157,,
2200,1.427040934562683,0.9266666666666666,-2.2198097705841064,,
2250,1.0365467071533203,0.925,-2.2243378162384033,,
2300,0.8136904835700989,0.9233333333333333,-2.440965414047241,,
2350,0.8104057312011719,0.9216666666666666,-1.670376181602478,,
2400,1.7640739679336548,0.92,-2.0469746589660645,,
2450,0.5847977995872498,0.9183333333333333,-1.9158906936645508,,
2500,1.8141369819641113,0.9166666666666666,-2.24225115776062,,
2550,0.8433200716972351,0.915,-2.0822346210479736,,
2600,1.3412657976150513,0.9133333333333333,-2.4524428844451904,,
2650,2.7526092529296875,0.9116666666666666,-1.5489643812179565,,
2700,0.8253685832023621,0.91,-2.553690195083618,,
2750,1.1072481870651245,0.9083333333333333,-1.9310606718063354,,
2800,1.047656774520874,0.9066666666666666,-3.4076976776123047,,
2850,1.1699329614639282,0.905,-2.123612880706787,,
2900,2.214797019958496,0.9033333333333333,-2.5170304775238037,,
2950,1.8245872259140015,0.9016666666666666,-2.1915061473846436,,
3000,0.8837940096855164,0.9,-1.931724190711975,,
3050,1.2404779195785522,0.8983333333333333,-2.231905698776245,,
3100,1.3922330141067505,0.8966666666666667,-2.1746866703033447,,
3150,1.9030412435531616,0.895,-2.4663400650024414,,
3200,1.0573588609695435,0.8933333333333333,-2.6454193592071533,,
3250,1.0719668865203857,0.8916666666666666,-3.2184298038482666,,
3300,1.660326600074768,0.89,-3.087171792984009,,
3350,2.0086898803710938,0.8883333333333333,-3.139226198196411,,
3400,1.4622340202331543,0.8866666666666667,-2.1224639415740967,,
3450,1.2706204652786255,0.885,-2.5630171298980713,,
3500,0.8585577607154846,0.8833333333333333,-3.088756561279297,,
3550,0.7152121067047119,0.8816666666666667,-2.2665302753448486,,
3600,3.770904541015625,0.88,-3.001953363418579,,
3650,1.9923585653305054,0.8783333333333333,-3.3828210830688477,,
3700,2.6002776622772217,0.8766666666666667,-3.9393675327301025,,
3750,1.0205179452896118,0.875,-2.0133979320526123,,
3800,4.211218357086182,0.8733333333333333,-3.7566964626312256,,
3850,2.9117164611816406,0.8716666666666667,-2.493255615234375,,
3900,1.9478713274002075,0.87,-3.0923216342926025,,
3950,1.1728557348251343,0.8683333333333334,-3.0897743701934814,,
4000,4.416258335113525,0.8666666666666667,-3.3839428424835205,,
4050,2.680043935775757,0.865,-4.35880708694458,,
4100,1.6123522520065308,0.8633333333333333,-1.7445586919784546,,
4150,4.264278888702393,0.8616666666666667,-2.4925107955932617,,
4200,1.7036329507827759,0.86,-2.5618059635162354,,
4250,1.1086496114730835,0.8583333333333334,-2.5034518241882324,,
4300,2.340684175491333,0.8566666666666667,-2.0855917930603027,,
4350,2.7383768558502197,0.855,-2.82537841796875,,
4400,2.0720365047454834,0.8533333333333333,-2.352548360824585,,
4450,4.723840236663818,0.8516666666666667,-1.8619351387023926,,
4500,1.132483959197998,0.85,-1.8081296682357788,,
4550,2.4206881523132324,0.8483333333333334,-1.2824112176895142,,
4600,1.1538511514663696,0.8466666666666667,-2.112273931503296,,
4650,1.2938591241836548,0.845,-1.7802287340164185,,
4700,2.6729447841644287,0.8433333333333333,-2.175088405609131,,
4750,4.133734226226807,0.8416666666666667,-1.8485699892044067,,
4800,3.527294397354126,0.84,-2.7017288208007812,,
4850,1.9447680711746216,0.8383333333333334,-1.699316382408142,,
4900,3.658890962600708,0.8366666666666667,-2.458178758621216,,
4950,3.213932991027832,0.835,-3.48572039604187,,
5000,2.162799596786499,0.8333333333333334,-1.8119125366210938,,
5050,2.5635993480682373,0.8316666666666667,-2.682117462158203,,
5100,2.2543365955352783,0.83,-1.9177279472351074,,
5150,3.385938882827759,0.8283333333333334,-2.2434346675872803,,
5200,6.482611179351807,0.8266666666666667,-2.3196380138397217,,
5250,5.032571315765381,0.825,-3.1887409687042236,,
5300,4.022838115692139,0.8233333333333334,-3.1388280391693115,,
5350,1.1906625032424927,0.8216666666666667,-2.6570041179656982,,
5400,3.7448890209198,0.8200000000000001,-1.7605762481689453,,
5450,3.1650466918945312,0.8183333333333334,-3.225358009338379,,
5500,1.1670976877212524,0.8166666666666667,-1.7993184328079224,,
5550,9.357093811035156,0.815,-2.987272262573242,,
5600,7.845411777496338,0.8133333333333334,-2.657409906387329,,
5650,6.148796081542969,0.8116666666666666,-2.6417458057403564,,
5700,5.265822410583496,0.81,-1.5829873085021973,,
5750,8.105502128601074,0.8083333333333333,-1.9022630453109741,,
5800,4.440215587615967,0.8066666666666666,-3.2093982696533203,,
5850,2.8413374423980713,0.8049999999999999,-2.779979705810547,,
5900,5.3427252769470215,0.8033333333333333,-3.373098134994507,,
5950,5.734912395477295,0.8016666666666666,-2.8621280193328857,,
6000,3.2155797481536865,0.8,-1.8483675718307495,,
6050,3.0568954944610596,0.7983333333333333,-2.3018314838409424,,
6100,3.5451650619506836,0.7966666666666666,-2.8314151763916016,,
6150,5.409865856170654,0.795,-2.801193952560425,,
6200,6.821352481842041,0.7933333333333333,-3.0404202938079834,,
6250,4.1908440589904785,0.7916666666666666,-1.9277772903442383,,
6300,1.30709707736969,0.79,-2.500206708908081,,
6350,4.493044376373291,0.7883333333333333,-3.372349739074707,,
6400,1.5918148756027222,0.7866666666666666,-1.9127531051635742,,
6450,4.8959736824035645,0.785,-3.3761584758758545,,
6500,3.6650660037994385,0.7833333333333333,-2.006885290145874,,
6550,2.079688310623169,0.7816666666666667,-1.0209161043167114,,
6600,6.79620361328125,0.78,-1.9894747734069824,,
6650,5.94844388961792,0.7783333333333333,-2.9298105239868164,,
6700,4.850147724151611,0.7766666666666666,-2.1546483039855957,,
6750,3.371413230895996,0.775,-3.5818469524383545,,
6800,2.0217411518096924,0.7733333333333333,-3.071800470352173,,
6850,6.287412166595459,0.7716666666666667,-2.5762810707092285,,
6900,2.114490509033203,0.77,-3.5493202209472656,,
6950,2.0256645679473877,0.7683333333333333,-2.307988405227661,,
7000,4.2660956382751465,0.7666666666666666,-1.9635781049728394,,
7050,6.143398761749268,0.765,-2.0870606899261475,,
7100,4.47755765914917,0.7633333333333333,-1.1093741655349731,,
7150,3.890568971633911,0.7616666666666667,-3.1600377559661865,,
7200,2.374180793762207,0.76,-2.2659449577331543,,
7250,3.7658236026763916,0.7583333333333333,-1.3522849082946777,,
7300,2.933732032775879,0.7566666666666666,-1.532467246055603,,
7350,1.7802358865737915,0.755,-0.8660233616828918,,
7400,3.119392156600952,0.7533333333333333,-2.406486749649048,,
7450,1.2630332708358765,0.7516666666666667,-2.4547269344329834,,
7500,5.489671230316162,0.75,-3.231243371963501,,
7550,1.608965516090393,0.7483333333333333,-2.780252456665039,,
7600,6.163625240325928,0.7466666666666666,-2.1798460483551025,,
7650,1.2716668844223022,0.745,-2.198288917541504,,
7700,2.7315213680267334,0.7433333333333334,-3.9412682056427,,
7750,3.1481025218963623,0.7416666666666667,-3.266202211380005,,
7800,3.4748525619506836,0.74,-3.3980190753936768,,
7850,2.0225980281829834,0.7383333333333333,-2.0705783367156982,,
7900,2.709118127822876,0.7366666666666667,-1.9815460443496704,,
7950,6.624689102172852,0.735,-1.7090305089950562,,
8000,2.695549249649048,0.7333333333333334,-1.3082014322280884,,
8050,5.401313304901123,0.7316666666666667,-2.191173791885376,,
8100,6.638589382171631,0.73,-2.720278739929199,,
8150,2.48970365524292,0.7283333333333333,-3.5236642360687256,,
8200,2.8079869747161865,0.7266666666666667,-3.19014835357666,,
8250,3.9471805095672607,0.725,-2.5472753047943115,,
8300,2.755128860473633,0.7233333333333334,-2.242910623550415,,
8350,6.3077473640441895,0.7216666666666667,-3.3901164531707764,,
8400,6.061756610870361,0.72,-2.702749490737915,,
8450,7.627290725708008,0.7183333333333333,-3.2691879272460938,,
8500,4.111080169677734,0.7166666666666667,-1.729251742362976,,
8550,3.6788761615753174,0.7150000000000001,-1.928431510925293,,
8600,3.3183488845825195,0.7133333333333334,-2.398216962814331,,
8650,1.5401535034179688,0.7116666666666667,-1.7270647287368774,,
8700,2.6710970401763916,0.71,-2.0580108165740967,,
8750,1.8750306367874146,0.7083333333333333,-2.6458723545074463,,
8800,3.7644622325897217,0.7066666666666667,-2.180914878845215,,
8850,1.8199697732925415,0.7050000000000001,-2.310239315032959,,
8900,1.4847493171691895,0.7033333333333334,-3.169966459274292,,
8950,6.735177993774414,0.7016666666666667,-2.392803907394409,,
9000,2.7631969451904297,0.7,-2.3504016399383545,,
9050,3.2787959575653076,0.6983333333333333,-2.7612342834472656,,
9100,1.6322234869003296,0.6966666666666667,-4.234143257141113,,
9150,1.9070860147476196,0.6950000000000001,-3.427604913711548,,
9200,4.963156223297119,0.6933333333333334,-2.549668550491333,,
9250,2.552824020385742,0.6916666666666667,-1.685522198677063,,
9300,6.384860992431641,0.69,-3.6740076541900635,,
9350,2.0197701454162598,0.6883333333333334,-2.451629877090454,,
9400,3.9422175884246826,0.6866666666666666,-2.0620615482330322,,
9450,1.5868233442306519,0.685,-3.5315396785736084,,
9500,5.098043918609619,0.6833333333333333,-2.547421932220459,,
9550,3.2594261169433594,0.6816666666666666,-2.7855474948883057,,
9600,2.8434512615203857,0.6799999999999999,-3.015212297439575,,
9650,4.201976299285889,0.6783333333333333,-2.274707078933716,,
9700,1.5844095945358276,0.6766666666666667,-2.367391586303711,,
9750,3.802806854248047,0.675,-3.0621254444122314,,
9800,1.9961767196655273,0.6733333333333333,-1.6806515455245972,,
9850,2.7809064388275146,0.6716666666666666,-3.0613203048706055,,
9900,4.547117710113525,0.6699999999999999,-3.3762168884277344,,
9950,4.924133777618408,0.6683333333333333,-2.405696153640747,,
10000,2.2931010723114014,0.6666666666666667,-2.103304624557495,,
10050,5.705453872680664,0.665,-2.429309129714966,,
10100,2.7537944316864014,0.6633333333333333,-1.8126282691955566,,
10150,2.160006523132324,0.6616666666666666,-1.8190299272537231,,
10200,3.6067190170288086,0.6599999999999999,-2.9029147624969482,,
10250,5.549718379974365,0.6583333333333333,-3.103605031967163,,
10300,7.258920192718506,0.6566666666666667,-3.1252920627593994,,
10350,6.6660003662109375,0.655,-2.865732431411743,,
10400,2.479971170425415,0.6533333333333333,-2.502847671508789,,
10450,6.483348369598389,0.6516666666666666,-3.148935317993164,,
10500,4.978529453277588,0.65,-2.9472265243530273,,
10550,2.801830291748047,0.6483333333333333,-2.4513537883758545,,
10600,5.020511150360107,0.6466666666666667,-3.5567893981933594,,
10650,4.810372352600098,0.645,-3.6417553424835205,,
10700,2.5800893306732178,0.6433333333333333,-2.5443012714385986,,
10750,1.892362117767334,0.6416666666666666,-3.149582862854004,,
10800,5.312903881072998,0.64,-3.193593740463257,,
10850,4.723480224609375,0.6383333333333333,-2.40803599357605,,
10900,2.9972286224365234,0.6366666666666667,-3.323845624923706,,
10950,3.1093037128448486,0.635,-2.378420352935791,,
11000,5.533379077911377,0.6333333333333333,-2.2438578605651855,,
11050,3.46462345123291,0.6316666666666666,-3.8824462890625,,
11100,3.867377996444702,0.63,-2.8755509853363037,,
11150,6.814914703369141,0.6283333333333334,-3.2917606830596924,,
11200,1.8654584884643555,0.6266666666666667,-2.261924982070923,,
11250,4.9217705726623535,0.625,-2.615394353866577,,
11300,4.2545247077941895,0.6233333333333333,-2.2224340438842773,,
11350,3.6723759174346924,0.6216666666666666,-1.7840105295181274,,
11400,3.336580991744995,0.62,-4.421652793884277,,
11450,4.297578811645508,0.6183333333333334,-4.061914920806885,,
11500,3.1668529510498047,0.6166666666666667,-1.6662944555282593,,
11550,3.055088758468628,0.615,-3.3764429092407227,,
11600,2.5351765155792236,0.6133333333333333,-3.857025384902954,,
11650,3.858751058578491,0.6116666666666667,-3.0123178958892822,,
11700,0.7747923731803894,0.61,-1.024459958076477,,
11750,0.9803192615509033,0.6083333333333334,-1.480763554573059,,
11800,5.359765529632568,0.6066666666666667,-1.747728943824768,,
11850,6.2160420417785645,0.605,-3.459329843521118,,
11900,4.050113201141357,0.6033333333333333,-1.692074179649353,,
11950,7.031543254852295,0.6016666666666667,-1.6766659021377563,,
12000,6.937343120574951,0.6,-1.6956669092178345,,
12050,16.40730094909668,0.5983333333333334,-4.303058624267578,,
12100,5.116962432861328,0.5966666666666667,-1.6593537330627441,,
12150,3.48669695854187,0.595,-3.7364654541015625,,
12200,1.405615210533142,0.5933333333333333,-2.3282315731048584,,
12250,6.472894191741943,0.5916666666666667,-2.7655248641967773,,
12300,1.3110804557800293,0.5900000000000001,-1.6687192916870117,,
12350,2.237828493118286,0.5883333333333334,-1.9603990316390991,,
12400,2.213284969329834,0.5866666666666667,-2.222928285598755,,
12450,1.6982392072677612,0.585,-1.8974055051803589,,
12500,5.603637218475342,0.5833333333333333,-3.5652503967285156,,
12550,4.7008891105651855,0.5816666666666667,-3.7032625675201416,,
12600,3.1278860569000244,0.5800000000000001,-3.060903787612915,,
12650,4.256892681121826,0.5783333333333334,-2.3715152740478516,,
12700,2.9061567783355713,0.5766666666666667,-1.3371883630752563,,
12750,12.227714538574219,0.575,-3.5733115673065186,,
12800,4.972071170806885,0.5733333333333333,-3.1593410968780518,,
12850,2.2595832347869873,0.5716666666666667,-1.838821291923523,,
12900,2.8833510875701904,0.5700000000000001,-2.155545473098755,,
12950,3.53894305229187,0.5683333333333334,-2.8326079845428467,,
13000,6.653870105743408,0.5666666666666667,-3.071807622909546,,
13050,5.50085973739624,0.565,-3.5561749935150146,,
13100,6.504917621612549,0.5633333333333334,-1.983132004737854,,
13150,5.698863983154297,0.5616666666666666,-2.058515787124634,,
13200,5.33596658706665,0.56,-1.6997618675231934,,
13250,12.354474067687988,0.5583333333333333,-4.356052398681641,,
13300,4.918323993682861,0.5566666666666666,-1.9402104616165161,,
13350,9.568499565124512,0.5549999999999999,-2.9243199825286865,,
13400,6.267619609832764,0.5533333333333333,-2.9071216583251953,,
13450,3.755632162094116,0.5516666666666667,-1.4523879289627075,,
13500,1.6493897438049316,0.55,-1.89254891872406,,
13550,5.2180562019348145,0.5483333333333333,-2.4975152015686035,,
13600,6.306499481201172,0.5466666666666666,-2.561155319213867,,
13650,11.068836212158203,0.5449999999999999,-2.604578733444214,,
13700,4.61230993270874,0.5433333333333333,-2.5313689708709717,,
13750,10.117131233215332,0.5416666666666667,-2.708664655685425,,
13800,6.41536283493042,0.54,-2.171621799468994,,
13850,7.434886932373047,0.5383333333333333,-1.5766559839248657,,
13900,1.9193741083145142,0.5366666666666666,-3.205918550491333,,
13950,9.39794921875,0.5349999999999999,-4.117242336273193,,
14000,8.711256980895996,0.5333333333333333,-2.1030197143554688,,
14050,2.1519153118133545,0.5316666666666667,-3.1728286743164062,,
14100,2.759861946105957,0.53,-2.39241623878479,,
14150,5.004655838012695,0.5283333333333333,-1.3629926443099976,,
14200,6.30958366394043,0.5266666666666666,-2.756239175796509,,
14250,7.702591419219971,0.525,-2.40057110786438,,
14300,3.318366050720215,0.5233333333333333,-3.445500612258911,,
14350,1.9350175857543945,0.5216666666666667,-1.4292525053024292,,
14400,3.974050521850586,0.52,-1.74185311794281,,
14450,9.747527122497559,0.5183333333333333,-3.0884406566619873,,
14500,3.314626932144165,0.5166666666666666,-2.304229736328125,,
14550,5.559915065765381,0.515,-3.069018602371216,,
14600,4.526947498321533,0.5133333333333333,-2.1494264602661133,,
14650,3.8882856369018555,0.5116666666666667,-1.6750645637512207,,
14700,5.481996536254883,0.51,-2.14151930809021,,
14750,9.14372730255127,0.5083333333333333,-2.419335126876831,,
14800,7.8866286277771,0.5066666666666666,-3.4964187145233154,,
14850,4.634037494659424,0.505,-2.724717378616333,,
14900,4.847440242767334,0.5033333333333334,-3.151655912399292,,
14950,2.479309320449829,0.5016666666666667,-2.940903425216675,,
15000,3.0646188259124756,0.5,-2.416637420654297,,
15050,2.1384947299957275,0.4983333333333333,-2.19036865234375,,
15100,1.8099092245101929,0.4966666666666667,-2.770915985107422,,
15150,3.576909065246582,0.495,-3.903899908065796,,
15200,2.9709579944610596,0.4933333333333333,-3.1795947551727295,,
15250,9.122483253479004,0.4916666666666667,-4.155648231506348,,
15300,2.52738618850708,0.49,-1.6013907194137573,,
15350,1.226591944694519,0.4883333333333333,-2.9153759479522705,,
15400,3.3597676753997803,0.4866666666666667,-3.1624763011932373,,
15450,5.976047039031982,0.485,-2.66239857673645,,
15500,7.659917831420898,0.4833333333333333,-3.67826771736145,,
15550,6.449465274810791,0.4816666666666667,-3.4576244354248047,,
15600,5.015187740325928,0.48,-3.295652389526367,,
15650,3.6018002033233643,0.4783333333333334,-3.0359020233154297,,
15700,0.9299464225769043,0.4766666666666667,-2.2583603858947754,,
15750,5.82824182510376,0.475,-1.8536081314086914,,
15800,1.3959856033325195,0.4733333333333334,-1.820786476135254,,
15850,5.987453937530518,0.4716666666666667,-2.9783060550689697,,
15900,9.127802848815918,0.47,-1.7378894090652466,,
15950,3.807772636413574,0.4683333333333334,-1.729056715965271,,
16000,2.9743568897247314,0.4666666666666667,-3.7947232723236084,,
16050,3.825309991836548,0.46499999999999997,-2.893308401107788,,
16100,0.7958773970603943,0.4633333333333334,-2.5375688076019287,,
16150,1.971964955329895,0.46166666666666667,-1.8623285293579102,,
16200,4.285134315490723,0.45999999999999996,-2.6297225952148438,,
16250,4.938815593719482,0.45833333333333337,-2.11293625831604,,
16300,5.1637725830078125,0.45666666666666667,-2.6543033123016357,,
16350,3.845578193664551,0.45499999999999996,-2.972162961959839,,
16400,1.452746033668518,0.45333333333333337,-2.456622362136841,,
16450,7.128579616546631,0.45166666666666666,-2.949629545211792,,
16500,1.9755219221115112,0.44999999999999996,-1.8543070554733276,,
16550,2.8182928562164307,0.44833333333333336,-2.6741409301757812,,
16600,3.6299238204956055,0.44666666666666666,-2.3079981803894043,,
16650,2.236340284347534,0.44499999999999995,-2.849505662918091,,
16700,3.6913022994995117,0.44333333333333336,-3.3190414905548096,,
16750,5.189849853515625,0.44166666666666665,-2.489187240600586,,
16800,4.867558002471924,0.43999999999999995,-3.154993772506714,,
16850,1.4440540075302124,0.43833333333333335,-2.6249074935913086,,
16900,5.598608493804932,0.43666666666666665,-3.445568799972534,,
16950,6.41339111328125,0.43500000000000005,-2.876570701599121,,
17000,10.928404808044434,0.43333333333333335,-3.204144239425659,,
17050,2.410449504852295,0.43166666666666664,-2.689735174179077,,
17100,1.8053230047225952,0.43000000000000005,-1.2397361993789673,,
17150,4.518576145172119,0.42833333333333334,-1.954116940498352,,
17200,5.00741720199585,0.42666666666666664,-3.1261043548583984,,
17250,0.6270214915275574,0.42500000000000004,-2.923938035964966,,
17300,2.7665138244628906,0.42333333333333334,-2.166544198989868,,
17350,7.134134769439697,0.42166666666666663,-3.6730458736419678,,
17400,3.937739610671997,0.42000000000000004,-2.478999137878418,,
17450,5.385599613189697,0.41833333333333333,-2.7352654933929443,,
17500,7.542991638183594,0.41666666666666663,-3.72125506401062,,
17550,2.2858808040618896,0.41500000000000004,-1.7004680633544922,,
17600,3.4159040451049805,0.41333333333333333,-2.2076194286346436,,
17650,2.244894504547119,0.4116666666666666,-4.061557769775391,,
17700,5.701010227203369,0.41000000000000003,-2.4340133666992188,,
17750,1.6856671571731567,0.4083333333333333,-2.646181344985962,,
17800,2.126969337463379,0.4066666666666666,-2.5169529914855957,,
17850,1.7045501470565796,0.405,-2.599172353744507,,
17900,3.439316749572754,0.4033333333333333,-3.2971315383911133,,
17950,0.568192720413208,0.4016666666666666,-2.505488395690918,,
18000,3.0607306957244873,0.4,-2.1786346435546875,,
18050,2.202965021133423,0.3983333333333333,-2.6983864307403564,,
18100,1.7795534133911133,0.3966666666666666,-3.8196451663970947,,
18150,2.285123109817505,0.395,-2.1582131385803223,,
18200,3.8713443279266357,0.3933333333333333,-3.8313541412353516,,
18250,3.7458086013793945,0.3916666666666667,-2.624768018722534,,
18300,3.124321937561035,0.39,-3.2834548950195312,,
18350,1.2552238702774048,0.3883333333333333,-2.1304421424865723,,
18400,17.416345596313477,0.3866666666666667,-3.623995542526245,,
18450,10.602639198303223,0.385,-3.2643253803253174,,
18500,4.119344711303711,0.3833333333333333,-3.0945703983306885,,
18550,3.3836610317230225,0.3816666666666667,-2.2288756370544434,,
18600,6.678709506988525,0.38,-3.0266635417938232,,
18650,3.3632259368896484,0.3783333333333333,-2.565697431564331,,
18700,8.638721466064453,0.3766666666666667,-2.945406198501587,,
18750,1.5261796712875366,0.375,-3.30816912651062,,
18800,1.8936163187026978,0.3733333333333333,-2.6792914867401123,,
18850,4.981932640075684,0.3716666666666667,-3.2086145877838135,,
18900,7.475244045257568,0.37,-2.9210002422332764,,
18950,3.509037733078003,0.3683333333333333,-1.899091362953186,,
19000,0.7002520561218262,0.3666666666666667,-1.672965168952942,,
19050,0.98647540807724,0.365,-2.717127799987793,,
19100,5.649810314178467,0.3633333333333333,-2.8548085689544678,,
19150,1.0070866346359253,0.3616666666666667,-1.5063294172286987,,
19200,11.49144458770752,0.36,-3.7225894927978516,,
19250,5.794116497039795,0.3583333333333333,-4.1883864402771,,
19300,3.247257947921753,0.3566666666666667,-2.014448404312134,,
19350,4.202526092529297,0.355,-3.342425584793091,,
19400,2.1448094844818115,0.3533333333333334,-1.8258498907089233,,
19450,2.9742934703826904,0.3516666666666667,-3.143427610397339,,
19500,6.420590877532959,0.35,-3.0437076091766357,,
19550,6.770503997802734,0.3483333333333334,-2.5950863361358643,,
19600,5.105432033538818,0.3466666666666667,-5.291516304016113,,
19650,4.93339729309082,0.345,-2.7242701053619385,,
19700,2.85099720954895,0.3433333333333334,-3.1250951290130615,,
19750,2.15653920173645,0.3416666666666667,-2.0546557903289795,,
19800,4.37821626663208,0.33999999999999997,-3.720174551010132,,
19850,3.929745674133301,0.3383333333333334,-3.1336774826049805,,
19900,8.770357131958008,0.33666666666666667,-3.0521271228790283,,
19950,3.2456884384155273,0.33499999999999996,-2.4106156826019287,,
20000,9.709673881530762,0.33333333333333337,-3.3528249263763428,,
20050,3.3594319820404053,0.33166666666666667,-4.1383442878723145,,
20100,4.6179633140563965,0.32999999999999996,-2.2002360820770264,,
20150,0.8051510453224182,0.32833333333333337,-3.588984727859497,,
20200,1.8423008918762207,0.32666666666666666,-4.911596298217773,,
20250,2.20497727394104,0.32499999999999996,-2.7698745727539062,,
20300,4.842726230621338,0.32333333333333336,-3.0932605266571045,,
20350,6.77208948135376,0.32166666666666666,-2.631007671356201,,
20400,3.1761910915374756,0.31999999999999995,-2.665893793106079,,
20450,2.07790207862854,0.31833333333333336,-2.92120099067688,,
20500,1.628252625465393,0.31666666666666665,-1.8963927030563354,,
20550,4.962193965911865,0.31499999999999995,-2.771244764328003,,
20600,3.0594418048858643,0.31333333333333335,-3.594714879989624,,
20650,4.831684589385986,0.31166666666666665,-3.6704492568969727,,
20700,4.274199962615967,0.31000000000000005,-3.724766731262207,,
20750,7.440329074859619,0.30833333333333335,-3.585901975631714,,
20800,3.380608320236206,0.30666666666666664,-3.197983980178833,,
20850,2.554211378097534,0.30500000000000005,-2.353691816329956,,
20900,1.872468113899231,0.30333333333333334,-2.7342941761016846,,
20950,2.551628351211548,0.30166666666666664,-5.807732105255127,,
21000,4.473609447479248,0.30000000000000004,-4.4197773933410645,,
21050,1.5475835800170898,0.29833333333333334,-4.398073673248291,,
21100,4.812544345855713,0.29666666666666663,-3.4062347412109375,,
21150,7.4442572593688965,0.29500000000000004,-3.7612133026123047,,
21200,13.20952320098877,0.29333333333333333,-3.97640061378479,,
21250,12.577347755432129,0.29166666666666663,-3.387465238571167,,
21300,3.796851396560669,0.29000000000000004,-3.283848762512207,,
21350,6.100362777709961,0.28833333333333333,-5.294467449188232,,
21400,3.3304967880249023,0.2866666666666666,-3.7155473232269287,,
21450,3.852736234664917,0.28500000000000003,-2.561100959777832,,
21500,3.796603202819824,0.2833333333333333,-3.5232250690460205,,
21550,4.101797580718994,0.2816666666666666,-2.410539388656616,,
21600,6.438605785369873,0.28,-2.5180604457855225,,
21650,4.585000514984131,0.2783333333333333,-3.239474058151245,,
21700,3.895751953125,0.2766666666666666,-2.7559263706207275,,
21750,7.43228006362915,0.275,-3.1328065395355225,,
21800,8.638278007507324,0.2733333333333333,-2.8662421703338623,,
21850,6.368302822113037,0.2716666666666666,-3.451159715652466,,
21900,0.9589186310768127,0.27,-3.271573305130005,,
21950,6.005855560302734,0.2683333333333333,-3.0251119136810303,,
22000,2.1880500316619873,0.2666666666666667,-4.0611724853515625,,
22050,9.569058418273926,0.265,-4.199543476104736,,
22100,5.832080364227295,0.2633333333333333,-3.4137258529663086,,
22150,2.32939076423645,0.2616666666666667,-3.0307559967041016,,
22200,1.3152881860733032,0.26,-3.3549039363861084,,
22250,5.31403112411499,0.2583333333333333,-3.359934091567993,,
22300,7.410280227661133,0.2566666666666667,-3.592512369155884,,
22350,2.2919743061065674,0.255,-3.0821783542633057,,
22400,1.5973061323165894,0.2533333333333333,-3.789255380630493,,
22450,9.39221477508545,0.2516666666666667,-2.4534170627593994,,
22500,0.5363367199897766,0.25,-2.360779285430908,,
22550,10.422969818115234,0.2483333333333333,-3.3653697967529297,,
22600,14.146720886230469,0.2466666666666667,-4.423301696777344,,
22650,3.229642152786255,0.245,-3.3680191040039062,,
22700,3.5678012371063232,0.2433333333333333,-3.8297719955444336,,
22750,17.251142501831055,0.2416666666666667,-3.418159246444702,,
22800,5.848634719848633,0.24,-3.7082338333129883,,
22850,0.895505964756012,0.23833333333333329,-3.1994199752807617,,
22900,6.442959308624268,0.2366666666666667,-4.209553241729736,,
22950,6.556263446807861,0.235,-4.211679935455322,,
23000,6.136846542358398,0.23333333333333328,-2.572638750076294,,
23050,6.50186014175415,0.2316666666666667,-2.7130565643310547,,
23100,1.8567733764648438,0.22999999999999998,-3.2076549530029297,,
23150,3.5951614379882812,0.2283333333333334,-2.573071241378784,,
23200,2.989140272140503,0.22666666666666668,-4.229454517364502,,
23250,5.052015781402588,0.22499999999999998,-2.144690752029419,,
23300,2.3146157264709473,0.22333333333333338,-3.3908615112304688,,
23350,6.997862339019775,0.22166666666666668,-3.671705484390259,,
23400,5.666489124298096,0.21999999999999997,-3.147540807723999,,
23450,5.7918877601623535,0.21833333333333338,-4.826415538787842,,
23500,8.73255729675293,0.21666666666666667,-4.1698784828186035,,
23550,3.9788897037506104,0.21499999999999997,-3.6264665126800537,,
23600,6.270224094390869,0.21333333333333337,-3.655658483505249,,
23650,8.646851539611816,0.21166666666666667,-4.31654167175293,,
23700,5.068600654602051,0.20999999999999996,-3.0378687381744385,,
23750,1.4456297159194946,0.20833333333333337,-2.968890428543091,,
23800,2.850543260574341,0.20666666666666667,-4.593398094177246,,
23850,7.260903835296631,0.20499999999999996,-3.5201308727264404,,
23900,5.149570465087891,0.20333333333333337,-3.8812811374664307,,
23950,1.8984647989273071,0.20166666666666666,-2.181164264678955,,
24000,5.11228084564209,0.19999999999999996,-3.3329107761383057,,
24050,3.3038957118988037,0.19833333333333336,-4.2878193855285645,,
24100,2.1672065258026123,0.19666666666666666,-3.51857590675354,,
24150,0.9880204200744629,0.19499999999999995,-3.5979692935943604,,
24200,8.408968925476074,0.19333333333333336,-3.6975862979888916,,
24250,1.7093086242675781,0.19166666666666665,-3.4544026851654053,,
24300,2.8507978916168213,0.18999999999999995,-4.6690521240234375,,
24350,4.681873798370361,0.18833333333333335,-4.081981182098389,,
24400,4.997284412384033,0.18666666666666665,-3.33560848236084,,
24450,9.318307876586914,0.18500000000000005,-3.6945908069610596,,
24500,2.3871138095855713,0.18333333333333335,-3.471543073654175,,
24550,9.085036277770996,0.18166666666666664,-4.228631019592285,,
24600,0.9483239650726318,0.18000000000000005,-3.079965353012085,,
24650,8.483760833740234,0.17833333333333334,-4.790195941925049,,
24700,3.8925886154174805,0.17666666666666664,-3.5392467975616455,,
24750,2.979982376098633,0.17500000000000004,-3.3359947204589844,,
24800,1.155234932899475,0.17333333333333334,-3.9469776153564453,,
24850,4.975240230560303,0.17166666666666663,-4.100783348083496,,
24900,9.607182502746582,0.17000000000000004,-5.34981107711792,,
24950,6.884918689727783,0.16833333333333333,-4.470363140106201,,
25000,3.4555695056915283,0.16666666666666663,-3.2781007289886475,-1.0346809775875974,37.333333333333336
25050,2.0211966037750244,0.16500000000000004,-3.577582597732544,,
25100,9.653748512268066,0.16333333333333333,-3.84590220451355,,
25150,0.6610856652259827,0.16166666666666663,-2.347196102142334,,
25200,2.1625194549560547,0.16000000000000003,-3.385035276412964,,
25250,1.4296551942825317,0.15833333333333333,-3.3367621898651123,,
25300,4.83681058883667,0.15666666666666662,-3.4401895999908447,,
25350,3.913501739501953,0.15500000000000003,-4.388144493103027,,
25400,1.1442490816116333,0.15333333333333332,-3.4292967319488525,,
25450,3.5441837310791016,0.15166666666666662,-2.823270797729492,,
25500,2.8057796955108643,0.15000000000000002,-4.095817565917969,,
25550,6.986678600311279,0.14833333333333332,-4.915493488311768,,
25600,4.543410778045654,0.1466666666666666,-3.9860317707061768,,
25650,0.8526508808135986,0.14500000000000002,-3.6479456424713135,,
25700,13.012935638427734,0.1433333333333333,-3.4829394817352295,,
25750,2.5261571407318115,0.14166666666666672,-3.872797966003418,,
25800,6.1170501708984375,0.14,-4.200066566467285,,
25850,6.400552749633789,0.1383333333333333,-2.888601303100586,,
25900,1.7186217308044434,0.13666666666666671,-4.755089282989502,,
25950,3.382411241531372,0.135,-4.196132659912109,,
26000,1.9753751754760742,0.1333333333333333,-3.9032957553863525,,
26050,5.642752170562744,0.1316666666666667,-4.29721212387085,,
26100,8.250664710998535,0.13,-4.377646446228027,,
26150,2.86977481842041,0.1283333333333333,-5.438920974731445,,
26200,4.469783306121826,0.1266666666666667,-4.452784061431885,,
26250,8.282421112060547,0.125,-4.811227798461914,,
26300,5.5274977684021,0.1233333333333333,-4.191822528839111,,
26350,5.064587116241455,0.1216666666666667,-3.7270352840423584,,
26400,1.1749709844589233,0.12,-4.986415863037109,,
26450,2.411668062210083,0.11833333333333329,-4.607670783996582,,
26500,5.854034900665283,0.1166666666666667,-3.8000640869140625,,
26550,4.954431056976318,0.11499999999999999,-3.6162662506103516,,
26600,12.315899848937988,0.11333333333333329,-4.758634090423584,,
26650,15.166552543640137,0.11166666666666669,-4.258233070373535,,
26700,8.579554557800293,0.10999999999999999,-3.5327060222625732,,
26750,10.10013198852539,0.10833333333333328,-6.263342380523682,,
26800,10.737343788146973,0.10666666666666669,-5.679943561553955,,
26850,7.947542667388916,0.10499999999999998,-5.68256950378418,,
26900,22.683425903320312,0.10333333333333339,-5.360593795776367,,
26950,1.1865159273147583,0.10166666666666668,-3.017620801925659,,
27000,1.0499118566513062,0.09999999999999998,-4.810898303985596,,
27050,7.9133124351501465,0.09833333333333338,-3.8353874683380127,,
27100,5.932791233062744,0.09666666666666668,-4.457568645477295,,
27150,14.324798583984375,0.09499999999999997,-4.471990585327148,,
27200,3.5130679607391357,0.09333333333333338,-3.668523073196411,,
27250,28.835556030273438,0.09166666666666667,-6.966844081878662,,
27300,9.82421588897705,0.08999999999999997,-4.562370777130127,,
27350,3.565622091293335,0.08833333333333337,-4.278270244598389,,
27400,9.274032592773438,0.08666666666666667,-5.477240085601807,,
27450,1.2858089208602905,0.08499999999999996,-4.655777454376221,,
27500,3.814124345779419,0.08333333333333337,-4.076843738555908,,
27550,7.907382965087891,0.08166666666666667,-3.2944958209991455,,
27600,8.714096069335938,0.07999999999999996,-3.930769681930542,,
27650,1.6288172006607056,0.07833333333333337,-5.144568920135498,,
27700,6.625307559967041,0.07666666666666666,-5.764570713043213,,
27750,7.075877666473389,0.07499999999999996,-5.561228275299072,,
27800,6.265207767486572,0.07333333333333336,-4.687028884887695,,
27850,7.52691125869751,0.07166666666666666,-4.656551837921143,,
27900,4.764149188995361,0.06999999999999995,-3.1089534759521484,,
27950,3.286926031112671,0.06833333333333336,-3.9445369243621826,,
28000,1.228243112564087,0.06666666666666665,-4.519809246063232,,
28050,1.2091022729873657,0.06499999999999995,-4.936023712158203,,
28100,7.133409023284912,0.06333333333333335,-4.97936487197876,,
28150,7.677340030670166,0.06166666666666665,-4.763978481292725,,
28200,7.141355514526367,0.06000000000000005,-4.8469367027282715,,
28250,3.455775499343872,0.05833333333333335,-4.236030578613281,,
28300,14.27878475189209,0.05666666666666664,-4.228221893310547,,
28350,4.061605453491211,0.05500000000000005,-4.3874053955078125,,
28400,7.383141040802002,0.053333333333333344,-3.383460760116577,,
28450,5.1840620040893555,0.05166666666666664,-4.727022171020508,,
28500,1.2466529607772827,0.050000000000000044,-4.724227428436279,,
28550,4.564612865447998,0.05,-4.8665595054626465,,
28600,4.741039276123047,0.05,-3.5744593143463135,,
28650,5.041038990020752,0.05,-4.00187873840332,,
28700,1.2044240236282349,0.05,-4.440004348754883,,
28750,4.677585601806641,0.05,-5.336972713470459,,
28800,8.920599937438965,0.05,-4.424936294555664,,
28850,9.73973560333252,0.05,-5.454928874969482,,
28900,6.2113165855407715,0.05,-5.646697521209717,,
28950,14.46373462677002,0.05,-5.247392177581787,,
29000,1.986794352531433,0.05,-3.420745611190796,,
29050,5.334959030151367,0.05,-5.943706512451172,,
29100,1.6929636001586914,0.05,-3.010444402694702,,
29150,8.815542221069336,0.05,-4.973596096038818,,
29200,7.372867584228516,0.05,-2.683603048324585,,
29250,7.5706305503845215,0.05,-3.656170606613159,,
29300,7.1157355308532715,0.05,-5.131560802459717,,
29350,18.897863388061523,0.05,-4.217459201812744,,
29400,18.022165298461914,0.05,-5.016959190368652,,
29450,7.991971969604492,0.05,-5.028713226318359,,
29500,1.9018144607543945,0.05,-3.1662967205047607,,
29550,9.901416778564453,0.05,-5.102694988250732,,
29600,2.2783143520355225,0.05,-3.789914846420288,,
29650,7.497304916381836,0.05,-5.295252323150635,,
29700,0.7114107608795166,0.05,-4.009318828582764,,
29750,3.8994953632354736,0.05,-6.283951282501221,,
29800,5.550836563110352,0.05,-4.0703253746032715,,
29850,6.688379287719727,0.05,-5.221798419952393,,
29900,9.221317291259766,0.05,-5.854913234710693,,
29950,2.3789875507354736,0.05,-4.02625036239624,,
30000,1.2160898447036743,0.05,-4.783401012420654,,
30050,13.792166709899902,0.05,-6.9176788330078125,,
30100,10.84958267211914,0.05,-4.46326208114624,,
30150,12.295921325683594,0.05,-4.662559509277344,,
30200,16.892431259155273,0.05,-4.693369388580322,,
30250,3.8586905002593994,0.05,-5.040465354919434,,
30300,9.039495468139648,0.05,-3.761693239212036,,
30350,4.022985458374023,0.05,-4.6239333152771,,
30400,7.025335788726807,0.05,-4.459503650665283,,
30450,5.025328159332275,0.05,-5.253170013427734,,
30500,12.593417167663574,0.05,-4.43919038772583,,
30550,11.48224925994873,0.05,-4.915250301361084,,
30600,4.370609283447266,0.05,-4.815406799316406,,
30650,2.1191658973693848,0.05,-5.702583312988281,,
30700,1.2339650392532349,0.05,-3.620208501815796,,
30750,0.9794631600379944,0.05,-4.591561794281006,,
30800,5.223595142364502,0.05,-3.7114295959472656,,
30850,4.440589904785156,0.05,-3.251875638961792,,
30900,4.78331184387207,0.05,-4.131417274475098,,
30950,14.303543090820312,0.05,-6.065112590789795,,
31000,7.196906566619873,0.05,-5.028448104858398,,
31050,6.453828811645508,0.05,-5.286924362182617,,
31100,3.459848403930664,0.05,-3.4577267169952393,,
31150,6.827545642852783,0.05,-6.250309467315674,,
31200,5.627147674560547,0.05,-3.3974668979644775,,
31250,8.815638542175293,0.05,-5.344963550567627,,
31300,8.68295955657959,0.05,-5.513089656829834,,
31350,28.546567916870117,0.05,-5.5861592292785645,,
31400,23.142858505249023,0.05,-3.902007818222046,,
31450,6.0959930419921875,0.05,-6.032201290130615,,
31500,4.046188831329346,0.05,-5.238697528839111,,
31550,1.291509985923767,0.05,-4.42063570022583,,
31600,6.697088718414307,0.05,-3.8631820678710938,,
31650,2.229985475540161,0.05,-5.0522027015686035,,
31700,17.918222427368164,0.05,-4.3940253257751465,,
31750,8.044647216796875,0.05,-6.022417068481445,,
31800,11.420432090759277,0.05,-4.711503982543945,,
31850,5.1335906982421875,0.05,-4.928979873657227,,
31900,10.798419952392578,0.05,-5.653269290924072,,
31950,40.2362174987793,0.05,-5.650146484375,,
32000,2.6308343410491943,0.05,-4.8581223487854,,
32050,8.847291946411133,0.05,-4.216444969177246,,
32100,27.241823196411133,0.05,-5.464992046356201,,
32150,4.493969440460205,0.05,-5.656544208526611,,
32200,18.086336135864258,0.05,-7.739193439483643,,
32250,27.450838088989258,0.05,-7.402498245239258,,
32300,0.8001707196235657,0.05,-3.950054883956909,,
32350,16.530309677124023,0.05,-4.916942119598389,,
32400,5.059222221374512,0.05,-5.541619777679443,,
32450,17.299999237060547,0.05,-5.265883922576904,,
32500,14.237992286682129,0.05,-5.604005813598633,,
32550,9.458755493164062,0.05,-5.929264545440674,,
32600,8.76569938659668,0.05,-4.926080703735352,,
32650,15.042799949645996,0.05,-5.267970561981201,,
32700,12.905291557312012,0.05,-5.2501540184021,,
32750,9.011042594909668,0.05,-4.543303966522217,,
32800,6.265113353729248,0.05,-4.640735149383545,,
32850,15.622391700744629,0.05,-5.813440322875977,,
32900,11.022708892822266,0.05,-5.163701057434082,,
32950,10.903881072998047,0.05,-5.763735294342041,,
33000,7.265542507171631,0.05,-4.204680919647217,,
33050,0.7491742968559265,0.05,-3.513068914413452,,
33100,2.904048204421997,0.05,-2.886357307434082,,
33150,12.216358184814453,0.05,-5.963490962982178,,
33200,4.815070152282715,0.05,-3.7083775997161865,,
33250,14.824009895324707,0.05,-5.7069926261901855,,
33300,3.9474618434906006,0.05,-3.6626861095428467,,
33350,7.417410373687744,0.05,-6.298080921173096,,
33400,12.476275444030762,0.05,-5.132546901702881,,
33450,2.009363889694214,0.05,-5.60023832321167,,
33500,23.004915237426758,0.05,-5.968721389770508,,
33550,18.918615341186523,0.05,-4.581624507904053,,
33600,4.859095573425293,0.05,-5.467202663421631,,
33650,17.655858993530273,0.05,-4.4307942390441895,,
33700,9.937862396240234,0.05,-6.60639762878418,,
33750,20.137502670288086,0.05,-7.2482590675354,,
33800,9.837800025939941,0.05,-5.763207912445068,,
33850,17.56107521057129,0.05,-4.804425239562988,,
33900,10.341729164123535,0.05,-3.9625327587127686,,
33950,3.6616621017456055,0.05,-3.548463821411133,,
34000,15.19979476928711,0.05,-5.213092803955078,,
34050,10.3252534866333,0.05,-4.882267475128174,,
34100,11.943363189697266,0.05,-7.533031463623047,,
34150,4.94140100479126,0.05,-4.906530380249023,,
34200,12.761653900146484,0.05,-6.2099175453186035,,
34250,15.233222007751465,0.05,-4.608295917510986,,
34300,6.3276848793029785,0.05,-4.051412105560303,,
34350,9.922224998474121,0.05,-6.190130233764648,,
34400,1.614587426185608,0.05,-6.472316741943359,,
34450,2.72004771232605,0.05,-4.934861183166504,,
34500,6.522064208984375,0.05,-5.446535110473633,,
34550,28.955482482910156,0.05,-7.713654041290283,,
34600,22.892797470092773,0.05,-6.697840213775635,,
34650,15.016547203063965,0.05,-5.389469623565674,,
34700,1.9544018507003784,0.05,-3.866931676864624,,
34750,8.957610130310059,0.05,-5.260409832000732,,
34800,11.516952514648438,0.05,-3.7516658306121826,,
34850,1.346624732017517,0.05,-3.1375415325164795,,
34900,3.6150166988372803,0.05,-4.796350002288818,,
34950,1.6990457773208618,0.05,-5.211045742034912,,
35000,11.152989387512207,0.05,-5.148658275604248,,
35050,9.317931175231934,0.05,-5.891166687011719,,
35100,2.501589059829712,0.05,-4.635311126708984,,
35150,9.91561222076416,0.05,-5.561298370361328,,
35200,2.3843657970428467,0.05,-4.073981285095215,,
35250,3.0778379440307617,0.05,-6.8531107902526855,,
35300,21.485017776489258,0.05,-6.441796779632568,,
35350,3.4827945232391357,0.05,-3.5940752029418945,,
35400,13.109119415283203,0.05,-4.04530668258667,,
35450,15.903094291687012,0.05,-5.0865912437438965,,
35500,3.010983467102051,0.05,-5.786660671234131,,
35550,6.70734167098999,0.05,-5.298321723937988,,
35600,7.504980087280273,0.05,-5.649566173553467,,
35650,16.03302001953125,0.05,-5.550779819488525,,
35700,1.5419740676879883,0.05,-5.640024185180664,,
35750,2.5755228996276855,0.05,-4.879506587982178,,
35800,5.317250728607178,0.05,-4.349076747894287,,
35850,3.957660675048828,0.05,-6.603599548339844,,
35900,1.8410210609436035,0.05,-5.38493537902832,,
35950,15.614470481872559,0.05,-5.570379734039307,,
36000,3.9621944427490234,0.05,-3.7858803272247314,,
36050,17.611806869506836,0.05,-5.173882007598877,,
36100,13.631743431091309,0.05,-5.065898418426514,,
36150,0.7798278331756592,0.05,-3.35964035987854,,
36200,26.722063064575195,0.05,-6.38915491104126,,
36250,7.571191787719727,0.05,-3.3749005794525146,,
36300,6.205179214477539,0.05,-5.973665714263916,,
36350,1.7685937881469727,0.05,-6.12237548828125,,
36400,16.198217391967773,0.05,-5.066076755523682,,
36450,13.245697021484375,0.05,-5.991475582122803,,
36500,2.285222053527832,0.05,-4.817081928253174,,
36550,13.172248840332031,0.05,-5.160727024078369,,
36600,1.5936042070388794,0.05,-6.765004634857178,,
36650,4.299210071563721,0.05,-3.873753786087036,,
36700,7.238064289093018,0.05,-7.682746410369873,,
36750,10.048065185546875,0.05,-5.45670747756958,,
36800,6.325380325317383,0.05,-4.350723743438721,,
36850,23.564176559448242,0.05,-5.1031060218811035,,
36900,3.438768148422241,0.05,-6.083978176116943,,
36950,11.650961875915527,0.05,-4.1363959312438965,,
37000,11.836234092712402,0.05,-5.577455520629883,,
37050,11.504329681396484,0.05,-5.580729961395264,,
37100,3.813528060913086,0.05,-4.351641654968262,,
37150,24.42124366760254,0.05,-7.087042331695557,,
37200,8.142958641052246,0.05,-5.36782693862915,,
37250,26.722503662109375,0.05,-6.103958606719971,,
37300,0.4215567111968994,0.05,-4.186913013458252,,
37350,3.455498456954956,0.05,-6.982147216796875,,
37400,15.08187484741211,0.05,-4.217236042022705,,
37450,6.071604251861572,0.05,-4.656113147735596,,
37500,5.106618881225586,0.05,-6.524169445037842,,
37550,0.791968047618866,0.05,-3.8759238719940186,,
37600,6.4745354652404785,0.05,-6.883224964141846,,
37650,4.9263105392456055,0.05,-4.813978672027588,,
37700,6.517995834350586,0.05,-5.580216884613037,,
37750,5.541431427001953,0.05,-5.365478038787842,,
37800,9.455485343933105,0.05,-5.751290798187256,,
37850,4.438504695892334,0.05,-5.941402912139893,,
37900,2.146012783050537,0.05,-4.484865188598633,,
37950,4.999112606048584,0.05,-3.8760907649993896,,
38000,0.667024552822113,0.05,-5.3064727783203125,,
38050,10.286378860473633,0.05,-5.199230194091797,,
38100,33.17898941040039,0.05,-7.3691840171813965,,
38150,8.574444770812988,0.05,-4.8737568855285645,,
38200,17.21425437927246,0.05,-5.451504230499268,,
38250,3.1424920558929443,0.05,-4.618037700653076,,
38300,20.492422103881836,0.05,-6.598062992095947,,
38350,1.4985536336898804,0.05,-6.047796726226807,,
38400,7.057958126068115,0.05,-5.57753324508667,,
38450,13.074994087219238,0.05,-5.605125904083252,,
38500,5.865477085113525,0.05,-6.330079555511475,,
38550,9.537751197814941,0.05,-5.781667709350586,,
38600,1.6671713590621948,0.05,-5.205280780792236,,
38650,11.49204158782959,0.05,-5.816294193267822,,
38700,13.828335762023926,0.05,-5.596908092498779,,
38750,3.3556509017944336,0.05,-5.366424083709717,,
38800,11.768004417419434,0.05,-6.218883991241455,,
38850,2.830916166305542,0.05,-4.967911243438721,,
38900,1.3279467821121216,0.05,-4.34882926940918,,
38950,8.451818466186523,0.05,-5.611902713775635,,
39000,1.1754350662231445,0.05,-4.939162254333496,,
39050,9.792885780334473,0.05,-5.591129779815674,,
39100,4.714062690734863,0.05,-6.928473949432373,,
39150,13.90054702758789,0.05,-5.573855876922607,,
39200,18.61983299255371,0.05,-5.924274444580078,,
39250,6.684446811676025,0.05,-5.9227447509765625,,
39300,2.008361577987671,0.05,-6.548078536987305,,
39350,12.163138389587402,0.05,-5.455933094024658,,
39400,10.364241600036621,0.05,-5.6665825843811035,,
39450,15.93175983428955,0.05,-6.490318298339844,,
39500,7.0400567054748535,0.05,-4.006091594696045,,
39550,0.8299713730812073,0.05,-4.421337604522705,,
39600,4.115882396697998,0.05,-5.519376277923584,,
39650,4.501361846923828,0.05,-4.509363174438477,,
39700,8.996355056762695,0.05,-4.794760227203369,,
39750,2.3377654552459717,0.05,-4.939859390258789,,
39800,2.445756673812866,0.05,-4.644261837005615,,
39850,3.316160202026367,0.05,-5.423429489135742,,
39900,9.050715446472168,0.05,-6.133070468902588,,
39950,6.763767242431641,0.05,-5.012885093688965,,
40000,0.9485447406768799,0.05,-4.564721584320068,,
40050,16.104318618774414,0.05,-4.795215129852295,,
40100,8.033085823059082,0.05,-6.277712345123291,,
40150,16.811372756958008,0.05,-4.565806865692139,,
40200,0.7709429264068604,0.05,-4.515049457550049,,
40250,8.95760440826416,0.05,-5.238860130310059,,
40300,8.302647590637207,0.05,-5.676084995269775,,
40350,13.504223823547363,0.05,-5.152238368988037,,
40400,3.3256113529205322,0.05,-4.7972331047058105,,
40450,8.482905387878418,0.05,-5.705239772796631,,
40500,11.056902885437012,0.05,-5.347604751586914,,
40550,10.522357940673828,0.05,-6.751769542694092,,
40600,4.144645690917969,0.05,-5.96229887008667,,
40650,2.42706036567688,0.05,-4.7825703620910645,,
40700,0.732041597366333,0.05,-4.404287338256836,,
40750,12.470165252685547,0.05,-5.179118633270264,,
40800,0.989277184009552,0.05,-6.142389297485352,,
40850,5.369062900543213,0.05,-5.726760387420654,,
40900,5.124301433563232,0.05,-8.057933807373047,,
40950,6.124556064605713,0.05,-6.853634357452393,,
41000,9.416781425476074,0.05,-5.997588634490967,,
41050,13.135082244873047,0.05,-4.518792152404785,,
41100,5.258041858673096,0.05,-4.274018287658691,,
41150,1.651529312133789,0.05,-4.452512264251709,,
41200,3.1310665607452393,0.05,-4.7788519859313965,,
41250,7.211426258087158,0.05,-5.06924295425415,,
41300,8.884356498718262,0.05,-4.681621074676514,,
41350,0.3136153519153595,0.05,-4.57708215713501,,
41400,3.2923507690429688,0.05,-4.676310062408447,,
41450,7.562159061431885,0.05,-4.433793544769287,,
41500,1.2207344770431519,0.05,-5.6986918449401855,,
41550,1.8662792444229126,0.05,-5.062826156616211,,
41600,10.371129035949707,0.05,-4.776154041290283,,
41650,3.2223517894744873,0.05,-5.1902666091918945,,
41700,5.283453941345215,0.05,-4.240415573120117,,
41750,12.402689933776855,0.05,-4.771457672119141,,
41800,2.5687472820281982,0.05,-5.33641242980957,,
41850,3.496295928955078,0.05,-4.761984348297119,,
41900,7.903902053833008,0.05,-6.853278636932373,,
41950,4.211537837982178,0.05,-5.247124671936035,,
42000,4.346259117126465,0.05,-5.5477070808410645,,
42050,5.868553161621094,0.05,-5.071013450622559,,
42100,6.5947089195251465,0.05,-4.245161533355713,,
42150,8.58874225616455,0.05,-6.009933948516846,,
42200,0.7471198439598083,0.05,-4.502003192901611,,
42250,10.261399269104004,0.05,-4.7287774085998535,,
42300,2.22320556640625,0.05,-4.227987766265869,,
42350,10.05804443359375,0.05,-4.061324596405029,,
42400,1.7315473556518555,0.05,-6.981846332550049,,
42450,3.58945369720459,0.05,-4.731278896331787,,
42500,8.16850757598877,0.05,-4.848978519439697,,
42550,0.8591933846473694,0.05,-4.537927150726318,,
42600,11.944759368896484,0.05,-5.7788920402526855,,
42650,8.61327075958252,0.05,-5.871619701385498,,
42700,2.2130422592163086,0.05,-5.566720962524414,,
42750,20.335535049438477,0.05,-5.488132476806641,,
42800,4.981748104095459,0.05,-5.1431756019592285,,
42850,4.552450656890869,0.05,-6.574962139129639,,
42900,4.831862926483154,0.05,-6.660096645355225,,
42950,1.1471141576766968,0.05,-4.8264312744140625,,
43000,3.0006186962127686,0.05,-4.200183868408203,,
43050,13.55660343170166,0.05,-4.380154132843018,,
43100,11.992873191833496,0.05,-7.444120407104492,,
43150,13.033546447753906,0.05,-5.8727593421936035,,
43200,11.746235847473145,0.05,-5.868485927581787,,
43250,5.848569393157959,0.05,-5.497781276702881,,
43300,3.3531980514526367,0.05,-4.697830677032471,,
43350,10.312254905700684,0.05,-6.3202223777771,,
43400,19.66701316833496,0.05,-5.748607635498047,,
43450,7.400537014007568,0.05,-5.334224700927734,,
43500,5.259155750274658,0.05,-6.921525478363037,,
43550,1.3662291765213013,0.05,-5.664213180541992,,
43600,9.070944786071777,0.05,-8.086546897888184,,
43650,1.0953274965286255,0.05,-5.817570209503174,,
43700,6.998279571533203,0.05,-5.223014831542969,,
43750,7.568166732788086,0.05,-6.308804035186768,,
43800,10.798077583312988,0.05,-5.3872528076171875,,
43850,11.994037628173828,0.05,-7.242537021636963,,
43900,7.0233154296875,0.05,-7.103712558746338,,
43950,3.500279426574707,0.05,-5.9175591468811035,,
44000,11.85431957244873,0.05,-6.832767486572266,,
44050,10.713292121887207,0.05,-6.549828052520752,,
44100,3.2250595092773438,0.05,-6.5407257080078125,,
44150,19.362106323242188,0.05,-8.140215873718262,,
44200,4.366870880126953,0.05,-4.645446300506592,,
44250,20.249738693237305,0.05,-8.20659351348877,,
44300,10.022141456604004,0.05,-6.704204082489014,,
44350,10.369990348815918,0.05,-7.21820068359375,,
44400,4.5748677253723145,0.05,-5.826063632965088,,
44450,14.530787467956543,0.05,-6.572772979736328,,
44500,4.883499622344971,0.05,-5.659994125366211,,
44550,5.224135398864746,0.05,-5.650598526000977,,
44600,12.400277137756348,0.05,-6.2480902671813965,,
44650,1.6423145532608032,0.05,-7.057973861694336,,
44700,1.3729206323623657,0.05,-5.741770267486572,,
44750,16.20911407470703,0.05,-8.604479789733887,,
44800,17.781633377075195,0.05,-6.058583736419678,,
44850,5.519221782684326,0.05,-6.406339168548584,,
44900,11.49878215789795,0.05,-5.698690414428711,,
44950,3.5921437740325928,0.05,-6.456668853759766,,
45000,7.6049933433532715,0.05,-5.813992023468018,,
45050,1.0657501220703125,0.05,-5.144254207611084,,
45100,13.389975547790527,0.05,-5.579189777374268,,
45150,5.6272053718566895,0.05,-5.096911907196045,,
45200,13.270611763000488,0.05,-6.324308395385742,,
45250,9.987711906433105,0.05,-6.27001953125,,
45300,13.865123748779297,0.05,-6.819680690765381,,
45350,6.534549713134766,0.05,-5.25563383102417,,
45400,3.7656824588775635,0.05,-5.4263482093811035,,
45450,3.422121286392212,0.05,-6.383057117462158,,
45500,14.942272186279297,0.05,-6.576138973236084,,
45550,3.8083133697509766,0.05,-5.642730236053467,,
45600,4.658567905426025,0.05,-5.930104732513428,,
45650,2.1220667362213135,0.05,-5.9372687339782715,,
45700,9.550772666931152,0.05,-7.056456089019775,,
45750,12.716090202331543,0.05,-6.608336925506592,,
45800,6.639505386352539,0.05,-4.538639068603516,,
45850,2.8058559894561768,0.05,-5.172046184539795,,
45900,11.15657901763916,0.05,-6.427742004394531,,
45950,19.658052444458008,0.05,-6.3160271644592285,,
46000,8.803150177001953,0.05,-6.83834981918335,,
46050,5.765681743621826,0.05,-4.3660993576049805,,
46100,0.7362570762634277,0.05,-5.728803634643555,,
46150,2.4903533458709717,0.05,-5.340213775634766,,
46200,0.3325657248497009,0.05,-6.134437561035156,,
46250,7.123800754547119,0.05,-6.750478744506836,,
46300,1.8139747381210327,0.05,-6.706773281097412,,
46350,7.038920879364014,0.05,-6.186363220214844,,
46400,4.495219707489014,0.05,-7.478970050811768,,
46450,3.0972607135772705,0.05,-5.071734428405762,,
46500,16.57212257385254,0.05,-6.973421573638916,,
46550,5.848229885101318,0.05,-6.184928894042969,,
46600,5.4158172607421875,0.05,-5.698848247528076,,
46650,8.484894752502441,0.05,-5.961951732635498,,
46700,9.783421516418457,0.05,-7.927862644195557,,
46750,14.793883323669434,0.05,-6.397705554962158,,
46800,7.799875736236572,0.05,-8.337327003479004,,
46850,10.130694389343262,0.05,-6.167210102081299,,
46900,8.332551956176758,0.05,-5.604586124420166,,
46950,15.315402030944824,0.05,-5.518033981323242,,
47000,7.972342014312744,0.05,-7.416027545928955,,
47050,7.783223628997803,0.05,-6.362631320953369,,
47100,5.90958833694458,0.05,-7.387119293212891,,
47150,17.27443504333496,0.05,-5.931027889251709,,
47200,7.053924560546875,0.05,-6.117581844329834,,
47250,17.03282356262207,0.05,-7.3677592277526855,,
47300,14.654852867126465,0.05,-4.158341884613037,,
47350,3.020582914352417,0.05,-5.871156692504883,,
47400,18.92058563232422,0.05,-7.630993366241455,,
47450,27.824974060058594,0.05,-7.928077697753906,,
47500,12.147857666015625,0.05,-7.462448596954346,,
47550,0.8949411511421204,0.05,-6.266279697418213,,
47600,17.283090591430664,0.05,-5.058516502380371,,
47650,3.9682233333587646,0.05,-9.782477378845215,,
47700,22.065832138061523,0.05,-6.670560359954834,,
47750,8.408916473388672,0.05,-7.432251453399658,,
47800,17.30280876159668,0.05,-7.929035186767578,,
47850,2.0574004650115967,0.05,-6.859636306762695,,
47900,5.693702220916748,0.05,-5.322046279907227,,
47950,3.4965009689331055,0.05,-6.039981842041016,,
48000,7.951542377471924,0.05,-6.861928939819336,,
48050,3.751304864883423,0.05,-7.588855266571045,,
48100,1.216431736946106,0.05,-5.358293533325195,,
48150,15.185580253601074,0.05,-4.956639766693115,,
48200,8.049995422363281,0.05,-4.913591384887695,,
48250,15.934062004089355,0.05,-6.210437297821045,,
48300,12.126846313476562,0.05,-6.362218856811523,,
48350,16.5810489654541,0.05,-6.518713474273682,,
48400,0.5835921764373779,0.05,-4.66661262512207,,
48450,3.304450750350952,0.05,-5.63991117477417,,
48500,13.578606605529785,0.05,-7.003864765167236,,
48550,1.455493450164795,0.05,-5.816474914550781,,
48600,3.6833717823028564,0.05,-6.6135711669921875,,
48650,0.8368275165557861,0.05,-6.491544723510742,,
48700,3.5189590454101562,0.05,-6.640712738037109,,
48750,1.3604049682617188,0.05,-6.818077564239502,,
48800,9.521178245544434,0.05,-7.778811931610107,,
48850,5.798168659210205,0.05,-6.515529632568359,,
48900,19.55601692199707,0.05,-4.963256359100342,,
48950,1.0492597818374634,0.05,-6.717252254486084,,
49000,24.08855628967285,0.05,-6.191328048706055,,
49050,4.809756755828857,0.05,-8.075151443481445,,
49100,6.4017653465271,0.05,-7.917797565460205,,
49150,7.761829376220703,0.05,-6.436296463012695,,
49200,4.862771034240723,0.05,-6.450850009918213,,
49250,15.106246948242188,0.05,-7.418729305267334,,
49300,0.9990432858467102,0.05,-6.31726598739624,,
49350,16.890682220458984,0.05,-7.271677494049072,,
49400,4.170507907867432,0.05,-4.843245029449463,,
49450,9.733864784240723,0.05,-6.199799060821533,,
49500,18.0952091217041,0.05,-6.839822292327881,,
49550,1.6887205839157104,0.05,-5.994396209716797,,
49600,16.471017837524414,0.05,-6.675529956817627,,
49650,31.41809844970703,0.05,-9.090066909790039,,
49700,1.7196458578109741,0.05,-7.257358074188232,,
49750,30.19373321533203,0.05,-8.81529712677002,,
49800,2.3363935947418213,0.05,-5.528511047363281,,
49850,26.182723999023438,0.05,-8.352442741394043,,
49900,12.145495414733887,0.05,-6.075387954711914,,
49950,20.469507217407227,0.05,-6.411436557769775,,
50000,9.709383964538574,0.05,-7.5234856605529785,-0.5765297559551954,32.26666666666666
50050,15.460175514221191,0.05,-8.969202041625977,,
50100,8.017708778381348,0.05,-7.052209377288818,,
50150,5.426975250244141,0.05,-6.622444152832031,,
50200,9.065569877624512,0.05,-7.119302272796631,,
50250,0.8457762598991394,0.05,-6.481100082397461,,
50300,28.159677505493164,0.05,-8.937193870544434,,
50350,22.686471939086914,0.05,-7.161792755126953,,
50400,21.447738647460938,0.05,-7.708805084228516,,
50450,20.860200881958008,0.05,-9.084699630737305,,
50500,11.052031517028809,0.05,-8.90809154510498,,
50550,3.0481507778167725,0.05,-7.118181228637695,,
50600,7.686967849731445,0.05,-6.1948466300964355,,
50650,10.734081268310547,0.05,-5.994946002960205,,
50700,17.93402671813965,0.05,-5.954671382904053,,
50750,10.365523338317871,0.05,-6.507814884185791,,
50800,6.737823963165283,0.05,-7.3288726806640625,,
50850,13.1331787109375,0.05,-6.897557735443115,,
50900,7.20475959777832,0.05,-5.896183490753174,,
50950,5.69749641418457,0.05,-7.255222797393799,,
51000,14.563948631286621,0.05,-7.259841442108154,,
51050,8.846770286560059,0.05,-9.014351844787598,,
51100,1.8097931146621704,0.05,-5.778904438018799,,
51150,18.92287254333496,0.05,-7.909875392913818,,
51200,6.419097423553467,0.05,-5.520638942718506,,
51250,4.570096492767334,0.05,-7.478021144866943,,
51300,3.7476699352264404,0.05,-7.567676544189453,,
51350,15.319077491760254,0.05,-6.67079496383667,,
51400,10.121180534362793,0.05,-6.091597080230713,,
51450,3.4832375049591064,0.05,-7.9140944480896,,
51500,13.815892219543457,0.05,-6.963708400726318,,
51550,10.042518615722656,0.05,-7.539300441741943,,
51600,6.388425350189209,0.05,-7.526661396026611,,
51650,5.376708507537842,0.05,-7.233675003051758,,
51700,10.2305326461792,0.05,-6.609661102294922,,
51750,3.598668098449707,0.05,-6.816493988037109,,
51800,4.161182403564453,0.05,-6.470771789550781,,
51850,5.559540271759033,0.05,-6.209157466888428,,
51900,3.7007739543914795,0.05,-6.913326263427734,,
51950,0.5689234137535095,0.05,-6.634527683258057,,
52000,4.455911159515381,0.05,-7.393886089324951,,
52050,0.21390946209430695,0.05,-5.708806991577148,,
52100,7.985569000244141,0.05,-7.998329162597656,,
52150,12.61241626739502,0.05,-7.23701810836792,,
52200,14.419661521911621,0.05,-6.837113857269287,,
52250,6.802368640899658,0.05,-7.041367053985596,,
52300,3.822423219680786,0.05,-7.2824788093566895,,
52350,6.5828680992126465,0.05,-6.569981098175049,,
52400,10.093724250793457,0.05,-7.5083489418029785,,
52450,10.742207527160645,0.05,-7.775999546051025,,
52500,13.93015193939209,0.05,-7.185001373291016,,
52550,4.68773889541626,0.05,-5.6387457847595215,,
52600,6.737372875213623,0.05,-5.9441142082214355,,
52650,18.163488388061523,0.05,-6.809911727905273,,
52700,2.4894442558288574,0.05,-6.725382328033447,,
52750,12.711159706115723,0.05,-8.484230995178223,,
52800,10.189278602600098,0.05,-6.289066314697266,,
52850,7.111757278442383,0.05,-6.256307125091553,,
52900,6.204654216766357,0.05,-7.3429718017578125,,
52950,1.8759164810180664,0.05,-6.279208660125732,,
53000,12.424320220947266,0.05,-6.167801380157471,,
53050,4.947261333465576,0.05,-6.635382175445557,,
53100,13.11719799041748,0.05,-5.836202144622803,,
53150,1.6220989227294922,0.05,-5.172430038452148,,
53200,3.982248544692993,0.05,-7.133106708526611,,
53250,1.5637518167495728,0.05,-6.8278350830078125,,
53300,6.2970099449157715,0.05,-7.295833110809326,,
53350,1.5659513473510742,0.05,-6.546803951263428,,
53400,5.891803741455078,0.05,-6.499532699584961,,
53450,2.878913164138794,0.05,-6.90295934677124,,
53500,9.638699531555176,0.05,-7.3979172706604,,
53550,6.873509883880615,0.05,-6.37519645690918,,
53600,11.433239936828613,0.05,-6.787113189697266,,
53650,16.580686569213867,0.05,-7.338470458984375,,
53700,17.32906150817871,0.05,-6.849306583404541,,
53750,2.126232862472534,0.05,-6.285256862640381,,
53800,10.491284370422363,0.05,-6.325459957122803,,
53850,1.4246411323547363,0.05,-6.067958354949951,,
53900,3.3648431301116943,0.05,-6.2231125831604,,
53950,3.132627487182617,0.05,-6.082653522491455,,
54000,11.905842781066895,0.05,-7.30933141708374,,
54050,11.07226848602295,0.05,-6.2918171882629395,,
54100,13.690730094909668,0.05,-5.5455708503723145,,
54150,13.348954200744629,0.05,-7.925772190093994,,
54200,3.1502459049224854,0.05,-6.383787631988525,,
54250,18.398393630981445,0.05,-7.1180100440979,,
54300,17.049142837524414,0.05,-6.918724536895752,,
54350,13.55424976348877,0.05,-7.269405841827393,,
54400,16.493059158325195,0.05,-6.580596446990967,,
54450,1.0719075202941895,0.05,-6.299497604370117,,
54500,13.792438507080078,0.05,-6.698561191558838,,
54550,6.596869945526123,0.05,-7.440254211425781,,
54600,18.56385612487793,0.05,-6.492389678955078,,
54650,6.353227138519287,0.05,-7.009802341461182,,
54700,4.5352091789245605,0.05,-6.480867385864258,,
54750,11.555522918701172,0.05,-6.885863780975342,,
54800,13.8773775100708,0.05,-8.460941314697266,,
54850,9.747467994689941,0.05,-8.333107948303223,,
54900,9.740947723388672,0.05,-7.3257927894592285,,
54950,1.845900535583496,0.05,-6.751993179321289,,
55000,18.064022064208984,0.05,-6.681055545806885,,
55050,5.201606273651123,0.05,-6.80718994140625,,
55100,26.13990020751953,0.05,-6.862864971160889,,
55150,2.696504592895508,0.05,-6.581393718719482,,
55200,12.528953552246094,0.05,-7.573657989501953,,
55250,5.991539001464844,0.05,-8.046980857849121,,
55300,1.017975091934204,0.05,-6.608165740966797,,
55350,19.01152229309082,0.05,-8.400885581970215,,
55400,17.023218154907227,0.05,-6.782637119293213,,
55450,1.4742487668991089,0.05,-6.555713653564453,,
55500,9.179207801818848,0.05,-7.060025691986084,,
55550,16.254253387451172,0.05,-6.348726749420166,,
55600,14.102005958557129,0.05,-8.407028198242188,,
55650,8.038483619689941,0.05,-7.348745822906494,,
55700,26.42974281311035,0.05,-9.225715637207031,,
55750,4.696415424346924,0.05,-9.700737953186035,,
55800,1.8629435300827026,0.05,-6.7856879234313965,,
55850,2.3352911472320557,0.05,-7.245625972747803,,
55900,5.292341232299805,0.05,-7.920623302459717,,
55950,3.491569757461548,0.05,-7.978431224822998,,
56000,8.401981353759766,0.05,-6.762083530426025,,
56050,3.907191276550293,0.05,-7.239704608917236,,
56100,10.704242706298828,0.05,-7.887508869171143,,
56150,22.12071418762207,0.05,-9.402182579040527,,
56200,2.5149786472320557,0.05,-6.639807224273682,,
56250,16.32817268371582,0.05,-6.513332843780518,,
56300,4.641393184661865,0.05,-7.120758056640625,,
56350,23.883583068847656,0.05,-8.258326530456543,,
56400,0.8264176249504089,0.05,-6.859005451202393,,
56450,11.413429260253906,0.05,-6.963362216949463,,
56500,8.611562728881836,0.05,-8.575142860412598,,
56550,25.390539169311523,0.05,-7.934190273284912,,
56600,6.917849063873291,0.05,-6.77992582321167,,
56650,1.2103757858276367,0.05,-6.924060344696045,,
56700,8.473994255065918,0.05,-7.194299697875977,,
56750,7.513063430786133,0.05,-6.4414520263671875,,
56800,7.187650203704834,0.05,-8.896281242370605,,
56850,1.66548490524292,0.05,-6.620187282562256,,
56900,14.106354713439941,0.05,-7.196651935577393,,
56950,1.5595136880874634,0.05,-8.724637031555176,,
57000,0.8459237217903137,0.05,-7.705587863922119,,
57050,28.692506790161133,0.05,-7.768413543701172,,
57100,6.92149019241333,0.05,-6.347007751464844,,
57150,15.67148208618164,0.05,-7.926384449005127,,
57200,18.876874923706055,0.05,-9.716815948486328,,
57250,15.492846488952637,0.05,-9.401745796203613,,
57300,16.239208221435547,0.05,-8.460213661193848,,
57350,26.902254104614258,0.05,-8.217560768127441,,
57400,13.00439739227295,0.05,-10.064642906188965,,
57450,11.717094421386719,0.05,-8.161328315734863,,
57500,17.630796432495117,0.05,-9.017377853393555,,
57550,22.456336975097656,0.05,-8.005120277404785,,
57600,8.34624195098877,0.05,-5.98311185836792,,
57650,1.0078378915786743,0.05,-6.6234002113342285,,
57700,15.076571464538574,0.05,-7.203164577484131,,
57750,5.304356575012207,0.05,-8.548222541809082,,
57800,20.288305282592773,0.05,-8.669419288635254,,
57850,12.166274070739746,0.05,-8.838171005249023,,
57900,15.123705863952637,0.05,-9.537333488464355,,
57950,6.342881679534912,0.05,-7.235498905181885,,
58000,14.426068305969238,0.05,-10.282108306884766,,
58050,8.691505432128906,0.05,-8.70927619934082,,
58100,25.37235450744629,0.05,-8.219857215881348,,
58150,2.3171675205230713,0.05,-7.68756628036499,,
58200,23.650747299194336,0.05,-8.41052532196045,,
58250,15.444012641906738,0.05,-8.373076438903809,,
58300,2.629565715789795,0.05,-7.21995210647583,,
58350,23.7238712310791,0.05,-10.069324493408203,,
58400,8.575058937072754,0.05,-7.348901271820068,,
58450,8.499762535095215,0.05,-8.759430885314941,,
58500,8.176119804382324,0.05,-6.822643280029297,,
58550,8.465960502624512,0.05,-7.502895355224609,,
58600,15.303295135498047,0.05,-9.26781177520752,,
58650,25.03999900817871,0.05,-9.275918960571289,,
58700,8.877705574035645,0.05,-7.29247522354126,,
58750,5.718568325042725,0.05,-8.74849796295166,,
58800,13.678824424743652,0.05,-8.635794639587402,,
58850,29.465604782104492,0.05,-9.28457260131836,,
58900,1.4492155313491821,0.05,-8.698695182800293,,
58950,4.6064653396606445,0.05,-8.289000511169434,,
59000,4.796818733215332,0.05,-8.384383201599121,,
59050,14.922855377197266,0.05,-8.472151756286621,,
59100,6.564074993133545,0.05,-8.137856483459473,,
59150,8.491019248962402,0.05,-7.5785369873046875,,
59200,2.821626663208008,0.05,-8.087640762329102,,
59250,7.304114818572998,0.05,-7.563877105712891,,
59300,19.312435150146484,0.05,-8.251460075378418,,
59350,26.409364700317383,0.05,-6.922184467315674,,
59400,2.0598254203796387,0.05,-6.505852222442627,,
59450,13.197693824768066,0.05,-7.5304718017578125,,
59500,1.9217523336410522,0.05,-7.513195514678955,,
59550,1.1010762453079224,0.05,-9.45067310333252,,
59600,8.6951322555542,0.05,-8.881932258605957,,
59650,9.663790702819824,0.05,-7.77491569519043,,
59700,22.18406867980957,0.05,-7.523316860198975,,
59750,2.1260597705841064,0.05,-7.751472473144531,,
59800,7.100462436676025,0.05,-8.14629077911377,,
59850,10.954806327819824,0.05,-9.05749225616455,,
59900,32.26106262207031,0.05,-10.333775520324707,,
59950,8.809767723083496,0.05,-6.973293781280518,,
60000,14.272624015808105,0.05,-7.9767069816589355,,
60050,11.278557777404785,0.05,-6.906459808349609,,
60100,13.58010196685791,0.05,-9.176604270935059,,
60150,27.437036514282227,0.05,-9.964345932006836,,
60200,21.179536819458008,0.05,-8.695137977600098,,
60250,13.721790313720703,0.05,-9.23107624053955,,
60300,14.721880912780762,0.05,-9.029879570007324,,
60350,4.359553813934326,0.05,-8.839905738830566,,
60400,13.341628074645996,0.05,-9.130681037902832,,
60450,9.96312427520752,0.05,-7.22785758972168,,
60500,2.200084686279297,0.05,-8.496499061584473,,
60550,19.802597045898438,0.05,-7.732906818389893,,
60600,0.7669722437858582,0.05,-7.504827499389648,,
60650,11.201347351074219,0.05,-8.596232414245605,,
60700,11.438311576843262,0.05,-7.053271770477295,,
60750,37.9890022277832,0.05,-8.50574016571045,,
60800,9.341177940368652,0.05,-7.790196895599365,,
60850,2.132685899734497,0.05,-9.681588172912598,,
60900,3.35685658454895,0.05,-7.301093578338623,,
60950,26.714765548706055,0.05,-7.71576452255249,,
61000,17.435575485229492,0.05,-7.700601577758789,,
61050,16.0485782623291,0.05,-7.9657063484191895,,
61100,9.187332153320312,0.05,-6.843387603759766,,
61150,21.294885635375977,0.05,-10.707298278808594,,
61200,3.474759101867676,0.05,-8.42626953125,,
61250,10.334988594055176,0.05,-7.300344944000244,,
61300,27.75257110595703,0.05,-8.324703216552734,,
61350,6.336299419403076,0.05,-8.561087608337402,,
61400,1.4395400285720825,0.05,-8.149260520935059,,
61450,13.882227897644043,0.05,-7.1114044189453125,,
61500,9.031014442443848,0.05,-8.477372169494629,,
61550,1.6157976388931274,0.05,-6.790971279144287,,
61600,12.436579704284668,0.05,-7.988523483276367,,
61650,11.311434745788574,0.05,-7.685970306396484,,
61700,1.6791133880615234,0.05,-7.924661159515381,,
61750,11.449226379394531,0.05,-7.871156215667725,,
61800,5.352030277252197,0.05,-6.892221927642822,,
61850,7.571241855621338,0.05,-9.032574653625488,,
61900,5.925203323364258,0.05,-8.274140357971191,,
61950,14.105670928955078,0.05,-10.768985748291016,,
62000,17.522220611572266,0.05,-8.326508522033691,,
62050,10.718148231506348,0.05,-6.746320724487305,,
62100,10.071532249450684,0.05,-9.02287769317627,,
62150,15.886570930480957,0.05,-8.220664024353027,,
62200,6.7051310539245605,0.05,-7.744086742401123,,
62250,10.851024627685547,0.05,-7.660484313964844,,
62300,7.925411224365234,0.05,-8.093287467956543,,
62350,1.9505558013916016,0.05,-7.87713623046875,,
62400,3.2536509037017822,0.05,-8.139114379882812,,
62450,5.221917152404785,0.05,-7.817742824554443,,
62500,13.081321716308594,0.05,-7.893398761749268,,
62550,10.564661979675293,0.05,-8.039410591125488,,
62600,1.9365211725234985,0.05,-7.536172389984131,,
62650,5.3224968910217285,0.05,-9.314250946044922,,
62700,23.970413208007812,0.05,-9.081844329833984,,
62750,17.272262573242188,0.05,-8.275341033935547,,
62800,7.746417999267578,0.05,-7.545316219329834,,
62850,0.9476492404937744,0.05,-7.535419464111328,,
62900,9.977136611938477,0.05,-8.869812965393066,,
62950,9.681589126586914,0.05,-6.6255202293396,,
63000,1.1926710605621338,0.05,-8.72657299041748,,
63050,6.247426509857178,0.05,-8.00863265991211,,
63100,6.17318868637085,0.05,-8.155964851379395,,
63150,9.688528060913086,0.05,-8.797272682189941,,
63200,7.7301483154296875,0.05,-6.996758937835693,,
63250,9.362533569335938,0.05,-7.6860432624816895,,
63300,29.962186813354492,0.05,-9.602202415466309,,
63350,15.368481636047363,0.05,-7.979700565338135,,
63400,9.93503189086914,0.05,-9.013565063476562,,
63450,10.500222206115723,0.05,-7.61639404296875,,
63500,14.056292533874512,0.05,-8.495810508728027,,
63550,2.7478315830230713,0.05,-6.639114856719971,,
63600,9.499488830566406,0.05,-8.05850887298584,,
63650,21.13016128540039,0.05,-8.749666213989258,,
63700,10.481379508972168,0.05,-8.09160041809082,,
63750,1.764235496520996,0.05,-7.76978874206543,,
63800,1.3459477424621582,0.05,-7.9088921546936035,,
63850,4.2483439445495605,0.05,-7.529653072357178,,
63900,6.4136061668396,0.05,-8.431816101074219,,
63950,2.4271233081817627,0.05,-9.041892051696777,,
64000,4.096600532531738,0.05,-7.630194187164307,,
64050,5.703527450561523,0.05,-7.972667217254639,,
64100,5.890531539916992,0.05,-9.399237632751465,,
64150,1.5167125463485718,0.05,-7.089944362640381,,
64200,5.797358989715576,0.05,-7.536020278930664,,
64250,9.24658489227295,0.05,-6.275004863739014,,
64300,7.607203960418701,0.05,-8.361166954040527,,
64350,15.939993858337402,0.05,-7.8802947998046875,,
64400,4.131808280944824,0.05,-8.501811981201172,,
64450,8.726600646972656,0.05,-9.194138526916504,,
64500,6.116735935211182,0.05,-9.305720329284668,,
64550,12.899345397949219,0.05,-9.024101257324219,,
64600,1.4179567098617554,0.05,-7.3289265632629395,,
64650,14.071520805358887,0.05,-8.75582504272461,,
64700,1.9171894788742065,0.05,-9.140519142150879,,
64750,2.193187713623047,0.05,-9.078824043273926,,
64800,6.534739017486572,0.05,-8.069220542907715,,
64850,13.747912406921387,0.05,-8.860276222229004,,
64900,12.668574333190918,0.05,-10.997309684753418,,
64950,21.968660354614258,0.05,-8.256296157836914,,
65000,25.186012268066406,0.05,-10.05582332611084,,
65050,25.278196334838867,0.05,-9.289860725402832,,
65100,7.981756687164307,0.05,-8.593923568725586,,
65150,12.458283424377441,0.05,-8.678937911987305,,
65200,6.603872299194336,0.05,-7.17107629776001,,
65250,19.887998580932617,0.05,-8.060012817382812,,
65300,30.7738094329834,0.05,-9.251506805419922,,
65350,3.724276542663574,0.05,-8.210491180419922,,
65400,2.1480636596679688,0.05,-7.342936038970947,,
65450,5.891786098480225,0.05,-8.820350646972656,,
65500,6.01977014541626,0.05,-8.592740058898926,,
65550,9.954779624938965,0.05,-10.14037036895752,,
65600,5.137118816375732,0.05,-7.401041030883789,,
65650,10.642298698425293,0.05,-9.515862464904785,,
65700,51.46834182739258,0.05,-10.226571083068848,,
65750,14.745155334472656,0.05,-8.191564559936523,,
65800,6.760138034820557,0.05,-7.64785623550415,,
65850,10.358222007751465,0.05,-7.966843128204346,,
65900,2.324317693710327,0.05,-7.053269863128662,,
65950,1.7641105651855469,0.05,-8.771013259887695,,
66000,6.321811676025391,0.05,-8.918798446655273,,
66050,3.4272348880767822,0.05,-9.73299503326416,,
66100,0.6040977835655212,0.05,-8.13819408416748,,
66150,8.609033584594727,0.05,-8.886096000671387,,
66200,17.70498275756836,0.05,-8.070788383483887,,
66250,17.05845832824707,0.05,-8.529361724853516,,
66300,13.342658996582031,0.05,-7.175807952880859,,
66350,6.955358028411865,0.05,-8.42567253112793,,
66400,11.454742431640625,0.05,-8.192910194396973,,
66450,6.868412017822266,0.05,-6.894384384155273,,
66500,15.736958503723145,0.05,-8.429308891296387,,
66550,7.432501316070557,0.05,-7.336103916168213,,
66600,5.403558254241943,0.05,-7.516028881072998,,
66650,19.20308494567871,0.05,-8.908783912658691,,
66700,15.033161163330078,0.05,-8.85869312286377,,
66750,7.188680648803711,0.05,-7.158653259277344,,
66800,8.795479774475098,0.05,-8.988113403320312,,
66850,13.427529335021973,0.05,-8.1799898147583,,
66900,19.548871994018555,0.05,-9.648669242858887,,
66950,2.172184705734253,0.05,-7.401939868927002,,
67000,7.726272106170654,0.05,-8.203038215637207,,
67050,18.077157974243164,0.05,-8.973055839538574,,
67100,12.792588233947754,0.05,-8.361458778381348,,
67150,10.478426933288574,0.05,-7.969430923461914,,
67200,1.0813547372817993,0.05,-8.118244171142578,,
67250,9.654319763183594,0.05,-7.721059322357178,,
67300,8.32686710357666,0.05,-10.191659927368164,,
67350,5.589889049530029,0.05,-7.952871322631836,,
67400,8.552071571350098,0.05,-9.977503776550293,,
67450,24.0004940032959,0.05,-9.834968566894531,,
67500,2.99177622795105,0.05,-8.162032127380371,,
67550,19.09903907775879,0.05,-8.709545135498047,,
67600,1.2763850688934326,0.05,-7.710262775421143,,
67650,0.8861756324768066,0.05,-7.304223537445068,,
67700,5.259183406829834,0.05,-8.217530250549316,,
67750,5.757981777191162,0.05,-7.977607727050781,,
67800,0.3402748107910156,0.05,-8.157628059387207,,
67850,7.755300998687744,0.05,-8.7130126953125,,
67900,6.1649909019470215,0.05,-8.100687980651855,,
67950,5.471848964691162,0.05,-8.085946083068848,,
68000,20.764915466308594,0.05,-10.810059547424316,,
68050,7.245777606964111,0.05,-8.650372505187988,,
68100,0.4765966832637787,0.05,-7.843982219696045,,
68150,9.769928932189941,0.05,-8.310340881347656,,
68200,11.861788749694824,0.05,-9.263278007507324,,
68250,27.99973487854004,0.05,-10.687397003173828,,
68300,5.924318313598633,0.05,-7.054402828216553,,
68350,10.813934326171875,0.05,-7.90645170211792,,
68400,7.261491298675537,0.05,-9.580007553100586,,
68450,12.258502006530762,0.05,-8.981825828552246,,
68500,15.874300956726074,0.05,-8.95077896118164,,
68550,10.999737739562988,0.05,-8.419808387756348,,
68600,1.3301762342453003,0.05,-8.948925971984863,,
68650,5.365278244018555,0.05,-7.978504180908203,,
68700,9.87651252746582,0.05,-7.986100673675537,,
68750,17.649621963500977,0.05,-8.916152954101562,,
68800,12.759578704833984,0.05,-8.958685874938965,,
68850,4.563024520874023,0.05,-8.287300109863281,,
68900,3.249553680419922,0.05,-7.621540546417236,,
68950,4.784298419952393,0.05,-9.736454010009766,,
69000,1.5246564149856567,0.05,-7.0776519775390625,,
69050,6.94234037399292,0.05,-9.060040473937988,,
69100,11.764552116394043,0.05,-7.595439434051514,,
69150,10.53884220123291,0.05,-8.430060386657715,,
69200,5.5379252433776855,0.05,-8.471025466918945,,
69250,5.699166774749756,0.05,-9.996611595153809,,
69300,4.6107964515686035,0.05,-8.782451629638672,,
69350,0.7365646958351135,0.05,-6.942081451416016,,
69400,0.8367509841918945,0.05,-6.466752529144287,,
69450,1.3658251762390137,0.05,-7.00109338760376,,
69500,5.265191555023193,0.05,-7.94708776473999,,
69550,8.5068941116333,0.05,-8.857993125915527,,
69600,6.961372375488281,0.05,-6.628849506378174,,
69650,9.466435432434082,0.05,-8.743376731872559,,
69700,9.174545288085938,0.05,-9.868205070495605,,
69750,8.11434555053711,0.05,-7.147724628448486,,
69800,2.3390145301818848,0.05,-8.030320167541504,,
69850,12.771592140197754,0.05,-8.590903282165527,,
69900,10.421672821044922,0.05,-9.252480506896973,,
69950,9.177756309509277,0.05,-7.894283771514893,,
70000,1.848047137260437,0.05,-7.876758575439453,,
70050,16.520299911499023,0.05,-8.674729347229004,,
70100,11.716334342956543,0.05,-7.325658321380615,,
70150,9.386032104492188,0.05,-9.256996154785156,,
70200,12.650822639465332,0.05,-8.360568046569824,,
70250,6.554323196411133,0.05,-7.941366195678711,,
70300,6.672088623046875,0.05,-7.762662410736084,,
70350,8.029440879821777,0.05,-10.202679634094238,,
70400,3.2860870361328125,0.05,-8.898526191711426,,
70450,4.37833833694458,0.05,-7.50949239730835,,
70500,8.013028144836426,0.05,-8.349661827087402,,
70550,10.835487365722656,0.05,-7.764573574066162,,
70600,2.0412604808807373,0.05,-7.847666263580322,,
70650,14.938522338867188,0.05,-9.144806861877441,,
70700,23.460256576538086,0.05,-8.276726722717285,,
70750,7.451436519622803,0.05,-8.71556568145752,,
70800,10.427062034606934,0.05,-9.333333969116211,,
70850,8.251790046691895,0.05,-8.439751625061035,,
70900,3.2157480716705322,0.05,-7.939298152923584,,
70950,12.355504035949707,0.05,-9.05980396270752,,
71000,1.72197687625885,0.05,-7.09445333480835,,
71050,1.669669508934021,0.05,-9.380658149719238,,
71100,0.8730923533439636,0.05,-6.972770690917969,,
71150,14.13254451751709,0.05,-8.034039497375488,,
71200,9.572181701660156,0.05,-7.384019374847412,,
71250,7.9358367919921875,0.05,-8.44480037689209,,
71300,14.047457695007324,0.05,-7.963895320892334,,
71350,17.35683250427246,0.05,-8.635733604431152,,
71400,10.505329132080078,0.05,-8.56809139251709,,
71450,9.706886291503906,0.05,-7.934654235839844,,
71500,8.042405128479004,0.05,-8.600174903869629,,
71550,3.976567029953003,0.05,-8.120100975036621,,
71600,4.799927711486816,0.05,-7.666468143463135,,
71650,4.919893264770508,0.05,-8.045178413391113,,
71700,10.184774398803711,0.05,-7.858025074005127,,
71750,4.6459503173828125,0.05,-10.251025199890137,,
71800,5.159255504608154,0.05,-8.343266487121582,,
71850,9.856230735778809,0.05,-8.047130584716797,,
71900,14.247142791748047,0.05,-9.5715970993042,,
71950,8.28622817993164,0.05,-9.715548515319824,,
72000,9.128682136535645,0.05,-8.695021629333496,,
72050,12.434857368469238,0.05,-10.783211708068848,,
72100,1.2247143983840942,0.05,-8.31109619140625,,
72150,6.160036087036133,0.05,-7.429363250732422,,
72200,13.221534729003906,0.05,-8.592437744140625,,
72250,7.267087936401367,0.05,-8.089167594909668,,
72300,18.69140625,0.05,-8.987993240356445,,
72350,1.5260530710220337,0.05,-7.333303451538086,,
72400,32.402374267578125,0.05,-10.84669017791748,,
72450,5.9552741050720215,0.05,-8.638197898864746,,
72500,5.620669841766357,0.05,-7.205336093902588,,
72550,1.8832560777664185,0.05,-9.626139640808105,,
72600,1.6790746450424194,0.05,-8.041914939880371,,
72650,5.9811625480651855,0.05,-8.496438026428223,,
72700,12.232256889343262,0.05,-8.532967567443848,,
72750,16.430458068847656,0.05,-9.99100112915039,,
72800,5.978076934814453,0.05,-8.07854175567627,,
72850,5.92440938949585,0.05,-8.120733261108398,,
72900,5.782438278198242,0.05,-9.172390937805176,,
72950,12.690444946289062,0.05,-8.467352867126465,,
73000,7.096857070922852,0.05,-7.700033664703369,,
73050,8.674846649169922,0.05,-9.209062576293945,,
73100,1.2225608825683594,0.05,-8.83149528503418,,
73150,17.508535385131836,0.05,-7.340366363525391,,
73200,1.437968373298645,0.05,-8.12851333618164,,
73250,2.864086151123047,0.05,-10.357338905334473,,
73300,2.084291696548462,0.05,-7.757363796234131,,
73350,13.697421073913574,0.05,-10.884166717529297,,
73400,24.39971160888672,0.05,-9.172914505004883,,
73450,7.347568035125732,0.05,-8.584031105041504,,
73500,10.159381866455078,0.05,-10.044943809509277,,
73550,1.786421298980713,0.05,-9.04749584197998,,
73600,8.293169975280762,0.05,-10.12281322479248,,
73650,21.814834594726562,0.05,-9.56812572479248,,
73700,9.324929237365723,0.05,-9.723810195922852,,
73750,10.299284934997559,0.05,-7.436404705047607,,
73800,0.7326280474662781,0.05,-9.771724700927734,,
73850,5.0018630027771,0.05,-8.965744972229004,,
73900,14.60815143585205,0.05,-10.233378410339355,,
73950,10.7191162109375,0.05,-9.163147926330566,,
74000,16.699899673461914,0.05,-9.561907768249512,,
74050,13.127301216125488,0.05,-8.374979972839355,,
74100,0.20376382768154144,0.05,-7.790676116943359,,
74150,9.336372375488281,0.05,-8.503443717956543,,
74200,2.4903719425201416,0.05,-8.821450233459473,,
74250,2.3261077404022217,0.05,-8.978554725646973,,
74300,4.640472888946533,0.05,-8.390483856201172,,
74350,1.795762062072754,0.05,-8.452099800109863,,
74400,12.04040241241455,0.05,-10.60577392578125,,
74450,6.881380558013916,0.05,-9.974045753479004,,
74500,14.543471336364746,0.05,-9.221271514892578,,
74550,9.836868286132812,0.05,-8.530181884765625,,
74600,8.308505058288574,0.05,-9.322784423828125,,
74650,7.54014778137207,0.05,-8.39234447479248,,
74700,2.279108762741089,0.05,-10.217394828796387,,
74750,4.304229259490967,0.05,-9.408455848693848,,
74800,0.2635429799556732,0.05,-8.770293235778809,,
74850,10.768492698669434,0.05,-9.071183204650879,,
74900,18.71200942993164,0.05,-8.233480453491211,,
74950,4.79049825668335,0.05,-9.226615905761719,,
75000,7.279885768890381,0.05,-8.784287452697754,-1.367330706468496,47.06666666666667
75050,17.869600296020508,0.05,-9.463640213012695,,
75100,1.2257661819458008,0.05,-8.32172966003418,,
75150,3.314774751663208,0.05,-9.288945198059082,,
75200,6.796604633331299,0.05,-9.79082202911377,,
75250,16.715110778808594,0.05,-9.409642219543457,,
75300,12.497147560119629,0.05,-8.757999420166016,,
75350,8.475907325744629,0.05,-8.690058708190918,,
75400,12.645295143127441,0.05,-9.53174877166748,,
75450,3.7901687622070312,0.05,-9.064888954162598,,
75500,7.091224670410156,0.05,-8.32275390625,,
75550,0.8257414698600769,0.05,-7.42204475402832,,
75600,9.54857349395752,0.05,-9.051182746887207,,
75650,7.321907043457031,0.05,-8.685734748840332,,
75700,12.808623313903809,0.05,-8.716172218322754,,
75750,14.637009620666504,0.05,-8.993720054626465,,
75800,4.064358234405518,0.05,-8.43149185180664,,
75850,1.7683931589126587,0.05,-8.100729942321777,,
75900,9.152142524719238,0.05,-9.4139986038208,,
75950,7.708358287811279,0.05,-9.87151050567627,,
76000,14.589791297912598,0.05,-9.622761726379395,,
76050,5.6936726570129395,0.05,-8.93647289276123,,
76100,9.609703063964844,0.05,-8.475723266601562,,
76150,4.3511738777160645,0.05,-9.400446891784668,,
76200,18.64392852783203,0.05,-9.51095962524414,,
76250,6.077921390533447,0.05,-9.092723846435547,,
76300,1.9862920045852661,0.05,-8.471717834472656,,
76350,0.8832897543907166,0.05,-7.886037826538086,,
76400,3.0236494541168213,0.05,-8.381327629089355,,
76450,2.7520110607147217,0.05,-8.23955249786377,,
76500,9.708399772644043,0.05,-8.985577583312988,,
76550,0.4312525689601898,0.05,-8.166492462158203,,
76600,8.672017097473145,0.05,-9.212190628051758,,
76650,1.5878753662109375,0.05,-8.96811580657959,,
76700,2.8704307079315186,0.05,-8.284407615661621,,
76750,1.6129894256591797,0.05,-8.024053573608398,,
76800,19.55036735534668,0.05,-8.411164283752441,,
76850,0.16573016345500946,0.05,-7.823202610015869,,
76900,1.1176921129226685,0.05,-7.930854320526123,,
76950,7.1688055992126465,0.05,-9.645658493041992,,
77000,9.722555160522461,0.05,-8.553110122680664,,
77050,5.543943881988525,0.05,-8.825023651123047,,
77100,1.5883326530456543,0.05,-7.832490921020508,,
77150,10.032898902893066,0.05,-8.158595085144043,,
77200,1.2183171510696411,0.05,-8.437315940856934,,
77250,6.757265567779541,0.05,-9.077695846557617,,
77300,7.568420886993408,0.05,-7.425975799560547,,
77350,8.650643348693848,0.05,-7.959584712982178,,
77400,3.4096434116363525,0.05,-8.97209644317627,,
77450,20.27396583557129,0.05,-10.288795471191406,,
77500,5.9998931884765625,0.05,-8.340361595153809,,
77550,5.09452486038208,0.05,-7.740299224853516,,
77600,9.020325660705566,0.05,-8.19417667388916,,
77650,2.981861114501953,0.05,-8.233688354492188,,
77700,3.9009170532226562,0.05,-8.030308723449707,,
77750,20.347612380981445,0.05,-7.993781566619873,,
77800,7.6785569190979,0.05,-7.582866191864014,,
77850,10.213595390319824,0.05,-8.429499626159668,,
77900,7.450486660003662,0.05,-8.239272117614746,,
77950,4.926952838897705,0.05,-8.061314582824707,,
78000,5.070959568023682,0.05,-8.89309024810791,,
78050,7.157812595367432,0.05,-8.305573463439941,,
78100,9.862070083618164,0.05,-8.413777351379395,,
78150,5.201376914978027,0.05,-10.043399810791016,,
78200,30.657068252563477,0.05,-9.340209007263184,,
78250,6.756584644317627,0.05,-8.352733612060547,,
78300,0.9855684638023376,0.05,-8.624251365661621,,
78350,14.696183204650879,0.05,-9.25423812866211,,
78400,18.907800674438477,0.05,-8.890765190124512,,
78450,16.427915573120117,0.05,-8.946742057800293,,
78500,3.7813336849212646,0.05,-8.853385925292969,,
78550,5.6733527183532715,0.05,-7.336729049682617,,
78600,11.086528778076172,0.05,-8.929805755615234,,
78650,9.04570484161377,0.05,-8.24022102355957,,
78700,2.266087293624878,0.05,-8.348490715026855,,
78750,5.2426958084106445,0.05,-7.538949489593506,,
78800,1.7029500007629395,0.05,-9.364395141601562,,
78850,8.24747085571289,0.05,-8.360272407531738,,
78900,3.2932631969451904,0.05,-8.016590118408203,,
78950,24.00102996826172,0.05,-8.170140266418457,,
79000,13.327445983886719,0.05,-8.00983715057373,,
79050,20.439373016357422,0.05,-8.298465728759766,,
79100,3.083285093307495,0.05,-9.691666603088379,,
79150,23.77332878112793,0.05,-9.1173677444458,,
79200,10.493985176086426,0.05,-8.790770530700684,,
79250,7.709494113922119,0.05,-8.066119194030762,,
79300,5.6236891746521,0.05,-6.966190814971924,,
79350,18.3839168548584,0.05,-7.551541805267334,,
79400,17.588186264038086,0.05,-8.646000862121582,,
79450,18.590444564819336,0.05,-8.572142601013184,,
79500,8.622540473937988,0.05,-6.929117202758789,,
79550,17.612642288208008,0.05,-7.239749431610107,,
79600,17.280899047851562,0.05,-7.617711544036865,,
79650,0.7977269291877747,0.05,-7.267892837524414,,
79700,5.130170822143555,0.05,-6.710771083831787,,
79750,2.7419068813323975,0.05,-7.906981945037842,,
79800,14.60965347290039,0.05,-8.445115089416504,,
79850,7.544885158538818,0.05,-8.858864784240723,,
79900,10.671648979187012,0.05,-8.892600059509277,,
79950,22.633405685424805,0.05,-8.794629096984863,,
80000,14.273292541503906,0.05,-7.054592132568359,,
80050,8.069836616516113,0.05,-7.313686370849609,,
80100,3.4011337757110596,0.05,-8.985916137695312,,
80150,0.920539915561676,0.05,-8.55510139465332,,
80200,0.5621302127838135,0.05,-8.366008758544922,,
80250,19.95737648010254,0.05,-7.742954254150391,,
80300,3.448892831802368,0.05,-10.461995124816895,,
80350,18.173948287963867,0.05,-9.503092765808105,,
80400,15.167681694030762,0.05,-9.741751670837402,,
80450,2.262545585632324,0.05,-7.961089611053467,,
80500,5.576160430908203,0.05,-9.498847007751465,,
80550,39.51395034790039,0.05,-9.451288223266602,,
80600,0.8193864226341248,0.05,-6.793916702270508,,
80650,15.772701263427734,0.05,-8.017827033996582,,
80700,9.41421890258789,0.05,-9.561095237731934,,
80750,10.11208724975586,0.05,-8.944462776184082,,
80800,2.6568210124969482,0.05,-8.286346435546875,,
80850,9.397953987121582,0.05,-7.3775153160095215,,
80900,8.83192253112793,0.05,-8.951142311096191,,
80950,3.1004791259765625,0.05,-9.134807586669922,,
81000,16.29960823059082,0.05,-9.127671241760254,,
81050,2.0232574939727783,0.05,-7.531192302703857,,
81100,5.561392307281494,0.05,-8.55915355682373,,
81150,24.82566261291504,0.05,-8.223503112792969,,
81200,1.9898709058761597,0.05,-8.393193244934082,,
81250,29.62456512451172,0.05,-10.525643348693848,,
81300,19.613414764404297,0.05,-10.306126594543457,,
81350,15.2454195022583,0.05,-9.274088859558105,,
81400,12.454291343688965,0.05,-8.2671480178833,,
81450,19.014019012451172,0.05,-8.203720092773438,,
81500,11.973422050476074,0.05,-7.425106048583984,,
81550,1.3056001663208008,0.05,-9.466673851013184,,
81600,5.762262344360352,0.05,-7.978794097900391,,
81650,1.3739128112792969,0.05,-8.853787422180176,,
81700,13.637901306152344,0.05,-10.006464004516602,,
81750,11.170547485351562,0.05,-7.5858306884765625,,
81800,43.207855224609375,0.05,-11.566088676452637,,
81850,23.4956111907959,0.05,-10.463056564331055,,
81900,14.370854377746582,0.05,-8.28879165649414,,
81950,0.6210625171661377,0.05,-6.90593147277832,,
82000,27.08306312561035,0.05,-9.339600563049316,,
82050,26.243080139160156,0.05,-11.00179672241211,,
82100,7.568631649017334,0.05,-9.285456657409668,,
82150,5.5015645027160645,0.05,-9.604207038879395,,
82200,12.573763847351074,0.05,-7.8157639503479,,
82250,12.510172843933105,0.05,-9.554722785949707,,
82300,1.252402901649475,0.05,-6.742216110229492,,
82350,12.974276542663574,0.05,-8.560381889343262,,
82400,9.187898635864258,0.05,-6.381307125091553,,
82450,29.25971794128418,0.05,-10.339759826660156,,
82500,10.31223201751709,0.05,-9.057270050048828,,
82550,10.265416145324707,0.05,-8.581414222717285,,
82600,1.0412514209747314,0.05,-9.302769660949707,,
82650,2.229417085647583,0.05,-8.05783748626709,,
82700,16.822919845581055,0.05,-9.850482940673828,,
82750,30.169404983520508,0.05,-8.858087539672852,,
82800,14.16243839263916,0.05,-9.193828582763672,,
82850,33.31706619262695,0.05,-10.285896301269531,,
82900,10.458208084106445,0.05,-7.503603458404541,,
82950,11.189423561096191,0.05,-8.159409523010254,,
83000,2.0935323238372803,0.05,-6.359071731567383,,
83050,13.317292213439941,0.05,-8.87265396118164,,
83100,4.770952224731445,0.05,-8.369383811950684,,
83150,20.100126266479492,0.05,-7.275805950164795,,
83200,1.442529559135437,0.05,-8.407563209533691,,
83250,10.862064361572266,0.05,-8.70958137512207,,
83300,13.339923858642578,0.05,-7.639843463897705,,
83350,6.353389739990234,0.05,-9.294604301452637,,
83400,3.6730544567108154,0.05,-9.54685115814209,,
83450,4.562377452850342,0.05,-9.178593635559082,,
83500,27.295379638671875,0.05,-8.244431495666504,,
83550,17.399572372436523,0.05,-9.3209228515625,,
83600,28.864524841308594,0.05,-9.259364128112793,,
83650,2.021436929702759,0.05,-8.790080070495605,,
83700,19.46759605407715,0.05,-11.403510093688965,,
83750,1.8500727415084839,0.05,-8.766932487487793,,
83800,24.452863693237305,0.05,-9.933634757995605,,
83850,9.073119163513184,0.05,-8.016103744506836,,
83900,18.960935592651367,0.05,-7.913818359375,,
83950,19.89858055114746,0.05,-8.486199378967285,,
84000,1.930497169494629,0.05,-7.450002193450928,,
84050,13.5047025680542,0.05,-8.63403034210205,,
84100,14.140331268310547,0.05,-7.360076904296875,,
84150,31.296188354492188,0.05,-9.208696365356445,,
84200,21.78432273864746,0.05,-9.567584037780762,,
84250,7.100830554962158,0.05,-8.99787425994873,,
84300,11.818340301513672,0.05,-7.418428897857666,,
84350,11.743367195129395,0.05,-9.966168403625488,,
84400,14.777655601501465,0.05,-8.899895668029785,,
84450,22.684389114379883,0.05,-9.804123878479004,,
84500,11.564640998840332,0.05,-9.722766876220703,,
84550,10.653999328613281,0.05,-9.560456275939941,,
84600,5.277971267700195,0.05,-8.799652099609375,,
84650,29.178022384643555,0.05,-9.996420860290527,,
84700,5.040774345397949,0.05,-12.150532722473145,,
84750,14.781768798828125,0.05,-9.996386528015137,,
84800,2.339437246322632,0.05,-7.149302005767822,,
84850,9.345268249511719,0.05,-9.555042266845703,,
84900,1.8478293418884277,0.05,-9.075005531311035,,
84950,5.877905368804932,0.05,-8.729377746582031,,
85000,14.237266540527344,0.05,-9.441651344299316,,
85050,11.142521858215332,0.05,-9.65657901763916,,
85100,3.1740944385528564,0.05,-10.509490966796875,,
85150,16.06329917907715,0.05,-8.04914379119873,,
85200,9.108942985534668,0.05,-9.457955360412598,,
85250,14.350176811218262,0.05,-8.574317932128906,,
85300,16.302885055541992,0.05,-10.7445707321167,,
85350,9.115094184875488,0.05,-9.52629566192627,,
85400,17.563718795776367,0.05,-8.164678573608398,,
85450,7.591407299041748,0.05,-9.358256340026855,,
85500,22.070465087890625,0.05,-9.929618835449219,,
85550,11.345091819763184,0.05,-8.32641315460205,,
85600,10.01624584197998,0.05,-10.61076545715332,,
85650,5.760679721832275,0.05,-10.237820625305176,,
85700,13.44250202178955,0.05,-9.233263969421387,,
85750,0.8818017840385437,0.05,-7.655918121337891,,
85800,1.8330820798873901,0.05,-8.852489471435547,,
85850,1.354286789894104,0.05,-8.931994438171387,,
85900,12.8043851852417,0.05,-9.86886215209961,,
85950,41.38002395629883,0.05,-10.004631996154785,,
86000,5.174169540405273,0.05,-10.640191078186035,,
86050,32.931331634521484,0.05,-10.068321228027344,,
86100,9.595976829528809,0.05,-9.001835823059082,,
86150,22.540069580078125,0.05,-10.236475944519043,,
86200,19.504409790039062,0.05,-8.091124534606934,,
86250,1.0038810968399048,0.05,-11.449877738952637,,
86300,7.679500102996826,0.05,-8.014023780822754,,
86350,29.368255615234375,0.05,-11.619893074035645,,
86400,12.449786186218262,0.05,-8.925788879394531,,
86450,21.893301010131836,0.05,-8.48920726776123,,
86500,9.870121955871582,0.05,-10.45029354095459,,
86550,7.025955677032471,0.05,-9.640639305114746,,
86600,19.039216995239258,0.05,-10.331759452819824,,
86650,29.40418243408203,0.05,-9.460421562194824,,
86700,1.4948021173477173,0.05,-9.243107795715332,,
86750,14.645302772521973,0.05,-11.168617248535156,,
86800,18.962608337402344,0.05,-9.809242248535156,,
86850,1.612661361694336,0.05,-9.339129447937012,,
86900,9.21210765838623,0.05,-8.133797645568848,,
86950,14.874866485595703,0.05,-8.110542297363281,,
87000,1.5901533365249634,0.05,-8.142690658569336,,
87050,14.789630889892578,0.05,-9.02277660369873,,
87100,8.740151405334473,0.05,-6.65015172958374,,
87150,7.127525329589844,0.05,-7.9870686531066895,,
87200,2.481224775314331,0.05,-9.06385326385498,,
87250,5.586522579193115,0.05,-9.000298500061035,,
87300,3.2316598892211914,0.05,-7.904239654541016,,
87350,12.625457763671875,0.05,-11.09382152557373,,
87400,3.772127151489258,0.05,-8.834076881408691,,
87450,18.522409439086914,0.05,-9.869750022888184,,
87500,3.2536323070526123,0.05,-9.44192123413086,,
87550,5.285582065582275,0.05,-7.779382228851318,,
87600,4.106228828430176,0.05,-7.830817699432373,,
87650,20.000267028808594,0.05,-10.1879301071167,,
87700,5.416890621185303,0.05,-8.547623634338379,,
87750,43.07406997680664,0.05,-10.542204856872559,,
87800,39.58049392700195,0.05,-10.467628479003906,,
87850,3.8355376720428467,0.05,-9.704721450805664,,
87900,27.12080955505371,0.05,-11.061623573303223,,
87950,0.6654422879219055,0.05,-7.8809943199157715,,
88000,12.999161720275879,0.05,-9.106618881225586,,
88050,2.2825822830200195,0.05,-7.59300422668457,,
88100,26.279932022094727,0.05,-8.93935775756836,,
88150,1.2688688039779663,0.05,-7.682664394378662,,
88200,7.939456462860107,0.05,-8.258034706115723,,
88250,5.300827503204346,0.05,-8.27441120147705,,
88300,2.443073034286499,0.05,-9.031803131103516,,
88350,7.776617527008057,0.05,-7.785705089569092,,
88400,20.12187385559082,0.05,-9.218989372253418,,
88450,18.359590530395508,0.05,-9.069075584411621,,
88500,10.847434043884277,0.05,-9.428874969482422,,
88550,0.8063712120056152,0.05,-7.9319610595703125,,
88600,11.130459785461426,0.05,-9.110552787780762,,
88650,16.761863708496094,0.05,-8.495797157287598,,
88700,13.845782279968262,0.05,-7.521001815795898,,
88750,5.539730072021484,0.05,-8.695791244506836,,
88800,2.086411714553833,0.05,-7.654110431671143,,
88850,9.095120429992676,0.05,-10.322386741638184,,
88900,37.48180389404297,0.05,-7.521921634674072,,
88950,14.275882720947266,0.05,-8.968855857849121,,
89000,11.203038215637207,0.05,-8.232809066772461,,
89050,9.657819747924805,0.05,-8.659008979797363,,
89100,17.502168655395508,0.05,-11.075080871582031,,
89150,13.123143196105957,0.05,-8.896967887878418,,
89200,31.23466682434082,0.05,-11.353896141052246,,
89250,17.857999801635742,0.05,-9.0724458694458,,
89300,10.34476375579834,0.05,-8.170082092285156,,
89350,8.814656257629395,0.05,-9.12094783782959,,
89400,12.552412986755371,0.05,-8.934130668640137,,
89450,11.955830574035645,0.05,-10.082167625427246,,
89500,3.6464767456054688,0.05,-8.683311462402344,,
89550,17.96758460998535,0.05,-8.969534873962402,,
89600,23.30763053894043,0.05,-9.672140121459961,,
89650,3.414621591567993,0.05,-7.958336353302002,,
89700,2.2230417728424072,0.05,-7.957054138183594,,
89750,9.117631912231445,0.05,-8.506682395935059,,
89800,23.459671020507812,0.05,-9.459212303161621,,
89850,1.5327404737472534,0.05,-7.555119037628174,,
89900,21.932825088500977,0.05,-8.89996337890625,,
89950,13.117817878723145,0.05,-9.974456787109375,,
90000,2.5815300941467285,0.05,-7.633903503417969,,
90050,5.290117263793945,0.05,-9.704728126525879,,
90100,3.8300893306732178,0.05,-8.08450698852539,,
90150,4.0897345542907715,0.05,-9.579371452331543,,
90200,2.308460235595703,0.05,-8.509552955627441,,
90250,10.143336296081543,0.05,-7.690409183502197,,
90300,1.814382553100586,0.05,-9.046311378479004,,
90350,23.85155487060547,0.05,-10.405813217163086,,
90400,14.369635581970215,0.05,-10.358299255371094,,
90450,0.7198440432548523,0.05,-7.416938781738281,,
90500,2.6732046604156494,0.05,-8.424434661865234,,
90550,1.6511439085006714,0.05,-9.689166069030762,,
90600,17.227331161499023,0.05,-7.825520992279053,,
90650,18.670652389526367,0.05,-8.778873443603516,,
90700,13.090147972106934,0.05,-10.004491806030273,,
90750,0.44070911407470703,0.05,-8.490874290466309,,
90800,14.137518882751465,0.05,-8.330199241638184,,
90850,15.636382102966309,0.05,-8.574105262756348,,
90900,10.793225288391113,0.05,-10.184192657470703,,
90950,2.600262403488159,0.05,-10.910255432128906,,
91000,4.196331024169922,0.05,-8.578202247619629,,
91050,3.564898729324341,0.05,-7.286762714385986,,
91100,4.940593719482422,0.05,-9.199440002441406,,
91150,22.3887882232666,0.05,-9.126708030700684,,
91200,11.98859691619873,0.05,-9.251906394958496,,
91250,3.30002760887146,0.05,-9.414860725402832,,
91300,13.851715087890625,0.05,-9.238144874572754,,
91350,27.92085838317871,0.05,-9.231833457946777,,
91400,10.453940391540527,0.05,-9.487689971923828,,
91450,8.174788475036621,0.05,-9.201635360717773,,
91500,9.536694526672363,0.05,-8.32582950592041,,
91550,10.368916511535645,0.05,-9.701026916503906,,
91600,11.363876342773438,0.05,-8.781371116638184,,
91650,7.285625457763672,0.05,-10.265769004821777,,
91700,6.346668243408203,0.05,-10.496914863586426,,
91750,2.0971996784210205,0.05,-7.571896076202393,,
91800,9.598243713378906,0.05,-10.8989896774292,,
91850,11.329314231872559,0.05,-8.842501640319824,,
91900,16.37554359436035,0.05,-8.441306114196777,,
91950,9.279338836669922,0.05,-9.671974182128906,,
92000,3.1948091983795166,0.05,-8.90980339050293,,
92050,24.10315704345703,0.05,-8.422619819641113,,
92100,19.567209243774414,0.05,-9.311263084411621,,
92150,5.22537088394165,0.05,-8.477547645568848,,
92200,24.91428565979004,0.05,-9.339812278747559,,
92250,18.418092727661133,0.05,-8.904842376708984,,
92300,10.73126220703125,0.05,-9.049789428710938,,
92350,19.930803298950195,0.05,-8.6216402053833,,
92400,0.3614809811115265,0.05,-8.058682441711426,,
92450,10.923731803894043,0.05,-11.071758270263672,,
92500,25.912443161010742,0.05,-10.03364086151123,,
92550,11.063403129577637,0.05,-8.709807395935059,,
92600,2.2078497409820557,0.05,-9.097982406616211,,
92650,18.33066749572754,0.05,-9.246743202209473,,
92700,13.304252624511719,0.05,-8.357312202453613,,
92750,11.260234832763672,0.05,-11.304869651794434,,
92800,9.021751403808594,0.05,-8.898564338684082,,
92850,3.053922653198242,0.05,-8.776410102844238,,
92900,0.6447688937187195,0.05,-9.505175590515137,,
92950,8.498307228088379,0.05,-11.422530174255371,,
93000,25.761396408081055,0.05,-10.938915252685547,,
93050,15.142696380615234,0.05,-10.204038619995117,,
93100,24.92389678955078,0.05,-11.189305305480957,,
93150,17.631437301635742,0.05,-9.756397247314453,,
93200,26.11934471130371,0.05,-10.93899917602539,,
93250,17.750043869018555,0.05,-9.013628005981445,,
93300,3.813688039779663,0.05,-9.941582679748535,,
93350,1.291178584098816,0.05,-9.424870491027832,,
93400,15.335856437683105,0.05,-9.046018600463867,,
93450,2.059176445007324,0.05,-9.15597152709961,,
93500,17.31757164001465,0.05,-8.506735801696777,,
93550,0.8461651802062988,0.05,-8.657012939453125,,
93600,13.831138610839844,0.05,-9.785507202148438,,
93650,0.1696024388074875,0.05,-7.360373020172119,,
93700,2.3065361976623535,0.05,-9.238038063049316,,
93750,17.684818267822266,0.05,-10.285567283630371,,
93800,3.2019431591033936,0.05,-10.658191680908203,,
93850,17.420299530029297,0.05,-10.41884708404541,,
93900,13.409516334533691,0.05,-8.791461944580078,,
93950,27.001251220703125,0.05,-10.353377342224121,,
94000,19.69500732421875,0.05,-8.823681831359863,,
94050,11.562357902526855,0.05,-8.853642463684082,,
94100,4.019340991973877,0.05,-8.559473991394043,,
94150,17.129127502441406,0.05,-9.228031158447266,,
94200,22.760343551635742,0.05,-11.622577667236328,,
94250,1.0011860132217407,0.05,-9.267881393432617,,
94300,4.70702600479126,0.05,-9.533242225646973,,
94350,10.509231567382812,0.05,-8.668124198913574,,
94400,7.514669418334961,0.05,-7.748504161834717,,
94450,6.573187351226807,0.05,-7.824323654174805,,
94500,1.1644693613052368,0.05,-7.368993759155273,,
94550,3.3854122161865234,0.05,-8.137062072753906,,
94600,4.910290718078613,0.05,-8.103758811950684,,
94650,21.1710262298584,0.05,-9.572693824768066,,
94700,6.455608367919922,0.05,-7.105840682983398,,
94750,16.155488967895508,0.05,-8.078678131103516,,
94800,25.091787338256836,0.05,-9.141868591308594,,
94850,3.296917676925659,0.05,-9.177638053894043,,
94900,9.817730903625488,0.05,-8.54518985748291,,
94950,25.251052856445312,0.05,-9.178194046020508,,
95000,2.669506311416626,0.05,-8.59548282623291,,
95050,4.674344539642334,0.05,-7.624685764312744,,
95100,3.659569501876831,0.05,-11.43691349029541,,
95150,6.588634490966797,0.05,-9.379277229309082,,
95200,40.5758171081543,0.05,-10.26802921295166,,
95250,15.917113304138184,0.05,-9.288823127746582,,
95300,6.148884296417236,0.05,-8.248019218444824,,
95350,9.705875396728516,0.05,-8.53917407989502,,
95400,7.011284351348877,0.05,-7.669258117675781,,
95450,6.462716579437256,0.05,-9.087555885314941,,
95500,19.02842903137207,0.05,-7.684591770172119,,
95550,2.2228047847747803,0.05,-9.332436561584473,,
95600,17.106292724609375,0.05,-8.346321105957031,,
95650,9.996407508850098,0.05,-10.21724796295166,,
95700,12.178852081298828,0.05,-10.007274627685547,,
95750,10.002589225769043,0.05,-10.343846321105957,,
95800,6.099544525146484,0.05,-8.647675514221191,,
95850,1.3006402254104614,0.05,-7.857391357421875,,
95900,3.182854413986206,0.05,-10.235954284667969,,
95950,2.63211727142334,0.05,-8.392128944396973,,
96000,9.55389404296875,0.05,-7.4545135498046875,,
96050,2.215355157852173,0.05,-7.98479700088501,,
96100,7.7066969871521,0.05,-8.092681884765625,,
96150,33.16486740112305,0.05,-9.292510032653809,,
96200,0.7805895805358887,0.05,-7.755363464355469,,
96250,16.371505737304688,0.05,-8.158442497253418,,
96300,1.7489768266677856,0.05,-8.915125846862793,,
96350,19.311731338500977,0.05,-10.895197868347168,,
96400,13.899826049804688,0.05,-8.861584663391113,,
96450,2.5948026180267334,0.05,-10.720242500305176,,
96500,11.745230674743652,0.05,-8.57738208770752,,
96550,26.550209045410156,0.05,-10.799372673034668,,
96600,4.3212056159973145,0.05,-8.366639137268066,,
96650,6.1705498695373535,0.05,-9.852789878845215,,
96700,4.926649570465088,0.05,-8.074810981750488,,
96750,1.4330015182495117,0.05,-8.075840950012207,,
96800,11.880064964294434,0.05,-9.570611000061035,,
96850,1.7036160230636597,0.05,-8.516130447387695,,
96900,2.1014740467071533,0.05,-10.201976776123047,,
96950,1.6964744329452515,0.05,-9.373406410217285,,
97000,32.85062026977539,0.05,-8.963325500488281,,
97050,10.996136665344238,0.05,-9.60597038269043,,
97100,4.83330774307251,0.05,-9.840760231018066,,
97150,41.16505432128906,0.05,-9.634612083435059,,
97200,2.2538750171661377,0.05,-9.586121559143066,,
97250,8.665070533752441,0.05,-9.167595863342285,,
97300,14.190596580505371,0.05,-10.249215126037598,,
97350,17.38672637939453,0.05,-9.167059898376465,,
97400,7.6744561195373535,0.05,-9.290594100952148,,
97450,8.2620210647583,0.05,-9.399394989013672,,
97500,8.437691688537598,0.05,-9.670178413391113,,
97550,7.578779220581055,0.05,-8.637564659118652,,
97600,18.655344009399414,0.05,-9.061874389648438,,
97650,4.427793979644775,0.05,-9.221713066101074,,
97700,2.715352773666382,0.05,-8.907323837280273,,
97750,15.329928398132324,0.05,-9.268631935119629,,
97800,4.597929954528809,0.05,-10.209197998046875,,
97850,25.93683624267578,0.05,-10.358641624450684,,
97900,10.107413291931152,0.05,-9.710012435913086,,
97950,13.399101257324219,0.05,-9.117777824401855,,
98000,3.4788143634796143,0.05,-9.707318305969238,,
98050,8.086181640625,0.05,-10.577333450317383,,
98100,31.379112243652344,0.05,-9.422225952148438,,
98150,3.325129270553589,0.05,-10.434453964233398,,
98200,1.2791348695755005,0.05,-8.715984344482422,,
98250,1.0807784795761108,0.05,-10.764622688293457,,
98300,16.22899055480957,0.05,-11.205708503723145,,
98350,16.991172790527344,0.05,-10.083504676818848,,
98400,9.39739990234375,0.05,-9.566431999206543,,
98450,12.849128723144531,0.05,-8.32222843170166,,
98500,1.0947439670562744,0.05,-8.379895210266113,,
98550,21.919761657714844,0.05,-8.570582389831543,,
98600,2.214036464691162,0.05,-7.649537563323975,,
98650,21.236331939697266,0.05,-11.086030006408691,,
98700,16.791059494018555,0.05,-10.141251564025879,,
98750,18.939353942871094,0.05,-9.775875091552734,,
98800,29.038232803344727,0.05,-11.092846870422363,,
98850,9.68515682220459,0.05,-9.75393009185791,,
98900,14.551860809326172,0.05,-11.195083618164062,,
98950,10.410909652709961,0.05,-10.171422004699707,,
99000,23.7235107421875,0.05,-9.668706893920898,,
99050,22.754074096679688,0.05,-9.891242027282715,,
99100,29.17009162902832,0.05,-10.1588134765625,,
99150,17.01607894897461,0.05,-10.101536750793457,,
99200,1.9178509712219238,0.05,-8.90961742401123,,
99250,11.598286628723145,0.05,-10.293253898620605,,
99300,15.266390800476074,0.05,-8.822659492492676,,
99350,21.565011978149414,0.05,-10.31612491607666,,
99400,20.090618133544922,0.05,-10.096992492675781,,
99450,6.434385299682617,0.05,-9.61031436920166,,
99500,2.6370837688446045,0.05,-9.790287971496582,,
99550,0.6800441741943359,0.05,-9.530864715576172,,
99600,7.361526012420654,0.05,-10.42372989654541,,
99650,31.454736709594727,0.05,-10.313591957092285,,
99700,8.063766479492188,0.05,-8.339250564575195,,
99750,3.042620897293091,0.05,-8.085822105407715,,
99800,0.9475181698799133,0.05,-8.446890830993652,,
99850,9.224275588989258,0.05,-9.225177764892578,,
99900,6.814708232879639,0.05,-9.042407035827637,,
99950,7.539677143096924,0.05,-10.232574462890625,,
100000,22.20844078063965,0.05,-9.911860466003418,-1.2717945605797045,41.6
100050,23.643224716186523,0.05,-11.369396209716797,,
100100,24.847055435180664,0.05,-7.874307155609131,,
100150,7.970510959625244,0.05,-8.548274040222168,,
100200,2.4141597747802734,0.05,-8.949137687683105,,
100250,32.8576774597168,0.05,-10.210003852844238,,
100300,4.488908767700195,0.05,-8.887303352355957,,
100350,33.628108978271484,0.05,-9.066295623779297,,
100400,9.5243558883667,0.05,-10.349818229675293,,
100450,3.2290494441986084,0.05,-9.789900779724121,,
100500,2.8923418521881104,0.05,-10.527772903442383,,
100550,31.3724422454834,0.05,-9.31493854522705,,
100600,1.0809483528137207,0.05,-8.323690414428711,,
100650,4.721192836761475,0.05,-10.612324714660645,,
100700,23.28731346130371,0.05,-11.041690826416016,,
100750,1.5320616960525513,0.05,-10.542250633239746,,
100800,23.171859741210938,0.05,-10.014872550964355,,
100850,15.343619346618652,0.05,-9.773191452026367,,
100900,10.64504623413086,0.05,-9.890518188476562,,
100950,19.074020385742188,0.05,-10.043783187866211,,
101000,1.2960017919540405,0.05,-8.017206192016602,,
101050,20.256874084472656,0.05,-9.265430450439453,,
101100,16.086570739746094,0.05,-10.45357894897461,,
101150,14.48272705078125,0.05,-8.91370677947998,,
101200,31.86365509033203,0.05,-9.305733680725098,,
101250,1.0446146726608276,0.05,-8.905113220214844,,
101300,11.914070129394531,0.05,-9.652463912963867,,
101350,6.080322265625,0.05,-9.31418514251709,,
101400,21.59063148498535,0.05,-10.081741333007812,,
101450,23.555458068847656,0.05,-8.132275581359863,,
101500,40.203556060791016,0.05,-8.703485488891602,,
101550,9.104104995727539,0.05,-8.356791496276855,,
101600,1.1928586959838867,0.05,-9.273659706115723,,
101650,7.2127156257629395,0.05,-8.567621231079102,,
101700,4.646058559417725,0.05,-8.48936939239502,,
101750,0.8147080540657043,0.05,-10.121203422546387,,
101800,19.269487380981445,0.05,-10.056628227233887,,
101850,9.20019245147705,0.05,-9.153056144714355,,
101900,2.0472824573516846,0.05,-9.332176208496094,,
101950,13.584881782531738,0.05,-10.157937049865723,,
102000,17.922813415527344,0.05,-9.897197723388672,,
102050,8.706068992614746,0.05,-9.186881065368652,,
102100,11.141791343688965,0.05,-8.992175102233887,,
102150,3.595017433166504,0.05,-10.592080116271973,,
102200,15.568305969238281,0.05,-10.218401908874512,,
102250,5.2232441902160645,0.05,-8.742387771606445,,
102300,31.26129150390625,0.05,-9.973315238952637,,
102350,21.048269271850586,0.05,-10.820343017578125,,
102400,7.248198986053467,0.05,-9.862286567687988,,
102450,1.4259001016616821,0.05,-8.984625816345215,,
102500,1.9455186128616333,0.05,-8.388622283935547,,
102550,3.1014225482940674,0.05,-8.879837989807129,,
102600,9.02475357055664,0.05,-11.435009956359863,,
102650,21.767494201660156,0.05,-9.28400707244873,,
102700,1.8587819337844849,0.05,-8.647103309631348,,
102750,6.135738372802734,0.05,-8.12096881866455,,
102800,22.1600399017334,0.05,-10.231234550476074,,
102850,7.2425971031188965,0.05,-8.97348690032959,,
102900,1.9198771715164185,0.05,-9.728732109069824,,
102950,24.904340744018555,0.05,-8.388232231140137,,
103000,29.66520118713379,0.05,-9.337746620178223,,
103050,1.1285136938095093,0.05,-9.47497272491455,,
103100,11.5693998336792,0.05,-9.38955020904541,,
103150,6.516629695892334,0.05,-9.172922134399414,,
103200,5.062615871429443,0.05,-8.878203392028809,,
103250,18.6217098236084,0.05,-9.237950325012207,,
103300,5.060583591461182,0.05,-9.359136581420898,,
103350,0.31617751717567444,0.05,-8.044228553771973,,
103400,6.263238906860352,0.05,-10.181892395019531,,
103450,8.622929573059082,0.05,-10.097929954528809,,
103500,7.111057281494141,0.05,-10.029793739318848,,
103550,7.000225067138672,0.05,-10.566940307617188,,
103600,1.199272632598877,0.05,-8.680499076843262,,
103650,12.272907257080078,0.05,-11.785670280456543,,
103700,9.843135833740234,0.05,-9.325146675109863,,
103750,19.533597946166992,0.05,-11.758437156677246,,
103800,1.1127427816390991,0.05,-9.807804107666016,,
103850,17.960283279418945,0.05,-10.172707557678223,,
103900,21.92076873779297,0.05,-9.948060035705566,,
103950,17.986717224121094,0.05,-10.744499206542969,,
104000,14.289454460144043,0.05,-8.767535209655762,,
104050,3.179478406906128,0.05,-10.785914421081543,,
104100,16.668903350830078,0.05,-9.51305103302002,,
104150,1.359696865081787,0.05,-8.057597160339355,,
104200,9.653129577636719,0.05,-9.530787467956543,,
104250,4.780986309051514,0.05,-10.014525413513184,,
104300,1.2169039249420166,0.05,-9.104532241821289,,
104350,34.69314193725586,0.05,-10.0772123336792,,
104400,13.646377563476562,0.05,-9.515294075012207,,
104450,9.14311408996582,0.05,-9.183735847473145,,
104500,9.964103698730469,0.05,-9.691643714904785,,
104550,2.869433641433716,0.05,-8.60461139678955,,
104600,7.353997707366943,0.05,-10.788512229919434,,
104650,2.773757219314575,0.05,-8.349405288696289,,
104700,15.627984046936035,0.05,-9.522839546203613,,
104750,0.6479458212852478,0.05,-7.767106533050537,,
104800,8.48156452178955,0.05,-9.671952247619629,,
104850,12.999344825744629,0.05,-9.718487739562988,,
104900,11.383559226989746,0.05,-10.753355979919434,,
104950,27.87390899658203,0.05,-10.608689308166504,,
105000,8.292580604553223,0.05,-9.126570701599121,,
105050,10.30738639831543,0.05,-9.527209281921387,,
105100,21.354942321777344,0.05,-9.76223087310791,,
105150,5.532935619354248,0.05,-9.850150108337402,,
105200,40.90871047973633,0.05,-11.315299987792969,,
105250,28.641813278198242,0.05,-11.599876403808594,,
105300,13.050865173339844,0.05,-8.768183708190918,,
105350,8.658045768737793,0.05,-8.54908275604248,,
105400,12.309456825256348,0.05,-10.97176456451416,,
105450,1.9982986450195312,0.05,-9.453245162963867,,
105500,21.27815055847168,0.05,-8.813858985900879,,
105550,15.703478813171387,0.05,-9.821593284606934,,
105600,36.28767395019531,0.05,-10.813064575195312,,
105650,22.73027992248535,0.05,-9.127077102661133,,
105700,10.971917152404785,0.05,-9.706501960754395,,
105750,11.48857593536377,0.05,-9.38110637664795,,
105800,24.380281448364258,0.05,-10.23757266998291,,
105850,1.4769434928894043,0.05,-10.126222610473633,,
105900,19.548673629760742,0.05,-8.369603157043457,,
105950,10.34245777130127,0.05,-9.063843727111816,,
106000,12.32766342163086,0.05,-11.954388618469238,,
106050,12.834233283996582,0.05,-10.159472465515137,,
106100,1.9361319541931152,0.05,-8.039583206176758,,
106150,2.349090337753296,0.05,-8.920145034790039,,
106200,17.874467849731445,0.05,-10.124674797058105,,
106250,26.141637802124023,0.05,-10.463370323181152,,
106300,2.5925753116607666,0.05,-11.035788536071777,,
106350,0.9873380064964294,0.05,-10.336529731750488,,
106400,12.442753791809082,0.05,-11.795760154724121,,
106450,0.7457216382026672,0.05,-9.516112327575684,,
106500,2.3684439659118652,0.05,-9.982439994812012,,
106550,8.321334838867188,0.05,-8.960070610046387,,
106600,8.464037895202637,0.05,-8.660477638244629,,
106650,12.074898719787598,0.05,-11.19018840789795,,
106700,15.785799980163574,0.05,-8.954228401184082,,
106750,30.255632400512695,0.05,-10.46267032623291,,
106800,4.647895336151123,0.05,-11.44789981842041,,
106850,29.356203079223633,0.05,-11.843338012695312,,
106900,12.017704963684082,0.05,-9.218483924865723,,
106950,5.581103801727295,0.05,-10.262076377868652,,
107000,1.0722633600234985,0.05,-9.603838920593262,,
107050,3.7795228958129883,0.05,-9.355544090270996,,
107100,4.1348114013671875,0.05,-9.006406784057617,,
107150,9.477909088134766,0.05,-9.622397422790527,,
107200,3.1871135234832764,0.05,-11.466813087463379,,
107250,28.588388442993164,0.05,-9.13750171661377,,
107300,11.168707847595215,0.05,-9.385499000549316,,
107350,3.2843234539031982,0.05,-8.82628345489502,,
107400,27.36167335510254,0.05,-10.863731384277344,,
107450,27.142927169799805,0.05,-10.962435722351074,,
107500,12.5103178024292,0.05,-9.921460151672363,,
107550,6.716195583343506,0.05,-10.916089057922363,,
107600,15.834846496582031,0.05,-11.889004707336426,,
107650,18.965112686157227,0.05,-10.597167015075684,,
107700,18.668203353881836,0.05,-9.741909980773926,,
107750,2.727694272994995,0.05,-9.055981636047363,,
107800,20.90032958984375,0.05,-11.01513385772705,,
107850,29.180593490600586,0.05,-10.12524700164795,,
107900,13.997952461242676,0.05,-8.081366539001465,,
107950,8.910226821899414,0.05,-10.0794038772583,,
108000,13.673060417175293,0.05,-10.063067436218262,,
108050,13.681724548339844,0.05,-8.68204402923584,,
108100,1.5266817808151245,0.05,-10.15001392364502,,
108150,2.981691598892212,0.05,-9.591225624084473,,
108200,15.013285636901855,0.05,-9.53464412689209,,
108250,8.00255298614502,0.05,-8.276561737060547,,
108300,10.620253562927246,0.05,-8.663870811462402,,
108350,12.242791175842285,0.05,-10.468286514282227,,
108400,15.176459312438965,0.05,-11.927992820739746,,
108450,30.16143226623535,0.05,-9.543375015258789,,
108500,18.297422409057617,0.05,-10.621870994567871,,
108550,1.3188916444778442,0.05,-9.968863487243652,,
108600,6.7335944175720215,0.05,-8.998881340026855,,
108650,5.036220073699951,0.05,-10.766499519348145,,
108700,1.767073154449463,0.05,-9.220477104187012,,
108750,14.954865455627441,0.05,-8.725829124450684,,
108800,19.921342849731445,0.05,-10.189126014709473,,
108850,7.5452446937561035,0.05,-8.475737571716309,,
108900,12.547420501708984,0.05,-8.986687660217285,,
108950,9.212479591369629,0.05,-9.409357070922852,,
109000,4.722476482391357,0.05,-9.692939758300781,,
109050,9.675576210021973,0.05,-9.90566349029541,,
109100,3.233438491821289,0.05,-9.025010108947754,,
109150,14.818142890930176,0.05,-9.91695499420166,,
109200,4.044447422027588,0.05,-9.790770530700684,,
109250,23.128538131713867,0.05,-8.642807960510254,,
109300,6.549821853637695,0.05,-11.449488639831543,,
109350,18.197824478149414,0.05,-9.185248374938965,,
109400,0.4216698110103607,0.05,-9.26162338256836,,
109450,24.38956642150879,0.05,-9.18746280670166,,
109500,7.293848037719727,0.05,-9.485854148864746,,
109550,2.8070733547210693,0.05,-7.768805027008057,,
109600,3.482666015625,0.05,-8.345176696777344,,
109650,5.108120441436768,0.05,-10.208281517028809,,
109700,6.901037216186523,0.05,-8.981078147888184,,
109750,0.311868816614151,0.05,-9.816722869873047,,
109800,1.7958465814590454,0.05,-8.99654483795166,,
109850,1.6702489852905273,0.05,-9.946388244628906,,
109900,2.573484182357788,0.05,-8.46955394744873,,
109950,32.82780075073242,0.05,-12.23762035369873,,
110000,3.9264562129974365,0.05,-10.656807899475098,,
110050,18.855653762817383,0.05,-10.016030311584473,,
110100,16.221311569213867,0.05,-9.691520690917969,,
110150,11.338957786560059,0.05,-8.561295509338379,,
110200,21.048023223876953,0.05,-9.632404327392578,,
110250,3.4458138942718506,0.05,-9.627495765686035,,
110300,8.687726020812988,0.05,-8.875728607177734,,
110350,23.16400718688965,0.05,-10.222254753112793,,
110400,13.53915023803711,0.05,-9.253819465637207,,
110450,9.759339332580566,0.05,-10.11066722869873,,
110500,2.105862855911255,0.05,-9.755935668945312,,
110550,16.116233825683594,0.05,-10.571918487548828,,
110600,11.787726402282715,0.05,-9.721477508544922,,
110650,14.918124198913574,0.05,-9.125622749328613,,
110700,7.504395961761475,0.05,-8.248225212097168,,
110750,12.261967658996582,0.05,-9.056984901428223,,
110800,16.41685676574707,0.05,-9.166236877441406,,
110850,15.21618366241455,0.05,-8.83768367767334,,
110900,2.8307697772979736,0.05,-8.056498527526855,,
110950,20.214794158935547,0.05,-9.887068748474121,,
111000,33.80308151245117,0.05,-11.670533180236816,,
111050,26.425111770629883,0.05,-9.595093727111816,,
111100,28.23356819152832,0.05,-9.38484001159668,,
111150,16.21131706237793,0.05,-8.893823623657227,,
111200,1.2000259160995483,0.05,-8.44444751739502,,
111250,20.41724395751953,0.05,-7.942723751068115,,
111300,7.787374973297119,0.05,-9.73735523223877,,
111350,28.264684677124023,0.05,-10.838714599609375,,
111400,15.025432586669922,0.05,-11.179438591003418,,
111450,13.954121589660645,0.05,-9.46464729309082,,
111500,30.865493774414062,0.05,-8.817512512207031,,
111550,1.2113240957260132,0.05,-9.902226448059082,,
111600,37.890872955322266,0.05,-9.3680419921875,,
111650,17.888458251953125,0.05,-8.513704299926758,,
111700,13.526753425598145,0.05,-9.518691062927246,,
111750,11.260706901550293,0.05,-9.2479829788208,,
111800,4.255030155181885,0.05,-10.6273832321167,,
111850,13.655186653137207,0.05,-8.701458930969238,,
111900,7.966379165649414,0.05,-9.141185760498047,,
111950,10.313446998596191,0.05,-9.189621925354004,,
112000,17.26349449157715,0.05,-10.737570762634277,,
112050,13.855690002441406,0.05,-9.849607467651367,,
112100,17.84342384338379,0.05,-7.776998043060303,,
112150,3.171663284301758,0.05,-8.075789451599121,,
112200,18.963945388793945,0.05,-11.252703666687012,,
112250,33.499752044677734,0.05,-9.310112953186035,,
112300,10.195202827453613,0.05,-8.8904447555542,,
112350,1.9893908500671387,0.05,-7.74469518661499,,
112400,38.9323844909668,0.05,-9.574324607849121,,
112450,6.854665756225586,0.05,-9.47447395324707,,
112500,1.728464961051941,0.05,-8.046940803527832,,
112550,24.7711238861084,0.05,-9.686022758483887,,
112600,9.531866073608398,0.05,-9.35970687866211,,
112650,9.177386283874512,0.05,-9.701767921447754,,
112700,11.20666217803955,0.05,-9.343201637268066,,
112750,19.132844924926758,0.05,-7.7451348304748535,,
112800,20.452457427978516,0.05,-7.528511047363281,,
112850,28.72102928161621,0.05,-11.251442909240723,,
112900,2.0955028533935547,0.05,-8.147171974182129,,
112950,8.27233600616455,0.05,-8.752580642700195,,
113000,14.943285942077637,0.05,-8.461654663085938,,
113050,19.162681579589844,0.05,-7.9385504722595215,,
113100,9.36797046661377,0.05,-6.547799587249756,,
113150,7.4759368896484375,0.05,-9.543879508972168,,
113200,46.92738723754883,0.05,-9.973395347595215,,
113250,9.868409156799316,0.05,-8.819897651672363,,
113300,1.3119192123413086,0.05,-8.759448051452637,,
113350,9.312520980834961,0.05,-9.4085693359375,,
113400,6.6813483238220215,0.05,-8.116220474243164,,
113450,8.479598045349121,0.05,-9.099658012390137,,
113500,18.633180618286133,0.05,-9.601334571838379,,
113550,0.37870848178863525,0.05,-7.789867401123047,,
113600,10.798657417297363,0.05,-8.965725898742676,,
113650,1.4356489181518555,0.05,-8.816692352294922,,
113700,9.225729942321777,0.05,-8.009303092956543,,
113750,15.86620807647705,0.05,-10.051562309265137,,
113800,10.66872501373291,0.05,-9.724483489990234,,
113850,10.959185600280762,0.05,-7.84619665145874,,
113900,5.425060272216797,0.05,-9.635775566101074,,
113950,9.149267196655273,0.05,-9.024388313293457,,
114000,2.531928777694702,0.05,-9.78499984741211,,
114050,5.128913402557373,0.05,-8.742231369018555,,
114100,9.703692436218262,0.05,-8.272858619689941,,
114150,6.184533596038818,0.05,-8.353890419006348,,
114200,2.1214067935943604,0.05,-8.552681922912598,,
114250,7.0051727294921875,0.05,-8.168145179748535,,
114300,9.64039421081543,0.05,-7.974057674407959,,
114350,9.843640327453613,0.05,-10.71103572845459,,
114400,2.375854015350342,0.05,-9.751588821411133,,
114450,15.614212036132812,0.05,-8.652473449707031,,
114500,0.9510104656219482,0.05,-7.622223377227783,,
114550,6.830155849456787,0.05,-7.294595718383789,,
114600,2.531303882598877,0.05,-8.930718421936035,,
114650,6.960302352905273,0.05,-8.270187377929688,,
114700,0.8846337199211121,0.05,-7.45778226852417,,
114750,9.300504684448242,0.05,-8.354323387145996,,
114800,9.336506843566895,0.05,-8.90844440460205,,
114850,25.709054946899414,0.05,-9.273957252502441,,
114900,9.269072532653809,0.05,-8.124996185302734,,
114950,2.3218612670898438,0.05,-10.176322937011719,,
115000,32.543033599853516,0.05,-10.291016578674316,,
115050,5.344101428985596,0.05,-8.279485702514648,,
115100,13.006342887878418,0.05,-9.540112495422363,,
115150,7.463564395904541,0.05,-9.866570472717285,,
115200,12.741820335388184,0.05,-8.341897010803223,,
115250,30.738191604614258,0.05,-9.973405838012695,,
115300,3.8679637908935547,0.05,-10.531291961669922,,
115350,8.833237648010254,0.05,-9.618549346923828,,
115400,1.0471652746200562,0.05,-8.128870964050293,,
115450,5.356299877166748,0.05,-9.816004753112793,,
115500,0.9051012396812439,0.05,-8.079797744750977,,
115550,11.72046184539795,0.05,-10.029633522033691,,
115600,18.722684860229492,0.05,-9.405928611755371,,
115650,17.17322540283203,0.05,-9.611014366149902,,
115700,18.297367095947266,0.05,-9.779393196105957,,
115750,3.2631609439849854,0.05,-7.899189472198486,,
115800,35.93592071533203,0.05,-9.299933433532715,,
115850,3.141850709915161,0.05,-10.132941246032715,,
115900,10.881881713867188,0.05,-9.621862411499023,,
115950,20.66005516052246,0.05,-8.886481285095215,,
116000,3.913907289505005,0.05,-9.169892311096191,,
116050,18.010934829711914,0.05,-11.295291900634766,,
116100,19.71624183654785,0.05,-9.479767799377441,,
116150,19.381967544555664,0.05,-9.462156295776367,,
116200,14.287579536437988,0.05,-9.115471839904785,,
116250,21.016462326049805,0.05,-11.020843505859375,,
116300,15.704998016357422,0.05,-9.781083106994629,,
116350,24.05341339111328,0.05,-9.657182693481445,,
116400,9.320652961730957,0.05,-9.967308044433594,,
116450,14.214163780212402,0.05,-9.04458999633789,,
116500,3.1777172088623047,0.05,-9.406063079833984,,
116550,29.426042556762695,0.05,-9.718365669250488,,
116600,3.934969186782837,0.05,-9.54313850402832,,
116650,14.116820335388184,0.05,-9.859457015991211,,
116700,2.5235021114349365,0.05,-10.310012817382812,,
116750,14.241250038146973,0.05,-9.879338264465332,,
116800,14.965702056884766,0.05,-9.824357032775879,,
116850,13.66749095916748,0.05,-11.418044090270996,,
116900,14.12436580657959,0.05,-10.653786659240723,,
116950,7.559972286224365,0.05,-10.140328407287598,,
117000,4.789560317993164,0.05,-9.182053565979004,,
117050,0.41814449429512024,0.05,-8.39073371887207,,
117100,0.9183679223060608,0.05,-9.801749229431152,,
117150,30.275009155273438,0.05,-9.543503761291504,,
117200,23.103487014770508,0.05,-10.666584014892578,,
117250,9.494888305664062,0.05,-10.519745826721191,,
117300,0.19963717460632324,0.05,-7.855821132659912,,
117350,17.978614807128906,0.05,-8.482548713684082,,
117400,13.703883171081543,0.05,-11.118746757507324,,
117450,15.705093383789062,0.05,-8.797856330871582,,
117500,12.571820259094238,0.05,-9.360142707824707,,
117550,8.75028133392334,0.05,-10.233244895935059,,
117600,27.859512329101562,0.05,-10.593457221984863,,
117650,11.418004035949707,0.05,-9.197203636169434,,
117700,39.070316314697266,0.05,-9.59565258026123,,
117750,1.5805984735488892,0.05,-8.945243835449219,,
117800,4.8055949211120605,0.05,-10.969664573669434,,
117850,3.376051664352417,0.05,-9.101032257080078,,
117900,22.2645206451416,0.05,-9.128352165222168,,
117950,1.370346188545227,0.05,-9.18091106414795,,
118000,0.7935685515403748,0.05,-8.819522857666016,,
118050,30.92424774169922,0.05,-9.304594993591309,,
118100,13.171151161193848,0.05,-9.096652030944824,,
118150,14.85018539428711,0.05,-8.52542781829834,,
118200,15.467636108398438,0.05,-9.207795143127441,,
118250,0.7009134292602539,0.05,-8.781024932861328,,
118300,5.6883225440979,0.05,-9.566991806030273,,
118350,33.38047409057617,0.05,-9.307511329650879,,
118400,5.6431427001953125,0.05,-8.493792533874512,,
118450,20.872709274291992,0.05,-10.06501293182373,,
118500,16.739683151245117,0.05,-10.152957916259766,,
118550,11.659634590148926,0.05,-9.866085052490234,,
118600,7.70023775100708,0.05,-9.09582233428955,,
118650,13.069169044494629,0.05,-10.902894020080566,,
118700,11.652474403381348,0.05,-9.838704109191895,,
118750,11.353195190429688,0.05,-8.77228832244873,,
118800,11.73794937133789,0.05,-9.635726928710938,,
118850,4.827630996704102,0.05,-9.935959815979004,,
118900,16.965173721313477,0.05,-10.172643661499023,,
118950,11.79708480834961,0.05,-9.416789054870605,,
119000,22.4198055267334,0.05,-10.724432945251465,,
119050,25.2852840423584,0.05,-9.100211143493652,,
119100,16.997907638549805,0.05,-9.85229206085205,,
119150,14.094646453857422,0.05,-9.960365295410156,,
119200,31.41088104248047,0.05,-10.026106834411621,,
119250,38.737918853759766,0.05,-10.35492992401123,,
119300,12.446818351745605,0.05,-9.087135314941406,,
119350,0.17249156534671783,0.05,-7.695863723754883,,
119400,4.124101161956787,0.05,-11.248939514160156,,
119450,0.863149106502533,0.05,-10.047154426574707,,
119500,17.850385665893555,0.05,-9.14208984375,,
119550,32.78642654418945,0.05,-9.101256370544434,,
119600,23.420106887817383,0.05,-8.953049659729004,,
119650,31.616592407226562,0.05,-8.146218299865723,,
119700,28.69470977783203,0.05,-10.548227310180664,,
119750,8.4739351272583,0.05,-9.554511070251465,,
119800,8.874979972839355,0.05,-9.623799324035645,,
119850,31.620031356811523,0.05,-10.690497398376465,,
119900,21.307825088500977,0.05,-9.432648658752441,,
119950,7.606563568115234,0.05,-10.630392074584961,,
120000,11.870677947998047,0.05,-9.837119102478027,,
120050,16.264793395996094,0.05,-10.587313652038574,,
120100,3.8683674335479736,0.05,-8.541284561157227,,
120150,15.742016792297363,0.05,-8.94891357421875,,
120200,16.32883644104004,0.05,-9.162550926208496,,
120250,1.3926624059677124,0.05,-8.581595420837402,,
120300,22.93532371520996,0.05,-9.885348320007324,,
120350,27.494590759277344,0.05,-10.53533935546875,,
120400,8.795974731445312,0.05,-12.449816703796387,,
120450,25.73662757873535,0.05,-8.939255714416504,,
120500,4.37616491317749,0.05,-9.1719970703125,,
120550,12.164580345153809,0.05,-10.253487586975098,,
120600,1.8463066816329956,0.05,-9.084420204162598,,
120650,8.399687767028809,0.05,-9.431668281555176,,
120700,4.336449146270752,0.05,-7.653865337371826,,
120750,39.43793869018555,0.05,-10.579265594482422,,
120800,2.3927323818206787,0.05,-9.515543937683105,,
120850,30.402624130249023,0.05,-10.855411529541016,,
120900,8.410663604736328,0.05,-9.848771095275879,,
120950,2.375699281692505,0.05,-9.092524528503418,,
121000,10.055922508239746,0.05,-10.780976295471191,,
121050,22.28204345703125,0.05,-9.85860824584961,,
121100,14.169829368591309,0.05,-10.634872436523438,,
121150,4.33044958114624,0.05,-10.485855102539062,,
121200,1.538164734840393,0.05,-8.782175064086914,,
121250,11.89334487915039,0.05,-10.464497566223145,,
121300,12.856892585754395,0.05,-9.612384796142578,,
121350,14.044991493225098,0.05,-8.964632987976074,,
121400,29.934478759765625,0.05,-10.838081359863281,,
121450,16.595569610595703,0.05,-8.254873275756836,,
121500,15.36245059967041,0.05,-9.234231948852539,,
121550,14.680201530456543,0.05,-10.047871589660645,,
121600,28.594545364379883,0.05,-10.116531372070312,,
121650,1.206383466720581,0.05,-8.449906349182129,,
121700,11.502768516540527,0.05,-8.629033088684082,,
121750,19.178926467895508,0.05,-9.697382926940918,,
121800,6.156398773193359,0.05,-7.129415988922119,,
121850,1.9605188369750977,0.05,-8.984147071838379,,
121900,1.8427764177322388,0.05,-10.16890811920166,,
121950,13.819039344787598,0.05,-9.379427909851074,,
122000,1.9297817945480347,0.05,-9.009846687316895,,
122050,3.4653828144073486,0.05,-9.810805320739746,,
122100,5.2351861000061035,0.05,-8.96243953704834,,
122150,16.62984275817871,0.05,-10.295384407043457,,
122200,39.02560043334961,0.05,-9.386310577392578,,
122250,9.680520057678223,0.05,-8.72299861907959,,
122300,5.100789546966553,0.05,-9.994803428649902,,
122350,12.721226692199707,0.05,-8.830612182617188,,
122400,9.579414367675781,0.05,-9.38721752166748,,
122450,12.744776725769043,0.05,-12.093010902404785,,
122500,21.35466194152832,0.05,-9.565735816955566,,
122550,17.0927677154541,0.05,-7.492082118988037,,
122600,17.89528465270996,0.05,-9.356729507446289,,
122650,62.67133712768555,0.05,-10.442350387573242,,
122700,21.38249969482422,0.05,-9.739941596984863,,
122750,4.558089256286621,0.05,-9.249835014343262,,
122800,2.7361574172973633,0.05,-12.280906677246094,,
122850,18.268033981323242,0.05,-10.480475425720215,,
122900,25.00054168701172,0.05,-10.348864555358887,,
122950,2.373433828353882,0.05,-9.958303451538086,,
123000,24.00166130065918,0.05,-10.421549797058105,,
123050,30.958654403686523,0.05,-9.073307037353516,,
123100,12.88121509552002,0.05,-10.471354484558105,,
123150,2.0953588485717773,0.05,-9.245942115783691,,
123200,15.941914558410645,0.05,-8.733097076416016,,
123250,30.049711227416992,0.05,-8.916561126708984,,
123300,23.095504760742188,0.05,-11.62999439239502,,
123350,32.30766296386719,0.05,-9.459088325500488,,
123400,1.1113172769546509,0.05,-10.115492820739746,,
123450,13.010777473449707,0.05,-9.006354331970215,,
123500,3.996983289718628,0.05,-10.439860343933105,,
123550,13.624557495117188,0.05,-10.567978858947754,,
123600,21.6267147064209,0.05,-10.460211753845215,,
123650,1.199960708618164,0.05,-9.87197208404541,,
123700,22.16573143005371,0.05,-8.43853759765625,,
123750,46.55356979370117,0.05,-10.293400764465332,,
123800,9.311932563781738,0.05,-9.224883079528809,,
123850,11.896384239196777,0.05,-10.087145805358887,,
123900,20.890907287597656,0.05,-10.559796333312988,,
123950,40.47332763671875,0.05,-11.063027381896973,,
124000,3.9079177379608154,0.05,-8.526463508605957,,
124050,5.91143274307251,0.05,-9.391091346740723,,
124100,19.800968170166016,0.05,-9.0167236328125,,
124150,28.153867721557617,0.05,-9.451069831848145,,
124200,10.272216796875,0.05,-9.826386451721191,,
124250,1.2805842161178589,0.05,-9.596376419067383,,
124300,14.800164222717285,0.05,-8.657225608825684,,
124350,1.9764102697372437,0.05,-9.801507949829102,,
124400,3.874945640563965,0.05,-8.945328712463379,,
124450,29.518798828125,0.05,-10.584187507629395,,
124500,33.536895751953125,0.05,-11.12781810760498,,
124550,2.4652554988861084,0.05,-8.925114631652832,,
124600,14.618483543395996,0.05,-9.054460525512695,,
124650,19.21657371520996,0.05,-9.762568473815918,,
124700,10.70407485961914,0.05,-10.061673164367676,,
124750,18.65990447998047,0.05,-9.946224212646484,,
124800,10.59768295288086,0.05,-10.149670600891113,,
124850,0.741353452205658,0.05,-11.114372253417969,,
124900,1.161226511001587,0.05,-8.595829963684082,,
124950,11.018946647644043,0.05,-11.20041275024414,,
125000,16.95554542541504,0.05,-11.884709358215332,-1.4354093358570106,39.333333333333336
125050,12.676007270812988,0.05,-10.124848365783691,,
125100,3.067084550857544,0.05,-10.86676025390625,,
125150,3.846217393875122,0.05,-11.501365661621094,,
125200,7.96620512008667,0.05,-8.733014106750488,,
125250,20.01049041748047,0.05,-9.421902656555176,,
125300,20.2794246673584,0.05,-9.476582527160645,,
125350,41.276763916015625,0.05,-11.129462242126465,,
125400,16.939613342285156,0.05,-9.364764213562012,,
125450,3.836235761642456,0.05,-11.97701358795166,,
125500,9.161795616149902,0.05,-9.905110359191895,,
125550,19.25589942932129,0.05,-10.070160865783691,,
125600,11.82791519165039,0.05,-12.181866645812988,,
125650,31.0924015045166,0.05,-11.579262733459473,,
125700,32.676753997802734,0.05,-10.371569633483887,,
125750,3.142247200012207,0.05,-9.172334671020508,,
125800,33.153751373291016,0.05,-10.403053283691406,,
125850,30.10846519470215,0.05,-12.147358894348145,,
125900,21.80841636657715,0.05,-13.091357231140137,,
125950,7.654796600341797,0.05,-12.45291519165039,,
126000,37.01827621459961,0.05,-10.82845687866211,,
126050,14.89340877532959,0.05,-10.73709774017334,,
126100,18.274734497070312,0.05,-10.65866756439209,,
126150,3.74954891204834,0.05,-10.68251895904541,,
126200,26.440656661987305,0.05,-12.093093872070312,,
126250,26.651029586791992,0.05,-12.63547134399414,,
126300,21.47154998779297,0.05,-9.551386833190918,,
126350,1.117038607597351,0.05,-10.144639015197754,,
126400,24.130666732788086,0.05,-10.849406242370605,,
126450,22.83350944519043,0.05,-8.626557350158691,,
126500,12.554749488830566,0.05,-11.431121826171875,,
126550,7.647275447845459,0.05,-10.735892295837402,,
126600,26.952207565307617,0.05,-9.068817138671875,,
126650,32.24183654785156,0.05,-11.088892936706543,,
126700,1.6873244047164917,0.05,-9.0215482711792,,
126750,26.443389892578125,0.05,-9.459696769714355,,
126800,2.475713014602661,0.05,-8.105948448181152,,
126850,11.826876640319824,0.05,-10.86688232421875,,
126900,8.113873481750488,0.05,-10.225046157836914,,
126950,3.9063427448272705,0.05,-11.804302215576172,,
127000,32.96317672729492,0.05,-12.36241626739502,,
127050,14.88974666595459,0.05,-10.514446258544922,,
127100,34.0815315246582,0.05,-11.04489803314209,,
127150,2.202939033508301,0.05,-8.3933687210083,,
127200,23.921524047851562,0.05,-10.469412803649902,,
127250,7.7445807456970215,0.05,-12.618736267089844,,
127300,26.378585815429688,0.05,-8.917250633239746,,
127350,14.87451457977295,0.05,-12.51343059539795,,
127400,21.736061096191406,0.05,-9.537039756774902,,
127450,21.557668685913086,0.05,-9.387495994567871,,
127500,1.4075382947921753,0.05,-10.70531940460205,,
127550,14.578368186950684,0.05,-9.460370063781738,,
127600,28.20464515686035,0.05,-8.634037017822266,,
127650,36.33182907104492,0.05,-11.999760627746582,,
127700,19.018251419067383,0.05,-9.33446216583252,,
127750,31.769371032714844,0.05,-12.431114196777344,,
127800,3.890157461166382,0.05,-8.940285682678223,,
127850,15.530059814453125,0.05,-9.64980411529541,,
127900,24.740514755249023,0.05,-8.817500114440918,,
127950,7.650593280792236,0.05,-9.197482109069824,,
128000,11.410835266113281,0.05,-10.423072814941406,,
128050,25.589149475097656,0.05,-11.457706451416016,,
128100,3.225444793701172,0.05,-9.77241039276123,,
128150,12.184094429016113,0.05,-9.25927448272705,,
128200,8.447569847106934,0.05,-12.9025297164917,,
128250,4.421344757080078,0.05,-9.0462064743042,,
128300,2.415855646133423,0.05,-10.635111808776855,,
128350,4.151742935180664,0.05,-10.895476341247559,,
128400,6.313299179077148,0.05,-11.51993179321289,,
128450,10.318991661071777,0.05,-10.291412353515625,,
128500,15.736133575439453,0.05,-9.622742652893066,,
128550,16.616607666015625,0.05,-11.578227996826172,,
128600,21.52610969543457,0.05,-9.317150115966797,,
128650,47.1069221496582,0.05,-10.349616050720215,,
128700,36.09476852416992,0.05,-12.866360664367676,,
128750,2.738269090652466,0.05,-9.142610549926758,,
128800,3.0080349445343018,0.05,-9.162126541137695,,
128850,28.405363082885742,0.05,-8.806864738464355,,
128900,17.049131393432617,0.05,-11.282614707946777,,
128950,30.092287063598633,0.05,-9.743634223937988,,
129000,17.33258819580078,0.05,-8.274635314941406,,
129050,22.56943702697754,0.05,-8.18654727935791,,
129100,35.33491897583008,0.05,-9.569342613220215,,
129150,2.2816002368927,0.05,-9.931485176086426,,
129200,9.495635032653809,0.05,-9.115023612976074,,
129250,6.2329864501953125,0.05,-12.076324462890625,,
129300,24.512117385864258,0.05,-10.48548412322998,,
129350,12.661022186279297,0.05,-9.5955228805542,,
129400,3.460341691970825,0.05,-9.775494575500488,,
129450,25.408294677734375,0.05,-9.904912948608398,,
129500,4.401203632354736,0.05,-10.017066955566406,,
129550,16.17160987854004,0.05,-11.250895500183105,,
129600,1.3876962661743164,0.05,-7.993442058563232,,
129650,13.66445541381836,0.05,-10.458756446838379,,
129700,7.499130725860596,0.05,-9.643932342529297,,
129750,27.5450496673584,0.05,-11.091734886169434,,
129800,9.596455574035645,0.05,-10.1968412399292,,
129850,11.439085960388184,0.05,-8.258318901062012,,
129900,14.544795989990234,0.05,-8.557336807250977,,
129950,2.522299289703369,0.05,-8.463274002075195,,
130000,14.862614631652832,0.05,-10.255322456359863,,
130050,6.807445049285889,0.05,-9.280058860778809,,
130100,38.2452278137207,0.05,-11.401679039001465,,
130150,30.917577743530273,0.05,-10.567265510559082,,
130200,9.690652847290039,0.05,-10.458248138427734,,
130250,1.8099714517593384,0.05,-10.218320846557617,,
130300,28.60691261291504,0.05,-11.557957649230957,,
130350,2.4961507320404053,0.05,-9.327320098876953,,
130400,39.2401123046875,0.05,-11.213275909423828,,
130450,14.546039581298828,0.05,-10.869770050048828,,
130500,11.654082298278809,0.05,-10.237076759338379,,
130550,5.123956203460693,0.05,-9.263785362243652,,
130600,4.156249046325684,0.05,-10.7880859375,,
130650,21.535749435424805,0.05,-9.294879913330078,,
130700,9.428370475769043,0.05,-8.54327392578125,,
130750,16.373323440551758,0.05,-11.42447566986084,,
130800,11.755040168762207,0.05,-9.929875373840332,,
130850,15.018950462341309,0.05,-8.506762504577637,,
130900,12.296631813049316,0.05,-9.149191856384277,,
130950,35.952728271484375,0.05,-9.47712230682373,,
131000,6.696292877197266,0.05,-9.291050910949707,,
131050,28.989885330200195,0.05,-10.314035415649414,,
131100,1.926769733428955,0.05,-8.54024600982666,,
131150,46.181888580322266,0.05,-9.620139122009277,,
131200,1.1984862089157104,0.05,-9.238641738891602,,
131250,17.222606658935547,0.05,-11.108802795410156,,
131300,18.852712631225586,0.05,-11.131180763244629,,
131350,12.462555885314941,0.05,-8.677639961242676,,
131400,38.06669235229492,0.05,-10.562600135803223,,
131450,7.835268020629883,0.05,-10.946964263916016,,
131500,1.0969690084457397,0.05,-8.432483673095703,,
131550,2.202624559402466,0.05,-9.491822242736816,,
131600,11.491133689880371,0.05,-9.0337495803833,,
131650,26.698530197143555,0.05,-9.661791801452637,,
131700,1.55637788772583,0.05,-9.561010360717773,,
131750,15.650059700012207,0.05,-11.326830863952637,,
131800,14.143332481384277,0.05,-9.537680625915527,,
131850,13.461323738098145,0.05,-11.175000190734863,,
131900,5.734053134918213,0.05,-9.556687355041504,,
131950,6.334482192993164,0.05,-9.224181175231934,,
132000,14.704880714416504,0.05,-9.960826873779297,,
132050,0.6154211759567261,0.05,-10.569012641906738,,
132100,20.253021240234375,0.05,-9.412381172180176,,
132150,4.379512786865234,0.05,-10.5244722366333,,
132200,5.568948745727539,0.05,-10.980270385742188,,
132250,3.6158292293548584,0.05,-9.369505882263184,,
132300,11.28852367401123,0.05,-10.939244270324707,,
132350,19.058835983276367,0.05,-11.86011028289795,,
132400,5.533414363861084,0.05,-8.604002952575684,,
132450,1.6374107599258423,0.05,-9.545235633850098,,
132500,24.147035598754883,0.05,-10.565861701965332,,
132550,10.247782707214355,0.05,-10.388671875,,
132600,21.304048538208008,0.05,-9.024081230163574,,
132650,13.848917961120605,0.05,-10.79419994354248,,
132700,0.25831541419029236,0.05,-8.208647727966309,,
132750,27.688180923461914,0.05,-10.645676612854004,,
132800,2.3514771461486816,0.05,-8.469910621643066,,
132850,8.608235359191895,0.05,-9.249364852905273,,
132900,17.812837600708008,0.05,-11.010542869567871,,
132950,2.173218250274658,0.05,-10.431200981140137,,
133000,13.336060523986816,0.05,-11.119109153747559,,
133050,19.116737365722656,0.05,-10.389183044433594,,
133100,1.0367778539657593,0.05,-10.40987777709961,,
133150,6.634063243865967,0.05,-10.973401069641113,,
133200,16.738615036010742,0.05,-10.918103218078613,,
133250,4.011608123779297,0.05,-9.825181007385254,,
133300,10.78943157196045,0.05,-10.177886962890625,,
133350,6.443258285522461,0.05,-8.188031196594238,,
133400,6.858435153961182,0.05,-8.555891036987305,,
133450,0.10062362998723984,0.05,-8.008488655090332,,
133500,2.931636095046997,0.05,-9.02194881439209,,
133550,1.4057453870773315,0.05,-8.685730934143066,,
133600,18.556081771850586,0.05,-8.439055442810059,,
133650,1.9983755350112915,0.05,-9.243624687194824,,
133700,0.7146615982055664,0.05,-8.62259578704834,,
133750,12.588467597961426,0.05,-10.472134590148926,,
133800,12.328963279724121,0.05,-8.377197265625,,
133850,9.835183143615723,0.05,-8.503483772277832,,
133900,31.958131790161133,0.05,-11.450553894042969,,
133950,6.515050411224365,0.05,-8.631577491760254,,
134000,6.398374557495117,0.05,-10.829113006591797,,
134050,10.440302848815918,0.05,-8.701859474182129,,
134100,3.962982416152954,0.05,-8.154346466064453,,
134150,17.458349227905273,0.05,-10.763792991638184,,
134200,2.757399320602417,0.05,-8.125216484069824,,
134250,11.858817100524902,0.05,-8.982199668884277,,
134300,6.082063674926758,0.05,-10.025717735290527,,
134350,0.3073359429836273,0.05,-10.027640342712402,,
134400,16.025083541870117,0.05,-8.354653358459473,,
134450,10.422606468200684,0.05,-10.83734130859375,,
134500,9.644192695617676,0.05,-10.447615623474121,,
134550,6.734500885009766,0.05,-8.726705551147461,,
134600,6.723337173461914,0.05,-9.239762306213379,,
134650,0.9299852252006531,0.05,-10.609216690063477,,
134700,27.395116806030273,0.05,-9.483307838439941,,
134750,11.31625747680664,0.05,-10.315848350524902,,
134800,9.3395414352417,0.05,-8.878687858581543,,
134850,18.33222198486328,0.05,-10.665909767150879,,
134900,18.35883331298828,0.05,-9.158682823181152,,
134950,24.927709579467773,0.05,-10.44743537902832,,
135000,9.083836555480957,0.05,-7.774282455444336,,
135050,12.633694648742676,0.05,-10.552645683288574,,
135100,14.870307922363281,0.05,-9.696657180786133,,
135150,19.737777709960938,0.05,-10.514510154724121,,
135200,15.838234901428223,0.05,-10.477458953857422,,
135250,4.5849456787109375,0.05,-8.703021049499512,,
135300,15.79889965057373,0.05,-9.491113662719727,,
135350,8.393588066101074,0.05,-10.938477516174316,,
135400,15.658421516418457,0.05,-9.095932006835938,,
135450,3.429919481277466,0.05,-9.30421257019043,,
135500,1.566546082496643,0.05,-8.126338958740234,,
135550,14.453843116760254,0.05,-9.669426918029785,,
135600,22.16709327697754,0.05,-10.777148246765137,,
135650,11.902913093566895,0.05,-8.257485389709473,,
135700,2.5999596118927,0.05,-9.38913631439209,,
135750,25.748868942260742,0.05,-9.311783790588379,,
135800,12.301319122314453,0.05,-9.680229187011719,,
135850,16.793336868286133,0.05,-9.471613883972168,,
135900,0.8828726410865784,0.05,-7.952754974365234,,
135950,8.282410621643066,0.05,-8.057116508483887,,
136000,27.856185913085938,0.05,-11.625518798828125,,
136050,11.025483131408691,0.05,-9.784723281860352,,
136100,36.757652282714844,0.05,-8.947686195373535,,
136150,22.732267379760742,0.05,-9.935912132263184,,
136200,9.117207527160645,0.05,-10.059020042419434,,
136250,19.807220458984375,0.05,-10.509617805480957,,
136300,21.449663162231445,0.05,-9.005875587463379,,
136350,6.328357219696045,0.05,-8.411633491516113,,
136400,32.41914749145508,0.05,-8.33158016204834,,
136450,26.868257522583008,0.05,-9.06820011138916,,
136500,2.7469482421875,0.05,-9.002013206481934,,
136550,13.747122764587402,0.05,-8.601460456848145,,
136600,39.511539459228516,0.05,-9.743178367614746,,
136650,10.901762962341309,0.05,-8.038591384887695,,
136700,4.650280475616455,0.05,-9.913329124450684,,
136750,5.202759265899658,0.05,-8.797390937805176,,
136800,6.10537576675415,0.05,-10.796825408935547,,
136850,7.984625339508057,0.05,-8.925148963928223,,
136900,14.80986499786377,0.05,-9.402705192565918,,
136950,7.201654434204102,0.05,-8.097528457641602,,
137000,13.912016868591309,0.05,-9.126696586608887,,
137050,14.274173736572266,0.05,-10.250140190124512,,
137100,22.320878982543945,0.05,-11.948328971862793,,
137150,14.273970603942871,0.05,-9.820255279541016,,
137200,3.773419141769409,0.05,-9.478803634643555,,
137250,35.244720458984375,0.05,-10.477688789367676,,
137300,8.779431343078613,0.05,-10.901057243347168,,
137350,10.339517593383789,0.05,-9.534321784973145,,
137400,13.227173805236816,0.05,-10.37166690826416,,
137450,23.801000595092773,0.05,-10.852255821228027,,
137500,23.428159713745117,0.05,-10.035246849060059,,
137550,20.428951263427734,0.05,-10.297907829284668,,
137600,15.94562816619873,0.05,-9.409101486206055,,
137650,10.162772178649902,0.05,-9.298733711242676,,
137700,10.851073265075684,0.05,-9.564401626586914,,
137750,4.414625644683838,0.05,-9.402146339416504,,
137800,2.722996473312378,0.05,-9.029266357421875,,
137850,12.425578117370605,0.05,-7.968613147735596,,
137900,14.98694896697998,0.05,-10.068264961242676,,
137950,8.73399829864502,0.05,-8.741000175476074,,
138000,9.707941055297852,0.05,-8.674835205078125,,
138050,20.571279525756836,0.05,-9.251629829406738,,
138100,19.20619773864746,0.05,-10.877198219299316,,
138150,8.958868980407715,0.05,-8.850579261779785,,
138200,21.2683162689209,0.05,-9.191837310791016,,
138250,5.127151966094971,0.05,-8.667962074279785,,
138300,5.1727776527404785,0.05,-10.376514434814453,,
138350,2.0236880779266357,0.05,-8.85176944732666,,
138400,9.473788261413574,0.05,-9.91306209564209,,
138450,5.670379161834717,0.05,-8.567551612854004,,
138500,6.599838733673096,0.05,-9.742944717407227,,
138550,13.407572746276855,0.05,-8.848440170288086,,
138600,8.403508186340332,0.05,-8.616744041442871,,
138650,3.7566044330596924,0.05,-8.75348949432373,,
138700,0.697826087474823,0.05,-8.366976737976074,,
138750,4.193711757659912,0.05,-8.96313190460205,,
138800,0.9104703068733215,0.05,-7.786349773406982,,
138850,6.675910949707031,0.05,-9.12554931640625,,
138900,8.131653785705566,0.05,-11.489445686340332,,
138950,2.03371262550354,0.05,-9.177952766418457,,
139000,12.817939758300781,0.05,-9.348917961120605,,
139050,20.135101318359375,0.05,-10.592036247253418,,
139100,3.038782835006714,0.05,-10.66268539428711,,
139150,22.53766632080078,0.05,-9.87351131439209,,
139200,1.3704338073730469,0.05,-9.022526741027832,,
139250,7.760136127471924,0.05,-8.429219245910645,,
139300,0.8415107131004333,0.05,-7.365384578704834,,
139350,10.279476165771484,0.05,-8.639646530151367,,
139400,1.8786073923110962,0.05,-9.316129684448242,,
139450,22.876869201660156,0.05,-9.155376434326172,,
139500,5.226332187652588,0.05,-9.594467163085938,,
139550,20.88116455078125,0.05,-8.267986297607422,,
139600,13.914825439453125,0.05,-8.751688003540039,,
139650,1.6798152923583984,0.05,-8.588679313659668,,
139700,10.888121604919434,0.05,-9.600284576416016,,
139750,10.009252548217773,0.05,-8.727813720703125,,
139800,24.7299747467041,0.05,-11.693438529968262,,
139850,1.7752493619918823,0.05,-8.31750202178955,,
139900,25.170671463012695,0.05,-11.548053741455078,,
139950,45.02876281738281,0.05,-8.998701095581055,,
140000,2.597294569015503,0.05,-9.35873794555664,,
140050,35.61271286010742,0.05,-11.71073055267334,,
140100,18.651811599731445,0.05,-10.0966215133667,,
140150,24.52326011657715,0.05,-9.28931999206543,,
140200,8.867172241210938,0.05,-11.776083946228027,,
140250,2.0717556476593018,0.05,-10.520431518554688,,
140300,26.96202850341797,0.05,-10.709063529968262,,
140350,27.900909423828125,0.05,-10.178032875061035,,
140400,10.611220359802246,0.05,-10.424982070922852,,
140450,5.405294895172119,0.05,-9.076384544372559,,
140500,9.369138717651367,0.05,-10.643136978149414,,
140550,27.023178100585938,0.05,-12.51935863494873,,
140600,1.1736735105514526,0.05,-8.79394245147705,,
140650,12.35136890411377,0.05,-11.065510749816895,,
140700,2.4663455486297607,0.05,-10.167166709899902,,
140750,13.136357307434082,0.05,-10.977367401123047,,
140800,30.0709171295166,0.05,-8.818713188171387,,
140850,11.089138984680176,0.05,-8.346389770507812,,
140900,2.4391653537750244,0.05,-9.004402160644531,,
140950,38.05145263671875,0.05,-10.540825843811035,,
141000,14.50432300567627,0.05,-11.0156888961792,,
141050,20.68216896057129,0.05,-9.966922760009766,,
141100,22.697999954223633,0.05,-8.79293155670166,,
141150,26.25310707092285,0.05,-10.66881275177002,,
141200,60.8767204284668,0.05,-12.093295097351074,,
141250,12.672622680664062,0.05,-9.937771797180176,,
141300,1.4513555765151978,0.05,-7.365847110748291,,
141350,25.172697067260742,0.05,-9.372003555297852,,
141400,9.105537414550781,0.05,-11.344225883483887,,
141450,47.5238037109375,0.05,-11.070517539978027,,
141500,12.995347023010254,0.05,-8.470002174377441,,
141550,9.745980262756348,0.05,-8.581995010375977,,
141600,27.438629150390625,0.05,-10.194199562072754,,
141650,22.43138313293457,0.05,-8.602461814880371,,
141700,23.650869369506836,0.05,-10.68625545501709,,
141750,2.3908865451812744,0.05,-9.871857643127441,,
141800,25.273704528808594,0.05,-10.062893867492676,,
141850,0.3513506352901459,0.05,-7.551120758056641,,
141900,18.245363235473633,0.05,-9.219544410705566,,
141950,6.1212687492370605,0.05,-8.726204872131348,,
142000,4.147030353546143,0.05,-9.151061058044434,,
142050,2.7074697017669678,0.05,-8.642871856689453,,
142100,17.31505012512207,0.05,-8.228572845458984,,
142150,17.158903121948242,0.05,-9.581229209899902,,
142200,5.158427715301514,0.05,-10.582447052001953,,
142250,3.1727631092071533,0.05,-9.97656536102295,,
142300,17.347665786743164,0.05,-9.529037475585938,,
142350,7.105848789215088,0.05,-8.23144245147705,,
142400,28.207916259765625,0.05,-12.308784484863281,,
142450,7.610745906829834,0.05,-10.391678810119629,,
142500,10.226158142089844,0.05,-8.7526273727417,,
142550,16.747236251831055,0.05,-8.949371337890625,,
142600,17.77199363708496,0.05,-9.571824073791504,,
142650,2.299426794052124,0.05,-8.584467887878418,,
142700,14.894377708435059,0.05,-9.728584289550781,,
142750,8.12022876739502,0.05,-10.177706718444824,,
142800,29.590002059936523,0.05,-10.46601676940918,,
142850,31.91956901550293,0.05,-9.021857261657715,,
142900,3.231889486312866,0.05,-9.856846809387207,,
142950,18.01224708557129,0.05,-8.32692813873291,,
143000,28.2963809967041,0.05,-10.543682098388672,,
143050,1.6092047691345215,0.05,-9.532266616821289,,
143100,4.9096150398254395,0.05,-9.44633960723877,,
143150,27.335649490356445,0.05,-9.28300952911377,,
143200,3.6725504398345947,0.05,-8.693737983703613,,
143250,5.733824253082275,0.05,-8.457444190979004,,
143300,20.2405948638916,0.05,-11.365338325500488,,
143350,3.244924306869507,0.05,-7.993415832519531,,
143400,5.155816555023193,0.05,-11.383635520935059,,
143450,2.2198598384857178,0.05,-9.80853271484375,,
143500,55.78861618041992,0.05,-10.73895263671875,,
143550,37.9802360534668,0.05,-11.255236625671387,,
143600,30.92841148376465,0.05,-10.381325721740723,,
143650,29.594209671020508,0.05,-9.076553344726562,,
143700,5.39341402053833,0.05,-9.15726375579834,,
143750,31.299123764038086,0.05,-11.60167407989502,,
143800,4.640729904174805,0.05,-8.959990501403809,,
143850,11.700861930847168,0.05,-11.198647499084473,,
143900,8.94205093383789,0.05,-12.11668872833252,,
143950,25.098785400390625,0.05,-10.837162971496582,,
144000,32.1689567565918,0.05,-9.303031921386719,,
144050,0.7735530734062195,0.05,-9.441970825195312,,
144100,13.298832893371582,0.05,-11.584892272949219,,
144150,35.970035552978516,0.05,-10.428309440612793,,
144200,38.68747329711914,0.05,-10.35791301727295,,
144250,18.35422706604004,0.05,-9.984663009643555,,
144300,5.231431484222412,0.05,-8.837624549865723,,
144350,26.831735610961914,0.05,-10.277005195617676,,
144400,17.57947540283203,0.05,-10.78359317779541,,
144450,25.984222412109375,0.05,-9.89380168914795,,
144500,17.532590866088867,0.05,-9.626705169677734,,
144550,10.3357515335083,0.05,-9.425573348999023,,
144600,14.083914756774902,0.05,-8.132833480834961,,
144650,14.034647941589355,0.05,-8.688427925109863,,
144700,10.3239164352417,0.05,-9.377740859985352,,
144750,17.1350154876709,0.05,-9.935746192932129,,
144800,19.620203018188477,0.05,-8.811094284057617,,
144850,30.986495971679688,0.05,-12.022723197937012,,
144900,7.106812000274658,0.05,-9.293639183044434,,
144950,1.6494354009628296,0.05,-8.98089599609375,,
145000,21.67035484313965,0.05,-9.676945686340332,,
145050,9.889906883239746,0.05,-8.631376266479492,,
145100,21.96314811706543,0.05,-8.91850757598877,,
145150,15.924031257629395,0.05,-8.557154655456543,,
145200,1.2682385444641113,0.05,-8.697896003723145,,
145250,9.643699645996094,0.05,-9.318458557128906,,
145300,9.620389938354492,0.05,-9.964142799377441,,
145350,6.545430660247803,0.05,-8.579425811767578,,
145400,8.750901222229004,0.05,-9.042120933532715,,
145450,0.6854440569877625,0.05,-7.603945255279541,,
145500,36.385005950927734,0.05,-8.810515403747559,,
145550,3.0823729038238525,0.05,-9.783702850341797,,
145600,9.027400016784668,0.05,-9.649608612060547,,
145650,4.633002281188965,0.05,-8.47445297241211,,
145700,2.965143918991089,0.05,-9.71297836303711,,
145750,6.122650623321533,0.05,-9.670113563537598,,
145800,0.8970698714256287,0.05,-9.5433349609375,,
145850,15.75576114654541,0.05,-8.829452514648438,,
145900,2.32007098197937,0.05,-8.426102638244629,,
145950,6.407179355621338,0.05,-9.895346641540527,,
146000,7.5811591148376465,0.05,-8.654854774475098,,
146050,19.693344116210938,0.05,-9.61653995513916,,
146100,7.818153381347656,0.05,-10.838452339172363,,
146150,14.344183921813965,0.05,-7.896130084991455,,
146200,5.537391185760498,0.05,-8.561505317687988,,
146250,3.310667037963867,0.05,-8.192852020263672,,
146300,17.040712356567383,0.05,-9.308972358703613,,
146350,9.1810941696167,0.05,-9.134078979492188,,
146400,4.719506740570068,0.05,-9.58456802368164,,
146450,9.881121635437012,0.05,-9.6466064453125,,
146500,6.906076908111572,0.05,-9.826447486877441,,
146550,42.92506790161133,0.05,-10.447285652160645,,
146600,33.37173843383789,0.05,-10.255989074707031,,
146650,15.745573997497559,0.05,-9.921722412109375,,
146700,3.272517442703247,0.05,-8.441482543945312,,
146750,5.831674575805664,0.05,-9.11082649230957,,
146800,11.624485969543457,0.05,-9.0407075881958,,
146850,11.85761547088623,0.05,-8.526230812072754,,
146900,17.722749710083008,0.05,-9.95246410369873,,
146950,7.51418924331665,0.05,-8.446041107177734,,
147000,13.41661548614502,0.05,-9.391938209533691,,
147050,1.0715934038162231,0.05,-8.661039352416992,,
147100,0.6153598427772522,0.05,-8.064383506774902,,
147150,5.664758205413818,0.05,-12.021350860595703,,
147200,21.978187561035156,0.05,-8.865727424621582,,
147250,8.937477111816406,0.05,-8.668213844299316,,
147300,2.660597562789917,0.05,-8.813088417053223,,
147350,9.133554458618164,0.05,-9.730209350585938,,
147400,15.550145149230957,0.05,-9.129907608032227,,
147450,13.092127799987793,0.05,-9.640649795532227,,
147500,14.014595031738281,0.05,-9.10885238647461,,
147550,1.6168931722640991,0.05,-9.0157470703125,,
147600,7.4255595207214355,0.05,-8.688590049743652,,
147650,16.607580184936523,0.05,-9.817370414733887,,
147700,9.389293670654297,0.05,-9.196433067321777,,
147750,4.6787333488464355,0.05,-8.530135154724121,,
147800,5.54728889465332,0.05,-9.526633262634277,,
147850,9.371565818786621,0.05,-9.358214378356934,,
147900,10.647854804992676,0.05,-10.058094024658203,,
147950,8.123887062072754,0.05,-8.782374382019043,,
148000,29.30280113220215,0.05,-10.64133358001709,,
148050,13.88964557647705,0.05,-9.47745418548584,,
148100,10.600845336914062,0.05,-8.185328483581543,,
148150,2.741807222366333,0.05,-8.846653938293457,,
148200,11.609114646911621,0.05,-9.926226615905762,,
148250,2.39741587638855,0.05,-8.216812133789062,,
148300,1.1864126920700073,0.05,-9.240110397338867,,
148350,13.307988166809082,0.05,-9.016136169433594,,
148400,6.067895412445068,0.05,-8.58801555633545,,
148450,1.9142524003982544,0.05,-8.903968811035156,,
148500,14.489619255065918,0.05,-10.618865966796875,,
148550,21.27146339416504,0.05,-9.414462089538574,,
148600,15.085761070251465,0.05,-9.388165473937988,,
148650,7.233030796051025,0.05,-7.945615768432617,,
148700,12.843196868896484,0.05,-9.71277141571045,,
148750,12.147208213806152,0.05,-10.42040729522705,,
148800,5.825770854949951,0.05,-9.80985164642334,,
148850,17.292383193969727,0.05,-11.042866706848145,,
148900,13.795989990234375,0.05,-8.691624641418457,,
148950,1.8336882591247559,0.05,-11.660881042480469,,
149000,3.1472578048706055,0.05,-9.414216041564941,,
149050,20.442049026489258,0.05,-8.74138355255127,,
149100,19.87687110900879,0.05,-8.708500862121582,,
149150,18.28054428100586,0.05,-9.356074333190918,,
149200,3.5070533752441406,0.05,-9.55578327178955,,
149250,2.3589398860931396,0.05,-8.406280517578125,,
149300,5.009727478027344,0.05,-9.578587532043457,,
149350,12.28676986694336,0.05,-9.90686321258545,,
149400,16.27227210998535,0.05,-10.555662155151367,,
149450,10.294147491455078,0.05,-10.667705535888672,,
149500,8.941191673278809,0.05,-9.511423110961914,,
149550,18.487470626831055,0.05,-8.650616645812988,,
149600,24.18592071533203,0.05,-9.25732421875,,
149650,1.3075095415115356,0.05,-9.03237247467041,,
149700,10.712210655212402,0.05,-8.945298194885254,,
149750,1.5723276138305664,0.05,-7.8282246589660645,,
149800,11.875929832458496,0.05,-8.369267463684082,,
149850,19.078231811523438,0.05,-7.37240743637085,,
149900,4.605419635772705,0.05,-10.05085277557373,,
149950,0.5552607774734497,0.05,-8.248055458068848,,
150000,2.74261736869812,0.05,-8.711033821105957,-0.5802010437746893,27.066666666666663
150050,35.328067779541016,0.05,-9.199923515319824,,
150100,5.720366954803467,0.05,-8.159476280212402,,
150150,31.206756591796875,0.05,-8.73264217376709,,
150200,1.2451086044311523,0.05,-8.830111503601074,,
150250,7.712970733642578,0.05,-8.276673316955566,,
150300,2.912365674972534,0.05,-8.164816856384277,,
150350,11.509757995605469,0.05,-9.351351737976074,,
150400,12.29257583618164,0.05,-9.161004066467285,,
150450,2.776989221572876,0.05,-8.526387214660645,,
150500,28.9522647857666,0.05,-10.076662063598633,,
150550,4.9068474769592285,0.05,-7.197973728179932,,
150600,9.080303192138672,0.05,-7.821478366851807,,
150650,37.33439254760742,0.05,-10.312771797180176,,
150700,15.230755805969238,0.05,-9.328326225280762,,
150750,6.317287445068359,0.05,-7.8077545166015625,,
150800,2.1546847820281982,0.05,-10.08528995513916,,
150850,0.3605305850505829,0.05,-7.536231994628906,,
150900,11.142802238464355,0.05,-9.354022026062012,,
150950,7.094502925872803,0.05,-9.10216236114502,,
151000,4.212763786315918,0.05,-9.042236328125,,
151050,1.2128883600234985,0.05,-10.560261726379395,,
151100,5.013741970062256,0.05,-9.14297103881836,,
151150,8.88991928100586,0.05,-9.810585021972656,,
151200,15.646770477294922,0.05,-8.98203182220459,,
151250,13.49252700805664,0.05,-8.705113410949707,,
151300,34.47169876098633,0.05,-9.357504844665527,,
151350,3.893202543258667,0.05,-8.238646507263184,,
151400,19.59938621520996,0.05,-9.664190292358398,,
151450,16.55953025817871,0.05,-10.630095481872559,,
151500,13.1948881149292,0.05,-9.425126075744629,,
151550,14.479339599609375,0.05,-10.100993156433105,,
151600,23.852638244628906,0.05,-7.427052974700928,,
151650,11.643282890319824,0.05,-9.671574592590332,,
151700,1.6502774953842163,0.05,-9.627697944641113,,
151750,6.210887432098389,0.05,-9.494318962097168,,
151800,0.1296374797821045,0.05,-7.08640718460083,,
151850,13.458304405212402,0.05,-10.179322242736816,,
151900,3.6393511295318604,0.05,-9.081558227539062,,
151950,8.7852144241333,0.05,-11.058319091796875,,
152000,28.011884689331055,0.05,-9.048288345336914,,
152050,19.816848754882812,0.05,-8.490696907043457,,
152100,12.770865440368652,0.05,-9.38879680633545,,
152150,7.3085408210754395,0.05,-8.865286827087402,,
152200,26.077394485473633,0.05,-9.525351524353027,,
152250,5.763021469116211,0.05,-8.963261604309082,,
152300,3.1716129779815674,0.05,-10.061589241027832,,
152350,3.8814218044281006,0.05,-8.222475051879883,,
152400,5.190639972686768,0.05,-8.977911949157715,,
152450,23.941892623901367,0.05,-8.938015937805176,,
152500,5.345569133758545,0.05,-9.612395286560059,,
152550,5.478200435638428,0.05,-8.311211585998535,,
152600,23.30692481994629,0.05,-9.109634399414062,,
152650,10.24552059173584,0.05,-7.730757236480713,,
152700,4.770636081695557,0.05,-7.413893222808838,,
152750,11.512980461120605,0.05,-10.084304809570312,,
152800,1.8279434442520142,0.05,-8.441483497619629,,
152850,0.7281315326690674,0.05,-8.725520133972168,,
152900,33.21940612792969,0.05,-9.203557968139648,,
152950,12.725406646728516,0.05,-9.27540397644043,,
153000,1.6594430208206177,0.05,-7.799506664276123,,
153050,1.5777596235275269,0.05,-8.572598457336426,,
153100,28.1026668548584,0.05,-9.810522079467773,,
153150,6.730123043060303,0.05,-11.852280616760254,,
153200,35.82657241821289,0.05,-8.855463981628418,,
153250,39.237613677978516,0.05,-7.764225482940674,,
153300,8.79777717590332,0.05,-9.022953987121582,,
153350,1.3823713064193726,0.05,-9.79200553894043,,
153400,6.048061370849609,0.05,-9.537837028503418,,
153450,2.4522693157196045,0.05,-8.397257804870605,,
153500,1.9940162897109985,0.05,-8.957341194152832,,
153550,8.356335639953613,0.05,-8.187870025634766,,
153600,8.408490180969238,0.05,-10.5471830368042,,
153650,3.7876853942871094,0.05,-8.44487476348877,,
153700,0.36630356311798096,0.05,-7.1144537925720215,,
153750,3.1099674701690674,0.05,-7.149437427520752,,
153800,2.5443429946899414,0.05,-9.241959571838379,,
153850,12.483898162841797,0.05,-8.337067604064941,,
153900,2.829496145248413,0.05,-9.242962837219238,,
153950,12.595291137695312,0.05,-8.277748107910156,,
154000,11.572970390319824,0.05,-8.961859703063965,,
154050,8.945098876953125,0.05,-8.42687702178955,,
154100,6.586612224578857,0.05,-8.047250747680664,,
154150,3.6623897552490234,0.05,-9.488471031188965,,
154200,13.553421020507812,0.05,-10.102194786071777,,
154250,10.509764671325684,0.05,-8.557629585266113,,
154300,5.739582061767578,0.05,-7.758180141448975,,
154350,13.425288200378418,0.05,-9.30374813079834,,
154400,3.665578842163086,0.05,-8.866033554077148,,
154450,0.6717718243598938,0.05,-6.176525115966797,,
154500,2.477376699447632,0.05,-9.160265922546387,,
154550,1.5755432844161987,0.05,-7.940935134887695,,
154600,23.58946418762207,0.05,-10.7246675491333,,
154650,6.578141689300537,0.05,-9.199000358581543,,
154700,7.453427791595459,0.05,-9.307820320129395,,
154750,7.71652364730835,0.05,-10.394035339355469,,
154800,44.611576080322266,0.05,-8.405277252197266,,
154850,21.541501998901367,0.05,-10.213602066040039,,
154900,12.708606719970703,0.05,-10.17478084564209,,
154950,5.391080379486084,0.05,-8.799328804016113,,
155000,18.986793518066406,0.05,-9.275036811828613,,
155050,17.206806182861328,0.05,-9.164989471435547,,
155100,7.716547012329102,0.05,-9.31477165222168,,
155150,23.880678176879883,0.05,-9.767230987548828,,
155200,1.0970195531845093,0.05,-7.720546722412109,,
155250,17.97218132019043,0.05,-9.251138687133789,,
155300,60.146610260009766,0.05,-8.938544273376465,,
155350,4.78283166885376,0.05,-9.437132835388184,,
155400,6.544321060180664,0.05,-8.646700859069824,,
155450,8.519707679748535,0.05,-11.59442138671875,,
155500,23.516639709472656,0.05,-9.061210632324219,,
155550,1.081658959388733,0.05,-8.35025405883789,,
155600,58.35396194458008,0.05,-11.57829761505127,,
155650,12.980002403259277,0.05,-9.467161178588867,,
155700,28.692949295043945,0.05,-8.406070709228516,,
155750,21.583356857299805,0.05,-10.124272346496582,,
155800,7.641595363616943,0.05,-10.95970630645752,,
155850,49.08615493774414,0.05,-10.513931274414062,,
155900,29.89322853088379,0.05,-10.819109916687012,,
155950,2.6413838863372803,0.05,-8.36656665802002,,
156000,13.3198881149292,0.05,-7.919571399688721,,
156050,0.5702855587005615,0.05,-8.7971773147583,,
156100,11.072665214538574,0.05,-8.649985313415527,,
156150,7.042054653167725,0.05,-8.461986541748047,,
156200,35.15323257446289,0.05,-10.447161674499512,,
156250,21.326330184936523,0.05,-8.746060371398926,,
156300,43.91805648803711,0.05,-11.618705749511719,,
156350,53.538204193115234,0.05,-12.753372192382812,,
156400,29.458139419555664,0.05,-9.194085121154785,,
156450,3.103104591369629,0.05,-7.422382354736328,,
156500,34.524051666259766,0.05,-9.28373908996582,,
156550,14.099007606506348,0.05,-7.860147953033447,,
156600,5.914382457733154,0.05,-9.639586448669434,,
156650,21.517913818359375,0.05,-8.84917163848877,,
156700,17.978683471679688,0.05,-8.74215030670166,,
156750,14.569770812988281,0.05,-9.417057037353516,,
156800,7.2441582679748535,0.05,-8.417046546936035,,
156850,10.918745994567871,0.05,-8.355151176452637,,
156900,29.58778953552246,0.05,-8.2188720703125,,
156950,0.9147076606750488,0.05,-8.094923973083496,,
157000,19.069364547729492,0.05,-6.813795566558838,,
157050,4.618725299835205,0.05,-9.27295970916748,,
157100,3.4568662643432617,0.05,-8.94790267944336,,
157150,13.295357704162598,0.05,-8.132271766662598,,
157200,2.122103691101074,0.05,-7.075446605682373,,
157250,15.585917472839355,0.05,-8.689620971679688,,
157300,2.6945419311523438,0.05,-8.57620620727539,,
157350,20.61075782775879,0.05,-10.272845268249512,,
157400,9.64624309539795,0.05,-7.356314182281494,,
157450,5.5780463218688965,0.05,-8.680727005004883,,
157500,12.142948150634766,0.05,-7.755424976348877,,
157550,2.6588752269744873,0.05,-9.708170890808105,,
157600,12.011085510253906,0.05,-7.5614094734191895,,
157650,4.326581954956055,0.05,-8.438926696777344,,
157700,0.8559795022010803,0.05,-9.498356819152832,,
157750,18.034564971923828,0.05,-7.733582973480225,,
157800,9.849414825439453,0.05,-7.487658977508545,,
157850,5.241250991821289,0.05,-8.582221984863281,,
157900,2.5276131629943848,0.05,-8.125370979309082,,
157950,16.768836975097656,0.05,-8.605483055114746,,
158000,2.3343794345855713,0.05,-7.039407253265381,,
158050,8.500208854675293,0.05,-8.369190216064453,,
158100,20.54718589782715,0.05,-8.123095512390137,,
158150,8.365832328796387,0.05,-8.520930290222168,,
158200,15.144196510314941,0.05,-8.293464660644531,,
158250,4.2098774909973145,0.05,-7.783712387084961,,
158300,3.1183230876922607,0.05,-7.867776870727539,,
158350,6.679996967315674,0.05,-7.772400379180908,,
158400,13.674346923828125,0.05,-8.280020713806152,,
158450,4.296544551849365,0.05,-7.93078088760376,,
158500,5.943784713745117,0.05,-7.63293981552124,,
158550,14.81963062286377,0.05,-10.186230659484863,,
158600,3.390887498855591,0.05,-7.418663024902344,,
158650,52.96413803100586,0.05,-10.972293853759766,,
158700,21.593812942504883,0.05,-8.123669624328613,,
158750,11.841683387756348,0.05,-9.026076316833496,,
158800,2.1528406143188477,0.05,-9.88874340057373,,
158850,7.475305080413818,0.05,-6.298768520355225,,
158900,3.571453332901001,0.05,-7.736883163452148,,
158950,1.535051941871643,0.05,-9.52126407623291,,
159000,6.197524547576904,0.05,-7.6231255531311035,,
159050,23.800209045410156,0.05,-7.2116851806640625,,
159100,29.3010311126709,0.05,-8.866053581237793,,
159150,4.572335243225098,0.05,-7.922767639160156,,
159200,28.781160354614258,0.05,-8.874122619628906,,
159250,2.7569777965545654,0.05,-9.40615177154541,,
159300,44.20614242553711,0.05,-8.538156509399414,,
159350,2.6131088733673096,0.05,-7.939208984375,,
159400,30.61944580078125,0.05,-9.4215669631958,,
159450,0.25979167222976685,0.05,-7.403287410736084,,
159500,17.109819412231445,0.05,-11.86035442352295,,
159550,20.240018844604492,0.05,-7.737803936004639,,
159600,55.8262939453125,0.05,-8.79111385345459,,
159650,30.895111083984375,0.05,-9.384398460388184,,
159700,16.530065536499023,0.05,-10.165934562683105,,
159750,3.6601479053497314,0.05,-7.636272430419922,,
159800,1.6129976511001587,0.05,-10.004642486572266,,
159850,11.449782371520996,0.05,-9.820150375366211,,
159900,32.806610107421875,0.05,-10.5636625289917,,
159950,10.84961223602295,0.05,-10.119131088256836,,
160000,12.801552772521973,0.05,-8.111268997192383,,
160050,17.82279396057129,0.05,-9.276196479797363,,
160100,7.208473205566406,0.05,-7.550856113433838,,
160150,23.85013771057129,0.05,-10.864971160888672,,
160200,26.650938034057617,0.05,-9.4363431930542,,
160250,1.3763459920883179,0.05,-7.655855655670166,,
160300,23.047149658203125,0.05,-8.41909122467041,,
160350,8.892571449279785,0.05,-8.453653335571289,,
160400,6.159579753875732,0.05,-8.305207252502441,,
160450,5.403305530548096,0.05,-8.455632209777832,,
160500,9.270564079284668,0.05,-8.012283325195312,,
160550,4.678548336029053,0.05,-8.18750286102295,,
160600,0.8458350300788879,0.05,-7.672556400299072,,
160650,3.0382816791534424,0.05,-10.479998588562012,,
160700,30.653167724609375,0.05,-9.106083869934082,,
160750,19.040239334106445,0.05,-8.944084167480469,,
160800,2.977001905441284,0.05,-9.361800193786621,,
160850,14.635200500488281,0.05,-8.444023132324219,,
160900,2.941701889038086,0.05,-9.318012237548828,,
160950,21.284849166870117,0.05,-9.446476936340332,,
161000,10.652148246765137,0.05,-8.583189964294434,,
161050,3.708885908126831,0.05,-7.54097318649292,,
161100,1.1269875764846802,0.05,-9.720829963684082,,
161150,3.957392454147339,0.05,-9.355634689331055,,
161200,13.709650993347168,0.05,-9.260634422302246,,
161250,5.168992519378662,0.05,-6.689216136932373,,
161300,1.554909586906433,0.05,-8.871901512145996,,
161350,18.938417434692383,0.05,-8.137894630432129,,
161400,64.13835906982422,0.05,-10.434488296508789,,
161450,0.5504184365272522,0.05,-9.362189292907715,,
161500,9.519176483154297,0.05,-8.24251651763916,,
161550,10.731243133544922,0.05,-9.218390464782715,,
161600,28.557533264160156,0.05,-8.952862739562988,,
161650,11.917582511901855,0.05,-10.45185375213623,,
161700,31.966245651245117,0.05,-8.941814422607422,,
161750,11.219566345214844,0.05,-8.135563850402832,,
161800,44.035858154296875,0.05,-9.378036499023438,,
161850,37.324432373046875,0.05,-8.803159713745117,,
161900,15.161575317382812,0.05,-8.254525184631348,,
161950,31.372007369995117,0.05,-13.854615211486816,,
162000,44.66411209106445,0.05,-10.437732696533203,,
162050,3.5149600505828857,0.05,-10.5017671585083,,
162100,8.358182907104492,0.05,-9.495217323303223,,
162150,2.7202091217041016,0.05,-9.519515037536621,,
162200,2.496760129928589,0.05,-9.11780071258545,,
162250,17.149290084838867,0.05,-10.341849327087402,,
162300,23.677282333374023,0.05,-10.578742980957031,,
162350,0.3035808503627777,0.05,-10.052376747131348,,
162400,1.1806429624557495,0.05,-10.143628120422363,,
162450,37.40052795410156,0.05,-10.63183879852295,,
162500,24.5789852142334,0.05,-9.323348999023438,,
162550,6.131030559539795,0.05,-10.348605155944824,,
162600,1.0769908428192139,0.05,-9.093902587890625,,
162650,1.85531747341156,0.05,-9.001145362854004,,
162700,35.67605209350586,0.05,-12.373074531555176,,
162750,1.9437557458877563,0.05,-9.723091125488281,,
162800,64.72710418701172,0.05,-9.393489837646484,,
162850,2.1685597896575928,0.05,-8.847611427307129,,
162900,15.51141357421875,0.05,-10.954524040222168,,
162950,27.01058006286621,0.05,-10.343551635742188,,
163000,3.5993642807006836,0.05,-9.04076862335205,,
163050,1.4641560316085815,0.05,-10.090027809143066,,
163100,0.9526443481445312,0.05,-7.276336669921875,,
163150,2.9257447719573975,0.05,-9.274249076843262,,
163200,43.879241943359375,0.05,-10.572281837463379,,
163250,10.18309497833252,0.05,-10.880034446716309,,
163300,57.8392333984375,0.05,-10.192601203918457,,
163350,4.532744407653809,0.05,-10.217558860778809,,
163400,3.2819364070892334,0.05,-12.15886402130127,,
163450,17.619726181030273,0.05,-10.822422981262207,,
163500,14.275482177734375,0.05,-9.394110679626465,,
163550,20.188169479370117,0.05,-8.838030815124512,,
163600,29.710182189941406,0.05,-11.307976722717285,,
163650,0.9665892124176025,0.05,-9.05501937866211,,
163700,2.601797580718994,0.05,-9.163846015930176,,
163750,14.04736614227295,0.05,-10.756094932556152,,
163800,3.0617520809173584,0.05,-11.44173526763916,,
163850,18.463462829589844,0.05,-10.556205749511719,,
163900,21.634191513061523,0.05,-10.417153358459473,,
163950,2.6043381690979004,0.05,-9.601487159729004,,
164000,25.9754638671875,0.05,-11.94662094116211,,
164050,5.688591480255127,0.05,-9.789681434631348,,
164100,25.184236526489258,0.05,-8.617117881774902,,
164150,7.1689300537109375,0.05,-8.935444831848145,,
164200,1.260567545890808,0.05,-8.040204048156738,,
164250,39.61921691894531,0.05,-9.40925121307373,,
164300,15.687445640563965,0.05,-8.83752727508545,,
164350,8.624192237854004,0.05,-8.696297645568848,,
164400,17.210311889648438,0.05,-9.088388442993164,,
164450,15.491508483886719,0.05,-8.682711601257324,,
164500,14.309722900390625,0.05,-9.95152759552002,,
164550,30.395172119140625,0.05,-10.454216957092285,,
164600,35.975093841552734,0.05,-10.072325706481934,,
164650,19.388105392456055,0.05,-11.37127685546875,,
164700,20.234460830688477,0.05,-8.634906768798828,,
164750,25.22688865661621,0.05,-9.411609649658203,,
164800,6.516471862792969,0.05,-8.90043830871582,,
164850,36.47209548950195,0.05,-12.543644905090332,,
164900,13.320284843444824,0.05,-12.064763069152832,,
164950,8.245935440063477,0.05,-10.119450569152832,,
165000,21.44398307800293,0.05,-10.029295921325684,,
165050,11.179741859436035,0.05,-8.892913818359375,,
165100,1.932965874671936,0.05,-9.01558780670166,,
165150,3.0975286960601807,0.05,-10.313549995422363,,
165200,1.7630720138549805,0.05,-10.012127876281738,,
165250,5.3550944328308105,0.05,-10.025199890136719,,
165300,7.453985691070557,0.05,-11.260310173034668,,
165350,29.00872802734375,0.05,-11.718314170837402,,
165400,55.639888763427734,0.05,-11.439216613769531,,
165450,3.3550357818603516,0.05,-10.438606262207031,,
165500,2.861813545227051,0.05,-9.584242820739746,,
165550,3.1068131923675537,0.05,-10.200345993041992,,
165600,1.5446686744689941,0.05,-9.385106086730957,,
165650,7.89802360534668,0.05,-8.430313110351562,,
165700,1.8665553331375122,0.05,-8.963421821594238,,
165750,7.297102451324463,0.05,-8.439154624938965,,
165800,3.73818302154541,0.05,-8.7402925491333,,
165850,24.824880599975586,0.05,-11.285537719726562,,
165900,26.930822372436523,0.05,-8.732677459716797,,
165950,12.118269920349121,0.05,-9.489888191223145,,
166000,13.394946098327637,0.05,-10.466620445251465,,
166050,15.010791778564453,0.05,-8.419903755187988,,
166100,18.851608276367188,0.05,-9.796030044555664,,
166150,16.499502182006836,0.05,-9.757918357849121,,
166200,28.818130493164062,0.05,-9.767975807189941,,
166250,25.76848793029785,0.05,-8.878728866577148,,
166300,11.35113525390625,0.05,-8.82991886138916,,
166350,0.4516955316066742,0.05,-7.506416320800781,,
166400,7.217010498046875,0.05,-11.593742370605469,,
166450,13.416179656982422,0.05,-10.043071746826172,,
166500,20.532564163208008,0.05,-9.797113418579102,,
166550,9.284071922302246,0.05,-9.250824928283691,,
166600,7.455287456512451,0.05,-8.070084571838379,,
166650,24.310209274291992,0.05,-10.545084953308105,,
166700,14.5598783493042,0.05,-9.595768928527832,,
166750,2.7985706329345703,0.05,-8.642614364624023,,
166800,1.2688275575637817,0.05,-10.366943359375,,
166850,27.57781219482422,0.05,-11.151049613952637,,
166900,2.7175674438476562,0.05,-8.419525146484375,,
166950,34.50261688232422,0.05,-11.264023780822754,,
167000,3.117199659347534,0.05,-8.661515235900879,,
167050,3.5626754760742188,0.05,-10.445417404174805,,
167100,12.189972877502441,0.05,-9.193390846252441,,
167150,23.642173767089844,0.05,-9.3720064163208,,
167200,8.81285572052002,0.05,-7.746159076690674,,
167250,17.400123596191406,0.05,-10.26181697845459,,
167300,15.496977806091309,0.05,-11.124565124511719,,
167350,10.10501766204834,0.05,-9.244429588317871,,
167400,9.024385452270508,0.05,-9.09603214263916,,
167450,15.74902057647705,0.05,-11.244152069091797,,
167500,9.029694557189941,0.05,-8.440046310424805,,
167550,12.790055274963379,0.05,-9.372225761413574,,
167600,4.564497947692871,0.05,-8.247831344604492,,
167650,5.78902006149292,0.05,-8.539410591125488,,
167700,7.28965425491333,0.05,-8.054308891296387,,
167750,18.090009689331055,0.05,-9.971787452697754,,
167800,12.57921314239502,0.05,-9.099361419677734,,
167850,2.7725229263305664,0.05,-8.491822242736816,,
167900,15.130803108215332,0.05,-9.50056266784668,,
167950,12.779934883117676,0.05,-8.248588562011719,,
168000,6.018224239349365,0.05,-8.361517906188965,,
168050,10.347925186157227,0.05,-8.572184562683105,,
168100,25.73204231262207,0.05,-11.343914985656738,,
168150,3.310816526412964,0.05,-9.074990272521973,,
168200,32.18404006958008,0.05,-9.296154022216797,,
168250,25.414749145507812,0.05,-9.453475952148438,,
168300,4.456379413604736,0.05,-10.590432167053223,,
168350,39.433258056640625,0.05,-10.375776290893555,,
168400,5.552145004272461,0.05,-9.220248222351074,,
168450,19.3052921295166,0.05,-8.273941040039062,,
168500,4.420708179473877,0.05,-8.985807418823242,,
168550,12.820854187011719,0.05,-9.673554420471191,,
168600,4.399933815002441,0.05,-9.666752815246582,,
168650,16.186311721801758,0.05,-8.615374565124512,,
168700,7.969867706298828,0.05,-8.587238311767578,,
168750,0.9340724349021912,0.05,-9.491362571716309,,
168800,1.7308565378189087,0.05,-9.170448303222656,,
168850,60.8101921081543,0.05,-10.330445289611816,,
168900,13.400525093078613,0.05,-8.597593307495117,,
168950,35.83320236206055,0.05,-9.077046394348145,,
169000,11.098353385925293,0.05,-7.79979944229126,,
169050,9.533385276794434,0.05,-9.69466781616211,,
169100,1.7723488807678223,0.05,-8.075061798095703,,
169150,1.4952192306518555,0.05,-9.606207847595215,,
169200,19.280357360839844,0.05,-8.504936218261719,,
169250,24.83367156982422,0.05,-9.725359916687012,,
169300,26.787046432495117,0.05,-9.509200096130371,,
169350,1.9871021509170532,0.05,-7.350654125213623,,
169400,21.7407283782959,0.05,-8.44487476348877,,
169450,7.538519382476807,0.05,-10.663163185119629,,
169500,5.97900390625,0.05,-11.352934837341309,,
169550,28.854881286621094,0.05,-8.97684097290039,,
169600,8.446015357971191,0.05,-9.574955940246582,,
169650,25.2839298248291,0.05,-10.130304336547852,,
169700,43.61669921875,0.05,-9.300475120544434,,
169750,11.438343048095703,0.05,-9.972916603088379,,
169800,15.721927642822266,0.05,-7.9143595695495605,,
169850,2.957218885421753,0.05,-8.800296783447266,,
169900,3.0996029376983643,0.05,-8.657744407653809,,
169950,23.76222038269043,0.05,-9.84334945678711,,
170000,4.122481822967529,0.05,-9.68647575378418,,
170050,74.82303619384766,0.05,-11.157035827636719,,
170100,22.36899757385254,0.05,-9.960405349731445,,
170150,37.6316032409668,0.05,-8.5747709274292,,
170200,13.005061149597168,0.05,-9.083373069763184,,
170250,13.667101860046387,0.05,-10.121289253234863,,
170300,16.95084571838379,0.05,-8.345813751220703,,
170350,30.11928367614746,0.05,-8.255497932434082,,
170400,3.8559415340423584,0.05,-9.004347801208496,,
170450,14.63631534576416,0.05,-8.451712608337402,,
170500,10.810844421386719,0.05,-8.270697593688965,,
170550,15.285527229309082,0.05,-8.317237854003906,,
170600,0.9137275815010071,0.05,-7.350931167602539,,
170650,2.011822462081909,0.05,-9.491423606872559,,
170700,0.9048413634300232,0.05,-7.684335708618164,,
170750,6.419124126434326,0.05,-9.45804500579834,,
170800,38.9579963684082,0.05,-10.373871803283691,,
170850,13.43812084197998,0.05,-10.102344512939453,,
170900,29.8135986328125,0.05,-8.331544876098633,,
170950,4.635297775268555,0.05,-7.888455867767334,,
171000,7.067851543426514,0.05,-7.597752094268799,,
171050,11.429561614990234,0.05,-8.309813499450684,,
171100,24.16971778869629,0.05,-9.631817817687988,,
171150,48.37945556640625,0.05,-10.907876014709473,,
171200,21.718759536743164,0.05,-8.745448112487793,,
171250,18.010873794555664,0.05,-7.805442810058594,,
171300,4.954552173614502,0.05,-9.063376426696777,,
171350,15.693142890930176,0.05,-10.311142921447754,,
171400,6.719707012176514,0.05,-8.97508430480957,,
171450,14.254168510437012,0.05,-10.167202949523926,,
171500,11.815882682800293,0.05,-9.377477645874023,,
171550,12.158074378967285,0.05,-8.633166313171387,,
171600,7.470058441162109,0.05,-8.404549598693848,,
171650,31.981521606445312,0.05,-8.186144828796387,,
171700,1.6862545013427734,0.05,-8.567683219909668,,
171750,56.462406158447266,0.05,-10.92674732208252,,
171800,5.363719940185547,0.05,-7.618472576141357,,
171850,23.329774856567383,0.05,-10.135645866394043,,
171900,17.971452713012695,0.05,-9.154557228088379,,
171950,25.199323654174805,0.05,-10.731610298156738,,
172000,15.902810096740723,0.05,-11.09201431274414,,
172050,6.135091781616211,0.05,-7.503365993499756,,
172100,6.764970302581787,0.05,-8.687079429626465,,
172150,2.8303401470184326,0.05,-7.806407451629639,,
172200,0.9278032183647156,0.05,-8.201395988464355,,
172250,7.511041164398193,0.05,-9.351967811584473,,
172300,17.589746475219727,0.05,-8.594864845275879,,
172350,12.955777168273926,0.05,-7.2604193687438965,,
172400,1.655716896057129,0.05,-9.748788833618164,,
172450,6.7117600440979,0.05,-7.48585319519043,,
172500,14.206311225891113,0.05,-8.969027519226074,,
172550,2.0582144260406494,0.05,-8.478446960449219,,
172600,0.828052818775177,0.05,-7.532407283782959,,
172650,2.1809842586517334,0.05,-8.668030738830566,,
172700,10.092806816101074,0.05,-8.355409622192383,,
172750,12.43596363067627,0.05,-10.659242630004883,,
172800,3.3941361904144287,0.05,-7.7492241859436035,,
172850,0.3565351963043213,0.05,-8.085129737854004,,
172900,6.081987380981445,0.05,-8.867925643920898,,
172950,0.3200715482234955,0.05,-8.101521492004395,,
173000,36.95643615722656,0.05,-10.22775936126709,,
173050,37.328914642333984,0.05,-10.746570587158203,,
173100,62.70121765136719,0.05,-8.509028434753418,,
173150,10.249140739440918,0.05,-9.942920684814453,,
173200,16.759166717529297,0.05,-8.550680160522461,,
173250,16.683635711669922,0.05,-10.133313179016113,,
173300,2.5542662143707275,0.05,-7.791967391967773,,
173350,16.82802963256836,0.05,-9.996424674987793,,
173400,6.895211696624756,0.05,-9.771528244018555,,
173450,22.801963806152344,0.05,-9.66010570526123,,
173500,15.372389793395996,0.05,-8.519556999206543,,
173550,4.439120292663574,0.05,-9.185018539428711,,
173600,14.267207145690918,0.05,-10.479525566101074,,
173650,13.956718444824219,0.05,-10.126145362854004,,
173700,3.5261013507843018,0.05,-10.371868133544922,,
173750,10.04133129119873,0.05,-8.630337715148926,,
173800,21.380552291870117,0.05,-10.45584774017334,,
173850,2.1932690143585205,0.05,-7.529453277587891,,
173900,1.9505305290222168,0.05,-7.457561492919922,,
173950,1.3700703382492065,0.05,-8.315199851989746,,
174000,15.479369163513184,0.05,-9.783539772033691,,
174050,18.43320655822754,0.05,-9.401509284973145,,
174100,2.3900036811828613,0.05,-7.734319686889648,,
174150,6.8755974769592285,0.05,-8.289642333984375,,
174200,32.8651008605957,0.05,-10.686131477355957,,
174250,16.691314697265625,0.05,-10.634106636047363,,
174300,29.467071533203125,0.05,-8.819090843200684,,
174350,17.495250701904297,0.05,-10.887420654296875,,
174400,2.5833957195281982,0.05,-8.927275657653809,,
174450,2.9240763187408447,0.05,-8.598281860351562,,
174500,24.154823303222656,0.05,-9.937463760375977,,
174550,11.7405424118042,0.05,-10.04513168334961,,
174600,32.71491622924805,0.05,-10.048227310180664,,
174650,2.231579065322876,0.05,-9.702536582946777,,
174700,37.524532318115234,0.05,-9.620532989501953,,
174750,10.297492027282715,0.05,-7.934462070465088,,
174800,53.77206802368164,0.05,-9.028494834899902,,
174850,23.31804656982422,0.05,-8.189583778381348,,
174900,15.102546691894531,0.05,-5.913003444671631,,
174950,13.702960014343262,0.05,-10.696015357971191,,
175000,1.651179313659668,0.05,-9.485763549804688,-1.10396237906229,36.8
175050,6.882574558258057,0.05,-9.573004722595215,,
175100,6.236471652984619,0.05,-8.285079002380371,,
175150,0.6184179186820984,0.05,-8.477145195007324,,
175200,13.259455680847168,0.05,-8.10498332977295,,
175250,33.287593841552734,0.05,-9.424195289611816,,
175300,41.0217399597168,0.05,-9.615405082702637,,
175350,23.017288208007812,0.05,-9.559290885925293,,
175400,8.683941841125488,0.05,-9.479656219482422,,
175450,17.623750686645508,0.05,-8.415556907653809,,
175500,8.99990463256836,0.05,-8.532793998718262,,
175550,1.2685645818710327,0.05,-8.550013542175293,,
175600,48.851959228515625,0.05,-10.309578895568848,,
175650,23.530881881713867,0.05,-10.189916610717773,,
175700,11.069732666015625,0.05,-10.44485092163086,,
175750,44.75442886352539,0.05,-8.620389938354492,,
175800,61.31596755981445,0.05,-8.536178588867188,,
175850,16.91571617126465,0.05,-7.350057125091553,,
175900,26.464134216308594,0.05,-8.48551082611084,,
175950,1.2304906845092773,0.05,-9.330930709838867,,
176000,5.209102153778076,0.05,-10.802214622497559,,
176050,0.7149356007575989,0.05,-9.723286628723145,,
176100,30.789756774902344,0.05,-10.73884105682373,,
176150,26.99810791015625,0.05,-11.5465087890625,,
176200,6.7215447425842285,0.05,-9.566158294677734,,
176250,16.1036319732666,0.05,-10.77475643157959,,
176300,2.133591651916504,0.05,-8.239498138427734,,
176350,37.36305618286133,0.05,-8.237899780273438,,
176400,7.550940036773682,0.05,-9.490296363830566,,
176450,76.44878387451172,0.05,-8.66138744354248,,
176500,30.887453079223633,0.05,-12.009734153747559,,
176550,3.1775455474853516,0.05,-10.622469902038574,,
176600,0.4390212595462799,0.05,-9.402847290039062,,
176650,18.008058547973633,0.05,-11.209616661071777,,
176700,3.0672404766082764,0.05,-9.602603912353516,,
176750,13.645641326904297,0.05,-11.830455780029297,,
176800,21.376585006713867,0.05,-9.14993953704834,,
176850,10.911787986755371,0.05,-9.273953437805176,,
176900,43.2624626159668,0.05,-10.860079765319824,,
176950,16.653791427612305,0.05,-10.923290252685547,,
177000,57.36227035522461,0.05,-10.541338920593262,,
177050,25.54901885986328,0.05,-9.671574592590332,,
177100,8.514876365661621,0.05,-8.215530395507812,,
177150,34.66837692260742,0.05,-9.79802417755127,,
177200,1.182125210762024,0.05,-9.165372848510742,,
177250,8.960131645202637,0.05,-9.064945220947266,,
177300,14.578179359436035,0.05,-10.014809608459473,,
177350,26.748123168945312,0.05,-9.441691398620605,,
177400,12.499897003173828,0.05,-9.983087539672852,,
177450,47.65285873413086,0.05,-10.657927513122559,,
177500,5.685998439788818,0.05,-8.987582206726074,,
177550,18.471820831298828,0.05,-8.785487174987793,,
177600,2.991945505142212,0.05,-8.681994438171387,,
177650,29.64580726623535,0.05,-11.05283260345459,,
177700,11.771756172180176,0.05,-9.129288673400879,,
177750,24.26763343811035,0.05,-8.163530349731445,,
177800,17.364347457885742,0.05,-10.47568130493164,,
177850,1.8299999237060547,0.05,-9.829963684082031,,
177900,3.3208789825439453,0.05,-11.296432495117188,,
177950,20.576187133789062,0.05,-8.965538024902344,,
178000,26.662567138671875,0.05,-9.487580299377441,,
178050,6.884983539581299,0.05,-10.11361026763916,,
178100,15.05074405670166,0.05,-10.512604713439941,,
178150,37.6153450012207,0.05,-10.657435417175293,,
178200,5.677445888519287,0.05,-9.637405395507812,,
178250,3.7322702407836914,0.05,-9.380091667175293,,
178300,3.6745035648345947,0.05,-8.396175384521484,,
178350,22.70766258239746,0.05,-8.235007286071777,,
178400,17.287277221679688,0.05,-9.132559776306152,,
178450,1.850171446800232,0.05,-10.634162902832031,,
178500,0.5693374276161194,0.05,-9.164525032043457,,
178550,27.276655197143555,0.05,-10.30811595916748,,
178600,15.308929443359375,0.05,-10.816609382629395,,
178650,34.385719299316406,0.05,-9.152127265930176,,
178700,45.05340576171875,0.05,-11.37474536895752,,
178750,21.06258201599121,0.05,-8.511090278625488,,
178800,0.16159003973007202,0.05,-8.152752876281738,,
178850,36.30600357055664,0.05,-11.42495059967041,,
178900,22.25261878967285,0.05,-11.424054145812988,,
178950,17.17312240600586,0.05,-11.146037101745605,,
179000,5.934289455413818,0.05,-11.074082374572754,,
179050,5.588148593902588,0.05,-11.262027740478516,,
179100,20.6246395111084,0.05,-9.63138484954834,,
179150,17.655651092529297,0.05,-10.443131446838379,,
179200,22.24187469482422,0.05,-8.792850494384766,,
179250,41.91844940185547,0.05,-12.799386024475098,,
179300,3.6686203479766846,0.05,-8.156147956848145,,
179350,14.399542808532715,0.05,-10.31213665008545,,
179400,12.564414024353027,0.05,-10.661715507507324,,
179450,12.740859031677246,0.05,-9.975203514099121,,
179500,31.459352493286133,0.05,-11.89766788482666,,
179550,11.784693717956543,0.05,-9.435914993286133,,
179600,66.49945831298828,0.05,-8.849409103393555,,
179650,1.3095955848693848,0.05,-9.17538070678711,,
179700,21.716215133666992,0.05,-10.310873985290527,,
179750,1.8625012636184692,0.05,-9.450217247009277,,
179800,21.080842971801758,0.05,-10.352920532226562,,
179850,20.5380802154541,0.05,-9.192319869995117,,
179900,0.8494322896003723,0.05,-8.820247650146484,,
179950,30.19679069519043,0.05,-10.070832252502441,,
180000,14.77532958984375,0.05,-10.826298713684082,,
180050,31.796669006347656,0.05,-10.196696281433105,,
180100,29.507776260375977,0.05,-9.738506317138672,,
180150,1.3798775672912598,0.05,-8.814806938171387,,
180200,1.30238938331604,0.05,-8.559615135192871,,
180250,16.735437393188477,0.05,-11.852355003356934,,
180300,14.208492279052734,0.05,-9.613228797912598,,
180350,3.0432918071746826,0.05,-9.515961647033691,,
180400,9.858935356140137,0.05,-9.47573184967041,,
180450,10.86828327178955,0.05,-10.213885307312012,,
180500,21.344907760620117,0.05,-9.898916244506836,,
180550,0.9401885867118835,0.05,-9.591935157775879,,
180600,12.230294227600098,0.05,-8.410906791687012,,
180650,18.531240463256836,0.05,-9.721745491027832,,
180700,4.917403697967529,0.05,-9.585679054260254,,
180750,1.7224870920181274,0.05,-8.848784446716309,,
180800,34.237613677978516,0.05,-8.491798400878906,,
180850,34.58615493774414,0.05,-10.323227882385254,,
180900,8.705355644226074,0.05,-8.679378509521484,,
180950,3.44034481048584,0.05,-7.810323238372803,,
181000,22.398880004882812,0.05,-9.691716194152832,,
181050,14.572670936584473,0.05,-9.671292304992676,,
181100,1.9389152526855469,0.05,-8.403536796569824,,
181150,10.564610481262207,0.05,-9.03357982635498,,
181200,0.7823355793952942,0.05,-11.308353424072266,,
181250,14.552258491516113,0.05,-9.555492401123047,,
181300,6.647165775299072,0.05,-7.814599990844727,,
181350,17.08080291748047,0.05,-8.6655912399292,,
181400,22.767362594604492,0.05,-8.833696365356445,,
181450,9.259876251220703,0.05,-9.483863830566406,,
181500,2.861281633377075,0.05,-8.557478904724121,,
181550,6.246757984161377,0.05,-9.301310539245605,,
181600,10.525141716003418,0.05,-7.450310230255127,,
181650,0.24974197149276733,0.05,-8.155848503112793,,
181700,1.1382858753204346,0.05,-8.775927543640137,,
181750,21.343351364135742,0.05,-8.617087364196777,,
181800,9.359002113342285,0.05,-9.527619361877441,,
181850,21.182979583740234,0.05,-9.473695755004883,,
181900,7.064738750457764,0.05,-8.98769760131836,,
181950,10.07768726348877,0.05,-7.7332377433776855,,
182000,22.082571029663086,0.05,-9.138691902160645,,
182050,34.9744987487793,0.05,-9.218337059020996,,
182100,20.18813133239746,0.05,-9.483789443969727,,
182150,22.046815872192383,0.05,-11.286293983459473,,
182200,21.082868576049805,0.05,-10.83777141571045,,
182250,0.18427735567092896,0.05,-8.767067909240723,,
182300,4.40977668762207,0.05,-8.45416259765625,,
182350,13.941576957702637,0.05,-10.124016761779785,,
182400,22.597036361694336,0.05,-9.296008110046387,,
182450,18.021284103393555,0.05,-9.315945625305176,,
182500,2.615225076675415,0.05,-8.627406120300293,,
182550,24.939529418945312,0.05,-10.679218292236328,,
182600,21.478052139282227,0.05,-8.968340873718262,,
182650,2.2051236629486084,0.05,-9.52112102508545,,
182700,3.952705144882202,0.05,-7.872411251068115,,
182750,1.4706259965896606,0.05,-10.017775535583496,,
182800,21.631093978881836,0.05,-9.796360969543457,,
182850,15.429150581359863,0.05,-8.980999946594238,,
182900,8.737215995788574,0.05,-10.205113410949707,,
182950,14.464997291564941,0.05,-9.622529029846191,,
183000,0.5641589164733887,0.05,-9.28563404083252,,
183050,34.7896614074707,0.05,-8.733295440673828,,
183100,21.86058807373047,0.05,-8.809462547302246,,
183150,4.217978477478027,0.05,-8.595917701721191,,
183200,33.68813705444336,0.05,-9.720011711120605,,
183250,15.150126457214355,0.05,-10.762421607971191,,
183300,2.494610548019409,0.05,-9.664288520812988,,
183350,10.567061424255371,0.05,-7.911279201507568,,
183400,15.042590141296387,0.05,-9.043012619018555,,
183450,7.999475002288818,0.05,-8.557201385498047,,
183500,6.932976245880127,0.05,-9.448324203491211,,
183550,23.673749923706055,0.05,-10.170047760009766,,
183600,8.053167343139648,0.05,-8.199736595153809,,
183650,28.399805068969727,0.05,-9.688721656799316,,
183700,13.449043273925781,0.05,-10.90121841430664,,
183750,5.120813846588135,0.05,-8.85395336151123,,
183800,25.239831924438477,0.05,-9.478424072265625,,
183850,5.382829189300537,0.05,-8.298369407653809,,
183900,26.355775833129883,0.05,-10.542580604553223,,
183950,48.0474967956543,0.05,-11.182178497314453,,
184000,11.28885555267334,0.05,-7.968254089355469,,
184050,33.45664596557617,0.05,-10.441093444824219,,
184100,2.9603567123413086,0.05,-8.130660057067871,,
184150,31.665918350219727,0.05,-10.227679252624512,,
184200,26.47435188293457,0.05,-9.51851749420166,,
184250,10.814679145812988,0.05,-13.500016212463379,,
184300,37.66676712036133,0.05,-9.426514625549316,,
184350,6.1086201667785645,0.05,-10.508169174194336,,
184400,2.097079038619995,0.05,-7.597055912017822,,
184450,1.0421830415725708,0.05,-10.547070503234863,,
184500,54.53194046020508,0.05,-12.415654182434082,,
184550,24.720125198364258,0.05,-9.341999053955078,,
184600,22.763010025024414,0.05,-10.372321128845215,,
184650,12.230751037597656,0.05,-10.114480018615723,,
184700,3.766099691390991,0.05,-8.493799209594727,,
184750,38.733036041259766,0.05,-9.453001022338867,,
184800,1.691606879234314,0.05,-9.971806526184082,,
184850,0.8676977157592773,0.05,-7.3859944343566895,,
184900,26.557416915893555,0.05,-11.78032398223877,,
184950,9.77163028717041,0.05,-8.434799194335938,,
185000,41.631656646728516,0.05,-9.926430702209473,,
185050,1.5944709777832031,0.05,-8.662245750427246,,
185100,8.514287948608398,0.05,-8.547120094299316,,
185150,12.865157127380371,0.05,-9.22359561920166,,
185200,5.108378887176514,0.05,-8.702733039855957,,
185250,67.70903778076172,0.05,-13.035313606262207,,
185300,10.968283653259277,0.05,-11.757804870605469,,
185350,38.24248123168945,0.05,-10.789600372314453,,
185400,20.18610191345215,0.05,-8.512406349182129,,
185450,16.66428565979004,0.05,-8.941640853881836,,
185500,7.414977550506592,0.05,-8.34340763092041,,
185550,14.663016319274902,0.05,-8.985125541687012,,
185600,22.785749435424805,0.05,-9.419571876525879,,
185650,19.856382369995117,0.05,-8.232437133789062,,
185700,0.8369141221046448,0.05,-7.262393951416016,,
185750,1.4533191919326782,0.05,-8.270785331726074,,
185800,4.55958366394043,0.05,-7.708795547485352,,
185850,4.06895637512207,0.05,-8.977302551269531,,
185900,23.570337295532227,0.05,-9.234734535217285,,
185950,21.01711082458496,0.05,-9.438042640686035,,
186000,24.779638290405273,0.05,-8.90202808380127,,
186050,9.94304370880127,0.05,-7.9045257568359375,,
186100,19.106979370117188,0.05,-7.972301483154297,,
186150,11.597081184387207,0.05,-7.091165542602539,,
186200,1.5093482732772827,0.05,-8.230944633483887,,
186250,21.19230079650879,0.05,-8.134028434753418,,
186300,14.290682792663574,0.05,-9.758597373962402,,
186350,13.627487182617188,0.05,-10.244114875793457,,
186400,12.805933952331543,0.05,-9.942654609680176,,
186450,8.11987018585205,0.05,-9.04741096496582,,
186500,25.849977493286133,0.05,-9.065256118774414,,
186550,9.633519172668457,0.05,-9.328723907470703,,
186600,12.672608375549316,0.05,-8.465065002441406,,
186650,2.4059603214263916,0.05,-7.968775272369385,,
186700,21.244491577148438,0.05,-9.594529151916504,,
186750,27.00838279724121,0.05,-8.801676750183105,,
186800,5.013582706451416,0.05,-8.644105911254883,,
186850,18.514894485473633,0.05,-9.391818046569824,,
186900,34.40178298950195,0.05,-9.948477745056152,,
186950,9.125916481018066,0.05,-6.508018970489502,,
187000,20.84352684020996,0.05,-8.182400703430176,,
187050,1.063631534576416,0.05,-9.585299491882324,,
187100,7.5038743019104,0.05,-8.329154968261719,,
187150,3.540297746658325,0.05,-7.596593379974365,,
187200,4.737651348114014,0.05,-9.239791870117188,,
187250,24.19084930419922,0.05,-8.859560012817383,,
187300,0.3278534710407257,0.05,-10.457629203796387,,
187350,15.315054893493652,0.05,-8.715521812438965,,
187400,26.530332565307617,0.05,-10.210606575012207,,
187450,16.284137725830078,0.05,-8.990654945373535,,
187500,0.9377102851867676,0.05,-8.483284950256348,,
187550,4.949626445770264,0.05,-8.651847839355469,,
187600,14.19629955291748,0.05,-9.961573600769043,,
187650,41.231937408447266,0.05,-9.499341011047363,,
187700,1.4241108894348145,0.05,-7.661756992340088,,
187750,4.376511096954346,0.05,-8.565678596496582,,
187800,9.11074161529541,0.05,-9.856411933898926,,
187850,9.202384948730469,0.05,-8.909211158752441,,
187900,19.19891357421875,0.05,-9.402074813842773,,
187950,7.493360996246338,0.05,-9.351811408996582,,
188000,20.319765090942383,0.05,-8.461946487426758,,
188050,7.082614898681641,0.05,-8.612553596496582,,
188100,9.568387031555176,0.05,-8.0463228225708,,
188150,56.23777389526367,0.05,-9.555602073669434,,
188200,2.301312208175659,0.05,-7.459566593170166,,
188250,1.0751749277114868,0.05,-7.619534969329834,,
188300,13.684715270996094,0.05,-8.910090446472168,,
188350,3.121354341506958,0.05,-9.070921897888184,,
188400,16.502910614013672,0.05,-10.503512382507324,,
188450,6.510129928588867,0.05,-8.21804428100586,,
188500,11.020878791809082,0.05,-10.479324340820312,,
188550,42.990230560302734,0.05,-8.621317863464355,,
188600,17.5460205078125,0.05,-8.445456504821777,,
188650,15.092331886291504,0.05,-9.129095077514648,,
188700,13.006964683532715,0.05,-8.880207061767578,,
188750,4.2544779777526855,0.05,-8.486682891845703,,
188800,3.039659261703491,0.05,-8.339516639709473,,
188850,1.6347824335098267,0.05,-8.441420555114746,,
188900,10.09212875366211,0.05,-9.12157917022705,,
188950,18.57182502746582,0.05,-8.539114952087402,,
189000,5.042469501495361,0.05,-8.989211082458496,,
189050,10.41638469696045,0.05,-8.380179405212402,,
189100,2.9578187465667725,0.05,-8.507163047790527,,
189150,24.41015625,0.05,-10.35765552520752,,
189200,18.580711364746094,0.05,-9.471497535705566,,
189250,28.159975051879883,0.05,-9.955601692199707,,
189300,8.376421928405762,0.05,-9.7786865234375,,
189350,8.318924903869629,0.05,-9.269963264465332,,
189400,9.379026412963867,0.05,-7.182982921600342,,
189450,5.973360538482666,0.05,-8.79088306427002,,
189500,7.900899410247803,0.05,-9.523170471191406,,
189550,31.381467819213867,0.05,-9.488497734069824,,
189600,34.54499435424805,0.05,-11.062212944030762,,
189650,0.28019508719444275,0.05,-7.9412713050842285,,
189700,34.74037551879883,0.05,-9.68116569519043,,
189750,16.403589248657227,0.05,-9.202905654907227,,
189800,11.402083396911621,0.05,-7.753622531890869,,
189850,24.498010635375977,0.05,-10.062139511108398,,
189900,2.056471824645996,0.05,-8.038056373596191,,
189950,17.93478012084961,0.05,-9.986648559570312,,
190000,0.995311975479126,0.05,-8.117897987365723,,
190050,6.028671741485596,0.05,-8.929615020751953,,
190100,13.330623626708984,0.05,-7.951550006866455,,
190150,13.647467613220215,0.05,-9.240522384643555,,
190200,6.418939113616943,0.05,-8.42068862915039,,
190250,12.736554145812988,0.05,-9.32029914855957,,
190300,11.540850639343262,0.05,-8.329277038574219,,
190350,4.425918102264404,0.05,-9.186139106750488,,
190400,25.87580108642578,0.05,-8.437752723693848,,
190450,13.346879005432129,0.05,-8.965657234191895,,
190500,16.025423049926758,0.05,-9.654877662658691,,
190550,1.8315426111221313,0.05,-7.957862854003906,,
190600,6.205210208892822,0.05,-8.518311500549316,,
190650,7.179571151733398,0.05,-9.856980323791504,,
190700,5.090314865112305,0.05,-7.4980788230896,,
190750,25.703065872192383,0.05,-9.909293174743652,,
190800,37.48012161254883,0.05,-8.861992835998535,,
190850,14.454516410827637,0.05,-8.31585693359375,,
190900,7.522200107574463,0.05,-7.97984504699707,,
190950,23.84919548034668,0.05,-7.731040954589844,,
191000,23.630311965942383,0.05,-9.959288597106934,,
191050,30.32097625732422,0.05,-10.780655860900879,,
191100,7.128172397613525,0.05,-8.631758689880371,,
191150,0.8059821128845215,0.05,-7.413269519805908,,
191200,8.33806324005127,0.05,-10.619986534118652,,
191250,27.03412628173828,0.05,-8.950037956237793,,
191300,28.67034149169922,0.05,-9.08103084564209,,
191350,7.937833309173584,0.05,-9.974555969238281,,
191400,14.529669761657715,0.05,-8.693881034851074,,
191450,22.711349487304688,0.05,-11.009095191955566,,
191500,0.41648682951927185,0.05,-8.020094871520996,,
191550,7.885427474975586,0.05,-8.351295471191406,,
191600,24.68892478942871,0.05,-9.908440589904785,,
191650,10.647549629211426,0.05,-8.492844581604004,,
191700,19.053720474243164,0.05,-10.533493995666504,,
191750,12.759601593017578,0.05,-9.494364738464355,,
191800,12.006725311279297,0.05,-10.34298038482666,,
191850,15.733379364013672,0.05,-9.34387493133545,,
191900,35.371192932128906,0.05,-9.691973686218262,,
191950,6.158102035522461,0.05,-8.111790657043457,,
192000,52.55073547363281,0.05,-12.600468635559082,,
192050,11.920727729797363,0.05,-8.426871299743652,,
192100,29.35917091369629,0.05,-9.078248023986816,,
192150,27.427589416503906,0.05,-8.715737342834473,,
192200,18.3687744140625,0.05,-11.116829872131348,,
192250,8.486336708068848,0.05,-8.94929027557373,,
192300,9.80049991607666,0.05,-9.818184852600098,,
192350,1.6824229955673218,0.05,-9.66252326965332,,
192400,2.900264024734497,0.05,-10.64345645904541,,
192450,3.510030746459961,0.05,-12.32406234741211,,
192500,6.933000564575195,0.05,-8.462197303771973,,
192550,5.720996379852295,0.05,-9.341848373413086,,
192600,12.571381568908691,0.05,-9.71311092376709,,
192650,18.15643882751465,0.05,-8.672606468200684,,
192700,37.59245681762695,0.05,-8.136056900024414,,
192750,37.6678581237793,0.05,-9.5657958984375,,
192800,18.17829704284668,0.05,-8.942683219909668,,
192850,24.759992599487305,0.05,-8.834151268005371,,
192900,6.3042426109313965,0.05,-11.416847229003906,,
192950,33.20241165161133,0.05,-8.633224487304688,,
193000,21.410371780395508,0.05,-10.171103477478027,,
193050,13.340022087097168,0.05,-9.776765823364258,,
193100,10.293325424194336,0.05,-8.399189949035645,,
193150,2.0150558948516846,0.05,-9.139901161193848,,
193200,2.685483932495117,0.05,-8.819643020629883,,
193250,2.857269525527954,0.05,-9.119349479675293,,
193300,8.760809898376465,0.05,-9.016715049743652,,
193350,31.253477096557617,0.05,-9.800437927246094,,
193400,4.400637149810791,0.05,-9.713326454162598,,
193450,2.9732894897460938,0.05,-11.84924602508545,,
193500,7.02520751953125,0.05,-8.997678756713867,,
193550,15.778788566589355,0.05,-8.63715648651123,,
193600,1.1695386171340942,0.05,-8.67838191986084,,
193650,7.663629531860352,0.05,-8.648900032043457,,
193700,3.0545384883880615,0.05,-9.76401424407959,,
193750,1.4439350366592407,0.05,-9.001871109008789,,
193800,24.020002365112305,0.05,-10.629376411437988,,
193850,13.012660026550293,0.05,-9.27535343170166,,
193900,9.662610054016113,0.05,-7.686643123626709,,
193950,10.989483833312988,0.05,-8.531842231750488,,
194000,19.610755920410156,0.05,-8.173487663269043,,
194050,2.299431562423706,0.05,-8.185654640197754,,
194100,0.9089342951774597,0.05,-8.870575904846191,,
194150,10.5263032913208,0.05,-8.480294227600098,,
194200,27.590667724609375,0.05,-8.563857078552246,,
194250,0.82357257604599,0.05,-8.919180870056152,,
194300,10.169684410095215,0.05,-8.467700004577637,,
194350,25.802902221679688,0.05,-10.624798774719238,,
194400,13.760392189025879,0.05,-8.162238121032715,,
194450,11.68468189239502,0.05,-8.240617752075195,,
194500,17.300512313842773,0.05,-9.425933837890625,,
194550,15.828824043273926,0.05,-8.587636947631836,,
194600,2.2862329483032227,0.05,-8.750418663024902,,
194650,11.26012897491455,0.05,-8.629441261291504,,
194700,10.382465362548828,0.05,-7.237330913543701,,
194750,7.858641147613525,0.05,-9.849913597106934,,
194800,11.419769287109375,0.05,-9.099896430969238,,
194850,13.478416442871094,0.05,-9.117959976196289,,
194900,29.5753173828125,0.05,-9.771225929260254,,
194950,6.480838775634766,0.05,-10.24448013305664,,
195000,2.560056209564209,0.05,-8.764851570129395,,
195050,2.1629817485809326,0.05,-8.627942085266113,,
195100,6.785236835479736,0.05,-9.268752098083496,,
195150,13.72805404663086,0.05,-9.711862564086914,,
195200,11.647431373596191,0.05,-8.711161613464355,,
195250,26.645248413085938,0.05,-9.198755264282227,,
195300,20.632238388061523,0.05,-8.74681282043457,,
195350,24.734329223632812,0.05,-9.62564468383789,,
195400,2.9212915897369385,0.05,-7.486328601837158,,
195450,9.654349327087402,0.05,-8.602152824401855,,
195500,7.314069747924805,0.05,-8.415290832519531,,
195550,15.167393684387207,0.05,-8.368557929992676,,
195600,22.406709671020508,0.05,-9.28257942199707,,
195650,4.932056903839111,0.05,-9.152725219726562,,
195700,2.8416531085968018,0.05,-10.116600036621094,,
195750,2.052063226699829,0.05,-8.157172203063965,,
195800,1.633718490600586,0.05,-10.235539436340332,,
195850,6.003297805786133,0.05,-8.555567741394043,,
195900,9.75182056427002,0.05,-9.423465728759766,,
195950,5.5574822425842285,0.05,-8.69587230682373,,
196000,0.61295485496521,0.05,-9.807077407836914,,
196050,9.860608100891113,0.05,-9.591565132141113,,
196100,30.42005729675293,0.05,-10.268523216247559,,
196150,14.575408935546875,0.05,-8.035995483398438,,
196200,12.297901153564453,0.05,-10.065269470214844,,
196250,1.7811875343322754,0.05,-9.587311744689941,,
196300,3.1957662105560303,0.05,-9.845376014709473,,
196350,3.4211466312408447,0.05,-9.633193016052246,,
196400,24.034561157226562,0.05,-9.25090503692627,,
196450,13.067748069763184,0.05,-8.729693412780762,,
196500,17.16840934753418,0.05,-9.40450668334961,,
196550,7.706153869628906,0.05,-9.228411674499512,,
196600,7.429317474365234,0.05,-8.630023002624512,,
196650,11.699019432067871,0.05,-9.476716041564941,,
196700,11.838661193847656,0.05,-9.348217964172363,,
196750,14.249484062194824,0.05,-10.802351951599121,,
196800,8.462177276611328,0.05,-7.946157455444336,,
196850,9.530104637145996,0.05,-8.615099906921387,,
196900,9.680916786193848,0.05,-9.58115291595459,,
196950,8.23342514038086,0.05,-8.332576751708984,,
197000,4.654118061065674,0.05,-9.112120628356934,,
197050,9.017868995666504,0.05,-9.37291431427002,,
197100,22.86839485168457,0.05,-8.966874122619629,,
197150,5.098371982574463,0.05,-8.009248733520508,,
197200,1.3755525350570679,0.05,-8.011578559875488,,
197250,4.3785810470581055,0.05,-9.148613929748535,,
197300,6.1513848304748535,0.05,-8.032600402832031,,
197350,8.77003002166748,0.05,-8.08487319946289,,
197400,16.414196014404297,0.05,-10.020064353942871,,
197450,3.2609822750091553,0.05,-8.204492568969727,,
197500,8.687440872192383,0.05,-9.41423511505127,,
197550,11.275992393493652,0.05,-8.573813438415527,,
197600,12.664306640625,0.05,-9.669095039367676,,
197650,38.324546813964844,0.05,-10.314706802368164,,
197700,11.67940902709961,0.05,-9.245591163635254,,
197750,17.568511962890625,0.05,-8.473737716674805,,
197800,9.191512107849121,0.05,-8.674042701721191,,
197850,13.155722618103027,0.05,-9.17197036743164,,
197900,32.56541442871094,0.05,-9.228955268859863,,
197950,13.056309700012207,0.05,-8.2880220413208,,
198000,17.319231033325195,0.05,-8.613778114318848,,
198050,3.5750181674957275,0.05,-10.881245613098145,,
198100,11.273040771484375,0.05,-8.608137130737305,,
198150,7.953983306884766,0.05,-9.880145072937012,,
198200,2.455672025680542,0.05,-7.446929454803467,,
198250,19.42622947692871,0.05,-11.00239086151123,,
198300,9.786101341247559,0.05,-9.593363761901855,,
198350,16.550642013549805,0.05,-9.365082740783691,,
198400,15.487910270690918,0.05,-7.927079677581787,,
198450,5.882777690887451,0.05,-8.546170234680176,,
198500,20.696640014648438,0.05,-7.301207065582275,,
198550,20.61286735534668,0.05,-9.450998306274414,,
198600,13.863808631896973,0.05,-9.515786170959473,,
198650,1.421658992767334,0.05,-8.174042701721191,,
198700,14.412238121032715,0.05,-7.274153232574463,,
198750,2.695263147354126,0.05,-8.268901824951172,,
198800,4.520035266876221,0.05,-7.963773727416992,,
198850,2.3094241619110107,0.05,-8.868071556091309,,
198900,10.301253318786621,0.05,-8.123041152954102,,
198950,3.8467624187469482,0.05,-8.304637908935547,,
199000,10.028091430664062,0.05,-7.378023624420166,,
199050,19.19122886657715,0.05,-9.288029670715332,,
199100,12.599292755126953,0.05,-8.994231224060059,,
199150,12.331546783447266,0.05,-10.39966869354248,,
199200,3.174640655517578,0.05,-8.639960289001465,,
199250,11.05683422088623,0.05,-9.6691255569458,,
199300,1.3012189865112305,0.05,-8.034683227539062,,
199350,1.8721212148666382,0.05,-9.685097694396973,,
199400,2.4829580783843994,0.05,-7.869311809539795,,
199450,12.384346008300781,0.05,-9.7978515625,,
199500,13.807671546936035,0.05,-10.021195411682129,,
199550,7.257194995880127,0.05,-9.033041954040527,,
199600,1.335433006286621,0.05,-7.8175482749938965,,
199650,24.7587833404541,0.05,-9.50978946685791,,
199700,15.61478328704834,0.05,-8.171189308166504,,
199750,2.633516550064087,0.05,-8.495296478271484,,
199800,5.680476665496826,0.05,-8.668983459472656,,
199850,5.707517147064209,0.05,-8.32250690460205,,
199900,2.860323190689087,0.05,-8.57397174835205,,
199950,4.390832424163818,0.05,-9.423727035522461,,
200000,2.7064437866210938,0.05,-8.176334381103516,-0.9231413276400795,28.799999999999997
200050,5.337728977203369,0.05,-7.979459762573242,,
200100,27.399917602539062,0.05,-8.232279777526855,,
200150,4.055104732513428,0.05,-7.5742268562316895,,
200200,1.3272665739059448,0.05,-7.442270755767822,,
200250,2.7953999042510986,0.05,-8.665108680725098,,
200300,21.520708084106445,0.05,-9.661114692687988,,
200350,2.021314859390259,0.05,-7.513250350952148,,
200400,5.394517421722412,0.05,-7.520084381103516,,
200450,5.087286472320557,0.05,-7.296960353851318,,
200500,0.6673160195350647,0.05,-6.287288665771484,,
200550,18.556276321411133,0.05,-8.643004417419434,,
200600,2.749786615371704,0.05,-9.96147632598877,,
200650,1.153487205505371,0.05,-7.381335735321045,,
200700,23.014869689941406,0.05,-6.992288112640381,,
200750,9.128630638122559,0.05,-7.240114688873291,,
200800,37.3599853515625,0.05,-7.7338032722473145,,
200850,12.831511497497559,0.05,-7.885009765625,,
200900,34.24935531616211,0.05,-11.331131935119629,,
200950,8.449254035949707,0.05,-8.735671043395996,,
201000,19.929990768432617,0.05,-7.198755264282227,,
201050,1.9735831022262573,0.05,-8.574490547180176,,
201100,5.473066329956055,0.05,-7.993122100830078,,
201150,0.3103020489215851,0.05,-7.120220184326172,,
201200,3.9411323070526123,0.05,-6.388765811920166,,
201250,2.4105422496795654,0.05,-7.512444972991943,,
201300,10.18750286102295,0.05,-8.422409057617188,,
201350,30.9949951171875,0.05,-8.799717903137207,,
201400,12.394001960754395,0.05,-7.9260783195495605,,
201450,1.0530039072036743,0.05,-7.03355073928833,,
201500,5.500607967376709,0.05,-8.424919128417969,,
201550,15.963966369628906,0.05,-7.3616180419921875,,
201600,1.7522236108779907,0.05,-8.282740592956543,,
201650,3.952711820602417,0.05,-8.369471549987793,,
201700,23.140281677246094,0.05,-6.8399882316589355,,
201750,19.750808715820312,0.05,-8.39536190032959,,
201800,32.05180740356445,0.05,-8.770570755004883,,
201850,9.2567720413208,0.05,-6.383604526519775,,
201900,12.193585395812988,0.05,-9.967196464538574,,
201950,18.764978408813477,0.05,-8.283753395080566,,
202000,3.174471855163574,0.05,-7.50403356552124,,
202050,0.9325794577598572,0.05,-8.840649604797363,,
202100,44.4532470703125,0.05,-9.962657928466797,,
202150,17.422739028930664,0.05,-9.05716609954834,,
202200,4.150363922119141,0.05,-7.67317008972168,,
202250,5.097591400146484,0.05,-6.964503765106201,,
202300,10.213614463806152,0.05,-7.95640754699707,,
202350,2.303271532058716,0.05,-8.545926094055176,,
202400,24.72832679748535,0.05,-7.229615688323975,,
202450,1.1030694246292114,0.05,-7.630533218383789,,
202500,6.005270481109619,0.05,-8.071414947509766,,
202550,10.959195137023926,0.05,-7.595521450042725,,
202600,33.19725799560547,0.05,-9.262824058532715,,
202650,5.7848219871521,0.05,-10.142497062683105,,
202700,7.572305679321289,0.05,-7.511050701141357,,
202750,10.16993236541748,0.05,-8.427844047546387,,
202800,13.093013763427734,0.05,-8.180991172790527,,
202850,17.235292434692383,0.05,-7.563320159912109,,
202900,14.541455268859863,0.05,-7.240334987640381,,
202950,5.384662628173828,0.05,-8.435728073120117,,
203000,0.1752559393644333,0.05,-7.678996562957764,,
203050,0.46072569489479065,0.05,-7.214691638946533,,
203100,0.3067515790462494,0.05,-7.854019641876221,,
203150,15.104887962341309,0.05,-7.620819091796875,,
203200,30.349853515625,0.05,-9.126511573791504,,
203250,1.0749480724334717,0.05,-9.52426528930664,,
203300,25.648147583007812,0.05,-8.281091690063477,,
203350,24.108797073364258,0.05,-8.716294288635254,,
203400,14.66109848022461,0.05,-8.758773803710938,,
203450,3.1961052417755127,0.05,-8.075433731079102,,
203500,2.4341275691986084,0.05,-7.649936676025391,,
203550,15.967564582824707,0.05,-7.00644063949585,,
203600,11.160733222961426,0.05,-7.526407718658447,,
203650,4.667812347412109,0.05,-8.67673397064209,,
203700,29.7103271484375,0.05,-7.848062038421631,,
203750,1.3481942415237427,0.05,-6.648318767547607,,
203800,6.495097637176514,0.05,-8.634312629699707,,
203850,0.6672802567481995,0.05,-6.928124904632568,,
203900,0.739964485168457,0.05,-7.820271015167236,,
203950,7.885482311248779,0.05,-7.22090482711792,,
204000,1.1721616983413696,0.05,-7.386890888214111,,
204050,25.938095092773438,0.05,-8.39101505279541,,
204100,1.602792739868164,0.05,-6.216529846191406,,
204150,1.0616587400436401,0.05,-8.345425605773926,,
204200,13.751994132995605,0.05,-9.051939964294434,,
204250,16.604759216308594,0.05,-8.376898765563965,,
204300,2.6933248043060303,0.05,-8.938132286071777,,
204350,1.5608023405075073,0.05,-7.405660152435303,,
204400,23.239540100097656,0.05,-8.82648754119873,,
204450,16.21495819091797,0.05,-7.603485107421875,,
204500,4.077603816986084,0.05,-8.97365665435791,,
204550,0.7804122567176819,0.05,-7.010778903961182,,
204600,16.049184799194336,0.05,-8.147500038146973,,
204650,4.257723808288574,0.05,-7.409526348114014,,
204700,5.439724445343018,0.05,-8.181256294250488,,
204750,11.939178466796875,0.05,-9.44124698638916,,
204800,21.218156814575195,0.05,-7.904819011688232,,
204850,37.944496154785156,0.05,-8.308318138122559,,
204900,21.160017013549805,0.05,-8.320023536682129,,
204950,2.425834894180298,0.05,-7.9299139976501465,,
205000,13.02973461151123,0.05,-8.58166790008545,,
205050,10.960921287536621,0.05,-8.557276725769043,,
205100,10.222068786621094,0.05,-7.354274272918701,,
205150,10.76456069946289,0.05,-9.755104064941406,,
205200,7.545047760009766,0.05,-6.8207831382751465,,
205250,8.444958686828613,0.05,-8.718501091003418,,
205300,11.316935539245605,0.05,-8.4425687789917,,
205350,4.314932346343994,0.05,-6.823378086090088,,
205400,2.815558671951294,0.05,-7.576295375823975,,
205450,26.10588836669922,0.05,-7.77125883102417,,
205500,0.9176953434944153,0.05,-8.118234634399414,,
205550,1.959546685218811,0.05,-8.69657039642334,,
205600,22.14577293395996,0.05,-8.634808540344238,,
205650,10.721034049987793,0.05,-7.632661819458008,,
205700,3.7255125045776367,0.05,-8.630183219909668,,
205750,7.353678226470947,0.05,-9.882614135742188,,
205800,6.643929958343506,0.05,-7.99013090133667,,
205850,11.205931663513184,0.05,-8.272930145263672,,
205900,6.662722110748291,0.05,-8.155739784240723,,
205950,24.493309020996094,0.05,-9.490813255310059,,
206000,7.960048675537109,0.05,-7.617922306060791,,
206050,12.88122272491455,0.05,-7.322605609893799,,
206100,4.465478420257568,0.05,-7.3464674949646,,
206150,29.457260131835938,0.05,-7.81362771987915,,
206200,10.378705024719238,0.05,-8.571003913879395,,
206250,8.988056182861328,0.05,-8.295692443847656,,
206300,8.644750595092773,0.05,-6.602468013763428,,
206350,10.384844779968262,0.05,-7.077054500579834,,
206400,5.275593280792236,0.05,-6.769195556640625,,
206450,3.1996052265167236,0.05,-7.69802713394165,,
206500,3.216053009033203,0.05,-7.823856830596924,,
206550,6.906580448150635,0.05,-8.323098182678223,,
206600,4.570252895355225,0.05,-7.284957408905029,,
206650,3.4795563220977783,0.05,-7.347471714019775,,
206700,1.9354950189590454,0.05,-6.791065692901611,,
206750,18.08847999572754,0.05,-8.907225608825684,,
206800,30.095285415649414,0.05,-10.919859886169434,,
206850,14.285565376281738,0.05,-8.265495300292969,,
206900,23.359922409057617,0.05,-6.995507717132568,,
206950,13.166180610656738,0.05,-8.958258628845215,,
207000,16.62331199645996,0.05,-10.038368225097656,,
207050,8.087055206298828,0.05,-7.07128381729126,,
207100,1.2087372541427612,0.05,-7.131999492645264,,
207150,6.6295342445373535,0.05,-8.395146369934082,,
207200,15.339485168457031,0.05,-8.298174858093262,,
207250,23.513151168823242,0.05,-6.202218532562256,,
207300,16.376127243041992,0.05,-8.467914581298828,,
207350,6.848819255828857,0.05,-8.935500144958496,,
207400,0.6332622170448303,0.05,-9.663836479187012,,
207450,17.4042911529541,0.05,-7.526162624359131,,
207500,24.99932861328125,0.05,-7.171239852905273,,
207550,15.81932544708252,0.05,-7.944576740264893,,
207600,11.394913673400879,0.05,-7.371683597564697,,
207650,8.030686378479004,0.05,-6.1988677978515625,,
207700,15.27026081085205,0.05,-7.381319522857666,,
207750,14.451363563537598,0.05,-7.369539737701416,,
207800,0.9764003753662109,0.05,-7.175548553466797,,
207850,22.38513946533203,0.05,-6.185369968414307,,
207900,6.43706750869751,0.05,-6.7148613929748535,,
207950,29.895713806152344,0.05,-8.966354370117188,,
208000,8.240744590759277,0.05,-6.071484088897705,,
208050,19.10951805114746,0.05,-8.015082359313965,,
208100,4.0423407554626465,0.05,-6.7638630867004395,,
208150,0.20127922296524048,0.05,-6.912146091461182,,
208200,1.6527270078659058,0.05,-8.003286361694336,,
208250,1.8780298233032227,0.05,-7.645510196685791,,
208300,13.3773832321167,0.05,-8.23591423034668,,
208350,39.97187805175781,0.05,-8.293513298034668,,
208400,20.019777297973633,0.05,-8.751880645751953,,
208450,24.98258399963379,0.05,-8.36238956451416,,
208500,2.4829747676849365,0.05,-7.571969509124756,,
208550,11.106208801269531,0.05,-8.252785682678223,,
208600,5.078878879547119,0.05,-8.692634582519531,,
208650,8.587735176086426,0.05,-6.97875452041626,,
208700,4.974681854248047,0.05,-8.423357009887695,,
208750,4.536578178405762,0.05,-8.299513816833496,,
208800,7.016031742095947,0.05,-8.505400657653809,,
208850,0.2858155369758606,0.05,-6.7731614112854,,
208900,18.2791805267334,0.05,-9.132145881652832,,
208950,18.09712791442871,0.05,-9.444342613220215,,
209000,2.3634841442108154,0.05,-7.227981090545654,,
209050,3.0781075954437256,0.05,-9.04861068725586,,
209100,20.791017532348633,0.05,-8.24871826171875,,
209150,19.5892276763916,0.05,-8.413141250610352,,
209200,23.01348876953125,0.05,-9.23128890991211,,
209250,31.141157150268555,0.05,-7.765955448150635,,
209300,27.53798484802246,0.05,-8.869717597961426,,
209350,0.27703019976615906,0.05,-7.547956466674805,,
209400,19.826200485229492,0.05,-9.649344444274902,,
209450,6.22450065612793,0.05,-9.436978340148926,,
209500,14.013957977294922,0.05,-7.866611003875732,,
209550,6.784750461578369,0.05,-6.367040157318115,,
209600,14.98208236694336,0.05,-7.461052417755127,,
209650,20.62676429748535,0.05,-8.026598930358887,,
209700,12.563704490661621,0.05,-8.596322059631348,,
209750,19.134153366088867,0.05,-7.3236613273620605,,
209800,13.731464385986328,0.05,-8.903267860412598,,
209850,21.30634880065918,0.05,-7.518365859985352,,
209900,8.29799747467041,0.05,-8.750226020812988,,
209950,1.8598004579544067,0.05,-8.32032299041748,,
210000,4.924736976623535,0.05,-7.966334819793701,,
210050,4.70066499710083,0.05,-7.329357147216797,,
210100,3.5330371856689453,0.05,-8.278724670410156,,
210150,4.295896053314209,0.05,-7.219320774078369,,
210200,0.7220489382743835,0.05,-7.437709808349609,,
210250,7.029211521148682,0.05,-8.359004020690918,,
210300,0.7190423607826233,0.05,-6.284799575805664,,
210350,11.67391586303711,0.05,-6.663825511932373,,
210400,11.556349754333496,0.05,-7.0649094581604,,
210450,15.470215797424316,0.05,-7.987407684326172,,
210500,14.846302032470703,0.05,-8.144644737243652,,
210550,5.916936874389648,0.05,-8.821480751037598,,
210600,11.687785148620605,0.05,-7.937741756439209,,
210650,5.613222599029541,0.05,-8.166285514831543,,
210700,22.622573852539062,0.05,-8.437407493591309,,
210750,13.728960990905762,0.05,-6.319364547729492,,
210800,36.51335525512695,0.05,-8.833894729614258,,
210850,22.934728622436523,0.05,-7.240978240966797,,
210900,10.708390235900879,0.05,-8.946028709411621,,
210950,24.61981964111328,0.05,-9.1401948928833,,
211000,1.0553628206253052,0.05,-7.7371697425842285,,
211050,11.406487464904785,0.05,-8.161141395568848,,
211100,50.7006721496582,0.05,-7.949907302856445,,
211150,21.772756576538086,0.05,-8.198326110839844,,
211200,5.334367275238037,0.05,-8.454169273376465,,
211250,15.619461059570312,0.05,-7.887484073638916,,
211300,2.1068596839904785,0.05,-7.75809907913208,,
211350,3.9802958965301514,0.05,-8.227509498596191,,
211400,32.77680587768555,0.05,-8.558585166931152,,
211450,3.2883214950561523,0.05,-7.637821674346924,,
211500,28.5648136138916,0.05,-8.918295860290527,,
211550,20.271780014038086,0.05,-7.793642044067383,,
211600,0.43716585636138916,0.05,-7.624720096588135,,
211650,2.3716557025909424,0.05,-7.257776737213135,,
211700,24.322664260864258,0.05,-8.101232528686523,,
211750,12.53458309173584,0.05,-8.885432243347168,,
211800,13.00580883026123,0.05,-7.3715972900390625,,
211850,14.79512882232666,0.05,-7.379496097564697,,
211900,3.4643919467926025,0.05,-8.807382583618164,,
211950,2.037794589996338,0.05,-7.7932963371276855,,
212000,0.9285899996757507,0.05,-8.239441871643066,,
212050,5.133643627166748,0.05,-6.3442816734313965,,
212100,4.21033239364624,0.05,-7.17470121383667,,
212150,0.4515855014324188,0.05,-8.086697578430176,,
212200,10.45650863647461,0.05,-7.63873291015625,,
212250,2.306873083114624,0.05,-7.948172092437744,,
212300,21.234983444213867,0.05,-9.586339950561523,,
212350,11.389527320861816,0.05,-9.020379066467285,,
212400,13.068697929382324,0.05,-9.38953685760498,,
212450,11.71646499633789,0.05,-8.452422142028809,,
212500,14.210285186767578,0.05,-8.609906196594238,,
212550,2.304324150085449,0.05,-8.159454345703125,,
212600,1.4262250661849976,0.05,-7.662119388580322,,
212650,0.12879027426242828,0.05,-7.460784912109375,,
212700,2.7733113765716553,0.05,-6.7269511222839355,,
212750,2.3396522998809814,0.05,-8.312756538391113,,
212800,19.298357009887695,0.05,-10.734522819519043,,
212850,9.043280601501465,0.05,-9.183489799499512,,
212900,23.726173400878906,0.05,-8.992783546447754,,
212950,1.0457521677017212,0.05,-6.590005874633789,,
213000,4.411508560180664,0.05,-8.471054077148438,,
213050,27.212072372436523,0.05,-7.852502346038818,,
213100,3.398536443710327,0.05,-7.431341648101807,,
213150,36.5355339050293,0.05,-9.541254997253418,,
213200,14.477007865905762,0.05,-8.130258560180664,,
213250,10.537543296813965,0.05,-7.926044940948486,,
213300,1.947475790977478,0.05,-7.032088756561279,,
213350,26.2518253326416,0.05,-8.116499900817871,,
213400,7.04613733291626,0.05,-9.152957916259766,,
213450,10.75324535369873,0.05,-7.649389743804932,,
213500,20.46683692932129,0.05,-9.083630561828613,,
213550,30.367292404174805,0.05,-8.862950325012207,,
213600,11.130874633789062,0.05,-9.095797538757324,,
213650,15.932246208190918,0.05,-10.272160530090332,,
213700,12.885392189025879,0.05,-8.0325288772583,,
213750,0.6000421047210693,0.05,-8.86347484588623,,
213800,20.72403907775879,0.05,-6.551472187042236,,
213850,28.05845832824707,0.05,-9.9441499710083,,
213900,2.734808921813965,0.05,-9.595422744750977,,
213950,22.786455154418945,0.05,-9.722455024719238,,
214000,0.991868793964386,0.05,-7.746809482574463,,
214050,5.116629123687744,0.05,-8.057705879211426,,
214100,2.3454978466033936,0.05,-7.587466716766357,,
214150,13.245097160339355,0.05,-7.361726760864258,,
214200,4.375412464141846,0.05,-8.084818840026855,,
214250,8.419451713562012,0.05,-8.08661937713623,,
214300,19.085466384887695,0.05,-7.810209274291992,,
214350,29.249006271362305,0.05,-9.481280326843262,,
214400,1.8849087953567505,0.05,-7.658249378204346,,
214450,1.7116689682006836,0.05,-7.823000431060791,,
214500,16.76045799255371,0.05,-8.445103645324707,,
214550,7.900993347167969,0.05,-6.686212062835693,,
214600,2.3734920024871826,0.05,-7.760505676269531,,
214650,48.29563522338867,0.05,-9.584565162658691,,
214700,4.501105308532715,0.05,-7.471216678619385,,
214750,0.6452808976173401,0.05,-10.1965913772583,,
214800,18.157312393188477,0.05,-9.554595947265625,,
214850,21.40779685974121,0.05,-8.502108573913574,,
214900,6.327579975128174,0.05,-8.157174110412598,,
214950,10.32490348815918,0.05,-9.795915603637695,,
215000,18.735376358032227,0.05,-8.371883392333984,,
215050,14.665339469909668,0.05,-8.765233039855957,,
215100,14.015891075134277,0.05,-8.771830558776855,,
215150,17.790664672851562,0.05,-8.088424682617188,,
215200,8.707724571228027,0.05,-9.123150825500488,,
215250,0.9116937518119812,0.05,-7.667520523071289,,
215300,16.278379440307617,0.05,-9.640682220458984,,
215350,12.324660301208496,0.05,-8.062127113342285,,
215400,8.645332336425781,0.05,-8.463916778564453,,
215450,6.220202922821045,0.05,-8.09887409210205,,
215500,16.869186401367188,0.05,-9.19261646270752,,
215550,17.75389862060547,0.05,-7.119575500488281,,
215600,1.811087727546692,0.05,-8.028565406799316,,
215650,1.2534273862838745,0.05,-6.460489749908447,,
215700,18.453020095825195,0.05,-9.499958992004395,,
215750,2.338214159011841,0.05,-7.803720474243164,,
215800,12.91699504852295,0.05,-9.37928295135498,,
215850,14.513358116149902,0.05,-8.755455017089844,,
215900,3.832606554031372,0.05,-8.187943458557129,,
215950,17.31903076171875,0.05,-9.126364707946777,,
216000,13.71795654296875,0.05,-7.212413787841797,,
216050,3.9194610118865967,0.05,-7.942284107208252,,
216100,14.877362251281738,0.05,-10.718478202819824,,
216150,16.71794319152832,0.05,-6.973822116851807,,
216200,1.1947909593582153,0.05,-8.964930534362793,,
216250,9.158832550048828,0.05,-8.391408920288086,,
216300,2.376922369003296,0.05,-6.910751819610596,,
216350,4.469954967498779,0.05,-8.070637702941895,,
216400,7.710690021514893,0.05,-6.677194595336914,,
216450,19.209684371948242,0.05,-7.724620819091797,,
216500,3.201536178588867,0.05,-9.444820404052734,,
216550,35.980133056640625,0.05,-8.30584716796875,,
216600,11.443156242370605,0.05,-8.012371063232422,,
216650,8.032411575317383,0.05,-9.166718482971191,,
216700,10.9468994140625,0.05,-8.533576965332031,,
216750,1.6068817377090454,0.05,-7.1561808586120605,,
216800,13.727374076843262,0.05,-7.639861583709717,,
216850,9.94499397277832,0.05,-8.022578239440918,,
216900,7.897861480712891,0.05,-9.797405242919922,,
216950,25.68836212158203,0.05,-7.867863178253174,,
217000,34.900943756103516,0.05,-8.330121040344238,,
217050,15.456120491027832,0.05,-8.630228996276855,,
217100,11.306382179260254,0.05,-8.309334754943848,,
217150,21.288591384887695,0.05,-8.108086585998535,,
217200,0.8443198204040527,0.05,-7.614540100097656,,
217250,44.47125244140625,0.05,-10.521546363830566,,
217300,45.4885139465332,0.05,-10.806275367736816,,
217350,17.65946388244629,0.05,-9.36031723022461,,
217400,37.27180099487305,0.05,-10.164450645446777,,
217450,36.32036209106445,0.05,-9.153129577636719,,
217500,37.09803771972656,0.05,-8.947688102722168,,
217550,21.65662384033203,0.05,-7.432450771331787,,
217600,15.559109687805176,0.05,-9.358538627624512,,
217650,11.343155860900879,0.05,-7.917959213256836,,
217700,7.2825608253479,0.05,-8.37126350402832,,
217750,15.124680519104004,0.05,-8.520421028137207,,
217800,19.34563446044922,0.05,-6.446155548095703,,
217850,26.031953811645508,0.05,-7.546183109283447,,
217900,0.5823565721511841,0.05,-9.193428993225098,,
217950,6.015525817871094,0.05,-10.064166069030762,,
218000,22.39105796813965,0.05,-8.463539123535156,,
218050,21.115007400512695,0.05,-8.321727752685547,,
218100,14.412345886230469,0.05,-7.369128704071045,,
218150,1.4762355089187622,0.05,-7.558069229125977,,
218200,0.36240431666374207,0.05,-7.9379963874816895,,
218250,11.762992858886719,0.05,-8.096037864685059,,
218300,8.435747146606445,0.05,-9.543728828430176,,
218350,25.619447708129883,0.05,-7.8388495445251465,,
218400,15.804024696350098,0.05,-6.513204097747803,,
218450,3.4871509075164795,0.05,-8.896849632263184,,
218500,15.607386589050293,0.05,-8.480088233947754,,
218550,41.450103759765625,0.05,-8.780292510986328,,
218600,23.751020431518555,0.05,-8.487415313720703,,
218650,11.591462135314941,0.05,-8.363698959350586,,
218700,1.2933765649795532,0.05,-7.959954738616943,,
218750,13.231921195983887,0.05,-9.094989776611328,,
218800,5.095050811767578,0.05,-7.809533596038818,,
218850,0.7175734043121338,0.05,-7.454416275024414,,
218900,24.56348419189453,0.05,-9.351036071777344,,
218950,7.195006847381592,0.05,-7.126356601715088,,
219000,30.173799514770508,0.05,-10.337323188781738,,
219050,1.2212172746658325,0.05,-8.708809852600098,,
219100,8.128397941589355,0.05,-7.765646457672119,,
219150,17.842212677001953,0.05,-7.52108907699585,,
219200,13.85452938079834,0.05,-7.482765197753906,,
219250,14.43252944946289,0.05,-7.203209400177002,,
219300,0.5464232563972473,0.05,-7.649934768676758,,
219350,15.301094055175781,0.05,-8.4595947265625,,
219400,21.042829513549805,0.05,-8.02805233001709,,
219450,1.36669921875,0.05,-7.221065044403076,,
219500,1.4242032766342163,0.05,-7.6228556632995605,,
219550,16.13593101501465,0.05,-7.628775119781494,,
219600,1.4725958108901978,0.05,-9.43809986114502,,
219650,13.528160095214844,0.05,-8.327425956726074,,
219700,12.304987907409668,0.05,-6.672904968261719,,
219750,25.867685317993164,0.05,-7.080511093139648,,
219800,13.11664867401123,0.05,-7.707950115203857,,
219850,47.8046989440918,0.05,-8.361037254333496,,
219900,3.2175731658935547,0.05,-8.311861991882324,,
219950,0.7666323781013489,0.05,-7.499392986297607,,
220000,27.280237197875977,0.05,-10.032600402832031,,
220050,9.695673942565918,0.05,-7.435787677764893,,
220100,0.8340882658958435,0.05,-9.618059158325195,,
220150,47.30508041381836,0.05,-9.601333618164062,,
220200,21.93210792541504,0.05,-8.14472484588623,,
220250,28.274999618530273,0.05,-9.334033012390137,,
220300,29.523378372192383,0.05,-7.2830376625061035,,
220350,13.604840278625488,0.05,-8.922499656677246,,
220400,25.713205337524414,0.05,-7.685203552246094,,
220450,0.316444993019104,0.05,-7.724975109100342,,
220500,17.003942489624023,0.05,-6.865634918212891,,
220550,1.0917896032333374,0.05,-7.520036697387695,,
220600,4.747868061065674,0.05,-8.038163185119629,,
220650,29.321977615356445,0.05,-8.068312644958496,,
220700,20.93094825744629,0.05,-6.73092794418335,,
220750,1.181066632270813,0.05,-8.192095756530762,,
220800,9.52364730834961,0.05,-7.149386882781982,,
220850,44.0577507019043,0.05,-9.640560150146484,,
220900,1.2354604005813599,0.05,-8.192727088928223,,
220950,36.8372802734375,0.05,-7.957519054412842,,
221000,17.19269561767578,0.05,-9.98623275756836,,
221050,2.1086184978485107,0.05,-6.382222652435303,,
221100,5.563962936401367,0.05,-8.072909355163574,,
221150,3.6751301288604736,0.05,-8.724052429199219,,
221200,8.367009162902832,0.05,-8.102797508239746,,
221250,18.84921646118164,0.05,-8.439801216125488,,
221300,12.789782524108887,0.05,-7.862250804901123,,
221350,0.6663413047790527,0.05,-8.649313926696777,,
221400,17.41267204284668,0.05,-10.369357109069824,,
221450,4.128947734832764,0.05,-8.48220157623291,,
221500,9.65720272064209,0.05,-8.316288948059082,,
221550,2.464055299758911,0.05,-8.7496976852417,,
221600,11.104923248291016,0.05,-6.73895788192749,,
221650,28.45060920715332,0.05,-6.845247745513916,,
221700,0.9323636889457703,0.05,-8.892813682556152,,
221750,3.04862380027771,0.05,-7.571931838989258,,
221800,15.978058815002441,0.05,-8.695582389831543,,
221850,2.4754981994628906,0.05,-7.9041748046875,,
221900,17.606037139892578,0.05,-7.936974048614502,,
221950,18.738466262817383,0.05,-7.6484527587890625,,
222000,10.176369667053223,0.05,-6.891516208648682,,
222050,8.366293907165527,0.05,-9.742646217346191,,
222100,20.150022506713867,0.05,-9.631226539611816,,
222150,32.79914855957031,0.05,-8.050779342651367,,
222200,11.335593223571777,0.05,-8.730133056640625,,
222250,2.251293420791626,0.05,-7.660604953765869,,
222300,12.723671913146973,0.05,-9.05870246887207,,
222350,7.009466171264648,0.05,-7.624156951904297,,
222400,24.97095489501953,0.05,-7.812408447265625,,
222450,17.95656394958496,0.05,-8.647186279296875,,
222500,3.496544122695923,0.05,-8.293166160583496,,
222550,3.4299802780151367,0.05,-7.51788854598999,,
222600,29.25398826599121,0.05,-8.056868553161621,,
222650,23.18511390686035,0.05,-8.219817161560059,,
222700,2.103505849838257,0.05,-6.8812384605407715,,
222750,31.25694465637207,0.05,-8.84572696685791,,
222800,6.6349616050720215,0.05,-8.508746147155762,,
222850,2.0412683486938477,0.05,-8.02782917022705,,
222900,9.092120170593262,0.05,-7.650323867797852,,
222950,1.3299306631088257,0.05,-7.443378448486328,,
223000,11.441749572753906,0.05,-6.746092319488525,,
223050,9.382739067077637,0.05,-8.475234985351562,,
223100,13.672730445861816,0.05,-9.332697868347168,,
223150,2.5945749282836914,0.05,-8.70198917388916,,
223200,21.097707748413086,0.05,-7.436342239379883,,
223250,3.1515586376190186,0.05,-7.602958679199219,,
223300,6.580907344818115,0.05,-8.974579811096191,,
223350,1.5368221998214722,0.05,-10.135958671569824,,
223400,5.55870246887207,0.05,-7.861992359161377,,
223450,3.0430381298065186,0.05,-8.278176307678223,,
223500,30.395986557006836,0.05,-9.114921569824219,,
223550,10.464268684387207,0.05,-8.665678024291992,,
223600,16.209455490112305,0.05,-9.452675819396973,,
223650,4.042954921722412,0.05,-9.263666152954102,,
223700,16.780376434326172,0.05,-10.421293258666992,,
223750,4.580758571624756,0.05,-8.418869018554688,,
223800,0.8324988484382629,0.05,-9.772005081176758,,
223850,13.926714897155762,0.05,-8.762345314025879,,
223900,2.119577407836914,0.05,-9.87427043914795,,
223950,4.17026948928833,0.05,-8.33452320098877,,
224000,38.36555480957031,0.05,-9.018506050109863,,
224050,2.8461506366729736,0.05,-10.03150463104248,,
224100,34.01972579956055,0.05,-8.915671348571777,,
224150,2.9583797454833984,0.05,-9.41556167602539,,
224200,27.632722854614258,0.05,-7.197341442108154,,
224250,27.17722511291504,0.05,-10.482274055480957,,
224300,23.459348678588867,0.05,-8.017680168151855,,
224350,36.704139709472656,0.05,-10.3109769821167,,
224400,0.8129522800445557,0.05,-10.387700080871582,,
224450,1.4557743072509766,0.05,-7.201216220855713,,
224500,2.1042611598968506,0.05,-8.80212116241455,,
224550,2.671227216720581,0.05,-7.542652130126953,,
224600,14.164031028747559,0.05,-7.248688220977783,,
224650,2.7827720642089844,0.05,-8.67947769165039,,
224700,3.536728620529175,0.05,-9.552044868469238,,
224750,2.762528657913208,0.05,-10.926730155944824,,
224800,1.298477292060852,0.05,-9.31755542755127,,
224850,17.8276424407959,0.05,-7.362110614776611,,
224900,0.7614695429801941,0.05,-6.710275650024414,,
224950,24.17072296142578,0.05,-7.064449310302734,,
225000,5.345081329345703,0.05,-8.73536205291748,-1.500283642806106,44.13333333333333
225050,1.985092043876648,0.05,-7.363001346588135,,
225100,3.42702317237854,0.05,-8.25633430480957,,
225150,26.249298095703125,0.05,-7.006655216217041,,
225200,1.1798747777938843,0.05,-7.704883098602295,,
225250,26.128183364868164,0.05,-9.221299171447754,,
225300,1.4923863410949707,0.05,-8.74208927154541,,
225350,9.112677574157715,0.05,-7.84760046005249,,
225400,18.638444900512695,0.05,-8.03562068939209,,
225450,16.781936645507812,0.05,-8.188639640808105,,
225500,3.728809118270874,0.05,-9.224678993225098,,
225550,10.621482849121094,0.05,-8.002614974975586,,
225600,1.7498773336410522,0.05,-7.900892734527588,,
225650,6.496811389923096,0.05,-8.741524696350098,,
225700,32.33382034301758,0.05,-8.971659660339355,,
225750,10.815546989440918,0.05,-8.163470268249512,,
225800,4.19295597076416,0.05,-8.086206436157227,,
225850,0.6951513290405273,0.05,-6.923536777496338,,
225900,5.720620632171631,0.05,-8.05131721496582,,
225950,8.988545417785645,0.05,-7.39938497543335,,
226000,11.502166748046875,0.05,-8.595038414001465,,
226050,14.538294792175293,0.05,-7.440793991088867,,
226100,20.21833038330078,0.05,-8.705662727355957,,
226150,11.552417755126953,0.05,-8.12096881866455,,
226200,11.9236421585083,0.05,-8.889786720275879,,
226250,1.5391216278076172,0.05,-7.685888290405273,,
226300,19.560693740844727,0.05,-9.67686939239502,,
226350,0.9234693646430969,0.05,-7.474910736083984,,
226400,2.095787763595581,0.05,-7.340456008911133,,
226450,21.02328872680664,0.05,-7.037761688232422,,
226500,2.1821651458740234,0.05,-6.964803218841553,,
226550,22.38820457458496,0.05,-7.853979110717773,,
226600,5.360624313354492,0.05,-8.533101081848145,,
226650,30.390281677246094,0.05,-7.687229633331299,,
226700,8.519171714782715,0.05,-7.841867446899414,,
226750,2.135211706161499,0.05,-7.9170098304748535,,
226800,6.714803218841553,0.05,-10.159130096435547,,
226850,10.13635540008545,0.05,-7.432959079742432,,
226900,25.53721046447754,0.05,-7.806885242462158,,
226950,12.944235801696777,0.05,-7.327573776245117,,
227000,30.74553108215332,0.05,-8.216023445129395,,
227050,13.977852821350098,0.05,-7.84791374206543,,
227100,14.676203727722168,0.05,-8.259767532348633,,
227150,1.6871625185012817,0.05,-7.208359241485596,,
227200,21.63368797302246,0.05,-7.68513298034668,,
227250,23.3253116607666,0.05,-8.008014678955078,,
227300,14.21560287475586,0.05,-6.624406814575195,,
227350,8.037751197814941,0.05,-7.565914154052734,,
227400,14.268982887268066,0.05,-7.994138240814209,,
227450,7.720547199249268,0.05,-7.738630294799805,,
227500,2.2752435207366943,0.05,-8.135351181030273,,
227550,7.411893844604492,0.05,-7.5630974769592285,,
227600,2.088757038116455,0.05,-8.583369255065918,,
227650,1.909723162651062,0.05,-7.589691638946533,,
227700,1.1622724533081055,0.05,-8.333368301391602,,
227750,17.404109954833984,0.05,-9.43754768371582,,
227800,10.694625854492188,0.05,-7.267261981964111,,
227850,11.144847869873047,0.05,-9.2405424118042,,
227900,1.916441798210144,0.05,-7.915995121002197,,
227950,10.609648704528809,0.05,-7.123487949371338,,
228000,8.276924133300781,0.05,-8.597273826599121,,
228050,26.78444480895996,0.05,-8.553999900817871,,
228100,2.2942025661468506,0.05,-7.913856506347656,,
228150,29.406042098999023,0.05,-10.332924842834473,,
228200,15.151482582092285,0.05,-7.144107341766357,,
228250,15.58858871459961,0.05,-7.8679280281066895,,
228300,9.417762756347656,0.05,-7.77594518661499,,
228350,1.5249427556991577,0.05,-8.189167976379395,,
228400,7.414968013763428,0.05,-7.587045192718506,,
228450,2.5737011432647705,0.05,-6.68881368637085,,
228500,2.272369146347046,0.05,-7.323919296264648,,
228550,0.6999020576477051,0.05,-8.414589881896973,,
228600,1.7391051054000854,0.05,-8.076004981994629,,
228650,10.008541107177734,0.05,-6.85479736328125,,
228700,0.2629970610141754,0.05,-7.243556976318359,,
228750,5.402841091156006,0.05,-9.219796180725098,,
228800,0.7905158996582031,0.05,-8.343761444091797,,
228850,16.7578182220459,0.05,-8.02391529083252,,
228900,10.216209411621094,0.05,-10.679057121276855,,
228950,31.855512619018555,0.05,-8.462610244750977,,
229000,51.33723831176758,0.05,-9.122393608093262,,
229050,0.8565757274627686,0.05,-9.09709358215332,,
229100,15.170928001403809,0.05,-9.025358200073242,,
229150,7.86770486831665,0.05,-7.856827259063721,,
229200,11.242705345153809,0.05,-8.641877174377441,,
229250,3.5195038318634033,0.05,-8.464186668395996,,
229300,20.731542587280273,0.05,-7.7703776359558105,,
229350,8.189297676086426,0.05,-7.653213024139404,,
229400,1.1173752546310425,0.05,-6.614772796630859,,
229450,19.945920944213867,0.05,-10.477328300476074,,
229500,1.3197702169418335,0.05,-9.107316017150879,,
229550,9.966567039489746,0.05,-8.228190422058105,,
229600,22.45115852355957,0.05,-9.03251838684082,,
229650,1.5438748598098755,0.05,-9.336437225341797,,
229700,10.197084426879883,0.05,-8.084494590759277,,
229750,0.20588016510009766,0.05,-7.668867588043213,,
229800,4.515894412994385,0.05,-7.5363450050354,,
229850,6.766233444213867,0.05,-8.797560691833496,,
229900,33.34217834472656,0.05,-8.881929397583008,,
229950,0.2162848711013794,0.05,-7.254078388214111,,
230000,4.635051727294922,0.05,-10.003729820251465,,
230050,13.719197273254395,0.05,-8.509812355041504,,
230100,3.202906847000122,0.05,-8.911282539367676,,
230150,10.126898765563965,0.05,-9.99350643157959,,
230200,20.50728416442871,0.05,-10.659802436828613,,
230250,18.421899795532227,0.05,-8.296679496765137,,
230300,12.474593162536621,0.05,-8.38089656829834,,
230350,11.30341625213623,0.05,-9.145686149597168,,
230400,13.357573509216309,0.05,-7.495040416717529,,
230450,0.20975138247013092,0.05,-7.646607875823975,,
230500,3.6867849826812744,0.05,-8.208558082580566,,
230550,14.266800880432129,0.05,-8.672663688659668,,
230600,46.96957778930664,0.05,-7.627288341522217,,
230650,25.722074508666992,0.05,-9.675251960754395,,
230700,24.213712692260742,0.05,-8.002358436584473,,
230750,11.0548677444458,0.05,-7.867475986480713,,
230800,21.754846572875977,0.05,-9.450660705566406,,
230850,1.8961797952651978,0.05,-8.7572660446167,,
230900,10.06042766571045,0.05,-8.598433494567871,,
230950,3.3832902908325195,0.05,-7.995759963989258,,
231000,1.5736656188964844,0.05,-7.8043365478515625,,
231050,2.227064371109009,0.05,-8.430346488952637,,
231100,19.849573135375977,0.05,-8.836418151855469,,
231150,7.551397800445557,0.05,-9.609583854675293,,
231200,15.814925193786621,0.05,-10.53124713897705,,
231250,2.9911367893218994,0.05,-8.249519348144531,,
231300,19.016395568847656,0.05,-8.61182975769043,,
231350,14.243029594421387,0.05,-6.829888820648193,,
231400,2.966315269470215,0.05,-7.004872798919678,,
231450,1.011690616607666,0.05,-8.098677635192871,,
231500,0.2488841414451599,0.05,-7.22713041305542,,
231550,10.007508277893066,0.05,-8.840628623962402,,
231600,8.29516887664795,0.05,-7.835674285888672,,
231650,21.404294967651367,0.05,-6.7851786613464355,,
231700,0.6680829524993896,0.05,-7.732419967651367,,
231750,20.291906356811523,0.05,-7.025606632232666,,
231800,0.527092456817627,0.05,-8.474021911621094,,
231850,4.270212650299072,0.05,-8.684662818908691,,
231900,10.183109283447266,0.05,-10.498255729675293,,
231950,1.175695538520813,0.05,-7.965107440948486,,
232000,12.450966835021973,0.05,-8.009673118591309,,
232050,9.76624584197998,0.05,-7.666542053222656,,
232100,31.38090705871582,0.05,-9.193184852600098,,
232150,16.952672958374023,0.05,-8.541037559509277,,
232200,14.350238800048828,0.05,-9.3677339553833,,
232250,2.1100172996520996,0.05,-7.7540717124938965,,
232300,0.3001025319099426,0.05,-7.897464275360107,,
232350,17.72151756286621,0.05,-9.264456748962402,,
232400,4.386622905731201,0.05,-10.371562957763672,,
232450,1.3888120651245117,0.05,-8.13922119140625,,
232500,1.56330144405365,0.05,-9.380778312683105,,
232550,4.746804714202881,0.05,-7.240976333618164,,
232600,1.9093695878982544,0.05,-7.3657612800598145,,
232650,12.098484992980957,0.05,-8.464364051818848,,
232700,26.977846145629883,0.05,-10.238094329833984,,
232750,15.118823051452637,0.05,-9.197651863098145,,
232800,28.203603744506836,0.05,-9.452237129211426,,
232850,1.4366897344589233,0.05,-10.569911003112793,,
232900,1.8423339128494263,0.05,-7.321293354034424,,
232950,4.036782741546631,0.05,-8.315679550170898,,
233000,22.478708267211914,0.05,-8.09514331817627,,
233050,0.8968432545661926,0.05,-8.309112548828125,,
233100,0.9761205315589905,0.05,-7.6636199951171875,,
233150,7.603029251098633,0.05,-8.401751518249512,,
233200,0.9628391861915588,0.05,-7.160732269287109,,
233250,13.42611026763916,0.05,-8.997852325439453,,
233300,20.82293701171875,0.05,-9.002687454223633,,
233350,2.347151756286621,0.05,-8.096953392028809,,
233400,3.7515041828155518,0.05,-9.160544395446777,,
233450,1.0581066608428955,0.05,-7.635927200317383,,
233500,16.58915901184082,0.05,-8.136080741882324,,
233550,11.81966495513916,0.05,-9.53530502319336,,
233600,11.291010856628418,0.05,-8.783852577209473,,
233650,5.071489334106445,0.05,-7.573368549346924,,
233700,1.8580416440963745,0.05,-9.112447738647461,,
233750,0.9690556526184082,0.05,-7.877635955810547,,
233800,3.8709566593170166,0.05,-8.930516242980957,,
233850,1.5269732475280762,0.05,-7.790482997894287,,
233900,21.045129776000977,0.05,-8.626823425292969,,
233950,1.7356442213058472,0.05,-8.815147399902344,,
234000,0.8390505313873291,0.05,-8.086014747619629,,
234050,19.49041175842285,0.05,-10.052950859069824,,
234100,15.33166217803955,0.05,-8.573348045349121,,
234150,26.59003257751465,0.05,-9.9195556640625,,
234200,15.019362449645996,0.05,-7.833932399749756,,
234250,1.3429757356643677,0.05,-7.956498622894287,,
234300,67.59410858154297,0.05,-9.610209465026855,,
234350,1.29741370677948,0.05,-9.248035430908203,,
234400,10.694587707519531,0.05,-8.805071830749512,,
234450,8.287110328674316,0.05,-7.64668607711792,,
234500,32.453224182128906,0.05,-10.559048652648926,,
234550,1.23293936252594,0.05,-7.257021427154541,,
234600,8.81006145477295,0.05,-9.23178482055664,,
234650,3.566075086593628,0.05,-8.137436866760254,,
234700,3.309016466140747,0.05,-9.717803955078125,,
234750,46.06935501098633,0.05,-10.329209327697754,,
234800,20.003936767578125,0.05,-7.221242427825928,,
234850,13.343480110168457,0.05,-9.448005676269531,,
234900,29.19447898864746,0.05,-10.452749252319336,,
234950,2.9437952041625977,0.05,-7.122917175292969,,
235000,18.608009338378906,0.05,-9.383132934570312,,
235050,51.16685104370117,0.05,-10.220690727233887,,
235100,3.2513296604156494,0.05,-8.279026985168457,,
235150,4.369020938873291,0.05,-9.372648239135742,,
235200,19.698259353637695,0.05,-9.395190238952637,,
235250,21.014938354492188,0.05,-10.505597114562988,,
235300,14.87634563446045,0.05,-9.500951766967773,,
235350,2.893231153488159,0.05,-9.064122200012207,,
235400,3.0346736907958984,0.05,-10.9656343460083,,
235450,31.570905685424805,0.05,-7.797168254852295,,
235500,10.22680377960205,0.05,-8.825603485107422,,
235550,42.8875617980957,0.05,-10.20052433013916,,
235600,1.1009126901626587,0.05,-8.239431381225586,,
235650,0.44642093777656555,0.05,-9.411446571350098,,
235700,54.07600402832031,0.05,-11.638355255126953,,
235750,4.367595672607422,0.05,-9.733990669250488,,
235800,14.831473350524902,0.05,-9.52643871307373,,
235850,4.656005382537842,0.05,-6.947786331176758,,
235900,1.2454099655151367,0.05,-7.839636325836182,,
235950,1.908310890197754,0.05,-7.644514083862305,,
236000,3.708923578262329,0.05,-9.631468772888184,,
236050,0.841666042804718,0.05,-7.7158379554748535,,
236100,31.160520553588867,0.05,-9.215115547180176,,
236150,16.78545570373535,0.05,-9.026927947998047,,
236200,2.8198626041412354,0.05,-7.764352798461914,,
236250,1.840626835823059,0.05,-9.880282402038574,,
236300,0.5491678714752197,0.05,-9.777119636535645,,
236350,43.1248664855957,0.05,-9.573020935058594,,
236400,31.117830276489258,0.05,-9.349701881408691,,
236450,18.09939193725586,0.05,-10.139005661010742,,
236500,1.274531364440918,0.05,-8.48791790008545,,
236550,0.7657895684242249,0.05,-7.9106125831604,,
236600,33.6175422668457,0.05,-11.599780082702637,,
236650,6.408762454986572,0.05,-7.983462810516357,,
236700,10.351951599121094,0.05,-10.115612030029297,,
236750,6.062955856323242,0.05,-7.432531356811523,,
236800,12.177739143371582,0.05,-7.731787204742432,,
236850,1.1081112623214722,0.05,-8.06310749053955,,
236900,18.08549690246582,0.05,-8.084917068481445,,
236950,12.239875793457031,0.05,-8.396474838256836,,
237000,1.2208083868026733,0.05,-8.537433624267578,,
237050,7.773782730102539,0.05,-8.674513816833496,,
237100,40.5034065246582,0.05,-11.950661659240723,,
237150,42.58938980102539,0.05,-10.233870506286621,,
237200,0.9632599949836731,0.05,-8.9747896194458,,
237250,28.615325927734375,0.05,-9.677901268005371,,
237300,1.138262152671814,0.05,-7.369299411773682,,
237350,7.62495231628418,0.05,-10.065680503845215,,
237400,7.166116237640381,0.05,-9.128860473632812,,
237450,3.8590869903564453,0.05,-6.51976203918457,,
237500,36.19192886352539,0.05,-9.683012962341309,,
237550,2.257974863052368,0.05,-6.175755023956299,,
237600,0.8081572651863098,0.05,-7.7759690284729,,
237650,23.239023208618164,0.05,-10.966864585876465,,
237700,23.478918075561523,0.05,-9.869805335998535,,
237750,2.5409677028656006,0.05,-7.907810688018799,,
237800,8.679242134094238,0.05,-8.577372550964355,,
237850,6.136804103851318,0.05,-7.375089168548584,,
237900,16.706342697143555,0.05,-7.693784236907959,,
237950,22.817306518554688,0.05,-9.702537536621094,,
238000,17.284151077270508,0.05,-9.17534351348877,,
238050,4.431568622589111,0.05,-8.899157524108887,,
238100,33.92045211791992,0.05,-9.924853324890137,,
238150,7.0711846351623535,0.05,-10.021124839782715,,
238200,18.08048439025879,0.05,-9.93010139465332,,
238250,1.4204593896865845,0.05,-11.517592430114746,,
238300,1.3674620389938354,0.05,-8.092239379882812,,
238350,19.75821304321289,0.05,-10.897506713867188,,
238400,0.8555352687835693,0.05,-8.797843933105469,,
238450,0.8819730281829834,0.05,-9.56906509399414,,
238500,12.574725151062012,0.05,-7.8437676429748535,,
238550,3.1075222492218018,0.05,-10.01810359954834,,
238600,2.4063711166381836,0.05,-10.13217830657959,,
238650,17.939146041870117,0.05,-8.110014915466309,,
238700,0.6153993010520935,0.05,-11.28842544555664,,
238750,2.1214754581451416,0.05,-8.383105278015137,,
238800,16.215566635131836,0.05,-9.506250381469727,,
238850,6.782215595245361,0.05,-9.623233795166016,,
238900,35.6532096862793,0.05,-9.979687690734863,,
238950,2.0041236877441406,0.05,-8.439360618591309,,
239000,18.478275299072266,0.05,-9.770149230957031,,
239050,63.04938888549805,0.05,-10.178482055664062,,
239100,3.2728049755096436,0.05,-10.90688705444336,,
239150,4.710279941558838,0.05,-9.462443351745605,,
239200,1.702355980873108,0.05,-10.301037788391113,,
239250,3.2739837169647217,0.05,-8.891695022583008,,
239300,6.170318126678467,0.05,-11.470366477966309,,
239350,22.619897842407227,0.05,-10.387944221496582,,
239400,15.437495231628418,0.05,-10.453675270080566,,
239450,2.8500940799713135,0.05,-10.671794891357422,,
239500,52.058258056640625,0.05,-9.793768882751465,,
239550,1.4465800523757935,0.05,-9.443985939025879,,
239600,32.278934478759766,0.05,-8.266972541809082,,
239650,40.55107879638672,0.05,-9.900315284729004,,
239700,8.057937622070312,0.05,-7.953481674194336,,
239750,31.268301010131836,0.05,-8.977618217468262,,
239800,15.337660789489746,0.05,-10.643935203552246,,
239850,19.185611724853516,0.05,-8.8281888961792,,
239900,11.972793579101562,0.05,-9.387276649475098,,
239950,39.17901611328125,0.05,-9.827592849731445,,
240000,24.853784561157227,0.05,-8.102365493774414,,
240050,4.436914920806885,0.05,-8.195630073547363,,
240100,0.4256863296031952,0.05,-9.55648136138916,,
240150,28.88054084777832,0.05,-9.095686912536621,,
240200,24.248754501342773,0.05,-9.717233657836914,,
240250,27.63387107849121,0.05,-8.810286521911621,,
240300,7.022044658660889,0.05,-8.32551097869873,,
240350,12.56704044342041,0.05,-10.04604434967041,,
240400,28.401945114135742,0.05,-9.052403450012207,,
240450,5.158029079437256,0.05,-8.821711540222168,,
240500,24.77556610107422,0.05,-9.128687858581543,,
240550,0.21766097843647003,0.05,-7.591827392578125,,
240600,20.100683212280273,0.05,-12.216410636901855,,
240650,40.155029296875,0.05,-7.745481967926025,,
240700,15.228282928466797,0.05,-9.458009719848633,,
240750,15.32918930053711,0.05,-8.945120811462402,,
240800,63.919830322265625,0.05,-9.9088773727417,,
240850,9.03820514678955,0.05,-8.379018783569336,,
240900,24.2032527923584,0.05,-9.666045188903809,,
240950,20.760358810424805,0.05,-9.067219734191895,,
241000,22.240034103393555,0.05,-10.667376518249512,,
241050,37.86719512939453,0.05,-9.901942253112793,,
241100,1.7022958993911743,0.05,-8.608826637268066,,
241150,12.061165809631348,0.05,-8.225942611694336,,
241200,3.4356069564819336,0.05,-7.38895845413208,,
241250,36.50008010864258,0.05,-8.344696998596191,,
241300,6.259348392486572,0.05,-8.049283027648926,,
241350,0.792053759098053,0.05,-9.067889213562012,,
241400,13.156368255615234,0.05,-10.794326782226562,,
241450,12.624309539794922,0.05,-10.068718910217285,,
241500,21.255462646484375,0.05,-9.195914268493652,,
241550,4.24558687210083,0.05,-10.04194164276123,,
241600,22.400976181030273,0.05,-10.32045841217041,,
241650,18.120540618896484,0.05,-11.052501678466797,,
241700,43.92277908325195,0.05,-9.835441589355469,,
241750,0.15741968154907227,0.05,-7.712059020996094,,
241800,5.0542988777160645,0.05,-9.387386322021484,,
241850,2.203486680984497,0.05,-8.287821769714355,,
241900,13.959891319274902,0.05,-9.142053604125977,,
241950,3.414623975753784,0.05,-7.2744059562683105,,
242000,10.906712532043457,0.05,-10.010677337646484,,
242050,4.194302558898926,0.05,-9.913790702819824,,
242100,6.094418048858643,0.05,-9.808369636535645,,
242150,32.01820755004883,0.05,-9.22448444366455,,
242200,1.660502314567566,0.05,-9.201153755187988,,
242250,1.8477683067321777,0.05,-9.799437522888184,,
242300,6.440322399139404,0.05,-11.675448417663574,,
242350,11.991046905517578,0.05,-8.615891456604004,,
242400,10.355082511901855,0.05,-9.10964298248291,,
242450,1.5781422853469849,0.05,-8.83495044708252,,
242500,32.43313217163086,0.05,-9.165619850158691,,
242550,3.9007627964019775,0.05,-9.883197784423828,,
242600,42.18973159790039,0.05,-9.981057167053223,,
242650,1.7812923192977905,0.05,-7.959945201873779,,
242700,18.806840896606445,0.05,-8.58631420135498,,
242750,9.109825134277344,0.05,-8.82026195526123,,
242800,5.806453227996826,0.05,-6.761516571044922,,
242850,20.37746238708496,0.05,-8.366043090820312,,
242900,0.6987497806549072,0.05,-6.903319835662842,,
242950,1.1265488862991333,0.05,-9.374573707580566,,
243000,35.66493606567383,0.05,-9.065067291259766,,
243050,20.163232803344727,0.05,-7.239521503448486,,
243100,20.43360710144043,0.05,-8.977189064025879,,
243150,2.992375373840332,0.05,-9.061705589294434,,
243200,8.800349235534668,0.05,-9.784106254577637,,
243250,7.810527801513672,0.05,-9.631855964660645,,
243300,1.2387140989303589,0.05,-8.986068725585938,,
243350,2.218209743499756,0.05,-8.171753883361816,,
243400,49.72761154174805,0.05,-10.491303443908691,,
243450,23.006887435913086,0.05,-7.357837677001953,,
243500,2.1889426708221436,0.05,-7.703220367431641,,
243550,3.3245818614959717,0.05,-7.888969421386719,,
243600,4.080173015594482,0.05,-8.802310943603516,,
243650,12.767254829406738,0.05,-7.272884368896484,,
243700,18.966289520263672,0.05,-11.839871406555176,,
243750,33.31758499145508,0.05,-8.413969993591309,,
243800,2.7148866653442383,0.05,-10.525444984436035,,
243850,6.290731906890869,0.05,-8.122756958007812,,
243900,15.588630676269531,0.05,-9.33954906463623,,
243950,19.72184944152832,0.05,-8.877643585205078,,
244000,5.8551177978515625,0.05,-7.08854341506958,,
244050,17.78594970703125,0.05,-8.767838478088379,,
244100,33.655818939208984,0.05,-8.638252258300781,,
244150,0.9194653034210205,0.05,-7.820762634277344,,
244200,6.070417404174805,0.05,-7.687778472900391,,
244250,13.7241849899292,0.05,-8.58842945098877,,
244300,24.04892921447754,0.05,-10.096037864685059,,
244350,17.437637329101562,0.05,-8.087757110595703,,
244400,3.2328624725341797,0.05,-9.555635452270508,,
244450,18.209543228149414,0.05,-9.227531433105469,,
244500,5.399264812469482,0.05,-9.660065650939941,,
244550,56.7978515625,0.05,-8.650028228759766,,
244600,23.146528244018555,0.05,-8.474592208862305,,
244650,18.11022186279297,0.05,-10.955092430114746,,
244700,20.00926971435547,0.05,-9.18557071685791,,
244750,37.37089157104492,0.05,-9.271493911743164,,
244800,3.327472448348999,0.05,-7.99508810043335,,
244850,29.55841827392578,0.05,-7.931930065155029,,
244900,3.767129898071289,0.05,-7.041456699371338,,
244950,2.9415721893310547,0.05,-6.56743860244751,,
245000,21.815813064575195,0.05,-8.594493865966797,,
245050,2.244929313659668,0.05,-8.53349781036377,,
245100,1.9738473892211914,0.05,-8.575752258300781,,
245150,19.670927047729492,0.05,-7.944352626800537,,
245200,2.5190844535827637,0.05,-7.636627197265625,,
245250,49.14357376098633,0.05,-8.912381172180176,,
245300,13.952437400817871,0.05,-6.806643962860107,,
245350,28.827512741088867,0.05,-8.01151180267334,,
245400,12.778069496154785,0.05,-8.425320625305176,,
245450,19.54210090637207,0.05,-9.04516315460205,,
245500,0.4683414697647095,0.05,-7.061509609222412,,
245550,2.0810561180114746,0.05,-7.382096767425537,,
245600,99.59593963623047,0.05,-8.11678409576416,,
245650,1.367655634880066,0.05,-7.434973239898682,,
245700,37.102352142333984,0.05,-9.31088924407959,,
245750,0.9057372212409973,0.05,-7.1129889488220215,,
245800,17.972421646118164,0.05,-8.055085182189941,,
245850,2.4955759048461914,0.05,-7.878345489501953,,
245900,13.8346586227417,0.05,-8.365283966064453,,
245950,14.342455863952637,0.05,-10.257213592529297,,
246000,20.491018295288086,0.05,-8.809248924255371,,
246050,19.228132247924805,0.05,-8.856051445007324,,
246100,0.8970704674720764,0.05,-6.4138360023498535,,
246150,25.053361892700195,0.05,-7.583197116851807,,
246200,0.9628033638000488,0.05,-7.546712398529053,,
246250,3.352180242538452,0.05,-9.23111343383789,,
246300,33.37459182739258,0.05,-10.286978721618652,,
246350,15.222344398498535,0.05,-9.787361145019531,,
246400,0.8232254981994629,0.05,-7.004203796386719,,
246450,3.985454797744751,0.05,-9.314485549926758,,
246500,32.88115310668945,0.05,-7.4126877784729,,
246550,0.6359555125236511,0.05,-8.171161651611328,,
246600,22.469398498535156,0.05,-7.920770168304443,,
246650,4.692296981811523,0.05,-7.724764347076416,,
246700,14.163570404052734,0.05,-8.590103149414062,,
246750,20.993587493896484,0.05,-6.725091934204102,,
246800,14.031554222106934,0.05,-9.168784141540527,,
246850,19.477699279785156,0.05,-9.069565773010254,,
246900,10.48576831817627,0.05,-8.661277770996094,,
246950,1.6534312963485718,0.05,-8.658164024353027,,
247000,0.2684544622898102,0.05,-7.1082844734191895,,
247050,11.80156421661377,0.05,-7.737770080566406,,
247100,35.50980758666992,0.05,-8.969218254089355,,
247150,19.0245361328125,0.05,-7.89653205871582,,
247200,1.747147560119629,0.05,-9.211956024169922,,
247250,48.02604293823242,0.05,-10.073711395263672,,
247300,0.9346539378166199,0.05,-8.256292343139648,,
247350,6.1454243659973145,0.05,-11.702079772949219,,
247400,23.798009872436523,0.05,-9.28461742401123,,
247450,13.371512413024902,0.05,-8.547318458557129,,
247500,0.3213554918766022,0.05,-8.687955856323242,,
247550,18.57875633239746,0.05,-10.400962829589844,,
247600,3.257049322128296,0.05,-7.373256683349609,,
247650,2.0417284965515137,0.05,-8.060393333435059,,
247700,0.6341586709022522,0.05,-7.65655517578125,,
247750,10.535484313964844,0.05,-9.338706970214844,,
247800,1.6134518384933472,0.05,-7.049667835235596,,
247850,32.44619369506836,0.05,-9.45273208618164,,
247900,1.8149210214614868,0.05,-8.777791023254395,,
247950,41.41503143310547,0.05,-9.197056770324707,,
248000,40.01327896118164,0.05,-10.480472564697266,,
248050,4.227845668792725,0.05,-12.278522491455078,,
248100,22.14558982849121,0.05,-12.35051441192627,,
248150,4.589861869812012,0.05,-8.980847358703613,,
248200,24.249122619628906,0.05,-9.399014472961426,,
248250,38.50046920776367,0.05,-9.677164077758789,,
248300,4.364108562469482,0.05,-8.73582935333252,,
248350,1.3405280113220215,0.05,-8.598159790039062,,
248400,9.586066246032715,0.05,-9.776444435119629,,
248450,16.944902420043945,0.05,-8.168191909790039,,
248500,0.8194799423217773,0.05,-9.107946395874023,,
248550,30.632078170776367,0.05,-9.72078800201416,,
248600,21.553918838500977,0.05,-10.42041015625,,
248650,7.693916320800781,0.05,-10.402962684631348,,
248700,34.086883544921875,0.05,-10.14639663696289,,
248750,15.49229907989502,0.05,-8.303324699401855,,
248800,1.732016682624817,0.05,-8.952366828918457,,
248850,7.878901958465576,0.05,-8.715224266052246,,
248900,14.712655067443848,0.05,-9.437641143798828,,
248950,31.15907859802246,0.05,-9.651717185974121,,
249000,59.40279006958008,0.05,-7.942754745483398,,
249050,6.426167011260986,0.05,-8.219104766845703,,
249100,18.389848709106445,0.05,-7.044325351715088,,
249150,25.393348693847656,0.05,-10.057353019714355,,
249200,15.174487113952637,0.05,-7.914344787597656,,
249250,17.164932250976562,0.05,-8.625340461730957,,
249300,1.8072757720947266,0.05,-7.074043273925781,,
249350,15.636332511901855,0.05,-9.491631507873535,,
249400,50.02772903442383,0.05,-9.515803337097168,,
249450,18.59368324279785,0.05,-7.812110424041748,,
249500,0.3271603286266327,0.05,-7.7394022941589355,,
249550,28.533899307250977,0.05,-9.149848937988281,,
249600,52.83552551269531,0.05,-9.46805191040039,,
249650,6.0377278327941895,0.05,-7.6337151527404785,,
249700,24.44645118713379,0.05,-9.11731243133545,,
249750,10.451556205749512,0.05,-8.094249725341797,,
249800,2.589700937271118,0.05,-8.575804710388184,,
249850,5.246122360229492,0.05,-9.959516525268555,,
249900,25.98602867126465,0.05,-8.913620948791504,,
249950,52.80497741699219,0.05,-10.668633460998535,,
250000,1.828734040260315,0.05,-7.931407451629639,-0.8474697722722591,27.73333333333333
250050,16.8017520904541,0.05,-9.09048843383789,,
250100,12.361183166503906,0.05,-7.407866954803467,,
250150,7.00261116027832,0.05,-8.789169311523438,,
250200,0.3833671808242798,0.05,-8.855879783630371,,
250250,1.9664174318313599,0.05,-9.388699531555176,,
250300,39.431854248046875,0.05,-7.917623043060303,,
250350,12.349200248718262,0.05,-9.169550895690918,,
250400,0.1854114681482315,0.05,-6.659151077270508,,
250450,5.211394309997559,0.05,-10.294724464416504,,
250500,4.396119594573975,0.05,-8.00328540802002,,
250550,11.63796615600586,0.05,-8.78262710571289,,
250600,10.681729316711426,0.05,-7.8842010498046875,,
250650,11.531208992004395,0.05,-9.66541576385498,,
250700,9.639091491699219,0.05,-7.41934061050415,,
250750,1.3439273834228516,0.05,-9.705446243286133,,
250800,2.0404253005981445,0.05,-7.915083408355713,,
250850,4.865991115570068,0.05,-8.315312385559082,,
250900,6.358414173126221,0.05,-9.53868293762207,,
250950,3.823064088821411,0.05,-10.093762397766113,,
251000,14.373340606689453,0.05,-7.324859619140625,,
251050,1.4604586362838745,0.05,-7.663711071014404,,
251100,6.645664215087891,0.05,-8.92347240447998,,
251150,33.642513275146484,0.05,-7.7882771492004395,,
251200,1.6966592073440552,0.05,-9.63040828704834,,
251250,13.23379898071289,0.05,-7.631996154785156,,
251300,39.52645492553711,0.05,-7.511861801147461,,
251350,0.8333266377449036,0.05,-7.708282947540283,,
251400,13.754055976867676,0.05,-9.293488502502441,,
251450,26.10871124267578,0.05,-10.353102684020996,,
251500,3.1225850582122803,0.05,-7.575062274932861,,
251550,5.841037273406982,0.05,-9.058926582336426,,
251600,0.18808358907699585,0.05,-7.0732245445251465,,
251650,24.376365661621094,0.05,-8.467473983764648,,
251700,21.902830123901367,0.05,-8.58627986907959,,
251750,18.02789306640625,0.05,-8.367229461669922,,
251800,1.322135329246521,0.05,-8.457818031311035,,
251850,20.344701766967773,0.05,-11.172181129455566,,
251900,3.799384355545044,0.05,-8.70230770111084,,
251950,35.23610305786133,0.05,-10.405532836914062,,
252000,1.0886316299438477,0.05,-7.7725653648376465,,
252050,14.351112365722656,0.05,-9.31876277923584,,
252100,7.939938068389893,0.05,-8.813898086547852,,
252150,13.70019245147705,0.05,-8.426983833312988,,
252200,6.514373779296875,0.05,-6.920188903808594,,
252250,4.339284420013428,0.05,-9.653159141540527,,
252300,12.908516883850098,0.05,-8.897086143493652,,
252350,26.126562118530273,0.05,-7.420440196990967,,
252400,0.9843451976776123,0.05,-7.480149745941162,,
252450,11.639857292175293,0.05,-7.763891220092773,,
252500,7.37742805480957,0.05,-8.054743766784668,,
252550,25.396240234375,0.05,-8.444401741027832,,
252600,8.44369125366211,0.05,-8.545562744140625,,
252650,8.591853141784668,0.05,-7.157253265380859,,
252700,19.572751998901367,0.05,-7.67949104309082,,
252750,7.882022857666016,0.05,-9.12424087524414,,
252800,31.160600662231445,0.05,-8.19548511505127,,
252850,0.2982834279537201,0.05,-6.878541946411133,,
252900,23.315820693969727,0.05,-8.654170036315918,,
252950,1.3572616577148438,0.05,-7.811042785644531,,
253000,8.669544219970703,0.05,-9.460283279418945,,
253050,20.98899269104004,0.05,-9.650904655456543,,
253100,0.844872236251831,0.05,-7.589803218841553,,
253150,38.687625885009766,0.05,-7.907705783843994,,
253200,53.9025993347168,0.05,-9.457903861999512,,
253250,1.7352967262268066,0.05,-8.482222557067871,,
253300,13.61767864227295,0.05,-10.165054321289062,,
253350,12.110747337341309,0.05,-8.30490493774414,,
253400,2.2502458095550537,0.05,-9.381583213806152,,
253450,1.8927356004714966,0.05,-9.537893295288086,,
253500,14.552776336669922,0.05,-8.252408027648926,,
253550,6.2080159187316895,0.05,-8.327950477600098,,
253600,14.975017547607422,0.05,-6.98783540725708,,
253650,20.02440071105957,0.05,-9.222237586975098,,
253700,1.648595929145813,0.05,-7.177215099334717,,
253750,16.216598510742188,0.05,-9.218047142028809,,
253800,17.17759132385254,0.05,-9.931113243103027,,
253850,2.161867141723633,0.05,-9.406571388244629,,
253900,29.390535354614258,0.05,-8.399100303649902,,
253950,26.251548767089844,0.05,-10.892036437988281,,
254000,21.49772071838379,0.05,-7.360434055328369,,
254050,15.713420867919922,0.05,-9.055293083190918,,
254100,0.4710964262485504,0.05,-9.142186164855957,,
254150,4.863626480102539,0.05,-7.909582138061523,,
254200,33.43270492553711,0.05,-10.326648712158203,,
254250,14.018192291259766,0.05,-11.246554374694824,,
254300,19.507959365844727,0.05,-9.866066932678223,,
254350,5.809303283691406,0.05,-8.56958293914795,,
254400,55.11460494995117,0.05,-9.854607582092285,,
254450,27.671239852905273,0.05,-9.48022174835205,,
254500,8.414674758911133,0.05,-9.301497459411621,,
254550,1.9778417348861694,0.05,-7.316951274871826,,
254600,7.981861114501953,0.05,-9.70278263092041,,
254650,2.1344351768493652,0.05,-7.535505294799805,,
254700,0.9661402702331543,0.05,-7.8958563804626465,,
254750,1.1595534086227417,0.05,-8.508219718933105,,
254800,20.752485275268555,0.05,-8.570708274841309,,
254850,2.1359455585479736,0.05,-7.201298236846924,,
254900,0.7138903737068176,0.05,-7.901321887969971,,
254950,5.429660320281982,0.05,-8.92570686340332,,
255000,17.58089256286621,0.05,-6.830482482910156,,
255050,43.64682388305664,0.05,-8.587203025817871,,
255100,13.138514518737793,0.05,-7.638983249664307,,
255150,25.554746627807617,0.05,-9.661672592163086,,
255200,33.04901123046875,0.05,-8.71517562866211,,
255250,21.1644229888916,0.05,-7.982959747314453,,
255300,8.289934158325195,0.05,-7.791776180267334,,
255350,19.443941116333008,0.05,-7.592189788818359,,
255400,1.85822594165802,0.05,-8.63641357421875,,
255450,0.7584881782531738,0.05,-7.397552013397217,,
255500,0.6186397075653076,0.05,-6.77163553237915,,
255550,12.321685791015625,0.05,-6.217179775238037,,
255600,0.7157513499259949,0.05,-7.723100662231445,,
255650,41.96463394165039,0.05,-7.7929229736328125,,
255700,22.892982482910156,0.05,-10.436539649963379,,
255750,16.323366165161133,0.05,-7.10099458694458,,
255800,20.552061080932617,0.05,-9.495804786682129,,
255850,28.91950225830078,0.05,-9.854257583618164,,
255900,0.7365846633911133,0.05,-6.490980625152588,,
255950,65.89205932617188,0.05,-9.3385648727417,,
256000,40.9885368347168,0.05,-9.897701263427734,,
256050,4.0880126953125,0.05,-6.161538600921631,,
256100,1.4682413339614868,0.05,-7.201097011566162,,
256150,28.413183212280273,0.05,-7.1251749992370605,,
256200,8.667292594909668,0.05,-10.061659812927246,,
256250,8.584879875183105,0.05,-8.85738754272461,,
256300,1.6665560007095337,0.05,-8.297577857971191,,
256350,23.32841682434082,0.05,-8.574601173400879,,
256400,24.303518295288086,0.05,-9.82043170928955,,
256450,12.783537864685059,0.05,-7.368719577789307,,
256500,13.891074180603027,0.05,-7.777618408203125,,
256550,0.7692888379096985,0.05,-7.43047571182251,,
256600,26.8869686126709,0.05,-7.867343902587891,,
256650,1.9984625577926636,0.05,-8.953484535217285,,
256700,3.4478366374969482,0.05,-7.578153610229492,,
256750,0.8038572669029236,0.05,-8.449747085571289,,
256800,29.765779495239258,0.05,-7.960935115814209,,
256850,7.771810054779053,0.05,-6.796209812164307,,
256900,31.523881912231445,0.05,-7.569055080413818,,
256950,10.174723625183105,0.05,-9.19035816192627,,
257000,9.626484870910645,0.05,-7.810805797576904,,
257050,28.506101608276367,0.05,-9.891802787780762,,
257100,3.2831974029541016,0.05,-9.674585342407227,,
257150,31.75868797302246,0.05,-11.216419219970703,,
257200,17.557636260986328,0.05,-7.507755279541016,,
257250,38.50291061401367,0.05,-10.335108757019043,,
257300,1.1701209545135498,0.05,-8.343968391418457,,
257350,6.926593780517578,0.05,-8.873129844665527,,
257400,5.804823398590088,0.05,-7.875085353851318,,
257450,1.5558782815933228,0.05,-8.051783561706543,,
257500,8.982781410217285,0.05,-7.491018295288086,,
257550,5.464122295379639,0.05,-8.399506568908691,,
257600,0.21358788013458252,0.05,-7.381649494171143,,
257650,3.2949893474578857,0.05,-7.008272171020508,,
257700,14.635638236999512,0.05,-6.778890609741211,,
257750,3.8420677185058594,0.05,-7.391984939575195,,
257800,17.39291000366211,0.05,-7.142740249633789,,
257850,7.448611736297607,0.05,-7.554030895233154,,
257900,21.17694664001465,0.05,-6.661112308502197,,
257950,3.0240061283111572,0.05,-9.806533813476562,,
258000,6.130752086639404,0.05,-8.587105751037598,,
258050,20.621885299682617,0.05,-8.799883842468262,,
258100,0.7525400519371033,0.05,-9.175789833068848,,
258150,4.977479457855225,0.05,-9.405804634094238,,
258200,1.5825058221817017,0.05,-7.262558460235596,,
258250,19.027509689331055,0.05,-7.9260687828063965,,
258300,9.52660846710205,0.05,-7.914506435394287,,
258350,5.944758892059326,0.05,-8.599883079528809,,
258400,1.5022664070129395,0.05,-8.059638023376465,,
258450,15.478230476379395,0.05,-8.058941841125488,,
258500,0.8288660645484924,0.05,-7.9232611656188965,,
258550,6.898143291473389,0.05,-8.538803100585938,,
258600,0.33059054613113403,0.05,-7.611820220947266,,
258650,16.774559020996094,0.05,-9.584317207336426,,
258700,7.211740493774414,0.05,-7.0450215339660645,,
258750,19.441923141479492,0.05,-6.064931392669678,,
258800,9.35346794128418,0.05,-8.759970664978027,,
258850,27.658172607421875,0.05,-8.366589546203613,,
258900,5.755496978759766,0.05,-9.055350303649902,,
258950,32.702457427978516,0.05,-9.287789344787598,,
259000,9.490089416503906,0.05,-8.153079986572266,,
259050,17.714733123779297,0.05,-9.270426750183105,,
259100,36.65403366088867,0.05,-8.948925971984863,,
259150,1.788461685180664,0.05,-6.910580158233643,,
259200,17.8958683013916,0.05,-8.325846672058105,,
259250,37.298912048339844,0.05,-8.390693664550781,,
259300,1.285007357597351,0.05,-9.592244148254395,,
259350,28.500993728637695,0.05,-7.419475555419922,,
259400,37.28493118286133,0.05,-9.3825044631958,,
259450,20.97463035583496,0.05,-8.48563003540039,,
259500,42.22343063354492,0.05,-8.220440864562988,,
259550,6.201998233795166,0.05,-7.155149459838867,,
259600,23.995332717895508,0.05,-9.506104469299316,,
259650,44.1956787109375,0.05,-8.247586250305176,,
259700,16.11977195739746,0.05,-7.011599063873291,,
259750,12.060417175292969,0.05,-8.157029151916504,,
259800,23.337858200073242,0.05,-9.398872375488281,,
259850,33.66096878051758,0.05,-7.662289142608643,,
259900,24.905359268188477,0.05,-8.43220043182373,,
259950,2.8650786876678467,0.05,-7.309595584869385,,
260000,14.291092872619629,0.05,-8.61668586730957,,
260050,31.15690040588379,0.05,-7.573588848114014,,
260100,8.079570770263672,0.05,-8.031521797180176,,
260150,46.634765625,0.05,-9.049328804016113,,
260200,14.35253620147705,0.05,-7.906848907470703,,
260250,6.726678848266602,0.05,-8.469082832336426,,
260300,20.06169319152832,0.05,-8.419953346252441,,
260350,2.6862173080444336,0.05,-7.993074417114258,,
260400,0.17320363223552704,0.05,-9.309298515319824,,
260450,20.176597595214844,0.05,-8.483004570007324,,
260500,23.331787109375,0.05,-9.4122953414917,,
260550,14.4777193069458,0.05,-7.720027446746826,,
260600,5.3012309074401855,0.05,-7.412882328033447,,
260650,6.698503017425537,0.05,-7.110147953033447,,
260700,26.63836097717285,0.05,-8.808512687683105,,
260750,1.5873918533325195,0.05,-6.796658039093018,,
260800,7.915157794952393,0.05,-8.679472923278809,,
260850,2.0233240127563477,0.05,-9.168938636779785,,
260900,2.7208516597747803,0.05,-8.14086627960205,,
260950,1.2783615589141846,0.05,-8.891085624694824,,
261000,1.2992545366287231,0.05,-9.121440887451172,,
261050,1.154754400253296,0.05,-8.240650177001953,,
261100,14.659065246582031,0.05,-7.884655475616455,,
261150,18.51788902282715,0.05,-8.901928901672363,,
261200,13.628474235534668,0.05,-7.728724002838135,,
261250,1.266052007675171,0.05,-8.110382080078125,,
261300,5.199909210205078,0.05,-7.570692539215088,,
261350,13.85705280303955,0.05,-9.752906799316406,,
261400,10.183719635009766,0.05,-9.17700481414795,,
261450,12.63477611541748,0.05,-8.351982116699219,,
261500,9.776204109191895,0.05,-8.211432456970215,,
261550,1.2791872024536133,0.05,-7.668390274047852,,
261600,15.911520957946777,0.05,-7.850779056549072,,
261650,20.54353141784668,0.05,-8.73653507232666,,
261700,12.04775333404541,0.05,-8.293957710266113,,
261750,20.8813419342041,0.05,-8.368980407714844,,
261800,7.352560520172119,0.05,-8.414822578430176,,
261850,12.101656913757324,0.05,-7.933999538421631,,
261900,0.517101526260376,0.05,-7.197544574737549,,
261950,1.1222203969955444,0.05,-8.294465065002441,,
262000,7.146294116973877,0.05,-9.743819236755371,,
262050,10.477646827697754,0.05,-7.994731426239014,,
262100,12.720280647277832,0.05,-8.411345481872559,,
262150,13.711148262023926,0.05,-9.254908561706543,,
262200,2.4189960956573486,0.05,-7.751346111297607,,
262250,2.7052507400512695,0.05,-7.89941930770874,,
262300,1.15241539478302,0.05,-7.499908447265625,,
262350,1.3241467475891113,0.05,-7.521623134613037,,
262400,25.974822998046875,0.05,-8.48310375213623,,
262450,19.604169845581055,0.05,-9.024569511413574,,
262500,30.891447067260742,0.05,-9.364008903503418,,
262550,1.570631504058838,0.05,-9.822803497314453,,
262600,6.084718227386475,0.05,-10.976038932800293,,
262650,19.609664916992188,0.05,-8.094677925109863,,
262700,18.179025650024414,0.05,-8.915544509887695,,
262750,5.682178020477295,0.05,-10.646736145019531,,
262800,10.782051086425781,0.05,-9.678438186645508,,
262850,15.279342651367188,0.05,-8.425050735473633,,
262900,23.87818145751953,0.05,-9.08169937133789,,
262950,48.682613372802734,0.05,-9.912806510925293,,
263000,15.696606636047363,0.05,-7.693396091461182,,
263050,1.5296200513839722,0.05,-7.2047648429870605,,
263100,0.8758580088615417,0.05,-7.738492488861084,,
263150,9.210867881774902,0.05,-7.771280765533447,,
263200,28.306978225708008,0.05,-7.983488082885742,,
263250,2.185288667678833,0.05,-10.067484855651855,,
263300,53.35152053833008,0.05,-11.007742881774902,,
263350,15.797699928283691,0.05,-8.414217948913574,,
263400,3.6813347339630127,0.05,-7.240884780883789,,
263450,2.770986795425415,0.05,-9.882304191589355,,
263500,47.27718734741211,0.05,-10.01528263092041,,
263550,20.014951705932617,0.05,-9.683439254760742,,
263600,37.15896224975586,0.05,-9.190629005432129,,
263650,21.143680572509766,0.05,-7.517907619476318,,
263700,16.599998474121094,0.05,-8.183170318603516,,
263750,16.862335205078125,0.05,-7.511314868927002,,
263800,28.20399284362793,0.05,-9.043697357177734,,
263850,3.004046678543091,0.05,-8.861316680908203,,
263900,15.962862968444824,0.05,-6.692479610443115,,
263950,33.53528594970703,0.05,-10.659584045410156,,
264000,8.277661323547363,0.05,-9.316384315490723,,
264050,27.84440040588379,0.05,-8.724449157714844,,
264100,1.699934482574463,0.05,-8.43490219116211,,
264150,15.137516021728516,0.05,-11.528681755065918,,
264200,2.00911808013916,0.05,-8.425360679626465,,
264250,1.0425690412521362,0.05,-7.942179203033447,,
264300,2.362572431564331,0.05,-9.291099548339844,,
264350,1.261353850364685,0.05,-7.644283771514893,,
264400,0.3281155824661255,0.05,-8.48318099975586,,
264450,7.929084300994873,0.05,-8.888912200927734,,
264500,37.07233810424805,0.05,-8.366223335266113,,
264550,2.5444142818450928,0.05,-7.168468952178955,,
264600,43.53779220581055,0.05,-9.58471965789795,,
264650,37.544979095458984,0.05,-13.432988166809082,,
264700,2.431405782699585,0.05,-7.9320292472839355,,
264750,10.265434265136719,0.05,-9.901593208312988,,
264800,9.237637519836426,0.05,-7.548259258270264,,
264850,16.64832878112793,0.05,-7.912240982055664,,
264900,0.8923890590667725,0.05,-8.43674087524414,,
264950,24.187177658081055,0.05,-9.699681282043457,,
265000,4.2895894050598145,0.05,-7.3193182945251465,,
265050,25.134048461914062,0.05,-8.591117858886719,,
265100,1.8100496530532837,0.05,-6.8172383308410645,,
265150,15.057744026184082,0.05,-7.222702503204346,,
265200,34.40165328979492,0.05,-7.944301128387451,,
265250,24.251220703125,0.05,-7.27725076675415,,
265300,14.641284942626953,0.05,-9.821087837219238,,
265350,20.447498321533203,0.05,-8.301375389099121,,
265400,18.60514259338379,0.05,-10.035679817199707,,
265450,1.4723200798034668,0.05,-8.530024528503418,,
265500,19.315256118774414,0.05,-10.21520709991455,,
265550,2.5393855571746826,0.05,-8.430718421936035,,
265600,1.0333985090255737,0.05,-8.089485168457031,,
265650,28.37445640563965,0.05,-8.201416969299316,,
265700,1.3315173387527466,0.05,-8.12309741973877,,
265750,16.42461395263672,0.05,-9.105561256408691,,
265800,38.9520149230957,0.05,-8.789775848388672,,
265850,1.897955060005188,0.05,-7.1558685302734375,,
265900,5.456672191619873,0.05,-7.8032965660095215,,
265950,25.46881866455078,0.05,-11.664299011230469,,
266000,31.093725204467773,0.05,-8.265312194824219,,
266050,39.24726867675781,0.05,-7.9806389808654785,,
266100,28.675996780395508,0.05,-10.378321647644043,,
266150,3.7258167266845703,0.05,-9.176785469055176,,
266200,19.867868423461914,0.05,-8.057659149169922,,
266250,10.483241081237793,0.05,-6.532993793487549,,
266300,20.88116455078125,0.05,-7.861172199249268,,
266350,46.0608024597168,0.05,-9.420289039611816,,
266400,37.89921188354492,0.05,-8.464618682861328,,
266450,2.062675952911377,0.05,-8.635607719421387,,
266500,39.23075485229492,0.05,-9.25475788116455,,
266550,2.0143444538116455,0.05,-8.713948249816895,,
266600,1.7942577600479126,0.05,-10.518431663513184,,
266650,25.196481704711914,0.05,-8.633565902709961,,
266700,25.721391677856445,0.05,-7.557705402374268,,
266750,21.398040771484375,0.05,-8.414992332458496,,
266800,15.341280937194824,0.05,-9.377751350402832,,
266850,44.88715744018555,0.05,-7.643032550811768,,
266900,8.925087928771973,0.05,-9.829987525939941,,
266950,6.418722629547119,0.05,-7.614243030548096,,
267000,2.0677709579467773,0.05,-7.802000045776367,,
267050,26.173086166381836,0.05,-8.49852466583252,,
267100,27.117448806762695,0.05,-8.60715103149414,,
267150,0.6836836338043213,0.05,-6.280519485473633,,
267200,19.12908172607422,0.05,-9.329734802246094,,
267250,2.599738836288452,0.05,-7.869935512542725,,
267300,29.848037719726562,0.05,-8.13815975189209,,
267350,30.08795738220215,0.05,-11.69631290435791,,
267400,1.4351530075073242,0.05,-8.237765312194824,,
267450,8.124246597290039,0.05,-8.249554634094238,,
267500,4.764448642730713,0.05,-8.615835189819336,,
267550,67.81707763671875,0.05,-9.814519882202148,,
267600,6.500734329223633,0.05,-8.439447402954102,,
267650,9.56335163116455,0.05,-7.7367377281188965,,
267700,9.292510986328125,0.05,-8.433917999267578,,
267750,18.534765243530273,0.05,-9.989174842834473,,
267800,1.1298682689666748,0.05,-8.215721130371094,,
267850,20.92984962463379,0.05,-7.62394905090332,,
267900,4.289217472076416,0.05,-6.625335693359375,,
267950,27.863779067993164,0.05,-8.659306526184082,,
268000,20.386762619018555,0.05,-8.133471488952637,,
268050,43.23410415649414,0.05,-8.984349250793457,,
268100,6.323115825653076,0.05,-7.027917861938477,,
268150,7.85955810546875,0.05,-9.281017303466797,,
268200,33.403587341308594,0.05,-11.532752990722656,,
268250,26.85279655456543,0.05,-9.923443794250488,,
268300,0.6684461236000061,0.05,-7.297592639923096,,
268350,0.8141276240348816,0.05,-7.560346603393555,,
268400,10.551058769226074,0.05,-10.044495582580566,,
268450,11.602892875671387,0.05,-8.564549446105957,,
268500,6.678711414337158,0.05,-9.938732147216797,,
268550,18.381263732910156,0.05,-9.794543266296387,,
268600,1.6193393468856812,0.05,-8.252459526062012,,
268650,5.540698528289795,0.05,-7.8579277992248535,,
268700,3.322559118270874,0.05,-8.4168701171875,,
268750,8.984024047851562,0.05,-8.817190170288086,,
268800,3.9060208797454834,0.05,-7.8104248046875,,
268850,9.160327911376953,0.05,-9.016590118408203,,
268900,17.02698516845703,0.05,-9.473416328430176,,
268950,24.706911087036133,0.05,-9.315016746520996,,
269000,18.516311645507812,0.05,-8.789113998413086,,
269050,10.717862129211426,0.05,-9.502007484436035,,
269100,19.8181209564209,0.05,-8.432429313659668,,
269150,25.379304885864258,0.05,-10.781865119934082,,
269200,42.06416320800781,0.05,-10.31037425994873,,
269250,5.803592205047607,0.05,-8.193175315856934,,
269300,27.41392707824707,0.05,-8.625086784362793,,
269350,31.603147506713867,0.05,-10.566325187683105,,
269400,51.83908462524414,0.05,-9.167801856994629,,
269450,25.55083465576172,0.05,-9.653221130371094,,
269500,32.67350387573242,0.05,-9.821758270263672,,
269550,28.348970413208008,0.05,-10.197806358337402,,
269600,6.9271979331970215,0.05,-9.599081039428711,,
269650,17.59892463684082,0.05,-10.126441955566406,,
269700,25.822568893432617,0.05,-8.358262062072754,,
269750,40.15303039550781,0.05,-9.2587890625,,
269800,29.8248291015625,0.05,-8.58520221710205,,
269850,26.94695472717285,0.05,-8.538668632507324,,
269900,11.9435396194458,0.05,-9.642298698425293,,
269950,1.1612285375595093,0.05,-7.624378681182861,,
270000,24.098541259765625,0.05,-8.99439525604248,,
270050,17.930723190307617,0.05,-11.005192756652832,,
270100,6.565971374511719,0.05,-9.468850135803223,,
270150,11.80383586883545,0.05,-8.446102142333984,,
270200,24.107797622680664,0.05,-8.16629695892334,,
270250,18.388399124145508,0.05,-8.938530921936035,,
270300,1.2712252140045166,0.05,-7.451511383056641,,
270350,15.912341117858887,0.05,-10.032113075256348,,
270400,2.910435438156128,0.05,-8.38723087310791,,
270450,2.4168338775634766,0.05,-7.755402088165283,,
270500,12.733024597167969,0.05,-11.739753723144531,,
270550,36.30710220336914,0.05,-10.029894828796387,,
270600,33.99253463745117,0.05,-10.425141334533691,,
270650,14.460282325744629,0.05,-9.396923065185547,,
270700,49.56913757324219,0.05,-9.905280113220215,,
270750,43.40138626098633,0.05,-9.230579376220703,,
270800,14.105866432189941,0.05,-8.869942665100098,,
270850,0.8794910311698914,0.05,-8.22512149810791,,
270900,3.9150612354278564,0.05,-9.019999504089355,,
270950,16.141040802001953,0.05,-10.91138744354248,,
271000,13.971057891845703,0.05,-10.074041366577148,,
271050,28.674070358276367,0.05,-12.169075965881348,,
271100,10.608966827392578,0.05,-9.693224906921387,,
271150,3.888974905014038,0.05,-11.723965644836426,,
271200,5.360165119171143,0.05,-9.706564903259277,,
271250,10.196410179138184,0.05,-8.357048034667969,,
271300,12.532296180725098,0.05,-9.980530738830566,,
271350,1.4731606245040894,0.05,-8.900979995727539,,
271400,21.019956588745117,0.05,-10.273693084716797,,
271450,3.7110509872436523,0.05,-9.03313159942627,,
271500,14.821136474609375,0.05,-8.523484230041504,,
271550,11.909747123718262,0.05,-9.630215644836426,,
271600,11.277530670166016,0.05,-8.19759464263916,,
271650,18.272232055664062,0.05,-7.761138916015625,,
271700,15.747477531433105,0.05,-9.507664680480957,,
271750,12.876973152160645,0.05,-8.379136085510254,,
271800,29.872098922729492,0.05,-9.73962688446045,,
271850,2.9300012588500977,0.05,-10.338364601135254,,
271900,5.342077255249023,0.05,-9.28482437133789,,
271950,19.981231689453125,0.05,-10.351160049438477,,
272000,0.23196353018283844,0.05,-8.3662691116333,,
272050,14.605297088623047,0.05,-9.644822120666504,,
272100,0.2184400111436844,0.05,-8.175335884094238,,
272150,4.085017681121826,0.05,-9.836400032043457,,
272200,36.910675048828125,0.05,-7.80264139175415,,
272250,13.84378433227539,0.05,-9.241250038146973,,
272300,27.981565475463867,0.05,-9.01904010772705,,
272350,1.2638781070709229,0.05,-9.83581256866455,,
272400,23.162208557128906,0.05,-9.681057929992676,,
272450,11.031944274902344,0.05,-8.881656646728516,,
272500,12.049652099609375,0.05,-10.383504867553711,,
272550,14.084977149963379,0.05,-8.553168296813965,,
272600,23.312013626098633,0.05,-9.737523078918457,,
272650,18.827688217163086,0.05,-10.089704513549805,,
272700,16.96938133239746,0.05,-9.424904823303223,,
272750,1.9200443029403687,0.05,-10.1182861328125,,
272800,5.321640968322754,0.05,-9.195262908935547,,
272850,1.561191201210022,0.05,-7.970975875854492,,
272900,2.429534673690796,0.05,-9.207488059997559,,
272950,1.1808393001556396,0.05,-8.777332305908203,,
273000,22.95293426513672,0.05,-10.600664138793945,,
273050,28.590517044067383,0.05,-11.327788352966309,,
273100,3.746302604675293,0.05,-9.3982515335083,,
273150,16.410350799560547,0.05,-7.709709167480469,,
273200,1.7114863395690918,0.05,-9.892486572265625,,
273250,44.209102630615234,0.05,-9.732070922851562,,
273300,16.99298667907715,0.05,-9.642960548400879,,
273350,11.002596855163574,0.05,-8.722432136535645,,
273400,30.31838035583496,0.05,-8.729087829589844,,
273450,1.85722017288208,0.05,-10.088550567626953,,
273500,31.069875717163086,0.05,-10.081902503967285,,
273550,16.74411392211914,0.05,-10.422242164611816,,
273600,10.321709632873535,0.05,-10.41667652130127,,
273650,22.34828758239746,0.05,-8.56069278717041,,
273700,9.997562408447266,0.05,-9.087986946105957,,
273750,18.442264556884766,0.05,-8.405314445495605,,
273800,15.017382621765137,0.05,-9.667357444763184,,
273850,13.62093734741211,0.05,-9.26845932006836,,
273900,13.728592872619629,0.05,-6.798656463623047,,
273950,16.6976375579834,0.05,-8.985678672790527,,
274000,5.58326530456543,0.05,-8.250685691833496,,
274050,3.921677827835083,0.05,-8.200528144836426,,
274100,16.144641876220703,0.05,-11.18664264678955,,
274150,0.7244740128517151,0.05,-6.811089992523193,,
274200,38.82486343383789,0.05,-9.493481636047363,,
274250,23.7399845123291,0.05,-8.795029640197754,,
274300,12.508221626281738,0.05,-9.394795417785645,,
274350,56.51011276245117,0.05,-11.064811706542969,,
274400,2.011270761489868,0.05,-9.98437786102295,,
274450,4.5978922843933105,0.05,-10.959074974060059,,
274500,11.997262001037598,0.05,-10.174796104431152,,
274550,4.274438858032227,0.05,-9.731291770935059,,
274600,22.205446243286133,0.05,-10.357784271240234,,
274650,1.8569074869155884,0.05,-10.002971649169922,,
274700,19.09663200378418,0.05,-8.425312042236328,,
274750,39.23073196411133,0.05,-8.27777099609375,,
274800,59.25924301147461,0.05,-9.423019409179688,,
274850,3.481559991836548,0.05,-9.621045112609863,,
274900,6.126071453094482,0.05,-9.6290864944458,,
274950,23.040388107299805,0.05,-8.2761812210083,,
275000,4.481927394866943,0.05,-10.70639705657959,-1.1884043704183553,40.8
275050,19.091461181640625,0.05,-10.334102630615234,,
275100,19.363624572753906,0.05,-8.586265563964844,,
275150,31.242843627929688,0.05,-10.434037208557129,,
275200,9.961522102355957,0.05,-10.789830207824707,,
275250,12.587897300720215,0.05,-8.510643005371094,,
275300,28.286972045898438,0.05,-7.616254806518555,,
275350,3.601280927658081,0.05,-9.850568771362305,,
275400,1.966823697090149,0.05,-8.915119171142578,,
275450,15.42049503326416,0.05,-9.975605964660645,,
275500,10.580680847167969,0.05,-9.631959915161133,,
275550,15.984344482421875,0.05,-9.53454303741455,,
275600,0.1886935979127884,0.05,-7.536527633666992,,
275650,12.125975608825684,0.05,-8.257694244384766,,
275700,16.66682243347168,0.05,-8.397465705871582,,
275750,5.019720554351807,0.05,-8.445038795471191,,
275800,1.70827054977417,0.05,-8.180903434753418,,
275850,12.98709487915039,0.05,-8.86810302734375,,
275900,23.608810424804688,0.05,-9.066706657409668,,
275950,2.2071950435638428,0.05,-7.962757110595703,,
276000,2.3024706840515137,0.05,-9.108746528625488,,
276050,19.661314010620117,0.05,-9.354609489440918,,
276100,36.35081481933594,0.05,-10.299489974975586,,
276150,1.7833075523376465,0.05,-8.641427040100098,,
276200,3.214479684829712,0.05,-10.683895111083984,,
276250,1.79487144947052,0.05,-7.499667644500732,,
276300,3.3386590480804443,0.05,-8.435372352600098,,
276350,0.724129855632782,0.05,-8.500449180603027,,
276400,15.660542488098145,0.05,-10.848773956298828,,
276450,46.44020080566406,0.05,-10.644646644592285,,
276500,12.03185749053955,0.05,-10.556071281433105,,
276550,24.76299285888672,0.05,-8.925814628601074,,
276600,48.024662017822266,0.05,-10.698513984680176,,
276650,18.590009689331055,0.05,-7.925857067108154,,
276700,25.20844268798828,0.05,-7.8570685386657715,,
276750,17.969070434570312,0.05,-9.743401527404785,,
276800,12.13001537322998,0.05,-10.086835861206055,,
276850,10.157612800598145,0.05,-7.876187801361084,,
276900,1.2942380905151367,0.05,-7.181008815765381,,
276950,37.55471420288086,0.05,-10.842635154724121,,
277000,3.5493357181549072,0.05,-9.673697471618652,,
277050,1.0479148626327515,0.05,-8.570319175720215,,
277100,1.2905350923538208,0.05,-8.433159828186035,,
277150,2.6697189807891846,0.05,-9.746118545532227,,
277200,22.003557205200195,0.05,-9.489851951599121,,
277250,13.677127838134766,0.05,-8.034547805786133,,
277300,42.73762130737305,0.05,-8.951090812683105,,
277350,29.19575309753418,0.05,-10.237278938293457,,
277400,0.20372241735458374,0.05,-7.899130344390869,,
277450,31.874685287475586,0.05,-9.060286521911621,,
277500,18.384620666503906,0.05,-9.029455184936523,,
277550,30.98521614074707,0.05,-7.2159743309021,,
277600,20.055471420288086,0.05,-7.725935459136963,,
277650,16.010643005371094,0.05,-9.439620018005371,,
277700,10.463035583496094,0.05,-10.774996757507324,,
277750,23.793136596679688,0.05,-10.560846328735352,,
277800,3.5384318828582764,0.05,-10.741633415222168,,
277850,13.045268058776855,0.05,-8.471431732177734,,
277900,49.8647575378418,0.05,-9.296528816223145,,
277950,20.88104248046875,0.05,-9.729421615600586,,
278000,5.423816204071045,0.05,-9.484862327575684,,
278050,1.2450248003005981,0.05,-10.552923202514648,,
278100,15.422961235046387,0.05,-7.790447235107422,,
278150,28.41697883605957,0.05,-10.817927360534668,,
278200,17.212751388549805,0.05,-8.319326400756836,,
278250,50.650325775146484,0.05,-8.695929527282715,,
278300,26.956438064575195,0.05,-10.032832145690918,,
278350,23.18000602722168,0.05,-9.719300270080566,,
278400,2.2044408321380615,0.05,-8.48203182220459,,
278450,10.715685844421387,0.05,-8.53286361694336,,
278500,26.167999267578125,0.05,-10.829808235168457,,
278550,4.949417591094971,0.05,-7.898512363433838,,
278600,0.6110560297966003,0.05,-8.510146141052246,,
278650,2.4347259998321533,0.05,-7.234817028045654,,
278700,3.799835205078125,0.05,-10.521883964538574,,
278750,17.9482479095459,0.05,-9.179264068603516,,
278800,71.63949584960938,0.05,-10.63977336883545,,
278850,3.7185604572296143,0.05,-8.302834510803223,,
278900,1.9174895286560059,0.05,-8.625580787658691,,
278950,2.226762533187866,0.05,-9.377474784851074,,
279000,8.407034873962402,0.05,-10.779650688171387,,
279050,11.898259162902832,0.05,-8.290506362915039,,
279100,11.622490882873535,0.05,-9.543663024902344,,
279150,3.432579755783081,0.05,-10.633172035217285,,
279200,2.124549627304077,0.05,-10.461817741394043,,
279250,62.67629623413086,0.05,-8.522063255310059,,
279300,3.955345869064331,0.05,-7.735017776489258,,
279350,18.250024795532227,0.05,-9.730792045593262,,
279400,19.040802001953125,0.05,-8.736034393310547,,
279450,22.449310302734375,0.05,-12.942764282226562,,
279500,7.135311126708984,0.05,-10.037253379821777,,
279550,26.8354434967041,0.05,-10.954800605773926,,
279600,8.230876922607422,0.05,-10.287113189697266,,
279650,5.462687015533447,0.05,-8.131111145019531,,
279700,50.757022857666016,0.05,-11.828010559082031,,
279750,1.1499706506729126,0.05,-8.3378324508667,,
279800,28.295251846313477,0.05,-9.473258018493652,,
279850,6.06199312210083,0.05,-9.615732192993164,,
279900,3.1131582260131836,0.05,-8.075970649719238,,
279950,19.94719123840332,0.05,-11.902277946472168,,
280000,32.449954986572266,0.05,-10.198715209960938,,
280050,2.951231002807617,0.05,-11.47954273223877,,
280100,2.6920204162597656,0.05,-7.9171462059021,,
280150,42.23982620239258,0.05,-8.733441352844238,,
280200,36.77448654174805,0.05,-9.45788860321045,,
280250,1.4364242553710938,0.05,-10.341955184936523,,
280300,3.4473724365234375,0.05,-7.9495978355407715,,
280350,30.589746475219727,0.05,-12.360445976257324,,
280400,1.6866215467453003,0.05,-10.632370948791504,,
280450,31.085493087768555,0.05,-10.572028160095215,,
280500,2.448627233505249,0.05,-9.67618465423584,,
280550,12.053637504577637,0.05,-11.343955039978027,,
280600,8.191374778747559,0.05,-9.105746269226074,,
280650,15.310355186462402,0.05,-8.256571769714355,,
280700,1.3608723878860474,0.05,-8.21271800994873,,
280750,7.654531955718994,0.05,-8.219168663024902,,
280800,0.37513843178749084,0.05,-7.4151835441589355,,
280850,34.180912017822266,0.05,-9.623861312866211,,
280900,25.273773193359375,0.05,-9.24347972869873,,
280950,10.845069885253906,0.05,-11.330557823181152,,
281000,1.748942494392395,0.05,-8.47136402130127,,
281050,4.077857971191406,0.05,-8.02026081085205,,
281100,0.536898136138916,0.05,-7.051774501800537,,
281150,23.258867263793945,0.05,-9.335959434509277,,
281200,22.262189865112305,0.05,-8.966711044311523,,
281250,30.70676612854004,0.05,-8.584271430969238,,
281300,17.838342666625977,0.05,-8.30074405670166,,
281350,1.87297523021698,0.05,-7.367495059967041,,
281400,63.64040756225586,0.05,-12.487072944641113,,
281450,2.5695607662200928,0.05,-8.535231590270996,,
281500,7.836797714233398,0.05,-9.665658950805664,,
281550,22.853052139282227,0.05,-9.242156028747559,,
281600,3.514761209487915,0.05,-8.769960403442383,,
281650,10.140593528747559,0.05,-8.48784351348877,,
281700,10.965949058532715,0.05,-8.673049926757812,,
281750,2.0554161071777344,0.05,-8.060905456542969,,
281800,20.066282272338867,0.05,-8.914383888244629,,
281850,5.9669718742370605,0.05,-9.351458549499512,,
281900,0.6656797528266907,0.05,-6.873807430267334,,
281950,18.0473690032959,0.05,-10.154306411743164,,
282000,1.470247745513916,0.05,-7.634776592254639,,
282050,1.4398269653320312,0.05,-9.273578643798828,,
282100,39.0090446472168,0.05,-9.279664993286133,,
282150,5.488442897796631,0.05,-9.162095069885254,,
282200,41.543827056884766,0.05,-9.746618270874023,,
282250,16.99359703063965,0.05,-9.628902435302734,,
282300,29.22147560119629,0.05,-9.709040641784668,,
282350,14.528129577636719,0.05,-7.996181488037109,,
282400,31.8145694732666,0.05,-12.073368072509766,,
282450,26.487306594848633,0.05,-10.14926528930664,,
282500,9.786070823669434,0.05,-7.675607204437256,,
282550,51.15541458129883,0.05,-12.077319145202637,,
282600,3.1155292987823486,0.05,-8.683014869689941,,
282650,1.4262722730636597,0.05,-9.273039817810059,,
282700,31.595670700073242,0.05,-10.202057838439941,,
282750,9.5429048538208,0.05,-8.93494987487793,,
282800,1.4364603757858276,0.05,-7.643104553222656,,
282850,5.584508895874023,0.05,-10.463281631469727,,
282900,18.54526710510254,0.05,-10.003085136413574,,
282950,10.428038597106934,0.05,-9.746779441833496,,
283000,10.283528327941895,0.05,-13.406893730163574,,
283050,9.385031700134277,0.05,-8.377213478088379,,
283100,17.877634048461914,0.05,-7.52857780456543,,
283150,7.331863880157471,0.05,-8.172120094299316,,
283200,43.09305953979492,0.05,-8.311320304870605,,
283250,7.5182785987854,0.05,-8.757691383361816,,
283300,6.399834156036377,0.05,-8.178177833557129,,
283350,17.35572624206543,0.05,-9.557181358337402,,
283400,13.999896049499512,0.05,-11.257960319519043,,
283450,26.639480590820312,0.05,-8.717633247375488,,
283500,6.707587718963623,0.05,-7.374619960784912,,
283550,46.69667053222656,0.05,-10.743191719055176,,
283600,1.086134910583496,0.05,-8.588242530822754,,
283650,26.466285705566406,0.05,-11.756309509277344,,
283700,49.63533020019531,0.05,-8.278423309326172,,
283750,8.293389320373535,0.05,-8.774136543273926,,
283800,68.08332061767578,0.05,-9.014433860778809,,
283850,12.442797660827637,0.05,-8.419437408447266,,
283900,29.976646423339844,0.05,-7.796046733856201,,
283950,23.70949363708496,0.05,-8.738749504089355,,
284000,5.282670021057129,0.05,-8.211653709411621,,
284050,0.5787044167518616,0.05,-7.90813684463501,,
284100,1.0321258306503296,0.05,-8.386595726013184,,
284150,4.790637969970703,0.05,-8.266684532165527,,
284200,0.9695103764533997,0.05,-7.1256232261657715,,
284250,20.4287166595459,0.05,-10.52065658569336,,
284300,37.74849319458008,0.05,-8.60632038116455,,
284350,24.878652572631836,0.05,-10.293206214904785,,
284400,7.16332483291626,0.05,-7.512909412384033,,
284450,5.548452854156494,0.05,-7.17128324508667,,
284500,19.822574615478516,0.05,-9.380396842956543,,
284550,27.815107345581055,0.05,-10.894238471984863,,
284600,0.3904649019241333,0.05,-9.593802452087402,,
284650,48.09555435180664,0.05,-9.938993453979492,,
284700,0.733372688293457,0.05,-7.288949489593506,,
284750,31.3551025390625,0.05,-8.725939750671387,,
284800,23.54527473449707,0.05,-12.127395629882812,,
284850,6.882879734039307,0.05,-6.961746692657471,,
284900,2.970659017562866,0.05,-9.143263816833496,,
284950,51.74314880371094,0.05,-8.78433895111084,,
285000,29.470029830932617,0.05,-9.86664867401123,,
285050,5.757699489593506,0.05,-9.289917945861816,,
285100,1.7453316450119019,0.05,-8.183112144470215,,
285150,44.16325759887695,0.05,-9.527928352355957,,
285200,16.36621856689453,0.05,-11.22469425201416,,
285250,25.9819393157959,0.05,-9.1072359085083,,
285300,15.88491439819336,0.05,-9.461190223693848,,
285350,2.282543182373047,0.05,-9.49547004699707,,
285400,31.13405418395996,0.05,-9.026520729064941,,
285450,12.540083885192871,0.05,-10.114689826965332,,
285500,15.269805908203125,0.05,-10.242047309875488,,
285550,2.1737701892852783,0.05,-9.338594436645508,,
285600,6.333807468414307,0.05,-7.428363800048828,,
285650,1.251134991645813,0.05,-7.587657451629639,,
285700,11.732138633728027,0.05,-8.284516334533691,,
285750,1.4780946969985962,0.05,-8.565485954284668,,
285800,19.81638526916504,0.05,-7.254653453826904,,
285850,1.4691025018692017,0.05,-8.981903076171875,,
285900,4.928812503814697,0.05,-9.353453636169434,,
285950,23.108047485351562,0.05,-7.771660327911377,,
286000,7.2501983642578125,0.05,-9.64085578918457,,
286050,27.551668167114258,0.05,-7.612454891204834,,
286100,34.34587478637695,0.05,-10.071809768676758,,
286150,6.488601207733154,0.05,-13.203879356384277,,
286200,7.115209102630615,0.05,-7.787002086639404,,
286250,14.072376251220703,0.05,-10.979087829589844,,
286300,45.98712158203125,0.05,-7.902235507965088,,
286350,13.8433837890625,0.05,-9.33810806274414,,
286400,3.449223756790161,0.05,-8.893563270568848,,
286450,11.659740447998047,0.05,-8.359456062316895,,
286500,14.477737426757812,0.05,-7.821163177490234,,
286550,17.970312118530273,0.05,-10.607481956481934,,
286600,19.290361404418945,0.05,-8.676661491394043,,
286650,23.449539184570312,0.05,-7.564157962799072,,
286700,2.19012451171875,0.05,-9.433737754821777,,
286750,3.4115140438079834,0.05,-10.996356010437012,,
286800,8.729819297790527,0.05,-7.898721218109131,,
286850,26.177091598510742,0.05,-10.435015678405762,,
286900,5.511350154876709,0.05,-8.360435485839844,,
286950,30.274810791015625,0.05,-10.032666206359863,,
287000,11.390604972839355,0.05,-8.987821578979492,,
287050,34.756351470947266,0.05,-9.113393783569336,,
287100,23.024892807006836,0.05,-9.69298267364502,,
287150,28.998565673828125,0.05,-9.01731014251709,,
287200,7.198797702789307,0.05,-8.168713569641113,,
287250,55.75860595703125,0.05,-8.543595314025879,,
287300,23.70160675048828,0.05,-10.605673789978027,,
287350,1.1255725622177124,0.05,-8.410019874572754,,
287400,6.933965682983398,0.05,-9.363797187805176,,
287450,89.7551498413086,0.05,-11.445256233215332,,
287500,7.952699661254883,0.05,-9.941187858581543,,
287550,2.546750783920288,0.05,-9.111533164978027,,
287600,5.040633201599121,0.05,-8.09963607788086,,
287650,31.33241081237793,0.05,-7.600337982177734,,
287700,8.614989280700684,0.05,-8.455286026000977,,
287750,23.72847557067871,0.05,-8.693346977233887,,
287800,31.747055053710938,0.05,-11.075093269348145,,
287850,8.502223014831543,0.05,-10.34582805633545,,
287900,41.36191177368164,0.05,-11.345928192138672,,
287950,2.7355873584747314,0.05,-9.205336570739746,,
288000,24.224594116210938,0.05,-10.01834774017334,,
288050,29.57500457763672,0.05,-11.271605491638184,,
288100,29.63709259033203,0.05,-12.012619972229004,,
288150,66.58283233642578,0.05,-10.975296020507812,,
288200,3.596806287765503,0.05,-10.127330780029297,,
288250,52.59843444824219,0.05,-10.078536033630371,,
288300,19.315654754638672,0.05,-9.442906379699707,,
288350,24.017690658569336,0.05,-9.022360801696777,,
288400,51.315189361572266,0.05,-11.34348201751709,,
288450,41.03007888793945,0.05,-9.040072441101074,,
288500,13.68852710723877,0.05,-9.0243501663208,,
288550,22.51914405822754,0.05,-9.819037437438965,,
288600,21.47313117980957,0.05,-9.661782264709473,,
288650,4.216528415679932,0.05,-8.207892417907715,,
288700,21.924657821655273,0.05,-8.332938194274902,,
288750,0.9965581893920898,0.05,-8.477633476257324,,
288800,1.7864313125610352,0.05,-8.1005859375,,
288850,2.8766613006591797,0.05,-9.185450553894043,,
288900,26.381593704223633,0.05,-10.219124794006348,,
288950,2.4959142208099365,0.05,-8.660502433776855,,
289000,44.94822311401367,0.05,-13.267300605773926,,
289050,20.018936157226562,0.05,-9.40095329284668,,
289100,50.93011474609375,0.05,-9.032973289489746,,
289150,33.09243392944336,0.05,-10.228802680969238,,
289200,41.3718376159668,0.05,-9.914122581481934,,
289250,13.798645973205566,0.05,-9.288125038146973,,
289300,24.3406925201416,0.05,-9.832374572753906,,
289350,34.0616455078125,0.05,-8.856391906738281,,
289400,25.302358627319336,0.05,-9.984856605529785,,
289450,18.366024017333984,0.05,-10.280996322631836,,
289500,14.891409873962402,0.05,-9.674147605895996,,
289550,24.235197067260742,0.05,-10.23715591430664,,
289600,49.59109878540039,0.05,-9.401267051696777,,
289650,10.283537864685059,0.05,-11.731330871582031,,
289700,34.58075714111328,0.05,-10.039887428283691,,
289750,12.889453887939453,0.05,-9.466042518615723,,
289800,18.953771591186523,0.05,-7.978179454803467,,
289850,2.4432122707366943,0.05,-8.002554893493652,,
289900,15.239630699157715,0.05,-10.466599464416504,,
289950,14.799580574035645,0.05,-8.843801498413086,,
290000,0.7129870057106018,0.05,-8.976970672607422,,
290050,51.46181106567383,0.05,-10.076727867126465,,
290100,0.38532575964927673,0.05,-8.930129051208496,,
290150,2.117964506149292,0.05,-8.510218620300293,,
290200,30.62773323059082,0.05,-10.569350242614746,,
290250,23.231765747070312,0.05,-8.26449966430664,,
290300,11.282034873962402,0.05,-8.244317054748535,,
290350,70.0583724975586,0.05,-11.689867973327637,,
290400,3.731952667236328,0.05,-10.276955604553223,,
290450,6.101386547088623,0.05,-9.095623016357422,,
290500,7.249969959259033,0.05,-8.616405487060547,,
290550,21.158069610595703,0.05,-7.874502658843994,,
290600,2.6361958980560303,0.05,-10.02773666381836,,
290650,15.92092514038086,0.05,-7.114129543304443,,
290700,8.364225387573242,0.05,-8.223509788513184,,
290750,25.267295837402344,0.05,-9.055363655090332,,
290800,28.460439682006836,0.05,-10.180562019348145,,
290850,1.9860652685165405,0.05,-8.256292343139648,,
290900,13.31466293334961,0.05,-8.356221199035645,,
290950,3.245631456375122,0.05,-9.186763763427734,,
291000,26.740478515625,0.05,-8.3860502243042,,
291050,6.9146246910095215,0.05,-8.307197570800781,,
291100,21.480985641479492,0.05,-10.87778091430664,,
291150,7.891678333282471,0.05,-7.3213582038879395,,
291200,50.13273620605469,0.05,-8.218168258666992,,
291250,24.985862731933594,0.05,-8.859243392944336,,
291300,9.239800453186035,0.05,-10.98140811920166,,
291350,5.6199727058410645,0.05,-8.728248596191406,,
291400,23.140174865722656,0.05,-8.255366325378418,,
291450,18.834672927856445,0.05,-9.458209037780762,,
291500,2.124481201171875,0.05,-8.793949127197266,,
291550,16.41516876220703,0.05,-9.849000930786133,,
291600,1.3054649829864502,0.05,-8.298117637634277,,
291650,5.326707363128662,0.05,-9.066910743713379,,
291700,19.884450912475586,0.05,-9.103485107421875,,
291750,15.566054344177246,0.05,-8.418069839477539,,
291800,18.020050048828125,0.05,-7.736909866333008,,
291850,18.432388305664062,0.05,-10.033431053161621,,
291900,0.6234187483787537,0.05,-8.78245735168457,,
291950,23.21600914001465,0.05,-9.029568672180176,,
292000,18.9133243560791,0.05,-11.020150184631348,,
292050,72.59976959228516,0.05,-10.535914421081543,,
292100,30.29701805114746,0.05,-10.91087818145752,,
292150,46.66426086425781,0.05,-13.506988525390625,,
292200,4.630752086639404,0.05,-10.611394882202148,,
292250,14.088623046875,0.05,-8.982298851013184,,
292300,1.1543627977371216,0.05,-9.235713958740234,,
292350,32.49172592163086,0.05,-9.193800926208496,,
292400,46.39689636230469,0.05,-9.511319160461426,,
292450,1.113938570022583,0.05,-8.364349365234375,,
292500,46.81672286987305,0.05,-9.925288200378418,,
292550,5.044679164886475,0.05,-9.142977714538574,,
292600,34.75264358520508,0.05,-10.909285545349121,,
292650,4.747453689575195,0.05,-9.4791841506958,,
292700,28.49481201171875,0.05,-9.999903678894043,,
292750,9.745699882507324,0.05,-8.539998054504395,,
292800,3.209684371948242,0.05,-7.475247859954834,,
292850,4.562589168548584,0.05,-9.532965660095215,,
292900,6.617837429046631,0.05,-8.101025581359863,,
292950,0.6963124871253967,0.05,-8.636040687561035,,
293000,18.48398780822754,0.05,-9.86186695098877,,
293050,17.456796646118164,0.05,-9.34668254852295,,
293100,33.36244201660156,0.05,-9.257137298583984,,
293150,5.263749599456787,0.05,-12.00146198272705,,
293200,17.689924240112305,0.05,-9.125456809997559,,
293250,5.635316371917725,0.05,-8.674113273620605,,
293300,8.212043762207031,0.05,-10.924007415771484,,
293350,12.892851829528809,0.05,-9.586525917053223,,
293400,2.8161070346832275,0.05,-8.966104507446289,,
293450,16.71529197692871,0.05,-9.010951042175293,,
293500,3.400864601135254,0.05,-11.317729949951172,,
293550,3.103041648864746,0.05,-8.42881965637207,,
293600,39.13092803955078,0.05,-11.153965950012207,,
293650,24.073530197143555,0.05,-9.015103340148926,,
293700,18.629959106445312,0.05,-9.648521423339844,,
293750,17.032987594604492,0.05,-8.895720481872559,,
293800,8.584724426269531,0.05,-10.711739540100098,,
293850,19.810218811035156,0.05,-9.52136516571045,,
293900,15.927178382873535,0.05,-9.37950611114502,,
293950,1.9317723512649536,0.05,-9.689735412597656,,
294000,6.1638970375061035,0.05,-8.359902381896973,,
294050,1.6650285720825195,0.05,-10.456366539001465,,
294100,8.18246078491211,0.05,-8.207221984863281,,
294150,9.682974815368652,0.05,-10.192469596862793,,
294200,14.602252960205078,0.05,-9.730437278747559,,
294250,14.746807098388672,0.05,-10.190616607666016,,
294300,18.071828842163086,0.05,-8.790721893310547,,
294350,11.588129997253418,0.05,-7.998992443084717,,
294400,4.071750164031982,0.05,-8.923285484313965,,
294450,0.9449077248573303,0.05,-8.735844612121582,,
294500,8.824297904968262,0.05,-9.734984397888184,,
294550,17.335634231567383,0.05,-9.04143238067627,,
294600,29.22703742980957,0.05,-10.441876411437988,,
294650,5.438172817230225,0.05,-10.910672187805176,,
294700,7.189968109130859,0.05,-8.253849029541016,,
294750,25.07779884338379,0.05,-10.5479154586792,,
294800,21.14671516418457,0.05,-9.739163398742676,,
294850,28.868690490722656,0.05,-10.31840705871582,,
294900,1.3890961408615112,0.05,-7.568441867828369,,
294950,4.199100971221924,0.05,-9.17650318145752,,
295000,23.8470401763916,0.05,-11.115947723388672,,
295050,1.218713402748108,0.05,-10.985281944274902,,
295100,13.520584106445312,0.05,-7.521817684173584,,
295150,3.6369497776031494,0.05,-9.644974708557129,,
295200,1.8257684707641602,0.05,-8.913978576660156,,
295250,37.4297981262207,0.05,-8.853269577026367,,
295300,47.01557540893555,0.05,-9.750290870666504,,
295350,17.508275985717773,0.05,-9.176186561584473,,
295400,10.727696418762207,0.05,-8.774009704589844,,
295450,29.24378204345703,0.05,-10.56435489654541,,
295500,12.710726737976074,0.05,-10.820691108703613,,
295550,27.0012149810791,0.05,-8.717260360717773,,
295600,11.453437805175781,0.05,-8.339449882507324,,
295650,21.764320373535156,0.05,-10.92041301727295,,
295700,45.7178840637207,0.05,-9.254608154296875,,
295750,10.719310760498047,0.05,-9.066912651062012,,
295800,75.57611846923828,0.05,-10.345602989196777,,
295850,0.21756601333618164,0.05,-7.705981731414795,,
295900,14.594759941101074,0.05,-10.305481910705566,,
295950,1.396377682685852,0.05,-7.416889667510986,,
296000,30.010360717773438,0.05,-10.16850757598877,,
296050,21.94427490234375,0.05,-10.045747756958008,,
296100,26.930925369262695,0.05,-9.13526725769043,,
296150,21.56507110595703,0.05,-9.456414222717285,,
296200,18.626893997192383,0.05,-8.732392311096191,,
296250,42.47794723510742,0.05,-11.771927833557129,,
296300,5.573432445526123,0.05,-8.39333724975586,,
296350,1.8728575706481934,0.05,-10.221263885498047,,
296400,29.94443702697754,0.05,-10.430594444274902,,
296450,17.364025115966797,0.05,-9.296820640563965,,
296500,8.59522819519043,0.05,-11.127284049987793,,
296550,12.569731712341309,0.05,-9.431981086730957,,
296600,27.960737228393555,0.05,-9.830510139465332,,
296650,7.649914264678955,0.05,-8.912347793579102,,
296700,15.6903657913208,0.05,-7.483389377593994,,
296750,9.73922061920166,0.05,-7.7250213623046875,,
296800,2.6155009269714355,0.05,-8.92249584197998,,
296850,27.340394973754883,0.05,-9.715179443359375,,
296900,8.460511207580566,0.05,-10.037790298461914,,
296950,1.7505613565444946,0.05,-9.494040489196777,,
297000,21.206031799316406,0.05,-8.479636192321777,,
297050,5.998228549957275,0.05,-10.209813117980957,,
297100,9.421758651733398,0.05,-8.215229988098145,,
297150,1.8063106536865234,0.05,-7.9293694496154785,,
297200,6.528045654296875,0.05,-9.757406234741211,,
297250,3.454305410385132,0.05,-9.361151695251465,,
297300,13.215808868408203,0.05,-9.258455276489258,,
297350,26.64939308166504,0.05,-9.093511581420898,,
297400,4.5466437339782715,0.05,-12.143534660339355,,
297450,1.6330920457839966,0.05,-10.196080207824707,,
297500,2.4284825325012207,0.05,-8.201725959777832,,
297550,6.9918694496154785,0.05,-10.234580039978027,,
297600,34.116878509521484,0.05,-9.650482177734375,,
297650,6.264869689941406,0.05,-8.63060474395752,,
297700,7.758838176727295,0.05,-8.299973487854004,,
297750,3.1192405223846436,0.05,-9.143875122070312,,
297800,12.767571449279785,0.05,-10.928824424743652,,
297850,18.241308212280273,0.05,-8.227616310119629,,
297900,20.42871856689453,0.05,-9.128352165222168,,
297950,13.260647773742676,0.05,-10.249839782714844,,
298000,2.2233998775482178,0.05,-9.604013442993164,,
298050,16.580472946166992,0.05,-8.680652618408203,,
298100,1.3716751337051392,0.05,-9.18543529510498,,
298150,26.25860023498535,0.05,-8.428346633911133,,
298200,7.1176276206970215,0.05,-9.099034309387207,,
298250,8.3494234085083,0.05,-8.804634094238281,,
298300,4.836120128631592,0.05,-8.851035118103027,,
298350,27.507524490356445,0.05,-8.69054126739502,,
298400,19.965290069580078,0.05,-9.235283851623535,,
298450,1.9536932706832886,0.05,-9.263200759887695,,
298500,13.384879112243652,0.05,-10.178908348083496,,
298550,3.3862292766571045,0.05,-9.982748031616211,,
298600,18.399723052978516,0.05,-9.254034996032715,,
298650,18.566251754760742,0.05,-8.305292129516602,,
298700,15.219542503356934,0.05,-9.760120391845703,,
298750,37.84672927856445,0.05,-11.57868480682373,,
298800,9.546977043151855,0.05,-9.749138832092285,,
298850,9.468192100524902,0.05,-9.249526023864746,,
298900,17.160667419433594,0.05,-9.838481903076172,,
298950,6.45373010635376,0.05,-8.483177185058594,,
299000,0.850175678730011,0.05,-10.224936485290527,,
299050,5.365898132324219,0.05,-9.479002952575684,,
299100,27.99684715270996,0.05,-11.105274200439453,,
299150,6.0555596351623535,0.05,-11.285293579101562,,
299200,10.91019058227539,0.05,-10.827423095703125,,
299250,15.733128547668457,0.05,-10.147536277770996,,
299300,6.415624141693115,0.05,-9.615025520324707,,
299350,3.4666926860809326,0.05,-9.698229789733887,,
299400,23.92787742614746,0.05,-9.289693832397461,,
299450,0.5873229503631592,0.05,-9.341753959655762,,
299500,10.227105140686035,0.05,-9.6111478805542,,
299550,14.531875610351562,0.05,-11.021563529968262,,
299600,18.61289405822754,0.05,-8.090825080871582,,
299650,10.206250190734863,0.05,-9.008207321166992,,
299700,16.255752563476562,0.05,-10.103236198425293,,
299750,1.527548909187317,0.05,-8.275933265686035,,
299800,6.211239337921143,0.05,-8.033895492553711,,
299850,1.6933952569961548,0.05,-9.36384105682373,,
299900,3.678541898727417,0.05,-9.65923023223877,,
299950,27.642202377319336,0.05,-10.61410903930664,,
