step,loss,epsilon,q_mean,val_reward,val_viol
100,0.12607188522815704,0.9966666666666667,-1.181470513343811,,
150,0.27166566252708435,0.995,-1.1936657428741455,,
200,0.02549831010401249,0.9933333333333333,-1.2146238088607788,,
250,0.1074804961681366,0.9916666666666667,-1.2335845232009888,,
300,0.1539262980222702,0.99,-1.1731711626052856,,
350,0.10786441713571548,0.9883333333333333,-1.0511621236801147,,
400,0.03602782264351845,0.9866666666666667,-0.9072704315185547,,
450,0.22244729101657867,0.985,-1.0043014287948608,,
500,0.04031812772154808,0.9833333333333333,-0.9133221507072449,,
550,0.23376035690307617,0.9816666666666667,-3.4577925205230713,,
600,0.2349177598953247,0.98,-3.3401288986206055,,
650,0.23316866159439087,0.9783333333333333,-3.4831039905548096,,
700,0.10753298550844193,0.9766666666666667,-2.9190104007720947,,
750,0.1418176293373108,0.975,-3.3198435306549072,,
800,0.10636267811059952,0.9733333333333334,-2.91961669921875,,
850,0.12566475570201874,0.9716666666666667,-3.1328611373901367,,
900,0.2624768912792206,0.97,-3.1807806491851807,,
950,0.2497478872537613,0.9683333333333334,-3.3100602626800537,,
1000,0.31857311725616455,0.9666666666666667,-3.459829092025757,,
1050,0.3132080137729645,0.965,-5.290079116821289,,
1100,0.26094838976860046,0.9633333333333334,-5.097154140472412,,
1150,0.525669515132904,0.9616666666666667,-5.8386311531066895,,
1200,0.7988430857658386,0.96,-5.194107532501221,,
1250,0.6639844179153442,0.9583333333333334,-5.39280366897583,,
1300,0.8235428929328918,0.9566666666666667,-5.464357376098633,,
1350,0.4076865613460541,0.955,-5.385429382324219,,
1400,0.3001529276371002,0.9533333333333334,-5.268072128295898,,
1450,0.4507943093776703,0.9516666666666667,-5.292013645172119,,
1500,0.8692851066589355,0.95,-5.196465969085693,,
1550,1.66262686252594,0.9483333333333334,-7.3579487800598145,,
1600,1.7907953262329102,0.9466666666666667,-7.280679702758789,,
1650,0.412186861038208,0.945,-6.8393120765686035,,
1700,1.036573886871338,0.9433333333333334,-7.458737850189209,,
1750,1.0541433095932007,0.9416666666666667,-6.9665350914001465,,
1800,2.282965898513794,0.94,-7.669599533081055,,
1850,1.0897425413131714,0.9383333333333334,-7.442240238189697,,
1900,2.3092916011810303,0.9366666666666666,-7.348944187164307,,
1950,0.5861607193946838,0.935,-7.227470397949219,,
2000,1.2953656911849976,0.9333333333333333,-7.163554668426514,,
2050,2.7239344120025635,0.9316666666666666,-8.45957088470459,,
2100,3.412445306777954,0.9299999999999999,-9.20584774017334,,
2150,0.6883163452148438,0.9283333333333333,-8.599750518798828,,
2200,1.1055278778076172,0.9266666666666666,-7.762664318084717,,
2250,1.914799690246582,0.925,-8.963435173034668,,
2300,1.4259768724441528,0.9233333333333333,-9.20316219329834,,
2350,2.9788310527801514,0.9216666666666666,-8.456086158752441,,
2400,2.364064931869507,0.92,-8.65641975402832,,
2450,0.8072424530982971,0.9183333333333333,-8.882759094238281,,
2500,1.4962552785873413,0.9166666666666666,-8.961503982543945,,
2550,2.3821985721588135,0.915,-10.336311340332031,,
2600,2.953237295150757,0.9133333333333333,-10.894923210144043,,
2650,3.143711805343628,0.9116666666666666,-10.459123611450195,,
2700,7.96781587600708,0.91,-11.36327075958252,,
2750,1.000678539276123,0.9083333333333333,-10.83714771270752,,
2800,1.788633942604065,0.9066666666666666,-10.772899627685547,,
2850,3.986480951309204,0.905,-10.52230167388916,,
2900,5.614908695220947,0.9033333333333333,-10.430285453796387,,
2950,2.7036521434783936,0.9016666666666666,-10.259385108947754,,
3000,2.449808120727539,0.9,-11.12319278717041,,
3050,0.9362097382545471,0.8983333333333333,-11.457550048828125,,
3100,2.018366813659668,0.8966666666666667,-12.161362648010254,,
3150,3.2877628803253174,0.895,-11.319419860839844,,
3200,5.135524272918701,0.8933333333333333,-11.528700828552246,,
3250,8.239958763122559,0.8916666666666666,-12.380999565124512,,
3300,6.327268123626709,0.89,-12.24948787689209,,
3350,1.2171010971069336,0.8883333333333333,-11.331414222717285,,
3400,2.880825996398926,0.8866666666666667,-11.058602333068848,,
3450,2.3211591243743896,0.885,-11.53001880645752,,
3500,3.876838445663452,0.8833333333333333,-11.649147987365723,,
3550,5.593456268310547,0.8816666666666667,-13.294034004211426,,
3600,4.52193021774292,0.88,-13.292737007141113,,
3650,6.909608840942383,0.8783333333333333,-12.47121524810791,,
3700,7.450273036956787,0.8766666666666667,-13.368813514709473,,
3750,0.8724014759063721,0.875,-11.071328163146973,,
3800,5.396335124969482,0.8733333333333333,-11.721168518066406,,
3850,5.131633281707764,0.8716666666666667,-13.207938194274902,,
3900,3.7397918701171875,0.87,-11.891532897949219,,
3950,4.2891106605529785,0.8683333333333334,-11.433860778808594,,
4000,2.710947036743164,0.8666666666666667,-12.524101257324219,,
4050,3.820636510848999,0.865,-14.21837329864502,,
4100,12.878135681152344,0.8633333333333333,-13.608895301818848,,
4150,9.072062492370605,0.8616666666666667,-14.821250915527344,,
4200,8.27661418914795,0.86,-13.507359504699707,,
4250,5.885768890380859,0.8583333333333334,-14.599579811096191,,
4300,2.5703203678131104,0.8566666666666667,-13.651824951171875,,
4350,6.953466415405273,0.855,-14.291603088378906,,
4400,4.739523410797119,0.8533333333333333,-13.267834663391113,,
4450,8.318156242370605,0.8516666666666667,-11.907998085021973,,
4500,9.996460914611816,0.85,-15.254744529724121,,
4550,4.259425163269043,0.8483333333333334,-14.34521770477295,,
4600,5.907413482666016,0.8466666666666667,-14.40295124053955,,
4650,10.194743156433105,0.845,-13.743243217468262,,
4700,10.069357872009277,0.8433333333333333,-13.95459270477295,,
4750,5.258229732513428,0.8416666666666667,-13.791443824768066,,
4800,10.346112251281738,0.84,-14.869771003723145,,
4850,3.245037078857422,0.8383333333333334,-13.070792198181152,,
4900,7.884788513183594,0.8366666666666667,-14.54068660736084,,
4950,7.3884711265563965,0.835,-14.336956977844238,,
5000,3.0080697536468506,0.8333333333333334,-14.286884307861328,,
5050,2.557114839553833,0.8316666666666667,-14.484912872314453,,
5100,5.610660076141357,0.83,-15.461166381835938,,
5150,4.60555362701416,0.8283333333333334,-14.410687446594238,,
5200,7.328307628631592,0.8266666666666667,-14.690882682800293,,
5250,4.120425224304199,0.825,-15.17501163482666,,
5300,2.059926748275757,0.8233333333333334,-14.667454719543457,,
5350,15.201628684997559,0.8216666666666667,-15.4860258102417,,
5400,11.029948234558105,0.8200000000000001,-15.4829683303833,,
5450,4.171877861022949,0.8183333333333334,-13.953617095947266,,
5500,5.017158031463623,0.8166666666666667,-15.25783920288086,,
5550,5.4889373779296875,0.815,-15.39764404296875,,
5600,12.681822776794434,0.8133333333333334,-18.29914093017578,,
5650,6.841134548187256,0.8116666666666666,-16.088594436645508,,
5700,21.313631057739258,0.81,-16.50079345703125,,
5750,5.115688800811768,0.8083333333333333,-15.392939567565918,,
5800,3.201051950454712,0.8066666666666666,-16.95022201538086,,
5850,6.092223644256592,0.8049999999999999,-15.665011405944824,,
5900,4.8017449378967285,0.8033333333333333,-17.57509422302246,,
5950,2.3428127765655518,0.8016666666666666,-17.46307945251465,,
6000,5.491434574127197,0.8,-16.99989128112793,,
6050,7.950397491455078,0.7983333333333333,-16.061691284179688,,
6100,5.78425407409668,0.7966666666666666,-15.753373146057129,,
6150,7.09294319152832,0.795,-16.756881713867188,,
6200,3.8549067974090576,0.7933333333333333,-17.642770767211914,,
6250,10.487940788269043,0.7916666666666666,-16.085798263549805,,
6300,21.39867401123047,0.79,-17.1228084564209,,
6350,6.261475086212158,0.7883333333333333,-16.018953323364258,,
6400,2.392683744430542,0.7866666666666666,-17.096708297729492,,
6450,11.752717018127441,0.785,-14.89167308807373,,
6500,4.519766330718994,0.7833333333333333,-16.28797721862793,,
6550,14.850341796875,0.7816666666666667,-17.910417556762695,,
6600,7.960071086883545,0.78,-15.819877624511719,,
6650,9.448846817016602,0.7783333333333333,-15.588112831115723,,
6700,6.814733505249023,0.7766666666666666,-14.727253913879395,,
6750,5.8395466804504395,0.775,-16.06928253173828,,
6800,14.123652458190918,0.7733333333333333,-17.35669708251953,,
6850,5.34451150894165,0.7716666666666667,-16.003223419189453,,
6900,6.649550914764404,0.77,-15.837920188903809,,
6950,4.426262378692627,0.7683333333333333,-16.4609317779541,,
7000,18.642805099487305,0.7666666666666666,-16.660573959350586,,
7050,10.859705924987793,0.765,-16.59560203552246,,
7100,7.643228054046631,0.7633333333333333,-15.193169593811035,,
7150,3.594853639602661,0.7616666666666667,-17.53537940979004,,
7200,6.133389949798584,0.76,-16.978422164916992,,
7250,6.777135848999023,0.7583333333333333,-16.163366317749023,,
7300,21.4252872467041,0.7566666666666666,-16.66827964782715,,
7350,14.785591125488281,0.755,-16.144638061523438,,
7400,16.427978515625,0.7533333333333333,-15.302617073059082,,
7450,4.269757270812988,0.7516666666666667,-16.8638916015625,,
7500,5.450948715209961,0.75,-15.50220775604248,,
7550,12.705143928527832,0.7483333333333333,-17.152570724487305,,
7600,4.001059055328369,0.7466666666666666,-17.324562072753906,,
7650,10.140496253967285,0.745,-16.9907283782959,,
7700,3.6568968296051025,0.7433333333333334,-18.602937698364258,,
7750,6.015655517578125,0.7416666666666667,-16.568296432495117,,
7800,28.39620018005371,0.74,-18.34296989440918,,
7850,5.28827428817749,0.7383333333333333,-15.74532699584961,,
7900,8.539584159851074,0.7366666666666667,-15.72508716583252,,
7950,12.878521919250488,0.735,-16.84674644470215,,
8000,1.814043402671814,0.7333333333333334,-16.84859275817871,,
8050,7.725364685058594,0.7316666666666667,-17.88722038269043,,
8100,22.055147171020508,0.73,-18.365869522094727,,
8150,6.384570598602295,0.7283333333333333,-18.385231018066406,,
8200,4.133258819580078,0.7266666666666667,-19.41982650756836,,
8250,5.522447109222412,0.725,-15.130366325378418,,
8300,3.2485740184783936,0.7233333333333334,-15.319558143615723,,
8350,9.785138130187988,0.7216666666666667,-18.668333053588867,,
8400,17.57597541809082,0.72,-18.19608497619629,,
8450,20.86656379699707,0.7183333333333333,-18.060834884643555,,
8500,4.762894153594971,0.7166666666666667,-16.50844955444336,,
8550,4.037494659423828,0.7150000000000001,-14.079752922058105,,
8600,17.573518753051758,0.7133333333333334,-17.412431716918945,,
8650,5.252316951751709,0.7116666666666667,-15.870903015136719,,
8700,5.114372253417969,0.71,-16.231216430664062,,
8750,6.503166675567627,0.7083333333333333,-17.083127975463867,,
8800,9.976786613464355,0.7066666666666667,-16.98386573791504,,
8850,11.800037384033203,0.7050000000000001,-14.62118911743164,,
8900,5.0692138671875,0.7033333333333334,-17.750993728637695,,
8950,5.6330885887146,0.7016666666666667,-15.123367309570312,,
9000,9.481881141662598,0.7,-15.913418769836426,,
9050,3.7567529678344727,0.6983333333333333,-17.027294158935547,,
9100,1.6428427696228027,0.6966666666666667,-17.35411834716797,,
9150,3.319469451904297,0.6950000000000001,-17.129840850830078,,
9200,12.634659767150879,0.6933333333333334,-17.265125274658203,,
9250,6.433753490447998,0.6916666666666667,-15.451760292053223,,
9300,7.7623443603515625,0.69,-16.64659881591797,,
9350,4.4372878074646,0.6883333333333334,-14.749894142150879,,
9400,8.885388374328613,0.6866666666666666,-15.929768562316895,,
9450,2.6806013584136963,0.685,-16.5568790435791,,
9500,5.212103366851807,0.6833333333333333,-16.31528663635254,,
9550,4.123942852020264,0.6816666666666666,-17.6337833404541,,
9600,5.841291427612305,0.6799999999999999,-17.37871551513672,,
9650,10.931492805480957,0.6783333333333333,-17.179893493652344,,
9700,6.410959243774414,0.6766666666666667,-17.58067512512207,,
9750,4.3644585609436035,0.675,-19.614761352539062,,
9800,4.584372520446777,0.6733333333333333,-16.752519607543945,,
9850,3.2616775035858154,0.6716666666666666,-15.8529052734375,,
9900,5.40574836730957,0.6699999999999999,-16.63273811340332,,
9950,10.277584075927734,0.6683333333333333,-16.592641830444336,,
10000,8.36602783203125,0.6666666666666667,-16.83989143371582,,
10050,6.293118953704834,0.665,-15.923256874084473,,
10100,7.274532318115234,0.6633333333333333,-16.094139099121094,,
10150,15.573719024658203,0.6616666666666666,-17.118284225463867,,
10200,9.052754402160645,0.6599999999999999,-15.072998046875,,
10250,9.219398498535156,0.6583333333333333,-18.122194290161133,,
10300,22.619985580444336,0.6566666666666667,-16.903993606567383,,
10350,3.609872817993164,0.655,-15.988471031188965,,
10400,7.670282363891602,0.6533333333333333,-15.533795356750488,,
10450,6.8652777671813965,0.6516666666666666,-15.757477760314941,,
10500,9.285393714904785,0.65,-16.77861785888672,,
10550,4.135307788848877,0.6483333333333333,-14.624314308166504,,
10600,4.253776550292969,0.6466666666666667,-16.66692543029785,,
10650,10.83303165435791,0.645,-16.865812301635742,,
10700,3.9237725734710693,0.6433333333333333,-17.76361656188965,,
10750,26.631044387817383,0.6416666666666666,-16.92466926574707,,
10800,6.874250411987305,0.64,-16.22307586669922,,
10850,4.630136489868164,0.6383333333333333,-14.277007102966309,,
10900,3.638390302658081,0.6366666666666667,-19.711036682128906,,
10950,10.93024730682373,0.635,-15.58497142791748,,
11000,20.033498764038086,0.6333333333333333,-15.313331604003906,,
11050,18.459577560424805,0.6316666666666666,-17.538766860961914,,
11100,5.031291961669922,0.63,-17.205656051635742,,
11150,12.379634857177734,0.6283333333333334,-16.759765625,,
11200,3.194899320602417,0.6266666666666667,-15.326751708984375,,
11250,10.001043319702148,0.625,-14.319339752197266,,
11300,6.166444778442383,0.6233333333333333,-15.109405517578125,,
11350,4.633693695068359,0.6216666666666666,-17.166854858398438,,
11400,6.551903247833252,0.62,-16.946428298950195,,
11450,12.449070930480957,0.6183333333333334,-15.773963928222656,,
11500,3.646381139755249,0.6166666666666667,-14.36179256439209,,
11550,4.175430774688721,0.615,-17.318750381469727,,
11600,2.9165022373199463,0.6133333333333333,-16.673086166381836,,
11650,17.666976928710938,0.6116666666666667,-15.044449806213379,,
11700,6.4062371253967285,0.61,-13.870651245117188,,
11750,7.636544704437256,0.6083333333333334,-15.961661338806152,,
11800,5.402980804443359,0.6066666666666667,-14.580889701843262,,
11850,6.938880920410156,0.605,-17.897974014282227,,
11900,19.545076370239258,0.6033333333333333,-15.705979347229004,,
11950,9.963170051574707,0.6016666666666667,-14.96181869506836,,
12000,9.917198181152344,0.6,-14.446102142333984,,
12050,7.0839667320251465,0.5983333333333334,-16.67452621459961,,
12100,4.731396198272705,0.5966666666666667,-16.101015090942383,,
12150,6.93002462387085,0.595,-14.016674995422363,,
12200,2.6178269386291504,0.5933333333333333,-15.348555564880371,,
12250,24.98638343811035,0.5916666666666667,-14.987869262695312,,
12300,8.823607444763184,0.5900000000000001,-13.320324897766113,,
12350,19.618408203125,0.5883333333333334,-15.926953315734863,,
12400,5.846542835235596,0.5866666666666667,-16.592308044433594,,
12450,24.144508361816406,0.585,-13.885706901550293,,
12500,3.866053819656372,0.5833333333333333,-14.603264808654785,,
12550,7.939602375030518,0.5816666666666667,-14.93377685546875,,
12600,10.69609546661377,0.5800000000000001,-16.14491081237793,,
12650,5.4207987785339355,0.5783333333333334,-15.689254760742188,,
12700,4.331989765167236,0.5766666666666667,-13.889412879943848,,
12750,6.683084964752197,0.575,-16.736154556274414,,
12800,23.174036026000977,0.5733333333333333,-17.507051467895508,,
12850,5.3578362464904785,0.5716666666666667,-14.02624225616455,,
12900,4.827775955200195,0.5700000000000001,-13.305153846740723,,
12950,36.14944076538086,0.5683333333333334,-16.89527702331543,,
13000,6.472856521606445,0.5666666666666667,-17.014577865600586,,
13050,7.299647808074951,0.565,-14.65372371673584,,
13100,9.753788948059082,0.5633333333333334,-15.27090072631836,,
13150,25.662691116333008,0.5616666666666666,-14.96615219116211,,
13200,3.1330153942108154,0.56,-13.853480339050293,,
13250,8.388798713684082,0.5583333333333333,-15.86124038696289,,
13300,3.8681294918060303,0.5566666666666666,-17.011981964111328,,
13350,9.698806762695312,0.5549999999999999,-13.120390892028809,,
13400,18.09114646911621,0.5533333333333333,-15.678967475891113,,
13450,20.438261032104492,0.5516666666666667,-15.969603538513184,,
13500,6.438776016235352,0.55,-14.808392524719238,,
13550,6.639088153839111,0.5483333333333333,-16.239049911499023,,
13600,22.65338706970215,0.5466666666666666,-15.82627010345459,,
13650,10.298179626464844,0.5449999999999999,-16.770933151245117,,
13700,5.1039862632751465,0.5433333333333333,-14.792962074279785,,
13750,11.253593444824219,0.5416666666666667,-15.4976224899292,,
13800,5.229520320892334,0.54,-13.271088600158691,,
13850,6.327321529388428,0.5383333333333333,-14.537821769714355,,
13900,7.123777866363525,0.5366666666666666,-16.290334701538086,,
13950,7.657530307769775,0.5349999999999999,-15.36429500579834,,
14000,19.405122756958008,0.5333333333333333,-15.592570304870605,,
14050,7.199382781982422,0.5316666666666667,-16.724496841430664,,
14100,7.7850823402404785,0.53,-17.94160270690918,,
14150,5.523474216461182,0.5283333333333333,-13.431523323059082,,
14200,8.963496208190918,0.5266666666666666,-16.408918380737305,,
14250,4.070776462554932,0.525,-14.571013450622559,,
14300,5.064359188079834,0.5233333333333333,-15.080086708068848,,
14350,20.960390090942383,0.5216666666666667,-11.698416709899902,,
14400,15.17813777923584,0.52,-13.236910820007324,,
14450,6.915205001831055,0.5183333333333333,-15.631634712219238,,
14500,5.6042704582214355,0.5166666666666666,-12.925907135009766,,
14550,9.052287101745605,0.515,-14.521629333496094,,
14600,22.7992000579834,0.5133333333333333,-14.646224021911621,,
14650,4.965679168701172,0.5116666666666667,-13.357115745544434,,
14700,6.755573272705078,0.51,-14.406489372253418,,
14750,17.2502384185791,0.5083333333333333,-13.441619873046875,,
14800,4.116537570953369,0.5066666666666666,-15.131720542907715,,
14850,7.502026081085205,0.505,-16.5363712310791,,
14900,6.214603424072266,0.5033333333333334,-16.33539390563965,,
14950,2.3568451404571533,0.5016666666666667,-15.177643775939941,,
15000,7.653192043304443,0.5,-15.723983764648438,,
15050,7.009019374847412,0.4983333333333333,-13.150287628173828,,
15100,12.09082317352295,0.4966666666666667,-16.770265579223633,,
15150,3.4835526943206787,0.495,-15.168782234191895,,
15200,2.6993532180786133,0.4933333333333333,-14.363770484924316,,
15250,9.532404899597168,0.4916666666666667,-16.33226203918457,,
15300,3.691115140914917,0.49,-11.519355773925781,,
15350,3.71171498298645,0.4883333333333333,-11.483384132385254,,
15400,3.8988516330718994,0.4866666666666667,-13.1712646484375,,
15450,6.842268466949463,0.485,-15.982586860656738,,
15500,8.830232620239258,0.4833333333333333,-12.9302978515625,,
15550,7.335094928741455,0.4816666666666667,-17.0483341217041,,
15600,8.476462364196777,0.48,-15.721172332763672,,
15650,6.011744976043701,0.4783333333333334,-15.245011329650879,,
15700,14.148517608642578,0.4766666666666667,-15.341965675354004,,
15750,13.965682983398438,0.475,-12.302532196044922,,
15800,14.065064430236816,0.4733333333333334,-14.117931365966797,,
15850,3.121649742126465,0.4716666666666667,-14.960516929626465,,
15900,8.035774230957031,0.47,-9.748555183410645,,
15950,4.1262030601501465,0.4683333333333334,-13.290509223937988,,
16000,6.689785003662109,0.4666666666666667,-15.594199180603027,,
16050,25.85694694519043,0.46499999999999997,-13.719334602355957,,
16100,6.7677693367004395,0.4633333333333334,-13.158126831054688,,
16150,4.751842975616455,0.46166666666666667,-11.01702880859375,,
16200,4.972383975982666,0.45999999999999996,-13.785560607910156,,
16250,6.326079845428467,0.45833333333333337,-12.351292610168457,,
16300,3.669962167739868,0.45666666666666667,-14.544928550720215,,
16350,5.818450450897217,0.45499999999999996,-17.07206153869629,,
16400,10.67647933959961,0.45333333333333337,-12.343361854553223,,
16450,9.195694923400879,0.45166666666666666,-15.00162124633789,,
16500,3.3799266815185547,0.44999999999999996,-13.97903823852539,,
16550,3.055879592895508,0.44833333333333336,-12.065673828125,,
16600,5.81527853012085,0.44666666666666666,-13.171904563903809,,
16650,5.6617865562438965,0.44499999999999995,-14.752922058105469,,
16700,20.752553939819336,0.44333333333333336,-15.166438102722168,,
16750,7.177361965179443,0.44166666666666665,-14.605761528015137,,
16800,6.8110175132751465,0.43999999999999995,-13.529473304748535,,
16850,8.495209693908691,0.43833333333333335,-13.832364082336426,,
16900,4.010128021240234,0.43666666666666665,-13.84241771697998,,
16950,8.877366065979004,0.43500000000000005,-13.072315216064453,,
17000,10.203325271606445,0.43333333333333335,-14.71338939666748,,
17050,3.085970878601074,0.43166666666666664,-14.863375663757324,,
17100,3.4088172912597656,0.43000000000000005,-11.684552192687988,,
17150,8.36047649383545,0.42833333333333334,-14.507807731628418,,
17200,3.8999128341674805,0.42666666666666664,-12.94064998626709,,
17250,26.172958374023438,0.42500000000000004,-13.273682594299316,,
17300,9.867011070251465,0.42333333333333334,-16.763837814331055,,
17350,8.705159187316895,0.42166666666666663,-14.295317649841309,,
17400,5.412412166595459,0.42000000000000004,-12.660487174987793,,
17450,2.9565353393554688,0.41833333333333333,-12.684986114501953,,
17500,6.612928867340088,0.41666666666666663,-13.017834663391113,,
17550,8.800710678100586,0.41500000000000004,-11.1226224899292,,
17600,13.573261260986328,0.41333333333333333,-13.350701332092285,,
17650,11.661946296691895,0.4116666666666666,-12.951481819152832,,
17700,4.078064441680908,0.41000000000000003,-12.842062950134277,,
17750,10.41198444366455,0.4083333333333333,-12.934035301208496,,
17800,9.439614295959473,0.4066666666666666,-12.6812162399292,,
17850,27.53614044189453,0.405,-14.36600112915039,,
17900,3.1921098232269287,0.4033333333333333,-14.778429985046387,,
17950,2.9710302352905273,0.4016666666666666,-12.163810729980469,,
18000,5.063522815704346,0.4,-12.815101623535156,,
18050,21.826501846313477,0.3983333333333333,-14.0681791305542,,
18100,6.53718376159668,0.3966666666666666,-14.109808921813965,,
18150,12.2756986618042,0.395,-13.055549621582031,,
18200,9.808956146240234,0.3933333333333333,-12.345542907714844,,
18250,4.299176216125488,0.3916666666666667,-12.69692325592041,,
18300,5.4658989906311035,0.39,-11.844183921813965,,
18350,3.888681411743164,0.3883333333333333,-10.88856029510498,,
18400,9.7706937789917,0.3866666666666667,-14.661208152770996,,
18450,10.06092357635498,0.385,-10.381487846374512,,
18500,12.352279663085938,0.3833333333333333,-13.217698097229004,,
18550,4.7786478996276855,0.3816666666666667,-12.403374671936035,,
18600,8.117172241210938,0.38,-13.718819618225098,,
18650,6.294591903686523,0.3783333333333333,-11.180130004882812,,
18700,22.239660263061523,0.3766666666666667,-13.70750904083252,,
18750,7.776031494140625,0.375,-11.48757266998291,,
18800,5.541378021240234,0.3733333333333333,-12.846516609191895,,
18850,6.019320964813232,0.3716666666666667,-11.558327674865723,,
18900,5.6569905281066895,0.37,-16.3059024810791,,
18950,10.03153133392334,0.3683333333333333,-11.947653770446777,,
19000,3.2036867141723633,0.3666666666666667,-12.453970909118652,,
19050,3.623349189758301,0.365,-11.990425109863281,,
19100,7.007579326629639,0.3633333333333333,-13.155938148498535,,
19150,12.038043975830078,0.3616666666666667,-9.180876731872559,,
19200,26.419233322143555,0.36,-13.11928653717041,,
19250,7.171205043792725,0.3583333333333333,-14.640769004821777,,
19300,5.283382892608643,0.3566666666666667,-14.44342041015625,,
19350,8.755188941955566,0.355,-13.491290092468262,,
19400,28.74659538269043,0.3533333333333334,-12.869922637939453,,
19450,4.647556304931641,0.3516666666666667,-16.216581344604492,,
19500,6.6553802490234375,0.35,-12.345303535461426,,
19550,11.690506935119629,0.3483333333333334,-12.249787330627441,,
19600,13.074005126953125,0.3466666666666667,-14.703696250915527,,
19650,9.3851318359375,0.345,-10.399218559265137,,
19700,3.251582145690918,0.3433333333333334,-12.0892915725708,,
19750,21.45842170715332,0.3416666666666667,-10.918651580810547,,
19800,5.943758487701416,0.33999999999999997,-16.722543716430664,,
19850,6.352521896362305,0.3383333333333334,-10.231463432312012,,
19900,21.61620330810547,0.33666666666666667,-12.641032218933105,,
19950,8.076188087463379,0.33499999999999996,-11.5987548828125,,
20000,7.997107028961182,0.33333333333333337,-12.916572570800781,,
20050,3.222827196121216,0.33166666666666667,-14.353039741516113,,
20100,3.7893123626708984,0.32999999999999996,-12.821731567382812,,
20150,2.4328646659851074,0.32833333333333337,-9.936715126037598,,
20200,9.234288215637207,0.32666666666666666,-13.456748962402344,,
20250,18.800464630126953,0.32499999999999996,-11.703343391418457,,
20300,5.193111896514893,0.32333333333333336,-9.662877082824707,,
20350,4.044609069824219,0.32166666666666666,-9.180952072143555,,
20400,4.113698482513428,0.31999999999999995,-10.180232048034668,,
20450,2.8732388019561768,0.31833333333333336,-10.618042945861816,,
20500,5.867251873016357,0.31666666666666665,-11.878682136535645,,
20550,5.991518020629883,0.31499999999999995,-10.7864990234375,,
20600,4.349303722381592,0.31333333333333335,-11.121552467346191,,
20650,5.186492919921875,0.31166666666666665,-11.48397159576416,,
20700,8.444747924804688,0.31000000000000005,-12.787400245666504,,
20750,10.852913856506348,0.30833333333333335,-13.405409812927246,,
20800,15.008736610412598,0.30666666666666664,-11.464425086975098,,
20850,3.6910645961761475,0.30500000000000005,-10.058643341064453,,
20900,3.599998712539673,0.30333333333333334,-9.500585556030273,,
20950,7.541048049926758,0.30166666666666664,-11.761173248291016,,
21000,6.35359525680542,0.30000000000000004,-11.979377746582031,,
21050,18.160911560058594,0.29833333333333334,-11.663609504699707,,
21100,6.140989303588867,0.29666666666666663,-10.369963645935059,,
21150,6.374631881713867,0.29500000000000004,-10.609234809875488,,
21200,8.03158187866211,0.29333333333333333,-11.151476860046387,,
21250,11.579879760742188,0.29166666666666663,-12.463255882263184,,
21300,6.510194778442383,0.29000000000000004,-12.362727165222168,,
21350,2.7311649322509766,0.28833333333333333,-11.536368370056152,,
21400,3.5560779571533203,0.2866666666666666,-8.959110260009766,,
21450,10.571520805358887,0.28500000000000003,-11.11823558807373,,
21500,4.5947980880737305,0.2833333333333333,-10.379759788513184,,
21550,7.402040958404541,0.2816666666666666,-9.500701904296875,,
21600,4.2229204177856445,0.28,-8.420260429382324,,
21650,14.303332328796387,0.2783333333333333,-11.903162956237793,,
21700,5.034133434295654,0.2766666666666666,-12.029473304748535,,
21750,9.311976432800293,0.275,-10.38604736328125,,
21800,2.949763536453247,0.2733333333333333,-10.13805866241455,,
21850,2.714855194091797,0.2716666666666666,-12.536857604980469,,
21900,2.452605962753296,0.27,-11.227131843566895,,
21950,26.570825576782227,0.2683333333333333,-9.3726167678833,,
22000,3.2219772338867188,0.2666666666666667,-12.550323486328125,,
22050,11.142997741699219,0.265,-10.330036163330078,,
22100,6.5338215827941895,0.2633333333333333,-12.109343528747559,,
22150,3.649827003479004,0.2616666666666667,-9.013365745544434,,
22200,2.75240159034729,0.26,-12.400259971618652,,
22250,4.883969783782959,0.2583333333333333,-10.675888061523438,,
22300,12.74554443359375,0.2566666666666667,-10.287542343139648,,
22350,3.351557731628418,0.255,-8.383057594299316,,
22400,18.04530143737793,0.2533333333333333,-11.698040008544922,,
22450,5.912184238433838,0.2516666666666667,-8.816069602966309,,
22500,2.7638235092163086,0.25,-9.204185485839844,,
22550,4.8192219734191895,0.2483333333333333,-8.704625129699707,,
22600,6.499626159667969,0.2466666666666667,-13.23038101196289,,
22650,3.1445376873016357,0.245,-9.833443641662598,,
22700,3.31675124168396,0.2433333333333333,-9.281984329223633,,
22750,11.380110740661621,0.2416666666666667,-11.445762634277344,,
22800,4.77012825012207,0.24,-10.50560474395752,,
22850,1.840889573097229,0.23833333333333329,-8.917534828186035,,
22900,9.218905448913574,0.2366666666666667,-8.02534294128418,,
22950,11.93520450592041,0.235,-11.119307518005371,,
23000,2.145559072494507,0.23333333333333328,-10.613018989562988,,
23050,7.806179046630859,0.2316666666666667,-8.618904113769531,,
23100,2.0560312271118164,0.22999999999999998,-9.059891700744629,,
23150,7.605243682861328,0.2283333333333334,-9.271034240722656,,
23200,10.716534614562988,0.22666666666666668,-11.42570972442627,,
23250,4.557626247406006,0.22499999999999998,-9.334440231323242,,
23300,18.65445327758789,0.22333333333333338,-8.121697425842285,,
23350,7.8102335929870605,0.22166666666666668,-10.614982604980469,,
23400,3.9584453105926514,0.21999999999999997,-8.411697387695312,,
23450,6.632182598114014,0.21833333333333338,-12.151633262634277,,
23500,8.134612083435059,0.21666666666666667,-8.601085662841797,,
23550,12.614584922790527,0.21499999999999997,-11.005188941955566,,
23600,6.315610885620117,0.21333333333333337,-12.155387878417969,,
23650,3.707752227783203,0.21166666666666667,-9.712074279785156,,
23700,8.274127006530762,0.20999999999999996,-11.05159854888916,,
23750,9.263143539428711,0.20833333333333337,-8.999818801879883,,
23800,18.95257568359375,0.20666666666666667,-11.077510833740234,,
23850,6.94614839553833,0.20499999999999996,-8.578789710998535,,
23900,5.282202243804932,0.20333333333333337,-10.96291732788086,,
23950,1.633286476135254,0.20166666666666666,-10.4868803024292,,
24000,2.6740615367889404,0.19999999999999996,-11.459559440612793,,
24050,16.72714614868164,0.19833333333333336,-9.98079776763916,,
24100,4.8050127029418945,0.19666666666666666,-7.493812561035156,,
24150,3.4366672039031982,0.19499999999999995,-9.574158668518066,,
24200,2.3919172286987305,0.19333333333333336,-8.831027030944824,,
24250,7.76489782333374,0.19166666666666665,-9.408656120300293,,
24300,6.500085830688477,0.18999999999999995,-11.202784538269043,,
24350,7.863870620727539,0.18833333333333335,-9.144756317138672,,
24400,4.246634006500244,0.18666666666666665,-8.947999000549316,,
24450,8.35934829711914,0.18500000000000005,-10.55261516571045,,
24500,14.010547637939453,0.18333333333333335,-7.402547359466553,,
24550,6.647185802459717,0.18166666666666664,-10.086134910583496,,
24600,1.9890607595443726,0.18000000000000005,-8.251468658447266,,
24650,4.072964191436768,0.17833333333333334,-10.121952056884766,,
24700,4.23942232131958,0.17666666666666664,-8.18556022644043,,
24750,5.782188892364502,0.17500000000000004,-9.473111152648926,,
24800,2.389453649520874,0.17333333333333334,-9.832201957702637,,
24850,1.5687851905822754,0.17166666666666663,-9.644665718078613,,
24900,6.923770427703857,0.17000000000000004,-10.486080169677734,,
24950,13.79328441619873,0.16833333333333333,-10.46086597442627,,
25000,5.334884166717529,0.16666666666666663,-8.8443603515625,-1.091745358558842,48.93333333333334
25050,11.438103675842285,0.16500000000000004,-8.360157012939453,,
25100,6.322383880615234,0.16333333333333333,-9.300190925598145,,
25150,1.5315736532211304,0.16166666666666663,-8.047541618347168,,
25200,2.239558458328247,0.16000000000000003,-9.465968132019043,,
25250,2.412452459335327,0.15833333333333333,-7.766534328460693,,
25300,2.8594934940338135,0.15666666666666662,-9.139636039733887,,
25350,19.50611114501953,0.15500000000000003,-8.80100154876709,,
25400,3.3210983276367188,0.15333333333333332,-8.928309440612793,,
25450,3.566879987716675,0.15166666666666662,-9.214969635009766,,
25500,7.756507873535156,0.15000000000000002,-10.021501541137695,,
25550,4.3617424964904785,0.14833333333333332,-9.022538185119629,,
25600,2.6719110012054443,0.1466666666666666,-9.190971374511719,,
25650,4.881783485412598,0.14500000000000002,-9.132122039794922,,
25700,4.575723648071289,0.1433333333333333,-10.607003211975098,,
25750,2.592923164367676,0.14166666666666672,-10.215829849243164,,
25800,9.03704833984375,0.14,-11.63878345489502,,
25850,6.070504665374756,0.1383333333333333,-9.281463623046875,,
25900,2.3374950885772705,0.13666666666666671,-11.745808601379395,,
25950,5.185624122619629,0.135,-12.318367958068848,,
26000,4.9264702796936035,0.1333333333333333,-8.068655967712402,,
26050,3.7896060943603516,0.1316666666666667,-9.918211936950684,,
26100,11.279915809631348,0.13,-11.563315391540527,,
26150,4.885210990905762,0.1283333333333333,-10.777504920959473,,
26200,5.719522953033447,0.1266666666666667,-10.308307647705078,,
26250,2.5801117420196533,0.125,-9.457737922668457,,
26300,4.6636199951171875,0.1233333333333333,-9.315709114074707,,
26350,3.316805601119995,0.1216666666666667,-8.551077842712402,,
26400,5.122767448425293,0.12,-10.583378791809082,,
26450,3.205822706222534,0.11833333333333329,-10.956798553466797,,
26500,3.952955961227417,0.1166666666666667,-10.969338417053223,,
26550,4.874827861785889,0.11499999999999999,-8.18742847442627,,
26600,2.3383138179779053,0.11333333333333329,-9.631941795349121,,
26650,7.641855239868164,0.11166666666666669,-9.04334545135498,,
26700,9.820296287536621,0.10999999999999999,-10.385004043579102,,
26750,26.040170669555664,0.10833333333333328,-14.078380584716797,,
26800,5.993049144744873,0.10666666666666669,-11.945545196533203,,
26850,3.7205255031585693,0.10499999999999998,-12.277100563049316,,
26900,17.808143615722656,0.10333333333333339,-10.355681419372559,,
26950,2.04223895072937,0.10166666666666668,-7.975318908691406,,
27000,2.214698314666748,0.09999999999999998,-9.712504386901855,,
27050,4.571087837219238,0.09833333333333338,-9.924683570861816,,
27100,3.428943395614624,0.09666666666666668,-8.887019157409668,,
27150,3.575044631958008,0.09499999999999997,-9.944817543029785,,
27200,3.2526328563690186,0.09333333333333338,-8.971659660339355,,
27250,10.161361694335938,0.09166666666666667,-13.268660545349121,,
27300,6.8473896980285645,0.08999999999999997,-10.157554626464844,,
27350,4.830583572387695,0.08833333333333337,-9.319302558898926,,
27400,5.921060085296631,0.08666666666666667,-12.464018821716309,,
27450,1.991885781288147,0.08499999999999996,-11.120142936706543,,
27500,22.61517906188965,0.08333333333333337,-10.911003112792969,,
27550,2.4858877658843994,0.08166666666666667,-6.5706048011779785,,
27600,4.660055160522461,0.07999999999999996,-9.228915214538574,,
27650,2.9519882202148438,0.07833333333333337,-11.960679054260254,,
27700,4.46295690536499,0.07666666666666666,-10.247790336608887,,
27750,9.274323463439941,0.07499999999999996,-9.583425521850586,,
27800,13.171829223632812,0.07333333333333336,-8.351125717163086,,
27850,13.798450469970703,0.07166666666666666,-8.596199989318848,,
27900,2.004169464111328,0.06999999999999995,-7.84869384765625,,
27950,5.388208866119385,0.06833333333333336,-8.081659317016602,,
28000,3.721299409866333,0.06666666666666665,-9.674583435058594,,
28050,1.6950896978378296,0.06499999999999995,-8.26633358001709,,
28100,2.1630001068115234,0.06333333333333335,-10.607975006103516,,
28150,7.843977451324463,0.06166666666666665,-9.822796821594238,,
28200,4.841001033782959,0.06000000000000005,-11.52783203125,,
28250,3.923214912414551,0.05833333333333335,-11.17785358428955,,
28300,4.915687084197998,0.05666666666666664,-10.418362617492676,,
28350,2.534708261489868,0.05500000000000005,-11.267828941345215,,
28400,3.3328769207000732,0.053333333333333344,-8.73714542388916,,
28450,2.8817317485809326,0.05166666666666664,-7.327089786529541,,
28500,2.064023971557617,0.050000000000000044,-12.590153694152832,,
28550,12.94983959197998,0.05,-9.801371574401855,,
28600,2.0019166469573975,0.05,-8.948670387268066,,
28650,3.37785267829895,0.05,-10.41456127166748,,
28700,2.3049967288970947,0.05,-6.984745025634766,,
28750,7.4288649559021,0.05,-9.809870719909668,,
28800,4.652311325073242,0.05,-10.916329383850098,,
28850,10.898147583007812,0.05,-7.714416027069092,,
28900,3.618231773376465,0.05,-8.924598693847656,,
28950,8.522493362426758,0.05,-11.764129638671875,,
29000,5.361329555511475,0.05,-11.184966087341309,,
29050,1.7023471593856812,0.05,-9.52222728729248,,
29100,25.3892822265625,0.05,-9.393611907958984,,
29150,9.471179962158203,0.05,-10.259052276611328,,
29200,5.314046382904053,0.05,-7.9848809242248535,,
29250,9.668299674987793,0.05,-9.479338645935059,,
29300,5.71967077255249,0.05,-9.92226505279541,,
29350,18.677640914916992,0.05,-9.475276947021484,,
29400,4.765720367431641,0.05,-8.935263633728027,,
29450,3.8996365070343018,0.05,-8.066548347473145,,
29500,1.673872470855713,0.05,-7.883765697479248,,
29550,5.101871967315674,0.05,-10.961756706237793,,
29600,2.7841365337371826,0.05,-9.77013111114502,,
29650,5.078403472900391,0.05,-9.52164363861084,,
29700,1.8016886711120605,0.05,-7.789248943328857,,
29750,2.472067356109619,0.05,-12.033917427062988,,
29800,13.578475952148438,0.05,-9.506150245666504,,
29850,3.2865402698516846,0.05,-10.308807373046875,,
29900,3.460264205932617,0.05,-7.896264553070068,,
29950,2.133249044418335,0.05,-10.16733455657959,,
30000,2.0234644412994385,0.05,-8.261961936950684,,
30050,7.329198360443115,0.05,-9.05861759185791,,
30100,3.2028286457061768,0.05,-9.496926307678223,,
30150,3.5051193237304688,0.05,-8.607357025146484,,
30200,4.085450649261475,0.05,-10.32537841796875,,
30250,3.3487088680267334,0.05,-9.484639167785645,,
30300,7.340198040008545,0.05,-8.04284381866455,,
30350,9.074563026428223,0.05,-10.700045585632324,,
30400,7.192291736602783,0.05,-8.426909446716309,,
30450,3.6864311695098877,0.05,-11.692298889160156,,
30500,6.629919528961182,0.05,-9.320952415466309,,
30550,4.85389518737793,0.05,-10.630304336547852,,
30600,2.104252576828003,0.05,-8.200406074523926,,
30650,2.6383237838745117,0.05,-10.021889686584473,,
30700,3.108793258666992,0.05,-10.72771167755127,,
30750,13.133135795593262,0.05,-9.971571922302246,,
30800,4.2329487800598145,0.05,-8.469321250915527,,
30850,2.2971479892730713,0.05,-9.773154258728027,,
30900,2.7621381282806396,0.05,-10.71717357635498,,
30950,2.9464147090911865,0.05,-10.995699882507324,,
31000,3.243605852127075,0.05,-9.221003532409668,,
31050,12.319801330566406,0.05,-8.773514747619629,,
31100,1.588383674621582,0.05,-6.8461127281188965,,
31150,6.356367111206055,0.05,-10.506997108459473,,
31200,2.4615795612335205,0.05,-8.046356201171875,,
31250,3.8404548168182373,0.05,-10.667563438415527,,
31300,4.253556728363037,0.05,-11.208226203918457,,
31350,11.984625816345215,0.05,-9.05305004119873,,
31400,4.227717399597168,0.05,-8.11277961730957,,
31450,15.268664360046387,0.05,-10.543471336364746,,
31500,2.6599864959716797,0.05,-9.437488555908203,,
31550,2.748624563217163,0.05,-8.202387809753418,,
31600,3.027575731277466,0.05,-8.093884468078613,,
31650,12.160887718200684,0.05,-10.384222984313965,,
31700,3.8901443481445312,0.05,-10.082357406616211,,
31750,3.3433282375335693,0.05,-8.918150901794434,,
31800,2.895378351211548,0.05,-8.889777183532715,,
31850,4.838551998138428,0.05,-8.460738182067871,,
31900,5.9884796142578125,0.05,-9.373638153076172,,
31950,9.693623542785645,0.05,-8.263193130493164,,
32000,2.3012330532073975,0.05,-11.022475242614746,,
32050,8.967122077941895,0.05,-10.070197105407715,,
32100,6.885375499725342,0.05,-8.795099258422852,,
32150,3.8513317108154297,0.05,-9.39026165008545,,
32200,3.8301570415496826,0.05,-11.98237133026123,,
32250,7.915447235107422,0.05,-8.21427059173584,,
32300,2.5405800342559814,0.05,-7.815711498260498,,
32350,11.663115501403809,0.05,-8.722039222717285,,
32400,2.423955202102661,0.05,-10.267525672912598,,
32450,6.4055657386779785,0.05,-9.337813377380371,,
32500,8.599706649780273,0.05,-9.896202087402344,,
32550,4.497025489807129,0.05,-8.993701934814453,,
32600,2.677973985671997,0.05,-7.614710330963135,,
32650,4.678133487701416,0.05,-6.791707992553711,,
32700,5.013955593109131,0.05,-9.375645637512207,,
32750,4.998303413391113,0.05,-9.563150405883789,,
32800,3.069819688796997,0.05,-6.8839240074157715,,
32850,4.428290367126465,0.05,-9.623047828674316,,
32900,4.059193134307861,0.05,-9.777737617492676,,
32950,5.207931995391846,0.05,-9.509942054748535,,
33000,6.788429260253906,0.05,-8.889460563659668,,
33050,1.190858244895935,0.05,-6.051694393157959,,
33100,9.104447364807129,0.05,-7.40254020690918,,
33150,6.698228359222412,0.05,-9.934821128845215,,
33200,3.764676332473755,0.05,-8.243522644042969,,
33250,5.9532790184021,0.05,-10.856583595275879,,
33300,12.231709480285645,0.05,-7.125888824462891,,
33350,5.5533833503723145,0.05,-9.853898048400879,,
33400,6.450653076171875,0.05,-9.18151569366455,,
33450,1.3953791856765747,0.05,-8.738912582397461,,
33500,20.415342330932617,0.05,-6.945434093475342,,
33550,1.8475757837295532,0.05,-7.601325988769531,,
33600,4.055670261383057,0.05,-11.423412322998047,,
33650,21.328481674194336,0.05,-7.292158603668213,,
33700,3.506385087966919,0.05,-8.02691650390625,,
33750,9.266816139221191,0.05,-8.758685111999512,,
33800,12.236026763916016,0.05,-10.193025588989258,,
33850,4.025917053222656,0.05,-9.031291007995605,,
33900,1.732770562171936,0.05,-8.203495979309082,,
33950,1.9095755815505981,0.05,-7.936049938201904,,
34000,10.998452186584473,0.05,-9.317338943481445,,
34050,3.426147222518921,0.05,-9.159231185913086,,
34100,3.642470598220825,0.05,-9.695956230163574,,
34150,1.8589979410171509,0.05,-7.928128719329834,,
34200,1.3675017356872559,0.05,-9.673213005065918,,
34250,2.9502086639404297,0.05,-8.180854797363281,,
34300,1.55429208278656,0.05,-7.852361679077148,,
34350,8.149131774902344,0.05,-9.923110008239746,,
34400,10.771919250488281,0.05,-9.354482650756836,,
34450,3.79372501373291,0.05,-7.661199569702148,,
34500,3.4390268325805664,0.05,-9.262327194213867,,
34550,5.318612575531006,0.05,-9.619389533996582,,
34600,12.257308959960938,0.05,-10.608906745910645,,
34650,4.623255252838135,0.05,-7.004142761230469,,
34700,2.953022003173828,0.05,-8.203353881835938,,
34750,2.9436938762664795,0.05,-8.80089282989502,,
34800,1.6721391677856445,0.05,-8.032347679138184,,
34850,1.8899707794189453,0.05,-7.385098934173584,,
34900,1.535778522491455,0.05,-9.142242431640625,,
34950,2.3547751903533936,0.05,-8.1893949508667,,
35000,4.751377582550049,0.05,-6.142536640167236,,
35050,2.3629539012908936,0.05,-8.452017784118652,,
35100,2.1105997562408447,0.05,-8.302409172058105,,
35150,4.836622714996338,0.05,-6.936128616333008,,
35200,1.2486008405685425,0.05,-7.658937931060791,,
35250,1.6536418199539185,0.05,-8.611248970031738,,
35300,4.571791172027588,0.05,-7.881870746612549,,
35350,2.5014564990997314,0.05,-6.447319507598877,,
35400,2.8097598552703857,0.05,-6.744556427001953,,
35450,10.69265365600586,0.05,-7.361375331878662,,
35500,3.270582437515259,0.05,-10.506202697753906,,
35550,4.501046657562256,0.05,-8.285675048828125,,
35600,11.755032539367676,0.05,-9.668353080749512,,
35650,2.187570333480835,0.05,-9.5960111618042,,
35700,1.6443934440612793,0.05,-6.625969409942627,,
35750,5.144340515136719,0.05,-10.019509315490723,,
35800,3.1166560649871826,0.05,-8.18787670135498,,
35850,2.40045428276062,0.05,-8.079421997070312,,
35900,5.09918737411499,0.05,-9.239489555358887,,
35950,3.1300742626190186,0.05,-10.274260520935059,,
36000,2.3778717517852783,0.05,-7.591466903686523,,
36050,6.819154739379883,0.05,-8.35133171081543,,
36100,3.6466894149780273,0.05,-9.850994110107422,,
36150,1.18468177318573,0.05,-7.963099956512451,,
36200,7.759002685546875,0.05,-7.380014896392822,,
36250,2.3671553134918213,0.05,-8.001923561096191,,
36300,4.489445686340332,0.05,-9.984625816345215,,
36350,2.3309102058410645,0.05,-8.665709495544434,,
36400,1.82026207447052,0.05,-9.109696388244629,,
36450,13.007416725158691,0.05,-9.494318962097168,,
36500,2.498539924621582,0.05,-9.331531524658203,,
36550,3.61749267578125,0.05,-8.304083824157715,,
36600,1.589758038520813,0.05,-10.096622467041016,,
36650,3.067868947982788,0.05,-6.682992935180664,,
36700,3.001138687133789,0.05,-10.333456039428711,,
36750,10.845057487487793,0.05,-10.667488098144531,,
36800,6.885706424713135,0.05,-8.211024284362793,,
36850,17.26519775390625,0.05,-8.510791778564453,,
36900,7.760585308074951,0.05,-9.834634780883789,,
36950,11.857529640197754,0.05,-7.8008904457092285,,
37000,3.715191602706909,0.05,-9.530404090881348,,
37050,2.250282049179077,0.05,-10.052079200744629,,
37100,3.782527208328247,0.05,-8.705962181091309,,
37150,12.356078147888184,0.05,-10.193782806396484,,
37200,3.932307004928589,0.05,-9.4218111038208,,
37250,8.248696327209473,0.05,-9.447590827941895,,
37300,4.834225177764893,0.05,-8.347761154174805,,
37350,2.659548759460449,0.05,-9.575689315795898,,
37400,10.054350852966309,0.05,-8.627806663513184,,
37450,3.131828546524048,0.05,-8.132869720458984,,
37500,2.387540340423584,0.05,-9.700631141662598,,
37550,1.540228009223938,0.05,-7.7640380859375,,
37600,16.697372436523438,0.05,-9.05321216583252,,
37650,3.775665521621704,0.05,-6.645105838775635,,
37700,2.0881857872009277,0.05,-9.483085632324219,,
37750,3.6336052417755127,0.05,-7.310153961181641,,
37800,3.9945945739746094,0.05,-9.036952018737793,,
37850,2.633512258529663,0.05,-9.701756477355957,,
37900,2.76130747795105,0.05,-8.689946174621582,,
37950,9.380562782287598,0.05,-7.036182880401611,,
38000,1.5500636100769043,0.05,-8.37413501739502,,
38050,28.941389083862305,0.05,-8.490618705749512,,
38100,9.122061729431152,0.05,-8.899596214294434,,
38150,14.509278297424316,0.05,-7.592098236083984,,
38200,5.394001007080078,0.05,-7.172190189361572,,
38250,4.60746431350708,0.05,-7.141445159912109,,
38300,12.894676208496094,0.05,-8.625570297241211,,
38350,1.637585163116455,0.05,-9.778823852539062,,
38400,4.897836208343506,0.05,-7.975139617919922,,
38450,5.587892055511475,0.05,-8.031182289123535,,
38500,4.348331928253174,0.05,-8.738326072692871,,
38550,6.706281661987305,0.05,-9.249018669128418,,
38600,2.316263437271118,0.05,-8.287001609802246,,
38650,2.8561525344848633,0.05,-7.396605014801025,,
38700,9.814671516418457,0.05,-8.438136100769043,,
38750,4.881738185882568,0.05,-10.266914367675781,,
38800,4.09445333480835,0.05,-9.297738075256348,,
38850,2.771479606628418,0.05,-7.743508815765381,,
38900,1.4219454526901245,0.05,-6.344532489776611,,
38950,4.34324312210083,0.05,-8.68970012664795,,
39000,2.650434732437134,0.05,-8.236777305603027,,
39050,4.828396320343018,0.05,-7.6854987144470215,,
39100,1.650119662284851,0.05,-9.728426933288574,,
39150,8.924527168273926,0.05,-8.771409034729004,,
39200,6.030187129974365,0.05,-9.027993202209473,,
39250,3.667168617248535,0.05,-7.715621471405029,,
39300,3.331500291824341,0.05,-10.077609062194824,,
39350,5.317175388336182,0.05,-9.184857368469238,,
39400,2.8566646575927734,0.05,-8.727744102478027,,
39450,6.188417911529541,0.05,-9.175445556640625,,
39500,13.294578552246094,0.05,-8.077862739562988,,
39550,1.2226953506469727,0.05,-6.819138050079346,,
39600,23.015722274780273,0.05,-7.2593464851379395,,
39650,3.6284239292144775,0.05,-8.072922706604004,,
39700,3.793936014175415,0.05,-7.82852029800415,,
39750,4.556220054626465,0.05,-7.656907558441162,,
39800,8.51512622833252,0.05,-7.972221851348877,,
39850,3.8075993061065674,0.05,-9.706293106079102,,
39900,6.158967971801758,0.05,-9.001748085021973,,
39950,5.610649108886719,0.05,-8.011493682861328,,
40000,1.5421403646469116,0.05,-8.625235557556152,,
40050,10.981025695800781,0.05,-9.153676986694336,,
40100,6.227917194366455,0.05,-8.731368064880371,,
40150,5.636586666107178,0.05,-7.0852742195129395,,
40200,2.153202533721924,0.05,-7.87398099899292,,
40250,4.284298896789551,0.05,-9.547751426696777,,
40300,1.7926760911941528,0.05,-8.626688957214355,,
40350,3.281846761703491,0.05,-8.18217945098877,,
40400,4.087281703948975,0.05,-8.196133613586426,,
40450,1.591285228729248,0.05,-8.021912574768066,,
40500,4.382683277130127,0.05,-7.642627716064453,,
40550,3.805715799331665,0.05,-9.568924903869629,,
40600,1.957884669303894,0.05,-9.367003440856934,,
40650,1.4678874015808105,0.05,-8.763264656066895,,
40700,2.6064071655273438,0.05,-6.848245143890381,,
40750,10.886309623718262,0.05,-8.41564655303955,,
40800,2.8215675354003906,0.05,-8.425697326660156,,
40850,2.518421173095703,0.05,-8.865574836730957,,
40900,6.474198818206787,0.05,-10.59342098236084,,
40950,10.269968032836914,0.05,-10.091167449951172,,
41000,8.447917938232422,0.05,-9.167998313903809,,
41050,3.261233329772949,0.05,-6.269749164581299,,
41100,1.7794440984725952,0.05,-8.413588523864746,,
41150,1.342269778251648,0.05,-7.982264041900635,,
41200,3.3618555068969727,0.05,-6.57066011428833,,
41250,3.440284490585327,0.05,-8.756616592407227,,
41300,1.9282456636428833,0.05,-7.233236312866211,,
41350,1.1186782121658325,0.05,-6.338783264160156,,
41400,1.7551674842834473,0.05,-9.082579612731934,,
41450,10.505964279174805,0.05,-8.498441696166992,,
41500,1.5414131879806519,0.05,-9.729606628417969,,
41550,3.8394367694854736,0.05,-7.15765380859375,,
41600,5.97520112991333,0.05,-7.805171966552734,,
41650,2.14339280128479,0.05,-7.471041202545166,,
41700,19.872472763061523,0.05,-7.614665985107422,,
41750,3.8774373531341553,0.05,-8.107221603393555,,
41800,4.392261981964111,0.05,-7.662181854248047,,
41850,1.1530095338821411,0.05,-7.267917156219482,,
41900,3.857745409011841,0.05,-10.526762962341309,,
41950,3.561899185180664,0.05,-7.6841816902160645,,
42000,3.173668622970581,0.05,-9.094002723693848,,
42050,1.9234665632247925,0.05,-8.099638938903809,,
42100,6.332927227020264,0.05,-6.7565226554870605,,
42150,10.425056457519531,0.05,-8.27182388305664,,
42200,1.1897820234298706,0.05,-7.186753749847412,,
42250,3.9204273223876953,0.05,-8.078543663024902,,
42300,3.8941991329193115,0.05,-7.3236870765686035,,
42350,3.667499542236328,0.05,-7.527022838592529,,
42400,2.0172717571258545,0.05,-8.981646537780762,,
42450,2.193385362625122,0.05,-7.6225762367248535,,
42500,3.3437888622283936,0.05,-8.84102725982666,,
42550,3.898155450820923,0.05,-7.875159740447998,,
42600,3.1183407306671143,0.05,-7.863636016845703,,
42650,1.7648459672927856,0.05,-9.58080005645752,,
42700,2.6753437519073486,0.05,-7.066267490386963,,
42750,4.18895149230957,0.05,-8.6331205368042,,
42800,2.2309741973876953,0.05,-8.444686889648438,,
42850,2.813953161239624,0.05,-7.502566814422607,,
42900,2.816863775253296,0.05,-9.501967430114746,,
42950,1.4661787748336792,0.05,-6.7075581550598145,,
43000,1.2870084047317505,0.05,-7.997814655303955,,
43050,3.916536569595337,0.05,-8.899640083312988,,
43100,4.653459072113037,0.05,-8.53510570526123,,
43150,4.298901081085205,0.05,-8.055055618286133,,
43200,4.033419132232666,0.05,-8.876550674438477,,
43250,5.059874057769775,0.05,-8.67013168334961,,
43300,2.763681411743164,0.05,-7.6200175285339355,,
43350,1.8613361120224,0.05,-7.6604084968566895,,
43400,3.9863483905792236,0.05,-8.391912460327148,,
43450,3.120896577835083,0.05,-7.022695064544678,,
43500,4.193946361541748,0.05,-9.560293197631836,,
43550,1.6324189901351929,0.05,-7.7943902015686035,,
43600,8.447111129760742,0.05,-10.532173156738281,,
43650,2.84757399559021,0.05,-7.746429443359375,,
43700,5.43024206161499,0.05,-9.035361289978027,,
43750,4.004201889038086,0.05,-8.989745140075684,,
43800,1.75920832157135,0.05,-9.446541786193848,,
43850,5.407878875732422,0.05,-9.836101531982422,,
43900,5.8008856773376465,0.05,-10.131638526916504,,
43950,2.288381814956665,0.05,-9.167354583740234,,
44000,5.6763153076171875,0.05,-9.81125259399414,,
44050,2.0003483295440674,0.05,-8.823065757751465,,
44100,1.8878763914108276,0.05,-9.261658668518066,,
44150,9.435182571411133,0.05,-10.985184669494629,,
44200,4.669605255126953,0.05,-8.077649116516113,,
44250,10.64004135131836,0.05,-9.545906066894531,,
44300,7.264401912689209,0.05,-10.325702667236328,,
44350,4.215281963348389,0.05,-8.25524616241455,,
44400,2.8739840984344482,0.05,-10.006186485290527,,
44450,4.688424110412598,0.05,-8.701003074645996,,
44500,2.0430142879486084,0.05,-7.532098770141602,,
44550,4.079257011413574,0.05,-8.029899597167969,,
44600,3.8623440265655518,0.05,-8.531578063964844,,
44650,1.1957783699035645,0.05,-10.815922737121582,,
44700,2.831648588180542,0.05,-8.605534553527832,,
44750,6.5797271728515625,0.05,-11.31636905670166,,
44800,5.113234519958496,0.05,-9.431963920593262,,
44850,3.004809617996216,0.05,-8.534449577331543,,
44900,3.0080602169036865,0.05,-6.824216842651367,,
44950,2.9764511585235596,0.05,-8.251662254333496,,
45000,8.41547966003418,0.05,-7.722693920135498,,
45050,1.1129380464553833,0.05,-7.840238094329834,,
45100,3.509882688522339,0.05,-6.516964435577393,,
45150,6.005588531494141,0.05,-7.713334560394287,,
45200,11.724867820739746,0.05,-8.556111335754395,,
45250,2.5172698497772217,0.05,-8.425017356872559,,
45300,12.713322639465332,0.05,-9.672018051147461,,
45350,2.4485394954681396,0.05,-7.346628189086914,,
45400,1.2395960092544556,0.05,-8.982218742370605,,
45450,2.168574571609497,0.05,-7.266159534454346,,
45500,4.017624378204346,0.05,-9.100028038024902,,
45550,3.330116033554077,0.05,-11.037243843078613,,
45600,2.3523645401000977,0.05,-8.493870735168457,,
45650,1.727935791015625,0.05,-7.774145126342773,,
45700,3.844148635864258,0.05,-8.790606498718262,,
45750,6.71780252456665,0.05,-9.354354858398438,,
45800,4.363790512084961,0.05,-7.101468563079834,,
45850,3.6195762157440186,0.05,-9.125455856323242,,
45900,4.95696496963501,0.05,-9.075592994689941,,
45950,8.781598091125488,0.05,-8.884896278381348,,
46000,4.612330913543701,0.05,-9.521455764770508,,
46050,2.6874148845672607,0.05,-9.587493896484375,,
46100,5.324578762054443,0.05,-8.51967716217041,,
46150,2.3552539348602295,0.05,-7.146085739135742,,
46200,1.4769541025161743,0.05,-8.986995697021484,,
46250,5.748270034790039,0.05,-9.675423622131348,,
46300,7.386577606201172,0.05,-9.63232421875,,
46350,3.621511220932007,0.05,-9.09701156616211,,
46400,3.09063720703125,0.05,-9.694035530090332,,
46450,3.251633644104004,0.05,-8.490140914916992,,
46500,4.286475658416748,0.05,-9.113917350769043,,
46550,3.3955109119415283,0.05,-9.254237174987793,,
46600,2.385765790939331,0.05,-9.577202796936035,,
46650,3.452061414718628,0.05,-8.903037071228027,,
46700,14.188036918640137,0.05,-10.110435485839844,,
46750,4.094265937805176,0.05,-10.454182624816895,,
46800,2.355571746826172,0.05,-10.849640846252441,,
46850,2.0536513328552246,0.05,-10.108742713928223,,
46900,1.8564077615737915,0.05,-7.4822564125061035,,
46950,3.632762908935547,0.05,-9.616385459899902,,
47000,2.6208860874176025,0.05,-9.366484642028809,,
47050,2.739036798477173,0.05,-11.16452407836914,,
47100,3.082559585571289,0.05,-9.224432945251465,,
47150,7.636158466339111,0.05,-8.250210762023926,,
47200,3.42021107673645,0.05,-10.914563179016113,,
47250,5.744279384613037,0.05,-10.18886947631836,,
47300,4.330585479736328,0.05,-6.53593635559082,,
47350,1.5520051717758179,0.05,-8.407195091247559,,
47400,7.292644023895264,0.05,-10.970925331115723,,
47450,3.080172300338745,0.05,-8.381701469421387,,
47500,4.753499507904053,0.05,-10.289874076843262,,
47550,1.1496890783309937,0.05,-8.392066955566406,,
47600,3.1705970764160156,0.05,-8.166690826416016,,
47650,2.935192346572876,0.05,-12.139164924621582,,
47700,8.081286430358887,0.05,-8.17701244354248,,
47750,2.72454571723938,0.05,-8.36847972869873,,
47800,12.307028770446777,0.05,-9.478384971618652,,
47850,2.2902474403381348,0.05,-9.844883918762207,,
47900,1.8789972066879272,0.05,-7.537773609161377,,
47950,1.491942286491394,0.05,-8.896300315856934,,
48000,2.794783353805542,0.05,-9.61350154876709,,
48050,1.5786867141723633,0.05,-10.343952178955078,,
48100,1.441668152809143,0.05,-8.260257720947266,,
48150,7.241551876068115,0.05,-7.856550216674805,,
48200,4.356527805328369,0.05,-7.934240818023682,,
48250,7.1518120765686035,0.05,-8.104910850524902,,
48300,8.372282981872559,0.05,-9.388996124267578,,
48350,5.116114616394043,0.05,-8.953262329101562,,
48400,1.0826326608657837,0.05,-7.794225215911865,,
48450,1.3747097253799438,0.05,-7.273843288421631,,
48500,14.807910919189453,0.05,-9.26163101196289,,
48550,1.1407254934310913,0.05,-7.702356815338135,,
48600,7.152629375457764,0.05,-9.002737045288086,,
48650,1.241866946220398,0.05,-10.072195053100586,,
48700,3.3584682941436768,0.05,-10.321881294250488,,
48750,1.228812575340271,0.05,-9.96839714050293,,
48800,2.4872217178344727,0.05,-10.43151569366455,,
48850,2.2446792125701904,0.05,-8.2185697555542,,
48900,4.729498386383057,0.05,-7.3601508140563965,,
48950,3.392437696456909,0.05,-9.20739459991455,,
49000,18.3453426361084,0.05,-8.1952543258667,,
49050,2.3056576251983643,0.05,-9.083418846130371,,
49100,2.9234836101531982,0.05,-8.871172904968262,,
49150,11.161026954650879,0.05,-8.09076976776123,,
49200,6.333766937255859,0.05,-8.028709411621094,,
49250,7.4391326904296875,0.05,-8.653080940246582,,
49300,1.1727632284164429,0.05,-8.253552436828613,,
49350,9.379416465759277,0.05,-7.144289493560791,,
49400,1.4129754304885864,0.05,-8.980708122253418,,
49450,3.3225529193878174,0.05,-7.135049343109131,,
49500,2.24652361869812,0.05,-7.855476379394531,,
49550,1.1050512790679932,0.05,-9.328455924987793,,
49600,5.3021464347839355,0.05,-9.309870719909668,,
49650,9.894917488098145,0.05,-10.518895149230957,,
49700,2.1949853897094727,0.05,-10.581398963928223,,
49750,22.238710403442383,0.05,-11.556839942932129,,
49800,1.4786399602890015,0.05,-7.560581207275391,,
49850,9.775933265686035,0.05,-10.861994743347168,,
49900,5.819652557373047,0.05,-7.513454914093018,,
49950,3.062605142593384,0.05,-7.056238651275635,,
50000,2.3877665996551514,0.05,-7.852186679840088,-0.6607788345193881,42.93333333333333
50050,6.025935649871826,0.05,-10.284810066223145,,
50100,11.163021087646484,0.05,-10.47082233428955,,
50150,5.245870590209961,0.05,-7.739161014556885,,
50200,3.3661653995513916,0.05,-9.216131210327148,,
50250,1.5228787660598755,0.05,-10.365740776062012,,
50300,8.6670560836792,0.05,-10.507014274597168,,
50350,2.745373487472534,0.05,-8.679685592651367,,
50400,4.523235321044922,0.05,-9.436080932617188,,
50450,6.26253080368042,0.05,-10.940967559814453,,
50500,6.951475620269775,0.05,-10.108429908752441,,
50550,4.827404022216797,0.05,-8.820637702941895,,
50600,2.6957690715789795,0.05,-8.984455108642578,,
50650,2.6724700927734375,0.05,-8.330243110656738,,
50700,8.81790828704834,0.05,-8.227453231811523,,
50750,8.27966594696045,0.05,-8.125475883483887,,
50800,3.95816707611084,0.05,-9.625170707702637,,
50850,3.808656930923462,0.05,-8.382628440856934,,
50900,2.708259344100952,0.05,-7.455349445343018,,
50950,1.866284966468811,0.05,-8.690596580505371,,
51000,4.843082904815674,0.05,-9.294447898864746,,
51050,7.708489894866943,0.05,-9.775015830993652,,
51100,2.264883518218994,0.05,-7.2183380126953125,,
51150,10.392172813415527,0.05,-8.417864799499512,,
51200,2.322983503341675,0.05,-7.098163604736328,,
51250,2.8652772903442383,0.05,-8.645573616027832,,
51300,3.822195053100586,0.05,-8.612879753112793,,
51350,6.528249740600586,0.05,-8.677722930908203,,
51400,2.4929940700531006,0.05,-7.768860340118408,,
51450,3.385955810546875,0.05,-9.596131324768066,,
51500,8.73488712310791,0.05,-9.264693260192871,,
51550,4.4711127281188965,0.05,-9.574421882629395,,
51600,7.0089192390441895,0.05,-8.803157806396484,,
51650,3.990933656692505,0.05,-8.96325969696045,,
51700,3.8566763401031494,0.05,-7.847270965576172,,
51750,2.0394771099090576,0.05,-7.8475470542907715,,
51800,2.089921236038208,0.05,-8.203083992004395,,
51850,5.358056545257568,0.05,-6.684959888458252,,
51900,3.1215765476226807,0.05,-8.106919288635254,,
51950,0.7411615252494812,0.05,-8.014238357543945,,
52000,7.446414947509766,0.05,-8.364388465881348,,
52050,0.6897504925727844,0.05,-7.5544562339782715,,
52100,7.571023941040039,0.05,-9.585837364196777,,
52150,8.904875755310059,0.05,-7.534650802612305,,
52200,7.371252059936523,0.05,-7.921797275543213,,
52250,2.0785129070281982,0.05,-8.133612632751465,,
52300,3.274461030960083,0.05,-7.922463893890381,,
52350,6.1135478019714355,0.05,-6.65917444229126,,
52400,4.675286769866943,0.05,-7.456657886505127,,
52450,7.595163822174072,0.05,-7.895999908447266,,
52500,2.12178111076355,0.05,-7.975511074066162,,
52550,13.443561553955078,0.05,-7.090911865234375,,
52600,4.959766864776611,0.05,-6.751247882843018,,
52650,13.923640251159668,0.05,-8.414373397827148,,
52700,5.094141483306885,0.05,-7.738645076751709,,
52750,6.092000484466553,0.05,-10.931415557861328,,
52800,3.880154609680176,0.05,-6.7124924659729,,
52850,3.6431562900543213,0.05,-7.047781467437744,,
52900,4.641755104064941,0.05,-9.217840194702148,,
52950,1.0855032205581665,0.05,-7.115891933441162,,
53000,7.030093669891357,0.05,-6.5243377685546875,,
53050,2.070643186569214,0.05,-6.966058254241943,,
53100,16.478342056274414,0.05,-6.279283046722412,,
53150,1.4263278245925903,0.05,-7.501835346221924,,
53200,2.218980550765991,0.05,-7.632645130157471,,
53250,2.834184408187866,0.05,-6.562772750854492,,
53300,5.953460216522217,0.05,-8.57414722442627,,
53350,0.9054389595985413,0.05,-6.882144927978516,,
53400,3.452570915222168,0.05,-7.970456600189209,,
53450,2.4275851249694824,0.05,-7.9013991355896,,
53500,3.9393367767333984,0.05,-8.501686096191406,,
53550,4.984961032867432,0.05,-7.883878231048584,,
53600,5.740437984466553,0.05,-7.320991516113281,,
53650,8.686409950256348,0.05,-8.867019653320312,,
53700,5.201347827911377,0.05,-6.74783182144165,,
53750,1.5595836639404297,0.05,-7.426113605499268,,
53800,3.587416410446167,0.05,-7.712615489959717,,
53850,2.9656410217285156,0.05,-7.661102294921875,,
53900,3.746455192565918,0.05,-7.277189254760742,,
53950,5.193135738372803,0.05,-7.320353984832764,,
54000,2.8286120891571045,0.05,-8.38552188873291,,
54050,6.01933479309082,0.05,-7.245802402496338,,
54100,4.037222862243652,0.05,-6.882679462432861,,
54150,7.705410003662109,0.05,-9.017931938171387,,
54200,2.0171077251434326,0.05,-8.129781723022461,,
54250,8.533234596252441,0.05,-8.09749984741211,,
54300,5.731424331665039,0.05,-7.666504383087158,,
54350,3.714611768722534,0.05,-7.389337062835693,,
54400,4.4565348625183105,0.05,-7.6366496086120605,,
54450,0.9841820597648621,0.05,-6.263966083526611,,
54500,4.683653831481934,0.05,-8.188429832458496,,
54550,6.463476181030273,0.05,-9.485737800598145,,
54600,11.033501625061035,0.05,-7.746243000030518,,
54650,4.351220607757568,0.05,-8.052231788635254,,
54700,2.6422412395477295,0.05,-8.187288284301758,,
54750,8.76494312286377,0.05,-7.809886932373047,,
54800,7.539888858795166,0.05,-8.408916473388672,,
54850,2.845574378967285,0.05,-8.220317840576172,,
54900,4.388224124908447,0.05,-7.30947732925415,,
54950,2.391695737838745,0.05,-8.527647972106934,,
55000,10.077357292175293,0.05,-6.8662638664245605,,
55050,4.405774116516113,0.05,-7.331775188446045,,
55100,8.395387649536133,0.05,-8.198830604553223,,
55150,5.397546768188477,0.05,-6.931051254272461,,
55200,6.275306701660156,0.05,-8.68175220489502,,
55250,3.912311553955078,0.05,-8.664285659790039,,
55300,0.9851214289665222,0.05,-7.257326602935791,,
55350,7.187323093414307,0.05,-8.792940139770508,,
55400,6.389402866363525,0.05,-6.806936740875244,,
55450,0.9907495975494385,0.05,-7.296628952026367,,
55500,4.743100643157959,0.05,-7.896459102630615,,
55550,8.665722846984863,0.05,-7.346231460571289,,
55600,7.014011383056641,0.05,-9.497200965881348,,
55650,5.635256290435791,0.05,-8.275403022766113,,
55700,12.034552574157715,0.05,-8.855643272399902,,
55750,6.119453430175781,0.05,-10.296208381652832,,
55800,2.5357656478881836,0.05,-6.929449081420898,,
55850,1.1681729555130005,0.05,-6.98015022277832,,
55900,3.4927194118499756,0.05,-8.094391822814941,,
55950,1.12836754322052,0.05,-8.826189994812012,,
56000,3.741762161254883,0.05,-7.001014709472656,,
56050,5.293938159942627,0.05,-8.70600700378418,,
56100,5.308958530426025,0.05,-9.164841651916504,,
56150,9.44248104095459,0.05,-9.502165794372559,,
56200,1.8695478439331055,0.05,-7.562570095062256,,
56250,5.5892815589904785,0.05,-7.566401958465576,,
56300,1.77581787109375,0.05,-7.6291279792785645,,
56350,4.632270336151123,0.05,-8.690999031066895,,
56400,1.938046932220459,0.05,-8.033001899719238,,
56450,5.665960788726807,0.05,-7.709336757659912,,
56500,3.701303243637085,0.05,-8.018362045288086,,
56550,6.469166278839111,0.05,-8.197239875793457,,
56600,3.0762088298797607,0.05,-6.934810161590576,,
56650,0.7902712225914001,0.05,-6.624986171722412,,
56700,1.504354476928711,0.05,-7.775707721710205,,
56750,7.210163593292236,0.05,-6.61182975769043,,
56800,2.62365460395813,0.05,-8.454050064086914,,
56850,1.7878426313400269,0.05,-8.60615348815918,,
56900,6.816798686981201,0.05,-7.619868755340576,,
56950,2.5295729637145996,0.05,-8.232096672058105,,
57000,0.8474319577217102,0.05,-7.439361572265625,,
57050,11.94757080078125,0.05,-7.559103488922119,,
57100,2.507150888442993,0.05,-7.4714884757995605,,
57150,3.8904759883880615,0.05,-7.547674179077148,,
57200,13.426186561584473,0.05,-8.917622566223145,,
57250,1.642287254333496,0.05,-8.928226470947266,,
57300,4.757526874542236,0.05,-8.59778118133545,,
57350,4.636759281158447,0.05,-8.141011238098145,,
57400,8.989710807800293,0.05,-9.68102741241455,,
57450,6.429413318634033,0.05,-7.992757797241211,,
57500,9.814209938049316,0.05,-8.706718444824219,,
57550,7.82046365737915,0.05,-7.96806526184082,,
57600,2.71231746673584,0.05,-6.43707275390625,,
57650,0.7974806427955627,0.05,-6.848818302154541,,
57700,1.138881802558899,0.05,-7.802370071411133,,
57750,3.226764678955078,0.05,-7.845094203948975,,
57800,7.8153557777404785,0.05,-8.3483304977417,,
57850,3.900317907333374,0.05,-8.907273292541504,,
57900,8.355761528015137,0.05,-10.284773826599121,,
57950,3.9405784606933594,0.05,-7.428683757781982,,
58000,6.477090358734131,0.05,-9.604575157165527,,
58050,5.694991588592529,0.05,-8.3021879196167,,
58100,8.127577781677246,0.05,-7.839260101318359,,
58150,1.6659260988235474,0.05,-7.295508861541748,,
58200,5.274517059326172,0.05,-9.417393684387207,,
58250,15.6383638381958,0.05,-7.671385288238525,,
58300,1.3652677536010742,0.05,-7.480973720550537,,
58350,7.4173760414123535,0.05,-9.054533958435059,,
58400,2.115544557571411,0.05,-7.5236968994140625,,
58450,3.9760684967041016,0.05,-7.70679235458374,,
58500,1.9658561944961548,0.05,-7.146360874176025,,
58550,4.1541852951049805,0.05,-7.260251522064209,,
58600,4.2619500160217285,0.05,-8.184803009033203,,
58650,13.674067497253418,0.05,-8.553666114807129,,
58700,4.155529022216797,0.05,-6.885962963104248,,
58750,6.877267837524414,0.05,-7.701725482940674,,
58800,5.061548233032227,0.05,-8.251116752624512,,
58850,10.289162635803223,0.05,-8.566441535949707,,
58900,1.3466318845748901,0.05,-8.327853202819824,,
58950,3.7433478832244873,0.05,-7.487333297729492,,
59000,7.156622409820557,0.05,-8.299756050109863,,
59050,6.9117431640625,0.05,-8.742116928100586,,
59100,3.916602373123169,0.05,-7.399745941162109,,
59150,0.7900636196136475,0.05,-6.4971137046813965,,
59200,1.2320994138717651,0.05,-7.0609965324401855,,
59250,2.5204031467437744,0.05,-8.293095588684082,,
59300,7.556230068206787,0.05,-8.126561164855957,,
59350,7.118312835693359,0.05,-7.212731838226318,,
59400,1.0591058731079102,0.05,-7.184188365936279,,
59450,8.815779685974121,0.05,-6.024590015411377,,
59500,1.254306674003601,0.05,-7.401590824127197,,
59550,1.0841249227523804,0.05,-9.570356369018555,,
59600,4.844435691833496,0.05,-8.364346504211426,,
59650,3.028127431869507,0.05,-7.017580509185791,,
59700,3.511214017868042,0.05,-6.8432793617248535,,
59750,1.4079138040542603,0.05,-6.641056060791016,,
59800,2.9539079666137695,0.05,-7.374652862548828,,
59850,13.467845916748047,0.05,-7.193270206451416,,
59900,11.9589204788208,0.05,-8.25734806060791,,
59950,2.8120129108428955,0.05,-6.606872081756592,,
60000,4.394822597503662,0.05,-6.728820323944092,,
60050,4.05626916885376,0.05,-6.500570774078369,,
60100,4.881929874420166,0.05,-7.852135181427002,,
60150,10.061101913452148,0.05,-8.89232349395752,,
60200,6.966635227203369,0.05,-7.978707790374756,,
60250,1.8493748903274536,0.05,-7.873013019561768,,
60300,8.943451881408691,0.05,-7.873513698577881,,
60350,3.7313244342803955,0.05,-8.229985237121582,,
60400,7.640893936157227,0.05,-7.441908359527588,,
60450,2.281079053878784,0.05,-6.181941986083984,,
60500,1.310841679573059,0.05,-7.777867794036865,,
60550,5.945320129394531,0.05,-7.3019585609436035,,
60600,1.0991915464401245,0.05,-7.269899368286133,,
60650,9.420262336730957,0.05,-8.671626091003418,,
60700,4.782567977905273,0.05,-6.959075927734375,,
60750,9.281399726867676,0.05,-8.32504653930664,,
60800,3.603785276412964,0.05,-7.244039058685303,,
60850,0.9621891379356384,0.05,-8.599635124206543,,
60900,1.165618658065796,0.05,-6.868217468261719,,
60950,8.320131301879883,0.05,-6.2673773765563965,,
61000,10.327544212341309,0.05,-7.017350673675537,,
61050,8.886162757873535,0.05,-7.765312194824219,,
61100,3.910564661026001,0.05,-6.805370330810547,,
61150,11.231532096862793,0.05,-9.52241039276123,,
61200,3.684434652328491,0.05,-7.847289562225342,,
61250,5.671331405639648,0.05,-6.462630748748779,,
61300,9.929890632629395,0.05,-7.435383319854736,,
61350,2.822950601577759,0.05,-7.9065070152282715,,
61400,1.0437654256820679,0.05,-7.272359848022461,,
61450,8.1931734085083,0.05,-6.071437835693359,,
61500,3.994915246963501,0.05,-8.819351196289062,,
61550,1.133898138999939,0.05,-6.125207901000977,,
61600,5.332574844360352,0.05,-7.216493606567383,,
61650,6.431453704833984,0.05,-6.897251129150391,,
61700,1.0819683074951172,0.05,-6.624612808227539,,
61750,1.9401532411575317,0.05,-6.619812488555908,,
61800,1.0786064863204956,0.05,-6.402952671051025,,
61850,3.987896680831909,0.05,-7.831335544586182,,
61900,6.889799118041992,0.05,-7.686675548553467,,
61950,7.362595081329346,0.05,-9.608208656311035,,
62000,5.822652816772461,0.05,-7.821350574493408,,
62050,4.247752666473389,0.05,-6.364326000213623,,
62100,5.411235809326172,0.05,-7.4679131507873535,,
62150,3.564046859741211,0.05,-7.482405185699463,,
62200,1.111179232597351,0.05,-7.279605388641357,,
62250,5.97051477432251,0.05,-6.991137981414795,,
62300,2.8150603771209717,0.05,-7.88648796081543,,
62350,1.529492735862732,0.05,-7.565545558929443,,
62400,3.941091537475586,0.05,-7.235863208770752,,
62450,1.876977562904358,0.05,-6.896334171295166,,
62500,7.231510162353516,0.05,-7.016017436981201,,
62550,3.5201523303985596,0.05,-7.693167209625244,,
62600,2.704119920730591,0.05,-7.099120616912842,,
62650,6.9286956787109375,0.05,-7.499996662139893,,
62700,9.317305564880371,0.05,-8.542128562927246,,
62750,5.523813724517822,0.05,-6.994184494018555,,
62800,3.8720505237579346,0.05,-6.652904510498047,,
62850,0.6823368072509766,0.05,-6.2427287101745605,,
62900,7.3476433753967285,0.05,-8.32693862915039,,
62950,4.721358299255371,0.05,-6.629238128662109,,
63000,1.7947674989700317,0.05,-7.804049015045166,,
63050,11.372857093811035,0.05,-7.107570648193359,,
63100,4.0124311447143555,0.05,-7.127372741699219,,
63150,1.0910404920578003,0.05,-7.425535678863525,,
63200,4.861048221588135,0.05,-7.124033451080322,,
63250,3.7674176692962646,0.05,-7.451884746551514,,
63300,13.864455223083496,0.05,-8.898451805114746,,
63350,6.3632493019104,0.05,-6.844308853149414,,
63400,4.736883640289307,0.05,-8.897400856018066,,
63450,3.4328155517578125,0.05,-7.244080066680908,,
63500,7.91533899307251,0.05,-7.516172409057617,,
63550,1.243167757987976,0.05,-6.120546340942383,,
63600,6.167501449584961,0.05,-7.174001216888428,,
63650,6.994771480560303,0.05,-7.521780490875244,,
63700,6.188175678253174,0.05,-6.927032470703125,,
63750,3.4679782390594482,0.05,-7.096717357635498,,
63800,2.1716599464416504,0.05,-7.860865116119385,,
63850,2.7482919692993164,0.05,-7.277831554412842,,
63900,7.864091396331787,0.05,-7.711305141448975,,
63950,1.600510597229004,0.05,-7.711467742919922,,
64000,2.8975448608398438,0.05,-6.343069076538086,,
64050,2.4355556964874268,0.05,-6.899276256561279,,
64100,2.514127016067505,0.05,-7.913352966308594,,
64150,0.8582441806793213,0.05,-6.813812732696533,,
64200,3.4383866786956787,0.05,-6.803163528442383,,
64250,4.2595343589782715,0.05,-5.547632694244385,,
64300,3.6047000885009766,0.05,-6.808766841888428,,
64350,10.285110473632812,0.05,-6.56648063659668,,
64400,1.262934684753418,0.05,-6.953615665435791,,
64450,2.205023765563965,0.05,-8.05717658996582,,
64500,7.493370532989502,0.05,-7.331815719604492,,
64550,5.328948497772217,0.05,-7.0021443367004395,,
64600,1.7575639486312866,0.05,-6.807911396026611,,
64650,5.936931610107422,0.05,-7.841535568237305,,
64700,1.1198314428329468,0.05,-7.665107250213623,,
64750,0.5705259442329407,0.05,-7.34932279586792,,
64800,3.4501523971557617,0.05,-6.650023937225342,,
64850,10.55989933013916,0.05,-8.063969612121582,,
64900,8.506674766540527,0.05,-8.916385650634766,,
64950,8.93712329864502,0.05,-6.815864086151123,,
65000,10.348974227905273,0.05,-8.944994926452637,,
65050,10.77639102935791,0.05,-7.626121520996094,,
65100,3.5919764041900635,0.05,-7.634425640106201,,
65150,4.451541900634766,0.05,-7.47149133682251,,
65200,4.263415813446045,0.05,-6.020185947418213,,
65250,7.9736104011535645,0.05,-6.807588577270508,,
65300,12.023211479187012,0.05,-8.313658714294434,,
65350,2.020873785018921,0.05,-7.076181411743164,,
65400,3.5001649856567383,0.05,-6.914251327514648,,
65450,4.117114067077637,0.05,-7.983524322509766,,
65500,4.402285099029541,0.05,-7.586392879486084,,
65550,7.080942630767822,0.05,-8.659417152404785,,
65600,1.8602824211120605,0.05,-5.89376974105835,,
65650,4.404527187347412,0.05,-7.619069576263428,,
65700,15.179892539978027,0.05,-7.362399578094482,,
65750,8.900280952453613,0.05,-6.587919235229492,,
65800,7.026546001434326,0.05,-6.975955963134766,,
65850,4.272984981536865,0.05,-7.235780239105225,,
65900,2.099477529525757,0.05,-5.489292621612549,,
65950,0.5531938076019287,0.05,-7.4650702476501465,,
66000,5.91426420211792,0.05,-7.290585994720459,,
66050,1.1489276885986328,0.05,-8.508227348327637,,
66100,0.7112558484077454,0.05,-7.3028693199157715,,
66150,7.2600250244140625,0.05,-8.074378967285156,,
66200,6.8726019859313965,0.05,-7.356912136077881,,
66250,3.3763532638549805,0.05,-7.657527446746826,,
66300,4.780559062957764,0.05,-5.864259243011475,,
66350,5.977135181427002,0.05,-6.934534549713135,,
66400,2.824604034423828,0.05,-7.0566277503967285,,
66450,1.9578032493591309,0.05,-6.238166332244873,,
66500,5.232021331787109,0.05,-6.987550258636475,,
66550,4.5375285148620605,0.05,-7.902848720550537,,
66600,6.091032028198242,0.05,-6.784825801849365,,
66650,6.669145584106445,0.05,-7.20050573348999,,
66700,3.8785111904144287,0.05,-8.09078598022461,,
66750,1.1139060258865356,0.05,-5.861640930175781,,
66800,3.668299436569214,0.05,-7.884139537811279,,
66850,3.255904197692871,0.05,-7.339206218719482,,
66900,11.467567443847656,0.05,-8.37329387664795,,
66950,3.595296621322632,0.05,-6.513925075531006,,
67000,2.7721195220947266,0.05,-6.638926982879639,,
67050,5.788081645965576,0.05,-7.953972339630127,,
67100,5.181965351104736,0.05,-6.4945292472839355,,
67150,6.231373310089111,0.05,-7.1603779792785645,,
67200,0.7638657093048096,0.05,-6.792517185211182,,
67250,2.684051275253296,0.05,-6.232698440551758,,
67300,2.1522417068481445,0.05,-8.447087287902832,,
67350,5.2578816413879395,0.05,-6.525716781616211,,
67400,2.663996458053589,0.05,-7.313337802886963,,
67450,10.666829109191895,0.05,-7.848870754241943,,
67500,1.7594127655029297,0.05,-6.404259204864502,,
67550,10.618878364562988,0.05,-6.561342716217041,,
67600,1.1948719024658203,0.05,-6.1911773681640625,,
67650,0.4830537736415863,0.05,-6.139253616333008,,
67700,2.183600664138794,0.05,-6.985632419586182,,
67750,3.572162628173828,0.05,-6.510059833526611,,
67800,0.44710686802864075,0.05,-6.724557399749756,,
67850,2.1383650302886963,0.05,-7.881331920623779,,
67900,4.024776935577393,0.05,-6.754786968231201,,
67950,2.0897610187530518,0.05,-6.44366455078125,,
68000,8.248784065246582,0.05,-8.75562572479248,,
68050,1.328336477279663,0.05,-7.283492565155029,,
68100,1.4521493911743164,0.05,-7.668834686279297,,
68150,4.000142574310303,0.05,-6.8327765464782715,,
68200,8.169878959655762,0.05,-7.899133205413818,,
68250,16.413114547729492,0.05,-8.311915397644043,,
68300,2.81011962890625,0.05,-6.10531759262085,,
68350,6.832827091217041,0.05,-6.460649490356445,,
68400,2.0593435764312744,0.05,-7.263865947723389,,
68450,5.494176387786865,0.05,-7.276334285736084,,
68500,6.387206554412842,0.05,-7.0051116943359375,,
68550,3.28995680809021,0.05,-6.829085826873779,,
68600,1.9755114316940308,0.05,-6.944594860076904,,
68650,1.9085973501205444,0.05,-6.558065414428711,,
68700,8.255464553833008,0.05,-6.822559833526611,,
68750,4.102807521820068,0.05,-7.905139923095703,,
68800,6.550363063812256,0.05,-7.617492198944092,,
68850,1.0065540075302124,0.05,-7.023437976837158,,
68900,1.4528604745864868,0.05,-5.787631988525391,,
68950,1.4832886457443237,0.05,-8.139261245727539,,
69000,0.6307954788208008,0.05,-5.822856426239014,,
69050,4.982631206512451,0.05,-7.533647537231445,,
69100,2.907569169998169,0.05,-5.951976776123047,,
69150,5.107405185699463,0.05,-7.557138919830322,,
69200,3.020265579223633,0.05,-6.468387126922607,,
69250,3.9617223739624023,0.05,-7.555873870849609,,
69300,2.2156660556793213,0.05,-7.981601238250732,,
69350,0.4208143651485443,0.05,-5.738418102264404,,
69400,0.6581026911735535,0.05,-5.048466205596924,,
69450,0.6627729535102844,0.05,-5.905222415924072,,
69500,1.479514479637146,0.05,-6.710304260253906,,
69550,3.5596866607666016,0.05,-7.523287296295166,,
69600,5.805479526519775,0.05,-5.637115955352783,,
69650,3.0571327209472656,0.05,-6.944244384765625,,
69700,3.9431798458099365,0.05,-7.979538440704346,,
69750,2.31323504447937,0.05,-5.806957244873047,,
69800,2.69646954536438,0.05,-6.052855014801025,,
69850,4.339158058166504,0.05,-7.672016143798828,,
69900,4.5553297996521,0.05,-8.178528785705566,,
69950,11.496142387390137,0.05,-6.94826078414917,,
70000,3.0872297286987305,0.05,-6.692878246307373,,
70050,4.051701545715332,0.05,-6.844993591308594,,
70100,7.99138879776001,0.05,-5.9951491355896,,
70150,6.693846225738525,0.05,-7.783705234527588,,
70200,7.400753021240234,0.05,-6.664519786834717,,
70250,5.784295558929443,0.05,-7.182310581207275,,
70300,4.13859224319458,0.05,-6.665539264678955,,
70350,4.4806671142578125,0.05,-8.31180477142334,,
70400,3.093836545944214,0.05,-7.3726115226745605,,
70450,1.1810051202774048,0.05,-5.65087890625,,
70500,6.426078796386719,0.05,-6.652355194091797,,
70550,3.4346511363983154,0.05,-7.079850673675537,,
70600,3.4626753330230713,0.05,-6.251254558563232,,
70650,12.049469947814941,0.05,-6.916328430175781,,
70700,9.378121376037598,0.05,-6.161977767944336,,
70750,3.638584852218628,0.05,-7.819339752197266,,
70800,4.313904285430908,0.05,-7.9598917961120605,,
70850,4.173375606536865,0.05,-6.779900074005127,,
70900,2.735644578933716,0.05,-6.271416187286377,,
70950,6.057408809661865,0.05,-7.705234050750732,,
71000,3.305964231491089,0.05,-5.527534484863281,,
71050,1.3446598052978516,0.05,-7.480118274688721,,
71100,0.5254903435707092,0.05,-5.316347599029541,,
71150,9.431594848632812,0.05,-6.382087230682373,,
71200,3.0053703784942627,0.05,-6.607276916503906,,
71250,7.903064250946045,0.05,-7.377482891082764,,
71300,4.485454082489014,0.05,-6.101609706878662,,
71350,6.390798091888428,0.05,-6.515749454498291,,
71400,4.824093818664551,0.05,-6.389919757843018,,
71450,4.807521820068359,0.05,-6.050134181976318,,
71500,3.2173826694488525,0.05,-7.004554271697998,,
71550,4.764188289642334,0.05,-6.504151821136475,,
71600,1.8246878385543823,0.05,-5.981235980987549,,
71650,2.863723039627075,0.05,-6.259806156158447,,
71700,5.388383865356445,0.05,-6.0290093421936035,,
71750,1.572493553161621,0.05,-8.100056648254395,,
71800,2.472900867462158,0.05,-6.657142639160156,,
71850,5.015544891357422,0.05,-6.049613952636719,,
71900,3.5126121044158936,0.05,-7.586719989776611,,
71950,2.100385904312134,0.05,-7.533507823944092,,
72000,6.407050609588623,0.05,-7.578184127807617,,
72050,8.642865180969238,0.05,-9.01656436920166,,
72100,2.2863857746124268,0.05,-7.443126201629639,,
72150,3.0804550647735596,0.05,-5.717596530914307,,
72200,5.223174571990967,0.05,-6.856531620025635,,
72250,3.144904136657715,0.05,-6.848109722137451,,
72300,8.202430725097656,0.05,-6.958686351776123,,
72350,1.084882140159607,0.05,-5.458425998687744,,
72400,17.813119888305664,0.05,-8.917129516601562,,
72450,6.37313985824585,0.05,-7.367624759674072,,
72500,1.5665982961654663,0.05,-5.509317398071289,,
72550,1.7748231887817383,0.05,-8.228171348571777,,
72600,0.40404629707336426,0.05,-6.74038553237915,,
72650,4.666568756103516,0.05,-7.272898197174072,,
72700,10.473010063171387,0.05,-7.085731506347656,,
72750,8.986960411071777,0.05,-7.925863742828369,,
72800,9.115683555603027,0.05,-5.965928554534912,,
72850,4.118366718292236,0.05,-6.123298645019531,,
72900,2.591776132583618,0.05,-6.985158443450928,,
72950,6.857723236083984,0.05,-7.1030802726745605,,
73000,3.0266926288604736,0.05,-6.629373073577881,,
73050,2.9640891551971436,0.05,-7.712299346923828,,
73100,1.586702823638916,0.05,-7.322626113891602,,
73150,9.799481391906738,0.05,-5.939214706420898,,
73200,2.8812363147735596,0.05,-6.442981243133545,,
73250,2.1783506870269775,0.05,-7.821603298187256,,
73300,1.3638330698013306,0.05,-6.237955570220947,,
73350,4.8647308349609375,0.05,-9.137348175048828,,
73400,7.867091655731201,0.05,-7.099213123321533,,
73450,4.9106621742248535,0.05,-6.797241687774658,,
73500,6.152645587921143,0.05,-7.701141834259033,,
73550,1.0728216171264648,0.05,-6.835145950317383,,
73600,4.1024169921875,0.05,-8.819382667541504,,
73650,7.683394908905029,0.05,-8.161871910095215,,
73700,3.8163411617279053,0.05,-7.2133708000183105,,
73750,2.6645429134368896,0.05,-5.67800760269165,,
73800,1.3653979301452637,0.05,-7.976337909698486,,
73850,2.062922477722168,0.05,-7.237602710723877,,
73900,8.193275451660156,0.05,-8.599370956420898,,
73950,2.9163246154785156,0.05,-6.887919902801514,,
74000,3.6483755111694336,0.05,-7.516162872314453,,
74050,6.276098251342773,0.05,-6.594287872314453,,
74100,0.27420249581336975,0.05,-6.2453436851501465,,
74150,1.8667916059494019,0.05,-6.807301044464111,,
74200,1.6887928247451782,0.05,-6.722996234893799,,
74250,1.7304468154907227,0.05,-7.057955265045166,,
74300,3.8314151763916016,0.05,-6.935081958770752,,
74350,3.355647087097168,0.05,-6.677055358886719,,
74400,5.861852645874023,0.05,-9.959068298339844,,
74450,3.9411373138427734,0.05,-8.094164848327637,,
74500,6.459317684173584,0.05,-6.280839443206787,,
74550,4.354645252227783,0.05,-6.113985538482666,,
74600,1.7486766576766968,0.05,-7.760804653167725,,
74650,3.128912925720215,0.05,-6.502525329589844,,
74700,0.7979397773742676,0.05,-7.890599727630615,,
74750,3.3239126205444336,0.05,-6.969837665557861,,
74800,0.31508252024650574,0.05,-6.495811939239502,,
74850,3.062361001968384,0.05,-6.8731842041015625,,
74900,6.9571380615234375,0.05,-5.885324478149414,,
74950,3.24261474609375,0.05,-6.710493564605713,,
75000,3.109647035598755,0.05,-6.612785339355469,-1.248004379537012,51.86666666666666
75050,4.553721904754639,0.05,-6.957820415496826,,
75100,0.979438841342926,0.05,-6.153317928314209,,
75150,1.220798373222351,0.05,-6.214083194732666,,
75200,4.259109973907471,0.05,-6.486738681793213,,
75250,3.462726593017578,0.05,-6.929119110107422,,
75300,4.266979217529297,0.05,-6.61846399307251,,
75350,3.8083598613739014,0.05,-6.324737071990967,,
75400,6.219812870025635,0.05,-6.922644138336182,,
75450,3.968675374984741,0.05,-6.481669902801514,,
75500,5.167884349822998,0.05,-6.152700901031494,,
75550,0.7566578984260559,0.05,-5.699539661407471,,
75600,2.943263053894043,0.05,-6.854034900665283,,
75650,2.3477580547332764,0.05,-6.324888229370117,,
75700,5.26943826675415,0.05,-6.561845302581787,,
75750,3.9079058170318604,0.05,-6.625286102294922,,
75800,1.4189687967300415,0.05,-6.287623882293701,,
75850,0.3129430115222931,0.05,-6.196125507354736,,
75900,3.6922495365142822,0.05,-6.512641906738281,,
75950,3.6774966716766357,0.05,-7.409342288970947,,
76000,6.148832321166992,0.05,-7.579321384429932,,
76050,1.2446448802947998,0.05,-6.873088359832764,,
76100,5.96050500869751,0.05,-6.752227306365967,,
76150,2.047976493835449,0.05,-7.607248783111572,,
76200,6.2616095542907715,0.05,-7.552425384521484,,
76250,2.5001718997955322,0.05,-7.02273416519165,,
76300,1.7232319116592407,0.05,-6.227621078491211,,
76350,0.9607051014900208,0.05,-6.093326568603516,,
76400,0.787113606929779,0.05,-5.977305889129639,,
76450,1.9224411249160767,0.05,-6.112451076507568,,
76500,5.421003818511963,0.05,-6.802377700805664,,
76550,1.59316885471344,0.05,-6.31365442276001,,
76600,3.5441606044769287,0.05,-7.670402526855469,,
76650,0.760248601436615,0.05,-7.008047103881836,,
76700,2.1742687225341797,0.05,-6.145917892456055,,
76750,0.7808828949928284,0.05,-5.714497089385986,,
76800,8.66757583618164,0.05,-6.038966655731201,,
76850,0.3167891204357147,0.05,-5.951958179473877,,
76900,0.8244524598121643,0.05,-6.144254207611084,,
76950,2.466782808303833,0.05,-7.387614727020264,,
77000,4.026757717132568,0.05,-7.157527446746826,,
77050,1.9741615056991577,0.05,-6.710630416870117,,
77100,0.909080445766449,0.05,-5.969534397125244,,
77150,5.339090824127197,0.05,-6.382911682128906,,
77200,1.4852666854858398,0.05,-6.832294464111328,,
77250,2.2035138607025146,0.05,-6.808512210845947,,
77300,2.4428770542144775,0.05,-5.814998149871826,,
77350,1.8733129501342773,0.05,-6.191122531890869,,
77400,2.5945937633514404,0.05,-6.722627639770508,,
77450,6.363763332366943,0.05,-8.449175834655762,,
77500,1.7758026123046875,0.05,-6.604590892791748,,
77550,2.323899507522583,0.05,-6.091172695159912,,
77600,2.402256727218628,0.05,-6.79957914352417,,
77650,2.132797956466675,0.05,-6.382707595825195,,
77700,2.929485321044922,0.05,-6.520152568817139,,
77750,8.33786392211914,0.05,-6.63505744934082,,
77800,2.8358542919158936,0.05,-5.8838958740234375,,
77850,3.926500082015991,0.05,-6.585507869720459,,
77900,2.579045295715332,0.05,-6.823770999908447,,
77950,1.8770707845687866,0.05,-6.566553592681885,,
78000,5.599602222442627,0.05,-6.857020854949951,,
78050,3.314985990524292,0.05,-6.6374359130859375,,
78100,1.5748780965805054,0.05,-7.0090179443359375,,
78150,3.9637906551361084,0.05,-8.416935920715332,,
78200,7.851307392120361,0.05,-7.146753311157227,,
78250,3.15081524848938,0.05,-6.863498687744141,,
78300,0.7779873013496399,0.05,-6.692947864532471,,
78350,8.200363159179688,0.05,-7.612315654754639,,
78400,3.4657773971557617,0.05,-6.474732875823975,,
78450,6.715116024017334,0.05,-6.966314792633057,,
78500,0.9410392642021179,0.05,-6.912420749664307,,
78550,1.9224319458007812,0.05,-5.714022159576416,,
78600,3.327850103378296,0.05,-7.010274887084961,,
78650,2.5242438316345215,0.05,-6.565822124481201,,
78700,0.6348105072975159,0.05,-6.7254791259765625,,
78750,3.830214500427246,0.05,-6.633480072021484,,
78800,1.8623172044754028,0.05,-7.045864105224609,,
78850,1.9149398803710938,0.05,-6.322681427001953,,
78900,1.9697264432907104,0.05,-6.347161769866943,,
78950,8.056851387023926,0.05,-6.604761123657227,,
79000,3.9597127437591553,0.05,-5.83060884475708,,
79050,7.216789722442627,0.05,-6.534849643707275,,
79100,1.6648297309875488,0.05,-7.512999057769775,,
79150,8.048927307128906,0.05,-6.384729385375977,,
79200,0.7349162697792053,0.05,-6.898471832275391,,
79250,4.358688831329346,0.05,-6.391437530517578,,
79300,2.468076467514038,0.05,-5.357762813568115,,
79350,5.604468822479248,0.05,-5.864202976226807,,
79400,2.8782284259796143,0.05,-6.25930643081665,,
79450,6.4254631996154785,0.05,-7.192408084869385,,
79500,0.8232102394104004,0.05,-5.640172958374023,,
79550,5.910499572753906,0.05,-5.6559295654296875,,
79600,5.568837642669678,0.05,-5.938854694366455,,
79650,0.7545573711395264,0.05,-5.925643444061279,,
79700,1.4384878873825073,0.05,-5.601448059082031,,
79750,1.6293922662734985,0.05,-6.144754409790039,,
79800,7.344730377197266,0.05,-6.558705806732178,,
79850,2.459021806716919,0.05,-6.710322856903076,,
79900,3.244896650314331,0.05,-6.43450403213501,,
79950,6.243196487426758,0.05,-6.879114151000977,,
80000,6.189568042755127,0.05,-5.337474346160889,,
80050,1.7263766527175903,0.05,-5.981503009796143,,
80100,2.1310575008392334,0.05,-7.010046005249023,,
80150,1.4474893808364868,0.05,-6.47772216796875,,
80200,0.6905906200408936,0.05,-7.189720153808594,,
80250,4.403523921966553,0.05,-5.833994388580322,,
80300,2.6938059329986572,0.05,-8.87598705291748,,
80350,5.612598896026611,0.05,-6.706375598907471,,
80400,1.6893702745437622,0.05,-7.712230205535889,,
80450,1.0205086469650269,0.05,-6.429342746734619,,
80500,1.9172378778457642,0.05,-7.021564483642578,,
80550,13.578057289123535,0.05,-7.215778827667236,,
80600,0.49626424908638,0.05,-5.523351669311523,,
80650,2.7748794555664062,0.05,-6.192660808563232,,
80700,2.437934160232544,0.05,-7.461287021636963,,
80750,3.9362213611602783,0.05,-6.977508544921875,,
80800,1.1852697134017944,0.05,-7.2719268798828125,,
80850,3.2610387802124023,0.05,-6.039175033569336,,
80900,3.815979242324829,0.05,-6.491527557373047,,
80950,1.7618106603622437,0.05,-7.2993927001953125,,
81000,3.5049831867218018,0.05,-6.942113876342773,,
81050,1.4199209213256836,0.05,-6.329221248626709,,
81100,4.132450580596924,0.05,-6.8118672370910645,,
81150,4.10465145111084,0.05,-6.485731601715088,,
81200,1.8478354215621948,0.05,-7.419370174407959,,
81250,8.877333641052246,0.05,-7.708733081817627,,
81300,8.131099700927734,0.05,-7.2546916007995605,,
81350,7.1264214515686035,0.05,-7.670729160308838,,
81400,4.0098185539245605,0.05,-7.023975849151611,,
81450,3.979097604751587,0.05,-6.697225570678711,,
81500,5.766672134399414,0.05,-5.675783634185791,,
81550,0.5373110771179199,0.05,-7.448723316192627,,
81600,1.7399276494979858,0.05,-7.041799068450928,,
81650,1.6374415159225464,0.05,-7.385355472564697,,
81700,4.005920886993408,0.05,-7.589046955108643,,
81750,4.557285785675049,0.05,-6.1361308097839355,,
81800,4.207482814788818,0.05,-7.654782772064209,,
81850,2.8396060466766357,0.05,-7.558352947235107,,
81900,2.975459098815918,0.05,-7.530544281005859,,
81950,0.18436621129512787,0.05,-6.810706615447998,,
82000,6.7280755043029785,0.05,-7.052814960479736,,
82050,4.412999629974365,0.05,-7.882028579711914,,
82100,2.692795991897583,0.05,-7.196804046630859,,
82150,1.727442741394043,0.05,-7.064341068267822,,
82200,2.790227174758911,0.05,-6.87230110168457,,
82250,3.2801597118377686,0.05,-7.170948505401611,,
82300,0.588978111743927,0.05,-5.572792053222656,,
82350,2.9812095165252686,0.05,-6.459201812744141,,
82400,3.9034035205841064,0.05,-5.46559476852417,,
82450,6.426141738891602,0.05,-7.551095485687256,,
82500,2.0813405513763428,0.05,-7.517151355743408,,
82550,1.5348390340805054,0.05,-6.7420172691345215,,
82600,0.8569789528846741,0.05,-7.1907477378845215,,
82650,1.7268180847167969,0.05,-6.22593355178833,,
82700,6.389617919921875,0.05,-7.411323070526123,,
82750,9.929704666137695,0.05,-7.486619472503662,,
82800,8.388790130615234,0.05,-7.835219860076904,,
82850,11.438414573669434,0.05,-8.375080108642578,,
82900,2.804152250289917,0.05,-6.483190059661865,,
82950,2.5417227745056152,0.05,-7.129276752471924,,
83000,1.2287771701812744,0.05,-5.177773952484131,,
83050,3.6952340602874756,0.05,-7.179553985595703,,
83100,2.5054290294647217,0.05,-6.528818130493164,,
83150,4.067352294921875,0.05,-6.385461807250977,,
83200,1.2682052850723267,0.05,-7.062831878662109,,
83250,4.738527774810791,0.05,-7.10490083694458,,
83300,7.808175563812256,0.05,-6.264873504638672,,
83350,2.2666120529174805,0.05,-7.4961371421813965,,
83400,2.5322046279907227,0.05,-7.463834285736084,,
83450,2.7864227294921875,0.05,-7.546793460845947,,
83500,5.836155414581299,0.05,-7.029613494873047,,
83550,7.199991226196289,0.05,-7.1512837409973145,,
83600,10.009088516235352,0.05,-7.432118892669678,,
83650,1.1548922061920166,0.05,-7.524577617645264,,
83700,6.542108058929443,0.05,-9.350384712219238,,
83750,1.698668122291565,0.05,-7.563415050506592,,
83800,8.88713550567627,0.05,-7.443933010101318,,
83850,2.1158101558685303,0.05,-6.660329341888428,,
83900,4.015139102935791,0.05,-7.073617935180664,,
83950,1.7816835641860962,0.05,-7.346262454986572,,
84000,0.9849348664283752,0.05,-6.235676288604736,,
84050,2.0200181007385254,0.05,-6.699239253997803,,
84100,3.4812612533569336,0.05,-6.7100911140441895,,
84150,13.921488761901855,0.05,-7.6486592292785645,,
84200,3.00691294670105,0.05,-7.403181076049805,,
84250,2.480239152908325,0.05,-7.762429714202881,,
84300,2.9067118167877197,0.05,-6.434537410736084,,
84350,10.465941429138184,0.05,-8.122299194335938,,
84400,4.784576892852783,0.05,-7.000122547149658,,
84450,11.15534496307373,0.05,-9.035086631774902,,
84500,11.958943367004395,0.05,-8.166277885437012,,
84550,6.428381443023682,0.05,-7.980169773101807,,
84600,4.373616695404053,0.05,-7.390931606292725,,
84650,5.901926517486572,0.05,-7.73449182510376,,
84700,5.118930339813232,0.05,-10.72356128692627,,
84750,2.664367437362671,0.05,-8.316246032714844,,
84800,1.1428693532943726,0.05,-6.252338886260986,,
84850,1.6602710485458374,0.05,-7.981823444366455,,
84900,0.7913793921470642,0.05,-7.266669750213623,,
84950,4.539878845214844,0.05,-7.349613666534424,,
85000,2.394672393798828,0.05,-7.361867427825928,,
85050,1.423669695854187,0.05,-8.181422233581543,,
85100,5.636172771453857,0.05,-9.144405364990234,,
85150,8.129204750061035,0.05,-6.800343036651611,,
85200,4.431550979614258,0.05,-6.718017578125,,
85250,3.6281204223632812,0.05,-6.855688095092773,,
85300,4.069406986236572,0.05,-9.331334114074707,,
85350,3.046703577041626,0.05,-8.162357330322266,,
85400,8.546907424926758,0.05,-6.383738994598389,,
85450,2.1310226917266846,0.05,-8.207574844360352,,
85500,3.0063648223876953,0.05,-8.04234504699707,,
85550,6.2996745109558105,0.05,-7.8837571144104,,
85600,6.411718368530273,0.05,-8.609293937683105,,
85650,1.4595980644226074,0.05,-7.4701247215271,,
85700,5.288009166717529,0.05,-7.097476959228516,,
85750,0.6637300848960876,0.05,-6.762012004852295,,
85800,1.4309287071228027,0.05,-7.010188579559326,,
85850,1.1985775232315063,0.05,-6.738727569580078,,
85900,2.0882585048675537,0.05,-7.378978729248047,,
85950,10.672453880310059,0.05,-7.986388683319092,,
86000,4.265199184417725,0.05,-8.651886940002441,,
86050,10.09543228149414,0.05,-7.284900665283203,,
86100,3.433865785598755,0.05,-7.003468990325928,,
86150,8.223652839660645,0.05,-8.403900146484375,,
86200,3.9418857097625732,0.05,-6.53291654586792,,
86250,1.2083498239517212,0.05,-9.252792358398438,,
86300,2.7037785053253174,0.05,-6.455899715423584,,
86350,9.855328559875488,0.05,-8.957350730895996,,
86400,4.098543643951416,0.05,-7.289069652557373,,
86450,7.586263656616211,0.05,-6.739124298095703,,
86500,2.2800278663635254,0.05,-8.508918762207031,,
86550,7.545376300811768,0.05,-8.212876319885254,,
86600,5.881887435913086,0.05,-7.586109638214111,,
86650,11.767295837402344,0.05,-7.478647232055664,,
86700,1.5574980974197388,0.05,-7.2722649574279785,,
86750,3.0416126251220703,0.05,-9.126864433288574,,
86800,7.560266971588135,0.05,-7.599942684173584,,
86850,1.0601462125778198,0.05,-7.590423583984375,,
86900,5.121225357055664,0.05,-6.837007999420166,,
86950,3.9013757705688477,0.05,-6.560128688812256,,
87000,0.823815643787384,0.05,-6.48132848739624,,
87050,0.8931767344474792,0.05,-7.1921467781066895,,
87100,2.1510202884674072,0.05,-5.668300151824951,,
87150,1.7581785917282104,0.05,-7.123777389526367,,
87200,1.3517051935195923,0.05,-7.597804546356201,,
87250,2.871371030807495,0.05,-8.136612892150879,,
87300,0.18915539979934692,0.05,-6.272090435028076,,
87350,6.806325435638428,0.05,-8.694870948791504,,
87400,2.590336561203003,0.05,-7.488450527191162,,
87450,3.919604539871216,0.05,-7.067573547363281,,
87500,0.6052822470664978,0.05,-7.526150226593018,,
87550,2.6280834674835205,0.05,-6.611011028289795,,
87600,1.3077582120895386,0.05,-6.353084564208984,,
87650,10.939895629882812,0.05,-8.550877571105957,,
87700,5.866405963897705,0.05,-6.653822422027588,,
87750,21.624040603637695,0.05,-7.703399181365967,,
87800,9.336233139038086,0.05,-8.568412780761719,,
87850,3.2544119358062744,0.05,-7.485546112060547,,
87900,8.784626007080078,0.05,-7.929527282714844,,
87950,0.5471546053886414,0.05,-6.886019229888916,,
88000,1.9821134805679321,0.05,-7.795860290527344,,
88050,1.0196856260299683,0.05,-6.359049320220947,,
88100,1.9531331062316895,0.05,-7.217996597290039,,
88150,0.9229152798652649,0.05,-6.371246337890625,,
88200,1.1732772588729858,0.05,-6.528634548187256,,
88250,2.301508665084839,0.05,-6.718090534210205,,
88300,4.519405841827393,0.05,-8.64677619934082,,
88350,2.629318952560425,0.05,-6.692715167999268,,
88400,3.0140132904052734,0.05,-7.395018100738525,,
88450,3.29118275642395,0.05,-7.728000640869141,,
88500,1.5226534605026245,0.05,-7.553548336029053,,
88550,1.1048719882965088,0.05,-6.309431076049805,,
88600,1.8894996643066406,0.05,-8.316632270812988,,
88650,7.772115230560303,0.05,-6.785182952880859,,
88700,1.788852572441101,0.05,-6.028005123138428,,
88750,2.0731570720672607,0.05,-7.079294681549072,,
88800,1.157578945159912,0.05,-6.359391689300537,,
88850,7.190401077270508,0.05,-8.600489616394043,,
88900,8.966885566711426,0.05,-6.398553371429443,,
88950,9.699421882629395,0.05,-7.013484954833984,,
89000,3.8652102947235107,0.05,-6.931820392608643,,
89050,6.490945816040039,0.05,-6.98857307434082,,
89100,8.056206703186035,0.05,-8.530959129333496,,
89150,2.4509263038635254,0.05,-7.295648097991943,,
89200,6.473888874053955,0.05,-8.411596298217773,,
89250,3.35123610496521,0.05,-7.362030506134033,,
89300,1.1926097869873047,0.05,-6.41016960144043,,
89350,1.3941761255264282,0.05,-7.569969177246094,,
89400,7.3207573890686035,0.05,-7.209455966949463,,
89450,3.8739664554595947,0.05,-8.2366943359375,,
89500,1.2004257440567017,0.05,-7.114732265472412,,
89550,4.326948642730713,0.05,-7.736451625823975,,
89600,6.8023905754089355,0.05,-8.04300594329834,,
89650,2.1766202449798584,0.05,-6.513880252838135,,
89700,2.2826766967773438,0.05,-6.376531600952148,,
89750,5.134248733520508,0.05,-6.869226932525635,,
89800,3.7143237590789795,0.05,-7.610010147094727,,
89850,0.6785920262336731,0.05,-6.4609599113464355,,
89900,5.257662296295166,0.05,-7.139468669891357,,
89950,2.0848405361175537,0.05,-7.839786052703857,,
90000,1.2954622507095337,0.05,-6.019336700439453,,
90050,1.678208827972412,0.05,-7.442329406738281,,
90100,2.347275972366333,0.05,-6.299119472503662,,
90150,3.8763949871063232,0.05,-7.966970443725586,,
90200,1.6779942512512207,0.05,-6.873685836791992,,
90250,6.014336109161377,0.05,-6.395092487335205,,
90300,1.197682499885559,0.05,-7.336629390716553,,
90350,7.108760356903076,0.05,-8.396893501281738,,
90400,10.550891876220703,0.05,-8.561467170715332,,
90450,0.16075022518634796,0.05,-6.488048553466797,,
90500,1.4062933921813965,0.05,-7.213743686676025,,
90550,0.752173900604248,0.05,-7.558217525482178,,
90600,2.1096060276031494,0.05,-6.205540180206299,,
90650,9.910934448242188,0.05,-7.277773380279541,,
90700,9.780296325683594,0.05,-7.529760837554932,,
90750,0.2636074125766754,0.05,-6.6387248039245605,,
90800,3.492095708847046,0.05,-6.1637701988220215,,
90850,4.547086238861084,0.05,-6.830483913421631,,
90900,6.213598251342773,0.05,-8.157608985900879,,
90950,1.958192229270935,0.05,-9.666152000427246,,
91000,2.1394989490509033,0.05,-6.8577656745910645,,
91050,1.7764220237731934,0.05,-5.916358470916748,,
91100,1.3080748319625854,0.05,-6.926576614379883,,
91150,9.212971687316895,0.05,-6.661458969116211,,
91200,4.245614528656006,0.05,-7.331505298614502,,
91250,1.1443166732788086,0.05,-8.003243446350098,,
91300,1.9620622396469116,0.05,-7.2062764167785645,,
91350,9.190110206604004,0.05,-7.298473358154297,,
91400,3.4883415699005127,0.05,-7.301601409912109,,
91450,2.217658758163452,0.05,-7.217123031616211,,
91500,2.838268995285034,0.05,-6.649541854858398,,
91550,3.491154432296753,0.05,-8.157209396362305,,
91600,6.530309200286865,0.05,-7.585483551025391,,
91650,3.751948356628418,0.05,-7.52398681640625,,
91700,5.16335916519165,0.05,-8.549610137939453,,
91750,0.7926395535469055,0.05,-6.764235973358154,,
91800,4.738576889038086,0.05,-8.785099983215332,,
91850,2.7433125972747803,0.05,-7.062765598297119,,
91900,1.4220027923583984,0.05,-6.4962592124938965,,
91950,1.418265461921692,0.05,-7.651113033294678,,
92000,0.8901945948600769,0.05,-7.220157146453857,,
92050,6.652694225311279,0.05,-7.178684234619141,,
92100,5.062242031097412,0.05,-7.775981426239014,,
92150,2.281461238861084,0.05,-6.997191905975342,,
92200,12.536297798156738,0.05,-7.056337356567383,,
92250,4.827548503875732,0.05,-7.0463337898254395,,
92300,4.938021183013916,0.05,-8.011025428771973,,
92350,3.2004425525665283,0.05,-6.842978000640869,,
92400,0.47687864303588867,0.05,-6.337406635284424,,
92450,5.612720489501953,0.05,-8.504914283752441,,
92500,15.0166015625,0.05,-8.028565406799316,,
92550,7.613882541656494,0.05,-7.170459747314453,,
92600,2.858227491378784,0.05,-7.575491428375244,,
92650,8.804129600524902,0.05,-7.774662494659424,,
92700,6.252784252166748,0.05,-7.445027828216553,,
92750,4.490771770477295,0.05,-8.375574111938477,,
92800,4.138771057128906,0.05,-7.082536220550537,,
92850,1.2413147687911987,0.05,-7.081709384918213,,
92900,2.9680240154266357,0.05,-7.293872833251953,,
92950,5.003663539886475,0.05,-9.415196418762207,,
93000,6.785794734954834,0.05,-8.113842964172363,,
93050,3.421745538711548,0.05,-7.745412826538086,,
93100,5.609983921051025,0.05,-8.972345352172852,,
93150,9.158452033996582,0.05,-7.389486789703369,,
93200,12.453173637390137,0.05,-9.144448280334473,,
93250,5.3346710205078125,0.05,-6.800098419189453,,
93300,0.9457578659057617,0.05,-7.836143493652344,,
93350,0.5045521855354309,0.05,-7.365960597991943,,
93400,4.5947394371032715,0.05,-7.269981384277344,,
93450,1.8412322998046875,0.05,-7.637204647064209,,
93500,2.143702983856201,0.05,-6.1809773445129395,,
93550,0.8561295866966248,0.05,-7.125336170196533,,
93600,9.143421173095703,0.05,-7.9708075523376465,,
93650,0.08993121236562729,0.05,-5.784544467926025,,
93700,1.2600282430648804,0.05,-7.921362400054932,,
93750,5.41907262802124,0.05,-8.23720645904541,,
93800,2.3236005306243896,0.05,-9.00934886932373,,
93850,15.136990547180176,0.05,-9.024627685546875,,
93900,2.3403518199920654,0.05,-7.576220989227295,,
93950,7.746707916259766,0.05,-8.595145225524902,,
94000,10.195862770080566,0.05,-7.255992412567139,,
94050,3.95709228515625,0.05,-6.803286075592041,,
94100,2.3707058429718018,0.05,-6.622804164886475,,
94150,4.739622592926025,0.05,-7.170412540435791,,
94200,9.376486778259277,0.05,-8.87955093383789,,
94250,0.8040826916694641,0.05,-7.814023971557617,,
94300,1.8084176778793335,0.05,-8.072651863098145,,
94350,0.9898641705513,0.05,-7.053202152252197,,
94400,1.317490577697754,0.05,-6.42363166809082,,
94450,1.953155517578125,0.05,-6.586599826812744,,
94500,1.0651021003723145,0.05,-5.86890172958374,,
94550,0.6757979989051819,0.05,-6.379370212554932,,
94600,1.706180214881897,0.05,-6.182193279266357,,
94650,9.601520538330078,0.05,-7.962360858917236,,
94700,1.1708086729049683,0.05,-5.560716152191162,,
94750,6.689327239990234,0.05,-6.2151570320129395,,
94800,11.615323066711426,0.05,-6.772733688354492,,
94850,3.304901361465454,0.05,-7.593515872955322,,
94900,3.342801094055176,0.05,-6.581231594085693,,
94950,10.270452499389648,0.05,-7.3983893394470215,,
95000,0.9684726595878601,0.05,-6.823631286621094,,
95050,3.579972505569458,0.05,-6.3564229011535645,,
95100,6.694753646850586,0.05,-9.003561973571777,,
95150,1.0780009031295776,0.05,-7.0413498878479,,
95200,11.20320987701416,0.05,-7.265453338623047,,
95250,6.254203796386719,0.05,-6.998674392700195,,
95300,1.2976038455963135,0.05,-6.86944055557251,,
95350,5.759582996368408,0.05,-7.045166015625,,
95400,3.4655940532684326,0.05,-5.662752151489258,,
95450,3.5572586059570312,0.05,-6.797627925872803,,
95500,3.87803053855896,0.05,-5.96628999710083,,
95550,0.6145952343940735,0.05,-7.635852336883545,,
95600,3.5000648498535156,0.05,-7.2081732749938965,,
95650,4.168911933898926,0.05,-8.613792419433594,,
95700,3.6626570224761963,0.05,-7.6593499183654785,,
95750,3.3058242797851562,0.05,-8.171675682067871,,
95800,2.2975316047668457,0.05,-6.936731338500977,,
95850,0.45987582206726074,0.05,-6.382479190826416,,
95900,2.4691951274871826,0.05,-7.9996113777160645,,
95950,1.3519104719161987,0.05,-6.9026947021484375,,
96000,5.076932430267334,0.05,-6.184999465942383,,
96050,0.8372113108634949,0.05,-6.800531387329102,,
96100,2.916539430618286,0.05,-6.3536295890808105,,
96150,8.764336585998535,0.05,-7.493624210357666,,
96200,0.349382609128952,0.05,-7.116636276245117,,
96250,4.522204399108887,0.05,-6.534243106842041,,
96300,1.500378131866455,0.05,-6.887415409088135,,
96350,5.831997394561768,0.05,-8.635123252868652,,
96400,7.797099590301514,0.05,-7.464804172515869,,
96450,3.248061180114746,0.05,-7.952770233154297,,
96500,3.23447322845459,0.05,-6.8411545753479,,
96550,2.5027236938476562,0.05,-8.148107528686523,,
96600,7.725132465362549,0.05,-7.3143157958984375,,
96650,1.1238945722579956,0.05,-8.273945808410645,,
96700,4.567234039306641,0.05,-6.7084527015686035,,
96750,1.0040539503097534,0.05,-6.767214298248291,,
96800,3.970836639404297,0.05,-7.36137056350708,,
96850,0.8911058306694031,0.05,-7.287254333496094,,
96900,1.1323519945144653,0.05,-7.615701198577881,,
96950,1.1054407358169556,0.05,-7.973154067993164,,
97000,5.255303859710693,0.05,-6.4254841804504395,,
97050,4.796077728271484,0.05,-7.910106658935547,,
97100,2.677147626876831,0.05,-7.869709491729736,,
97150,14.685147285461426,0.05,-8.366774559020996,,
97200,1.556976318359375,0.05,-7.877288818359375,,
97250,2.871746778488159,0.05,-7.010061740875244,,
97300,4.661052227020264,0.05,-7.717226505279541,,
97350,9.123184204101562,0.05,-6.945682525634766,,
97400,1.015120029449463,0.05,-6.739133834838867,,
97450,2.248046636581421,0.05,-6.963883876800537,,
97500,3.770155906677246,0.05,-8.06093692779541,,
97550,0.9603940844535828,0.05,-7.473602771759033,,
97600,6.214160442352295,0.05,-7.2783684730529785,,
97650,3.0052146911621094,0.05,-7.633633136749268,,
97700,1.0081344842910767,0.05,-6.683620929718018,,
97750,4.048032283782959,0.05,-7.135298252105713,,
97800,1.8198843002319336,0.05,-7.43346643447876,,
97850,3.4326908588409424,0.05,-7.4580559730529785,,
97900,4.800922870635986,0.05,-7.5054545402526855,,
97950,2.7691380977630615,0.05,-7.43722677230835,,
98000,1.8876620531082153,0.05,-7.391592025756836,,
98050,1.0480754375457764,0.05,-7.75439453125,,
98100,7.617015361785889,0.05,-7.003615856170654,,
98150,2.4619646072387695,0.05,-8.365031242370605,,
98200,0.8973240852355957,0.05,-6.795742034912109,,
98250,2.44209623336792,0.05,-8.960348129272461,,
98300,7.988844394683838,0.05,-8.79394245147705,,
98350,13.291522026062012,0.05,-8.391705513000488,,
98400,4.227772235870361,0.05,-7.112712860107422,,
98450,3.0504472255706787,0.05,-6.656414031982422,,
98500,0.4697127640247345,0.05,-6.6586737632751465,,
98550,4.57100248336792,0.05,-6.668059825897217,,
98600,1.2405157089233398,0.05,-5.891061305999756,,
98650,4.825470447540283,0.05,-8.819893836975098,,
98700,3.4558069705963135,0.05,-8.059942245483398,,
98750,8.464133262634277,0.05,-8.129531860351562,,
98800,9.175049781799316,0.05,-8.302891731262207,,
98850,3.2889604568481445,0.05,-7.80230188369751,,
98900,5.754976749420166,0.05,-7.7652587890625,,
98950,3.4361820220947266,0.05,-7.430583953857422,,
99000,2.735337495803833,0.05,-7.191041469573975,,
99050,1.5923289060592651,0.05,-7.536029815673828,,
99100,8.575129508972168,0.05,-7.419216156005859,,
99150,3.566934823989868,0.05,-6.751811981201172,,
99200,0.2976795434951782,0.05,-7.0684943199157715,,
99250,1.6804332733154297,0.05,-7.478678226470947,,
99300,4.519484043121338,0.05,-7.386782169342041,,
99350,6.4410223960876465,0.05,-7.994386672973633,,
99400,5.366581439971924,0.05,-7.648465633392334,,
99450,0.7589514851570129,0.05,-7.4049201011657715,,
99500,3.612076997756958,0.05,-7.302905559539795,,
99550,1.0651811361312866,0.05,-7.0096659660339355,,
99600,5.3243279457092285,0.05,-8.937895774841309,,
99650,6.629576206207275,0.05,-7.987598896026611,,
99700,0.3519192039966583,0.05,-6.782116413116455,,
99750,5.255184173583984,0.05,-6.243452548980713,,
99800,1.1570838689804077,0.05,-6.401304244995117,,
99850,2.630833864212036,0.05,-7.3987040519714355,,
99900,4.532458782196045,0.05,-6.824203968048096,,
99950,6.927713394165039,0.05,-8.129204750061035,,
100000,4.010470867156982,0.05,-7.86475133895874,-1.04030145567028,48.53333333333333
100050,10.108992576599121,0.05,-8.681127548217773,,
100100,4.496039390563965,0.05,-6.609495639801025,,
100150,5.625865936279297,0.05,-6.662498474121094,,
100200,0.8439992070198059,0.05,-6.480717182159424,,
100250,10.600972175598145,0.05,-7.429574966430664,,
100300,1.1141494512557983,0.05,-6.477941513061523,,
100350,10.970500946044922,0.05,-7.162266254425049,,
100400,1.898057460784912,0.05,-7.7453460693359375,,
100450,1.9289761781692505,0.05,-7.23676872253418,,
100500,2.374812364578247,0.05,-7.8174896240234375,,
100550,9.260371208190918,0.05,-7.296733856201172,,
100600,0.7602218985557556,0.05,-6.782210826873779,,
100650,2.888624429702759,0.05,-7.951690673828125,,
100700,6.761267185211182,0.05,-8.087117195129395,,
100750,3.1292240619659424,0.05,-8.385069847106934,,
100800,8.08936595916748,0.05,-7.143849849700928,,
100850,5.271197319030762,0.05,-7.22241735458374,,
100900,1.2414416074752808,0.05,-6.760531902313232,,
100950,4.951859951019287,0.05,-8.424477577209473,,
101000,0.8172227740287781,0.05,-6.5929341316223145,,
101050,3.7337191104888916,0.05,-6.890316009521484,,
101100,3.5591647624969482,0.05,-7.468204021453857,,
101150,3.0785739421844482,0.05,-7.358096599578857,,
101200,7.14977502822876,0.05,-6.731655120849609,,
101250,1.6798919439315796,0.05,-7.419527053833008,,
101300,3.088238477706909,0.05,-7.602705001831055,,
101350,3.4767448902130127,0.05,-7.1059393882751465,,
101400,3.2623605728149414,0.05,-7.426981449127197,,
101450,5.828718185424805,0.05,-6.754283905029297,,
101500,6.358076572418213,0.05,-6.856133937835693,,
101550,2.4349911212921143,0.05,-7.160130977630615,,
101600,0.7576978802680969,0.05,-7.180202007293701,,
101650,1.4132345914840698,0.05,-6.668418884277344,,
101700,0.7568722367286682,0.05,-6.586307525634766,,
101750,2.0913238525390625,0.05,-7.697715759277344,,
101800,7.388765811920166,0.05,-8.45989990234375,,
101850,1.3144135475158691,0.05,-6.665004730224609,,
101900,1.5245485305786133,0.05,-7.540027141571045,,
101950,2.6410934925079346,0.05,-7.559421062469482,,
102000,1.4930400848388672,0.05,-7.005041122436523,,
102050,5.654325008392334,0.05,-6.64607048034668,,
102100,2.0349323749542236,0.05,-6.847461223602295,,
102150,0.9097259640693665,0.05,-7.382610321044922,,
102200,3.72900390625,0.05,-8.270733833312988,,
102250,1.7418960332870483,0.05,-6.542347431182861,,
102300,4.3966803550720215,0.05,-7.481550216674805,,
102350,5.41631555557251,0.05,-8.362135887145996,,
102400,0.9902492165565491,0.05,-8.388734817504883,,
102450,3.002695322036743,0.05,-6.964809894561768,,
102500,1.058392882347107,0.05,-7.040255069732666,,
102550,0.7698222994804382,0.05,-6.993577480316162,,
102600,1.1221452951431274,0.05,-9.103896141052246,,
102650,3.7595767974853516,0.05,-7.518017292022705,,
102700,0.6098523139953613,0.05,-7.45178747177124,,
102750,0.6691651344299316,0.05,-6.5720744132995605,,
102800,6.150557994842529,0.05,-7.8682990074157715,,
102850,1.1474504470825195,0.05,-7.289531707763672,,
102900,2.3592019081115723,0.05,-8.2743501663208,,
102950,13.55213451385498,0.05,-6.448094844818115,,
103000,4.135467052459717,0.05,-7.764140605926514,,
103050,1.3971067667007446,0.05,-7.303941249847412,,
103100,3.840618848800659,0.05,-7.788044452667236,,
103150,1.4010467529296875,0.05,-7.165788650512695,,
103200,2.059762716293335,0.05,-7.42395544052124,,
103250,6.624574184417725,0.05,-7.635782718658447,,
103300,1.6831082105636597,0.05,-6.638498306274414,,
103350,0.3493320643901825,0.05,-7.0945353507995605,,
103400,1.3157418966293335,0.05,-8.046769142150879,,
103450,4.227869987487793,0.05,-7.831605434417725,,
103500,2.2507193088531494,0.05,-7.72120475769043,,
103550,2.292846918106079,0.05,-7.746323108673096,,
103600,0.6256864070892334,0.05,-7.324806213378906,,
103650,3.2808854579925537,0.05,-8.724713325500488,,
103700,1.5895816087722778,0.05,-7.241888046264648,,
103750,6.64593505859375,0.05,-8.577601432800293,,
103800,0.27133697271347046,0.05,-7.613441467285156,,
103850,6.452120304107666,0.05,-7.929157733917236,,
103900,8.664340019226074,0.05,-7.551612854003906,,
103950,7.4777350425720215,0.05,-8.249184608459473,,
104000,4.102527141571045,0.05,-6.934916973114014,,
104050,2.13647198677063,0.05,-7.7453484535217285,,
104100,4.534294605255127,0.05,-7.218569278717041,,
104150,0.9379741549491882,0.05,-6.302319049835205,,
104200,1.328191876411438,0.05,-7.01710319519043,,
104250,1.0202287435531616,0.05,-8.480924606323242,,
104300,1.0084658861160278,0.05,-6.925739765167236,,
104350,9.320563316345215,0.05,-7.351644992828369,,
104400,4.592535495758057,0.05,-7.616917133331299,,
104450,3.4722506999969482,0.05,-7.196075439453125,,
104500,2.9790866374969482,0.05,-7.1341400146484375,,
104550,0.9886329770088196,0.05,-6.979618072509766,,
104600,1.8354724645614624,0.05,-8.343445777893066,,
104650,1.5312665700912476,0.05,-6.4433770179748535,,
104700,3.9064414501190186,0.05,-7.239466190338135,,
104750,0.1582750827074051,0.05,-6.064373016357422,,
104800,1.88729989528656,0.05,-7.83669900894165,,
104850,2.346487045288086,0.05,-7.3339104652404785,,
104900,4.749755859375,0.05,-8.185379981994629,,
104950,6.194619655609131,0.05,-7.982015609741211,,
105000,1.7985376119613647,0.05,-6.571561813354492,,
105050,2.3103785514831543,0.05,-7.774572372436523,,
105100,4.459234714508057,0.05,-7.231509685516357,,
105150,1.5608810186386108,0.05,-7.514383792877197,,
105200,6.912240505218506,0.05,-8.595532417297363,,
105250,7.69635009765625,0.05,-8.01395320892334,,
105300,4.1071295738220215,0.05,-6.670141696929932,,
105350,0.7911838889122009,0.05,-6.913135051727295,,
105400,3.108536720275879,0.05,-8.020438194274902,,
105450,1.4347127676010132,0.05,-7.192592620849609,,
105500,6.619682788848877,0.05,-7.073917388916016,,
105550,5.70409631729126,0.05,-7.431888103485107,,
105600,9.049805641174316,0.05,-8.209405899047852,,
105650,3.7398345470428467,0.05,-7.1933979988098145,,
105700,3.1122939586639404,0.05,-7.902699947357178,,
105750,3.299025774002075,0.05,-7.086348056793213,,
105800,4.178323268890381,0.05,-7.410911560058594,,
105850,0.9216947555541992,0.05,-7.732476711273193,,
105900,5.426756381988525,0.05,-6.9244561195373535,,
105950,2.2343862056732178,0.05,-7.342688083648682,,
106000,0.4602818787097931,0.05,-8.946633338928223,,
106050,2.01019549369812,0.05,-7.500439167022705,,
106100,0.935075581073761,0.05,-6.330056667327881,,
106150,1.178066372871399,0.05,-6.679087162017822,,
106200,4.7835774421691895,0.05,-7.854423999786377,,
106250,8.087385177612305,0.05,-7.724161624908447,,
106300,1.4081484079360962,0.05,-9.030155181884766,,
106350,3.9976091384887695,0.05,-7.907766819000244,,
106400,3.722137451171875,0.05,-8.55305004119873,,
106450,0.3442578613758087,0.05,-7.305768966674805,,
106500,3.7602622509002686,0.05,-7.419368743896484,,
106550,0.8722605109214783,0.05,-7.218746185302734,,
106600,1.7923039197921753,0.05,-7.1006035804748535,,
106650,2.8811254501342773,0.05,-7.810968399047852,,
106700,2.003089666366577,0.05,-7.4333930015563965,,
106750,6.09881067276001,0.05,-7.649932861328125,,
106800,1.972793698310852,0.05,-8.397881507873535,,
106850,12.690085411071777,0.05,-8.752134323120117,,
106900,4.093620300292969,0.05,-6.78680944442749,,
106950,3.8047354221343994,0.05,-7.256187915802002,,
107000,1.2815966606140137,0.05,-6.968241214752197,,
107050,1.7043075561523438,0.05,-7.234033107757568,,
107100,3.0061357021331787,0.05,-6.871399402618408,,
107150,0.4400589168071747,0.05,-7.231191158294678,,
107200,4.846700668334961,0.05,-8.90319538116455,,
107250,5.087623119354248,0.05,-6.990502834320068,,
107300,3.1452338695526123,0.05,-7.286207675933838,,
107350,0.5380553603172302,0.05,-6.716186046600342,,
107400,4.017725467681885,0.05,-7.7296600341796875,,
107450,5.347789764404297,0.05,-8.294556617736816,,
107500,1.1520293951034546,0.05,-7.2715888023376465,,
107550,2.5446207523345947,0.05,-8.565848350524902,,
107600,1.3882230520248413,0.05,-8.578869819641113,,
107650,4.27765417098999,0.05,-8.108349800109863,,
107700,2.379578113555908,0.05,-6.870882511138916,,
107750,1.392836570739746,0.05,-6.831579685211182,,
107800,10.017489433288574,0.05,-7.8462347984313965,,
107850,7.020630359649658,0.05,-7.546207904815674,,
107900,3.531766653060913,0.05,-6.467588424682617,,
107950,3.0690290927886963,0.05,-7.6044020652771,,
108000,2.629422903060913,0.05,-7.085142612457275,,
108050,4.212960720062256,0.05,-7.195511341094971,,
108100,0.664728581905365,0.05,-8.022995948791504,,
108150,0.9531057476997375,0.05,-7.756596088409424,,
108200,6.336576461791992,0.05,-7.219326019287109,,
108250,2.6640727519989014,0.05,-6.70280122756958,,
108300,2.0693252086639404,0.05,-6.732675075531006,,
108350,7.263389587402344,0.05,-8.78606128692627,,
108400,3.2530453205108643,0.05,-9.00750732421875,,
108450,6.328347682952881,0.05,-7.321434020996094,,
108500,1.8556994199752808,0.05,-8.336453437805176,,
108550,1.6016446352005005,0.05,-8.150157928466797,,
108600,1.747076153755188,0.05,-7.34406042098999,,
108650,2.2714145183563232,0.05,-8.832910537719727,,
108700,1.8249187469482422,0.05,-7.12866735458374,,
108750,9.34581470489502,0.05,-6.797627925872803,,
108800,8.129144668579102,0.05,-8.093116760253906,,
108850,1.6190322637557983,0.05,-6.866365432739258,,
108900,3.8401057720184326,0.05,-7.187349796295166,,
108950,0.9456200003623962,0.05,-7.762240886688232,,
109000,0.6843628883361816,0.05,-7.833511829376221,,
109050,1.6483564376831055,0.05,-7.743092060089111,,
109100,0.6575526595115662,0.05,-6.924864292144775,,
109150,2.5984466075897217,0.05,-7.322532653808594,,
109200,1.7888020277023315,0.05,-7.544508457183838,,
109250,3.2530267238616943,0.05,-6.170576572418213,,
109300,2.3353822231292725,0.05,-8.824569702148438,,
109350,4.150205612182617,0.05,-7.009607791900635,,
109400,0.5596414804458618,0.05,-7.439035892486572,,
109450,3.3435990810394287,0.05,-7.494693756103516,,
109500,3.2851593494415283,0.05,-7.065853118896484,,
109550,1.18929123878479,0.05,-6.548149108886719,,
109600,1.8385003805160522,0.05,-7.034818172454834,,
109650,3.070293426513672,0.05,-7.663980484008789,,
109700,1.2790172100067139,0.05,-7.175025939941406,,
109750,0.30663684010505676,0.05,-7.493562698364258,,
109800,0.5320512652397156,0.05,-6.712826251983643,,
109850,0.7483846545219421,0.05,-7.218940734863281,,
109900,1.512985348701477,0.05,-7.417321681976318,,
109950,15.95232105255127,0.05,-9.288470268249512,,
110000,1.3823962211608887,0.05,-8.305133819580078,,
110050,1.404457688331604,0.05,-7.026193141937256,,
110100,13.938800811767578,0.05,-7.878720760345459,,
110150,9.927618980407715,0.05,-6.382595539093018,,
110200,8.02350902557373,0.05,-7.093799114227295,,
110250,2.4934463500976562,0.05,-7.157402515411377,,
110300,3.290990114212036,0.05,-6.575014591217041,,
110350,6.501498699188232,0.05,-8.048188209533691,,
110400,1.538273811340332,0.05,-7.023885250091553,,
110450,1.7596174478530884,0.05,-8.270193099975586,,
110500,0.8861373066902161,0.05,-7.414191722869873,,
110550,4.434370517730713,0.05,-8.421465873718262,,
110600,2.1146976947784424,0.05,-7.776453018188477,,
110650,3.984208345413208,0.05,-7.741325855255127,,
110700,2.8213489055633545,0.05,-6.771560192108154,,
110750,2.5989081859588623,0.05,-8.177162170410156,,
110800,3.9791576862335205,0.05,-7.2043070793151855,,
110850,3.026674270629883,0.05,-7.139131546020508,,
110900,0.7140738368034363,0.05,-6.52808141708374,,
110950,4.572741508483887,0.05,-7.826717376708984,,
111000,4.208200454711914,0.05,-8.438151359558105,,
111050,4.918376445770264,0.05,-8.244368553161621,,
111100,2.5024352073669434,0.05,-7.763041973114014,,
111150,6.617027759552002,0.05,-7.4530930519104,,
111200,1.0393706560134888,0.05,-6.909874439239502,,
111250,2.8808212280273438,0.05,-6.3159918785095215,,
111300,2.6983582973480225,0.05,-7.283319473266602,,
111350,5.245092868804932,0.05,-7.637918472290039,,
111400,9.229669570922852,0.05,-8.730738639831543,,
111450,5.399857044219971,0.05,-7.9028401374816895,,
111500,5.939215183258057,0.05,-6.942910671234131,,
111550,2.116164207458496,0.05,-6.827873229980469,,
111600,9.909401893615723,0.05,-7.080356121063232,,
111650,2.5024642944335938,0.05,-6.499108791351318,,
111700,3.953497886657715,0.05,-6.872094631195068,,
111750,1.8376026153564453,0.05,-7.95636510848999,,
111800,2.97463321685791,0.05,-8.1720609664917,,
111850,4.291394233703613,0.05,-6.785314559936523,,
111900,2.4187376499176025,0.05,-7.035653591156006,,
111950,1.395943284034729,0.05,-7.149498462677002,,
112000,8.658203125,0.05,-8.313929557800293,,
112050,1.3313467502593994,0.05,-6.9706549644470215,,
112100,2.9049127101898193,0.05,-6.379848003387451,,
112150,0.907585620880127,0.05,-6.93182897567749,,
112200,2.4529225826263428,0.05,-8.13259506225586,,
112250,6.0516228675842285,0.05,-7.208896636962891,,
112300,8.501459121704102,0.05,-7.287023067474365,,
112350,1.0918974876403809,0.05,-6.499483585357666,,
112400,2.5106124877929688,0.05,-6.702216625213623,,
112450,1.481015682220459,0.05,-6.75874662399292,,
112500,0.7312602400779724,0.05,-6.469719409942627,,
112550,4.657230854034424,0.05,-7.600238800048828,,
112600,1.7127822637557983,0.05,-7.298257350921631,,
112650,1.97813880443573,0.05,-7.39868688583374,,
112700,1.6554059982299805,0.05,-7.035640239715576,,
112750,2.9049453735351562,0.05,-6.533367156982422,,
112800,1.9828623533248901,0.05,-6.925023555755615,,
112850,7.471573352813721,0.05,-8.954900741577148,,
112900,0.6995200514793396,0.05,-6.67823600769043,,
112950,4.501927852630615,0.05,-7.182733535766602,,
113000,3.7317721843719482,0.05,-6.932283401489258,,
113050,3.5675973892211914,0.05,-6.54374885559082,,
113100,1.3641859292984009,0.05,-5.355541229248047,,
113150,2.0751326084136963,0.05,-7.509375095367432,,
113200,7.583215236663818,0.05,-7.577449798583984,,
113250,1.083373785018921,0.05,-6.868584156036377,,
113300,0.5800896883010864,0.05,-7.409984588623047,,
113350,4.850002765655518,0.05,-7.398538589477539,,
113400,2.0717549324035645,0.05,-6.672235012054443,,
113450,1.072291612625122,0.05,-6.767117023468018,,
113500,3.410756826400757,0.05,-7.4896416664123535,,
113550,0.8743014335632324,0.05,-6.604497909545898,,
113600,3.5296003818511963,0.05,-7.811502456665039,,
113650,1.6539158821105957,0.05,-7.039613246917725,,
113700,4.696828365325928,0.05,-6.297218322753906,,
113750,3.434945821762085,0.05,-7.587876796722412,,
113800,2.508657455444336,0.05,-7.257230281829834,,
113850,2.305769681930542,0.05,-6.1706085205078125,,
113900,2.0390138626098633,0.05,-7.947177886962891,,
113950,2.0334339141845703,0.05,-7.021163463592529,,
114000,0.18050789833068848,0.05,-7.584997177124023,,
114050,1.784207820892334,0.05,-7.047845840454102,,
114100,4.212425231933594,0.05,-6.6414618492126465,,
114150,1.3376916646957397,0.05,-7.215152740478516,,
114200,1.4138273000717163,0.05,-6.335023880004883,,
114250,0.6278655529022217,0.05,-6.732508182525635,,
114300,2.7456300258636475,0.05,-6.284087657928467,,
114350,2.2138102054595947,0.05,-8.130495071411133,,
114400,1.3763607740402222,0.05,-8.060826301574707,,
114450,7.218425750732422,0.05,-6.647919178009033,,
114500,0.7674545645713806,0.05,-7.056761264801025,,
114550,2.111304521560669,0.05,-6.55990743637085,,
114600,1.2244369983673096,0.05,-7.4435038566589355,,
114650,3.7499351501464844,0.05,-7.117822170257568,,
114700,0.7584404945373535,0.05,-6.463326930999756,,
114750,4.041460990905762,0.05,-6.611880779266357,,
114800,6.060457706451416,0.05,-6.239105224609375,,
114850,5.465808868408203,0.05,-7.531883239746094,,
114900,1.7590579986572266,0.05,-6.743664264678955,,
114950,1.4264224767684937,0.05,-8.364501953125,,
115000,4.69303560256958,0.05,-8.424323081970215,,
115050,0.5234852433204651,0.05,-7.2205491065979,,
115100,6.295696258544922,0.05,-7.574617385864258,,
115150,2.849843978881836,0.05,-7.699791431427002,,
115200,4.680187702178955,0.05,-7.175657272338867,,
115250,9.419594764709473,0.05,-8.056565284729004,,
115300,0.7847750782966614,0.05,-8.033313751220703,,
115350,6.023274898529053,0.05,-7.33516263961792,,
115400,1.0441532135009766,0.05,-6.590585231781006,,
115450,0.7052273750305176,0.05,-8.28842830657959,,
115500,3.2369449138641357,0.05,-6.849470615386963,,
115550,3.9609668254852295,0.05,-7.7717719078063965,,
115600,1.1270886659622192,0.05,-8.417312622070312,,
115650,5.701182842254639,0.05,-7.545186519622803,,
115700,4.921870708465576,0.05,-7.547775745391846,,
115750,0.37219342589378357,0.05,-6.734197616577148,,
115800,2.29229736328125,0.05,-7.627622127532959,,
115850,1.4051923751831055,0.05,-8.217463493347168,,
115900,1.7821353673934937,0.05,-7.500447750091553,,
115950,3.9933385848999023,0.05,-7.295099258422852,,
116000,1.4249264001846313,0.05,-7.192842960357666,,
116050,7.040282726287842,0.05,-8.214583396911621,,
116100,1.2653254270553589,0.05,-7.038181781768799,,
116150,5.808192729949951,0.05,-7.181268692016602,,
116200,5.019842624664307,0.05,-6.586345672607422,,
116250,5.076052188873291,0.05,-8.16879940032959,,
116300,6.180271148681641,0.05,-7.400505542755127,,
116350,4.536505699157715,0.05,-7.27883768081665,,
116400,0.8353224396705627,0.05,-7.8752007484436035,,
116450,2.965031862258911,0.05,-7.2944254875183105,,
116500,0.6559848785400391,0.05,-7.40186071395874,,
116550,4.959453105926514,0.05,-6.743549346923828,,
116600,0.7192838788032532,0.05,-7.652872562408447,,
116650,3.97451114654541,0.05,-8.192183494567871,,
116700,1.0729478597640991,0.05,-8.238389015197754,,
116750,6.782342433929443,0.05,-7.422630786895752,,
116800,2.038295030593872,0.05,-8.00102710723877,,
116850,2.9981014728546143,0.05,-8.230072975158691,,
116900,4.488025665283203,0.05,-7.7382025718688965,,
116950,1.5816129446029663,0.05,-8.389691352844238,,
117000,0.4121023118495941,0.05,-7.709312915802002,,
117050,0.21623463928699493,0.05,-6.929016590118408,,
117100,0.32188546657562256,0.05,-7.447734355926514,,
117150,3.932270050048828,0.05,-8.033271789550781,,
117200,1.6391414403915405,0.05,-7.423901081085205,,
117250,7.652474880218506,0.05,-8.001458168029785,,
117300,0.2136145979166031,0.05,-6.706705093383789,,
117350,1.0750473737716675,0.05,-6.190243244171143,,
117400,0.9366329312324524,0.05,-8.747698783874512,,
117450,5.027036666870117,0.05,-7.071994781494141,,
117500,3.096165657043457,0.05,-7.432492733001709,,
117550,2.7690351009368896,0.05,-8.176502227783203,,
117600,2.003577470779419,0.05,-8.148036003112793,,
117650,5.047038555145264,0.05,-6.8105549812316895,,
117700,8.798830032348633,0.05,-6.676323413848877,,
117750,1.030094027519226,0.05,-7.4486083984375,,
117800,2.004913091659546,0.05,-8.40085506439209,,
117850,2.7093403339385986,0.05,-7.190680027008057,,
117900,5.870479583740234,0.05,-7.227991580963135,,
117950,0.8087014555931091,0.05,-8.1884126663208,,
118000,0.39824986457824707,0.05,-7.030688762664795,,
118050,5.4597249031066895,0.05,-8.021275520324707,,
118100,2.9278571605682373,0.05,-7.084874629974365,,
118150,8.304763793945312,0.05,-7.46327018737793,,
118200,4.506374359130859,0.05,-6.5395426750183105,,
118250,0.8631755709648132,0.05,-7.16846227645874,,
118300,1.2646750211715698,0.05,-7.788001537322998,,
118350,4.968382358551025,0.05,-7.270380020141602,,
118400,1.9751583337783813,0.05,-7.023111343383789,,
118450,4.645181179046631,0.05,-7.500850677490234,,
118500,4.062637805938721,0.05,-6.686524868011475,,
118550,1.12104070186615,0.05,-8.183932304382324,,
118600,2.9431283473968506,0.05,-6.884684085845947,,
118650,2.7165985107421875,0.05,-7.876564025878906,,
118700,1.1721168756484985,0.05,-7.220462799072266,,
118750,2.1877853870391846,0.05,-7.34437894821167,,
118800,1.1743241548538208,0.05,-7.383626937866211,,
118850,0.9272167086601257,0.05,-7.572266101837158,,
118900,3.3179681301116943,0.05,-7.745808124542236,,
118950,2.6074576377868652,0.05,-6.976535797119141,,
119000,2.874361038208008,0.05,-8.4293851852417,,
119050,7.8588995933532715,0.05,-6.888203144073486,,
119100,6.852297306060791,0.05,-7.788182735443115,,
119150,3.5126259326934814,0.05,-6.574070453643799,,
119200,7.541152477264404,0.05,-7.314195156097412,,
119250,9.466351509094238,0.05,-8.088628768920898,,
119300,2.3579444885253906,0.05,-6.749842166900635,,
119350,0.21898086369037628,0.05,-6.6825175285339355,,
119400,1.3921557664871216,0.05,-7.899255275726318,,
119450,0.8714864253997803,0.05,-7.91312837600708,,
119500,3.64180850982666,0.05,-7.218411922454834,,
119550,3.1348392963409424,0.05,-6.909976482391357,,
119600,8.029620170593262,0.05,-7.599915981292725,,
119650,5.631749629974365,0.05,-6.6615729331970215,,
119700,3.738492250442505,0.05,-8.530415534973145,,
119750,2.4722650051116943,0.05,-7.7909393310546875,,
119800,2.2710888385772705,0.05,-7.337116241455078,,
119850,6.194613933563232,0.05,-8.005460739135742,,
119900,1.0748212337493896,0.05,-7.395957946777344,,
119950,0.9524350762367249,0.05,-8.38489818572998,,
120000,2.475822687149048,0.05,-7.0874762535095215,,
120050,1.9689494371414185,0.05,-7.771475315093994,,
120100,2.0762100219726562,0.05,-6.066519260406494,,
120150,2.449294090270996,0.05,-6.994265079498291,,
120200,2.7678425312042236,0.05,-7.101369857788086,,
120250,0.7299917340278625,0.05,-6.789261341094971,,
120300,2.4161479473114014,0.05,-6.9881110191345215,,
120350,3.8802120685577393,0.05,-8.586211204528809,,
120400,2.4677987098693848,0.05,-8.448420524597168,,
120450,5.270999908447266,0.05,-6.740845203399658,,
120500,0.6840525269508362,0.05,-6.718297481536865,,
120550,3.1124074459075928,0.05,-8.61938762664795,,
120600,1.2076078653335571,0.05,-7.0160651206970215,,
120650,2.7371504306793213,0.05,-7.209129333496094,,
120700,1.752954363822937,0.05,-6.222318172454834,,
120750,5.568086624145508,0.05,-7.793548583984375,,
120800,0.44906890392303467,0.05,-8.1548490524292,,
120850,6.167700290679932,0.05,-8.251839637756348,,
120900,3.175004720687866,0.05,-7.771549224853516,,
120950,3.1497108936309814,0.05,-7.3598761558532715,,
121000,8.920384407043457,0.05,-8.02749252319336,,
121050,3.665740966796875,0.05,-6.956378936767578,,
121100,3.3522207736968994,0.05,-7.8901190757751465,,
121150,1.4178043603897095,0.05,-7.930052280426025,,
121200,0.7674221396446228,0.05,-7.2065300941467285,,
121250,2.980255126953125,0.05,-7.196008682250977,,
121300,4.588233947753906,0.05,-7.626834392547607,,
121350,3.7342369556427,0.05,-7.073400020599365,,
121400,3.0218687057495117,0.05,-8.25316333770752,,
121450,3.2687625885009766,0.05,-7.154172897338867,,
121500,4.9392571449279785,0.05,-7.075963973999023,,
121550,5.74444580078125,0.05,-8.36233139038086,,
121600,2.440244436264038,0.05,-8.5365571975708,,
121650,0.8965146541595459,0.05,-8.087759971618652,,
121700,2.2766740322113037,0.05,-7.1368255615234375,,
121750,2.5729167461395264,0.05,-7.566883563995361,,
121800,2.8324079513549805,0.05,-6.045877933502197,,
121850,1.7525588274002075,0.05,-7.19054651260376,,
121900,0.6690251231193542,0.05,-7.967721462249756,,
121950,2.8170347213745117,0.05,-7.490296840667725,,
122000,1.1361958980560303,0.05,-7.6001434326171875,,
122050,2.270949363708496,0.05,-7.917640686035156,,
122100,2.1281039714813232,0.05,-7.2153096199035645,,
122150,3.047811269760132,0.05,-7.806171894073486,,
122200,4.053619861602783,0.05,-7.409753322601318,,
122250,2.5866501331329346,0.05,-6.77033805847168,,
122300,0.5207790732383728,0.05,-7.719418048858643,,
122350,6.748929500579834,0.05,-7.5492730140686035,,
122400,1.7881230115890503,0.05,-7.182289123535156,,
122450,6.876399517059326,0.05,-8.949085235595703,,
122500,8.036198616027832,0.05,-7.506737232208252,,
122550,5.537906169891357,0.05,-6.377962589263916,,
122600,5.565857410430908,0.05,-7.8627095222473145,,
122650,9.72266674041748,0.05,-7.563729763031006,,
122700,4.449819087982178,0.05,-7.406768321990967,,
122750,0.9280803203582764,0.05,-7.766475677490234,,
122800,1.249603271484375,0.05,-8.468111991882324,,
122850,1.8607640266418457,0.05,-8.475809097290039,,
122900,3.1059701442718506,0.05,-8.18839168548584,,
122950,2.8074934482574463,0.05,-8.205613136291504,,
123000,6.013932704925537,0.05,-7.565811634063721,,
123050,5.096776485443115,0.05,-7.170835018157959,,
123100,3.8093245029449463,0.05,-8.54250431060791,,
123150,0.9030756950378418,0.05,-7.225450038909912,,
123200,2.645329475402832,0.05,-7.462310314178467,,
123250,4.120299816131592,0.05,-7.399234771728516,,
123300,4.687893390655518,0.05,-8.379096984863281,,
123350,8.153949737548828,0.05,-7.947902679443359,,
123400,0.9705571532249451,0.05,-7.954926013946533,,
123450,1.1953238248825073,0.05,-7.143713474273682,,
123500,1.635268211364746,0.05,-7.458778381347656,,
123550,2.6933982372283936,0.05,-7.9770660400390625,,
123600,4.0307512283325195,0.05,-8.244847297668457,,
123650,0.8891058564186096,0.05,-7.802722454071045,,
123700,3.8736793994903564,0.05,-6.772943496704102,,
123750,9.361286163330078,0.05,-7.396280765533447,,
123800,0.7891345620155334,0.05,-7.361614227294922,,
123850,3.3910934925079346,0.05,-9.173980712890625,,
123900,5.857410907745361,0.05,-8.71788501739502,,
123950,4.17445707321167,0.05,-7.567506790161133,,
124000,2.730851411819458,0.05,-7.072971820831299,,
124050,1.6017837524414062,0.05,-7.989241123199463,,
124100,0.6565632224082947,0.05,-7.198616027832031,,
124150,2.3003406524658203,0.05,-7.435001850128174,,
124200,1.7892557382583618,0.05,-7.434553146362305,,
124250,0.9281578063964844,0.05,-7.8071136474609375,,
124300,3.991920232772827,0.05,-6.815562725067139,,
124350,0.9704161286354065,0.05,-7.379796504974365,,
124400,4.108887195587158,0.05,-7.58901834487915,,
124450,7.098987579345703,0.05,-7.7650837898254395,,
124500,3.1504828929901123,0.05,-7.86839485168457,,
124550,1.058233618736267,0.05,-7.382687091827393,,
124600,4.1723809242248535,0.05,-8.03718376159668,,
124650,2.5985567569732666,0.05,-7.866048336029053,,
124700,3.014270067214966,0.05,-7.880073547363281,,
124750,1.5756782293319702,0.05,-7.689516544342041,,
124800,2.190845251083374,0.05,-7.67561149597168,,
124850,1.1139644384384155,0.05,-8.049426078796387,,
124900,0.6542117595672607,0.05,-7.362075328826904,,
124950,3.4015350341796875,0.05,-7.799623012542725,,
125000,0.4279991090297699,0.05,-8.70516300201416,-1.2662631405334441,52.26666666666666
125050,3.3712263107299805,0.05,-7.576345920562744,,
125100,1.5498989820480347,0.05,-8.736936569213867,,
125150,1.3480114936828613,0.05,-8.509041786193848,,
125200,1.9912837743759155,0.05,-7.228055477142334,,
125250,3.905198097229004,0.05,-7.0810322761535645,,
125300,4.6133856773376465,0.05,-7.351240158081055,,
125350,8.117125511169434,0.05,-8.514304161071777,,
125400,3.11234188079834,0.05,-6.95733118057251,,
125450,1.3190284967422485,0.05,-8.094058990478516,,
125500,1.4818681478500366,0.05,-8.669109344482422,,
125550,3.617304563522339,0.05,-7.725666046142578,,
125600,0.8782547116279602,0.05,-8.478705406188965,,
125650,5.70227575302124,0.05,-8.445320129394531,,
125700,4.5219292640686035,0.05,-8.3702974319458,,
125750,1.8822402954101562,0.05,-7.691954135894775,,
125800,2.279219388961792,0.05,-7.734385013580322,,
125850,5.609401226043701,0.05,-8.467636108398438,,
125900,3.4898083209991455,0.05,-8.791121482849121,,
125950,0.7530673146247864,0.05,-8.507050514221191,,
126000,7.598500728607178,0.05,-7.4517951011657715,,
126050,2.5242605209350586,0.05,-8.778892517089844,,
126100,3.483182907104492,0.05,-8.650421142578125,,
126150,2.540170431137085,0.05,-8.230855941772461,,
126200,4.020140171051025,0.05,-8.445891380310059,,
126250,4.614637851715088,0.05,-8.586050987243652,,
126300,13.919463157653809,0.05,-7.561992645263672,,
126350,0.3211246430873871,0.05,-7.595651626586914,,
126400,3.351511001586914,0.05,-8.615344047546387,,
126450,2.134920358657837,0.05,-7.2059645652771,,
126500,1.0506659746170044,0.05,-7.8756256103515625,,
126550,1.699926733970642,0.05,-8.823415756225586,,
126600,4.982978820800781,0.05,-7.061103820800781,,
126650,4.578479290008545,0.05,-8.287867546081543,,
126700,1.1272157430648804,0.05,-7.261040210723877,,
126750,4.73947811126709,0.05,-7.723033905029297,,
126800,0.7268875241279602,0.05,-6.817127227783203,,
126850,2.22519850730896,0.05,-7.9268670082092285,,
126900,1.9229644536972046,0.05,-7.899492263793945,,
126950,0.7046926617622375,0.05,-9.290872573852539,,
127000,9.942574501037598,0.05,-8.583756446838379,,
127050,2.954324960708618,0.05,-8.31533145904541,,
127100,4.714341640472412,0.05,-8.688735008239746,,
127150,1.2269898653030396,0.05,-6.778304576873779,,
127200,4.398244380950928,0.05,-8.240537643432617,,
127250,1.5405553579330444,0.05,-9.406767845153809,,
127300,5.808477878570557,0.05,-7.44774055480957,,
127350,2.670055389404297,0.05,-9.326380729675293,,
127400,1.8921743631362915,0.05,-7.18363618850708,,
127450,5.654890537261963,0.05,-7.274480819702148,,
127500,1.070718765258789,0.05,-7.710545063018799,,
127550,0.3391335904598236,0.05,-7.439319133758545,,
127600,5.292912483215332,0.05,-7.596607685089111,,
127650,3.0644924640655518,0.05,-8.830666542053223,,
127700,7.219069957733154,0.05,-7.313819408416748,,
127750,6.485599517822266,0.05,-8.482588768005371,,
127800,1.338849663734436,0.05,-6.94090461730957,,
127850,5.013115882873535,0.05,-7.6842732429504395,,
127900,10.81106185913086,0.05,-7.51983118057251,,
127950,3.670888900756836,0.05,-7.140828609466553,,
128000,4.398937702178955,0.05,-7.893416881561279,,
128050,2.4453012943267822,0.05,-8.523118019104004,,
128100,2.558528184890747,0.05,-7.354659557342529,,
128150,5.756982803344727,0.05,-7.717239856719971,,
128200,1.7585166692733765,0.05,-9.452147483825684,,
128250,1.482639193534851,0.05,-7.731662273406982,,
128300,0.30410316586494446,0.05,-8.515047073364258,,
128350,1.0125409364700317,0.05,-8.025279998779297,,
128400,1.5491594076156616,0.05,-8.920395851135254,,
128450,2.6969869136810303,0.05,-7.872868061065674,,
128500,2.3314878940582275,0.05,-7.157614231109619,,
128550,3.2633094787597656,0.05,-9.318236351013184,,
128600,3.7069358825683594,0.05,-7.689321041107178,,
128650,8.788307189941406,0.05,-6.92352819442749,,
128700,4.76647424697876,0.05,-9.278534889221191,,
128750,3.1396000385284424,0.05,-7.154317378997803,,
128800,2.1175248622894287,0.05,-7.117216110229492,,
128850,9.742674827575684,0.05,-7.186763286590576,,
128900,5.4134039878845215,0.05,-8.269588470458984,,
128950,7.014306545257568,0.05,-7.679534912109375,,
129000,5.000072002410889,0.05,-6.88661003112793,,
129050,8.082204818725586,0.05,-6.858730792999268,,
129100,5.5036749839782715,0.05,-7.626285076141357,,
129150,1.5218232870101929,0.05,-7.560122013092041,,
129200,1.8928842544555664,0.05,-6.551414966583252,,
129250,1.0611978769302368,0.05,-8.739060401916504,,
129300,4.991650104522705,0.05,-7.544046878814697,,
129350,2.5622897148132324,0.05,-7.545915126800537,,
129400,0.8139352798461914,0.05,-7.266879558563232,,
129450,4.683969974517822,0.05,-8.383286476135254,,
129500,1.4382842779159546,0.05,-7.908318996429443,,
129550,4.431029796600342,0.05,-8.068501472473145,,
129600,0.29135340452194214,0.05,-6.516820430755615,,
129650,1.3318912982940674,0.05,-7.254029750823975,,
129700,1.7672990560531616,0.05,-8.415009498596191,,
129750,4.487986087799072,0.05,-7.960318088531494,,
129800,3.6147959232330322,0.05,-8.055745124816895,,
129850,6.470739364624023,0.05,-6.793801784515381,,
129900,2.6069066524505615,0.05,-7.216104030609131,,
129950,1.280574917793274,0.05,-6.682577133178711,,
130000,1.7537065744400024,0.05,-8.095512390136719,,
130050,2.729388475418091,0.05,-8.012484550476074,,
130100,8.380293846130371,0.05,-8.769610404968262,,
130150,3.4069764614105225,0.05,-8.300572395324707,,
130200,4.024747371673584,0.05,-8.495436668395996,,
130250,3.013103723526001,0.05,-8.709343910217285,,
130300,9.17067813873291,0.05,-8.015169143676758,,
130350,3.981605291366577,0.05,-7.976682662963867,,
130400,9.445230484008789,0.05,-8.189591407775879,,
130450,3.4804494380950928,0.05,-8.051213264465332,,
130500,1.5366095304489136,0.05,-8.072196006774902,,
130550,2.7108967304229736,0.05,-7.742238521575928,,
130600,1.4153738021850586,0.05,-8.4325532913208,,
130650,8.061999320983887,0.05,-7.946661472320557,,
130700,4.062295913696289,0.05,-6.893611907958984,,
130750,2.5221805572509766,0.05,-9.033777236938477,,
130800,3.8276567459106445,0.05,-8.31773567199707,,
130850,6.336641311645508,0.05,-7.415151596069336,,
130900,5.545472621917725,0.05,-7.207536697387695,,
130950,8.5523099899292,0.05,-7.299021244049072,,
131000,3.344825029373169,0.05,-7.676238536834717,,
131050,4.197242259979248,0.05,-8.339190483093262,,
131100,1.0018738508224487,0.05,-7.150919437408447,,
131150,13.180623054504395,0.05,-7.948253631591797,,
131200,1.012911081314087,0.05,-7.43280029296875,,
131250,2.974346160888672,0.05,-8.458255767822266,,
131300,2.876460075378418,0.05,-8.795794486999512,,
131350,3.536257743835449,0.05,-7.257017612457275,,
131400,9.731410026550293,0.05,-7.554941177368164,,
131450,3.4591455459594727,0.05,-8.932560920715332,,
131500,0.5942754149436951,0.05,-7.478663921356201,,
131550,0.815906822681427,0.05,-7.7895636558532715,,
131600,2.2230427265167236,0.05,-7.204242706298828,,
131650,6.26345682144165,0.05,-7.478107929229736,,
131700,0.9316088557243347,0.05,-7.499997615814209,,
131750,4.206641674041748,0.05,-8.150945663452148,,
131800,6.589727401733398,0.05,-6.981679439544678,,
131850,4.2528300285339355,0.05,-8.66437816619873,,
131900,1.2734102010726929,0.05,-7.608617305755615,,
131950,2.678889036178589,0.05,-7.7683491706848145,,
132000,2.1145901679992676,0.05,-8.312873840332031,,
132050,0.43828102946281433,0.05,-8.29706859588623,,
132100,8.152255058288574,0.05,-7.883812427520752,,
132150,1.5828380584716797,0.05,-7.834240436553955,,
132200,5.571644306182861,0.05,-8.997862815856934,,
132250,1.3075594902038574,0.05,-7.116547107696533,,
132300,7.085732936859131,0.05,-8.50457763671875,,
132350,7.880296230316162,0.05,-9.0010347366333,,
132400,0.975020706653595,0.05,-7.012094497680664,,
132450,2.3853557109832764,0.05,-7.454105377197266,,
132500,3.378638505935669,0.05,-8.840104103088379,,
132550,4.524240493774414,0.05,-8.56650161743164,,
132600,2.5921847820281982,0.05,-7.09487771987915,,
132650,6.275844097137451,0.05,-8.45295238494873,,
132700,0.12800778448581696,0.05,-7.036205291748047,,
132750,8.889241218566895,0.05,-7.921970844268799,,
132800,1.6877497434616089,0.05,-7.290987014770508,,
132850,2.138949155807495,0.05,-7.419452667236328,,
132900,4.198553085327148,0.05,-8.601532936096191,,
132950,1.6351760625839233,0.05,-8.676722526550293,,
133000,2.9686038494110107,0.05,-8.701153755187988,,
133050,5.06373929977417,0.05,-8.320221900939941,,
133100,1.0398540496826172,0.05,-8.290010452270508,,
133150,3.5704705715179443,0.05,-8.900059700012207,,
133200,3.6727473735809326,0.05,-8.327340126037598,,
133250,3.5352516174316406,0.05,-7.649755001068115,,
133300,3.3690807819366455,0.05,-7.71771240234375,,
133350,1.308106780052185,0.05,-6.5103607177734375,,
133400,3.0075740814208984,0.05,-6.634571075439453,,
133450,0.1475132703781128,0.05,-7.144336700439453,,
133500,1.3593573570251465,0.05,-7.177141189575195,,
133550,0.678575336933136,0.05,-7.114207744598389,,
133600,3.5582351684570312,0.05,-6.972805500030518,,
133650,0.9313362240791321,0.05,-7.529314041137695,,
133700,0.3351259231567383,0.05,-7.250694751739502,,
133750,3.746337652206421,0.05,-8.126368522644043,,
133800,3.832514524459839,0.05,-7.083351135253906,,
133850,2.934844732284546,0.05,-6.79101037979126,,
133900,7.483543395996094,0.05,-9.506697654724121,,
133950,1.9620453119277954,0.05,-6.7408223152160645,,
134000,0.44420161843299866,0.05,-8.2471342086792,,
134050,3.4548966884613037,0.05,-7.154882907867432,,
134100,0.36744382977485657,0.05,-6.520788192749023,,
134150,2.9918372631073,0.05,-8.853527069091797,,
134200,0.8133864402770996,0.05,-6.913764476776123,,
134250,1.3016223907470703,0.05,-7.427980899810791,,
134300,2.591032028198242,0.05,-7.534745693206787,,
134350,0.5083651542663574,0.05,-7.5295281410217285,,
134400,2.595837354660034,0.05,-6.491567611694336,,
134450,1.987151026725769,0.05,-7.377809047698975,,
134500,3.235262870788574,0.05,-8.158193588256836,,
134550,4.320943832397461,0.05,-7.005180358886719,,
134600,0.47140204906463623,0.05,-7.2174248695373535,,
134650,0.8869624137878418,0.05,-8.285496711730957,,
134700,5.629547595977783,0.05,-7.604821681976318,,
134750,2.152317762374878,0.05,-8.257353782653809,,
134800,5.181842803955078,0.05,-7.171387195587158,,
134850,3.2064287662506104,0.05,-8.48500919342041,,
134900,4.204824924468994,0.05,-7.410477161407471,,
134950,5.9246392250061035,0.05,-7.819525241851807,,
135000,0.523398220539093,0.05,-6.630744457244873,,
135050,2.8879730701446533,0.05,-8.359686851501465,,
135100,1.5455726385116577,0.05,-6.999173641204834,,
135150,5.410196781158447,0.05,-7.860832691192627,,
135200,5.011489391326904,0.05,-8.172444343566895,,
135250,0.26679885387420654,0.05,-7.185709476470947,,
135300,5.650694370269775,0.05,-7.799527645111084,,
135350,1.2358497381210327,0.05,-8.225550651550293,,
135400,3.1379318237304688,0.05,-7.161880970001221,,
135450,3.114914655685425,0.05,-8.072602272033691,,
135500,1.8076032400131226,0.05,-6.978773593902588,,
135550,6.901218414306641,0.05,-7.936354160308838,,
135600,5.875233173370361,0.05,-8.428410530090332,,
135650,5.713744640350342,0.05,-7.392328262329102,,
135700,3.614666223526001,0.05,-6.768380641937256,,
135750,8.592577934265137,0.05,-8.175019264221191,,
135800,2.257263660430908,0.05,-7.8377814292907715,,
135850,4.406623363494873,0.05,-7.052709102630615,,
135900,0.7839107513427734,0.05,-6.529123306274414,,
135950,3.3138809204101562,0.05,-6.565921783447266,,
136000,13.532493591308594,0.05,-9.006760597229004,,
136050,3.4698994159698486,0.05,-8.154528617858887,,
136100,10.87710952758789,0.05,-7.52826452255249,,
136150,9.208775520324707,0.05,-7.811439514160156,,
136200,4.283481121063232,0.05,-8.095499038696289,,
136250,3.7771084308624268,0.05,-7.807178974151611,,
136300,2.4662270545959473,0.05,-7.672800540924072,,
136350,2.844007730484009,0.05,-6.875196933746338,,
136400,11.765162467956543,0.05,-6.676403045654297,,
136450,3.0859477519989014,0.05,-7.450912952423096,,
136500,1.4073491096496582,0.05,-7.204532623291016,,
136550,7.9359564781188965,0.05,-7.555985927581787,,
136600,10.669716835021973,0.05,-7.8218207359313965,,
136650,3.1657698154449463,0.05,-7.1884636878967285,,
136700,2.8443477153778076,0.05,-8.206700325012207,,
136750,2.036830186843872,0.05,-7.445498943328857,,
136800,2.0924899578094482,0.05,-9.012303352355957,,
136850,5.736112117767334,0.05,-8.00240421295166,,
136900,3.2164318561553955,0.05,-7.525684833526611,,
136950,2.560699224472046,0.05,-7.025330066680908,,
137000,3.327775716781616,0.05,-6.993706226348877,,
137050,5.052722454071045,0.05,-8.095836639404297,,
137100,9.65488052368164,0.05,-9.380101203918457,,
137150,2.7476956844329834,0.05,-7.646701812744141,,
137200,2.421168327331543,0.05,-7.546514987945557,,
137250,7.9823150634765625,0.05,-7.690614700317383,,
137300,1.2491813898086548,0.05,-8.58377742767334,,
137350,2.3572869300842285,0.05,-7.050357818603516,,
137400,7.879554271697998,0.05,-8.156389236450195,,
137450,9.152861595153809,0.05,-9.344487190246582,,
137500,5.526034832000732,0.05,-7.6522603034973145,,
137550,4.856761455535889,0.05,-8.035162925720215,,
137600,3.946314811706543,0.05,-7.494668960571289,,
137650,4.065300464630127,0.05,-7.495631694793701,,
137700,1.6081199645996094,0.05,-7.721555233001709,,
137750,1.4266276359558105,0.05,-7.496274471282959,,
137800,1.0295960903167725,0.05,-7.122135639190674,,
137850,3.2972333431243896,0.05,-6.643287181854248,,
137900,5.522053241729736,0.05,-7.417904376983643,,
137950,2.778594732284546,0.05,-7.031346797943115,,
138000,1.8435192108154297,0.05,-7.333811283111572,,
138050,3.347949266433716,0.05,-8.37605094909668,,
138100,1.5654215812683105,0.05,-8.129524230957031,,
138150,4.129639148712158,0.05,-7.500929355621338,,
138200,2.6738595962524414,0.05,-6.954020023345947,,
138250,1.2462515830993652,0.05,-7.5690155029296875,,
138300,2.6096673011779785,0.05,-7.868204593658447,,
138350,0.4589972496032715,0.05,-6.909230709075928,,
138400,0.24768002331256866,0.05,-7.583166122436523,,
138450,1.5854421854019165,0.05,-7.5243449211120605,,
138500,2.558936595916748,0.05,-7.573161602020264,,
138550,3.9810056686401367,0.05,-7.825743198394775,,
138600,2.7143161296844482,0.05,-7.1572041511535645,,
138650,1.832898497581482,0.05,-7.081399440765381,,
138700,1.7738863229751587,0.05,-6.973133087158203,,
138750,2.9159488677978516,0.05,-7.773967742919922,,
138800,0.6316829323768616,0.05,-6.783483982086182,,
138850,3.460620880126953,0.05,-7.798187732696533,,
138900,11.324851036071777,0.05,-8.083779335021973,,
138950,1.3914064168930054,0.05,-7.600271224975586,,
139000,2.4011764526367188,0.05,-7.517679214477539,,
139050,6.716281890869141,0.05,-8.376752853393555,,
139100,7.888881206512451,0.05,-8.177760124206543,,
139150,8.78564167022705,0.05,-9.01977252960205,,
139200,1.4946485757827759,0.05,-6.944681644439697,,
139250,4.789688587188721,0.05,-7.17668342590332,,
139300,0.6971392631530762,0.05,-6.450129985809326,,
139350,0.8859074711799622,0.05,-7.090908527374268,,
139400,0.30724889039993286,0.05,-6.8442063331604,,
139450,3.489955186843872,0.05,-7.469850540161133,,
139500,2.9191720485687256,0.05,-8.538900375366211,,
139550,7.4998698234558105,0.05,-6.985864162445068,,
139600,5.60571813583374,0.05,-6.8646979331970215,,
139650,1.0201557874679565,0.05,-6.8247971534729,,
139700,3.1106374263763428,0.05,-7.607152938842773,,
139750,3.7853457927703857,0.05,-6.44622278213501,,
139800,1.634844422340393,0.05,-8.78975772857666,,
139850,2.2795143127441406,0.05,-7.185486316680908,,
139900,4.3178019523620605,0.05,-8.571392059326172,,
139950,13.912442207336426,0.05,-7.662082195281982,,
140000,1.3866368532180786,0.05,-7.023892879486084,,
140050,13.23917007446289,0.05,-8.65903091430664,,
140100,3.2067480087280273,0.05,-8.250223159790039,,
140150,8.325051307678223,0.05,-7.176464080810547,,
140200,2.156719446182251,0.05,-8.62586498260498,,
140250,1.0258911848068237,0.05,-7.83190393447876,,
140300,8.795794486999512,0.05,-7.824095249176025,,
140350,4.8075852394104,0.05,-8.616561889648438,,
140400,4.686051845550537,0.05,-7.840915679931641,,
140450,0.49806317687034607,0.05,-7.121938705444336,,
140500,9.271955490112305,0.05,-8.20495319366455,,
140550,2.7564947605133057,0.05,-9.102356910705566,,
140600,1.2076174020767212,0.05,-7.1063408851623535,,
140650,1.6019295454025269,0.05,-8.118820190429688,,
140700,1.1870681047439575,0.05,-7.998942852020264,,
140750,2.9034316539764404,0.05,-7.978281497955322,,
140800,8.076569557189941,0.05,-7.555008411407471,,
140850,2.578986406326294,0.05,-6.7047953605651855,,
140900,1.0979852676391602,0.05,-7.139084339141846,,
140950,13.02001667022705,0.05,-8.89456844329834,,
141000,3.874403715133667,0.05,-8.361218452453613,,
141050,5.5597968101501465,0.05,-7.403968811035156,,
141100,3.7939279079437256,0.05,-7.061710357666016,,
141150,1.7973378896713257,0.05,-7.729736804962158,,
141200,17.00113868713379,0.05,-8.50916576385498,,
141250,3.2072017192840576,0.05,-8.194453239440918,,
141300,0.8276791572570801,0.05,-6.136714935302734,,
141350,3.7061359882354736,0.05,-7.425304412841797,,
141400,1.6179279088974,0.05,-8.230605125427246,,
141450,7.16404390335083,0.05,-8.275603294372559,,
141500,4.2015228271484375,0.05,-6.407547473907471,,
141550,5.472234725952148,0.05,-7.2772369384765625,,
141600,2.0281808376312256,0.05,-7.523745059967041,,
141650,3.8852415084838867,0.05,-7.230495929718018,,
141700,4.924951076507568,0.05,-7.530393123626709,,
141750,0.567786693572998,0.05,-8.550078392028809,,
141800,3.2605533599853516,0.05,-7.309004306793213,,
141850,0.11185719817876816,0.05,-6.230410099029541,,
141900,0.8204050660133362,0.05,-7.2266459465026855,,
141950,2.9984676837921143,0.05,-6.7321457862854,,
142000,1.6070111989974976,0.05,-7.5655517578125,,
142050,0.571832001209259,0.05,-7.838698863983154,,
142100,3.396808385848999,0.05,-6.486129283905029,,
142150,0.9775838255882263,0.05,-6.99072790145874,,
142200,5.64532995223999,0.05,-7.918212890625,,
142250,1.482778549194336,0.05,-7.614659786224365,,
142300,5.242470741271973,0.05,-7.417646884918213,,
142350,1.943496823310852,0.05,-6.491092681884766,,
142400,1.9023518562316895,0.05,-8.275206565856934,,
142450,1.0344325304031372,0.05,-7.699377059936523,,
142500,2.499008893966675,0.05,-7.234996318817139,,
142550,3.0736477375030518,0.05,-6.9728240966796875,,
142600,7.1430277824401855,0.05,-7.504554748535156,,
142650,0.9569401741027832,0.05,-6.858102321624756,,
142700,4.983083248138428,0.05,-6.9500508308410645,,
142750,1.8822005987167358,0.05,-7.694222927093506,,
142800,10.059054374694824,0.05,-7.831911563873291,,
142850,4.045611381530762,0.05,-7.284372329711914,,
142900,5.294209003448486,0.05,-7.4600090980529785,,
142950,3.0503978729248047,0.05,-6.228475093841553,,
143000,1.972053050994873,0.05,-8.614472389221191,,
143050,1.0114206075668335,0.05,-7.5161662101745605,,
143100,3.103854179382324,0.05,-8.083285331726074,,
143150,9.818707466125488,0.05,-6.794151306152344,,
143200,1.7257442474365234,0.05,-6.514928340911865,,
143250,1.8141874074935913,0.05,-6.464506149291992,,
143300,1.1258412599563599,0.05,-8.166644096374512,,
143350,0.9114217162132263,0.05,-6.459127902984619,,
143400,2.3363072872161865,0.05,-8.415936470031738,,
143450,1.187571406364441,0.05,-7.876400470733643,,
143500,5.010751724243164,0.05,-7.415303707122803,,
143550,19.029151916503906,0.05,-8.853705406188965,,
143600,11.261726379394531,0.05,-7.832984924316406,,
143650,8.821782112121582,0.05,-7.24265718460083,,
143700,1.0012586116790771,0.05,-7.428481578826904,,
143750,1.8512324094772339,0.05,-8.564784049987793,,
143800,1.655789852142334,0.05,-7.165963649749756,,
143850,9.089031219482422,0.05,-8.332444190979004,,
143900,2.7975971698760986,0.05,-8.916351318359375,,
143950,3.0142593383789062,0.05,-8.492335319519043,,
144000,5.805828094482422,0.05,-7.12747049331665,,
144050,0.3163726329803467,0.05,-7.6310906410217285,,
144100,7.861831188201904,0.05,-9.193199157714844,,
144150,9.795320510864258,0.05,-7.511388301849365,,
144200,8.15537166595459,0.05,-7.830678462982178,,
144250,2.2792232036590576,0.05,-7.741317272186279,,
144300,2.9090187549591064,0.05,-7.217565059661865,,
144350,3.7839794158935547,0.05,-7.235145092010498,,
144400,6.174846649169922,0.05,-7.760915279388428,,
144450,5.448523998260498,0.05,-7.29665994644165,,
144500,3.2628347873687744,0.05,-7.9440598487854,,
144550,5.048660755157471,0.05,-6.90613317489624,,
144600,5.126997470855713,0.05,-6.527977466583252,,
144650,2.7037789821624756,0.05,-7.079929351806641,,
144700,1.9882463216781616,0.05,-7.581987380981445,,
144750,2.429671049118042,0.05,-7.49393892288208,,
144800,4.524439334869385,0.05,-7.442910671234131,,
144850,4.606881141662598,0.05,-9.54537582397461,,
144900,3.359395980834961,0.05,-7.204294681549072,,
144950,1.3372974395751953,0.05,-7.1960530281066895,,
145000,3.2947206497192383,0.05,-7.986499309539795,,
145050,1.6299830675125122,0.05,-7.06909704208374,,
145100,6.824365615844727,0.05,-7.764204502105713,,
145150,3.1224567890167236,0.05,-6.8361687660217285,,
145200,0.31016990542411804,0.05,-6.452463626861572,,
145250,1.4401649236679077,0.05,-7.26854944229126,,
145300,2.2497241497039795,0.05,-7.554697036743164,,
145350,5.604246616363525,0.05,-6.948636531829834,,
145400,1.9987150430679321,0.05,-7.248498916625977,,
145450,0.388862282037735,0.05,-6.854875564575195,,
145500,9.84867000579834,0.05,-7.190988063812256,,
145550,3.651470422744751,0.05,-7.095559597015381,,
145600,3.20621657371521,0.05,-7.285871505737305,,
145650,1.488054633140564,0.05,-7.249814510345459,,
145700,0.7737537026405334,0.05,-6.654750823974609,,
145750,3.463118553161621,0.05,-7.72784948348999,,
145800,0.7676537036895752,0.05,-7.899883270263672,,
145850,2.2500345706939697,0.05,-7.588531970977783,,
145900,1.1352778673171997,0.05,-7.5002522468566895,,
145950,0.9069271683692932,0.05,-7.614994049072266,,
146000,3.513516664505005,0.05,-6.376837253570557,,
146050,2.791384696960449,0.05,-7.18476676940918,,
146100,5.641476154327393,0.05,-8.39766788482666,,
146150,7.210115432739258,0.05,-6.302944183349609,,
146200,1.123807430267334,0.05,-7.138240337371826,,
146250,0.8724592328071594,0.05,-6.410337924957275,,
146300,5.850523471832275,0.05,-7.449631214141846,,
146350,3.0086686611175537,0.05,-6.908426761627197,,
146400,1.0786094665527344,0.05,-7.531681537628174,,
146450,2.762399673461914,0.05,-7.294493198394775,,
146500,4.510218143463135,0.05,-7.600775241851807,,
146550,5.748936176300049,0.05,-7.5471720695495605,,
146600,6.3001627922058105,0.05,-7.793985843658447,,
146650,2.901344060897827,0.05,-8.347799301147461,,
146700,2.0385055541992188,0.05,-6.966329097747803,,
146750,1.6466302871704102,0.05,-7.384954452514648,,
146800,2.3302128314971924,0.05,-7.878696918487549,,
146850,1.956948161125183,0.05,-6.7448883056640625,,
146900,1.9980586767196655,0.05,-7.168118000030518,,
146950,4.876933574676514,0.05,-6.785558700561523,,
147000,2.6435959339141846,0.05,-7.280599117279053,,
147050,1.7308968305587769,0.05,-6.904022216796875,,
147100,0.2420768141746521,0.05,-6.721567153930664,,
147150,4.367851257324219,0.05,-8.099488258361816,,
147200,2.2255542278289795,0.05,-6.441730976104736,,
147250,2.889676809310913,0.05,-7.251353740692139,,
147300,2.052130937576294,0.05,-7.152166843414307,,
147350,2.4182801246643066,0.05,-7.877821445465088,,
147400,1.2785173654556274,0.05,-7.893043518066406,,
147450,1.84576416015625,0.05,-7.678422927856445,,
147500,9.892714500427246,0.05,-7.477357387542725,,
147550,3.1683061122894287,0.05,-6.624081134796143,,
147600,1.584434151649475,0.05,-7.113694667816162,,
147650,1.214171290397644,0.05,-8.104323387145996,,
147700,3.076021432876587,0.05,-7.266788005828857,,
147750,3.3265838623046875,0.05,-6.477832794189453,,
147800,1.74894380569458,0.05,-7.853816509246826,,
147850,1.4771409034729004,0.05,-6.903296947479248,,
147900,2.576944351196289,0.05,-8.05298900604248,,
147950,2.437960147857666,0.05,-7.068620204925537,,
148000,6.6730780601501465,0.05,-7.064436435699463,,
148050,5.674801349639893,0.05,-7.877390384674072,,
148100,4.853578567504883,0.05,-6.892333984375,,
148150,3.1264617443084717,0.05,-7.423763751983643,,
148200,2.0572009086608887,0.05,-6.927083492279053,,
148250,1.2054251432418823,0.05,-6.859781265258789,,
148300,0.5162770748138428,0.05,-7.452086925506592,,
148350,3.818251848220825,0.05,-6.749753952026367,,
148400,4.672478199005127,0.05,-7.8066487312316895,,
148450,1.9893313646316528,0.05,-7.46499490737915,,
148500,5.861674785614014,0.05,-7.90758752822876,,
148550,3.9187424182891846,0.05,-6.90681266784668,,
148600,4.857747554779053,0.05,-7.437314987182617,,
148650,6.990636825561523,0.05,-6.450747966766357,,
148700,2.163579225540161,0.05,-6.959833145141602,,
148750,1.509743332862854,0.05,-7.200650691986084,,
148800,1.7364999055862427,0.05,-7.353911876678467,,
148850,2.244910955429077,0.05,-8.050124168395996,,
148900,2.9862611293792725,0.05,-6.537730693817139,,
148950,2.1315548419952393,0.05,-8.287055969238281,,
149000,2.599750518798828,0.05,-7.773238658905029,,
149050,4.8452653884887695,0.05,-7.055459499359131,,
149100,2.4814510345458984,0.05,-6.3403472900390625,,
149150,1.6809569597244263,0.05,-7.0724334716796875,,
149200,0.8586315512657166,0.05,-7.207616329193115,,
149250,1.4817322492599487,0.05,-6.424978733062744,,
149300,1.747595191001892,0.05,-6.778740406036377,,
149350,2.4527695178985596,0.05,-7.637762069702148,,
149400,4.549796104431152,0.05,-7.81006383895874,,
149450,1.3161728382110596,0.05,-7.847539901733398,,
149500,0.7253958582878113,0.05,-7.739272594451904,,
149550,2.4908392429351807,0.05,-6.454126358032227,,
149600,5.288520336151123,0.05,-6.319978713989258,,
149650,0.2646963596343994,0.05,-6.996205806732178,,
149700,2.558624505996704,0.05,-7.21703577041626,,
149750,0.9515702724456787,0.05,-5.905167102813721,,
149800,2.554143190383911,0.05,-6.442032337188721,,
149850,5.279016971588135,0.05,-5.704871654510498,,
149900,1.9266796112060547,0.05,-7.422679901123047,,
149950,0.3355976641178131,0.05,-6.841497898101807,,
150000,1.45156729221344,0.05,-7.217383861541748,-0.8110545147181932,39.6
150050,5.618725299835205,0.05,-7.185627460479736,,
150100,2.2948415279388428,0.05,-6.508211612701416,,
150150,7.347421169281006,0.05,-6.970818996429443,,
150200,1.4229211807250977,0.05,-6.7229180335998535,,
150250,1.2467812299728394,0.05,-6.625917911529541,,
150300,3.049250364303589,0.05,-6.347388744354248,,
150350,2.0008623600006104,0.05,-7.26277494430542,,
150400,2.4464547634124756,0.05,-7.859725475311279,,
150450,1.2265048027038574,0.05,-6.611442565917969,,
150500,5.597703456878662,0.05,-7.3418049812316895,,
150550,4.736265659332275,0.05,-6.220745086669922,,
150600,2.9884462356567383,0.05,-6.485274791717529,,
150650,6.532506942749023,0.05,-7.8471150398254395,,
150700,5.3556647300720215,0.05,-7.582185745239258,,
150750,3.2291367053985596,0.05,-6.110500812530518,,
150800,3.1241283416748047,0.05,-8.326325416564941,,
150850,0.20703695714473724,0.05,-6.479872226715088,,
150900,3.029207468032837,0.05,-7.294992923736572,,
150950,4.362197399139404,0.05,-7.428020000457764,,
151000,5.2214035987854,0.05,-7.266865253448486,,
151050,3.466275215148926,0.05,-8.005433082580566,,
151100,1.8695932626724243,0.05,-7.03458833694458,,
151150,1.1550943851470947,0.05,-7.477283000946045,,
151200,4.570106029510498,0.05,-7.348625659942627,,
151250,1.775105357170105,0.05,-6.935253143310547,,
151300,4.7689433097839355,0.05,-6.745689392089844,,
151350,4.953967094421387,0.05,-6.59724760055542,,
151400,8.255486488342285,0.05,-7.942867755889893,,
151450,3.262669563293457,0.05,-8.044906616210938,,
151500,2.5760767459869385,0.05,-7.651151180267334,,
151550,4.205695629119873,0.05,-7.700409412384033,,
151600,6.579229831695557,0.05,-6.5608391761779785,,
151650,1.705706000328064,0.05,-7.554511547088623,,
151700,0.47949668765068054,0.05,-7.570518970489502,,
151750,1.4027252197265625,0.05,-7.470897674560547,,
151800,0.10725683718919754,0.05,-5.855082988739014,,
151850,1.8980093002319336,0.05,-7.9085235595703125,,
151900,1.3784950971603394,0.05,-7.108942031860352,,
151950,3.572187662124634,0.05,-8.312551498413086,,
152000,5.994330883026123,0.05,-6.783638000488281,,
152050,6.236036777496338,0.05,-6.296689510345459,,
152100,1.912490963935852,0.05,-6.938909530639648,,
152150,0.8279173374176025,0.05,-6.46476936340332,,
152200,5.916553974151611,0.05,-7.631156921386719,,
152250,3.7996647357940674,0.05,-8.03475284576416,,
152300,2.0270869731903076,0.05,-8.43609619140625,,
152350,1.6179620027542114,0.05,-6.2256340980529785,,
152400,2.389843702316284,0.05,-7.457828998565674,,
152450,9.268120765686035,0.05,-6.61580228805542,,
152500,1.361039161682129,0.05,-8.062759399414062,,
152550,3.246689558029175,0.05,-6.137800216674805,,
152600,10.309024810791016,0.05,-6.679309844970703,,
152650,4.010591983795166,0.05,-6.773441314697266,,
152700,3.030454635620117,0.05,-5.9102301597595215,,
152750,14.750629425048828,0.05,-8.910248756408691,,
152800,1.938520908355713,0.05,-7.065912246704102,,
152850,0.3820476531982422,0.05,-7.112569808959961,,
152900,9.078437805175781,0.05,-7.599859714508057,,
152950,1.75654935836792,0.05,-7.651284694671631,,
153000,1.936353087425232,0.05,-6.261826992034912,,
153050,1.0681530237197876,0.05,-6.675395965576172,,
153100,6.67217493057251,0.05,-7.6625590324401855,,
153150,2.554091215133667,0.05,-9.51461410522461,,
153200,7.773579120635986,0.05,-6.855140209197998,,
153250,5.078393459320068,0.05,-6.043029308319092,,
153300,4.508108615875244,0.05,-7.240580081939697,,
153350,1.367469310760498,0.05,-8.044560432434082,,
153400,1.3229964971542358,0.05,-6.707630157470703,,
153450,1.677154541015625,0.05,-7.335785388946533,,
153500,1.276565670967102,0.05,-7.545276641845703,,
153550,1.780882716178894,0.05,-6.500891208648682,,
153600,1.3792625665664673,0.05,-7.812374114990234,,
153650,1.8402923345565796,0.05,-6.965396881103516,,
153700,0.47418463230133057,0.05,-5.762818813323975,,
153750,0.7766699194908142,0.05,-5.6514105796813965,,
153800,2.0698416233062744,0.05,-7.383834362030029,,
153850,1.1219532489776611,0.05,-6.727333068847656,,
153900,0.9611372351646423,0.05,-7.367554187774658,,
153950,3.5519015789031982,0.05,-6.109353542327881,,
154000,4.486959457397461,0.05,-8.101041793823242,,
154050,3.0677783489227295,0.05,-7.082000732421875,,
154100,4.834591388702393,0.05,-6.7458815574646,,
154150,5.5388360023498535,0.05,-7.301340579986572,,
154200,1.9237900972366333,0.05,-7.99793004989624,,
154250,2.4102110862731934,0.05,-6.8099236488342285,,
154300,2.240844488143921,0.05,-6.689929485321045,,
154350,7.632180690765381,0.05,-7.398664474487305,,
154400,2.3108980655670166,0.05,-7.402355194091797,,
154450,0.5699442028999329,0.05,-5.073940277099609,,
154500,1.400204062461853,0.05,-7.84735631942749,,
154550,0.7091479897499084,0.05,-7.049272537231445,,
154600,2.1977031230926514,0.05,-7.8413262367248535,,
154650,3.2144134044647217,0.05,-7.775442123413086,,
154700,1.9264699220657349,0.05,-6.6829304695129395,,
154750,3.044036865234375,0.05,-7.620468616485596,,
154800,8.747393608093262,0.05,-6.6097731590271,,
154850,9.199463844299316,0.05,-7.891392230987549,,
154900,2.8596746921539307,0.05,-8.031865119934082,,
154950,3.759234666824341,0.05,-7.581471920013428,,
155000,2.429776906967163,0.05,-7.0015387535095215,,
155050,3.745265007019043,0.05,-6.457469940185547,,
155100,4.546329498291016,0.05,-6.628390789031982,,
155150,2.5251212120056152,0.05,-7.202698230743408,,
155200,0.6975284218788147,0.05,-6.70771598815918,,
155250,4.5155839920043945,0.05,-7.065372943878174,,
155300,14.09093952178955,0.05,-6.876009464263916,,
155350,3.2190561294555664,0.05,-7.83924674987793,,
155400,3.1798181533813477,0.05,-7.329315185546875,,
155450,2.587592363357544,0.05,-8.853315353393555,,
155500,7.292338848114014,0.05,-7.47758150100708,,
155550,0.30836665630340576,0.05,-7.143662929534912,,
155600,6.3922200202941895,0.05,-8.215008735656738,,
155650,2.392810583114624,0.05,-7.319234848022461,,
155700,3.492800712585449,0.05,-6.632321834564209,,
155750,3.2681539058685303,0.05,-7.708332061767578,,
155800,7.219883441925049,0.05,-7.459122180938721,,
155850,9.384082794189453,0.05,-7.779670715332031,,
155900,9.012213706970215,0.05,-7.319787502288818,,
155950,3.5583038330078125,0.05,-6.427253723144531,,
156000,5.09834623336792,0.05,-6.37677001953125,,
156050,0.5173243284225464,0.05,-8.037212371826172,,
156100,2.5673506259918213,0.05,-6.7598958015441895,,
156150,3.7473230361938477,0.05,-7.033026218414307,,
156200,4.830430507659912,0.05,-7.450372695922852,,
156250,3.7712924480438232,0.05,-7.097357273101807,,
156300,8.094965934753418,0.05,-8.17436695098877,,
156350,4.287139892578125,0.05,-8.787447929382324,,
156400,2.5255017280578613,0.05,-7.272451877593994,,
156450,1.4272171258926392,0.05,-6.935552597045898,,
156500,7.233341217041016,0.05,-7.862467288970947,,
156550,6.125587463378906,0.05,-7.463884353637695,,
156600,2.827430009841919,0.05,-7.278439044952393,,
156650,4.008845806121826,0.05,-6.788875579833984,,
156700,3.3969147205352783,0.05,-6.989842891693115,,
156750,2.0033118724823,0.05,-7.162769794464111,,
156800,3.8925392627716064,0.05,-6.7389960289001465,,
156850,1.0424036979675293,0.05,-6.756493091583252,,
156900,5.771444797515869,0.05,-5.861230850219727,,
156950,0.39852675795555115,0.05,-6.6959052085876465,,
157000,7.035182476043701,0.05,-6.300811767578125,,
157050,5.7014994621276855,0.05,-8.368481636047363,,
157100,0.91058748960495,0.05,-7.953619003295898,,
157150,2.803250312805176,0.05,-7.587716579437256,,
157200,1.1138824224472046,0.05,-6.777369022369385,,
157250,3.3314616680145264,0.05,-7.203108310699463,,
157300,5.897312164306641,0.05,-6.936752796173096,,
157350,3.6525962352752686,0.05,-8.668225288391113,,
157400,4.123354434967041,0.05,-6.54847526550293,,
157450,1.2482467889785767,0.05,-7.375718593597412,,
157500,3.2517404556274414,0.05,-6.71684455871582,,
157550,1.7785228490829468,0.05,-7.683350086212158,,
157600,3.9693737030029297,0.05,-7.485917568206787,,
157650,3.06880784034729,0.05,-7.7175469398498535,,
157700,0.846583366394043,0.05,-7.326774597167969,,
157750,5.004014492034912,0.05,-6.766961574554443,,
157800,1.3406801223754883,0.05,-6.1736159324646,,
157850,3.439941644668579,0.05,-7.434028148651123,,
157900,1.3998693227767944,0.05,-6.4067254066467285,,
157950,9.362839698791504,0.05,-7.433696746826172,,
158000,0.6318786144256592,0.05,-7.145793914794922,,
158050,1.3525056838989258,0.05,-7.695899963378906,,
158100,3.117955207824707,0.05,-6.7039337158203125,,
158150,5.483034133911133,0.05,-7.103130340576172,,
158200,1.8942526578903198,0.05,-6.895718097686768,,
158250,3.6712710857391357,0.05,-6.441397190093994,,
158300,1.2236319780349731,0.05,-6.306299209594727,,
158350,1.39704167842865,0.05,-7.1348724365234375,,
158400,1.4224528074264526,0.05,-7.294928073883057,,
158450,3.1741466522216797,0.05,-6.4907379150390625,,
158500,4.008816242218018,0.05,-6.5714497566223145,,
158550,5.17483377456665,0.05,-8.11986255645752,,
158600,2.7938573360443115,0.05,-6.330008029937744,,
158650,6.582088470458984,0.05,-9.277971267700195,,
158700,6.875296115875244,0.05,-6.685441493988037,,
158750,4.6771087646484375,0.05,-6.957683563232422,,
158800,0.722161591053009,0.05,-7.847519397735596,,
158850,2.156049966812134,0.05,-5.562530517578125,,
158900,1.3661417961120605,0.05,-6.912384033203125,,
158950,5.8371262550354,0.05,-7.797933578491211,,
159000,1.583194613456726,0.05,-6.874744415283203,,
159050,11.183749198913574,0.05,-7.104552745819092,,
159100,5.981727123260498,0.05,-7.753620624542236,,
159150,0.5699989199638367,0.05,-6.922767162322998,,
159200,13.08222484588623,0.05,-7.259042263031006,,
159250,1.1390568017959595,0.05,-7.815334796905518,,
159300,7.598239421844482,0.05,-7.686670780181885,,
159350,0.9956595301628113,0.05,-7.121462345123291,,
159400,14.369441986083984,0.05,-7.173221588134766,,
159450,0.2606430947780609,0.05,-6.738068103790283,,
159500,3.9708564281463623,0.05,-8.867806434631348,,
159550,3.3445885181427,0.05,-7.055735111236572,,
159600,21.097864151000977,0.05,-7.142831802368164,,
159650,6.926332473754883,0.05,-7.793983459472656,,
159700,0.9352691173553467,0.05,-7.391123294830322,,
159750,4.46757698059082,0.05,-6.431400299072266,,
159800,1.1232824325561523,0.05,-7.9363579750061035,,
159850,6.022216796875,0.05,-7.501131534576416,,
159900,9.130645751953125,0.05,-8.453310012817383,,
159950,3.956623077392578,0.05,-8.063042640686035,,
160000,2.491509437561035,0.05,-6.132777690887451,,
160050,5.580333232879639,0.05,-7.057270526885986,,
160100,0.6737338900566101,0.05,-6.638737201690674,,
160150,10.620829582214355,0.05,-8.778347969055176,,
160200,2.3299551010131836,0.05,-7.874475479125977,,
160250,0.9986914992332458,0.05,-6.607300281524658,,
160300,3.8491508960723877,0.05,-6.246640682220459,,
160350,1.9939055442810059,0.05,-6.747228145599365,,
160400,1.098844051361084,0.05,-6.783102035522461,,
160450,2.022568464279175,0.05,-6.702085494995117,,
160500,2.386929988861084,0.05,-6.081767559051514,,
160550,2.577270269393921,0.05,-7.393496990203857,,
160600,0.5400703549385071,0.05,-5.740203857421875,,
160650,2.240633010864258,0.05,-7.416502475738525,,
160700,4.431187152862549,0.05,-6.714344024658203,,
160750,4.529813289642334,0.05,-6.86915922164917,,
160800,5.141979694366455,0.05,-7.226140975952148,,
160850,2.266122579574585,0.05,-6.271827697753906,,
160900,2.8009157180786133,0.05,-6.657902240753174,,
160950,1.716081142425537,0.05,-7.1777777671813965,,
161000,2.8419182300567627,0.05,-6.4437947273254395,,
161050,1.5737614631652832,0.05,-6.5483479499816895,,
161100,0.7380040287971497,0.05,-7.807849884033203,,
161150,1.7073389291763306,0.05,-6.847020626068115,,
161200,1.9893165826797485,0.05,-7.656177520751953,,
161250,2.1075997352600098,0.05,-5.80072021484375,,
161300,0.8980469107627869,0.05,-7.022082805633545,,
161350,4.0027852058410645,0.05,-6.514791965484619,,
161400,9.885771751403809,0.05,-7.653096675872803,,
161450,0.35182568430900574,0.05,-6.848947048187256,,
161500,5.69899320602417,0.05,-6.545961856842041,,
161550,6.493898868560791,0.05,-6.953371524810791,,
161600,6.226909160614014,0.05,-6.956200122833252,,
161650,3.2884113788604736,0.05,-7.411201477050781,,
161700,8.58672046661377,0.05,-6.450567245483398,,
161750,2.773932456970215,0.05,-6.303847789764404,,
161800,9.190131187438965,0.05,-7.588555812835693,,
161850,13.259562492370605,0.05,-6.383741855621338,,
161900,0.9719565510749817,0.05,-6.030603885650635,,
161950,3.9090006351470947,0.05,-8.888821601867676,,
162000,7.839057445526123,0.05,-7.342832088470459,,
162050,1.0406676530838013,0.05,-7.4810051918029785,,
162100,1.9284354448318481,0.05,-7.109536647796631,,
162150,1.7590864896774292,0.05,-7.1903510093688965,,
162200,0.1923094391822815,0.05,-7.173983097076416,,
162250,6.847568035125732,0.05,-7.73341178894043,,
162300,4.7259063720703125,0.05,-7.439223766326904,,
162350,0.4686160981655121,0.05,-7.751319885253906,,
162400,0.770179271697998,0.05,-7.196645736694336,,
162450,4.063760280609131,0.05,-7.900722503662109,,
162500,3.194871664047241,0.05,-6.564592361450195,,
162550,6.950305461883545,0.05,-7.642677307128906,,
162600,0.7748298048973083,0.05,-6.732208251953125,,
162650,1.1786082983016968,0.05,-6.372342586517334,,
162700,7.59341287612915,0.05,-8.872570037841797,,
162750,0.6903901100158691,0.05,-6.881368160247803,,
162800,7.633039474487305,0.05,-6.329486846923828,,
162850,0.7682094573974609,0.05,-6.816671848297119,,
162900,0.8456992506980896,0.05,-7.228679656982422,,
162950,7.916437149047852,0.05,-7.58050537109375,,
163000,3.1725540161132812,0.05,-7.034324645996094,,
163050,1.3661202192306519,0.05,-6.4963765144348145,,
163100,0.9046918749809265,0.05,-5.305111408233643,,
163150,0.8090910911560059,0.05,-7.470716953277588,,
163200,8.003798484802246,0.05,-7.507328510284424,,
163250,2.165904998779297,0.05,-7.361166477203369,,
163300,5.703670501708984,0.05,-6.632960796356201,,
163350,2.172161102294922,0.05,-6.532918930053711,,
163400,3.85888409614563,0.05,-8.140937805175781,,
163450,2.416644334793091,0.05,-7.112049102783203,,
163500,3.2934186458587646,0.05,-6.902360916137695,,
163550,2.7688329219818115,0.05,-6.913900852203369,,
163600,4.9134111404418945,0.05,-7.511171340942383,,
163650,0.5560474991798401,0.05,-6.330265045166016,,
163700,2.2969062328338623,0.05,-6.065539836883545,,
163750,2.9836690425872803,0.05,-6.790991306304932,,
163800,1.405847191810608,0.05,-7.991027355194092,,
163850,2.2901554107666016,0.05,-7.03981351852417,,
163900,7.702942371368408,0.05,-7.1119465827941895,,
163950,1.1168941259384155,0.05,-6.164771556854248,,
164000,3.8650102615356445,0.05,-7.740719318389893,,
164050,1.4367055892944336,0.05,-6.407634258270264,,
164100,4.530187129974365,0.05,-5.528091907501221,,
164150,1.8099786043167114,0.05,-6.862707138061523,,
164200,0.33161476254463196,0.05,-5.217653274536133,,
164250,4.673603534698486,0.05,-6.301528453826904,,
164300,2.225637674331665,0.05,-6.072514057159424,,
164350,2.0599799156188965,0.05,-5.874673843383789,,
164400,1.3375400304794312,0.05,-6.014333248138428,,
164450,0.7202141880989075,0.05,-5.730064868927002,,
164500,5.174255847930908,0.05,-7.260885715484619,,
164550,5.778388977050781,0.05,-6.7294769287109375,,
164600,3.744654655456543,0.05,-7.3730902671813965,,
164650,1.1086934804916382,0.05,-7.453029155731201,,
164700,1.5043233633041382,0.05,-6.7966156005859375,,
164750,8.060043334960938,0.05,-6.853307723999023,,
164800,2.184952735900879,0.05,-6.678219318389893,,
164850,3.2954351902008057,0.05,-7.9991455078125,,
164900,3.5618648529052734,0.05,-7.368038654327393,,
164950,3.338196039199829,0.05,-6.80917501449585,,
165000,4.895206451416016,0.05,-8.08637809753418,,
165050,4.8236565589904785,0.05,-6.676480770111084,,
165100,1.185099482536316,0.05,-7.012229919433594,,
165150,1.417739748954773,0.05,-7.248006343841553,,
165200,0.3443288803100586,0.05,-6.663855075836182,,
165250,1.8862500190734863,0.05,-7.232004642486572,,
165300,6.410686492919922,0.05,-8.27431583404541,,
165350,6.887472629547119,0.05,-8.047085762023926,,
165400,9.109501838684082,0.05,-7.661964416503906,,
165450,1.9831581115722656,0.05,-7.5855841636657715,,
165500,0.5963022708892822,0.05,-6.623458385467529,,
165550,3.128556966781616,0.05,-7.434322357177734,,
165600,1.1334131956100464,0.05,-8.249320030212402,,
165650,0.9479524493217468,0.05,-5.786940097808838,,
165700,0.9546570777893066,0.05,-6.297397613525391,,
165750,2.1033928394317627,0.05,-6.717718601226807,,
165800,1.5000349283218384,0.05,-6.688925266265869,,
165850,3.2748918533325195,0.05,-7.179214954376221,,
165900,3.3184425830841064,0.05,-5.950692653656006,,
165950,7.38996696472168,0.05,-7.7105712890625,,
166000,7.337022304534912,0.05,-8.353629112243652,,
166050,5.8379292488098145,0.05,-5.997873783111572,,
166100,4.5371012687683105,0.05,-7.14796781539917,,
166150,12.719721794128418,0.05,-7.0664448738098145,,
166200,6.662563800811768,0.05,-6.168867588043213,,
166250,7.5776214599609375,0.05,-6.1737213134765625,,
166300,2.302046537399292,0.05,-5.987700939178467,,
166350,0.3455124795436859,0.05,-5.172693729400635,,
166400,5.7091288566589355,0.05,-8.967822074890137,,
166450,3.711902379989624,0.05,-6.831531524658203,,
166500,8.086453437805176,0.05,-6.925374984741211,,
166550,2.8233582973480225,0.05,-7.307340145111084,,
166600,3.01701283454895,0.05,-5.947718143463135,,
166650,5.693312168121338,0.05,-7.518013000488281,,
166700,4.420914173126221,0.05,-7.107782363891602,,
166750,1.4333404302597046,0.05,-6.392457962036133,,
166800,0.6835874915122986,0.05,-7.728020191192627,,
166850,5.435070037841797,0.05,-8.5011568069458,,
166900,1.3007086515426636,0.05,-7.043615818023682,,
166950,8.026932716369629,0.05,-8.79942798614502,,
167000,2.490267038345337,0.05,-6.779007434844971,,
167050,1.9586257934570312,0.05,-7.599058151245117,,
167100,3.013190984725952,0.05,-6.634471416473389,,
167150,5.846536636352539,0.05,-6.656759738922119,,
167200,2.1285226345062256,0.05,-5.780235290527344,,
167250,4.1670660972595215,0.05,-7.285651683807373,,
167300,6.694528102874756,0.05,-7.594082355499268,,
167350,4.03794527053833,0.05,-6.812179088592529,,
167400,5.484611988067627,0.05,-6.778385162353516,,
167450,7.438104629516602,0.05,-8.867446899414062,,
167500,3.3218536376953125,0.05,-6.030749797821045,,
167550,3.210766553878784,0.05,-6.489137649536133,,
167600,2.170328378677368,0.05,-6.000691890716553,,
167650,1.055044412612915,0.05,-6.5283355712890625,,
167700,3.443084478378296,0.05,-6.152961254119873,,
167750,4.526481628417969,0.05,-6.9383225440979,,
167800,4.784626483917236,0.05,-6.3172221183776855,,
167850,1.1770238876342773,0.05,-6.405531406402588,,
167900,3.28161883354187,0.05,-7.0316386222839355,,
167950,4.499792098999023,0.05,-6.209896564483643,,
168000,1.9084004163742065,0.05,-5.944293975830078,,
168050,3.139224052429199,0.05,-6.799205303192139,,
168100,7.831548690795898,0.05,-7.992206573486328,,
168150,0.7537702918052673,0.05,-7.08358907699585,,
168200,5.367171764373779,0.05,-6.7534027099609375,,
168250,7.051199436187744,0.05,-6.784179210662842,,
168300,1.4855226278305054,0.05,-7.067829132080078,,
168350,3.995077133178711,0.05,-7.2924370765686035,,
168400,0.778442919254303,0.05,-7.154038906097412,,
168450,2.167795419692993,0.05,-5.966922760009766,,
168500,2.634932518005371,0.05,-6.560274124145508,,
168550,1.5315340757369995,0.05,-6.5037312507629395,,
168600,3.304311513900757,0.05,-6.46921968460083,,
168650,1.8950966596603394,0.05,-6.7340569496154785,,
168700,4.208633899688721,0.05,-6.266578674316406,,
168750,0.27266988158226013,0.05,-7.008729457855225,,
168800,0.5010959506034851,0.05,-6.9984869956970215,,
168850,9.475529670715332,0.05,-6.7582244873046875,,
168900,3.0123064517974854,0.05,-5.891571044921875,,
168950,4.3521199226379395,0.05,-6.716350078582764,,
169000,2.0603511333465576,0.05,-6.409596920013428,,
169050,2.659414529800415,0.05,-7.418386459350586,,
169100,0.9781944751739502,0.05,-5.912979602813721,,
169150,0.9284486770629883,0.05,-6.283880233764648,,
169200,5.478227615356445,0.05,-7.263732433319092,,
169250,8.346293449401855,0.05,-6.599171161651611,,
169300,2.755201578140259,0.05,-6.212320327758789,,
169350,0.49357858300209045,0.05,-5.169233798980713,,
169400,4.785309791564941,0.05,-6.660695552825928,,
169450,2.475146532058716,0.05,-7.66737699508667,,
169500,3.329663038253784,0.05,-8.21076774597168,,
169550,4.7588605880737305,0.05,-7.435859680175781,,
169600,5.455661773681641,0.05,-6.555525302886963,,
169650,8.11609935760498,0.05,-6.685157775878906,,
169700,3.9038498401641846,0.05,-6.420740127563477,,
169750,2.6762847900390625,0.05,-7.435581684112549,,
169800,3.856644630432129,0.05,-5.511625289916992,,
169850,0.42222753167152405,0.05,-6.553732395172119,,
169900,0.5740075707435608,0.05,-5.799325466156006,,
169950,11.101841926574707,0.05,-6.8870320320129395,,
170000,3.473222494125366,0.05,-6.99165678024292,,
170050,21.019115447998047,0.05,-7.128890514373779,,
170100,4.08936071395874,0.05,-6.474524021148682,,
170150,8.362841606140137,0.05,-5.666839122772217,,
170200,3.981309652328491,0.05,-6.713943004608154,,
170250,2.548753499984741,0.05,-7.687532901763916,,
170300,5.542646408081055,0.05,-6.5926432609558105,,
170350,5.811224460601807,0.05,-5.580339431762695,,
170400,0.8537226319313049,0.05,-6.32968282699585,,
170450,2.9300174713134766,0.05,-5.9544806480407715,,
170500,4.600584983825684,0.05,-6.118651866912842,,
170550,3.138674736022949,0.05,-5.73012113571167,,
170600,0.7079821228981018,0.05,-5.528404712677002,,
170650,1.455711007118225,0.05,-6.554829120635986,,
170700,0.36277130246162415,0.05,-6.298905849456787,,
170750,2.3516855239868164,0.05,-6.785792827606201,,
170800,2.8555221557617188,0.05,-6.968765735626221,,
170850,2.0599205493927,0.05,-6.739424228668213,,
170900,3.3976686000823975,0.05,-6.425838947296143,,
170950,1.362418532371521,0.05,-5.641450881958008,,
171000,1.1421395540237427,0.05,-5.4540791511535645,,
171050,8.14061164855957,0.05,-6.092395782470703,,
171100,3.39168381690979,0.05,-7.024255275726318,,
171150,4.474781513214111,0.05,-7.4882731437683105,,
171200,5.844818115234375,0.05,-6.526341915130615,,
171250,5.29319429397583,0.05,-6.049195766448975,,
171300,7.49711799621582,0.05,-6.5602264404296875,,
171350,1.5454860925674438,0.05,-7.676415920257568,,
171400,0.5282459855079651,0.05,-6.174478054046631,,
171450,2.6162490844726562,0.05,-6.77044153213501,,
171500,4.096636772155762,0.05,-6.495405673980713,,
171550,2.3882229328155518,0.05,-6.355893611907959,,
171600,1.2670036554336548,0.05,-6.050028324127197,,
171650,7.042779922485352,0.05,-5.682558536529541,,
171700,1.3207414150238037,0.05,-6.301088809967041,,
171750,8.915160179138184,0.05,-7.1816277503967285,,
171800,3.2232515811920166,0.05,-5.2452311515808105,,
171850,4.289808750152588,0.05,-6.75457763671875,,
171900,3.459501266479492,0.05,-6.93752908706665,,
171950,2.9688568115234375,0.05,-7.659097671508789,,
172000,2.084066152572632,0.05,-7.741312503814697,,
172050,3.3984148502349854,0.05,-5.8679280281066895,,
172100,2.6405603885650635,0.05,-6.1177191734313965,,
172150,2.434617280960083,0.05,-5.691847324371338,,
172200,0.2606470286846161,0.05,-5.695672988891602,,
172250,0.8835468292236328,0.05,-7.0457940101623535,,
172300,6.604870319366455,0.05,-5.833089828491211,,
172350,0.427080899477005,0.05,-5.073399066925049,,
172400,1.2953156232833862,0.05,-6.521534442901611,,
172450,2.720923662185669,0.05,-4.733604431152344,,
172500,10.557571411132812,0.05,-6.719295501708984,,
172550,1.2791041135787964,0.05,-5.794628620147705,,
172600,0.6479823589324951,0.05,-5.574897766113281,,
172650,2.6409401893615723,0.05,-5.72981595993042,,
172700,1.6030479669570923,0.05,-6.23540735244751,,
172750,3.0843636989593506,0.05,-7.220216274261475,,
172800,1.8924144506454468,0.05,-5.970914363861084,,
172850,0.5582018494606018,0.05,-6.099124908447266,,
172900,2.0424997806549072,0.05,-6.349659442901611,,
172950,0.5420837998390198,0.05,-5.144527912139893,,
173000,8.947981834411621,0.05,-7.0381340980529785,,
173050,4.699215412139893,0.05,-6.8710479736328125,,
173100,10.731327056884766,0.05,-5.805660724639893,,
173150,3.7096192836761475,0.05,-6.867455959320068,,
173200,5.944406986236572,0.05,-5.835703372955322,,
173250,6.0814385414123535,0.05,-6.601902008056641,,
173300,0.9486909508705139,0.05,-5.42683219909668,,
173350,2.1719114780426025,0.05,-7.072235584259033,,
173400,4.389584064483643,0.05,-6.894990921020508,,
173450,11.05239200592041,0.05,-7.495124816894531,,
173500,1.2666707038879395,0.05,-5.568262577056885,,
173550,2.0807111263275146,0.05,-6.548123836517334,,
173600,1.144264578819275,0.05,-6.922132968902588,,
173650,8.187788963317871,0.05,-6.205816268920898,,
173700,1.7295526266098022,0.05,-7.086374282836914,,
173750,3.529409646987915,0.05,-5.251002788543701,,
173800,6.570715427398682,0.05,-6.583633899688721,,
173850,6.686132907867432,0.05,-5.592052459716797,,
173900,0.6588002443313599,0.05,-5.072163105010986,,
173950,0.3378898799419403,0.05,-5.987894535064697,,
174000,6.716455459594727,0.05,-6.85917329788208,,
174050,4.991123676300049,0.05,-6.828338146209717,,
174100,1.073706030845642,0.05,-5.239456653594971,,
174150,5.764274597167969,0.05,-5.2947773933410645,,
174200,2.7919232845306396,0.05,-6.631831645965576,,
174250,6.619449615478516,0.05,-6.90156364440918,,
174300,3.7327871322631836,0.05,-6.2320427894592285,,
174350,4.335867404937744,0.05,-6.843588352203369,,
174400,0.9405520558357239,0.05,-6.0082831382751465,,
174450,0.8316240310668945,0.05,-5.929702281951904,,
174500,4.623770236968994,0.05,-7.081946849822998,,
174550,4.995020389556885,0.05,-6.687404632568359,,
174600,6.224597930908203,0.05,-6.914217472076416,,
174650,2.11000919342041,0.05,-6.197343349456787,,
174700,4.398092746734619,0.05,-5.843498706817627,,
174750,5.356138706207275,0.05,-5.399209976196289,,
174800,19.973970413208008,0.05,-7.0158162117004395,,
174850,9.585577964782715,0.05,-6.629265308380127,,
174900,10.151148796081543,0.05,-4.361917018890381,,
174950,8.964775085449219,0.05,-6.843400478363037,,
175000,0.3542034327983856,0.05,-6.848604679107666,-0.8939042770058823,33.733333333333334
175050,1.7554906606674194,0.05,-5.757924556732178,,
175100,3.991482973098755,0.05,-5.778419017791748,,
175150,0.5817915797233582,0.05,-5.416639804840088,,
175200,3.1170456409454346,0.05,-5.852015018463135,,
175250,7.052823543548584,0.05,-6.156347751617432,,
175300,6.465660095214844,0.05,-6.451322555541992,,
175350,3.877805709838867,0.05,-5.834415435791016,,
175400,1.9392281770706177,0.05,-5.507900714874268,,
175450,1.4725236892700195,0.05,-5.466572284698486,,
175500,3.948711395263672,0.05,-5.690832138061523,,
175550,1.633147120475769,0.05,-5.558013439178467,,
175600,11.372135162353516,0.05,-7.146251678466797,,
175650,8.256546020507812,0.05,-6.97625732421875,,
175700,2.237377405166626,0.05,-7.580740451812744,,
175750,12.003266334533691,0.05,-6.412015914916992,,
175800,9.702784538269043,0.05,-6.2027130126953125,,
175850,5.131720066070557,0.05,-5.013601303100586,,
175900,8.994104385375977,0.05,-5.923572540283203,,
175950,0.8346195220947266,0.05,-6.124944686889648,,
176000,2.527190923690796,0.05,-7.797071933746338,,
176050,0.5406014323234558,0.05,-7.048081874847412,,
176100,16.11029052734375,0.05,-6.727499485015869,,
176150,6.643296718597412,0.05,-7.549550533294678,,
176200,2.171379804611206,0.05,-6.610240936279297,,
176250,5.570085048675537,0.05,-6.967896938323975,,
176300,0.9404022097587585,0.05,-5.687319278717041,,
176350,5.915987491607666,0.05,-5.601686477661133,,
176400,0.5240947604179382,0.05,-6.694681167602539,,
176450,7.769421100616455,0.05,-5.998037815093994,,
176500,1.7120343446731567,0.05,-7.702176570892334,,
176550,2.8642184734344482,0.05,-6.658378601074219,,
176600,0.45049312710762024,0.05,-6.148426055908203,,
176650,3.632474184036255,0.05,-6.827041149139404,,
176700,1.1767350435256958,0.05,-6.412818908691406,,
176750,9.888050079345703,0.05,-7.625541687011719,,
176800,5.7144389152526855,0.05,-6.485208511352539,,
176850,4.38936185836792,0.05,-6.166991710662842,,
176900,8.914959907531738,0.05,-6.94647741317749,,
176950,2.0113108158111572,0.05,-7.158947467803955,,
177000,4.840434551239014,0.05,-6.933681488037109,,
177050,4.556142330169678,0.05,-6.262789249420166,,
177100,3.655660629272461,0.05,-6.263980388641357,,
177150,8.33436107635498,0.05,-6.34526252746582,,
177200,0.5724692344665527,0.05,-5.924532413482666,,
177250,1.1693722009658813,0.05,-5.615776062011719,,
177300,10.124346733093262,0.05,-6.91295862197876,,
177350,4.938346862792969,0.05,-5.947149753570557,,
177400,1.0873173475265503,0.05,-6.3625664710998535,,
177450,6.409745693206787,0.05,-6.2431511878967285,,
177500,1.8851113319396973,0.05,-5.382774353027344,,
177550,4.107738494873047,0.05,-5.583085536956787,,
177600,1.0310413837432861,0.05,-5.871708393096924,,
177650,8.08018970489502,0.05,-6.687870025634766,,
177700,4.986370086669922,0.05,-5.762336254119873,,
177750,4.785269260406494,0.05,-4.947286128997803,,
177800,2.491269826889038,0.05,-6.917333602905273,,
177850,0.6017931699752808,0.05,-6.397411346435547,,
177900,0.9128397107124329,0.05,-6.713789463043213,,
177950,2.723581552505493,0.05,-5.82710599899292,,
178000,8.717402458190918,0.05,-5.944995403289795,,
178050,1.1862863302230835,0.05,-6.781163692474365,,
178100,1.922996997833252,0.05,-6.683780670166016,,
178150,6.357961177825928,0.05,-6.608953952789307,,
178200,4.669210433959961,0.05,-6.258505344390869,,
178250,1.503149151802063,0.05,-5.869035243988037,,
178300,0.7382882237434387,0.05,-5.4290995597839355,,
178350,7.504575252532959,0.05,-5.294328212738037,,
178400,1.158049464225769,0.05,-5.700407028198242,,
178450,0.8726444840431213,0.05,-6.528396129608154,,
178500,0.6427871584892273,0.05,-6.125600814819336,,
178550,1.5232421159744263,0.05,-6.871156215667725,,
178600,1.3832470178604126,0.05,-6.792240142822266,,
178650,7.133272171020508,0.05,-5.418259143829346,,
178700,8.615022659301758,0.05,-7.6383819580078125,,
178750,3.669149398803711,0.05,-5.630861759185791,,
178800,2.5307018756866455,0.05,-5.816974639892578,,
178850,12.05115032196045,0.05,-8.074052810668945,,
178900,1.1278499364852905,0.05,-7.146595001220703,,
178950,1.2315019369125366,0.05,-6.755303859710693,,
179000,1.7740740776062012,0.05,-8.743756294250488,,
179050,1.4993547201156616,0.05,-6.877094268798828,,
179100,4.787718772888184,0.05,-6.585730075836182,,
179150,4.713918209075928,0.05,-7.149232387542725,,
179200,4.300931453704834,0.05,-5.572173595428467,,
179250,9.746228218078613,0.05,-8.332154273986816,,
179300,0.7234124541282654,0.05,-5.078577041625977,,
179350,4.325682163238525,0.05,-6.578747272491455,,
179400,5.930830478668213,0.05,-6.82335090637207,,
179450,4.330785751342773,0.05,-6.833143711090088,,
179500,9.536641120910645,0.05,-7.844156742095947,,
179550,5.519385814666748,0.05,-6.195013046264648,,
179600,11.921696662902832,0.05,-5.630680084228516,,
179650,0.6464827656745911,0.05,-6.222751617431641,,
179700,3.946925163269043,0.05,-7.460599422454834,,
179750,0.7575252652168274,0.05,-5.970350742340088,,
179800,6.04860258102417,0.05,-6.5004563331604,,
179850,3.5393364429473877,0.05,-6.466800689697266,,
179900,0.557001531124115,0.05,-5.88602876663208,,
179950,4.689019203186035,0.05,-6.976273059844971,,
180000,5.222795009613037,0.05,-7.031256198883057,,
180050,9.6878023147583,0.05,-6.806995868682861,,
180100,5.091209888458252,0.05,-6.631521701812744,,
180150,0.6374049782752991,0.05,-5.3964619636535645,,
180200,0.7881502509117126,0.05,-5.774620532989502,,
180250,1.2825697660446167,0.05,-8.007967948913574,,
180300,9.118512153625488,0.05,-6.618557453155518,,
180350,0.9146404266357422,0.05,-6.492908000946045,,
180400,2.311190128326416,0.05,-6.679946422576904,,
180450,3.3789920806884766,0.05,-7.072011470794678,,
180500,1.602887749671936,0.05,-6.880289554595947,,
180550,0.6004589200019836,0.05,-6.493408203125,,
180600,2.560346841812134,0.05,-5.724910259246826,,
180650,4.662932872772217,0.05,-6.211854934692383,,
180700,5.99987268447876,0.05,-6.497257232666016,,
180750,0.507676362991333,0.05,-5.449800968170166,,
180800,6.098989009857178,0.05,-5.312178134918213,,
180850,8.236654281616211,0.05,-6.6524786949157715,,
180900,4.370754718780518,0.05,-5.604103088378906,,
180950,2.622049570083618,0.05,-4.975053310394287,,
181000,9.334668159484863,0.05,-5.856504917144775,,
181050,4.56218957901001,0.05,-6.444406509399414,,
181100,0.8639265894889832,0.05,-6.304983615875244,,
181150,2.009568452835083,0.05,-6.04010009765625,,
181200,3.2156426906585693,0.05,-7.442996501922607,,
181250,4.208749294281006,0.05,-6.711996078491211,,
181300,4.961904048919678,0.05,-5.78032922744751,,
181350,3.242999315261841,0.05,-5.884101390838623,,
181400,5.299249172210693,0.05,-5.70759391784668,,
181450,4.568517684936523,0.05,-5.55809211730957,,
181500,1.9487165212631226,0.05,-6.37445068359375,,
181550,0.6689170002937317,0.05,-6.474833011627197,,
181600,3.418450355529785,0.05,-5.277935981750488,,
181650,0.760248601436615,0.05,-5.704891204833984,,
181700,0.7846929430961609,0.05,-6.160571575164795,,
181750,8.801222801208496,0.05,-5.368093013763428,,
181800,1.1198090314865112,0.05,-6.7590508460998535,,
181850,4.918674468994141,0.05,-6.531040668487549,,
181900,3.1964073181152344,0.05,-5.890863418579102,,
181950,9.322154998779297,0.05,-5.221109390258789,,
182000,8.48126220703125,0.05,-6.163424015045166,,
182050,5.271304607391357,0.05,-7.100322723388672,,
182100,6.32429838180542,0.05,-7.024374008178711,,
182150,6.685905933380127,0.05,-7.336689472198486,,
182200,7.514528274536133,0.05,-7.626714706420898,,
182250,0.5806452035903931,0.05,-6.2667012214660645,,
182300,0.4699885845184326,0.05,-5.486318588256836,,
182350,5.220937252044678,0.05,-7.225471496582031,,
182400,1.4068756103515625,0.05,-6.430088043212891,,
182450,5.084618091583252,0.05,-6.817144870758057,,
182500,1.016615390777588,0.05,-5.512792587280273,,
182550,3.8871843814849854,0.05,-6.6331305503845215,,
182600,6.392445087432861,0.05,-6.53944206237793,,
182650,6.9091410636901855,0.05,-6.291957855224609,,
182700,4.932424068450928,0.05,-5.7920308113098145,,
182750,0.4238950312137604,0.05,-6.724239349365234,,
182800,10.99340534210205,0.05,-6.678821563720703,,
182850,14.164745330810547,0.05,-6.362449645996094,,
182900,7.744688034057617,0.05,-6.526241302490234,,
182950,0.6143909692764282,0.05,-7.004899978637695,,
183000,0.4590369760990143,0.05,-6.63267183303833,,
183050,8.595168113708496,0.05,-5.73692512512207,,
183100,1.3839918375015259,0.05,-5.974620819091797,,
183150,1.6185604333877563,0.05,-5.638933181762695,,
183200,8.44863224029541,0.05,-6.1233649253845215,,
183250,0.8994627594947815,0.05,-7.044384002685547,,
183300,0.9361565113067627,0.05,-6.200628280639648,,
183350,0.6867236495018005,0.05,-5.876364231109619,,
183400,1.0315231084823608,0.05,-5.854276180267334,,
183450,1.5359200239181519,0.05,-5.752767562866211,,
183500,2.2030513286590576,0.05,-5.75756311416626,,
183550,1.121124267578125,0.05,-6.633058071136475,,
183600,5.414613723754883,0.05,-5.339750289916992,,
183650,6.3120198249816895,0.05,-6.08653450012207,,
183700,2.6135759353637695,0.05,-6.849085330963135,,
183750,1.249466061592102,0.05,-5.508674621582031,,
183800,4.075962543487549,0.05,-5.5083909034729,,
183850,2.76776385307312,0.05,-6.0654144287109375,,
183900,4.098423004150391,0.05,-6.276026248931885,,
183950,6.367185115814209,0.05,-6.706993579864502,,
184000,5.132050037384033,0.05,-5.456476211547852,,
184050,4.9647908210754395,0.05,-6.793555736541748,,
184100,2.617166757583618,0.05,-5.570278167724609,,
184150,2.659987449645996,0.05,-6.319075107574463,,
184200,4.792396068572998,0.05,-6.156196117401123,,
184250,5.002750396728516,0.05,-7.763284206390381,,
184300,7.604655742645264,0.05,-6.625821590423584,,
184350,2.6045749187469482,0.05,-6.935140132904053,,
184400,1.5090590715408325,0.05,-4.945151329040527,,
184450,0.3847750425338745,0.05,-6.849142074584961,,
184500,7.85926628112793,0.05,-8.161683082580566,,
184550,7.593790054321289,0.05,-6.432641983032227,,
184600,8.123085021972656,0.05,-5.773860931396484,,
184650,2.526665449142456,0.05,-5.948157787322998,,
184700,0.8688696026802063,0.05,-5.529615879058838,,
184750,5.2350544929504395,0.05,-6.055690765380859,,
184800,0.5492978692054749,0.05,-6.411647796630859,,
184850,0.4765932261943817,0.05,-5.325292587280273,,
184900,6.605432987213135,0.05,-7.326300144195557,,
184950,6.049315929412842,0.05,-5.233428478240967,,
185000,4.9691267013549805,0.05,-6.399513244628906,,
185050,0.2664930522441864,0.05,-5.62022590637207,,
185100,4.292510509490967,0.05,-5.811032772064209,,
185150,4.378739356994629,0.05,-6.653875827789307,,
185200,0.41192328929901123,0.05,-5.267536163330078,,
185250,10.024889945983887,0.05,-7.812374591827393,,
185300,1.6583328247070312,0.05,-7.219526290893555,,
185350,7.895835876464844,0.05,-5.905988693237305,,
185400,7.720881938934326,0.05,-5.456940174102783,,
185450,2.5800387859344482,0.05,-5.835260391235352,,
185500,2.0226762294769287,0.05,-5.238296985626221,,
185550,14.2095947265625,0.05,-5.76281213760376,,
185600,6.736613750457764,0.05,-5.933474063873291,,
185650,3.7317161560058594,0.05,-5.319269180297852,,
185700,0.33717361092567444,0.05,-5.130704402923584,,
185750,1.1128889322280884,0.05,-5.714766025543213,,
185800,1.6401864290237427,0.05,-5.142897605895996,,
185850,1.3898043632507324,0.05,-5.591787815093994,,
185900,3.2650153636932373,0.05,-5.787168025970459,,
185950,2.7535855770111084,0.05,-6.005720138549805,,
186000,9.792523384094238,0.05,-5.835520267486572,,
186050,3.3310184478759766,0.05,-5.442638874053955,,
186100,4.251328468322754,0.05,-5.185362815856934,,
186150,4.804318428039551,0.05,-4.82439661026001,,
186200,0.5739303231239319,0.05,-5.490348815917969,,
186250,7.140493392944336,0.05,-4.839550495147705,,
186300,1.921866774559021,0.05,-6.50267219543457,,
186350,4.4696946144104,0.05,-7.6163177490234375,,
186400,1.4583892822265625,0.05,-6.256890773773193,,
186450,5.009195804595947,0.05,-5.69343376159668,,
186500,8.619714736938477,0.05,-6.118183135986328,,
186550,3.713794708251953,0.05,-6.3229660987854,,
186600,1.069522500038147,0.05,-5.9635491371154785,,
186650,0.592573344707489,0.05,-5.430080890655518,,
186700,10.322640419006348,0.05,-6.617973804473877,,
186750,3.8214035034179688,0.05,-5.741115570068359,,
186800,3.6678154468536377,0.05,-5.860780239105225,,
186850,5.873647212982178,0.05,-6.314933776855469,,
186900,6.0923638343811035,0.05,-6.381414890289307,,
186950,2.78521728515625,0.05,-4.608052730560303,,
187000,12.424878120422363,0.05,-5.704040050506592,,
187050,0.45380833745002747,0.05,-6.577306270599365,,
187100,2.3350565433502197,0.05,-4.940501689910889,,
187150,0.9696044325828552,0.05,-5.253631114959717,,
187200,2.570570707321167,0.05,-6.39500617980957,,
187250,11.416603088378906,0.05,-6.115961074829102,,
187300,0.5637103915214539,0.05,-7.001402378082275,,
187350,6.290553569793701,0.05,-5.564347743988037,,
187400,6.105170726776123,0.05,-6.292888641357422,,
187450,3.921480894088745,0.05,-6.256381511688232,,
187500,2.514955759048462,0.05,-4.902083873748779,,
187550,3.908269166946411,0.05,-6.041433334350586,,
187600,2.529566764831543,0.05,-6.097009181976318,,
187650,9.086381912231445,0.05,-6.120204448699951,,
187700,1.1671217679977417,0.05,-5.321142673492432,,
187750,1.2925609350204468,0.05,-5.0838494300842285,,
187800,1.486410140991211,0.05,-6.0882568359375,,
187850,1.1396268606185913,0.05,-6.024118423461914,,
187900,5.053624629974365,0.05,-6.089971542358398,,
187950,4.32775354385376,0.05,-6.31843900680542,,
188000,7.609655857086182,0.05,-5.5465474128723145,,
188050,5.444591522216797,0.05,-6.04071044921875,,
188100,4.015780925750732,0.05,-5.626872539520264,,
188150,13.454063415527344,0.05,-5.546514987945557,,
188200,0.7918038964271545,0.05,-4.9754815101623535,,
188250,0.5125820636749268,0.05,-5.104824066162109,,
188300,4.443080902099609,0.05,-6.316808223724365,,
188350,1.0108091831207275,0.05,-6.217226028442383,,
188400,3.3731911182403564,0.05,-7.121461868286133,,
188450,4.951426982879639,0.05,-5.339127063751221,,
188500,7.1236090660095215,0.05,-6.51568078994751,,
188550,6.9411492347717285,0.05,-5.736172199249268,,
188600,7.695168972015381,0.05,-5.481889724731445,,
188650,7.6400532722473145,0.05,-6.040594577789307,,
188700,1.664918065071106,0.05,-6.395493984222412,,
188750,1.3017414808273315,0.05,-6.214508533477783,,
188800,2.304753541946411,0.05,-5.835168361663818,,
188850,1.4251197576522827,0.05,-5.741364002227783,,
188900,1.0314494371414185,0.05,-5.200821876525879,,
188950,1.7257442474365234,0.05,-5.758187770843506,,
189000,1.0137406587600708,0.05,-6.234821796417236,,
189050,2.744044065475464,0.05,-6.354324817657471,,
189100,1.930546760559082,0.05,-5.4946417808532715,,
189150,2.3925631046295166,0.05,-6.425580978393555,,
189200,5.762130260467529,0.05,-6.371936798095703,,
189250,10.887961387634277,0.05,-6.92514181137085,,
189300,4.057476043701172,0.05,-7.23672342300415,,
189350,1.9207426309585571,0.05,-6.435302257537842,,
189400,4.779297828674316,0.05,-5.068889141082764,,
189450,4.166774749755859,0.05,-5.7482147216796875,,
189500,3.5295894145965576,0.05,-6.245332717895508,,
189550,1.5841478109359741,0.05,-6.21818208694458,,
189600,7.849855422973633,0.05,-6.672240734100342,,
189650,0.23543590307235718,0.05,-5.395791530609131,,
189700,11.108524322509766,0.05,-6.4668450355529785,,
189750,2.5748450756073,0.05,-5.917404651641846,,
189800,2.569801092147827,0.05,-5.506466388702393,,
189850,3.715276002883911,0.05,-6.6584248542785645,,
189900,1.4293795824050903,0.05,-5.1122307777404785,,
189950,3.4792397022247314,0.05,-6.163851261138916,,
190000,0.18470501899719238,0.05,-5.105762958526611,,
190050,4.835845947265625,0.05,-5.464722156524658,,
190100,5.030238628387451,0.05,-5.198652267456055,,
190150,4.067494869232178,0.05,-6.624253749847412,,
190200,1.0129808187484741,0.05,-5.623423099517822,,
190250,3.2963695526123047,0.05,-6.685112476348877,,
190300,0.7096899151802063,0.05,-6.098747253417969,,
190350,2.016577959060669,0.05,-6.0486602783203125,,
190400,6.033724308013916,0.05,-5.843127727508545,,
190450,6.236327648162842,0.05,-6.129802703857422,,
190500,0.8642988801002502,0.05,-6.357507228851318,,
190550,1.197934865951538,0.05,-4.945837497711182,,
190600,2.0778234004974365,0.05,-5.837472915649414,,
190650,1.1383261680603027,0.05,-6.5787787437438965,,
190700,3.746652841567993,0.05,-4.941235542297363,,
190750,6.358226299285889,0.05,-7.765226364135742,,
190800,11.349759101867676,0.05,-5.983104228973389,,
190850,2.024001121520996,0.05,-5.589164733886719,,
190900,4.5708184242248535,0.05,-5.402551651000977,,
190950,5.904232025146484,0.05,-5.4023284912109375,,
191000,5.49667501449585,0.05,-5.825216770172119,,
191050,7.296852111816406,0.05,-6.9094977378845215,,
191100,4.383739471435547,0.05,-6.169961929321289,,
191150,0.533774733543396,0.05,-5.247904300689697,,
191200,4.661281585693359,0.05,-6.876724720001221,,
191250,3.363555908203125,0.05,-5.8834075927734375,,
191300,10.086697578430176,0.05,-5.797621250152588,,
191350,3.1933157444000244,0.05,-6.312337398529053,,
191400,3.9036672115325928,0.05,-5.965259552001953,,
191450,5.377748012542725,0.05,-7.017023086547852,,
191500,0.31712713837623596,0.05,-4.815066814422607,,
191550,5.627336025238037,0.05,-5.701475620269775,,
191600,3.6433284282684326,0.05,-6.601499080657959,,
191650,5.978652477264404,0.05,-5.5679931640625,,
191700,1.0344198942184448,0.05,-6.466696262359619,,
191750,5.058510780334473,0.05,-6.083529949188232,,
191800,0.88291335105896,0.05,-7.148382186889648,,
191850,3.426924705505371,0.05,-5.8170013427734375,,
191900,3.7747039794921875,0.05,-6.113674640655518,,
191950,3.2397115230560303,0.05,-5.724765777587891,,
192000,12.180760383605957,0.05,-8.279544830322266,,
192050,0.5856150984764099,0.05,-5.079267978668213,,
192100,10.6055326461792,0.05,-5.7842183113098145,,
192150,14.391274452209473,0.05,-5.327280044555664,,
192200,2.728534460067749,0.05,-6.964242935180664,,
192250,12.449322700500488,0.05,-6.592692852020264,,
192300,3.328357458114624,0.05,-6.142761707305908,,
192350,0.7501252293586731,0.05,-5.855186462402344,,
192400,0.7481741905212402,0.05,-6.921986103057861,,
192450,5.362041473388672,0.05,-8.044554710388184,,
192500,4.084502696990967,0.05,-5.484499454498291,,
192550,2.9641878604888916,0.05,-6.24920654296875,,
192600,3.9021236896514893,0.05,-6.25214147567749,,
192650,3.773998975753784,0.05,-5.317384719848633,,
192700,3.2497398853302,0.05,-4.881808757781982,,
192750,7.4517645835876465,0.05,-6.074714660644531,,
192800,2.346440315246582,0.05,-6.074676513671875,,
192850,4.2039361000061035,0.05,-5.308445930480957,,
192900,1.6189274787902832,0.05,-6.956626892089844,,
192950,2.480605363845825,0.05,-5.206377029418945,,
193000,1.2416678667068481,0.05,-6.836644649505615,,
193050,1.1638836860656738,0.05,-6.218752384185791,,
193100,1.956758975982666,0.05,-5.509609222412109,,
193150,0.7773560881614685,0.05,-5.7528862953186035,,
193200,0.5520607829093933,0.05,-5.330868244171143,,
193250,4.036609172821045,0.05,-5.224820613861084,,
193300,4.190244197845459,0.05,-5.825297832489014,,
193350,0.8554112911224365,0.05,-5.619072437286377,,
193400,3.2597382068634033,0.05,-6.156341075897217,,
193450,2.8944664001464844,0.05,-6.260518550872803,,
193500,1.3302778005599976,0.05,-5.438859939575195,,
193550,3.6505138874053955,0.05,-5.887790679931641,,
193600,1.964226245880127,0.05,-5.998020648956299,,
193650,3.1603047847747803,0.05,-4.894016265869141,,
193700,1.9236106872558594,0.05,-5.740678310394287,,
193750,0.8221883773803711,0.05,-5.39448356628418,,
193800,4.00533390045166,0.05,-6.707677841186523,,
193850,4.627099514007568,0.05,-6.725175380706787,,
193900,3.2451722621917725,0.05,-4.961867332458496,,
193950,1.0664960145950317,0.05,-5.3327107429504395,,
194000,5.652577877044678,0.05,-5.616870403289795,,
194050,2.8996381759643555,0.05,-5.040104389190674,,
194100,1.3762277364730835,0.05,-5.555250644683838,,
194150,2.922653913497925,0.05,-5.11950159072876,,
194200,5.167758464813232,0.05,-5.371576309204102,,
194250,0.1970556527376175,0.05,-5.390016078948975,,
194300,3.652308464050293,0.05,-5.042614936828613,,
194350,10.474624633789062,0.05,-6.425422191619873,,
194400,0.6986737251281738,0.05,-5.1943182945251465,,
194450,2.8604376316070557,0.05,-5.557231903076172,,
194500,2.124680280685425,0.05,-5.7077765464782715,,
194550,2.851473093032837,0.05,-5.67203950881958,,
194600,0.9715728759765625,0.05,-6.149380207061768,,
194650,6.122186660766602,0.05,-6.141664981842041,,
194700,3.2880494594573975,0.05,-4.766783237457275,,
194750,1.9507986307144165,0.05,-5.933371067047119,,
194800,0.9132326245307922,0.05,-5.613836288452148,,
194850,0.417834997177124,0.05,-5.830897808074951,,
194900,7.211066722869873,0.05,-6.240092754364014,,
194950,0.5701683163642883,0.05,-6.23782205581665,,
195000,1.739266037940979,0.05,-6.494409084320068,,
195050,6.27116060256958,0.05,-5.842005252838135,,
195100,1.9812655448913574,0.05,-6.440999984741211,,
195150,1.5250792503356934,0.05,-5.916206359863281,,
195200,4.218149662017822,0.05,-5.513829708099365,,
195250,2.4979424476623535,0.05,-6.297269344329834,,
195300,2.946255683898926,0.05,-5.855326175689697,,
195350,3.9763450622558594,0.05,-6.132055759429932,,
195400,0.48324480652809143,0.05,-5.09597110748291,,
195450,4.584579944610596,0.05,-5.284348011016846,,
195500,3.2140862941741943,0.05,-5.600963592529297,,
195550,4.728151798248291,0.05,-5.318981647491455,,
195600,9.858654975891113,0.05,-6.08590841293335,,
195650,4.021287441253662,0.05,-5.3826212882995605,,
195700,1.1041861772537231,0.05,-7.403158187866211,,
195750,0.3218154013156891,0.05,-5.004602909088135,,
195800,1.5925592184066772,0.05,-6.058013916015625,,
195850,0.5634006857872009,0.05,-4.981417655944824,,
195900,2.449880838394165,0.05,-5.799498081207275,,
195950,1.6171302795410156,0.05,-5.56658935546875,,
196000,0.3401600420475006,0.05,-6.254105091094971,,
196050,4.260390758514404,0.05,-6.052741527557373,,
196100,16.477567672729492,0.05,-6.727897644042969,,
196150,5.5054030418396,0.05,-5.232264995574951,,
196200,10.862174987792969,0.05,-5.941464900970459,,
196250,2.2148401737213135,0.05,-6.0094075202941895,,
196300,1.3414121866226196,0.05,-6.000985622406006,,
196350,2.9161736965179443,0.05,-6.453819274902344,,
196400,10.979889869689941,0.05,-5.898207187652588,,
196450,1.055273175239563,0.05,-5.464534759521484,,
196500,8.515081405639648,0.05,-6.074438571929932,,
196550,3.931859254837036,0.05,-5.9145636558532715,,
196600,2.8912250995635986,0.05,-5.318971157073975,,
196650,3.51251482963562,0.05,-6.428354263305664,,
196700,2.171278238296509,0.05,-5.959539890289307,,
196750,5.887281894683838,0.05,-7.596238613128662,,
196800,0.4769172668457031,0.05,-4.764134883880615,,
196850,3.925468683242798,0.05,-5.12633752822876,,
196900,0.797213077545166,0.05,-5.9006500244140625,,
196950,6.338267803192139,0.05,-5.760416507720947,,
197000,2.2302260398864746,0.05,-5.696216583251953,,
197050,1.040094017982483,0.05,-6.4977240562438965,,
197100,14.474493980407715,0.05,-5.861903667449951,,
197150,2.411475658416748,0.05,-5.1109418869018555,,
197200,1.0261043310165405,0.05,-5.000670433044434,,
197250,2.4192049503326416,0.05,-6.293851852416992,,
197300,1.0643826723098755,0.05,-5.337300777435303,,
197350,2.6029486656188965,0.05,-5.446100234985352,,
197400,4.039021968841553,0.05,-6.143113613128662,,
197450,2.922276496887207,0.05,-5.326467990875244,,
197500,5.353949069976807,0.05,-5.136476039886475,,
197550,2.554992914199829,0.05,-5.632504940032959,,
197600,2.7372992038726807,0.05,-5.978706359863281,,
197650,6.554843902587891,0.05,-6.2006659507751465,,
197700,1.3450021743774414,0.05,-5.401702404022217,,
197750,1.9658937454223633,0.05,-5.492242336273193,,
197800,1.8794516324996948,0.05,-5.790798187255859,,
197850,6.344748020172119,0.05,-6.555166721343994,,
197900,8.850447654724121,0.05,-5.783142566680908,,
197950,3.056790590286255,0.05,-5.410436630249023,,
198000,3.203770637512207,0.05,-5.186412334442139,,
198050,0.7902417182922363,0.05,-7.030135631561279,,
198100,2.4215474128723145,0.05,-4.749658107757568,,
198150,5.9987921714782715,0.05,-5.844482898712158,,
198200,0.8623911738395691,0.05,-5.168243885040283,,
198250,2.502234697341919,0.05,-6.372457981109619,,
198300,0.6448671817779541,0.05,-5.9026198387146,,
198350,13.043852806091309,0.05,-6.404870510101318,,
198400,2.99341082572937,0.05,-5.464095592498779,,
198450,3.203078031539917,0.05,-5.55341100692749,,
198500,4.33003568649292,0.05,-4.28432559967041,,
198550,5.9785943031311035,0.05,-6.173532485961914,,
198600,7.438699245452881,0.05,-6.129638671875,,
198650,1.243700385093689,0.05,-5.209290504455566,,
198700,3.7656593322753906,0.05,-4.493887424468994,,
198750,1.152847170829773,0.05,-4.848130702972412,,
198800,2.227224111557007,0.05,-5.4672393798828125,,
198850,1.175147533416748,0.05,-6.063493251800537,,
198900,6.268459796905518,0.05,-4.844977855682373,,
198950,1.7065414190292358,0.05,-4.763792514801025,,
199000,3.4662551879882812,0.05,-4.303619861602783,,
199050,9.1682767868042,0.05,-6.662466049194336,,
199100,4.942322254180908,0.05,-5.803748607635498,,
199150,7.329020023345947,0.05,-6.252048015594482,,
199200,2.0660948753356934,0.05,-5.3436455726623535,,
199250,8.665545463562012,0.05,-5.981661319732666,,
199300,1.7020477056503296,0.05,-4.751667499542236,,
199350,1.1326183080673218,0.05,-6.254308700561523,,
199400,2.394522190093994,0.05,-5.5010528564453125,,
199450,1.236618161201477,0.05,-6.370260715484619,,
199500,1.9700106382369995,0.05,-5.633652210235596,,
199550,10.288272857666016,0.05,-5.076369762420654,,
199600,1.3236360549926758,0.05,-4.459730625152588,,
199650,1.2486437559127808,0.05,-5.427287578582764,,
199700,5.207192897796631,0.05,-4.743885517120361,,
199750,0.5710597634315491,0.05,-5.580082416534424,,
199800,4.776910305023193,0.05,-5.67628812789917,,
199850,4.983461856842041,0.05,-5.622650623321533,,
199900,2.4299213886260986,0.05,-5.629143238067627,,
199950,4.06328821182251,0.05,-5.840539455413818,,
200000,0.5463889241218567,0.05,-5.3976311683654785,-0.7389835756428631,32.0
200050,5.7699432373046875,0.05,-6.138693332672119,,
200100,4.340749263763428,0.05,-5.259002208709717,,
200150,3.509488344192505,0.05,-4.401482105255127,,
200200,0.4696502983570099,0.05,-4.729735851287842,,
200250,2.3001434803009033,0.05,-5.376658916473389,,
200300,6.767302989959717,0.05,-5.176406383514404,,
200350,2.5799341201782227,0.05,-5.007638454437256,,
200400,2.9122159481048584,0.05,-4.978586673736572,,
200450,2.1692323684692383,0.05,-4.170398712158203,,
200500,0.3337794840335846,0.05,-4.054545879364014,,
200550,6.422880172729492,0.05,-5.665250301361084,,
200600,0.5635766386985779,0.05,-5.758861064910889,,
200650,0.32334697246551514,0.05,-4.778468608856201,,
200700,4.005300998687744,0.05,-4.806796073913574,,
200750,0.38131269812583923,0.05,-4.881100177764893,,
200800,4.077884674072266,0.05,-4.4555792808532715,,
200850,3.2402172088623047,0.05,-4.985209941864014,,
200900,7.100683212280273,0.05,-6.687389850616455,,
200950,2.7518112659454346,0.05,-5.543125629425049,,
201000,3.343108892440796,0.05,-4.471931457519531,,
201050,0.9498781561851501,0.05,-5.598182678222656,,
201100,4.496370792388916,0.05,-5.671244144439697,,
201150,1.1859074831008911,0.05,-4.4216461181640625,,
201200,0.5596591234207153,0.05,-3.900738477706909,,
201250,0.6889697909355164,0.05,-5.121461391448975,,
201300,8.191729545593262,0.05,-6.3864970207214355,,
201350,9.954575538635254,0.05,-5.760706424713135,,
201400,0.9348304271697998,0.05,-4.691098690032959,,
201450,0.2799171209335327,0.05,-4.280726909637451,,
201500,1.4770865440368652,0.05,-5.728625774383545,,
201550,6.302511692047119,0.05,-4.819429397583008,,
201600,0.6477260589599609,0.05,-5.655187129974365,,
201650,1.5790009498596191,0.05,-5.239363670349121,,
201700,9.809476852416992,0.05,-4.741744518280029,,
201750,3.4411356449127197,0.05,-5.9525933265686035,,
201800,8.835515022277832,0.05,-5.683925628662109,,
201850,0.7280202507972717,0.05,-4.467097759246826,,
201900,4.274949550628662,0.05,-7.096708297729492,,
201950,5.229078769683838,0.05,-5.2028727531433105,,
202000,4.088735103607178,0.05,-4.908974647521973,,
202050,0.7506430149078369,0.05,-6.0327019691467285,,
202100,8.103972434997559,0.05,-6.6112799644470215,,
202150,6.604362487792969,0.05,-5.850564956665039,,
202200,1.1895899772644043,0.05,-5.192516326904297,,
202250,3.9768073558807373,0.05,-4.864738941192627,,
202300,6.859267711639404,0.05,-4.7784576416015625,,
202350,6.8062663078308105,0.05,-5.871169567108154,,
202400,7.9947333335876465,0.05,-4.858628273010254,,
202450,1.145402431488037,0.05,-4.848882675170898,,
202500,7.928104400634766,0.05,-5.363056659698486,,
202550,0.7390599250793457,0.05,-4.526611804962158,,
202600,13.400436401367188,0.05,-5.833375930786133,,
202650,2.1202452182769775,0.05,-6.383739471435547,,
202700,0.5648466348648071,0.05,-4.964439392089844,,
202750,2.44284725189209,0.05,-4.412761211395264,,
202800,5.067935466766357,0.05,-5.619175434112549,,
202850,5.625051498413086,0.05,-4.3336100578308105,,
202900,1.6598806381225586,0.05,-4.7462544441223145,,
202950,4.50110387802124,0.05,-4.833840847015381,,
203000,0.3107739984989166,0.05,-5.617683410644531,,
203050,0.27562156319618225,0.05,-4.824773788452148,,
203100,2.0317463874816895,0.05,-4.632077693939209,,
203150,2.253063917160034,0.05,-5.328099727630615,,
203200,4.684814453125,0.05,-5.879835605621338,,
203250,0.8442444801330566,0.05,-6.06969690322876,,
203300,8.333699226379395,0.05,-5.477159023284912,,
203350,7.659810543060303,0.05,-5.405137538909912,,
203400,7.351988315582275,0.05,-5.896688938140869,,
203450,5.365933895111084,0.05,-5.056934833526611,,
203500,0.3660161793231964,0.05,-5.365793704986572,,
203550,0.27653172612190247,0.05,-4.673295497894287,,
203600,1.1293288469314575,0.05,-4.824066162109375,,
203650,5.657496929168701,0.05,-5.661275863647461,,
203700,0.7071850299835205,0.05,-4.669422626495361,,
203750,1.2289124727249146,0.05,-4.3706440925598145,,
203800,5.793696880340576,0.05,-5.610252857208252,,
203850,0.12149900943040848,0.05,-4.418493747711182,,
203900,0.6848124861717224,0.05,-4.902807235717773,,
203950,1.6572610139846802,0.05,-5.140798568725586,,
204000,0.6780726909637451,0.05,-5.199615001678467,,
204050,5.494473934173584,0.05,-5.376232624053955,,
204100,4.761434078216553,0.05,-4.5670084953308105,,
204150,4.23388147354126,0.05,-5.229857921600342,,
204200,8.861394882202148,0.05,-5.969638347625732,,
204250,8.108075141906738,0.05,-5.341667175292969,,
204300,1.9852089881896973,0.05,-5.782833099365234,,
204350,1.4637147188186646,0.05,-4.430463790893555,,
204400,4.539363861083984,0.05,-6.3181471824646,,
204450,3.929527997970581,0.05,-5.093138217926025,,
204500,3.4927291870117188,0.05,-6.13517951965332,,
204550,0.48812630772590637,0.05,-5.0211501121521,,
204600,5.4226508140563965,0.05,-5.612873077392578,,
204650,2.5655887126922607,0.05,-5.0775065422058105,,
204700,3.963716506958008,0.05,-5.0939764976501465,,
204750,2.042099952697754,0.05,-6.775350093841553,,
204800,0.7355758547782898,0.05,-4.662412643432617,,
204850,5.589269638061523,0.05,-4.84140157699585,,
204900,5.119473457336426,0.05,-5.47688627243042,,
204950,0.5226330757141113,0.05,-5.346103668212891,,
205000,3.874828338623047,0.05,-6.000387668609619,,
205050,2.310922384262085,0.05,-5.513342380523682,,
205100,7.015660762786865,0.05,-5.038669586181641,,
205150,0.7686660885810852,0.05,-6.0786356925964355,,
205200,1.4606819152832031,0.05,-4.962327480316162,,
205250,6.141509532928467,0.05,-6.2749857902526855,,
205300,0.6145078539848328,0.05,-5.074072360992432,,
205350,0.23030023276805878,0.05,-4.229742527008057,,
205400,0.8379831910133362,0.05,-4.874929904937744,,
205450,7.2826666831970215,0.05,-5.56023645401001,,
205500,0.8292720913887024,0.05,-6.173196315765381,,
205550,2.450899362564087,0.05,-6.775363922119141,,
205600,4.048060894012451,0.05,-5.768617630004883,,
205650,3.209548234939575,0.05,-4.9268622398376465,,
205700,5.03530740737915,0.05,-5.432206630706787,,
205750,3.05159854888916,0.05,-6.738828182220459,,
205800,7.955524444580078,0.05,-5.456769943237305,,
205850,6.262866497039795,0.05,-5.157911777496338,,
205900,1.719528317451477,0.05,-5.162448883056641,,
205950,3.938507318496704,0.05,-6.080374240875244,,
206000,0.79881352186203,0.05,-4.475636005401611,,
206050,6.0928497314453125,0.05,-4.826165676116943,,
206100,0.5241895318031311,0.05,-4.930879592895508,,
206150,8.704089164733887,0.05,-4.763503551483154,,
206200,1.2266768217086792,0.05,-5.2639851570129395,,
206250,1.289482831954956,0.05,-5.310975551605225,,
206300,3.9434306621551514,0.05,-4.7522759437561035,,
206350,4.701448917388916,0.05,-4.467226982116699,,
206400,4.013118267059326,0.05,-4.519132137298584,,
206450,0.9544339179992676,0.05,-5.493568420410156,,
206500,0.7634573578834534,0.05,-4.5112624168396,,
206550,2.998356819152832,0.05,-4.929579257965088,,
206600,3.5026047229766846,0.05,-4.360961437225342,,
206650,0.4786417484283447,0.05,-5.027815341949463,,
206700,1.979317307472229,0.05,-5.126734256744385,,
206750,3.9106616973876953,0.05,-6.936086177825928,,
206800,5.010015487670898,0.05,-6.7641215324401855,,
206850,1.085017204284668,0.05,-5.495150089263916,,
206900,7.586530685424805,0.05,-4.708779811859131,,
206950,4.021693706512451,0.05,-5.831314563751221,,
207000,4.157329559326172,0.05,-6.475343227386475,,
207050,4.335349082946777,0.05,-4.94457483291626,,
207100,1.4991117715835571,0.05,-4.589540004730225,,
207150,1.6307202577590942,0.05,-5.386240482330322,,
207200,1.4888592958450317,0.05,-5.733808517456055,,
207250,7.481618404388428,0.05,-4.110996723175049,,
207300,4.887856483459473,0.05,-5.298871994018555,,
207350,10.709219932556152,0.05,-5.700750350952148,,
207400,1.290531873703003,0.05,-6.47875452041626,,
207450,3.2809488773345947,0.05,-5.331915378570557,,
207500,8.694632530212402,0.05,-4.853329658508301,,
207550,8.97364330291748,0.05,-4.994672775268555,,
207600,0.7105942368507385,0.05,-4.806233882904053,,
207650,3.31023907661438,0.05,-4.049217700958252,,
207700,4.677672863006592,0.05,-5.440033435821533,,
207750,6.689232349395752,0.05,-4.855291843414307,,
207800,0.3244836628437042,0.05,-4.812571048736572,,
207850,12.224244117736816,0.05,-4.5360493659973145,,
207900,4.201373100280762,0.05,-5.254560470581055,,
207950,11.328640937805176,0.05,-5.443601608276367,,
208000,3.355092763900757,0.05,-3.8318088054656982,,
208050,4.9068217277526855,0.05,-5.645117282867432,,
208100,2.110994577407837,0.05,-4.6746134757995605,,
208150,0.48150452971458435,0.05,-5.046219825744629,,
208200,1.0708355903625488,0.05,-5.500135898590088,,
208250,0.8102747797966003,0.05,-5.236430644989014,,
208300,4.659768581390381,0.05,-5.5042805671691895,,
208350,13.571404457092285,0.05,-5.200648307800293,,
208400,4.770042896270752,0.05,-6.113575458526611,,
208450,6.6560750007629395,0.05,-5.829192638397217,,
208500,1.3019872903823853,0.05,-5.2308526039123535,,
208550,1.1521344184875488,0.05,-5.8146185874938965,,
208600,2.3819236755371094,0.05,-5.915973663330078,,
208650,1.4309190511703491,0.05,-4.654952049255371,,
208700,3.5838890075683594,0.05,-6.179593563079834,,
208750,5.200064182281494,0.05,-5.7764573097229,,
208800,2.1499059200286865,0.05,-6.606970310211182,,
208850,0.6195175051689148,0.05,-4.2726359367370605,,
208900,4.390567302703857,0.05,-5.784503936767578,,
208950,7.486569881439209,0.05,-5.974419116973877,,
209000,3.680781126022339,0.05,-5.064074993133545,,
209050,1.9088292121887207,0.05,-5.855041980743408,,
209100,4.458085536956787,0.05,-5.588640213012695,,
209150,5.4249444007873535,0.05,-5.597798824310303,,
209200,7.765170574188232,0.05,-6.897048473358154,,
209250,10.073864936828613,0.05,-5.371913433074951,,
209300,9.90058422088623,0.05,-6.0181450843811035,,
209350,0.15303146839141846,0.05,-4.435131072998047,,
209400,4.1545186042785645,0.05,-6.472586154937744,,
209450,3.801546812057495,0.05,-6.701362133026123,,
209500,6.723347187042236,0.05,-5.226404666900635,,
209550,2.19938063621521,0.05,-4.54030704498291,,
209600,2.994277238845825,0.05,-4.969304084777832,,
209650,3.005375862121582,0.05,-5.421410083770752,,
209700,1.0508514642715454,0.05,-5.264204025268555,,
209750,0.5157008171081543,0.05,-4.644516468048096,,
209800,3.730558395385742,0.05,-5.987815856933594,,
209850,4.183690071105957,0.05,-5.628678798675537,,
209900,3.4590187072753906,0.05,-5.862861633300781,,
209950,1.3616217374801636,0.05,-5.868759632110596,,
210000,2.96669602394104,0.05,-4.739121913909912,,
210050,3.359877347946167,0.05,-4.612846374511719,,
210100,0.5798866152763367,0.05,-5.2320170402526855,,
210150,1.7830910682678223,0.05,-5.324378490447998,,
210200,0.4444705545902252,0.05,-5.394439697265625,,
210250,4.346365928649902,0.05,-5.722858905792236,,
210300,0.24158282577991486,0.05,-4.26129674911499,,
210350,7.30885124206543,0.05,-4.467861652374268,,
210400,5.630376815795898,0.05,-4.480544090270996,,
210450,4.1411004066467285,0.05,-5.348128795623779,,
210500,1.031083106994629,0.05,-4.610447406768799,,
210550,1.9961744546890259,0.05,-5.738615036010742,,
210600,5.886136531829834,0.05,-5.023010730743408,,
210650,3.4517147541046143,0.05,-5.110165596008301,,
210700,6.735720157623291,0.05,-5.855918884277344,,
210750,4.190118789672852,0.05,-4.037447452545166,,
210800,4.1436872482299805,0.05,-6.127094268798828,,
210850,8.69623851776123,0.05,-5.007499694824219,,
210900,2.014629602432251,0.05,-6.298116683959961,,
210950,3.781024932861328,0.05,-5.887811183929443,,
211000,0.4313179552555084,0.05,-4.985455513000488,,
211050,8.738265037536621,0.05,-5.854694843292236,,
211100,10.418545722961426,0.05,-4.905120372772217,,
211150,4.093289375305176,0.05,-5.367610931396484,,
211200,2.0276615619659424,0.05,-5.664388179779053,,
211250,1.1841727495193481,0.05,-4.552186012268066,,
211300,0.5884917378425598,0.05,-4.996906757354736,,
211350,3.066970109939575,0.05,-5.652956485748291,,
211400,15.725532531738281,0.05,-4.918503284454346,,
211450,0.8269942402839661,0.05,-5.009329319000244,,
211500,11.375541687011719,0.05,-5.98275899887085,,
211550,5.879951477050781,0.05,-4.814581394195557,,
211600,0.23916178941726685,0.05,-5.214135646820068,,
211650,1.4644793272018433,0.05,-4.245360851287842,,
211700,5.029526233673096,0.05,-5.877552509307861,,
211750,2.432821035385132,0.05,-5.505390644073486,,
211800,0.6436388492584229,0.05,-4.290444374084473,,
211850,2.620389223098755,0.05,-3.9450442790985107,,
211900,0.7582476735115051,0.05,-5.685408115386963,,
211950,1.0716897249221802,0.05,-4.761677265167236,,
212000,0.38898053765296936,0.05,-5.515882968902588,,
212050,0.5548281073570251,0.05,-3.6513278484344482,,
212100,10.986321449279785,0.05,-4.281137943267822,,
212150,0.22066988050937653,0.05,-5.271744251251221,,
212200,0.3133276104927063,0.05,-4.186218738555908,,
212250,3.214585542678833,0.05,-4.822276592254639,,
212300,2.8492133617401123,0.05,-6.006542205810547,,
212350,12.177532196044922,0.05,-4.983815670013428,,
212400,3.5044310092926025,0.05,-5.747814178466797,,
212450,1.6674963235855103,0.05,-4.8357319831848145,,
212500,3.336014986038208,0.05,-5.063287258148193,,
212550,0.6603869795799255,0.05,-4.688099384307861,,
212600,0.5474081039428711,0.05,-4.50012731552124,,
212650,0.20749789476394653,0.05,-4.336541652679443,,
212700,1.1900386810302734,0.05,-3.662066698074341,,
212750,3.9156367778778076,0.05,-4.663661479949951,,
212800,3.7521867752075195,0.05,-6.213834762573242,,
212850,3.721942901611328,0.05,-5.8915019035339355,,
212900,6.871456623077393,0.05,-5.22105598449707,,
212950,0.3392651081085205,0.05,-3.7009687423706055,,
213000,4.758861064910889,0.05,-5.766112804412842,,
213050,5.839694976806641,0.05,-5.230317115783691,,
213100,0.6561092734336853,0.05,-4.642807483673096,,
213150,6.674016952514648,0.05,-5.920324325561523,,
213200,6.239766597747803,0.05,-4.810956954956055,,
213250,12.698271751403809,0.05,-3.9059255123138428,,
213300,1.0411534309387207,0.05,-4.0465521812438965,,
213350,6.569681644439697,0.05,-4.832536220550537,,
213400,1.3629411458969116,0.05,-5.422740459442139,,
213450,1.2916500568389893,0.05,-3.8393306732177734,,
213500,6.040599346160889,0.05,-5.9266204833984375,,
213550,5.312077045440674,0.05,-4.84828519821167,,
213600,7.072877883911133,0.05,-6.216485977172852,,
213650,6.023630142211914,0.05,-5.472414493560791,,
213700,0.8365345597267151,0.05,-5.309101581573486,,
213750,1.2306816577911377,0.05,-5.001769542694092,,
213800,7.856533527374268,0.05,-3.9085514545440674,,
213850,2.841973066329956,0.05,-6.70539665222168,,
213900,5.82611608505249,0.05,-6.29836893081665,,
213950,5.349154949188232,0.05,-5.149703502655029,,
214000,0.6432021856307983,0.05,-4.6459269523620605,,
214050,5.683048248291016,0.05,-4.714402198791504,,
214100,0.4917791187763214,0.05,-5.1161112785339355,,
214150,3.900982141494751,0.05,-4.9320855140686035,,
214200,2.6491153240203857,0.05,-4.5842790603637695,,
214250,4.28395414352417,0.05,-4.745330333709717,,
214300,10.429688453674316,0.05,-4.809934139251709,,
214350,14.591453552246094,0.05,-6.451167583465576,,
214400,0.8212263584136963,0.05,-5.070709705352783,,
214450,1.7528499364852905,0.05,-4.37955379486084,,
214500,3.2619664669036865,0.05,-5.278668403625488,,
214550,1.6327909231185913,0.05,-3.590815782546997,,
214600,1.161933422088623,0.05,-4.757453441619873,,
214650,8.960755348205566,0.05,-5.236299514770508,,
214700,2.645977735519409,0.05,-4.202198505401611,,
214750,0.8316616415977478,0.05,-6.032130718231201,,
214800,9.707045555114746,0.05,-5.98915433883667,,
214850,11.378364562988281,0.05,-5.464044570922852,,
214900,3.1320736408233643,0.05,-4.797217845916748,,
214950,5.181628227233887,0.05,-6.4272847175598145,,
215000,3.318422317504883,0.05,-4.371387004852295,,
215050,4.272115230560303,0.05,-5.570872783660889,,
215100,5.5349297523498535,0.05,-5.041938304901123,,
215150,8.419877052307129,0.05,-4.642389297485352,,
215200,2.1783368587493896,0.05,-5.260935306549072,,
215250,0.24989068508148193,0.05,-4.008833408355713,,
215300,3.0590550899505615,0.05,-5.7252960205078125,,
215350,0.23072946071624756,0.05,-4.1494903564453125,,
215400,0.40301987528800964,0.05,-4.642368793487549,,
215450,2.670804977416992,0.05,-4.478780269622803,,
215500,3.3851051330566406,0.05,-5.781787872314453,,
215550,2.995659112930298,0.05,-4.302635669708252,,
215600,2.247497797012329,0.05,-4.7697248458862305,,
215650,0.2874563932418823,0.05,-3.1752350330352783,,
215700,3.155771255493164,0.05,-5.793013095855713,,
215750,2.5071961879730225,0.05,-4.586197376251221,,
215800,4.6746697425842285,0.05,-5.777525424957275,,
215850,2.2802846431732178,0.05,-5.0030131340026855,,
215900,5.888963222503662,0.05,-4.844662189483643,,
215950,7.0690484046936035,0.05,-5.2911248207092285,,
216000,6.558597087860107,0.05,-3.7707598209381104,,
216050,1.019230842590332,0.05,-4.37451696395874,,
216100,4.872870922088623,0.05,-6.465630054473877,,
216150,7.358678817749023,0.05,-4.077404499053955,,
216200,1.3207333087921143,0.05,-4.406943321228027,,
216250,2.519516706466675,0.05,-4.167689323425293,,
216300,2.6520938873291016,0.05,-3.6740620136260986,,
216350,1.5840692520141602,0.05,-4.84631872177124,,
216400,6.7858757972717285,0.05,-3.6276657581329346,,
216450,3.4668140411376953,0.05,-3.747150182723999,,
216500,0.6952810883522034,0.05,-6.277425289154053,,
216550,7.553050994873047,0.05,-4.240254878997803,,
216600,4.228930950164795,0.05,-4.328705310821533,,
216650,1.1708784103393555,0.05,-4.997904300689697,,
216700,0.4733659029006958,0.05,-4.5679240226745605,,
216750,0.48681092262268066,0.05,-3.606797456741333,,
216800,3.7398273944854736,0.05,-4.16091775894165,,
216850,2.253525495529175,0.05,-4.010103702545166,,
216900,2.2188498973846436,0.05,-5.0659284591674805,,
216950,4.080067157745361,0.05,-4.641598224639893,,
217000,5.215216636657715,0.05,-4.5013108253479,,
217050,4.107700824737549,0.05,-4.962414264678955,,
217100,0.4794090688228607,0.05,-4.425339698791504,,
217150,2.688105583190918,0.05,-4.908035755157471,,
217200,0.5111719965934753,0.05,-4.087677955627441,,
217250,10.066779136657715,0.05,-5.918951034545898,,
217300,6.429779529571533,0.05,-6.341350555419922,,
217350,5.690340518951416,0.05,-5.905423641204834,,
217400,2.9344539642333984,0.05,-5.09173059463501,,
217450,8.325285911560059,0.05,-4.784470081329346,,
217500,14.445598602294922,0.05,-5.791481018066406,,
217550,4.567282199859619,0.05,-4.2663164138793945,,
217600,1.0447850227355957,0.05,-4.607898712158203,,
217650,4.431153774261475,0.05,-4.37294340133667,,
217700,4.035306453704834,0.05,-4.514319896697998,,
217750,5.007340908050537,0.05,-4.8840765953063965,,
217800,11.204205513000488,0.05,-3.366345167160034,,
217850,8.093792915344238,0.05,-4.251598834991455,,
217900,0.690425455570221,0.05,-5.214609146118164,,
217950,1.5142487287521362,0.05,-5.257291793823242,,
218000,5.609142780303955,0.05,-5.2034592628479,,
218050,2.229886293411255,0.05,-4.709021091461182,,
218100,1.8533340692520142,0.05,-4.546472072601318,,
218150,0.38023626804351807,0.05,-4.559073448181152,,
218200,0.2561679482460022,0.05,-4.605777740478516,,
218250,1.393990159034729,0.05,-4.378706932067871,,
218300,7.377508163452148,0.05,-5.893104553222656,,
218350,1.181679129600525,0.05,-4.075381278991699,,
218400,5.727546691894531,0.05,-3.482973098754883,,
218450,1.9542182683944702,0.05,-4.851171970367432,,
218500,6.512407302856445,0.05,-4.51024866104126,,
218550,3.566187620162964,0.05,-4.337756156921387,,
218600,2.0825488567352295,0.05,-4.79496431350708,,
218650,2.9733400344848633,0.05,-5.2671403884887695,,
218700,0.2839491665363312,0.05,-4.235434055328369,,
218750,1.858845829963684,0.05,-4.598896503448486,,
218800,3.225759506225586,0.05,-4.1943230628967285,,
218850,0.3045533001422882,0.05,-4.054985046386719,,
218900,8.526263236999512,0.05,-5.033514499664307,,
218950,2.8250129222869873,0.05,-4.037211894989014,,
219000,3.254403829574585,0.05,-5.553615570068359,,
219050,0.3567758798599243,0.05,-4.891857624053955,,
219100,3.861521005630493,0.05,-4.516618251800537,,
219150,0.7787182927131653,0.05,-4.390638828277588,,
219200,3.1005799770355225,0.05,-4.231462001800537,,
219250,0.7236989140510559,0.05,-3.8602657318115234,,
219300,0.11854030936956406,0.05,-3.8590545654296875,,
219350,3.7338225841522217,0.05,-4.852504253387451,,
219400,2.859858512878418,0.05,-4.341592311859131,,
219450,0.48018479347229004,0.05,-4.203256130218506,,
219500,0.3641466200351715,0.05,-4.322630405426025,,
219550,7.044674396514893,0.05,-3.8519585132598877,,
219600,1.2785097360610962,0.05,-4.908435344696045,,
219650,4.052948951721191,0.05,-4.5705885887146,,
219700,1.515451431274414,0.05,-4.231058597564697,,
219750,2.2239763736724854,0.05,-3.5149974822998047,,
219800,0.37364959716796875,0.05,-4.344818592071533,,
219850,4.7192206382751465,0.05,-4.741158962249756,,
219900,0.2837216854095459,0.05,-4.498058795928955,,
219950,0.4571073055267334,0.05,-4.47374153137207,,
220000,0.874479353427887,0.05,-5.0901055335998535,,
220050,5.719356536865234,0.05,-4.08419942855835,,
220100,1.5455418825149536,0.05,-5.378889560699463,,
220150,9.001481056213379,0.05,-4.4938130378723145,,
220200,2.454285144805908,0.05,-4.285573482513428,,
220250,6.296877384185791,0.05,-4.961503982543945,,
220300,7.630265712738037,0.05,-4.014065742492676,,
220350,3.6348049640655518,0.05,-4.8746418952941895,,
220400,6.33323860168457,0.05,-4.291719913482666,,
220450,0.2287963628768921,0.05,-4.236615180969238,,
220500,1.2585086822509766,0.05,-3.6046650409698486,,
220550,0.3128143846988678,0.05,-4.6265974044799805,,
220600,5.240471839904785,0.05,-3.887932062149048,,
220650,5.614948272705078,0.05,-4.232412338256836,,
220700,8.093086242675781,0.05,-3.9179532527923584,,
220750,0.40417149662971497,0.05,-4.6102705001831055,,
220800,0.4103928804397583,0.05,-3.9754226207733154,,
220850,8.21267032623291,0.05,-5.4705376625061035,,
220900,0.8026795983314514,0.05,-3.8252031803131104,,
220950,20.08363914489746,0.05,-4.358163356781006,,
221000,1.077231764793396,0.05,-5.99479866027832,,
221050,0.6634897589683533,0.05,-3.5995750427246094,,
221100,1.9119782447814941,0.05,-4.231635570526123,,
221150,3.547642469406128,0.05,-4.734016418457031,,
221200,5.024633884429932,0.05,-4.412980556488037,,
221250,1.5062217712402344,0.05,-4.4098334312438965,,
221300,2.0042924880981445,0.05,-4.467133045196533,,
221350,0.5801398158073425,0.05,-4.968197345733643,,
221400,1.6305204629898071,0.05,-5.7540602684021,,
221450,0.6952140927314758,0.05,-4.980127811431885,,
221500,0.7178998589515686,0.05,-5.167125701904297,,
221550,1.1162770986557007,0.05,-4.708822727203369,,
221600,12.42287826538086,0.05,-4.051284313201904,,
221650,9.368332862854004,0.05,-3.429957628250122,,
221700,0.6534700393676758,0.05,-4.668124198913574,,
221750,1.1628587245941162,0.05,-4.242171287536621,,
221800,0.9023544788360596,0.05,-4.643792629241943,,
221850,9.325663566589355,0.05,-4.482457637786865,,
221900,5.584537982940674,0.05,-4.208747386932373,,
221950,3.469341278076172,0.05,-4.250576972961426,,
222000,3.5094778537750244,0.05,-3.715010404586792,,
222050,3.839867353439331,0.05,-5.850334167480469,,
222100,1.6145299673080444,0.05,-4.94774055480957,,
222150,4.262167930603027,0.05,-4.280282497406006,,
222200,9.510777473449707,0.05,-5.003525257110596,,
222250,0.4173433482646942,0.05,-4.039625644683838,,
222300,4.38903284072876,0.05,-4.652628421783447,,
222350,2.5970098972320557,0.05,-4.526853084564209,,
222400,5.511175155639648,0.05,-4.406436443328857,,
222450,3.4804327487945557,0.05,-4.615982532501221,,
222500,1.0727430582046509,0.05,-4.6284003257751465,,
222550,1.747047781944275,0.05,-3.8665053844451904,,
222600,2.6749932765960693,0.05,-4.729138374328613,,
222650,5.600679874420166,0.05,-4.726745128631592,,
222700,0.4156787693500519,0.05,-4.04014778137207,,
222750,3.490288496017456,0.05,-4.972833156585693,,
222800,2.3674228191375732,0.05,-5.156813144683838,,
222850,3.0463783740997314,0.05,-4.4451799392700195,,
222900,3.6920011043548584,0.05,-4.861067771911621,,
222950,0.8252190947532654,0.05,-4.58322286605835,,
223000,7.140468120574951,0.05,-3.629121780395508,,
223050,3.5633926391601562,0.05,-4.8822808265686035,,
223100,6.569023132324219,0.05,-5.232334613800049,,
223150,0.29612302780151367,0.05,-4.330510139465332,,
223200,4.159394264221191,0.05,-4.2310872077941895,,
223250,2.8779022693634033,0.05,-4.691380500793457,,
223300,1.6003994941711426,0.05,-5.7419281005859375,,
223350,0.8888600468635559,0.05,-5.924251079559326,,
223400,3.324007034301758,0.05,-4.533626556396484,,
223450,1.9926133155822754,0.05,-4.732215881347656,,
223500,5.666464328765869,0.05,-5.3521409034729,,
223550,1.7942365407943726,0.05,-4.994907379150391,,
223600,3.8862435817718506,0.05,-5.808565616607666,,
223650,3.974999189376831,0.05,-5.6466522216796875,,
223700,3.6562585830688477,0.05,-6.189310550689697,,
223750,3.2037878036499023,0.05,-4.884504795074463,,
223800,0.3278191387653351,0.05,-6.00303316116333,,
223850,3.0457375049591064,0.05,-4.506742000579834,,
223900,0.8768672943115234,0.05,-5.955214023590088,,
223950,2.8480968475341797,0.05,-5.212413787841797,,
224000,13.781445503234863,0.05,-5.249721050262451,,
224050,2.2306034564971924,0.05,-5.585231781005859,,
224100,8.135546684265137,0.05,-5.036007404327393,,
224150,0.9483588337898254,0.05,-5.497476577758789,,
224200,6.8761372566223145,0.05,-4.057207107543945,,
224250,6.027536392211914,0.05,-6.082268238067627,,
224300,5.938678741455078,0.05,-4.89730167388916,,
224350,12.142769813537598,0.05,-5.890077590942383,,
224400,0.7753939628601074,0.05,-6.066007137298584,,
224450,1.5003215074539185,0.05,-3.8024795055389404,,
224500,0.7570450901985168,0.05,-5.396759033203125,,
224550,1.377159595489502,0.05,-4.445511341094971,,
224600,2.8588521480560303,0.05,-4.502622127532959,,
224650,1.8517941236495972,0.05,-4.822457313537598,,
224700,0.7472812533378601,0.05,-5.096316814422607,,
224750,2.468679666519165,0.05,-7.053554058074951,,
224800,3.369945526123047,0.05,-5.615135669708252,,
224850,4.010349750518799,0.05,-4.314508438110352,,
224900,0.23155204951763153,0.05,-3.8073880672454834,,
224950,9.32293701171875,0.05,-4.169254779815674,,
225000,6.844393253326416,0.05,-5.425207614898682,-1.2977721702638687,45.33333333333333
225050,0.6846292614936829,0.05,-4.372158527374268,,
225100,1.9626092910766602,0.05,-4.631075382232666,,
225150,2.3364059925079346,0.05,-4.174890518188477,,
225200,0.6218454241752625,0.05,-4.398378849029541,,
225250,6.8144850730896,0.05,-5.084165096282959,,
225300,0.6874698996543884,0.05,-4.72404146194458,,
225350,5.83584451675415,0.05,-4.514240264892578,,
225400,4.159519672393799,0.05,-4.553671360015869,,
225450,1.3717365264892578,0.05,-4.508596897125244,,
225500,1.8973039388656616,0.05,-5.539358139038086,,
225550,7.436730861663818,0.05,-5.916600704193115,,
225600,0.9103086590766907,0.05,-4.852739334106445,,
225650,2.0263166427612305,0.05,-5.643608570098877,,
225700,9.662763595581055,0.05,-4.513418674468994,,
225750,1.0603505373001099,0.05,-4.385924816131592,,
225800,1.553817629814148,0.05,-4.971878528594971,,
225850,0.2090202122926712,0.05,-3.715813398361206,,
225900,3.113422393798828,0.05,-4.552769184112549,,
225950,0.5787732005119324,0.05,-4.172549247741699,,
226000,0.6424338817596436,0.05,-5.663144588470459,,
226050,6.091577529907227,0.05,-4.11295747756958,,
226100,7.7814459800720215,0.05,-5.110267639160156,,
226150,0.5382546782493591,0.05,-4.430822372436523,,
226200,0.9465630054473877,0.05,-4.9015421867370605,,
226250,0.3392498791217804,0.05,-4.579301357269287,,
226300,4.318091869354248,0.05,-5.943021297454834,,
226350,0.4274289906024933,0.05,-4.127937316894531,,
226400,0.7057111859321594,0.05,-4.036984920501709,,
226450,4.845888614654541,0.05,-4.048635959625244,,
226500,0.5322635173797607,0.05,-3.895336389541626,,
226550,2.7476346492767334,0.05,-4.46489953994751,,
226600,3.8376429080963135,0.05,-5.614567279815674,,
226650,5.8599019050598145,0.05,-4.684281826019287,,
226700,0.8012149930000305,0.05,-5.104572296142578,,
226750,1.3312755823135376,0.05,-4.395449161529541,,
226800,1.5851470232009888,0.05,-6.188469409942627,,
226850,0.21620871126651764,0.05,-4.271345615386963,,
226900,5.838616847991943,0.05,-4.813893795013428,,
226950,0.7551479935646057,0.05,-4.409538745880127,,
227000,8.173901557922363,0.05,-4.639782905578613,,
227050,7.368475437164307,0.05,-4.342398643493652,,
227100,6.062854290008545,0.05,-4.692611217498779,,
227150,0.2129921168088913,0.05,-4.304789066314697,,
227200,6.19505500793457,0.05,-4.27721643447876,,
227250,10.792770385742188,0.05,-3.8942203521728516,,
227300,3.9106457233428955,0.05,-3.975665807723999,,
227350,1.759259581565857,0.05,-4.425536155700684,,
227400,2.208129644393921,0.05,-4.7451348304748535,,
227450,0.38440194725990295,0.05,-4.138058185577393,,
227500,1.328391671180725,0.05,-5.224541664123535,,
227550,1.2068307399749756,0.05,-3.9365394115448,,
227600,2.390730381011963,0.05,-4.94761848449707,,
227650,2.3053367137908936,0.05,-4.050504207611084,,
227700,0.5831179618835449,0.05,-5.036498546600342,,
227750,1.3831037282943726,0.05,-6.064929485321045,,
227800,3.9074153900146484,0.05,-4.213119983673096,,
227850,2.5222339630126953,0.05,-5.44575834274292,,
227900,0.880560576915741,0.05,-4.579925060272217,,
227950,2.6766278743743896,0.05,-4.071259021759033,,
228000,1.8412213325500488,0.05,-5.430196285247803,,
228050,8.327739715576172,0.05,-5.091583251953125,,
228100,0.8505330681800842,0.05,-4.927202224731445,,
228150,2.9399516582489014,0.05,-5.830883026123047,,
228200,3.278385877609253,0.05,-3.818448066711426,,
228250,4.7741265296936035,0.05,-5.07723331451416,,
228300,1.8556175231933594,0.05,-5.094710350036621,,
228350,0.8238280415534973,0.05,-5.170916557312012,,
228400,0.3110504150390625,0.05,-4.794620990753174,,
228450,0.3348052203655243,0.05,-3.5564632415771484,,
228500,0.4171193838119507,0.05,-3.936427354812622,,
228550,0.22804011404514313,0.05,-4.321115493774414,,
228600,0.47829851508140564,0.05,-4.166180610656738,,
228650,4.371547222137451,0.05,-3.928403854370117,,
228700,0.15664345026016235,0.05,-4.104818820953369,,
228750,3.006283760070801,0.05,-5.150959491729736,,
228800,0.21631769835948944,0.05,-4.666077613830566,,
228850,4.911004543304443,0.05,-4.517670154571533,,
228900,2.7175705432891846,0.05,-6.1243414878845215,,
228950,5.68610954284668,0.05,-4.335279941558838,,
229000,11.488303184509277,0.05,-5.595958232879639,,
229050,3.482285737991333,0.05,-5.6645426750183105,,
229100,5.105831146240234,0.05,-5.092155933380127,,
229150,4.674551486968994,0.05,-4.0681939125061035,,
229200,3.757305860519409,0.05,-5.020697116851807,,
229250,2.347334861755371,0.05,-5.0918426513671875,,
229300,6.125089168548584,0.05,-4.057210445404053,,
229350,0.6989281177520752,0.05,-4.538625717163086,,
229400,0.4202108383178711,0.05,-3.7859582901000977,,
229450,1.0130493640899658,0.05,-5.9173808097839355,,
229500,0.35535183548927307,0.05,-5.345285415649414,,
229550,4.958293914794922,0.05,-3.909830093383789,,
229600,6.03771448135376,0.05,-4.851110458374023,,
229650,0.8320327401161194,0.05,-5.229768753051758,,
229700,3.0413930416107178,0.05,-4.482851982116699,,
229750,0.6720587611198425,0.05,-4.3201904296875,,
229800,1.8338781595230103,0.05,-4.4041571617126465,,
229850,1.2528547048568726,0.05,-6.035198211669922,,
229900,2.9577367305755615,0.05,-5.072615146636963,,
229950,0.43988147377967834,0.05,-4.136189937591553,,
230000,0.5485287308692932,0.05,-6.418729782104492,,
230050,2.235703468322754,0.05,-5.5479350090026855,,
230100,0.8238251209259033,0.05,-5.013988494873047,,
230150,1.5355015993118286,0.05,-5.487692356109619,,
230200,2.3891570568084717,0.05,-7.0145263671875,,
230250,2.30945086479187,0.05,-5.102346897125244,,
230300,3.9060795307159424,0.05,-4.797016620635986,,
230350,5.337831974029541,0.05,-4.863860607147217,,
230400,2.5305001735687256,0.05,-3.9571104049682617,,
230450,1.5510307550430298,0.05,-4.021975517272949,,
230500,1.7872686386108398,0.05,-4.9142537117004395,,
230550,0.6428982615470886,0.05,-4.905190944671631,,
230600,12.194828987121582,0.05,-3.9191906452178955,,
230650,7.806161880493164,0.05,-5.611424922943115,,
230700,4.482446193695068,0.05,-4.1280999183654785,,
230750,2.3142776489257812,0.05,-4.235720157623291,,
230800,0.8969821929931641,0.05,-4.692380428314209,,
230850,4.1064839363098145,0.05,-5.387704849243164,,
230900,1.191949725151062,0.05,-4.8922858238220215,,
230950,1.8897002935409546,0.05,-4.863777160644531,,
231000,0.43601155281066895,0.05,-4.890453815460205,,
231050,0.4564683437347412,0.05,-5.080766677856445,,
231100,7.259571075439453,0.05,-5.153030872344971,,
231150,2.3450727462768555,0.05,-5.638510227203369,,
231200,8.052704811096191,0.05,-6.458558559417725,,
231250,1.0818842649459839,0.05,-4.242917537689209,,
231300,7.031861782073975,0.05,-4.9497222900390625,,
231350,2.7429962158203125,0.05,-3.6435248851776123,,
231400,0.4521751403808594,0.05,-3.767704725265503,,
231450,0.2961820960044861,0.05,-4.254386901855469,,
231500,0.2381197214126587,0.05,-4.113708972930908,,
231550,6.18779993057251,0.05,-4.681586742401123,,
231600,2.644333600997925,0.05,-4.797632694244385,,
231650,14.493148803710938,0.05,-3.6220481395721436,,
231700,0.6345124244689941,0.05,-4.976872444152832,,
231750,9.172709465026855,0.05,-4.00398588180542,,
231800,0.26727181673049927,0.05,-4.98759126663208,,
231850,2.1628589630126953,0.05,-5.073522090911865,,
231900,2.8970632553100586,0.05,-5.856599807739258,,
231950,1.2216341495513916,0.05,-4.247743129730225,,
232000,0.5975350737571716,0.05,-4.430447101593018,,
232050,8.8749418258667,0.05,-3.908252477645874,,
232100,17.571044921875,0.05,-5.587433338165283,,
232150,10.257098197937012,0.05,-4.767940521240234,,
232200,10.685477256774902,0.05,-5.129073619842529,,
232250,0.5578665137290955,0.05,-4.745157718658447,,
232300,0.9231557250022888,0.05,-3.945735216140747,,
232350,4.964038848876953,0.05,-5.512442111968994,,
232400,1.8676652908325195,0.05,-6.06103515625,,
232450,0.3731946051120758,0.05,-4.795786380767822,,
232500,1.0474755764007568,0.05,-5.119063854217529,,
232550,1.8255716562271118,0.05,-4.108872890472412,,
232600,1.1450687646865845,0.05,-3.58144474029541,,
232650,0.43746986985206604,0.05,-4.545441150665283,,
232700,8.571772575378418,0.05,-5.775556564331055,,
232750,1.656471848487854,0.05,-5.490637302398682,,
232800,2.427755117416382,0.05,-5.233543872833252,,
232850,0.8921482563018799,0.05,-6.15079927444458,,
232900,0.5209576487541199,0.05,-3.6659066677093506,,
232950,2.7985737323760986,0.05,-4.362125396728516,,
233000,4.041994571685791,0.05,-3.839308023452759,,
233050,0.3072098195552826,0.05,-4.471149921417236,,
233100,1.2842046022415161,0.05,-4.467315196990967,,
233150,8.49665641784668,0.05,-4.654393196105957,,
233200,2.1525895595550537,0.05,-3.8557631969451904,,
233250,0.8632709980010986,0.05,-4.64640474319458,,
233300,4.872836112976074,0.05,-5.00633430480957,,
233350,0.6281768083572388,0.05,-4.152200698852539,,
233400,5.180553913116455,0.05,-4.765611171722412,,
233450,2.334355115890503,0.05,-3.958873987197876,,
233500,2.5492327213287354,0.05,-4.500065326690674,,
233550,3.195086717605591,0.05,-5.508299350738525,,
233600,3.197094678878784,0.05,-5.208369731903076,,
233650,0.4355410635471344,0.05,-4.357053279876709,,
233700,0.7019705772399902,0.05,-4.997036933898926,,
233750,0.29720720648765564,0.05,-3.9768593311309814,,
233800,0.6086282134056091,0.05,-4.895761966705322,,
233850,1.1671899557113647,0.05,-4.340156078338623,,
233900,4.492952823638916,0.05,-4.8560614585876465,,
233950,0.45344892144203186,0.05,-4.961628437042236,,
234000,0.30585649609565735,0.05,-4.309234619140625,,
234050,4.859133243560791,0.05,-6.278619289398193,,
234100,0.8113612532615662,0.05,-4.579883575439453,,
234150,2.7161853313446045,0.05,-6.044708251953125,,
234200,10.551920890808105,0.05,-4.614241600036621,,
234250,0.43616148829460144,0.05,-4.854897975921631,,
234300,17.23261833190918,0.05,-5.260931015014648,,
234350,0.9233834147453308,0.05,-5.215973377227783,,
234400,3.575765609741211,0.05,-4.825047492980957,,
234450,2.961085081100464,0.05,-4.233395576477051,,
234500,8.947952270507812,0.05,-5.931577682495117,,
234550,1.2707200050354004,0.05,-4.107263088226318,,
234600,3.2018520832061768,0.05,-5.348125457763672,,
234650,1.2413330078125,0.05,-4.838036060333252,,
234700,0.7834025025367737,0.05,-5.619359493255615,,
234750,6.099325180053711,0.05,-5.704652309417725,,
234800,4.96245813369751,0.05,-4.500452041625977,,
234850,4.062068939208984,0.05,-5.932041168212891,,
234900,9.473846435546875,0.05,-5.927206516265869,,
234950,0.2872505784034729,0.05,-4.108135223388672,,
235000,3.480297803878784,0.05,-4.935947418212891,,
235050,12.969157218933105,0.05,-5.8409881591796875,,
235100,1.1381043195724487,0.05,-5.207247257232666,,
235150,1.0696178674697876,0.05,-5.335358142852783,,
235200,5.693182468414307,0.05,-5.610946178436279,,
235250,6.322468280792236,0.05,-5.534635066986084,,
235300,1.7541580200195312,0.05,-5.380681991577148,,
235350,0.6755142211914062,0.05,-4.595875263214111,,
235400,0.48359188437461853,0.05,-5.801303386688232,,
235450,9.773958206176758,0.05,-4.467241287231445,,
235500,4.516453742980957,0.05,-4.901329040527344,,
235550,11.510848999023438,0.05,-5.668972492218018,,
235600,0.34175121784210205,0.05,-4.920955181121826,,
235650,0.20837144553661346,0.05,-5.654344081878662,,
235700,7.436422348022461,0.05,-6.755343914031982,,
235750,2.5518581867218018,0.05,-5.416362285614014,,
235800,3.4171998500823975,0.05,-4.956166744232178,,
235850,6.224813461303711,0.05,-3.9766054153442383,,
235900,0.24877102673053741,0.05,-4.03891134262085,,
235950,0.598494827747345,0.05,-4.094063758850098,,
236000,0.23254698514938354,0.05,-5.167834758758545,,
236050,0.479585200548172,0.05,-4.826530456542969,,
236100,5.543477535247803,0.05,-4.980871677398682,,
236150,6.280153274536133,0.05,-4.769894123077393,,
236200,1.3950470685958862,0.05,-4.254977703094482,,
236250,0.4264974296092987,0.05,-5.295386791229248,,
236300,0.419416218996048,0.05,-6.152892589569092,,
236350,6.7517170906066895,0.05,-5.638244152069092,,
236400,2.334559202194214,0.05,-5.6117987632751465,,
236450,3.2799994945526123,0.05,-6.428482532501221,,
236500,0.34797942638397217,0.05,-5.0712666511535645,,
236550,2.2888240814208984,0.05,-5.056147575378418,,
236600,10.003788948059082,0.05,-6.65806770324707,,
236650,1.5312525033950806,0.05,-4.162838935852051,,
236700,3.387801170349121,0.05,-6.187477111816406,,
236750,2.4294564723968506,0.05,-3.6975584030151367,,
236800,0.19366760551929474,0.05,-4.089114189147949,,
236850,0.7684416174888611,0.05,-4.80618143081665,,
236900,4.191372394561768,0.05,-4.039899826049805,,
236950,3.6176726818084717,0.05,-4.432374477386475,,
237000,0.2566002905368805,0.05,-4.938296794891357,,
237050,2.2556819915771484,0.05,-4.724153518676758,,
237100,4.229000568389893,0.05,-6.182791233062744,,
237150,10.297821044921875,0.05,-5.850288391113281,,
237200,0.39107513427734375,0.05,-5.667608261108398,,
237250,5.912825107574463,0.05,-6.017059326171875,,
237300,0.5464047789573669,0.05,-4.267802715301514,,
237350,1.2403610944747925,0.05,-5.748678207397461,,
237400,0.9018144011497498,0.05,-5.368558883666992,,
237450,1.8208026885986328,0.05,-4.044435024261475,,
237500,7.691877841949463,0.05,-5.49087381362915,,
237550,1.7726753950119019,0.05,-3.4539248943328857,,
237600,0.8900439739227295,0.05,-4.509899616241455,,
237650,2.465886354446411,0.05,-5.5164361000061035,,
237700,0.9822279810905457,0.05,-5.683462619781494,,
237750,0.28785040974617004,0.05,-4.318700313568115,,
237800,0.9985353350639343,0.05,-4.730811595916748,,
237850,2.070145845413208,0.05,-4.2419586181640625,,
237900,2.204212188720703,0.05,-4.2947001457214355,,
237950,6.610082626342773,0.05,-5.962259769439697,,
238000,1.0009536743164062,0.05,-4.849783420562744,,
238050,0.3257606029510498,0.05,-5.13186502456665,,
238100,7.670008182525635,0.05,-5.306571960449219,,
238150,2.2252490520477295,0.05,-5.1015305519104,,
238200,2.6333277225494385,0.05,-5.254674434661865,,
238250,0.5583878755569458,0.05,-6.361605167388916,,
238300,0.56468266248703,0.05,-4.658482551574707,,
238350,2.6997034549713135,0.05,-6.128030776977539,,
238400,0.402775377035141,0.05,-4.7971954345703125,,
238450,0.30951619148254395,0.05,-5.634304046630859,,
238500,0.369577556848526,0.05,-4.322778701782227,,
238550,0.7444004416465759,0.05,-5.811519622802734,,
238600,1.3217428922653198,0.05,-5.541560649871826,,
238650,0.4667719602584839,0.05,-3.9136674404144287,,
238700,0.521925151348114,0.05,-6.175899505615234,,
238750,1.0035203695297241,0.05,-4.67273473739624,,
238800,1.2166322469711304,0.05,-5.6870808601379395,,
238850,2.842010498046875,0.05,-6.041592121124268,,
238900,5.5316853523254395,0.05,-5.3160223960876465,,
238950,4.681945323944092,0.05,-4.555723667144775,,
239000,2.338003158569336,0.05,-5.047951698303223,,
239050,11.742500305175781,0.05,-5.3531575202941895,,
239100,1.9367836713790894,0.05,-6.084190368652344,,
239150,3.196068048477173,0.05,-5.388177394866943,,
239200,0.6018630266189575,0.05,-5.636868953704834,,
239250,0.6023841500282288,0.05,-5.263370037078857,,
239300,2.863352060317993,0.05,-6.41669225692749,,
239350,5.408100128173828,0.05,-5.935352802276611,,
239400,0.7059462070465088,0.05,-5.290356159210205,,
239450,0.5772934556007385,0.05,-5.309648513793945,,
239500,7.147105693817139,0.05,-5.550411701202393,,
239550,3.043210029602051,0.05,-6.157131195068359,,
239600,8.485981941223145,0.05,-4.660913467407227,,
239650,7.666683197021484,0.05,-6.150247573852539,,
239700,1.9263662099838257,0.05,-4.356377124786377,,
239750,5.054305553436279,0.05,-5.0791473388671875,,
239800,6.364322662353516,0.05,-5.976060390472412,,
239850,5.797550201416016,0.05,-5.108820915222168,,
239900,0.7928189635276794,0.05,-5.425723552703857,,
239950,13.447166442871094,0.05,-5.475890636444092,,
240000,6.841526031494141,0.05,-3.9902429580688477,,
240050,1.1493412256240845,0.05,-3.93807315826416,,
240100,0.21001018583774567,0.05,-5.394241809844971,,
240150,2.96435284614563,0.05,-4.355610370635986,,
240200,5.436636447906494,0.05,-5.245035648345947,,
240250,7.431673049926758,0.05,-5.106311321258545,,
240300,1.050716757774353,0.05,-4.674741744995117,,
240350,4.423111438751221,0.05,-5.997877597808838,,
240400,6.263333797454834,0.05,-4.786733627319336,,
240450,1.8981647491455078,0.05,-4.974489688873291,,
240500,0.8635812401771545,0.05,-4.9224138259887695,,
240550,0.24986113607883453,0.05,-4.124061584472656,,
240600,6.935434341430664,0.05,-6.390585422515869,,
240650,14.001557350158691,0.05,-4.046282768249512,,
240700,13.569352149963379,0.05,-5.100501537322998,,
240750,0.26801684498786926,0.05,-4.505468845367432,,
240800,17.459779739379883,0.05,-5.053379535675049,,
240850,2.6505126953125,0.05,-4.369475841522217,,
240900,7.311368942260742,0.05,-5.090829849243164,,
240950,5.246621608734131,0.05,-4.941748142242432,,
241000,1.7457393407821655,0.05,-5.61100959777832,,
241050,5.564535140991211,0.05,-5.286581039428711,,
241100,0.48844122886657715,0.05,-4.81380558013916,,
241150,6.456921100616455,0.05,-4.751937389373779,,
241200,2.142756223678589,0.05,-4.030938625335693,,
241250,13.370259284973145,0.05,-4.3167724609375,,
241300,5.222996234893799,0.05,-4.238173007965088,,
241350,1.3819713592529297,0.05,-5.429903030395508,,
241400,11.201610565185547,0.05,-5.822167873382568,,
241450,1.1053744554519653,0.05,-5.550930500030518,,
241500,4.17935037612915,0.05,-4.750917911529541,,
241550,2.670654296875,0.05,-4.5951924324035645,,
241600,12.070054054260254,0.05,-5.808695316314697,,
241650,4.983521938323975,0.05,-6.1740241050720215,,
241700,10.775092124938965,0.05,-5.132106781005859,,
241750,0.3788100481033325,0.05,-4.334937572479248,,
241800,0.8995730876922607,0.05,-5.358500003814697,,
241850,1.6041301488876343,0.05,-4.614006519317627,,
241900,6.590618133544922,0.05,-5.646036624908447,,
241950,1.959837555885315,0.05,-4.0657196044921875,,
242000,14.414765357971191,0.05,-5.755137920379639,,
242050,5.212884902954102,0.05,-5.671413898468018,,
242100,4.593917369842529,0.05,-5.557504177093506,,
242150,8.188344955444336,0.05,-4.779930591583252,,
242200,2.5269815921783447,0.05,-6.044967174530029,,
242250,0.5857610106468201,0.05,-5.564585208892822,,
242300,1.637274146080017,0.05,-6.0373854637146,,
242350,5.918178081512451,0.05,-5.335402965545654,,
242400,1.2613334655761719,0.05,-5.189064025878906,,
242450,1.8457483053207397,0.05,-4.850640773773193,,
242500,9.646794319152832,0.05,-4.893741130828857,,
242550,2.1186671257019043,0.05,-5.9123759269714355,,
242600,8.193375587463379,0.05,-5.008493423461914,,
242650,0.6001955270767212,0.05,-4.844636917114258,,
242700,1.0879708528518677,0.05,-4.318413257598877,,
242750,2.9284496307373047,0.05,-5.225032329559326,,
242800,8.293800354003906,0.05,-4.079470157623291,,
242850,5.459718227386475,0.05,-4.718672275543213,,
242900,0.18490533530712128,0.05,-3.9635848999023438,,
242950,0.7571797370910645,0.05,-5.472249507904053,,
243000,1.627096176147461,0.05,-4.600152492523193,,
243050,3.831972360610962,0.05,-4.2732319831848145,,
243100,1.1782861948013306,0.05,-5.173546314239502,,
243150,0.5600178837776184,0.05,-5.620620250701904,,
243200,1.5985479354858398,0.05,-5.678414821624756,,
243250,0.8463767170906067,0.05,-5.37611198425293,,
243300,0.6865212321281433,0.05,-5.463983058929443,,
243350,0.6815192103385925,0.05,-4.606764316558838,,
243400,3.387984037399292,0.05,-5.17584228515625,,
243450,2.7437236309051514,0.05,-4.02211332321167,,
243500,2.4155170917510986,0.05,-4.478076457977295,,
243550,1.7566331624984741,0.05,-4.289016246795654,,
243600,2.8055613040924072,0.05,-5.490139484405518,,
243650,1.7239214181900024,0.05,-3.7417752742767334,,
243700,4.698914051055908,0.05,-6.49858283996582,,
243750,6.365312099456787,0.05,-4.91733980178833,,
243800,0.7008973956108093,0.05,-5.46853494644165,,
243850,1.9390583038330078,0.05,-4.903852939605713,,
243900,5.946413040161133,0.05,-5.681258678436279,,
243950,2.411931037902832,0.05,-4.82152795791626,,
244000,3.7746098041534424,0.05,-4.327978610992432,,
244050,3.9353530406951904,0.05,-4.622323513031006,,
244100,3.575289487838745,0.05,-4.250171184539795,,
244150,0.2843553125858307,0.05,-4.6167683601379395,,
244200,3.8477742671966553,0.05,-4.119961738586426,,
244250,2.838219404220581,0.05,-5.127884387969971,,
244300,6.0999298095703125,0.05,-5.727675914764404,,
244350,0.7900202870368958,0.05,-4.609684944152832,,
244400,2.8865699768066406,0.05,-4.960567951202393,,
244450,6.413484573364258,0.05,-5.198700428009033,,
244500,2.402125358581543,0.05,-6.217733383178711,,
244550,12.667107582092285,0.05,-4.736975193023682,,
244600,2.681478261947632,0.05,-4.704223155975342,,
244650,6.21701192855835,0.05,-5.434423446655273,,
244700,8.618083000183105,0.05,-5.726032257080078,,
244750,11.046695709228516,0.05,-4.999029636383057,,
244800,2.617567777633667,0.05,-4.2910590171813965,,
244850,12.447975158691406,0.05,-4.5324273109436035,,
244900,1.1925054788589478,0.05,-3.557469606399536,,
244950,0.9105278849601746,0.05,-4.182606220245361,,
245000,1.0839849710464478,0.05,-4.9134840965271,,
245050,0.5818207859992981,0.05,-5.131824970245361,,
245100,0.7732155919075012,0.05,-5.0177507400512695,,
245150,1.4754680395126343,0.05,-4.749576091766357,,
245200,2.3497190475463867,0.05,-4.666249752044678,,
245250,13.242020606994629,0.05,-4.675957679748535,,
245300,2.6402156352996826,0.05,-4.342183589935303,,
245350,6.38252592086792,0.05,-4.9858222007751465,,
245400,2.9743568897247314,0.05,-5.34977912902832,,
245450,0.8899856209754944,0.05,-4.911798477172852,,
245500,0.2868807315826416,0.05,-4.2737531661987305,,
245550,1.5970410108566284,0.05,-4.688454627990723,,
245600,17.167287826538086,0.05,-5.0642523765563965,,
245650,0.34751632809638977,0.05,-4.540323257446289,,
245700,14.002175331115723,0.05,-5.099531173706055,,
245750,2.418914556503296,0.05,-3.8649609088897705,,
245800,1.5246200561523438,0.05,-4.795212268829346,,
245850,1.9982420206069946,0.05,-4.3104777336120605,,
245900,0.7801890969276428,0.05,-4.980046272277832,,
245950,10.977287292480469,0.05,-6.805684566497803,,
246000,4.111568927764893,0.05,-4.973742961883545,,
246050,5.2061285972595215,0.05,-4.9318108558654785,,
246100,0.3188239634037018,0.05,-3.6430766582489014,,
246150,3.3434855937957764,0.05,-3.8847720623016357,,
246200,0.27009662985801697,0.05,-4.585968971252441,,
246250,3.958327293395996,0.05,-5.876693248748779,,
246300,5.914774417877197,0.05,-5.945041179656982,,
246350,2.0267693996429443,0.05,-5.591013431549072,,
246400,0.33635270595550537,0.05,-4.271282196044922,,
246450,1.1783814430236816,0.05,-5.770366191864014,,
246500,3.2823688983917236,0.05,-3.9090824127197266,,
246550,0.23506325483322144,0.05,-4.565428256988525,,
246600,4.404629230499268,0.05,-4.340806484222412,,
246650,0.4587983787059784,0.05,-4.154139995574951,,
246700,1.7667018175125122,0.05,-5.309231281280518,,
246750,5.908400058746338,0.05,-3.774049997329712,,
246800,0.8445400595664978,0.05,-4.843762397766113,,
246850,6.446836471557617,0.05,-4.817132472991943,,
246900,1.3444443941116333,0.05,-5.229284763336182,,
246950,0.6028936505317688,0.05,-4.992303371429443,,
247000,0.1603575348854065,0.05,-4.433998107910156,,
247050,2.863070487976074,0.05,-4.500782012939453,,
247100,6.178041934967041,0.05,-5.00799036026001,,
247150,5.818395137786865,0.05,-4.489832878112793,,
247200,0.6325531005859375,0.05,-5.023706912994385,,
247250,15.717124938964844,0.05,-6.011132717132568,,
247300,1.5316333770751953,0.05,-4.83776330947876,,
247350,2.575793504714966,0.05,-6.199345111846924,,
247400,7.381158351898193,0.05,-5.152637004852295,,
247450,6.476709842681885,0.05,-5.187859535217285,,
247500,0.2303307205438614,0.05,-4.778273105621338,,
247550,1.399401068687439,0.05,-5.9996466636657715,,
247600,0.7545650601387024,0.05,-4.04978609085083,,
247650,0.8179782032966614,0.05,-4.765609264373779,,
247700,0.24049724638462067,0.05,-4.134944438934326,,
247750,1.158009648323059,0.05,-4.858182907104492,,
247800,0.6476913094520569,0.05,-3.9005680084228516,,
247850,6.133726596832275,0.05,-5.091742038726807,,
247900,3.3925554752349854,0.05,-5.069571018218994,,
247950,7.590169906616211,0.05,-4.45922327041626,,
248000,0.9172137379646301,0.05,-6.44493293762207,,
248050,1.393027663230896,0.05,-7.185121059417725,,
248100,6.1672797203063965,0.05,-6.365452289581299,,
248150,8.366950988769531,0.05,-4.61541748046875,,
248200,4.224830627441406,0.05,-4.97038459777832,,
248250,6.603708744049072,0.05,-5.358316898345947,,
248300,0.8201854228973389,0.05,-4.213040828704834,,
248350,0.6879411339759827,0.05,-4.892124652862549,,
248400,3.8778398036956787,0.05,-6.022484302520752,,
248450,1.5239068269729614,0.05,-4.5571465492248535,,
248500,0.3470015227794647,0.05,-4.987574100494385,,
248550,6.6317572593688965,0.05,-5.117595195770264,,
248600,10.328099250793457,0.05,-5.768930912017822,,
248650,7.236093521118164,0.05,-6.868120193481445,,
248700,10.516340255737305,0.05,-5.295678615570068,,
248750,0.4875134527683258,0.05,-4.631497859954834,,
248800,0.7316588759422302,0.05,-4.9759016036987305,,
248850,2.9762258529663086,0.05,-4.517238140106201,,
248900,5.782630920410156,0.05,-4.772666931152344,,
248950,6.924611568450928,0.05,-5.12087869644165,,
249000,14.885884284973145,0.05,-4.047832489013672,,
249050,2.3788034915924072,0.05,-5.082068920135498,,
249100,3.4450511932373047,0.05,-3.665827989578247,,
249150,7.239156246185303,0.05,-5.8069167137146,,
249200,4.736840724945068,0.05,-4.7216572761535645,,
249250,7.289788722991943,0.05,-4.478653430938721,,
249300,0.37769827246665955,0.05,-4.340053081512451,,
249350,3.566866159439087,0.05,-5.4294753074646,,
249400,6.728044509887695,0.05,-4.844892978668213,,
249450,2.4425761699676514,0.05,-4.26084566116333,,
249500,0.7039188742637634,0.05,-4.18173360824585,,
249550,9.73577880859375,0.05,-5.582549571990967,,
249600,7.878692150115967,0.05,-5.191532611846924,,
249650,1.1383039951324463,0.05,-4.3012213706970215,,
249700,7.829608917236328,0.05,-4.91360330581665,,
249750,3.073296308517456,0.05,-4.721045017242432,,
249800,0.31875863671302795,0.05,-4.543498992919922,,
249850,1.7405036687850952,0.05,-5.455687046051025,,
249900,3.789480447769165,0.05,-5.220626354217529,,
249950,20.285015106201172,0.05,-6.58121919631958,,
250000,1.1158984899520874,0.05,-4.851053237915039,-0.8890902806089414,35.733333333333334
250050,5.643064498901367,0.05,-5.066368579864502,,
250100,9.4042329788208,0.05,-3.8550662994384766,,
250150,0.8605617880821228,0.05,-4.6418280601501465,,
250200,0.5549587607383728,0.05,-5.585644245147705,,
250250,1.2373991012573242,0.05,-5.589112758636475,,
250300,12.071406364440918,0.05,-4.511552333831787,,
250350,1.0527753829956055,0.05,-5.516114711761475,,
250400,0.1534685343503952,0.05,-3.703956365585327,,
250450,1.21798837184906,0.05,-6.274288654327393,,
250500,3.3643434047698975,0.05,-4.616244792938232,,
250550,2.9513323307037354,0.05,-5.2153000831604,,
250600,0.5791218280792236,0.05,-4.241135120391846,,
250650,0.6975838541984558,0.05,-4.9661688804626465,,
250700,2.188532590866089,0.05,-4.226939678192139,,
250750,1.1892820596694946,0.05,-5.271229267120361,,
250800,0.3717331886291504,0.05,-4.656156539916992,,
250850,3.1641805171966553,0.05,-4.922262668609619,,
250900,0.9687784314155579,0.05,-5.6444573402404785,,
250950,3.8692150115966797,0.05,-6.444585800170898,,
251000,4.119923114776611,0.05,-4.108365058898926,,
251050,0.24330194294452667,0.05,-4.3402276039123535,,
251100,3.027796983718872,0.05,-5.536396026611328,,
251150,9.111783027648926,0.05,-4.507368564605713,,
251200,1.0917253494262695,0.05,-5.389401912689209,,
251250,1.4704257249832153,0.05,-4.480309009552002,,
251300,16.344083786010742,0.05,-4.168843746185303,,
251350,0.2689816355705261,0.05,-4.155110836029053,,
251400,1.3337799310684204,0.05,-5.902044296264648,,
251450,3.8827781677246094,0.05,-5.130609035491943,,
251500,3.847383737564087,0.05,-4.108788013458252,,
251550,0.7582836747169495,0.05,-5.603946208953857,,
251600,0.25253045558929443,0.05,-3.722384452819824,,
251650,4.901350498199463,0.05,-4.806087970733643,,
251700,0.7627829909324646,0.05,-4.816410541534424,,
251750,4.84797477722168,0.05,-4.910862445831299,,
251800,0.5357524752616882,0.05,-4.709303855895996,,
251850,1.2067924737930298,0.05,-5.865015029907227,,
251900,1.094997763633728,0.05,-4.720544338226318,,
251950,3.748785972595215,0.05,-5.743356227874756,,
252000,0.5130968689918518,0.05,-4.256951332092285,,
252050,5.081214427947998,0.05,-5.209249019622803,,
252100,3.121598482131958,0.05,-4.662501811981201,,
252150,1.850368857383728,0.05,-4.872225284576416,,
252200,2.862993001937866,0.05,-3.6355087757110596,,
252250,0.7874228358268738,0.05,-4.917784690856934,,
252300,4.1336846351623535,0.05,-4.7214274406433105,,
252350,5.619395732879639,0.05,-4.345155239105225,,
252400,0.24447329342365265,0.05,-3.700201988220215,,
252450,2.586344003677368,0.05,-3.936784029006958,,
252500,4.255923271179199,0.05,-4.60455322265625,,
252550,2.183711290359497,0.05,-4.132611274719238,,
252600,3.4386861324310303,0.05,-4.539979457855225,,
252650,0.8101590275764465,0.05,-3.403618097305298,,
252700,2.6184356212615967,0.05,-4.025063991546631,,
252750,0.5368221402168274,0.05,-5.104569911956787,,
252800,6.276756286621094,0.05,-4.512740612030029,,
252850,0.6304352879524231,0.05,-3.384108304977417,,
252900,3.1201305389404297,0.05,-4.774363994598389,,
252950,1.681048035621643,0.05,-4.222977161407471,,
253000,3.482773542404175,0.05,-5.117076396942139,,
253050,6.124212265014648,0.05,-5.4050164222717285,,
253100,0.28228840231895447,0.05,-3.7742722034454346,,
253150,3.396270513534546,0.05,-3.905139684677124,,
253200,6.5036234855651855,0.05,-4.99651575088501,,
253250,0.8723940849304199,0.05,-4.499412536621094,,
253300,3.3716163635253906,0.05,-5.6046905517578125,,
253350,0.7530961036682129,0.05,-4.372494220733643,,
253400,0.4766998589038849,0.05,-4.907434940338135,,
253450,1.1137090921401978,0.05,-5.375270366668701,,
253500,0.7640939354896545,0.05,-4.134114742279053,,
253550,2.59043288230896,0.05,-4.794835567474365,,
253600,4.208717346191406,0.05,-3.624537467956543,,
253650,7.0087409019470215,0.05,-4.766104221343994,,
253700,1.9024256467819214,0.05,-4.102467060089111,,
253750,2.692857027053833,0.05,-4.866468906402588,,
253800,1.772453784942627,0.05,-5.491445064544678,,
253850,1.8167816400527954,0.05,-5.384073257446289,,
253900,6.628994464874268,0.05,-4.044694423675537,,
253950,7.981520175933838,0.05,-5.79203987121582,,
254000,7.719553470611572,0.05,-3.428394317626953,,
254050,2.404026508331299,0.05,-4.507510185241699,,
254100,2.762971878051758,0.05,-5.13035249710083,,
254150,0.975390613079071,0.05,-4.1358418464660645,,
254200,2.8423144817352295,0.05,-5.624104976654053,,
254250,1.1324571371078491,0.05,-6.242481231689453,,
254300,1.0495792627334595,0.05,-5.281635284423828,,
254350,0.5994241237640381,0.05,-4.335785388946533,,
254400,14.489224433898926,0.05,-5.041687488555908,,
254450,4.55769681930542,0.05,-5.407993316650391,,
254500,7.003390789031982,0.05,-4.791824817657471,,
254550,0.4677962064743042,0.05,-4.369043827056885,,
254600,0.5625588297843933,0.05,-5.252121925354004,,
254650,0.6423244476318359,0.05,-3.803586006164551,,
254700,0.3015548288822174,0.05,-4.238871097564697,,
254750,0.49096187949180603,0.05,-4.714718341827393,,
254800,4.5455498695373535,0.05,-4.880561828613281,,
254850,1.700456142425537,0.05,-3.995651960372925,,
254900,0.40936779975891113,0.05,-4.016376495361328,,
254950,1.369377613067627,0.05,-4.8161749839782715,,
255000,0.5272241234779358,0.05,-3.2898902893066406,,
255050,10.107705116271973,0.05,-4.553872108459473,,
255100,10.69533920288086,0.05,-4.655379772186279,,
255150,1.3346775770187378,0.05,-5.4381022453308105,,
255200,3.5191650390625,0.05,-4.6543498039245605,,
255250,4.530517101287842,0.05,-4.108692646026611,,
255300,0.7997055649757385,0.05,-4.2333807945251465,,
255350,2.2220394611358643,0.05,-4.029178619384766,,
255400,0.5103349089622498,0.05,-5.158388137817383,,
255450,0.3284657299518585,0.05,-3.724921464920044,,
255500,2.056884765625,0.05,-4.030180931091309,,
255550,5.847218990325928,0.05,-3.1810262203216553,,
255600,0.4155900180339813,0.05,-3.7166481018066406,,
255650,5.362919330596924,0.05,-3.8598897457122803,,
255700,4.456484794616699,0.05,-5.602346420288086,,
255750,2.316046953201294,0.05,-4.151639461517334,,
255800,2.546247720718384,0.05,-4.713704586029053,,
255850,9.19062328338623,0.05,-5.448760509490967,,
255900,0.2576541006565094,0.05,-3.1141796112060547,,
255950,7.983811855316162,0.05,-4.917816162109375,,
256000,14.432811737060547,0.05,-5.316438674926758,,
256050,2.08056378364563,0.05,-2.895555257797241,,
256100,0.570044994354248,0.05,-3.9755992889404297,,
256150,2.2283213138580322,0.05,-3.765831708908081,,
256200,4.394774913787842,0.05,-5.838650226593018,,
256250,4.2979960441589355,0.05,-5.342586994171143,,
256300,1.5449057817459106,0.05,-4.965636253356934,,
256350,3.6637117862701416,0.05,-5.3020243644714355,,
256400,4.101011276245117,0.05,-5.1648945808410645,,
256450,0.8960419297218323,0.05,-4.535672664642334,,
256500,0.7731261253356934,0.05,-4.239856719970703,,
256550,0.41928157210350037,0.05,-4.535786151885986,,
256600,4.401727676391602,0.05,-4.772980213165283,,
256650,0.567681610584259,0.05,-4.614426136016846,,
256700,0.38657405972480774,0.05,-4.608270168304443,,
256750,0.657809317111969,0.05,-5.004428863525391,,
256800,6.8105010986328125,0.05,-4.007376670837402,,
256850,2.8723831176757812,0.05,-3.695685625076294,,
256900,2.5960805416107178,0.05,-3.4277725219726562,,
256950,12.044682502746582,0.05,-5.199240207672119,,
257000,2.6737289428710938,0.05,-4.422091007232666,,
257050,1.5062751770019531,0.05,-5.4854607582092285,,
257100,0.9790318608283997,0.05,-5.876331806182861,,
257150,5.474080562591553,0.05,-5.457338809967041,,
257200,9.625563621520996,0.05,-3.9825761318206787,,
257250,5.533024311065674,0.05,-4.949578285217285,,
257300,0.6682579517364502,0.05,-4.960361003875732,,
257350,3.9234657287597656,0.05,-5.131011486053467,,
257400,3.7553749084472656,0.05,-3.8962535858154297,,
257450,0.45241105556488037,0.05,-3.968005418777466,,
257500,10.796501159667969,0.05,-3.875904083251953,,
257550,3.3949191570281982,0.05,-4.044830322265625,,
257600,0.19422751665115356,0.05,-3.7435874938964844,,
257650,5.08927583694458,0.05,-4.012340545654297,,
257700,0.7632200717926025,0.05,-3.1846659183502197,,
257750,0.9020474553108215,0.05,-4.151244640350342,,
257800,5.8229146003723145,0.05,-3.5456905364990234,,
257850,5.426905155181885,0.05,-3.9106438159942627,,
257900,5.127554416656494,0.05,-3.371809244155884,,
257950,0.576137363910675,0.05,-5.357067584991455,,
258000,2.1467301845550537,0.05,-4.693800926208496,,
258050,5.9652252197265625,0.05,-4.813336372375488,,
258100,0.23485945165157318,0.05,-4.800652503967285,,
258150,2.0569679737091064,0.05,-5.15562105178833,,
258200,1.4204031229019165,0.05,-4.068572044372559,,
258250,6.281818389892578,0.05,-4.193220615386963,,
258300,6.329792022705078,0.05,-3.7653448581695557,,
258350,0.35026776790618896,0.05,-4.923730373382568,,
258400,1.136293888092041,0.05,-4.562297344207764,,
258450,0.665189802646637,0.05,-3.7352631092071533,,
258500,0.25335344672203064,0.05,-3.887230634689331,,
258550,2.071565866470337,0.05,-4.351795673370361,,
258600,0.5270861983299255,0.05,-3.6562395095825195,,
258650,2.407566547393799,0.05,-4.750652313232422,,
258700,0.8767196536064148,0.05,-3.224379301071167,,
258750,5.658055782318115,0.05,-3.0814788341522217,,
258800,4.3703107833862305,0.05,-4.274512767791748,,
258850,3.190115213394165,0.05,-4.465557098388672,,
258900,4.762763500213623,0.05,-4.2757649421691895,,
258950,7.01275110244751,0.05,-4.711114406585693,,
259000,10.863848686218262,0.05,-4.508988857269287,,
259050,7.062210559844971,0.05,-5.179924011230469,,
259100,13.461738586425781,0.05,-4.6567769050598145,,
259150,0.20450405776500702,0.05,-3.3685367107391357,,
259200,7.057103633880615,0.05,-4.156679630279541,,
259250,3.187692403793335,0.05,-4.17479944229126,,
259300,0.7357936501502991,0.05,-5.015541076660156,,
259350,12.99130630493164,0.05,-3.3286945819854736,,
259400,8.093873023986816,0.05,-4.6191253662109375,,
259450,3.3151161670684814,0.05,-4.675198078155518,,
259500,10.1451416015625,0.05,-4.446298122406006,,
259550,2.307929039001465,0.05,-3.647350311279297,,
259600,6.694087982177734,0.05,-5.935078144073486,,
259650,5.166903495788574,0.05,-4.560783863067627,,
259700,0.18186374008655548,0.05,-3.3828470706939697,,
259750,4.507235527038574,0.05,-4.459695339202881,,
259800,0.974435031414032,0.05,-5.183079242706299,,
259850,6.7969489097595215,0.05,-3.503138780593872,,
259900,2.7834908962249756,0.05,-4.623283386230469,,
259950,0.7537110447883606,0.05,-3.9738166332244873,,
260000,1.7665525674819946,0.05,-4.405038833618164,,
260050,9.927610397338867,0.05,-3.972092390060425,,
260100,3.0410642623901367,0.05,-4.201949119567871,,
260150,13.905043601989746,0.05,-4.58919095993042,,
260200,0.7184414267539978,0.05,-3.664224863052368,,
260250,1.6358274221420288,0.05,-4.804405689239502,,
260300,5.387884616851807,0.05,-4.457341194152832,,
260350,0.7366626858711243,0.05,-4.319432735443115,,
260400,0.1581297516822815,0.05,-4.533998489379883,,
260450,7.483214855194092,0.05,-4.7533650398254395,,
260500,5.883930206298828,0.05,-5.063821792602539,,
260550,7.304819107055664,0.05,-3.5950300693511963,,
260600,0.48641374707221985,0.05,-3.971620798110962,,
260650,2.5574188232421875,0.05,-3.4455530643463135,,
260700,6.187713146209717,0.05,-4.8331780433654785,,
260750,0.33503177762031555,0.05,-2.976276397705078,,
260800,3.623812675476074,0.05,-4.846633434295654,,
260850,0.8464980721473694,0.05,-4.50725793838501,,
260900,1.1487040519714355,0.05,-4.503994941711426,,
260950,0.7507481575012207,0.05,-5.004006862640381,,
261000,0.724892795085907,0.05,-5.033111095428467,,
261050,0.7899979948997498,0.05,-4.125702381134033,,
261100,2.7129786014556885,0.05,-3.914703130722046,,
261150,2.1211752891540527,0.05,-4.105810642242432,,
261200,6.4471917152404785,0.05,-3.8681886196136475,,
261250,0.6958507895469666,0.05,-4.109389781951904,,
261300,3.5601141452789307,0.05,-3.7865946292877197,,
261350,0.5590182542800903,0.05,-5.1224775314331055,,
261400,1.5653988122940063,0.05,-4.159353733062744,,
261450,4.9325151443481445,0.05,-4.435309886932373,,
261500,6.556183338165283,0.05,-3.9838359355926514,,
261550,2.518169403076172,0.05,-4.266237735748291,,
261600,0.881338894367218,0.05,-4.285788059234619,,
261650,7.196426868438721,0.05,-5.039926052093506,,
261700,0.6814588904380798,0.05,-4.445046424865723,,
261750,3.728780508041382,0.05,-4.095214366912842,,
261800,3.461489677429199,0.05,-4.545376300811768,,
261850,1.7673553228378296,0.05,-3.483419418334961,,
261900,0.2744053900241852,0.05,-3.678729772567749,,
261950,0.6160988807678223,0.05,-4.166383743286133,,
262000,1.9856678247451782,0.05,-5.7714409828186035,,
262050,1.956674575805664,0.05,-4.131189346313477,,
262100,0.8778696060180664,0.05,-4.510433197021484,,
262150,1.1063106060028076,0.05,-4.323910713195801,,
262200,0.33129099011421204,0.05,-3.73063063621521,,
262250,0.5146633982658386,0.05,-3.984393358230591,,
262300,0.3166904151439667,0.05,-3.9625988006591797,,
262350,0.41490721702575684,0.05,-3.6591956615448,,
262400,17.69859504699707,0.05,-4.329676628112793,,
262450,4.601781368255615,0.05,-5.1124773025512695,,
262500,5.681538105010986,0.05,-4.872678279876709,,
262550,0.42009416222572327,0.05,-5.179079532623291,,
262600,1.457659363746643,0.05,-6.284732818603516,,
262650,3.892254114151001,0.05,-4.211639881134033,,
262700,5.083337306976318,0.05,-4.723971843719482,,
262750,1.803919792175293,0.05,-4.923099040985107,,
262800,2.207921266555786,0.05,-4.9885149002075195,,
262850,5.403265476226807,0.05,-4.114990234375,,
262900,7.80515718460083,0.05,-5.232883453369141,,
262950,1.3849363327026367,0.05,-4.630438327789307,,
263000,1.5594507455825806,0.05,-3.4352962970733643,,
263050,0.8001229166984558,0.05,-3.409156084060669,,
263100,0.2538956105709076,0.05,-3.676128387451172,,
263150,0.845089852809906,0.05,-4.146719455718994,,
263200,4.922512531280518,0.05,-4.459616184234619,,
263250,0.7423427700996399,0.05,-5.366182804107666,,
263300,7.414495944976807,0.05,-6.167846202850342,,
263350,0.5293843746185303,0.05,-4.563587665557861,,
263400,0.5785550475120544,0.05,-3.7547366619110107,,
263450,0.8443205952644348,0.05,-4.625010967254639,,
263500,6.3175129890441895,0.05,-5.223834037780762,,
263550,1.4520163536071777,0.05,-5.2230048179626465,,
263600,1.5174719095230103,0.05,-4.740653991699219,,
263650,2.367786407470703,0.05,-3.47723126411438,,
263700,1.8935266733169556,0.05,-4.493567943572998,,
263750,1.0396637916564941,0.05,-3.5342495441436768,,
263800,4.726808071136475,0.05,-4.473749160766602,,
263850,0.7508172988891602,0.05,-4.253351211547852,,
263900,5.212416172027588,0.05,-3.5553760528564453,,
263950,1.6703591346740723,0.05,-5.010891437530518,,
264000,1.2951984405517578,0.05,-4.595883846282959,,
264050,5.9386515617370605,0.05,-4.1388349533081055,,
264100,0.696325957775116,0.05,-4.022231578826904,,
264150,0.556787371635437,0.05,-6.2733845710754395,,
264200,0.48384106159210205,0.05,-4.3011345863342285,,
264250,0.226689413189888,0.05,-4.7136311531066895,,
264300,1.177359700202942,0.05,-4.518853664398193,,
264350,0.4203912019729614,0.05,-3.594090700149536,,
264400,0.3109508752822876,0.05,-4.352946758270264,,
264450,5.544322490692139,0.05,-3.9083073139190674,,
264500,12.694259643554688,0.05,-4.041147232055664,,
264550,0.5587705373764038,0.05,-3.9314324855804443,,
264600,5.26547384262085,0.05,-4.5472798347473145,,
264650,9.011956214904785,0.05,-6.3976616859436035,,
264700,0.47177067399024963,0.05,-3.7960081100463867,,
264750,2.627516269683838,0.05,-5.283823490142822,,
264800,6.1907958984375,0.05,-4.054198741912842,,
264850,4.264750003814697,0.05,-3.6352758407592773,,
264900,0.17064477503299713,0.05,-4.668295383453369,,
264950,2.638453245162964,0.05,-4.975697040557861,,
265000,0.4329114854335785,0.05,-3.4765613079071045,,
265050,9.229280471801758,0.05,-4.596004962921143,,
265100,0.436824768781662,0.05,-3.49212384223938,,
265150,5.811647891998291,0.05,-3.33804988861084,,
265200,8.37501049041748,0.05,-4.46214485168457,,
265250,5.4709320068359375,0.05,-3.692789316177368,,
265300,4.723653793334961,0.05,-5.2360968589782715,,
265350,1.3599185943603516,0.05,-3.4176056385040283,,
265400,0.9380986094474792,0.05,-4.514642238616943,,
265450,0.5200912952423096,0.05,-4.373098850250244,,
265500,7.685516834259033,0.05,-6.148518085479736,,
265550,2.679468870162964,0.05,-4.55091667175293,,
265600,0.22708158195018768,0.05,-4.202703952789307,,
265650,4.655879497528076,0.05,-3.848336935043335,,
265700,1.143797755241394,0.05,-4.03361177444458,,
265750,1.8390512466430664,0.05,-5.014285564422607,,
265800,7.8005290031433105,0.05,-4.498032093048096,,
265850,1.2498944997787476,0.05,-3.2819528579711914,,
265900,3.655078887939453,0.05,-3.831515073776245,,
265950,10.807262420654297,0.05,-5.881353378295898,,
266000,6.245235443115234,0.05,-4.058839321136475,,
266050,10.069554328918457,0.05,-4.495889186859131,,
266100,8.060925483703613,0.05,-5.206455707550049,,
266150,1.0980290174484253,0.05,-4.266104698181152,,
266200,1.4543970823287964,0.05,-3.608764410018921,,
266250,5.148159503936768,0.05,-3.035813331604004,,
266300,6.937464237213135,0.05,-4.110554218292236,,
266350,7.373141765594482,0.05,-4.401951313018799,,
266400,8.298319816589355,0.05,-4.320374965667725,,
266450,3.890671491622925,0.05,-3.6703240871429443,,
266500,6.113938808441162,0.05,-4.212964057922363,,
266550,0.38713765144348145,0.05,-4.351032257080078,,
266600,2.7359588146209717,0.05,-5.781124114990234,,
266650,5.0346150398254395,0.05,-3.9317519664764404,,
266700,5.188311576843262,0.05,-3.754244565963745,,
266750,0.4984346926212311,0.05,-3.8080806732177734,,
266800,3.683717727661133,0.05,-4.6480937004089355,,
266850,7.204463481903076,0.05,-3.864640474319458,,
266900,4.953258991241455,0.05,-4.723233699798584,,
266950,2.4004948139190674,0.05,-3.555401086807251,,
267000,0.2500133514404297,0.05,-3.6090192794799805,,
267050,6.332980632781982,0.05,-3.6463518142700195,,
267100,19.054443359375,0.05,-4.275928497314453,,
267150,0.14630244672298431,0.05,-2.9317808151245117,,
267200,2.9773712158203125,0.05,-4.693175315856934,,
267250,0.6490901112556458,0.05,-3.7993106842041016,,
267300,6.992417812347412,0.05,-4.186262130737305,,
267350,1.441069483757019,0.05,-6.1197052001953125,,
267400,0.8379586338996887,0.05,-3.7143306732177734,,
267450,7.047538757324219,0.05,-4.149148464202881,,
267500,5.40747594833374,0.05,-3.74619197845459,,
267550,9.336474418640137,0.05,-5.196247577667236,,
267600,0.6351777911186218,0.05,-3.9105303287506104,,
267650,2.6703274250030518,0.05,-3.630155563354492,,
267700,4.44376802444458,0.05,-4.09534215927124,,
267750,0.7712628245353699,0.05,-4.282517910003662,,
267800,0.2655559480190277,0.05,-4.150936603546143,,
267850,3.928445816040039,0.05,-3.114882230758667,,
267900,2.140899419784546,0.05,-3.2742812633514404,,
267950,5.606333255767822,0.05,-4.145455837249756,,
268000,4.155570983886719,0.05,-3.3702895641326904,,
268050,18.387731552124023,0.05,-3.589414596557617,,
268100,6.020706653594971,0.05,-3.565648078918457,,
268150,3.249894142150879,0.05,-4.430459976196289,,
268200,7.513862133026123,0.05,-5.785024642944336,,
268250,3.773000478744507,0.05,-4.735661029815674,,
268300,0.28013163805007935,0.05,-3.9161007404327393,,
268350,0.22357046604156494,0.05,-3.7375144958496094,,
268400,1.9832791090011597,0.05,-4.870845317840576,,
268450,3.5210494995117188,0.05,-3.8935041427612305,,
268500,0.5850163698196411,0.05,-5.531248569488525,,
268550,1.6279449462890625,0.05,-4.881594181060791,,
268600,0.2722262144088745,0.05,-3.4905498027801514,,
268650,2.105032205581665,0.05,-4.084131240844727,,
268700,1.0158880949020386,0.05,-3.671231985092163,,
268750,0.657021701335907,0.05,-4.329864978790283,,
268800,0.19708746671676636,0.05,-3.6478376388549805,,
268850,4.929806232452393,0.05,-4.6882524490356445,,
268900,5.506353855133057,0.05,-4.384263515472412,,
268950,6.147062301635742,0.05,-4.291904926300049,,
269000,1.6755518913269043,0.05,-3.743108034133911,,
269050,5.510579586029053,0.05,-4.77100944519043,,
269100,11.272570610046387,0.05,-4.5625386238098145,,
269150,6.3816914558410645,0.05,-5.137912273406982,,
269200,9.062960624694824,0.05,-5.161303520202637,,
269250,1.5919934511184692,0.05,-3.6783053874969482,,
269300,6.343430042266846,0.05,-3.852154016494751,,
269350,6.451738357543945,0.05,-4.697574615478516,,
269400,9.009385108947754,0.05,-4.553498268127441,,
269450,22.10883140563965,0.05,-4.320119857788086,,
269500,9.696391105651855,0.05,-5.161850452423096,,
269550,8.401347160339355,0.05,-5.048336505889893,,
269600,2.2191507816314697,0.05,-4.80042028427124,,
269650,1.632065773010254,0.05,-4.953378200531006,,
269700,10.476901054382324,0.05,-4.010124683380127,,
269750,5.382833957672119,0.05,-4.290650844573975,,
269800,3.8448753356933594,0.05,-3.8367998600006104,,
269850,5.272358417510986,0.05,-3.755152940750122,,
269900,1.7332038879394531,0.05,-5.433622360229492,,
269950,0.19561918079853058,0.05,-3.517331838607788,,
270000,1.4631890058517456,0.05,-3.9521636962890625,,
270050,2.082927703857422,0.05,-5.595564365386963,,
270100,2.20418643951416,0.05,-4.706619739532471,,
270150,2.337590217590332,0.05,-3.6451683044433594,,
270200,5.754920959472656,0.05,-3.931001901626587,,
270250,4.314541339874268,0.05,-4.674285888671875,,
270300,0.14882715046405792,0.05,-3.1889593601226807,,
270350,4.79603910446167,0.05,-4.931558609008789,,
270400,0.10147851705551147,0.05,-4.053828239440918,,
270450,0.28703925013542175,0.05,-3.3409359455108643,,
270500,5.0560760498046875,0.05,-6.268573760986328,,
270550,11.870227813720703,0.05,-5.422094821929932,,
270600,7.330735683441162,0.05,-4.855689525604248,,
270650,3.0845038890838623,0.05,-4.657505512237549,,
270700,7.467097759246826,0.05,-4.712883949279785,,
270750,15.255057334899902,0.05,-4.513163089752197,,
270800,4.873472213745117,0.05,-4.321772575378418,,
270850,0.20285819470882416,0.05,-4.632779121398926,,
270900,0.8207746148109436,0.05,-4.246086597442627,,
270950,1.3942621946334839,0.05,-5.39237642288208,,
271000,1.316649317741394,0.05,-4.589909076690674,,
271050,4.362144470214844,0.05,-5.628389358520508,,
271100,4.480013370513916,0.05,-5.1573100090026855,,
271150,3.1448662281036377,0.05,-5.479526042938232,,
271200,1.4461842775344849,0.05,-4.441127300262451,,
271250,2.7258729934692383,0.05,-3.874959945678711,,
271300,0.44365933537483215,0.05,-5.145135402679443,,
271350,0.21483707427978516,0.05,-4.431312084197998,,
271400,4.188719749450684,0.05,-4.5125250816345215,,
271450,2.409820795059204,0.05,-4.143320560455322,,
271500,1.8828035593032837,0.05,-3.6804959774017334,,
271550,1.9271159172058105,0.05,-5.008958339691162,,
271600,3.4674723148345947,0.05,-3.91558575630188,,
271650,3.64304256439209,0.05,-3.2412586212158203,,
271700,2.415926218032837,0.05,-4.847412586212158,,
271750,5.772974014282227,0.05,-3.883530378341675,,
271800,14.169681549072266,0.05,-4.716346740722656,,
271850,3.2956950664520264,0.05,-4.737895965576172,,
271900,1.9639476537704468,0.05,-4.733813762664795,,
271950,3.547093391418457,0.05,-5.679695129394531,,
272000,0.26397690176963806,0.05,-3.881333112716675,,
272050,6.465938091278076,0.05,-4.771199703216553,,
272100,0.5891976952552795,0.05,-4.045442581176758,,
272150,0.5877662301063538,0.05,-4.746586322784424,,
272200,9.678234100341797,0.05,-3.4858806133270264,,
272250,1.5609922409057617,0.05,-4.746603488922119,,
272300,10.682720184326172,0.05,-5.111171722412109,,
272350,0.25721874833106995,0.05,-4.8560872077941895,,
272400,11.159077644348145,0.05,-5.138856887817383,,
272450,8.873320579528809,0.05,-4.228828430175781,,
272500,7.410096645355225,0.05,-4.370223522186279,,
272550,4.816133975982666,0.05,-4.034741401672363,,
272600,6.738811016082764,0.05,-4.94093132019043,,
272650,5.320926189422607,0.05,-4.766137599945068,,
272700,10.479596138000488,0.05,-5.067906856536865,,
272750,2.0259006023406982,0.05,-4.835485935211182,,
272800,3.278649091720581,0.05,-4.004091262817383,,
272850,0.3567115366458893,0.05,-4.406986713409424,,
272900,0.5999037623405457,0.05,-4.459934234619141,,
272950,0.25303706526756287,0.05,-3.8802576065063477,,
273000,9.95599365234375,0.05,-5.361726760864258,,
273050,6.1159281730651855,0.05,-6.240339756011963,,
273100,3.4195032119750977,0.05,-4.299686908721924,,
273150,10.896011352539062,0.05,-3.3709962368011475,,
273200,0.48761773109436035,0.05,-5.05006742477417,,
273250,11.33456802368164,0.05,-5.070219039916992,,
273300,2.3555359840393066,0.05,-4.361783981323242,,
273350,8.096576690673828,0.05,-4.3828864097595215,,
273400,22.820547103881836,0.05,-3.5034544467926025,,
273450,1.103003978729248,0.05,-4.694997787475586,,
273500,8.046853065490723,0.05,-4.933448791503906,,
273550,9.413477897644043,0.05,-5.193319320678711,,
273600,4.458853244781494,0.05,-4.901528835296631,,
273650,5.987680912017822,0.05,-4.07512092590332,,
273700,2.726095199584961,0.05,-4.822889804840088,,
273750,9.703959465026855,0.05,-3.5010106563568115,,
273800,0.9429223537445068,0.05,-4.146038055419922,,
273850,3.033521890640259,0.05,-4.642237186431885,,
273900,5.569698333740234,0.05,-2.7950074672698975,,
273950,2.171865940093994,0.05,-4.44368314743042,,
274000,2.0235912799835205,0.05,-4.146416187286377,,
274050,4.628372669219971,0.05,-3.371152639389038,,
274100,0.8590803146362305,0.05,-5.716810703277588,,
274150,0.20662109553813934,0.05,-2.9567012786865234,,
274200,8.062634468078613,0.05,-4.56618595123291,,
274250,3.887651205062866,0.05,-3.8593339920043945,,
274300,4.191148281097412,0.05,-4.642178058624268,,
274350,12.400115013122559,0.05,-5.756595611572266,,
274400,1.5588340759277344,0.05,-4.992798805236816,,
274450,1.116443395614624,0.05,-5.7226128578186035,,
274500,4.793809413909912,0.05,-4.985262870788574,,
274550,2.3655834197998047,0.05,-5.17384672164917,,
274600,4.012588977813721,0.05,-4.91657018661499,,
274650,0.6232970952987671,0.05,-5.576768398284912,,
274700,4.7359619140625,0.05,-4.365410327911377,,
274750,5.682622909545898,0.05,-3.980370283126831,,
274800,10.188057899475098,0.05,-4.443251609802246,,
274850,3.795342206954956,0.05,-4.568221569061279,,
274900,1.6685680150985718,0.05,-4.436107158660889,,
274950,4.348230838775635,0.05,-3.926176071166992,,
275000,0.974003791809082,0.05,-5.445163726806641,-0.9346389078217546,39.333333333333336
275050,5.326567649841309,0.05,-4.977479457855225,,
275100,11.415282249450684,0.05,-4.374020099639893,,
275150,9.94780158996582,0.05,-5.275895118713379,,
275200,3.101808786392212,0.05,-5.667533874511719,,
275250,2.284574270248413,0.05,-3.9748079776763916,,
275300,9.75241756439209,0.05,-3.7607619762420654,,
275350,7.219888687133789,0.05,-4.644826412200928,,
275400,0.672621488571167,0.05,-4.887771129608154,,
275450,1.9238799810409546,0.05,-5.028391361236572,,
275500,0.5668278336524963,0.05,-5.410470485687256,,
275550,5.075892925262451,0.05,-4.61350154876709,,
275600,0.24943678081035614,0.05,-3.599017858505249,,
275650,9.219145774841309,0.05,-4.594296932220459,,
275700,7.09787130355835,0.05,-3.837635040283203,,
275750,1.8820117712020874,0.05,-4.3960490226745605,,
275800,0.49572503566741943,0.05,-4.508235454559326,,
275850,5.428256988525391,0.05,-4.125028133392334,,
275900,8.002015113830566,0.05,-4.002990245819092,,
275950,0.25228604674339294,0.05,-3.8694276809692383,,
276000,0.4147473871707916,0.05,-4.812674045562744,,
276050,6.592618942260742,0.05,-4.93860387802124,,
276100,1.8956505060195923,0.05,-4.63215970993042,,
276150,2.237558126449585,0.05,-4.1636528968811035,,
276200,1.2795313596725464,0.05,-5.433622360229492,,
276250,0.39961132407188416,0.05,-3.5758159160614014,,
276300,1.994829773902893,0.05,-4.274613857269287,,
276350,1.0091052055358887,0.05,-3.670849561691284,,
276400,3.211815118789673,0.05,-5.115839958190918,,
276450,7.964955806732178,0.05,-5.101837635040283,,
276500,7.124547958374023,0.05,-6.249434947967529,,
276550,5.561056137084961,0.05,-4.695059776306152,,
276600,9.185083389282227,0.05,-5.196637153625488,,
276650,7.303011417388916,0.05,-3.59138560295105,,
276700,2.4726760387420654,0.05,-3.6003735065460205,,
276750,0.43085360527038574,0.05,-4.211142063140869,,
276800,5.734640121459961,0.05,-4.413930416107178,,
276850,2.78346848487854,0.05,-3.671584367752075,,
276900,0.5156399607658386,0.05,-3.119136095046997,,
276950,3.0038321018218994,0.05,-5.309001922607422,,
277000,0.7528364658355713,0.05,-4.3767008781433105,,
277050,0.5995585918426514,0.05,-4.08070182800293,,
277100,0.6972994804382324,0.05,-4.099809169769287,,
277150,0.39553526043891907,0.05,-4.365189075469971,,
277200,4.583455562591553,0.05,-4.787670135498047,,
277250,0.65664142370224,0.05,-3.866170644760132,,
277300,17.7896671295166,0.05,-4.500460147857666,,
277350,6.8403801918029785,0.05,-5.933159351348877,,
277400,0.10037104040384293,0.05,-3.4536240100860596,,
277450,9.72111988067627,0.05,-4.26255464553833,,
277500,7.392908096313477,0.05,-4.433290004730225,,
277550,8.831208229064941,0.05,-3.159095525741577,,
277600,5.784024715423584,0.05,-3.5887558460235596,,
277650,8.323575019836426,0.05,-5.327703475952148,,
277700,1.2919402122497559,0.05,-4.9169535636901855,,
277750,2.9945068359375,0.05,-5.136466979980469,,
277800,7.009801387786865,0.05,-4.878237247467041,,
277850,2.642554998397827,0.05,-4.241785526275635,,
277900,16.125717163085938,0.05,-3.9689817428588867,,
277950,4.41574239730835,0.05,-4.12280797958374,,
278000,2.2652926445007324,0.05,-4.598341464996338,,
278050,0.816779375076294,0.05,-5.0593953132629395,,
278100,3.86240291595459,0.05,-3.8491718769073486,,
278150,4.789143085479736,0.05,-4.948182582855225,,
278200,1.671511173248291,0.05,-3.9261577129364014,,
278250,6.558000087738037,0.05,-4.449137210845947,,
278300,6.11203145980835,0.05,-5.005500316619873,,
278350,2.7542247772216797,0.05,-4.563513278961182,,
278400,0.8081135153770447,0.05,-4.552011013031006,,
278450,0.49158284068107605,0.05,-4.345721244812012,,
278500,7.2003703117370605,0.05,-5.337236404418945,,
278550,0.1353856772184372,0.05,-3.8671391010284424,,
278600,0.5132913589477539,0.05,-4.404419898986816,,
278650,0.7177676558494568,0.05,-3.4130096435546875,,
278700,1.0623031854629517,0.05,-5.416096210479736,,
278750,2.245089292526245,0.05,-4.644655704498291,,
278800,20.443613052368164,0.05,-5.371291637420654,,
278850,0.33884620666503906,0.05,-3.6586925983428955,,
278900,0.6151965856552124,0.05,-4.071784973144531,,
278950,1.4488672018051147,0.05,-4.48952054977417,,
279000,2.1898391246795654,0.05,-5.657846450805664,,
279050,0.6776044368743896,0.05,-3.679647445678711,,
279100,4.136890888214111,0.05,-4.919824123382568,,
279150,4.7966837882995605,0.05,-5.280727863311768,,
279200,0.8796493411064148,0.05,-5.609903335571289,,
279250,24.99947166442871,0.05,-4.963634967803955,,
279300,0.8313222527503967,0.05,-3.9492928981781006,,
279350,11.505187034606934,0.05,-5.1869683265686035,,
279400,3.0088412761688232,0.05,-4.16135835647583,,
279450,2.9306929111480713,0.05,-6.934144496917725,,
279500,6.288463115692139,0.05,-4.857729434967041,,
279550,1.107138752937317,0.05,-5.528933048248291,,
279600,6.846554279327393,0.05,-5.740579128265381,,
279650,5.010634899139404,0.05,-3.724184036254883,,
279700,9.258380889892578,0.05,-6.106586456298828,,
279750,0.3376539647579193,0.05,-3.9221572875976562,,
279800,5.2353315353393555,0.05,-4.679566860198975,,
279850,3.2282307147979736,0.05,-4.559991359710693,,
279900,0.9601919054985046,0.05,-4.522802829742432,,
279950,1.4604991674423218,0.05,-5.713855743408203,,
280000,11.020488739013672,0.05,-5.371692180633545,,
280050,1.510409951210022,0.05,-6.309677600860596,,
280100,1.957227110862732,0.05,-3.9035966396331787,,
280150,17.4176082611084,0.05,-4.1737494468688965,,
280200,5.320883750915527,0.05,-4.536122798919678,,
280250,2.0279300212860107,0.05,-5.446092128753662,,
280300,1.6371575593948364,0.05,-3.7927894592285156,,
280350,8.613104820251465,0.05,-6.562316417694092,,
280400,1.0956352949142456,0.05,-5.073128700256348,,
280450,5.075403690338135,0.05,-5.9468607902526855,,
280500,0.9523734450340271,0.05,-4.795928001403809,,
280550,4.7433037757873535,0.05,-6.086065292358398,,
280600,2.748311996459961,0.05,-4.9204230308532715,,
280650,0.7826166749000549,0.05,-4.04144811630249,,
280700,0.6288880705833435,0.05,-3.8924169540405273,,
280750,4.147276401519775,0.05,-3.6012837886810303,,
280800,0.24124062061309814,0.05,-3.463486433029175,,
280850,5.104943752288818,0.05,-4.832180023193359,,
280900,7.832773685455322,0.05,-5.0179877281188965,,
280950,1.9747124910354614,0.05,-5.787971496582031,,
281000,0.35824859142303467,0.05,-3.8237087726593018,,
281050,0.35743269324302673,0.05,-4.069586277008057,,
281100,1.2433613538742065,0.05,-3.830887794494629,,
281150,2.277040481567383,0.05,-4.345959663391113,,
281200,2.996880292892456,0.05,-4.27506685256958,,
281250,7.2548956871032715,0.05,-4.163896560668945,,
281300,5.489309787750244,0.05,-4.581087589263916,,
281350,1.3565322160720825,0.05,-3.440796136856079,,
281400,13.74462604522705,0.05,-6.025631427764893,,
281450,4.002705097198486,0.05,-4.521021366119385,,
281500,2.5792174339294434,0.05,-5.040294170379639,,
281550,2.7668848037719727,0.05,-4.5828986167907715,,
281600,0.7451245784759521,0.05,-4.507202625274658,,
281650,1.5279755592346191,0.05,-4.245535850524902,,
281700,3.5471887588500977,0.05,-4.5650954246521,,
281750,0.7766916751861572,0.05,-4.099981784820557,,
281800,6.8617844581604,0.05,-4.2515716552734375,,
281850,0.6215842366218567,0.05,-5.211406230926514,,
281900,0.25315240025520325,0.05,-3.524442672729492,,
281950,4.2968621253967285,0.05,-5.216611385345459,,
282000,0.4096425771713257,0.05,-3.7746706008911133,,
282050,2.017667531967163,0.05,-4.7616190910339355,,
282100,8.836434364318848,0.05,-5.197327136993408,,
282150,3.4476115703582764,0.05,-4.504327774047852,,
282200,6.422529220581055,0.05,-4.451492786407471,,
282250,2.0816540718078613,0.05,-5.812424182891846,,
282300,3.8910329341888428,0.05,-5.242590427398682,,
282350,12.427794456481934,0.05,-3.7265684604644775,,
282400,5.147416114807129,0.05,-7.298679351806641,,
282450,3.9375617504119873,0.05,-4.9477081298828125,,
282500,5.250453472137451,0.05,-3.4511172771453857,,
282550,7.990564346313477,0.05,-6.226400375366211,,
282600,0.9180192947387695,0.05,-5.114343643188477,,
282650,0.36391687393188477,0.05,-4.838531494140625,,
282700,3.2117388248443604,0.05,-5.00189733505249,,
282750,2.030298948287964,0.05,-4.505347728729248,,
282800,0.3571813404560089,0.05,-3.749042272567749,,
282850,0.4605715572834015,0.05,-6.152740478515625,,
282900,4.349361896514893,0.05,-4.736916542053223,,
282950,0.7031976580619812,0.05,-4.344697952270508,,
283000,2.9649250507354736,0.05,-6.303572177886963,,
283050,1.020915150642395,0.05,-4.373802185058594,,
283100,1.5484013557434082,0.05,-3.9144973754882812,,
283150,2.7293078899383545,0.05,-4.821412563323975,,
283200,14.733719825744629,0.05,-4.041993618011475,,
283250,2.948383092880249,0.05,-5.243192672729492,,
283300,0.44906356930732727,0.05,-4.240212917327881,,
283350,9.475591659545898,0.05,-4.978191375732422,,
283400,1.2292964458465576,0.05,-5.814636707305908,,
283450,6.736436367034912,0.05,-4.152654647827148,,
283500,0.3230724632740021,0.05,-3.6340904235839844,,
283550,3.9676315784454346,0.05,-5.160226345062256,,
283600,0.22694651782512665,0.05,-3.7457733154296875,,
283650,6.777023792266846,0.05,-6.483407974243164,,
283700,17.917158126831055,0.05,-4.243961811065674,,
283750,10.22677230834961,0.05,-4.050744533538818,,
283800,16.171646118164062,0.05,-4.5131354331970215,,
283850,3.667799949645996,0.05,-3.84405255317688,,
283900,1.9682868719100952,0.05,-4.380168914794922,,
283950,6.1973748207092285,0.05,-4.91531229019165,,
284000,2.9983737468719482,0.05,-3.805662155151367,,
284050,0.3674745261669159,0.05,-3.8355703353881836,,
284100,0.5719914436340332,0.05,-4.231935501098633,,
284150,3.77968692779541,0.05,-4.331449031829834,,
284200,0.33350470662117004,0.05,-3.542538642883301,,
284250,4.217685222625732,0.05,-5.421396732330322,,
284300,6.745546817779541,0.05,-4.4154744148254395,,
284350,3.498969316482544,0.05,-5.454889297485352,,
284400,2.4677534103393555,0.05,-3.590662717819214,,
284450,1.9409351348876953,0.05,-3.3144712448120117,,
284500,7.556764602661133,0.05,-4.196748733520508,,
284550,3.276179075241089,0.05,-5.461568355560303,,
284600,0.6742227077484131,0.05,-4.325429439544678,,
284650,7.708921909332275,0.05,-4.9164299964904785,,
284700,0.28207844495773315,0.05,-3.4165122509002686,,
284750,4.842233657836914,0.05,-4.215831756591797,,
284800,13.253193855285645,0.05,-6.853781223297119,,
284850,1.526522159576416,0.05,-4.094686031341553,,
284900,0.5311680436134338,0.05,-4.339539051055908,,
284950,21.66152000427246,0.05,-4.616830348968506,,
285000,11.28238582611084,0.05,-4.92994499206543,,
285050,1.8818448781967163,0.05,-5.599206447601318,,
285100,2.144366502761841,0.05,-4.3210039138793945,,
285150,4.704375267028809,0.05,-4.785267353057861,,
285200,1.976900577545166,0.05,-5.797211170196533,,
285250,21.07206916809082,0.05,-5.026286602020264,,
285300,0.5549883842468262,0.05,-4.663930416107178,,
285350,5.702142715454102,0.05,-4.949818134307861,,
285400,7.651549816131592,0.05,-4.634303092956543,,
285450,2.5958573818206787,0.05,-5.268373012542725,,
285500,1.4639734029769897,0.05,-5.618505001068115,,
285550,2.9987127780914307,0.05,-5.371204853057861,,
285600,4.148212432861328,0.05,-4.141366004943848,,
285650,5.163054466247559,0.05,-4.358520030975342,,
285700,0.7235965132713318,0.05,-4.377920150756836,,
285750,0.6174555420875549,0.05,-4.585177898406982,,
285800,4.9223222732543945,0.05,-3.576349973678589,,
285850,1.1246987581253052,0.05,-5.206235885620117,,
285900,2.6153743267059326,0.05,-5.011147975921631,,
285950,15.494510650634766,0.05,-4.2080559730529785,,
286000,4.946781635284424,0.05,-4.688027381896973,,
286050,4.163887977600098,0.05,-3.6164710521698,,
286100,8.105727195739746,0.05,-5.387575626373291,,
286150,7.268202304840088,0.05,-7.229370594024658,,
286200,3.1427338123321533,0.05,-3.980788469314575,,
286250,6.172969818115234,0.05,-6.254585266113281,,
286300,19.64426612854004,0.05,-4.652016639709473,,
286350,1.0086296796798706,0.05,-4.714909076690674,,
286400,0.8601413369178772,0.05,-4.473080158233643,,
286450,6.9619903564453125,0.05,-4.655338764190674,,
286500,4.964345455169678,0.05,-3.768695831298828,,
286550,5.868480205535889,0.05,-5.815642833709717,,
286600,10.570780754089355,0.05,-4.922566890716553,,
286650,6.435688018798828,0.05,-3.757077932357788,,
286700,0.46584805846214294,0.05,-4.842729091644287,,
286750,9.187110900878906,0.05,-5.40386962890625,,
286800,0.14856548607349396,0.05,-4.377517223358154,,
286850,6.118407726287842,0.05,-5.324503421783447,,
286900,0.8655853271484375,0.05,-4.823068141937256,,
286950,4.139496326446533,0.05,-5.065131664276123,,
287000,6.5588250160217285,0.05,-5.152738094329834,,
287050,5.9122314453125,0.05,-4.971719264984131,,
287100,0.5666397213935852,0.05,-4.7786712646484375,,
287150,10.825885772705078,0.05,-4.828281402587891,,
287200,3.1681182384490967,0.05,-4.539927959442139,,
287250,17.304183959960938,0.05,-4.922989845275879,,
287300,8.008820533752441,0.05,-5.27521276473999,,
287350,0.43633654713630676,0.05,-3.870011568069458,,
287400,2.607973337173462,0.05,-4.401991367340088,,
287450,12.692212104797363,0.05,-5.5290069580078125,,
287500,4.845820903778076,0.05,-4.59364652633667,,
287550,2.3347244262695312,0.05,-5.836212158203125,,
287600,1.0101667642593384,0.05,-3.8799750804901123,,
287650,5.034849166870117,0.05,-4.0690999031066895,,
287700,2.5263350009918213,0.05,-4.218686580657959,,
287750,3.4100401401519775,0.05,-4.637362957000732,,
287800,3.178736448287964,0.05,-5.334794521331787,,
287850,3.3494529724121094,0.05,-5.027882099151611,,
287900,1.408859133720398,0.05,-5.319306373596191,,
287950,0.4223637580871582,0.05,-4.658208847045898,,
288000,6.257663249969482,0.05,-5.104193210601807,,
288050,6.971536636352539,0.05,-5.421506881713867,,
288100,2.3665707111358643,0.05,-6.253534317016602,,
288150,9.163453102111816,0.05,-5.5803914070129395,,
288200,5.029049396514893,0.05,-4.902344226837158,,
288250,18.829347610473633,0.05,-5.64796257019043,,
288300,6.190206050872803,0.05,-5.6764607429504395,,
288350,2.3873684406280518,0.05,-4.888105869293213,,
288400,8.900261878967285,0.05,-5.70730447769165,,
288450,6.680409908294678,0.05,-4.616842746734619,,
288500,7.6306843757629395,0.05,-4.926357269287109,,
288550,1.3204625844955444,0.05,-4.4940338134765625,,
288600,7.076259136199951,0.05,-4.958601474761963,,
288650,0.4638388454914093,0.05,-4.903457164764404,,
288700,0.9891788363456726,0.05,-3.8789799213409424,,
288750,0.32844242453575134,0.05,-4.18643045425415,,
288800,0.5827653408050537,0.05,-3.6418282985687256,,
288850,0.38199183344841003,0.05,-4.944655895233154,,
288900,9.698138236999512,0.05,-5.400886535644531,,
288950,2.5402116775512695,0.05,-5.044222354888916,,
289000,7.130947113037109,0.05,-6.555931091308594,,
289050,6.381383895874023,0.05,-5.178849697113037,,
289100,17.157564163208008,0.05,-4.868254661560059,,
289150,5.78670072555542,0.05,-5.033594608306885,,
289200,5.382740020751953,0.05,-4.619113922119141,,
289250,0.9838948845863342,0.05,-4.53945255279541,,
289300,10.109129905700684,0.05,-4.692825794219971,,
289350,16.078535079956055,0.05,-4.462887763977051,,
289400,7.867580413818359,0.05,-5.242887496948242,,
289450,3.54333233833313,0.05,-4.890805721282959,,
289500,7.167235851287842,0.05,-4.529341220855713,,
289550,0.7354817986488342,0.05,-4.603409290313721,,
289600,12.636027336120605,0.05,-5.169368743896484,,
289650,10.606959342956543,0.05,-5.807380199432373,,
289700,6.996305465698242,0.05,-4.508166790008545,,
289750,12.424267768859863,0.05,-4.548426151275635,,
289800,8.070600509643555,0.05,-3.776506185531616,,
289850,0.7533988952636719,0.05,-3.9153897762298584,,
289900,2.667243003845215,0.05,-5.126315116882324,,
289950,5.367959976196289,0.05,-4.539068698883057,,
290000,0.4460922181606293,0.05,-4.054196834564209,,
290050,13.840469360351562,0.05,-5.120497703552246,,
290100,0.47452211380004883,0.05,-4.288038730621338,,
290150,2.564011812210083,0.05,-4.148923397064209,,
290200,5.847879886627197,0.05,-5.379475116729736,,
290250,6.983173370361328,0.05,-3.4729883670806885,,
290300,8.047107696533203,0.05,-3.9930951595306396,,
290350,6.380098819732666,0.05,-5.323209285736084,,
290400,1.044587254524231,0.05,-5.0227885246276855,,
290450,0.8773946762084961,0.05,-4.079447269439697,,
290500,4.91485071182251,0.05,-4.161681175231934,,
290550,0.31623566150665283,0.05,-3.8045547008514404,,
290600,0.7601832747459412,0.05,-5.4685797691345215,,
290650,4.727094650268555,0.05,-3.3409388065338135,,
290700,14.162646293640137,0.05,-3.4003713130950928,,
290750,6.021617889404297,0.05,-4.515108108520508,,
290800,1.8208423852920532,0.05,-4.830829620361328,,
290850,0.5347005724906921,0.05,-3.5451834201812744,,
290900,6.12893533706665,0.05,-4.172203540802002,,
290950,0.35981521010398865,0.05,-4.553524017333984,,
291000,5.194061279296875,0.05,-3.579057455062866,,
291050,2.281791925430298,0.05,-3.865549087524414,,
291100,2.135404109954834,0.05,-5.093029975891113,,
291150,2.3402092456817627,0.05,-3.746350049972534,,
291200,8.16508960723877,0.05,-3.7459003925323486,,
291250,6.753389358520508,0.05,-4.531763553619385,,
291300,2.3896989822387695,0.05,-5.992310047149658,,
291350,1.435601830482483,0.05,-4.523547172546387,,
291400,5.21254301071167,0.05,-4.43380069732666,,
291450,4.954015731811523,0.05,-4.335729122161865,,
291500,0.7128575444221497,0.05,-4.1580424308776855,,
291550,2.362241744995117,0.05,-4.258518695831299,,
291600,0.2443191260099411,0.05,-3.616349935531616,,
291650,0.49058786034584045,0.05,-4.259664535522461,,
291700,4.170454025268555,0.05,-4.192129611968994,,
291750,7.890291213989258,0.05,-3.808090925216675,,
291800,5.057509422302246,0.05,-3.5042121410369873,,
291850,4.972106456756592,0.05,-5.584457874298096,,
291900,0.3029726445674896,0.05,-4.012539386749268,,
291950,3.9188196659088135,0.05,-4.400260925292969,,
292000,0.49366655945777893,0.05,-5.540060520172119,,
292050,5.483226299285889,0.05,-4.817275524139404,,
292100,6.1739420890808105,0.05,-4.882205486297607,,
292150,11.072842597961426,0.05,-6.349693298339844,,
292200,0.8134327530860901,0.05,-5.523585796356201,,
292250,3.5083179473876953,0.05,-4.2314581871032715,,
292300,0.17892128229141235,0.05,-4.533374786376953,,
292350,6.8735880851745605,0.05,-4.428009033203125,,
292400,14.789348602294922,0.05,-4.12463903427124,,
292450,0.2449686974287033,0.05,-3.5389468669891357,,
292500,8.301840782165527,0.05,-4.663851737976074,,
292550,0.7793763279914856,0.05,-4.470346927642822,,
292600,6.324748516082764,0.05,-5.2967000007629395,,
292650,0.5887566804885864,0.05,-4.963889122009277,,
292700,9.622352600097656,0.05,-5.055469512939453,,
292750,4.66034460067749,0.05,-3.9876928329467773,,
292800,0.4098254144191742,0.05,-3.1674461364746094,,
292850,2.057452440261841,0.05,-4.443869590759277,,
292900,2.676419258117676,0.05,-3.420496940612793,,
292950,1.7270793914794922,0.05,-4.097259044647217,,
293000,7.972659587860107,0.05,-4.927448749542236,,
293050,8.142007827758789,0.05,-3.89753794670105,,
293100,6.1819586753845215,0.05,-4.140305042266846,,
293150,1.447300910949707,0.05,-5.4838714599609375,,
293200,2.021345853805542,0.05,-4.072988510131836,,
293250,2.7043981552124023,0.05,-4.075496196746826,,
293300,0.9354134202003479,0.05,-4.891744136810303,,
293350,2.668564558029175,0.05,-4.54163122177124,,
293400,0.5414590239524841,0.05,-3.5389130115509033,,
293450,5.478191375732422,0.05,-3.5825512409210205,,
293500,0.8081828951835632,0.05,-5.885090351104736,,
293550,0.4724845588207245,0.05,-3.8030149936676025,,
293600,11.9575834274292,0.05,-5.565990447998047,,
293650,6.548043727874756,0.05,-4.158905506134033,,
293700,4.766788959503174,0.05,-4.038601875305176,,
293750,1.0901334285736084,0.05,-4.294548511505127,,
293800,2.1652650833129883,0.05,-5.233768939971924,,
293850,7.996827602386475,0.05,-4.420742511749268,,
293900,0.8820669651031494,0.05,-4.637290000915527,,
293950,0.19797752797603607,0.05,-4.514430522918701,,
294000,0.9836728572845459,0.05,-3.8658854961395264,,
294050,0.4122549593448639,0.05,-5.420061111450195,,
294100,0.2090330272912979,0.05,-3.7318782806396484,,
294150,0.8473732471466064,0.05,-4.398185729980469,,
294200,1.2943981885910034,0.05,-4.161000728607178,,
294250,1.6949057579040527,0.05,-4.961874008178711,,
294300,9.383673667907715,0.05,-3.819495439529419,,
294350,1.5680979490280151,0.05,-3.378147840499878,,
294400,1.9237433671951294,0.05,-4.357597351074219,,
294450,0.3875553607940674,0.05,-3.6608169078826904,,
294500,5.455474376678467,0.05,-4.950693130493164,,
294550,10.407979011535645,0.05,-4.462653636932373,,
294600,4.9972100257873535,0.05,-4.705321788787842,,
294650,0.5969303250312805,0.05,-5.8963446617126465,,
294700,2.8609886169433594,0.05,-3.944308042526245,,
294750,3.613126039505005,0.05,-5.10927152633667,,
294800,6.517328262329102,0.05,-4.46420431137085,,
294850,9.032416343688965,0.05,-5.402637481689453,,
294900,0.2752099335193634,0.05,-3.4400367736816406,,
294950,0.8330853581428528,0.05,-4.88905143737793,,
295000,1.7850265502929688,0.05,-5.235196590423584,,
295050,0.35165247321128845,0.05,-5.596668243408203,,
295100,2.233020305633545,0.05,-2.986940383911133,,
295150,0.6132001280784607,0.05,-5.002458095550537,,
295200,0.40545687079429626,0.05,-3.8216640949249268,,
295250,3.90372371673584,0.05,-3.9520843029022217,,
295300,8.5040922164917,0.05,-4.452395915985107,,
295350,0.8328184485435486,0.05,-3.8735179901123047,,
295400,7.543767929077148,0.05,-4.280649185180664,,
295450,4.086032390594482,0.05,-6.035900115966797,,
295500,3.5493667125701904,0.05,-5.615877628326416,,
295550,10.354702949523926,0.05,-3.7637293338775635,,
295600,6.817354679107666,0.05,-3.783945083618164,,
295650,5.121083736419678,0.05,-5.067102909088135,,
295700,22.44614601135254,0.05,-4.055401802062988,,
295750,5.240884304046631,0.05,-3.739556074142456,,
295800,18.40212059020996,0.05,-4.455659866333008,,
295850,0.06911634653806686,0.05,-3.204026460647583,,
295900,2.892430067062378,0.05,-5.344079971313477,,
295950,0.20972216129302979,0.05,-3.342012405395508,,
296000,11.775386810302734,0.05,-5.117988109588623,,
296050,14.18198013305664,0.05,-5.248053073883057,,
296100,1.3157681226730347,0.05,-4.587552547454834,,
296150,1.7232012748718262,0.05,-4.730031967163086,,
296200,9.507633209228516,0.05,-4.282010555267334,,
296250,5.865304946899414,0.05,-6.16784143447876,,
296300,0.5807107090950012,0.05,-4.248154163360596,,
296350,2.7197751998901367,0.05,-5.130436420440674,,
296400,13.699959754943848,0.05,-5.090660572052002,,
296450,10.866724967956543,0.05,-4.310939311981201,,
296500,0.6126131415367126,0.05,-5.195552825927734,,
296550,0.7677218317985535,0.05,-4.247948169708252,,
296600,7.802042484283447,0.05,-4.7322211265563965,,
296650,3.828948736190796,0.05,-4.226627826690674,,
296700,3.8316848278045654,0.05,-3.3732547760009766,,
296750,2.563812494277954,0.05,-3.2283222675323486,,
296800,0.9486423134803772,0.05,-3.9950754642486572,,
296850,4.661527156829834,0.05,-4.990520000457764,,
296900,0.41169798374176025,0.05,-5.148812770843506,,
296950,1.8777719736099243,0.05,-4.579470157623291,,
297000,12.094347953796387,0.05,-3.7063217163085938,,
297050,4.142383098602295,0.05,-5.270376682281494,,
297100,1.9571341276168823,0.05,-3.8583133220672607,,
297150,0.5561352968215942,0.05,-3.588939666748047,,
297200,7.791900157928467,0.05,-4.929172515869141,,
297250,2.187131881713867,0.05,-4.420674800872803,,
297300,2.2057700157165527,0.05,-4.893126010894775,,
297350,12.38206958770752,0.05,-3.8820934295654297,,
297400,3.830716133117676,0.05,-6.544227123260498,,
297450,1.1809473037719727,0.05,-5.573455333709717,,
297500,0.42060354351997375,0.05,-4.308623790740967,,
297550,0.4425247609615326,0.05,-5.114398956298828,,
297600,8.50696086883545,0.05,-4.949447154998779,,
297650,8.118138313293457,0.05,-4.300730228424072,,
297700,0.6581969857215881,0.05,-3.7835264205932617,,
297750,3.347583055496216,0.05,-4.478074550628662,,
297800,1.8035391569137573,0.05,-5.572879791259766,,
297850,0.46765395998954773,0.05,-3.7925853729248047,,
297900,6.513855457305908,0.05,-4.413906574249268,,
297950,3.308861017227173,0.05,-5.401138782501221,,
298000,0.8119167685508728,0.05,-4.880213260650635,,
298050,7.147130966186523,0.05,-4.211451053619385,,
298100,0.6874479651451111,0.05,-4.39308500289917,,
298150,9.080595970153809,0.05,-3.892958641052246,,
298200,2.727839708328247,0.05,-4.079280376434326,,
298250,1.8600363731384277,0.05,-4.395999431610107,,
298300,1.9062352180480957,0.05,-4.1336798667907715,,
298350,7.477349758148193,0.05,-4.181741237640381,,
298400,7.398170471191406,0.05,-4.2709126472473145,,
298450,0.28748223185539246,0.05,-4.728228569030762,,
298500,7.589179992675781,0.05,-5.5768585205078125,,
298550,2.926711320877075,0.05,-5.003385543823242,,
298600,5.454914569854736,0.05,-4.771006107330322,,
298650,8.401301383972168,0.05,-4.079264163970947,,
298700,5.58851432800293,0.05,-4.738680362701416,,
298750,7.210601806640625,0.05,-5.835992813110352,,
298800,4.6141180992126465,0.05,-5.37694787979126,,
298850,1.421531319618225,0.05,-4.396337032318115,,
298900,3.202988624572754,0.05,-5.186753273010254,,
298950,1.1243202686309814,0.05,-4.288184642791748,,
299000,0.5834363102912903,0.05,-5.1558098793029785,,
299050,3.896723508834839,0.05,-5.4799323081970215,,
299100,10.895278930664062,0.05,-5.77048921585083,,
299150,1.32513427734375,0.05,-5.854694366455078,,
299200,2.5540788173675537,0.05,-5.253684997558594,,
299250,11.505965232849121,0.05,-5.423300266265869,,
299300,0.7291803359985352,0.05,-5.29842472076416,,
299350,1.4851185083389282,0.05,-4.816564083099365,,
299400,10.783024787902832,0.05,-4.3504815101623535,,
299450,1.562263011932373,0.05,-4.835397720336914,,
299500,8.253230094909668,0.05,-4.6392693519592285,,
299550,0.9229595065116882,0.05,-6.013054370880127,,
299600,1.9910966157913208,0.05,-4.073009490966797,,
299650,1.5723260641098022,0.05,-4.015074729919434,,
299700,3.8248729705810547,0.05,-5.264893054962158,,
299750,0.21683542430400848,0.05,-3.845414161682129,,
299800,0.33340486884117126,0.05,-3.8828699588775635,,
299850,0.6709269881248474,0.05,-4.638584613800049,,
299900,2.4349589347839355,0.05,-4.593016147613525,,
299950,3.9369382858276367,0.05,-5.230228900909424,,
