step,loss,epsilon,q_mean,val_reward,val_viol
100,0.04149698093533516,0.9966666666666667,-0.07916054874658585,,
150,0.08086555451154709,0.995,-0.05935065820813179,,
200,0.04020949825644493,0.9933333333333333,-0.03350488469004631,,
250,0.04092990234494209,0.9916666666666667,0.004917060490697622,,
300,0.06180453673005104,0.99,0.021637767553329468,,
350,0.02790570817887783,0.9883333333333333,0.04355737566947937,,
400,0.034229107201099396,0.9866666666666667,-0.03107266314327717,,
450,0.04307934641838074,0.985,-0.012170743197202682,,
500,0.04841901361942291,0.9833333333333333,0.05039389804005623,,
550,0.30814245343208313,0.9816666666666667,-0.5693017840385437,,
600,0.4317109286785126,0.98,-0.6174754500389099,,
650,0.1879907101392746,0.9783333333333333,-0.4883522093296051,,
700,0.29061466455459595,0.9766666666666667,-0.455411434173584,,
750,0.2732502818107605,0.975,-0.5329515337944031,,
800,0.23794753849506378,0.9733333333333334,-0.4313516616821289,,
850,0.37765708565711975,0.9716666666666667,-0.4253649413585663,,
900,0.21746736764907837,0.97,-0.45075273513793945,,
950,0.31544503569602966,0.9683333333333334,-0.6466272473335266,,
1000,0.19349370896816254,0.9666666666666667,-0.7544641494750977,,
1050,1.122107744216919,0.965,-1.2736116647720337,,
1100,1.2075300216674805,0.9633333333333334,-1.2715624570846558,,
1150,0.8897212147712708,0.9616666666666667,-1.486732840538025,,
1200,0.648190975189209,0.96,-1.0175248384475708,,
1250,0.7037839293479919,0.9583333333333334,-1.276457667350769,,
1300,0.7024938464164734,0.9566666666666667,-1.120021104812622,,
1350,0.5783328413963318,0.955,-1.571844220161438,,
1400,0.8268244862556458,0.9533333333333334,-1.3520021438598633,,
1450,0.6993888020515442,0.9516666666666667,-1.2397713661193848,,
1500,0.6014711260795593,0.95,-1.036880612373352,,
1550,0.7551447749137878,0.9483333333333334,-1.5865460634231567,,
1600,1.0963891744613647,0.9466666666666667,-1.5310803651809692,,
1650,0.9263469576835632,0.945,-1.7863420248031616,,
1700,1.0970808267593384,0.9433333333333334,-1.5277684926986694,,
1750,1.0720845460891724,0.9416666666666667,-1.3497414588928223,,
1800,1.6291733980178833,0.94,-1.8790225982666016,,
1850,1.2516878843307495,0.9383333333333334,-1.3122364282608032,,
1900,0.8341033458709717,0.9366666666666666,-1.2183924913406372,,
1950,0.5788097977638245,0.935,-0.8122560977935791,,
2000,1.4975796937942505,0.9333333333333333,-1.4687901735305786,,
2050,2.089212417602539,0.9316666666666666,-2.0801846981048584,,
2100,1.5752673149108887,0.9299999999999999,-2.3606998920440674,,
2150,1.3714402914047241,0.9283333333333333,-1.417364478111267,,
2200,0.873541533946991,0.9266666666666666,-1.2988399267196655,,
2250,0.4926539361476898,0.925,-1.6060899496078491,,
2300,2.0405240058898926,0.9233333333333333,-1.8174834251403809,,
2350,0.7730491757392883,0.9216666666666666,-1.9644185304641724,,
2400,0.6099483370780945,0.92,-1.314388632774353,,
2450,0.7904021143913269,0.9183333333333333,-1.6113027334213257,,
2500,1.7686748504638672,0.9166666666666666,-1.2556132078170776,,
2550,0.9042302966117859,0.915,-1.7176212072372437,,
2600,1.6990703344345093,0.9133333333333333,-1.9594835042953491,,
2650,1.0402714014053345,0.9116666666666666,-1.7561300992965698,,
2700,0.5855128765106201,0.91,-0.7164807915687561,,
2750,1.1640974283218384,0.9083333333333333,-1.5119110345840454,,
2800,0.574726402759552,0.9066666666666666,-1.7718948125839233,,
2850,1.9228640794754028,0.905,-1.6705166101455688,,
2900,0.5146480798721313,0.9033333333333333,-1.638511061668396,,
2950,1.0159016847610474,0.9016666666666666,-1.39251708984375,,
3000,1.0735043287277222,0.9,-1.7868481874465942,,
3050,1.1574246883392334,0.8983333333333333,-1.9398837089538574,,
3100,1.3068227767944336,0.8966666666666667,-0.9685599207878113,,
3150,1.2324899435043335,0.895,-1.815118670463562,,
3200,0.7667096257209778,0.8933333333333333,-1.695261836051941,,
3250,1.3991199731826782,0.8916666666666666,-1.8244155645370483,,
3300,1.0994700193405151,0.89,-1.2354499101638794,,
3350,0.42032673954963684,0.8883333333333333,-1.12869393825531,,
3400,1.204698920249939,0.8866666666666667,-1.3505641222000122,,
3450,2.1396872997283936,0.885,-1.8581690788269043,,
3500,0.839942991733551,0.8833333333333333,-1.3585453033447266,,
3550,3.0394537448883057,0.8816666666666667,-2.8738486766815186,,
3600,1.2410342693328857,0.88,-1.7038551568984985,,
3650,1.5797728300094604,0.8783333333333333,-1.7676323652267456,,
3700,1.3216437101364136,0.8766666666666667,-1.4959772825241089,,
3750,0.48541295528411865,0.875,-1.1921805143356323,,
3800,1.6585698127746582,0.8733333333333333,-2.6977694034576416,,
3850,1.4584165811538696,0.8716666666666667,-1.650877833366394,,
3900,2.3855316638946533,0.87,-1.7186521291732788,,
3950,0.6921806335449219,0.8683333333333334,-1.1673178672790527,,
4000,0.6381418704986572,0.8666666666666667,-1.5579439401626587,,
4050,1.101086139678955,0.865,-1.5087618827819824,,
4100,0.971951961517334,0.8633333333333333,-1.7286351919174194,,
4150,1.7719130516052246,0.8616666666666667,-2.4631803035736084,,
4200,0.817911684513092,0.86,-1.2077667713165283,,
4250,1.0238317251205444,0.8583333333333334,-1.8396645784378052,,
4300,2.5563437938690186,0.8566666666666667,-2.0875847339630127,,
4350,2.9768505096435547,0.855,-1.3074674606323242,,
4400,2.621880292892456,0.8533333333333333,-2.2804782390594482,,
4450,1.6477265357971191,0.8516666666666667,-1.7503433227539062,,
4500,2.2454617023468018,0.85,-1.5092873573303223,,
4550,2.818830728530884,0.8483333333333334,-1.5880142450332642,,
4600,0.813569962978363,0.8466666666666667,-2.013521432876587,,
4650,1.8163747787475586,0.845,-1.3516569137573242,,
4700,2.3507285118103027,0.8433333333333333,-1.867928385734558,,
4750,1.243547797203064,0.8416666666666667,-1.8821163177490234,,
4800,1.74213445186615,0.84,-1.400471568107605,,
4850,2.851527214050293,0.8383333333333334,-2.007262706756592,,
4900,0.9028366208076477,0.8366666666666667,-1.4138895273208618,,
4950,0.8998684883117676,0.835,-1.8791571855545044,,
5000,1.4793344736099243,0.8333333333333334,-2.609156370162964,,
5050,1.528256893157959,0.8316666666666667,-2.0143911838531494,,
5100,1.1369229555130005,0.83,-1.9910277128219604,,
5150,1.8469496965408325,0.8283333333333334,-2.4516615867614746,,
5200,2.3384854793548584,0.8266666666666667,-2.8440515995025635,,
5250,1.5978279113769531,0.825,-2.1556620597839355,,
5300,1.322313904762268,0.8233333333333334,-2.573320150375366,,
5350,1.201328158378601,0.8216666666666667,-2.169687509536743,,
5400,2.442617654800415,0.8200000000000001,-1.29861319065094,,
5450,1.6194010972976685,0.8183333333333334,-2.7176074981689453,,
5500,2.176330804824829,0.8166666666666667,-2.092012643814087,,
5550,1.4636203050613403,0.815,-1.6434983015060425,,
5600,3.0087368488311768,0.8133333333333334,-2.4039642810821533,,
5650,0.7038198113441467,0.8116666666666666,-2.0485026836395264,,
5700,2.5064334869384766,0.81,-2.508028268814087,,
5750,1.8088411092758179,0.8083333333333333,-1.6286430358886719,,
5800,0.9530948996543884,0.8066666666666666,-1.6922239065170288,,
5850,2.784869432449341,0.8049999999999999,-2.6373608112335205,,
5900,3.467364549636841,0.8033333333333333,-1.604124665260315,,
5950,2.0704872608184814,0.8016666666666666,-2.311070680618286,,
6000,1.5298303365707397,0.8,-2.0263378620147705,,
6050,1.3539775609970093,0.7983333333333333,-2.5803165435791016,,
6100,1.424138069152832,0.7966666666666666,-1.5104707479476929,,
6150,2.0362164974212646,0.795,-1.6015926599502563,,
6200,1.397908329963684,0.7933333333333333,-2.1017091274261475,,
6250,4.202500820159912,0.7916666666666666,-1.9980077743530273,,
6300,1.953782081604004,0.79,-1.6104449033737183,,
6350,2.1721878051757812,0.7883333333333333,-1.3654066324234009,,
6400,0.8378873467445374,0.7866666666666666,-1.6505389213562012,,
6450,2.139235734939575,0.785,-1.2645066976547241,,
6500,2.11386775970459,0.7833333333333333,-2.2326338291168213,,
6550,4.454701900482178,0.7816666666666667,-1.8589130640029907,,
6600,1.7328863143920898,0.78,-1.6877878904342651,,
6650,1.1313047409057617,0.7783333333333333,-1.508191466331482,,
6700,2.9217097759246826,0.7766666666666666,-1.8504263162612915,,
6750,4.113983154296875,0.775,-2.611849784851074,,
6800,2.0358104705810547,0.7733333333333333,-1.3124395608901978,,
6850,2.412152051925659,0.7716666666666667,-1.3272427320480347,,
6900,3.6188900470733643,0.77,-1.9808411598205566,,
6950,4.1595139503479,0.7683333333333333,-1.5539346933364868,,
7000,4.474849224090576,0.7666666666666666,-2.9522769451141357,,
7050,2.493295192718506,0.765,-1.7817970514297485,,
7100,2.349123477935791,0.7633333333333333,-1.9232016801834106,,
7150,1.101951003074646,0.7616666666666667,-1.4042302370071411,,
7200,2.9356768131256104,0.76,-3.0860517024993896,,
7250,3.850072145462036,0.7583333333333333,-2.013913154602051,,
7300,2.153146505355835,0.7566666666666666,-1.85566246509552,,
7350,2.3942363262176514,0.755,-2.227426290512085,,
7400,1.4796072244644165,0.7533333333333333,-1.5418740510940552,,
7450,1.414746880531311,0.7516666666666667,-1.8544445037841797,,
7500,5.613399505615234,0.75,-2.1307389736175537,,
7550,2.611687660217285,0.7483333333333333,-1.4588937759399414,,
7600,1.8368077278137207,0.7466666666666666,-2.3131332397460938,,
7650,3.218296766281128,0.745,-2.0283687114715576,,
7700,2.4983103275299072,0.7433333333333334,-2.3674027919769287,,
7750,3.8924520015716553,0.7416666666666667,-1.9012612104415894,,
7800,2.8318493366241455,0.74,-1.8530887365341187,,
7850,2.2437386512756348,0.7383333333333333,-1.5430989265441895,,
7900,4.141578674316406,0.7366666666666667,-1.4232860803604126,,
7950,3.6111927032470703,0.735,-2.003941297531128,,
8000,2.1107709407806396,0.7333333333333334,-1.6528633832931519,,
8050,5.091914653778076,0.7316666666666667,-1.7349001169204712,,
8100,1.4585152864456177,0.73,-1.7343794107437134,,
8150,3.7137439250946045,0.7283333333333333,-1.160416603088379,,
8200,2.242173433303833,0.7266666666666667,-1.8477201461791992,,
8250,1.7160625457763672,0.725,-2.0095598697662354,,
8300,2.002192735671997,0.7233333333333334,-1.0862284898757935,,
8350,1.6245225667953491,0.7216666666666667,-2.0780813694000244,,
8400,4.773235321044922,0.72,-2.4315152168273926,,
8450,2.103153944015503,0.7183333333333333,-1.5352592468261719,,
8500,3.2385740280151367,0.7166666666666667,-1.8973407745361328,,
8550,2.3871381282806396,0.7150000000000001,-1.227146863937378,,
8600,2.539161205291748,0.7133333333333334,-1.310986876487732,,
8650,1.9294394254684448,0.7116666666666667,-1.201541781425476,,
8700,1.6784542798995972,0.71,-1.9268792867660522,,
8750,1.9219731092453003,0.7083333333333333,-1.2991424798965454,,
8800,3.868058204650879,0.7066666666666667,-1.6818774938583374,,
8850,2.1477200984954834,0.7050000000000001,-2.145533800125122,,
8900,0.9467790722846985,0.7033333333333334,-1.2500978708267212,,
8950,4.676394939422607,0.7016666666666667,-2.1196253299713135,,
9000,2.2678327560424805,0.7,-1.8228095769882202,,
9050,1.2072514295578003,0.6983333333333333,-1.193156123161316,,
9100,2.750515937805176,0.6966666666666667,-2.36340594291687,,
9150,1.3302496671676636,0.6950000000000001,-1.3671263456344604,,
9200,3.260225296020508,0.6933333333333334,-1.2012711763381958,,
9250,2.3808343410491943,0.6916666666666667,-1.1363486051559448,,
9300,1.7042156457901,0.69,-1.443349838256836,,
9350,2.6976635456085205,0.6883333333333334,-1.8039780855178833,,
9400,2.511759042739868,0.6866666666666666,-0.8432803750038147,,
9450,3.6499216556549072,0.685,-1.8186157941818237,,
9500,3.663593292236328,0.6833333333333333,-2.0848286151885986,,
9550,1.5386794805526733,0.6816666666666666,-2.157925844192505,,
9600,2.5283548831939697,0.6799999999999999,-2.3418374061584473,,
9650,0.9631423354148865,0.6783333333333333,-0.9762420058250427,,
9700,5.463310718536377,0.6766666666666667,-2.4979894161224365,,
9750,2.9878311157226562,0.675,-2.0348892211914062,,
9800,1.8595093488693237,0.6733333333333333,-1.581015944480896,,
9850,1.320824146270752,0.6716666666666666,-2.1032068729400635,,
9900,1.588559627532959,0.6699999999999999,-1.0852395296096802,,
9950,4.0075836181640625,0.6683333333333333,-1.9801896810531616,,
10000,1.5576120615005493,0.6666666666666667,-2.93001651763916,,
10050,3.8298072814941406,0.665,-1.728152871131897,,
10100,2.514493703842163,0.6633333333333333,-2.243356704711914,,
10150,3.185991048812866,0.6616666666666666,-2.413722515106201,,
10200,3.257927894592285,0.6599999999999999,-1.7822357416152954,,
10250,2.044351816177368,0.6583333333333333,-1.7779325246810913,,
10300,2.8674733638763428,0.6566666666666667,-1.543534278869629,,
10350,3.706598997116089,0.655,-1.4699090719223022,,
10400,5.819773197174072,0.6533333333333333,-2.0290825366973877,,
10450,1.1872047185897827,0.6516666666666666,-1.3468623161315918,,
10500,2.0524206161499023,0.65,-2.0557119846343994,,
10550,2.195807695388794,0.6483333333333333,-0.9545230865478516,,
10600,4.792063236236572,0.6466666666666667,-1.5737487077713013,,
10650,6.741817474365234,0.645,-2.506842613220215,,
10700,1.7492612600326538,0.6433333333333333,-2.2998077869415283,,
10750,4.669602870941162,0.6416666666666666,-2.427385091781616,,
10800,5.201452732086182,0.64,-0.8892953395843506,,
10850,3.212268114089966,0.6383333333333333,-1.5185575485229492,,
10900,3.111534357070923,0.6366666666666667,-0.5038255453109741,,
10950,3.152703046798706,0.635,-1.312390923500061,,
11000,6.148692607879639,0.6333333333333333,-2.0445234775543213,,
11050,0.628606915473938,0.6316666666666666,-1.7028833627700806,,
11100,0.7187461256980896,0.63,-1.1255067586898804,,
11150,2.668811082839966,0.6283333333333334,-1.4998092651367188,,
11200,1.844292163848877,0.6266666666666667,-1.2365593910217285,,
11250,2.5267045497894287,0.625,-1.7313909530639648,,
11300,3.1147196292877197,0.6233333333333333,-0.9374580383300781,,
11350,4.113133907318115,0.6216666666666666,-1.095223069190979,,
11400,1.6113489866256714,0.62,-1.8802260160446167,,
11450,2.963101625442505,0.6183333333333334,-2.131124258041382,,
11500,1.6534582376480103,0.6166666666666667,-1.434676170349121,,
11550,2.015644073486328,0.615,-1.1472798585891724,,
11600,1.1058791875839233,0.6133333333333333,-1.3423057794570923,,
11650,1.01677668094635,0.6116666666666667,-1.9563698768615723,,
11700,3.9495174884796143,0.61,-1.5928541421890259,,
11750,3.012686014175415,0.6083333333333334,-1.740366816520691,,
11800,3.479322671890259,0.6066666666666667,-1.4974827766418457,,
11850,3.708653211593628,0.605,-1.139426589012146,,
11900,2.285595417022705,0.6033333333333333,-1.4742811918258667,,
11950,5.432339191436768,0.6016666666666667,-2.196793794631958,,
12000,5.430347442626953,0.6,-1.2878047227859497,,
12050,2.9380407333374023,0.5983333333333334,-1.242646336555481,,
12100,4.161855220794678,0.5966666666666667,-1.0106300115585327,,
12150,2.19773530960083,0.595,-0.9135834574699402,,
12200,2.9709832668304443,0.5933333333333333,-1.201245903968811,,
12250,1.3680270910263062,0.5916666666666667,-2.3256232738494873,,
12300,2.157898187637329,0.5900000000000001,-0.9980509281158447,,
12350,3.3921754360198975,0.5883333333333334,-1.3610401153564453,,
12400,3.4888954162597656,0.5866666666666667,-1.7786649465560913,,
12450,5.141833782196045,0.585,-2.0837197303771973,,
12500,0.719475269317627,0.5833333333333333,-0.33097898960113525,,
12550,8.554620742797852,0.5816666666666667,-1.9563260078430176,,
12600,2.719602584838867,0.5800000000000001,-1.5532327890396118,,
12650,1.7663687467575073,0.5783333333333334,-1.7342134714126587,,
12700,3.5151453018188477,0.5766666666666667,-1.4102692604064941,,
12750,4.60473108291626,0.575,-2.974613904953003,,
12800,1.304431676864624,0.5733333333333333,-1.9400368928909302,,
12850,2.5813074111938477,0.5716666666666667,-1.156232237815857,,
12900,4.303066253662109,0.5700000000000001,-2.03049635887146,,
12950,1.726995825767517,0.5683333333333334,-2.22709584236145,,
13000,2.7226665019989014,0.5666666666666667,-1.3407503366470337,,
13050,3.1527833938598633,0.565,-1.784012794494629,,
13100,4.317500591278076,0.5633333333333334,-1.3314356803894043,,
13150,1.6466550827026367,0.5616666666666666,-0.969932496547699,,
13200,1.6617331504821777,0.56,-1.3261319398880005,,
13250,4.685562610626221,0.5583333333333333,-1.1570402383804321,,
13300,2.916315793991089,0.5566666666666666,-1.1166681051254272,,
13350,2.3651235103607178,0.5549999999999999,-0.07300376147031784,,
13400,2.663283109664917,0.5533333333333333,-1.792490005493164,,
13450,3.3637025356292725,0.5516666666666667,-0.5795638561248779,,
13500,5.8205742835998535,0.55,-1.8486480712890625,,
13550,7.870880603790283,0.5483333333333333,-1.8184903860092163,,
13600,0.7472215294837952,0.5466666666666666,-0.03351976349949837,,
13650,6.824565410614014,0.5449999999999999,-2.740236282348633,,
13700,1.9162250757217407,0.5433333333333333,-0.5027663111686707,,
13750,1.9062215089797974,0.5416666666666667,-1.409359335899353,,
13800,3.1136863231658936,0.54,-2.122208833694458,,
13850,4.3239922523498535,0.5383333333333333,-1.4885860681533813,,
13900,1.6261024475097656,0.5366666666666666,-1.5865775346755981,,
13950,2.4454128742218018,0.5349999999999999,-1.1950448751449585,,
14000,2.9222781658172607,0.5333333333333333,-0.5368850231170654,,
14050,1.952760100364685,0.5316666666666667,-0.724737823009491,,
14100,3.4083526134490967,0.53,-1.1080682277679443,,
14150,0.8379762172698975,0.5283333333333333,-1.5437005758285522,,
14200,1.6878539323806763,0.5266666666666666,-1.76327645778656,,
14250,1.9281665086746216,0.525,0.06321462988853455,,
14300,2.616144895553589,0.5233333333333333,-1.8771108388900757,,
14350,1.3415226936340332,0.5216666666666667,-0.9415619969367981,,
14400,0.8692404627799988,0.52,-0.4039806127548218,,
14450,1.4572161436080933,0.5183333333333333,-0.8023943901062012,,
14500,5.564121723175049,0.5166666666666666,-1.7069673538208008,,
14550,1.0402953624725342,0.515,-1.360122561454773,,
14600,4.034647464752197,0.5133333333333333,-2.6362733840942383,,
14650,3.155012369155884,0.5116666666666667,-0.6217724084854126,,
14700,3.6687815189361572,0.51,-1.4217132329940796,,
14750,0.988785982131958,0.5083333333333333,-0.6549298763275146,,
14800,4.099852085113525,0.5066666666666666,-0.8638873100280762,,
14850,1.4382489919662476,0.505,-1.368709921836853,,
14900,2.20569109916687,0.5033333333333334,-1.3308566808700562,,
14950,1.690212607383728,0.5016666666666667,-0.7648569941520691,,
15000,1.096058964729309,0.5,-0.5283379554748535,,
15050,4.426406383514404,0.4983333333333333,-1.1848959922790527,,
15100,2.129014730453491,0.4966666666666667,-2.0928902626037598,,
15150,2.254239797592163,0.495,-1.3109122514724731,,
15200,3.773310422897339,0.4933333333333333,-0.35960280895233154,,
15250,3.8266355991363525,0.4916666666666667,-1.6389230489730835,,
15300,1.9466806650161743,0.49,-0.8807894587516785,,
15350,1.0829099416732788,0.4883333333333333,-1.614190936088562,,
15400,3.1440229415893555,0.4866666666666667,-1.588490605354309,,
15450,3.7591331005096436,0.485,-0.7282360196113586,,
15500,5.369651794433594,0.4833333333333333,-1.2429550886154175,,
15550,1.790058970451355,0.4816666666666667,-1.899238109588623,,
15600,1.6531871557235718,0.48,-1.0929042100906372,,
15650,1.933785080909729,0.4783333333333334,-1.308330774307251,,
15700,2.7613418102264404,0.4766666666666667,-2.1109745502471924,,
15750,4.201328754425049,0.475,-1.6467090845108032,,
15800,1.7662501335144043,0.4733333333333334,-1.1495522260665894,,
15850,3.8775274753570557,0.4716666666666667,-2.534137487411499,,
15900,1.226260781288147,0.47,-2.5252134799957275,,
15950,4.364459991455078,0.4683333333333334,-1.718819499015808,,
16000,3.34521746635437,0.4666666666666667,-1.8647174835205078,,
16050,2.136547803878784,0.46499999999999997,-0.4855200946331024,,
16100,0.987211287021637,0.4633333333333334,-1.1286946535110474,,
16150,2.1682775020599365,0.46166666666666667,-2.3382890224456787,,
16200,9.643351554870605,0.45999999999999996,-2.486926317214966,,
16250,1.1571106910705566,0.45833333333333337,-0.8444454669952393,,
16300,2.4483814239501953,0.45666666666666667,-1.7453397512435913,,
16350,3.5271949768066406,0.45499999999999996,-1.5116095542907715,,
16400,3.4912776947021484,0.45333333333333337,-1.195635437965393,,
16450,8.08295726776123,0.45166666666666666,-2.766132354736328,,
16500,3.181790590286255,0.44999999999999996,-1.5088378190994263,,
16550,2.9421586990356445,0.44833333333333336,-1.6326054334640503,,
16600,1.2321609258651733,0.44666666666666666,-2.3061068058013916,,
16650,2.726191282272339,0.44499999999999995,-2.1465022563934326,,
16700,2.7930901050567627,0.44333333333333336,-2.3885042667388916,,
16750,3.529359817504883,0.44166666666666665,-2.499666452407837,,
16800,0.9683466553688049,0.43999999999999995,-0.7867570519447327,,
16850,1.2712395191192627,0.43833333333333335,-1.2927333116531372,,
16900,1.1659060716629028,0.43666666666666665,-1.8503514528274536,,
16950,2.818359375,0.43500000000000005,-0.6559337973594666,,
17000,3.5344698429107666,0.43333333333333335,-2.044984817504883,,
17050,4.170646667480469,0.43166666666666664,-2.380422353744507,,
17100,1.6208415031433105,0.43000000000000005,-1.076631784439087,,
17150,1.5900756120681763,0.42833333333333334,-1.3458701372146606,,
17200,2.3837192058563232,0.42666666666666664,-1.0004459619522095,,
17250,0.9985039234161377,0.42500000000000004,-1.0766724348068237,,
17300,2.8133888244628906,0.42333333333333334,-1.570288062095642,,
17350,3.2796831130981445,0.42166666666666663,-2.31722092628479,,
17400,2.210263252258301,0.42000000000000004,-1.6317073106765747,,
17450,6.8699164390563965,0.41833333333333333,-1.6022158861160278,,
17500,2.8656728267669678,0.41666666666666663,-2.1089727878570557,,
17550,2.382097005844116,0.41500000000000004,-2.5216825008392334,,
17600,4.4781975746154785,0.41333333333333333,-1.1226792335510254,,
17650,3.3380908966064453,0.4116666666666666,-2.159355401992798,,
17700,3.019307851791382,0.41000000000000003,-1.7606887817382812,,
17750,1.6401124000549316,0.4083333333333333,-1.525600552558899,,
17800,3.781381845474243,0.4066666666666666,-1.5532565116882324,,
17850,3.074490785598755,0.405,-2.7278099060058594,,
17900,4.433177471160889,0.4033333333333333,-1.9438291788101196,,
17950,1.6580114364624023,0.4016666666666666,-1.9388850927352905,,
18000,2.2355263233184814,0.4,-1.4982781410217285,,
18050,6.187216281890869,0.3983333333333333,-1.579172134399414,,
18100,1.4610627889633179,0.3966666666666666,-0.8380816578865051,,
18150,5.214137554168701,0.395,-4.295945167541504,,
18200,4.440775394439697,0.3933333333333333,-2.8484623432159424,,
18250,5.044503688812256,0.3916666666666667,-1.883318543434143,,
18300,3.267285108566284,0.39,-1.2987242937088013,,
18350,5.37844705581665,0.3883333333333333,-2.6601412296295166,,
18400,5.706911563873291,0.3866666666666667,-2.2926788330078125,,
18450,1.2951782941818237,0.385,-1.3157020807266235,,
18500,4.646182060241699,0.3833333333333333,-2.4119060039520264,,
18550,3.6378707885742188,0.3816666666666667,-2.3419485092163086,,
18600,2.3320188522338867,0.38,-2.006352186203003,,
18650,3.8491392135620117,0.3783333333333333,-2.3062376976013184,,
18700,1.2189871072769165,0.3766666666666667,-2.213973045349121,,
18750,7.457881450653076,0.375,-1.1370612382888794,,
18800,5.319986343383789,0.3733333333333333,-2.0804636478424072,,
18850,4.194801330566406,0.3716666666666667,-1.804551601409912,,
18900,0.8343489170074463,0.37,-1.893892765045166,,
18950,4.155180931091309,0.3683333333333333,-2.574700117111206,,
19000,0.6073799133300781,0.3666666666666667,-1.3265174627304077,,
19050,3.581751585006714,0.365,-2.2239344120025635,,
19100,3.702648162841797,0.3633333333333333,-2.104477643966675,,
19150,0.9747741222381592,0.3616666666666667,-1.6725517511367798,,
19200,2.573808431625366,0.36,-1.4664950370788574,,
19250,2.9718334674835205,0.3583333333333333,-2.3944270610809326,,
19300,1.5303596258163452,0.3566666666666667,-1.4559215307235718,,
19350,2.918755531311035,0.355,-2.0129640102386475,,
19400,4.224762439727783,0.3533333333333334,-1.430794596672058,,
19450,3.5419743061065674,0.3516666666666667,-2.656125068664551,,
19500,4.0593791007995605,0.35,-3.0178067684173584,,
19550,1.9853878021240234,0.3483333333333334,-1.3858107328414917,,
19600,2.410379409790039,0.3466666666666667,-3.250818967819214,,
19650,4.771373271942139,0.345,-1.7960271835327148,,
19700,2.3960163593292236,0.3433333333333334,-1.62410306930542,,
19750,1.9048045873641968,0.3416666666666667,-2.3226044178009033,,
19800,5.042418956756592,0.33999999999999997,-2.187222719192505,,
19850,7.786571979522705,0.3383333333333334,-1.8693469762802124,,
19900,2.881718873977661,0.33666666666666667,-1.4637082815170288,,
19950,0.600484311580658,0.33499999999999996,-0.3513752222061157,,
20000,5.228010654449463,0.33333333333333337,-3.5621578693389893,,
20050,3.637146234512329,0.33166666666666667,-2.303838014602661,,
20100,4.65191650390625,0.32999999999999996,-2.7847659587860107,,
20150,9.210820198059082,0.32833333333333337,-2.4260382652282715,,
20200,1.9882556200027466,0.32666666666666666,-1.6443347930908203,,
20250,1.5678104162216187,0.32499999999999996,-1.7766700983047485,,
20300,1.2403671741485596,0.32333333333333336,-1.4487239122390747,,
20350,0.7327504754066467,0.32166666666666666,-2.495035171508789,,
20400,1.0843394994735718,0.31999999999999995,-2.0277063846588135,,
20450,4.30210542678833,0.31833333333333336,-3.092463731765747,,
20500,1.2669264078140259,0.31666666666666665,-2.543036699295044,,
20550,13.838261604309082,0.31499999999999995,-3.352391004562378,,
20600,1.482075810432434,0.31333333333333335,-2.3686037063598633,,
20650,1.6876786947250366,0.31166666666666665,-2.415229558944702,,
20700,7.1357102394104,0.31000000000000005,-4.3528971672058105,,
20750,0.8281682133674622,0.30833333333333335,-1.3518520593643188,,
20800,3.5876808166503906,0.30666666666666664,-2.088188886642456,,
20850,2.6168124675750732,0.30500000000000005,-1.5351585149765015,,
20900,4.018951892852783,0.30333333333333334,-1.5245251655578613,,
20950,3.2434873580932617,0.30166666666666664,-2.946889638900757,,
21000,1.027560830116272,0.30000000000000004,-1.4011698961257935,,
21050,4.405134677886963,0.29833333333333334,-2.2575771808624268,,
21100,5.1027703285217285,0.29666666666666663,-1.8552217483520508,,
21150,3.679248571395874,0.29500000000000004,-2.411996603012085,,
21200,5.97025728225708,0.29333333333333333,-3.545342445373535,,
21250,6.3095574378967285,0.29166666666666663,-2.694352865219116,,
21300,4.5406880378723145,0.29000000000000004,-2.5257773399353027,,
21350,1.7164125442504883,0.28833333333333333,-1.4832406044006348,,
21400,3.6917107105255127,0.2866666666666666,-1.8910647630691528,,
21450,3.384139060974121,0.28500000000000003,-2.678511619567871,,
21500,0.9291796684265137,0.2833333333333333,-1.247983694076538,,
21550,3.9193899631500244,0.2816666666666666,-1.4529327154159546,,
21600,5.961721897125244,0.28,-2.263991117477417,,
21650,8.185548782348633,0.2783333333333333,-2.6044819355010986,,
21700,2.8701460361480713,0.2766666666666666,-2.2501909732818604,,
21750,6.858272075653076,0.275,-2.073791742324829,,
21800,3.729912042617798,0.2733333333333333,-2.40234375,,
21850,2.295463800430298,0.2716666666666666,-1.7543355226516724,,
21900,5.991361141204834,0.27,-3.418442964553833,,
21950,2.8124656677246094,0.2683333333333333,-1.558802604675293,,
22000,7.034542083740234,0.2666666666666667,-1.4893354177474976,,
22050,5.961357593536377,0.265,-2.7182209491729736,,
22100,9.274510383605957,0.2633333333333333,-1.8416590690612793,,
22150,1.6467639207839966,0.2616666666666667,-2.513137102127075,,
22200,4.112943172454834,0.26,-4.334178924560547,,
22250,2.2997186183929443,0.2583333333333333,-0.9226576685905457,,
22300,6.050303936004639,0.2566666666666667,-2.121384382247925,,
22350,6.78556489944458,0.255,-2.4233713150024414,,
22400,1.3221653699874878,0.2533333333333333,-1.9542183876037598,,
22450,1.0271092653274536,0.2516666666666667,-1.1910306215286255,,
22500,2.150251626968384,0.25,-2.9915988445281982,,
22550,12.418338775634766,0.2483333333333333,-2.3826284408569336,,
22600,5.192898273468018,0.2466666666666667,-2.0768680572509766,,
22650,3.595386266708374,0.245,-2.793627977371216,,
22700,4.2654194831848145,0.2433333333333333,-2.2132139205932617,,
22750,5.905956268310547,0.2416666666666667,-3.565340042114258,,
22800,6.548765659332275,0.24,-1.4164320230484009,,
22850,10.038025856018066,0.23833333333333329,-3.0208072662353516,,
22900,7.633463382720947,0.2366666666666667,-3.0250682830810547,,
22950,2.417807102203369,0.235,-1.8573247194290161,,
23000,9.57878589630127,0.23333333333333328,-2.616194486618042,,
23050,13.673587799072266,0.2316666666666667,-2.8694934844970703,,
23100,11.770886421203613,0.22999999999999998,-3.6861236095428467,,
23150,7.92210054397583,0.2283333333333334,-2.05631947517395,,
23200,11.712738990783691,0.22666666666666668,-1.6340384483337402,,
23250,5.530059814453125,0.22499999999999998,-1.8369027376174927,,
23300,2.5535755157470703,0.22333333333333338,-2.4160282611846924,,
23350,4.893636703491211,0.22166666666666668,-2.4539883136749268,,
23400,3.798210382461548,0.21999999999999997,-1.9525445699691772,,
23450,2.0846478939056396,0.21833333333333338,-2.2571909427642822,,
23500,2.8887155055999756,0.21666666666666667,-4.6171722412109375,,
23550,11.22231674194336,0.21499999999999997,-2.946819305419922,,
23600,3.3244788646698,0.21333333333333337,-2.7808425426483154,,
23650,6.652860641479492,0.21166666666666667,-2.9336462020874023,,
23700,2.208331346511841,0.20999999999999996,-2.4417011737823486,,
23750,8.427119255065918,0.20833333333333337,-2.6370370388031006,,
23800,2.760204315185547,0.20666666666666667,-2.7951314449310303,,
23850,3.5130672454833984,0.20499999999999996,-2.2729146480560303,,
23900,8.825356483459473,0.20333333333333337,-2.079270362854004,,
23950,9.563298225402832,0.20166666666666666,-4.131508827209473,,
24000,1.3501726388931274,0.19999999999999996,-2.513063669204712,,
24050,2.337956666946411,0.19833333333333336,-2.4816322326660156,,
24100,3.253152847290039,0.19666666666666666,-2.5459582805633545,,
24150,2.7918217182159424,0.19499999999999995,-2.1124961376190186,,
24200,6.234298229217529,0.19333333333333336,-2.8093795776367188,,
24250,6.483493804931641,0.19166666666666665,-3.5598275661468506,,
24300,8.503257751464844,0.18999999999999995,-2.523474931716919,,
24350,5.903174877166748,0.18833333333333335,-2.9245684146881104,,
24400,6.6647629737854,0.18666666666666665,-3.78334903717041,,
24450,2.670499086380005,0.18500000000000005,-2.082444190979004,,
24500,8.584554672241211,0.18333333333333335,-2.9820315837860107,,
24550,6.51678991317749,0.18166666666666664,-3.687756299972534,,
24600,3.995213270187378,0.18000000000000005,-2.320411443710327,,
24650,6.400935649871826,0.17833333333333334,-2.5534322261810303,,
24700,2.6717233657836914,0.17666666666666664,-1.3474493026733398,,
24750,4.315558433532715,0.17500000000000004,-3.169584274291992,,
24800,1.019170880317688,0.17333333333333334,-1.9539155960083008,,
24850,5.302958011627197,0.17166666666666663,-2.6062214374542236,,
24900,3.4531784057617188,0.17000000000000004,-2.01753306388855,,
24950,6.267484188079834,0.16833333333333333,-2.4194185733795166,,
25000,2.153611660003662,0.16666666666666663,-1.8374680280685425,-1.3395578718665826,49.73333333333333
25050,3.6495659351348877,0.16500000000000004,-2.2242143154144287,,
25100,8.178817749023438,0.16333333333333333,-3.499966859817505,,
25150,5.220534324645996,0.16166666666666663,-1.551958441734314,,
25200,3.217475175857544,0.16000000000000003,-3.0411250591278076,,
25250,7.983191967010498,0.15833333333333333,-3.0773766040802,,
25300,6.545729160308838,0.15666666666666662,-2.653803586959839,,
25350,1.831358551979065,0.15500000000000003,-2.2937355041503906,,
25400,2.363767147064209,0.15333333333333332,-2.224193572998047,,
25450,4.8603291511535645,0.15166666666666662,-2.243953227996826,,
25500,1.1369097232818604,0.15000000000000002,-1.4261322021484375,,
25550,1.7244716882705688,0.14833333333333332,-1.9130600690841675,,
25600,1.8914932012557983,0.1466666666666666,-1.4740465879440308,,
25650,4.337357997894287,0.14500000000000002,-1.8725547790527344,,
25700,3.658689260482788,0.1433333333333333,-2.274970769882202,,
25750,3.2540054321289062,0.14166666666666672,-1.589537501335144,,
25800,6.486073970794678,0.14,-1.7851759195327759,,
25850,3.530925750732422,0.1383333333333333,-3.0467822551727295,,
25900,5.060057640075684,0.13666666666666671,-2.0376949310302734,,
25950,2.072200298309326,0.135,-0.7998537421226501,,
26000,2.994840383529663,0.1333333333333333,-3.0963046550750732,,
26050,3.583364486694336,0.1316666666666667,-2.703359603881836,,
26100,1.3385167121887207,0.13,-3.135561227798462,,
26150,5.367164134979248,0.1283333333333333,-2.5362389087677,,
26200,6.313864231109619,0.1266666666666667,-2.6555168628692627,,
26250,3.7600269317626953,0.125,-1.9644240140914917,,
26300,4.481735706329346,0.1233333333333333,-1.3416610956192017,,
26350,2.618971109390259,0.1216666666666667,-1.8561944961547852,,
26400,11.323172569274902,0.12,-2.798546552658081,,
26450,4.383956432342529,0.11833333333333329,-2.591559648513794,,
26500,3.646332025527954,0.1166666666666667,-1.5588669776916504,,
26550,1.724135398864746,0.11499999999999999,-1.0023075342178345,,
26600,4.644887447357178,0.11333333333333329,-2.486660957336426,,
26650,7.221720218658447,0.11166666666666669,-3.208857536315918,,
26700,2.8221585750579834,0.10999999999999999,-1.417784571647644,,
26750,2.5851423740386963,0.10833333333333328,-1.1955527067184448,,
26800,7.879354000091553,0.10666666666666669,-3.3593251705169678,,
26850,3.0725386142730713,0.10499999999999998,-2.9177398681640625,,
26900,5.275033950805664,0.10333333333333339,-2.6731808185577393,,
26950,1.9287776947021484,0.10166666666666668,-2.0403294563293457,,
27000,1.9885492324829102,0.09999999999999998,-1.402605652809143,,
27050,7.940864086151123,0.09833333333333338,-1.789158821105957,,
27100,2.2761423587799072,0.09666666666666668,-2.197758674621582,,
27150,2.464224100112915,0.09499999999999997,-2.157670259475708,,
27200,5.223496913909912,0.09333333333333338,-2.068962812423706,,
27250,8.052931785583496,0.09166666666666667,-2.2284369468688965,,
27300,2.548612594604492,0.08999999999999997,-1.685731053352356,,
27350,2.6975419521331787,0.08833333333333337,-1.866330623626709,,
27400,6.669636249542236,0.08666666666666667,-3.764052629470825,,
27450,8.22610092163086,0.08499999999999996,-3.0695149898529053,,
27500,2.3165128231048584,0.08333333333333337,-3.4437923431396484,,
27550,0.6975705027580261,0.08166666666666667,-1.5681486129760742,,
27600,6.389928340911865,0.07999999999999996,-2.948735237121582,,
27650,2.7567291259765625,0.07833333333333337,-2.534921407699585,,
27700,2.6834347248077393,0.07666666666666666,-1.50883948802948,,
27750,2.5230472087860107,0.07499999999999996,-1.6873937845230103,,
27800,0.5333892107009888,0.07333333333333336,-1.1331254243850708,,
27850,0.6119377017021179,0.07166666666666666,-1.9529012441635132,,
27900,9.272570610046387,0.06999999999999995,-2.8424131870269775,,
27950,2.198650360107422,0.06833333333333336,-2.0440280437469482,,
28000,3.1867191791534424,0.06666666666666665,-2.5674550533294678,,
28050,2.0021812915802,0.06499999999999995,-1.8026906251907349,,
28100,7.318604946136475,0.06333333333333335,-2.8021793365478516,,
28150,2.849497079849243,0.06166666666666665,-1.0795978307724,,
28200,3.4827768802642822,0.06000000000000005,-1.9482918977737427,,
28250,2.3002400398254395,0.05833333333333335,-2.078476905822754,,
28300,2.2883493900299072,0.05666666666666664,-1.2728019952774048,,
28350,1.2262251377105713,0.05500000000000005,-1.3325715065002441,,
28400,3.0134010314941406,0.053333333333333344,-2.9254398345947266,,
28450,8.004897117614746,0.05166666666666664,-2.0678203105926514,,
28500,4.189993381500244,0.050000000000000044,-2.079481363296509,,
28550,1.9292263984680176,0.05,-1.6958189010620117,,
28600,1.1495842933654785,0.05,-1.7965179681777954,,
28650,0.7568573951721191,0.05,-1.4092820882797241,,
28700,2.5621225833892822,0.05,-1.451188564300537,,
28750,3.2549288272857666,0.05,-2.397488832473755,,
28800,6.238279819488525,0.05,-2.353595018386841,,
28850,2.653757333755493,0.05,-1.5976487398147583,,
28900,2.3133046627044678,0.05,-2.2395288944244385,,
28950,6.0409064292907715,0.05,-1.8942567110061646,,
29000,1.5001883506774902,0.05,-2.061627149581909,,
29050,6.566884517669678,0.05,-2.3564488887786865,,
29100,5.856557846069336,0.05,-2.4570744037628174,,
29150,3.467244863510132,0.05,-2.3472049236297607,,
29200,2.1464529037475586,0.05,-1.6710973978042603,,
29250,2.9073638916015625,0.05,-1.8648996353149414,,
29300,1.121325969696045,0.05,-1.9891347885131836,,
29350,2.0529561042785645,0.05,-1.7754478454589844,,
29400,2.940603494644165,0.05,-2.7141692638397217,,
29450,1.4171323776245117,0.05,-1.5685127973556519,,
29500,3.9445559978485107,0.05,-2.1944093704223633,,
29550,8.264256477355957,0.05,-3.2441747188568115,,
29600,0.6384424567222595,0.05,-1.5426783561706543,,
29650,1.28110671043396,0.05,-1.1169742345809937,,
29700,5.892801284790039,0.05,-3.1021203994750977,,
29750,3.83105206489563,0.05,-2.57692551612854,,
29800,2.023022174835205,0.05,-2.042375326156616,,
29850,0.9850510954856873,0.05,-2.1511008739471436,,
29900,3.3600215911865234,0.05,-1.7963529825210571,,
29950,5.3325676918029785,0.05,-1.834509015083313,,
30000,0.752443253993988,0.05,-1.6506229639053345,,
30050,12.207108497619629,0.05,-3.0711662769317627,,
30100,6.071905612945557,0.05,-1.8035575151443481,,
30150,3.4606478214263916,0.05,-2.7332375049591064,,
30200,15.3439302444458,0.05,-2.331939935684204,,
30250,0.6137687563896179,0.05,-1.5888962745666504,,
30300,3.1495516300201416,0.05,-3.520565986633301,,
30350,2.782986640930176,0.05,-3.1518096923828125,,
30400,7.504298686981201,0.05,-1.6732052564620972,,
30450,3.510641098022461,0.05,-0.9272021651268005,,
30500,10.372747421264648,0.05,-2.3703787326812744,,
30550,12.00769329071045,0.05,-2.4163906574249268,,
30600,3.3991565704345703,0.05,-2.1653330326080322,,
30650,1.7206240892410278,0.05,-2.2405846118927,,
30700,6.765832901000977,0.05,-2.9757957458496094,,
30750,5.246905326843262,0.05,-2.385183572769165,,
30800,3.5931222438812256,0.05,-3.475282907485962,,
30850,5.481008052825928,0.05,-2.6867644786834717,,
30900,3.218902349472046,0.05,-1.1755623817443848,,
30950,6.079732894897461,0.05,-2.987632989883423,,
31000,1.8764370679855347,0.05,-2.428255319595337,,
31050,8.595423698425293,0.05,-3.9399871826171875,,
31100,3.9396984577178955,0.05,-2.579920530319214,,
31150,2.5974373817443848,0.05,-2.058124303817749,,
31200,1.5239828824996948,0.05,-1.8086141347885132,,
31250,9.374778747558594,0.05,-2.4154551029205322,,
31300,4.827609539031982,0.05,-1.6524373292922974,,
31350,1.8724584579467773,0.05,-1.8120583295822144,,
31400,6.642192840576172,0.05,-2.257810115814209,,
31450,3.8838207721710205,0.05,-3.0636913776397705,,
31500,6.739048004150391,0.05,-1.7014411687850952,,
31550,2.3367340564727783,0.05,-1.2402944564819336,,
31600,3.5442495346069336,0.05,-2.741471290588379,,
31650,4.0339789390563965,0.05,-2.1898419857025146,,
31700,8.497319221496582,0.05,-2.449448347091675,,
31750,2.2416412830352783,0.05,-2.0417943000793457,,
31800,2.6538360118865967,0.05,-1.050984263420105,,
31850,3.199887275695801,0.05,-2.0235512256622314,,
31900,6.960870265960693,0.05,-2.5361554622650146,,
31950,5.168548583984375,0.05,-3.5576865673065186,,
32000,6.149673938751221,0.05,-2.656055212020874,,
32050,4.804518699645996,0.05,-1.9624577760696411,,
32100,5.3884053230285645,0.05,-3.6636297702789307,,
32150,4.188413143157959,0.05,-1.4295183420181274,,
32200,1.0554466247558594,0.05,-2.9734153747558594,,
32250,6.537442684173584,0.05,-2.7995967864990234,,
32300,10.307507514953613,0.05,-2.987335205078125,,
32350,9.044925689697266,0.05,-3.2650997638702393,,
32400,0.966045618057251,0.05,-2.438113212585449,,
32450,2.825242280960083,0.05,-1.6928743124008179,,
32500,2.5262980461120605,0.05,-1.7196159362792969,,
32550,4.212027549743652,0.05,-1.8529597520828247,,
32600,1.9394291639328003,0.05,-2.531790256500244,,
32650,5.891250133514404,0.05,-3.5053136348724365,,
32700,4.614863872528076,0.05,-2.1049554347991943,,
32750,0.44655993580818176,0.05,-2.632399559020996,,
32800,2.3552443981170654,0.05,-2.583770990371704,,
32850,5.174098491668701,0.05,-4.101565837860107,,
32900,5.514153957366943,0.05,-2.6919710636138916,,
32950,8.198046684265137,0.05,-2.958820343017578,,
33000,4.589054107666016,0.05,-2.254899740219116,,
33050,3.721261978149414,0.05,-2.9322049617767334,,
33100,1.4234561920166016,0.05,-3.5415961742401123,,
33150,5.575973987579346,0.05,-2.431333303451538,,
33200,2.3979897499084473,0.05,-1.3479150533676147,,
33250,3.777585744857788,0.05,-1.835915446281433,,
33300,1.5306363105773926,0.05,-3.21606183052063,,
33350,6.747949600219727,0.05,-3.016634941101074,,
33400,13.250349998474121,0.05,-3.5810844898223877,,
33450,6.231821537017822,0.05,-2.499650239944458,,
33500,7.386999607086182,0.05,-2.6961872577667236,,
33550,4.027470111846924,0.05,-1.7816705703735352,,
33600,3.781190872192383,0.05,-2.9068756103515625,,
33650,2.723585844039917,0.05,-1.8499449491500854,,
33700,5.594064235687256,0.05,-2.312274217605591,,
33750,2.096799850463867,0.05,-2.8126754760742188,,
33800,5.6985955238342285,0.05,-3.2709271907806396,,
33850,1.002549409866333,0.05,-2.458909273147583,,
33900,0.858671247959137,0.05,-1.6582125425338745,,
33950,6.6607208251953125,0.05,-3.5009405612945557,,
34000,0.6549212336540222,0.05,-1.9368185997009277,,
34050,2.522686719894409,0.05,-1.5224043130874634,,
34100,3.3834354877471924,0.05,-3.091829299926758,,
34150,2.0196332931518555,0.05,-2.4792544841766357,,
34200,4.751242160797119,0.05,-1.9995657205581665,,
34250,1.177195429801941,0.05,-2.4645864963531494,,
34300,3.9863624572753906,0.05,-2.280717611312866,,
34350,4.106376647949219,0.05,-1.755469799041748,,
34400,16.23956298828125,0.05,-4.064047336578369,,
34450,2.899585723876953,0.05,-1.5646966695785522,,
34500,0.6464011073112488,0.05,-1.1507965326309204,,
34550,7.63629674911499,0.05,-1.9704664945602417,,
34600,1.8916569948196411,0.05,-2.4283478260040283,,
34650,2.7340891361236572,0.05,-3.1887552738189697,,
34700,3.626275062561035,0.05,-2.207822799682617,,
34750,2.596752405166626,0.05,-1.6978726387023926,,
34800,1.1266030073165894,0.05,-3.218672037124634,,
34850,0.8548601269721985,0.05,-2.3257739543914795,,
34900,0.7071456909179688,0.05,-2.873440980911255,,
34950,2.024042844772339,0.05,-3.536968231201172,,
35000,1.190921425819397,0.05,-2.673938751220703,,
35050,1.2876702547073364,0.05,-2.388624906539917,,
35100,1.9905513525009155,0.05,-2.903416633605957,,
35150,5.985313415527344,0.05,-2.924945116043091,,
35200,6.77293062210083,0.05,-2.4186758995056152,,
35250,4.818074703216553,0.05,-3.0839977264404297,,
35300,4.08576774597168,0.05,-3.2296552658081055,,
35350,4.836066246032715,0.05,-2.2648463249206543,,
35400,6.158960819244385,0.05,-2.0970637798309326,,
35450,3.7579448223114014,0.05,-3.035329818725586,,
35500,7.812313556671143,0.05,-3.0795907974243164,,
35550,1.4003957509994507,0.05,-0.877737283706665,,
35600,1.456506371498108,0.05,-1.719123363494873,,
35650,1.0978864431381226,0.05,-1.7510061264038086,,
35700,0.6438868641853333,0.05,-2.8710148334503174,,
35750,1.2018604278564453,0.05,-0.9493847489356995,,
35800,1.4004513025283813,0.05,-2.1738827228546143,,
35850,7.484894275665283,0.05,-3.177710771560669,,
35900,6.523684978485107,0.05,-2.4391496181488037,,
35950,3.985092878341675,0.05,-3.2746410369873047,,
36000,7.48552131652832,0.05,-2.547032117843628,,
36050,0.9060513377189636,0.05,-2.2177212238311768,,
36100,3.7891690731048584,0.05,-1.423317313194275,,
36150,2.711852788925171,0.05,-3.2238759994506836,,
36200,9.522637367248535,0.05,-1.9628781080245972,,
36250,3.8972747325897217,0.05,-2.0233185291290283,,
36300,4.734877586364746,0.05,-3.535903215408325,,
36350,1.3137565851211548,0.05,-1.7050491571426392,,
36400,3.1601035594940186,0.05,-2.4716813564300537,,
36450,3.219196319580078,0.05,-2.0567991733551025,,
36500,3.777916669845581,0.05,-2.2847859859466553,,
36550,6.889894962310791,0.05,-2.934809923171997,,
36600,3.8396313190460205,0.05,-3.3528690338134766,,
36650,3.861406087875366,0.05,-2.990422248840332,,
36700,0.8452056050300598,0.05,-2.743379592895508,,
36750,1.340800404548645,0.05,-2.5128986835479736,,
36800,3.055999994277954,0.05,-2.302232265472412,,
36850,2.2426881790161133,0.05,-3.6101863384246826,,
36900,5.484091281890869,0.05,-4.245222568511963,,
36950,0.5668325424194336,0.05,-3.237525701522827,,
37000,2.6230289936065674,0.05,-3.2754955291748047,,
37050,1.0399540662765503,0.05,-2.173204183578491,,
37100,6.069076061248779,0.05,-1.972551703453064,,
37150,8.922167778015137,0.05,-2.565666913986206,,
37200,1.989241600036621,0.05,-3.090866804122925,,
37250,5.504104137420654,0.05,-2.691211462020874,,
37300,2.549626350402832,0.05,-2.6311378479003906,,
37350,2.8437559604644775,0.05,-2.166914701461792,,
37400,1.7635154724121094,0.05,-4.2016072273254395,,
37450,2.926071882247925,0.05,-2.595754384994507,,
37500,4.492720127105713,0.05,-2.2320642471313477,,
37550,6.098316192626953,0.05,-3.322619676589966,,
37600,3.33404803276062,0.05,-2.5910608768463135,,
37650,4.242118835449219,0.05,-1.930709958076477,,
37700,8.621776580810547,0.05,-3.3098583221435547,,
37750,15.455941200256348,0.05,-4.0876898765563965,,
37800,1.415230393409729,0.05,-1.703406810760498,,
37850,1.0704518556594849,0.05,-2.131932020187378,,
37900,1.56157648563385,0.05,-2.282820463180542,,
37950,5.889317989349365,0.05,-2.7100236415863037,,
38000,6.452629566192627,0.05,-2.9134817123413086,,
38050,1.3934162855148315,0.05,-2.627674102783203,,
38100,3.8512871265411377,0.05,-2.839649200439453,,
38150,2.3466203212738037,0.05,-2.512467384338379,,
38200,6.293185710906982,0.05,-1.6947202682495117,,
38250,2.887272596359253,0.05,-1.8118772506713867,,
38300,2.3016507625579834,0.05,-2.4013216495513916,,
38350,6.293909072875977,0.05,-2.679081916809082,,
38400,1.8132444620132446,0.05,-2.0940682888031006,,
38450,5.6692585945129395,0.05,-1.9723634719848633,,
38500,3.517367124557495,0.05,-2.131666421890259,,
38550,5.198086738586426,0.05,-2.47525954246521,,
38600,5.396867275238037,0.05,-2.5889904499053955,,
38650,6.004520893096924,0.05,-2.3556158542633057,,
38700,2.151337146759033,0.05,-2.6146278381347656,,
38750,2.3001325130462646,0.05,-1.4245015382766724,,
38800,0.6049902439117432,0.05,-1.594439148902893,,
38850,6.5112457275390625,0.05,-2.535067319869995,,
38900,4.4037628173828125,0.05,-1.2157105207443237,,
38950,4.403006076812744,0.05,-1.506714940071106,,
39000,0.7313874363899231,0.05,-1.294122576713562,,
39050,4.636987686157227,0.05,-3.4446451663970947,,
39100,0.6820454001426697,0.05,-1.8110634088516235,,
39150,2.8770320415496826,0.05,-3.5194361209869385,,
39200,2.8639724254608154,0.05,-2.719886541366577,,
39250,4.205711841583252,0.05,-3.534625768661499,,
39300,2.893613576889038,0.05,-2.885594129562378,,
39350,1.7201696634292603,0.05,-1.6931043863296509,,
39400,0.9999732971191406,0.05,-3.0172579288482666,,
39450,2.50752592086792,0.05,-2.224271059036255,,
39500,8.271489143371582,0.05,-2.665081262588501,,
39550,4.889249324798584,0.05,-3.1558682918548584,,
39600,1.2431522607803345,0.05,-2.536668539047241,,
39650,4.882404804229736,0.05,-1.5185980796813965,,
39700,8.914593696594238,0.05,-1.8094497919082642,,
39750,3.6898136138916016,0.05,-2.5407838821411133,,
39800,3.0083866119384766,0.05,-3.0539913177490234,,
39850,3.9806129932403564,0.05,-2.0341029167175293,,
39900,2.31471848487854,0.05,-3.58010196685791,,
39950,2.0239484310150146,0.05,-3.8829963207244873,,
40000,2.637406587600708,0.05,-3.2257282733917236,,
40050,1.2242308855056763,0.05,-2.838193893432617,,
40100,6.037365436553955,0.05,-2.765504837036133,,
40150,3.5801992416381836,0.05,-2.298107862472534,,
40200,0.4646146595478058,0.05,-2.1653172969818115,,
40250,5.570738315582275,0.05,-4.026494026184082,,
40300,0.45372530817985535,0.05,-1.3303189277648926,,
40350,3.2003252506256104,0.05,-2.4017245769500732,,
40400,3.2808024883270264,0.05,-1.7031062841415405,,
40450,2.182412624359131,0.05,-2.455603837966919,,
40500,0.5784976482391357,0.05,-3.0024702548980713,,
40550,6.9454121589660645,0.05,-2.639446973800659,,
40600,4.241783618927002,0.05,-3.151350975036621,,
40650,4.702679634094238,0.05,-3.2525012493133545,,
40700,0.42564716935157776,0.05,-1.3303414583206177,,
40750,9.795811653137207,0.05,-3.7865209579467773,,
40800,0.8213322758674622,0.05,-1.9485479593276978,,
40850,7.125203609466553,0.05,-2.4583499431610107,,
40900,4.234633922576904,0.05,-2.1420910358428955,,
40950,7.023016452789307,0.05,-2.07548451423645,,
41000,4.045024394989014,0.05,-3.1237335205078125,,
41050,6.4227519035339355,0.05,-2.9522693157196045,,
41100,3.8864967823028564,0.05,-2.9488649368286133,,
41150,3.2184572219848633,0.05,-2.9958927631378174,,
41200,3.052774667739868,0.05,-3.3929989337921143,,
41250,6.539239883422852,0.05,-2.0095317363739014,,
41300,7.947422027587891,0.05,-2.8604466915130615,,
41350,3.668140411376953,0.05,-2.402228593826294,,
41400,3.4942541122436523,0.05,-3.1273515224456787,,
41450,1.8841811418533325,0.05,-1.8487296104431152,,
41500,1.6314126253128052,0.05,-2.242342233657837,,
41550,2.80574893951416,0.05,-2.463391065597534,,
41600,1.2171419858932495,0.05,-1.6826077699661255,,
41650,2.051649808883667,0.05,-1.387769341468811,,
41700,2.1557767391204834,0.05,-3.341937303543091,,
41750,4.4253621101379395,0.05,-2.9306647777557373,,
41800,0.5670287609100342,0.05,-2.2759463787078857,,
41850,1.917481780052185,0.05,-2.05036997795105,,
41900,2.846442461013794,0.05,-2.4329988956451416,,
41950,1.463070273399353,0.05,-2.0140011310577393,,
42000,2.0011019706726074,0.05,-2.7991421222686768,,
42050,5.153351783752441,0.05,-3.622177839279175,,
42100,0.8902309536933899,0.05,-2.6038873195648193,,
42150,0.9813221096992493,0.05,-2.7443606853485107,,
42200,2.272096633911133,0.05,-2.9156038761138916,,
42250,3.0995566844940186,0.05,-2.441516399383545,,
42300,4.6322712898254395,0.05,-2.510443925857544,,
42350,6.848272800445557,0.05,-2.3785665035247803,,
42400,2.6547467708587646,0.05,-2.6953341960906982,,
42450,3.0508153438568115,0.05,-3.585529327392578,,
42500,2.906846046447754,0.05,-2.3038196563720703,,
42550,4.905241966247559,0.05,-3.223602533340454,,
42600,0.9237343668937683,0.05,-2.6584250926971436,,
42650,2.728551149368286,0.05,-2.6731154918670654,,
42700,2.8777666091918945,0.05,-2.7013378143310547,,
42750,5.258442401885986,0.05,-2.430483818054199,,
42800,3.7550384998321533,0.05,-2.984971284866333,,
42850,4.0126237869262695,0.05,-2.982123374938965,,
42900,4.720865249633789,0.05,-3.3099231719970703,,
42950,1.027762770652771,0.05,-3.68792724609375,,
43000,7.5392889976501465,0.05,-3.906575918197632,,
43050,5.136449813842773,0.05,-3.1724236011505127,,
43100,0.407403826713562,0.05,-1.972652554512024,,
43150,3.7738492488861084,0.05,-2.66498064994812,,
43200,5.234429836273193,0.05,-3.0311691761016846,,
43250,8.270808219909668,0.05,-1.877461314201355,,
43300,1.1967047452926636,0.05,-3.9527032375335693,,
43350,3.409179449081421,0.05,-2.8438122272491455,,
43400,4.522544860839844,0.05,-2.7111997604370117,,
43450,8.073906898498535,0.05,-3.493408441543579,,
43500,10.64759349822998,0.05,-2.9468276500701904,,
43550,2.5234925746917725,0.05,-3.02565860748291,,
43600,5.532440185546875,0.05,-3.9313907623291016,,
43650,1.0159155130386353,0.05,-2.28395938873291,,
43700,1.9731961488723755,0.05,-2.565798044204712,,
43750,0.3928300440311432,0.05,-1.7548860311508179,,
43800,5.758171081542969,0.05,-3.405759572982788,,
43850,4.455928325653076,0.05,-1.9677423238754272,,
43900,0.7653700709342957,0.05,-2.9015159606933594,,
43950,4.668638706207275,0.05,-2.743051290512085,,
44000,0.9205713868141174,0.05,-2.644554376602173,,
44050,6.123250961303711,0.05,-3.0449020862579346,,
44100,4.701057434082031,0.05,-3.530862808227539,,
44150,0.3334605395793915,0.05,-3.200108766555786,,
44200,10.12635326385498,0.05,-3.1404001712799072,,
44250,1.0113164186477661,0.05,-2.640169858932495,,
44300,1.835240364074707,0.05,-3.186812162399292,,
44350,5.795243740081787,0.05,-2.4549291133880615,,
44400,0.8164598345756531,0.05,-2.7553226947784424,,
44450,24.597061157226562,0.05,-3.968404531478882,,
44500,4.445335388183594,0.05,-3.238750696182251,,
44550,3.652433156967163,0.05,-3.274797201156616,,
44600,2.6935853958129883,0.05,-3.6244804859161377,,
44650,1.1000018119812012,0.05,-3.2373838424682617,,
44700,4.931463718414307,0.05,-3.156426429748535,,
44750,3.557375192642212,0.05,-2.50484561920166,,
44800,1.352390170097351,0.05,-2.7267417907714844,,
44850,6.5981926918029785,0.05,-3.753725051879883,,
44900,1.6275197267532349,0.05,-2.1008408069610596,,
44950,6.4644012451171875,0.05,-2.230494737625122,,
45000,4.949927806854248,0.05,-2.7924060821533203,,
45050,1.3920031785964966,0.05,-2.643893241882324,,
45100,3.1034910678863525,0.05,-3.4540767669677734,,
45150,3.870391607284546,0.05,-3.535275459289551,,
45200,3.723586082458496,0.05,-2.4137933254241943,,
45250,3.9065983295440674,0.05,-2.2157130241394043,,
45300,6.415039539337158,0.05,-3.1099252700805664,,
45350,9.699387550354004,0.05,-3.5856497287750244,,
45400,0.7701327204704285,0.05,-2.647310495376587,,
45450,2.8194143772125244,0.05,-3.7323989868164062,,
45500,3.9764339923858643,0.05,-3.342991828918457,,
45550,0.3700132369995117,0.05,-1.7945970296859741,,
45600,2.7893259525299072,0.05,-1.7277021408081055,,
45650,2.3571035861968994,0.05,-2.7875258922576904,,
45700,1.0238574743270874,0.05,-3.559621810913086,,
45750,6.895331859588623,0.05,-4.840760707855225,,
45800,2.0554401874542236,0.05,-3.5123708248138428,,
45850,0.6724054217338562,0.05,-2.8775901794433594,,
45900,1.5380431413650513,0.05,-2.1375255584716797,,
45950,2.7090084552764893,0.05,-3.032374143600464,,
46000,1.035156488418579,0.05,-2.979832410812378,,
46050,8.20975399017334,0.05,-3.898771286010742,,
46100,1.5191659927368164,0.05,-2.522934675216675,,
46150,1.9032219648361206,0.05,-3.918294668197632,,
46200,2.8739206790924072,0.05,-2.360375165939331,,
46250,0.8650093078613281,0.05,-3.8348886966705322,,
46300,0.8076911568641663,0.05,-2.8152358531951904,,
46350,3.5507822036743164,0.05,-3.2934255599975586,,
46400,2.127593755722046,0.05,-3.8395280838012695,,
46450,6.791200637817383,0.05,-3.2396843433380127,,
46500,6.372133255004883,0.05,-4.7191643714904785,,
46550,4.051648139953613,0.05,-2.37923264503479,,
46600,4.761056423187256,0.05,-3.513111114501953,,
46650,2.5210041999816895,0.05,-2.9493110179901123,,
46700,1.0990805625915527,0.05,-3.1544806957244873,,
46750,5.502988338470459,0.05,-3.915062189102173,,
46800,3.2943313121795654,0.05,-2.9395036697387695,,
46850,2.268989324569702,0.05,-3.193600654602051,,
46900,1.7357066869735718,0.05,-3.4094278812408447,,
46950,3.499717950820923,0.05,-2.4423229694366455,,
47000,1.504693627357483,0.05,-3.9025089740753174,,
47050,7.2875542640686035,0.05,-4.038886547088623,,
47100,4.2303385734558105,0.05,-4.8569865226745605,,
47150,3.993806838989258,0.05,-4.373347282409668,,
47200,4.328461170196533,0.05,-2.76213002204895,,
47250,0.21288585662841797,0.05,-3.0349483489990234,,
47300,0.7615019679069519,0.05,-3.2568609714508057,,
47350,0.32568100094795227,0.05,-2.640605926513672,,
47400,1.4873223304748535,0.05,-4.540401935577393,,
47450,2.5814244747161865,0.05,-3.8187968730926514,,
47500,6.6839141845703125,0.05,-4.656129837036133,,
47550,6.943528652191162,0.05,-2.8585307598114014,,
47600,1.0167042016983032,0.05,-1.9515628814697266,,
47650,8.224575996398926,0.05,-4.315774917602539,,
47700,1.0639899969100952,0.05,-3.862874984741211,,
47750,4.952786922454834,0.05,-4.242405414581299,,
47800,5.123873233795166,0.05,-3.7035036087036133,,
47850,11.176651954650879,0.05,-4.80990743637085,,
47900,0.769163191318512,0.05,-3.6494057178497314,,
47950,5.135555267333984,0.05,-4.274843692779541,,
48000,5.675013065338135,0.05,-3.5410830974578857,,
48050,5.006278038024902,0.05,-3.7610950469970703,,
48100,3.5013697147369385,0.05,-2.652941942214966,,
48150,4.027400016784668,0.05,-5.256342887878418,,
48200,1.7242504358291626,0.05,-4.175570011138916,,
48250,4.474956512451172,0.05,-2.8924758434295654,,
48300,9.215002059936523,0.05,-4.667938709259033,,
48350,5.534111022949219,0.05,-3.3320274353027344,,
48400,2.5040462017059326,0.05,-3.9689207077026367,,
48450,5.956777572631836,0.05,-4.39697790145874,,
48500,8.70490550994873,0.05,-3.536799669265747,,
48550,4.485494136810303,0.05,-3.1452929973602295,,
48600,5.67703104019165,0.05,-3.2528457641601562,,
48650,0.8890366554260254,0.05,-3.000757932662964,,
48700,4.280691623687744,0.05,-3.883939504623413,,
48750,10.204882621765137,0.05,-3.214980363845825,,
48800,12.923725128173828,0.05,-4.7967305183410645,,
48850,9.566018104553223,0.05,-4.051058769226074,,
48900,1.1398835182189941,0.05,-3.4110467433929443,,
48950,4.072196960449219,0.05,-2.9024159908294678,,
49000,0.7782862782478333,0.05,-3.8714406490325928,,
49050,1.1480250358581543,0.05,-3.407953977584839,,
49100,5.954154968261719,0.05,-3.7291343212127686,,
49150,14.339431762695312,0.05,-3.719219207763672,,
49200,3.34651255607605,0.05,-3.280752182006836,,
49250,8.290667533874512,0.05,-3.950242042541504,,
49300,3.773577928543091,0.05,-4.043460369110107,,
49350,2.5589122772216797,0.05,-1.9007511138916016,,
49400,6.296653747558594,0.05,-4.2915191650390625,,
49450,5.076191425323486,0.05,-4.300974369049072,,
49500,4.433262348175049,0.05,-4.830745220184326,,
49550,9.224530220031738,0.05,-4.416855335235596,,
49600,12.967994689941406,0.05,-4.000264644622803,,
49650,4.419106483459473,0.05,-3.342252731323242,,
49700,5.013409614562988,0.05,-4.014459609985352,,
49750,1.7722781896591187,0.05,-2.774022340774536,,
49800,0.7727429270744324,0.05,-3.207021474838257,,
49850,9.535111427307129,0.05,-4.050652980804443,,
49900,2.3204259872436523,0.05,-5.056299686431885,,
49950,3.2452428340911865,0.05,-4.656015872955322,,
50000,7.24121618270874,0.05,-3.777872085571289,-1.6057440014995068,51.2
50050,4.251829624176025,0.05,-5.486341953277588,,
50100,2.5167737007141113,0.05,-4.236261367797852,,
50150,6.353334426879883,0.05,-3.3620364665985107,,
50200,8.088258743286133,0.05,-2.38342022895813,,
50250,4.536779880523682,0.05,-4.432311534881592,,
50300,0.6627573370933533,0.05,-3.9169065952301025,,
50350,6.11199951171875,0.05,-3.430682897567749,,
50400,9.992377281188965,0.05,-3.0124480724334717,,
50450,2.937946081161499,0.05,-3.061316728591919,,
50500,2.2906808853149414,0.05,-3.522937059402466,,
50550,5.858156204223633,0.05,-4.81007719039917,,
50600,15.5806884765625,0.05,-3.7708261013031006,,
50650,8.727928161621094,0.05,-4.3784613609313965,,
50700,2.831996202468872,0.05,-2.3625338077545166,,
50750,1.6065239906311035,0.05,-3.549799680709839,,
50800,14.698773384094238,0.05,-5.893764972686768,,
50850,4.726553440093994,0.05,-3.463488817214966,,
50900,9.83581829071045,0.05,-5.138519763946533,,
50950,5.40553092956543,0.05,-3.0548579692840576,,
51000,0.6867182850837708,0.05,-3.7881317138671875,,
51050,3.8728418350219727,0.05,-3.839059829711914,,
51100,2.59192156791687,0.05,-4.876664638519287,,
51150,0.8854640126228333,0.05,-4.04574728012085,,
51200,4.125509262084961,0.05,-3.6735010147094727,,
51250,2.343451499938965,0.05,-5.315186023712158,,
51300,11.481072425842285,0.05,-4.431133270263672,,
51350,3.231205940246582,0.05,-2.84488582611084,,
51400,7.381415843963623,0.05,-3.3040215969085693,,
51450,4.294985294342041,0.05,-4.018272399902344,,
51500,2.6974680423736572,0.05,-3.213756799697876,,
51550,2.2584705352783203,0.05,-5.121627330780029,,
51600,1.2755128145217896,0.05,-3.793811559677124,,
51650,15.071755409240723,0.05,-4.815273761749268,,
51700,5.60542106628418,0.05,-5.295613765716553,,
51750,3.3278932571411133,0.05,-3.818370819091797,,
51800,5.5183587074279785,0.05,-3.1218769550323486,,
51850,7.815057277679443,0.05,-3.804082155227661,,
51900,5.086466312408447,0.05,-3.1317098140716553,,
51950,11.095925331115723,0.05,-3.8917839527130127,,
52000,6.444333553314209,0.05,-3.4566097259521484,,
52050,15.706275939941406,0.05,-4.20512056350708,,
52100,11.108628273010254,0.05,-3.4901742935180664,,
52150,0.6041878461837769,0.05,-4.947822093963623,,
52200,5.773046016693115,0.05,-3.131556272506714,,
52250,17.147396087646484,0.05,-3.8818883895874023,,
52300,14.836689949035645,0.05,-4.501619338989258,,
52350,20.11045265197754,0.05,-4.352409839630127,,
52400,7.626369953155518,0.05,-3.3593227863311768,,
52450,1.661845088005066,0.05,-4.448772430419922,,
52500,1.3066335916519165,0.05,-3.2770164012908936,,
52550,5.365394115447998,0.05,-5.442261219024658,,
52600,2.846906900405884,0.05,-3.7128822803497314,,
52650,6.980106353759766,0.05,-2.8741962909698486,,
52700,2.9471569061279297,0.05,-4.410977840423584,,
52750,0.39594766497612,0.05,-3.457334280014038,,
52800,3.212385892868042,0.05,-5.6056647300720215,,
52850,17.78438377380371,0.05,-3.6704342365264893,,
52900,13.829811096191406,0.05,-3.4575366973876953,,
52950,7.218352794647217,0.05,-3.9141623973846436,,
53000,2.6976373195648193,0.05,-4.576597213745117,,
53050,9.251294136047363,0.05,-4.510090351104736,,
53100,10.29867935180664,0.05,-3.6189935207366943,,
53150,0.6352968811988831,0.05,-3.0673916339874268,,
53200,16.87396812438965,0.05,-3.133580207824707,,
53250,9.6756591796875,0.05,-4.03046178817749,,
53300,0.9642462134361267,0.05,-3.090369939804077,,
53350,6.7216877937316895,0.05,-5.070199489593506,,
53400,2.7743513584136963,0.05,-2.609990358352661,,
53450,1.330559253692627,0.05,-2.8928062915802,,
53500,0.600134015083313,0.05,-3.086317300796509,,
53550,1.1607416868209839,0.05,-3.6937849521636963,,
53600,11.840988159179688,0.05,-2.731351137161255,,
53650,0.7691965699195862,0.05,-3.9387004375457764,,
53700,2.289726495742798,0.05,-3.9021971225738525,,
53750,1.1514915227890015,0.05,-2.658161163330078,,
53800,3.635824203491211,0.05,-4.31705904006958,,
53850,2.9981577396392822,0.05,-2.1077699661254883,,
53900,13.246451377868652,0.05,-3.576500654220581,,
53950,0.3256720304489136,0.05,-3.705472230911255,,
54000,5.511159896850586,0.05,-3.669261932373047,,
54050,5.698283672332764,0.05,-3.134979248046875,,
54100,10.24748706817627,0.05,-3.8728606700897217,,
54150,6.927446365356445,0.05,-4.32623815536499,,
54200,6.328672409057617,0.05,-3.3774116039276123,,
54250,2.0857417583465576,0.05,-3.3493568897247314,,
54300,3.701530694961548,0.05,-3.4005014896392822,,
54350,10.606968879699707,0.05,-4.335407733917236,,
54400,7.960485935211182,0.05,-2.8167898654937744,,
54450,0.6958544254302979,0.05,-4.170316219329834,,
54500,1.901544451713562,0.05,-3.642528772354126,,
54550,10.343884468078613,0.05,-3.920201063156128,,
54600,0.936976432800293,0.05,-3.677645444869995,,
54650,0.8254262804985046,0.05,-2.9603726863861084,,
54700,5.7223286628723145,0.05,-4.914682865142822,,
54750,3.4833271503448486,0.05,-3.604177236557007,,
54800,4.855130672454834,0.05,-3.2919671535491943,,
54850,3.6802589893341064,0.05,-2.661080837249756,,
54900,1.5312352180480957,0.05,-3.3620917797088623,,
54950,2.5208969116210938,0.05,-3.1467370986938477,,
55000,5.938301086425781,0.05,-5.21149206161499,,
55050,0.9829533100128174,0.05,-4.494670391082764,,
55100,1.3668144941329956,0.05,-3.426574468612671,,
55150,0.8035173416137695,0.05,-4.158848285675049,,
55200,3.3821637630462646,0.05,-4.332308292388916,,
55250,1.0080747604370117,0.05,-3.1695034503936768,,
55300,9.263589859008789,0.05,-4.0622334480285645,,
55350,6.322042942047119,0.05,-3.5688819885253906,,
55400,7.104251861572266,0.05,-4.352105140686035,,
55450,14.417255401611328,0.05,-4.566603660583496,,
55500,10.653630256652832,0.05,-4.185888767242432,,
55550,9.94993782043457,0.05,-3.22560977935791,,
55600,3.521542549133301,0.05,-3.469644784927368,,
55650,6.791306018829346,0.05,-2.3027632236480713,,
55700,5.818996906280518,0.05,-3.9550437927246094,,
55750,5.133133411407471,0.05,-3.777261734008789,,
55800,6.925817489624023,0.05,-3.6325531005859375,,
55850,2.464308500289917,0.05,-2.629239797592163,,
55900,10.127605438232422,0.05,-3.9590342044830322,,
55950,6.032321929931641,0.05,-2.789537191390991,,
56000,4.366733074188232,0.05,-3.408982515335083,,
56050,0.4321187436580658,0.05,-4.243942737579346,,
56100,5.8141045570373535,0.05,-3.8855111598968506,,
56150,7.600456237792969,0.05,-4.478374481201172,,
56200,2.9026565551757812,0.05,-2.793940782546997,,
56250,9.7285795211792,0.05,-4.223550319671631,,
56300,4.445200443267822,0.05,-4.339888572692871,,
56350,5.810579776763916,0.05,-4.547358989715576,,
56400,13.468016624450684,0.05,-3.0885021686553955,,
56450,7.354099273681641,0.05,-3.474517822265625,,
56500,0.3905929625034332,0.05,-3.8206024169921875,,
56550,2.559147596359253,0.05,-3.712601661682129,,
56600,11.827841758728027,0.05,-4.587930202484131,,
56650,1.1007232666015625,0.05,-3.572035551071167,,
56700,8.09367847442627,0.05,-3.205946207046509,,
56750,0.9589558243751526,0.05,-3.5222606658935547,,
56800,3.975968599319458,0.05,-4.145071983337402,,
56850,9.34025764465332,0.05,-3.362523317337036,,
56900,3.4120943546295166,0.05,-4.163212299346924,,
56950,6.204719066619873,0.05,-3.4395570755004883,,
57000,2.8196065425872803,0.05,-3.5125186443328857,,
57050,2.9829108715057373,0.05,-4.742785930633545,,
57100,3.9021053314208984,0.05,-3.0437278747558594,,
57150,2.5863893032073975,0.05,-3.6184499263763428,,
57200,1.7222145795822144,0.05,-2.9935953617095947,,
57250,7.352376937866211,0.05,-3.5412721633911133,,
57300,8.227952003479004,0.05,-3.1640024185180664,,
57350,1.5790396928787231,0.05,-4.878785610198975,,
57400,11.672379493713379,0.05,-3.200674295425415,,
57450,0.35686877369880676,0.05,-2.6369850635528564,,
57500,2.3651864528656006,0.05,-3.1715266704559326,,
57550,8.613395690917969,0.05,-4.073796272277832,,
57600,8.735941886901855,0.05,-3.2195799350738525,,
57650,0.8404242992401123,0.05,-2.637998580932617,,
57700,10.642773628234863,0.05,-4.544575214385986,,
57750,4.761293888092041,0.05,-3.6087703704833984,,
57800,13.226393699645996,0.05,-3.883751630783081,,
57850,10.63842487335205,0.05,-3.4639475345611572,,
57900,3.9482076168060303,0.05,-3.99194598197937,,
57950,4.690932750701904,0.05,-2.6253931522369385,,
58000,2.455909013748169,0.05,-3.9141159057617188,,
58050,1.3782750368118286,0.05,-3.7224206924438477,,
58100,12.009654998779297,0.05,-4.884891986846924,,
58150,4.161109447479248,0.05,-3.6576788425445557,,
58200,10.606413841247559,0.05,-4.06172513961792,,
58250,4.470128059387207,0.05,-3.138186454772949,,
58300,0.5682389736175537,0.05,-2.8992042541503906,,
58350,5.364473819732666,0.05,-2.8763740062713623,,
58400,5.723056316375732,0.05,-2.9148523807525635,,
58450,5.312590599060059,0.05,-2.2895100116729736,,
58500,2.672971725463867,0.05,-3.2342941761016846,,
58550,6.742403507232666,0.05,-3.8290205001831055,,
58600,5.4697699546813965,0.05,-4.196692943572998,,
58650,5.960134029388428,0.05,-3.647308588027954,,
58700,4.686875343322754,0.05,-3.3064630031585693,,
58750,2.446960687637329,0.05,-3.0577564239501953,,
58800,9.554330825805664,0.05,-4.566646099090576,,
58850,0.6220394372940063,0.05,-3.3163630962371826,,
58900,1.6168493032455444,0.05,-4.178414344787598,,
58950,0.8311247229576111,0.05,-3.3505725860595703,,
59000,0.982160747051239,0.05,-4.016262054443359,,
59050,7.930160999298096,0.05,-4.267543315887451,,
59100,0.844970703125,0.05,-3.6680500507354736,,
59150,5.447070598602295,0.05,-3.35155987739563,,
59200,4.182699203491211,0.05,-3.8129987716674805,,
59250,5.407963275909424,0.05,-2.8615753650665283,,
59300,1.898767113685608,0.05,-4.43438196182251,,
59350,0.5307264924049377,0.05,-3.3066844940185547,,
59400,5.102440357208252,0.05,-3.568289041519165,,
59450,2.4100234508514404,0.05,-3.8451168537139893,,
59500,4.108423233032227,0.05,-2.6543781757354736,,
59550,1.781110167503357,0.05,-3.8774354457855225,,
59600,5.8606743812561035,0.05,-3.9707279205322266,,
59650,0.22382207214832306,0.05,-2.8987338542938232,,
59700,3.4908664226531982,0.05,-3.4950218200683594,,
59750,5.172601699829102,0.05,-3.412766218185425,,
59800,10.12772274017334,0.05,-4.032813549041748,,
59850,4.47568941116333,0.05,-3.158252477645874,,
59900,5.961575031280518,0.05,-3.826279640197754,,
59950,5.776792526245117,0.05,-3.5099048614501953,,
60000,3.640275001525879,0.05,-3.9868037700653076,,
60050,5.915287017822266,0.05,-3.5228655338287354,,
60100,0.8819057941436768,0.05,-4.291225910186768,,
60150,12.324226379394531,0.05,-4.10742712020874,,
60200,1.0804497003555298,0.05,-4.4301629066467285,,
60250,7.9035210609436035,0.05,-4.146949768066406,,
60300,1.5496658086776733,0.05,-5.1413493156433105,,
60350,6.110504627227783,0.05,-4.58950662612915,,
60400,2.123664617538452,0.05,-4.932623386383057,,
60450,0.43409350514411926,0.05,-4.36182975769043,,
60500,3.930190324783325,0.05,-3.5450665950775146,,
60550,3.215733289718628,0.05,-4.039829730987549,,
60600,5.362003803253174,0.05,-3.33777117729187,,
60650,0.8872365951538086,0.05,-4.241137981414795,,
60700,3.095367431640625,0.05,-3.073776960372925,,
60750,1.4593983888626099,0.05,-3.605377197265625,,
60800,1.2289234399795532,0.05,-2.753655433654785,,
60850,5.0926032066345215,0.05,-4.066375732421875,,
60900,5.642440319061279,0.05,-3.9073009490966797,,
60950,1.0297186374664307,0.05,-5.290846824645996,,
61000,6.765872478485107,0.05,-4.571428298950195,,
61050,5.604907512664795,0.05,-4.568099021911621,,
61100,9.478189468383789,0.05,-3.0814571380615234,,
61150,3.8989076614379883,0.05,-3.3838226795196533,,
61200,8.013842582702637,0.05,-4.291088581085205,,
61250,3.8510425090789795,0.05,-4.583627223968506,,
61300,5.535828113555908,0.05,-4.028491973876953,,
61350,2.4492204189300537,0.05,-3.309918165206909,,
61400,10.42437744140625,0.05,-4.543702602386475,,
61450,0.5621786713600159,0.05,-2.873239755630493,,
61500,0.5050202012062073,0.05,-3.284168004989624,,
61550,0.5214490294456482,0.05,-3.6609926223754883,,
61600,11.398689270019531,0.05,-4.194615840911865,,
61650,4.8498454093933105,0.05,-6.014041900634766,,
61700,1.8425660133361816,0.05,-3.574098825454712,,
61750,0.5172855854034424,0.05,-4.115121364593506,,
61800,0.6639862656593323,0.05,-3.838062286376953,,
61850,5.438669204711914,0.05,-3.0887489318847656,,
61900,16.93975067138672,0.05,-4.9237847328186035,,
61950,11.672874450683594,0.05,-5.113272190093994,,
62000,3.1930172443389893,0.05,-3.0939652919769287,,
62050,1.5624281167984009,0.05,-4.490171432495117,,
62100,3.721155881881714,0.05,-4.218294620513916,,
62150,9.476280212402344,0.05,-4.022021293640137,,
62200,4.190847396850586,0.05,-3.415072202682495,,
62250,1.3228343725204468,0.05,-4.7114105224609375,,
62300,0.707850456237793,0.05,-2.9612362384796143,,
62350,5.572452545166016,0.05,-3.5822274684906006,,
62400,1.087986707687378,0.05,-4.4587860107421875,,
62450,6.744197368621826,0.05,-3.391385316848755,,
62500,1.1991082429885864,0.05,-3.612701416015625,,
62550,8.681764602661133,0.05,-4.650956630706787,,
62600,5.869287490844727,0.05,-3.5550270080566406,,
62650,5.299014568328857,0.05,-4.056877613067627,,
62700,1.3103750944137573,0.05,-5.650371074676514,,
62750,3.7386763095855713,0.05,-3.027958631515503,,
62800,2.1997063159942627,0.05,-2.924727201461792,,
62850,0.32040706276893616,0.05,-2.086209535598755,,
62900,0.5838424563407898,0.05,-3.0871753692626953,,
62950,6.514459609985352,0.05,-4.5694661140441895,,
63000,1.288852572441101,0.05,-4.322570323944092,,
63050,5.641543865203857,0.05,-3.389817237854004,,
63100,10.33981990814209,0.05,-2.7321617603302,,
63150,3.2433900833129883,0.05,-2.7598273754119873,,
63200,2.5288610458374023,0.05,-3.796128273010254,,
63250,2.3351192474365234,0.05,-3.4229581356048584,,
63300,1.6957921981811523,0.05,-3.9782707691192627,,
63350,8.652376174926758,0.05,-3.70745587348938,,
63400,1.6706031560897827,0.05,-3.3149025440216064,,
63450,0.45285797119140625,0.05,-4.197763919830322,,
63500,2.4960854053497314,0.05,-3.082529306411743,,
63550,12.562893867492676,0.05,-4.935813903808594,,
63600,3.7677643299102783,0.05,-3.77459454536438,,
63650,16.711265563964844,0.05,-4.23681640625,,
63700,4.330410480499268,0.05,-4.330080509185791,,
63750,1.3819960355758667,0.05,-5.360755443572998,,
63800,7.934318542480469,0.05,-4.268382549285889,,
63850,18.7963924407959,0.05,-3.913177728652954,,
63900,5.839735507965088,0.05,-4.90198278427124,,
63950,13.80640697479248,0.05,-5.194648265838623,,
64000,3.4184844493865967,0.05,-5.024051189422607,,
64050,1.1820114850997925,0.05,-4.250123023986816,,
64100,4.50024938583374,0.05,-4.1946563720703125,,
64150,6.716793060302734,0.05,-5.249804973602295,,
64200,1.397903561592102,0.05,-3.539546012878418,,
64250,3.345292091369629,0.05,-3.744626045227051,,
64300,2.362442970275879,0.05,-2.9484710693359375,,
64350,1.5973258018493652,0.05,-4.877142429351807,,
64400,2.604612350463867,0.05,-2.9148807525634766,,
64450,1.0697972774505615,0.05,-3.7342727184295654,,
64500,0.2690131366252899,0.05,-3.3745291233062744,,
64550,0.9199061989784241,0.05,-3.648366928100586,,
64600,7.366611003875732,0.05,-5.411285877227783,,
64650,2.749429702758789,0.05,-3.344187021255493,,
64700,8.293559074401855,0.05,-4.612701416015625,,
64750,6.182561874389648,0.05,-3.5817673206329346,,
64800,5.522632122039795,0.05,-3.220810651779175,,
64850,1.6197290420532227,0.05,-3.5052289962768555,,
64900,0.6306837797164917,0.05,-4.1044230461120605,,
64950,3.4923689365386963,0.05,-4.828614234924316,,
65000,9.181461334228516,0.05,-3.7433643341064453,,
65050,3.342799186706543,0.05,-3.060429334640503,,
65100,9.821562767028809,0.05,-3.630890130996704,,
65150,0.933617889881134,0.05,-4.291980266571045,,
65200,3.2700939178466797,0.05,-3.2464263439178467,,
65250,0.3232993185520172,0.05,-3.307394027709961,,
65300,9.114470481872559,0.05,-4.448812961578369,,
65350,1.0170847177505493,0.05,-3.817593574523926,,
65400,3.948272466659546,0.05,-3.7589404582977295,,
65450,1.0774930715560913,0.05,-3.523975133895874,,
65500,6.842220306396484,0.05,-3.938127279281616,,
65550,6.566884517669678,0.05,-4.630189418792725,,
65600,2.731948137283325,0.05,-3.6421058177948,,
65650,4.7282328605651855,0.05,-4.150960922241211,,
65700,3.5077731609344482,0.05,-3.3070828914642334,,
65750,0.3213808536529541,0.05,-3.9577159881591797,,
65800,0.36446332931518555,0.05,-4.708327770233154,,
65850,4.047414302825928,0.05,-3.5042970180511475,,
65900,1.4133509397506714,0.05,-2.5782549381256104,,
65950,7.01669454574585,0.05,-3.814300298690796,,
66000,14.484882354736328,0.05,-4.725988864898682,,
66050,2.3945834636688232,0.05,-3.43912672996521,,
66100,4.091563701629639,0.05,-3.7997608184814453,,
66150,6.0850372314453125,0.05,-4.256618976593018,,
66200,0.4455068111419678,0.05,-4.222072124481201,,
66250,8.222533226013184,0.05,-3.034330368041992,,
66300,11.74306583404541,0.05,-5.490816116333008,,
66350,4.4704108238220215,0.05,-5.01409387588501,,
66400,4.818935394287109,0.05,-4.102192401885986,,
66450,3.556986093521118,0.05,-4.149982452392578,,
66500,5.400021076202393,0.05,-5.463720798492432,,
66550,3.4342591762542725,0.05,-4.701616287231445,,
66600,1.8484779596328735,0.05,-6.674264907836914,,
66650,1.8436800241470337,0.05,-3.626002073287964,,
66700,0.7984382510185242,0.05,-4.027805805206299,,
66750,7.204110622406006,0.05,-4.872567653656006,,
66800,7.243802547454834,0.05,-3.6776363849639893,,
66850,15.171985626220703,0.05,-5.369680404663086,,
66900,2.7046728134155273,0.05,-3.4858286380767822,,
66950,3.383751153945923,0.05,-4.4381818771362305,,
67000,10.819565773010254,0.05,-3.574084997177124,,
67050,0.47330331802368164,0.05,-3.816840887069702,,
67100,4.24664831161499,0.05,-3.983361005783081,,
67150,7.785341739654541,0.05,-2.835193634033203,,
67200,5.387486934661865,0.05,-5.022471904754639,,
67250,3.8293962478637695,0.05,-4.966065406799316,,
67300,1.1327433586120605,0.05,-3.7948310375213623,,
67350,5.399719715118408,0.05,-4.495894908905029,,
67400,4.351953983306885,0.05,-3.544872283935547,,
67450,17.259138107299805,0.05,-5.902353763580322,,
67500,3.74916672706604,0.05,-2.6159727573394775,,
67550,9.560643196105957,0.05,-5.064665794372559,,
67600,15.21008014678955,0.05,-4.349248886108398,,
67650,17.49833106994629,0.05,-5.002954959869385,,
67700,5.296875476837158,0.05,-4.5416178703308105,,
67750,6.195614337921143,0.05,-4.79806661605835,,
67800,6.227937698364258,0.05,-5.080439567565918,,
67850,4.14295768737793,0.05,-3.3302881717681885,,
67900,3.4486114978790283,0.05,-4.671100616455078,,
67950,0.6591708064079285,0.05,-3.3115737438201904,,
68000,7.817598342895508,0.05,-4.834333896636963,,
68050,5.643861770629883,0.05,-3.8821284770965576,,
68100,7.77740478515625,0.05,-4.602014541625977,,
68150,4.552577495574951,0.05,-2.706589460372925,,
68200,10.22805118560791,0.05,-3.7581112384796143,,
68250,12.530421257019043,0.05,-3.9268739223480225,,
68300,1.5336252450942993,0.05,-4.909198760986328,,
68350,2.1090667247772217,0.05,-3.838979721069336,,
68400,3.0652105808258057,0.05,-4.280547618865967,,
68450,5.860270977020264,0.05,-3.0568654537200928,,
68500,7.234968185424805,0.05,-4.914679050445557,,
68550,9.416535377502441,0.05,-4.426229000091553,,
68600,4.338324069976807,0.05,-3.9508159160614014,,
68650,7.017096042633057,0.05,-4.823034763336182,,
68700,2.850874662399292,0.05,-2.8467979431152344,,
68750,14.08016586303711,0.05,-4.352530002593994,,
68800,17.784351348876953,0.05,-4.247429847717285,,
68850,7.916637897491455,0.05,-3.6504602432250977,,
68900,0.34035706520080566,0.05,-3.383716344833374,,
68950,1.976617693901062,0.05,-4.446417808532715,,
69000,5.825222492218018,0.05,-3.296308755874634,,
69050,9.211000442504883,0.05,-4.158048152923584,,
69100,0.31150946021080017,0.05,-1.789921760559082,,
69150,14.6095552444458,0.05,-6.097372055053711,,
69200,0.938178539276123,0.05,-3.968048095703125,,
69250,17.645368576049805,0.05,-4.417448043823242,,
69300,13.41976261138916,0.05,-4.427045822143555,,
69350,2.747556447982788,0.05,-4.793629169464111,,
69400,1.5179003477096558,0.05,-3.5582940578460693,,
69450,0.8672006130218506,0.05,-3.700190782546997,,
69500,1.6299018859863281,0.05,-4.2811055183410645,,
69550,12.04929256439209,0.05,-3.213510513305664,,
69600,6.0241546630859375,0.05,-2.9260976314544678,,
69650,6.386176586151123,0.05,-4.722456455230713,,
69700,0.6602338552474976,0.05,-3.5974209308624268,,
69750,13.551349639892578,0.05,-3.809263229370117,,
69800,4.512814044952393,0.05,-4.255683422088623,,
69850,11.234554290771484,0.05,-4.8759989738464355,,
69900,11.707015991210938,0.05,-4.4780073165893555,,
69950,1.5442428588867188,0.05,-3.997627019882202,,
70000,1.7373571395874023,0.05,-3.451338052749634,,
70050,0.2370021492242813,0.05,-3.2697913646698,,
70100,6.568845272064209,0.05,-5.129547595977783,,
70150,1.0280872583389282,0.05,-3.532092809677124,,
70200,1.1508293151855469,0.05,-3.9059717655181885,,
70250,6.067263126373291,0.05,-3.761139154434204,,
70300,8.485709190368652,0.05,-4.495671272277832,,
70350,2.0671017169952393,0.05,-2.773339033126831,,
70400,4.565174579620361,0.05,-4.221598148345947,,
70450,7.181032657623291,0.05,-4.319572925567627,,
70500,0.8710277676582336,0.05,-3.8209612369537354,,
70550,11.823958396911621,0.05,-4.575517654418945,,
70600,0.31711310148239136,0.05,-3.3879029750823975,,
70650,10.026978492736816,0.05,-4.66920280456543,,
70700,8.964032173156738,0.05,-4.062160968780518,,
70750,6.382534027099609,0.05,-3.840965986251831,,
70800,0.6584466695785522,0.05,-4.010876178741455,,
70850,0.20608389377593994,0.05,-3.2929134368896484,,
70900,0.5592426657676697,0.05,-3.345747232437134,,
70950,11.529060363769531,0.05,-4.463974475860596,,
71000,3.480130434036255,0.05,-4.152014255523682,,
71050,1.4015949964523315,0.05,-4.367480754852295,,
71100,5.893049240112305,0.05,-4.049729824066162,,
71150,0.3637962341308594,0.05,-2.7174837589263916,,
71200,7.566875457763672,0.05,-3.124617338180542,,
71250,8.314807891845703,0.05,-4.1937689781188965,,
71300,10.117274284362793,0.05,-4.8265156745910645,,
71350,0.5587758421897888,0.05,-4.317615985870361,,
71400,12.385921478271484,0.05,-4.176515102386475,,
71450,3.411954641342163,0.05,-2.9409191608428955,,
71500,3.236787796020508,0.05,-3.8476619720458984,,
71550,0.6962370872497559,0.05,-3.4357879161834717,,
71600,5.503456115722656,0.05,-4.535322666168213,,
71650,0.24672716856002808,0.05,-3.7777369022369385,,
71700,0.17308402061462402,0.05,-3.0445635318756104,,
71750,3.59269118309021,0.05,-4.282016277313232,,
71800,4.103517055511475,0.05,-3.8517637252807617,,
71850,1.4029721021652222,0.05,-4.744484901428223,,
71900,12.951416015625,0.05,-3.334911584854126,,
71950,10.555192947387695,0.05,-4.041767597198486,,
72000,2.6363027095794678,0.05,-3.323345184326172,,
72050,5.845749378204346,0.05,-4.490437984466553,,
72100,2.2287073135375977,0.05,-3.016167402267456,,
72150,0.6997146606445312,0.05,-4.511886119842529,,
72200,9.299795150756836,0.05,-3.073120355606079,,
72250,0.8151761889457703,0.05,-4.0282416343688965,,
72300,10.6185941696167,0.05,-2.657654047012329,,
72350,0.2612862288951874,0.05,-4.410634517669678,,
72400,2.236743927001953,0.05,-3.384056329727173,,
72450,0.8450828194618225,0.05,-3.9798529148101807,,
72500,5.86137056350708,0.05,-2.5814621448516846,,
72550,4.448855876922607,0.05,-5.6587300300598145,,
72600,0.4656575620174408,0.05,-2.8364648818969727,,
72650,11.127726554870605,0.05,-4.717787265777588,,
72700,1.2810543775558472,0.05,-4.440104007720947,,
72750,8.685884475708008,0.05,-5.048681735992432,,
72800,3.924004316329956,0.05,-5.313653469085693,,
72850,14.8607816696167,0.05,-5.641284942626953,,
72900,4.0108323097229,0.05,-3.019428014755249,,
72950,2.2134997844696045,0.05,-3.113612174987793,,
73000,6.593873977661133,0.05,-4.411080360412598,,
73050,3.46405291557312,0.05,-2.9724690914154053,,
73100,1.013888955116272,0.05,-3.7454216480255127,,
73150,0.3647490441799164,0.05,-3.039728879928589,,
73200,5.321985244750977,0.05,-2.952768087387085,,
73250,10.29560661315918,0.05,-3.4725849628448486,,
73300,6.29230260848999,0.05,-4.696657180786133,,
73350,2.317681312561035,0.05,-4.524987697601318,,
73400,3.252485990524292,0.05,-5.513644695281982,,
73450,8.978084564208984,0.05,-4.283606052398682,,
73500,3.6131296157836914,0.05,-5.166112899780273,,
73550,4.684595584869385,0.05,-4.219145774841309,,
73600,5.835731506347656,0.05,-3.7236268520355225,,
73650,5.743462085723877,0.05,-4.541367053985596,,
73700,1.32571542263031,0.05,-3.1012537479400635,,
73750,0.8867647647857666,0.05,-3.3326778411865234,,
73800,11.245647430419922,0.05,-5.495129108428955,,
73850,3.9184017181396484,0.05,-3.883676528930664,,
73900,0.5457863211631775,0.05,-5.023451328277588,,
73950,1.7188903093338013,0.05,-4.34566068649292,,
74000,0.5301553606987,0.05,-3.6199464797973633,,
74050,4.69900369644165,0.05,-3.9973700046539307,,
74100,5.332478046417236,0.05,-2.8791167736053467,,
74150,0.8527504801750183,0.05,-3.4566686153411865,,
74200,3.0889065265655518,0.05,-3.816128969192505,,
74250,8.666167259216309,0.05,-4.811404228210449,,
74300,3.7236645221710205,0.05,-4.486993789672852,,
74350,9.718985557556152,0.05,-3.485119104385376,,
74400,6.679276943206787,0.05,-3.622528314590454,,
74450,0.8299112915992737,0.05,-4.227676868438721,,
74500,6.461240768432617,0.05,-3.7925708293914795,,
74550,0.6947019100189209,0.05,-2.745542287826538,,
74600,3.679224729537964,0.05,-4.080254077911377,,
74650,0.7721889019012451,0.05,-3.499086380004883,,
74700,8.820954322814941,0.05,-4.909112453460693,,
74750,1.5065836906433105,0.05,-4.992910861968994,,
74800,3.582545518875122,0.05,-5.136442184448242,,
74850,0.5983009338378906,0.05,-4.2299723625183105,,
74900,0.6419673562049866,0.05,-4.107698917388916,,
74950,11.734455108642578,0.05,-4.499311447143555,,
75000,4.621095180511475,0.05,-4.170384407043457,-0.9064804404686592,28.799999999999997
75050,1.5000547170639038,0.05,-4.8475494384765625,,
75100,1.4624935388565063,0.05,-4.084689617156982,,
75150,6.594489574432373,0.05,-3.879831075668335,,
75200,0.27539026737213135,0.05,-3.3850018978118896,,
75250,7.163335800170898,0.05,-3.774736166000366,,
75300,5.894613265991211,0.05,-4.099640369415283,,
75350,10.527061462402344,0.05,-4.601553440093994,,
75400,0.3993978798389435,0.05,-3.949739456176758,,
75450,0.2587670385837555,0.05,-3.916124105453491,,
75500,6.335414409637451,0.05,-5.433267116546631,,
75550,5.359487533569336,0.05,-3.024052858352661,,
75600,4.503269672393799,0.05,-3.933974266052246,,
75650,4.247086524963379,0.05,-3.143331289291382,,
75700,0.33276882767677307,0.05,-4.102834701538086,,
75750,4.063889026641846,0.05,-5.189671993255615,,
75800,2.126260280609131,0.05,-3.8004982471466064,,
75850,0.9227815270423889,0.05,-3.4213407039642334,,
75900,0.38060882687568665,0.05,-2.865570068359375,,
75950,3.357900857925415,0.05,-2.995004892349243,,
76000,4.5026631355285645,0.05,-5.135810375213623,,
76050,3.6039493083953857,0.05,-4.572241306304932,,
76100,2.165684461593628,0.05,-4.881415843963623,,
76150,0.14437001943588257,0.05,-2.1919939517974854,,
76200,4.04365348815918,0.05,-3.4498746395111084,,
76250,3.966813087463379,0.05,-2.9522812366485596,,
76300,1.7804608345031738,0.05,-5.265103816986084,,
76350,4.1166605949401855,0.05,-3.6928155422210693,,
76400,3.4557573795318604,0.05,-5.123193740844727,,
76450,1.440874695777893,0.05,-2.7327489852905273,,
76500,4.70481538772583,0.05,-3.9717330932617188,,
76550,1.3693312406539917,0.05,-4.260096073150635,,
76600,8.546956062316895,0.05,-3.7078323364257812,,
76650,3.65236496925354,0.05,-4.082549571990967,,
76700,5.354772567749023,0.05,-3.8534677028656006,,
76750,3.9640982151031494,0.05,-4.89701509475708,,
76800,4.962283611297607,0.05,-3.354311943054199,,
76850,10.12297534942627,0.05,-3.9393398761749268,,
76900,11.430912971496582,0.05,-5.4492011070251465,,
76950,8.294656753540039,0.05,-4.095442771911621,,
77000,1.8327503204345703,0.05,-4.200907230377197,,
77050,7.489935398101807,0.05,-4.646636486053467,,
77100,0.619884192943573,0.05,-3.939385175704956,,
77150,8.125515937805176,0.05,-3.8116872310638428,,
77200,0.6143769025802612,0.05,-4.5977559089660645,,
77250,0.3586021959781647,0.05,-3.4670143127441406,,
77300,10.2827787399292,0.05,-3.8976383209228516,,
77350,0.2620040476322174,0.05,-3.7888853549957275,,
77400,3.653285264968872,0.05,-3.180528402328491,,
77450,4.300295829772949,0.05,-3.9850194454193115,,
77500,3.553588628768921,0.05,-3.568469285964966,,
77550,15.736342430114746,0.05,-4.076191425323486,,
77600,9.918631553649902,0.05,-4.735630989074707,,
77650,4.811811923980713,0.05,-4.226535320281982,,
77700,13.267451286315918,0.05,-4.551957607269287,,
77750,1.2075423002243042,0.05,-3.459954261779785,,
77800,5.475490570068359,0.05,-4.168019771575928,,
77850,2.575810194015503,0.05,-3.07143235206604,,
77900,5.380323886871338,0.05,-5.180299758911133,,
77950,0.49817124009132385,0.05,-3.5695712566375732,,
78000,7.170658588409424,0.05,-6.035854816436768,,
78050,9.966843605041504,0.05,-3.4947173595428467,,
78100,4.756002902984619,0.05,-4.317575931549072,,
78150,4.640954971313477,0.05,-3.3919410705566406,,
78200,3.8156042098999023,0.05,-3.3193886280059814,,
78250,7.327319622039795,0.05,-3.8126680850982666,,
78300,13.424555778503418,0.05,-3.5488979816436768,,
78350,9.900389671325684,0.05,-4.376239776611328,,
78400,5.563840389251709,0.05,-2.75789737701416,,
78450,1.1836459636688232,0.05,-3.086745023727417,,
78500,6.54442834854126,0.05,-2.8865740299224854,,
78550,19.7515811920166,0.05,-6.1467156410217285,,
78600,4.423830032348633,0.05,-4.61903715133667,,
78650,3.6872100830078125,0.05,-4.556119918823242,,
78700,15.876869201660156,0.05,-5.018270492553711,,
78750,2.213557481765747,0.05,-4.907841205596924,,
78800,9.10513973236084,0.05,-4.695291996002197,,
78850,0.16660715639591217,0.05,-3.369480848312378,,
78900,18.301233291625977,0.05,-4.088380813598633,,
78950,9.035995483398438,0.05,-2.9792492389678955,,
79000,2.046539068222046,0.05,-3.4130373001098633,,
79050,4.423967361450195,0.05,-3.427732467651367,,
79100,1.0321134328842163,0.05,-4.036825656890869,,
79150,0.728117048740387,0.05,-3.567080497741699,,
79200,19.219970703125,0.05,-5.125509738922119,,
79250,1.4495115280151367,0.05,-3.7347710132598877,,
79300,11.412601470947266,0.05,-3.8378965854644775,,
79350,4.8284687995910645,0.05,-3.554274797439575,,
79400,19.028181076049805,0.05,-4.703385829925537,,
79450,5.8968729972839355,0.05,-3.5051610469818115,,
79500,0.6706739068031311,0.05,-2.3299977779388428,,
79550,0.8515415191650391,0.05,-3.7838268280029297,,
79600,14.18253231048584,0.05,-3.5270116329193115,,
79650,5.100313663482666,0.05,-3.8661510944366455,,
79700,0.42664602398872375,0.05,-2.917750597000122,,
79750,2.769590139389038,0.05,-4.107944488525391,,
79800,3.8751285076141357,0.05,-3.272064447402954,,
79850,1.7802308797836304,0.05,-3.9011547565460205,,
79900,4.984271049499512,0.05,-4.523086071014404,,
79950,5.170825004577637,0.05,-3.2421457767486572,,
80000,3.987107276916504,0.05,-4.131496906280518,,
80050,8.518104553222656,0.05,-4.679248809814453,,
80100,3.01352858543396,0.05,-3.890099287033081,,
80150,9.213497161865234,0.05,-4.398486614227295,,
80200,6.360997676849365,0.05,-2.6220459938049316,,
80250,6.2598042488098145,0.05,-2.8650872707366943,,
80300,6.865708827972412,0.05,-4.200991153717041,,
80350,9.026631355285645,0.05,-4.632839679718018,,
80400,18.525245666503906,0.05,-3.718815565109253,,
80450,1.2191658020019531,0.05,-4.029651165008545,,
80500,7.979480743408203,0.05,-4.010148525238037,,
80550,3.5840396881103516,0.05,-4.293548107147217,,
80600,5.971586227416992,0.05,-2.376633882522583,,
80650,2.780548095703125,0.05,-5.128695964813232,,
80700,6.8961968421936035,0.05,-3.8582570552825928,,
80750,0.3308776617050171,0.05,-2.6948082447052,,
80800,0.5964059233665466,0.05,-3.729166030883789,,
80850,8.344449043273926,0.05,-4.171115398406982,,
80900,5.9186320304870605,0.05,-3.543471336364746,,
80950,1.1998060941696167,0.05,-5.218045711517334,,
81000,12.711647033691406,0.05,-5.3444085121154785,,
81050,7.567984104156494,0.05,-4.026097774505615,,
81100,2.7317655086517334,0.05,-3.504460573196411,,
81150,2.962860107421875,0.05,-4.089470386505127,,
81200,5.748918056488037,0.05,-3.859866142272949,,
81250,8.821463584899902,0.05,-4.559875965118408,,
81300,4.743489742279053,0.05,-2.6537561416625977,,
81350,25.446836471557617,0.05,-6.081981182098389,,
81400,6.5071258544921875,0.05,-3.796243667602539,,
81450,2.5912840366363525,0.05,-3.8882694244384766,,
81500,5.667595386505127,0.05,-4.919172763824463,,
81550,5.296417713165283,0.05,-4.0164265632629395,,
81600,3.922797918319702,0.05,-4.331948757171631,,
81650,18.851369857788086,0.05,-4.446412563323975,,
81700,16.484821319580078,0.05,-4.930965900421143,,
81750,17.327375411987305,0.05,-3.9225645065307617,,
81800,22.292449951171875,0.05,-5.093066692352295,,
81850,1.5615204572677612,0.05,-5.530649662017822,,
81900,22.604463577270508,0.05,-5.407121181488037,,
81950,1.4870370626449585,0.05,-3.803135633468628,,
82000,10.219515800476074,0.05,-4.171366214752197,,
82050,10.133291244506836,0.05,-4.371804237365723,,
82100,6.970207214355469,0.05,-3.063387155532837,,
82150,11.200157165527344,0.05,-4.21856164932251,,
82200,7.749451160430908,0.05,-5.173693656921387,,
82250,11.283528327941895,0.05,-2.6579673290252686,,
82300,1.23306143283844,0.05,-4.595601558685303,,
82350,13.744919776916504,0.05,-3.8504388332366943,,
82400,6.918997287750244,0.05,-4.109700679779053,,
82450,11.29317855834961,0.05,-5.542155742645264,,
82500,17.194480895996094,0.05,-4.372656345367432,,
82550,7.3471527099609375,0.05,-2.647289991378784,,
82600,11.82852554321289,0.05,-4.391709804534912,,
82650,8.477109909057617,0.05,-4.630914211273193,,
82700,22.2864990234375,0.05,-4.680949687957764,,
82750,0.9912316203117371,0.05,-3.8464558124542236,,
82800,6.906016826629639,0.05,-4.232151508331299,,
82850,18.267648696899414,0.05,-5.078551769256592,,
82900,6.96002721786499,0.05,-3.5187370777130127,,
82950,1.7921391725540161,0.05,-3.380300521850586,,
83000,17.62615203857422,0.05,-3.9047701358795166,,
83050,1.9133691787719727,0.05,-3.662832498550415,,
83100,3.33616042137146,0.05,-4.995426654815674,,
83150,7.876052379608154,0.05,-5.3829169273376465,,
83200,19.681541442871094,0.05,-4.847212314605713,,
83250,7.0675482749938965,0.05,-3.531860113143921,,
83300,7.879264831542969,0.05,-3.0803511142730713,,
83350,8.0304536819458,0.05,-4.5087056159973145,,
83400,4.50752592086792,0.05,-3.1399433612823486,,
83450,11.02902889251709,0.05,-3.3424575328826904,,
83500,14.333290100097656,0.05,-3.362957715988159,,
83550,18.831756591796875,0.05,-3.9796390533447266,,
83600,0.6966763138771057,0.05,-2.431239366531372,,
83650,0.9851722121238708,0.05,-4.912845134735107,,
83700,8.118268013000488,0.05,-3.580822229385376,,
83750,3.130976438522339,0.05,-3.5797176361083984,,
83800,9.598514556884766,0.05,-3.4857513904571533,,
83850,0.8665578961372375,0.05,-3.435708999633789,,
83900,2.393512487411499,0.05,-3.118929624557495,,
83950,1.3530842065811157,0.05,-5.007064342498779,,
84000,0.17145483195781708,0.05,-2.3904075622558594,,
84050,0.4101233184337616,0.05,-3.028606414794922,,
84100,1.1710041761398315,0.05,-3.676038980484009,,
84150,5.053921222686768,0.05,-2.987332582473755,,
84200,22.604036331176758,0.05,-4.184804439544678,,
84250,9.25133228302002,0.05,-3.2124974727630615,,
84300,0.7337265014648438,0.05,-2.503283739089966,,
84350,0.6325394511222839,0.05,-3.801558256149292,,
84400,9.871153831481934,0.05,-4.277187824249268,,
84450,24.99680519104004,0.05,-5.311382293701172,,
84500,3.669947624206543,0.05,-3.032487154006958,,
84550,5.5940117835998535,0.05,-5.178958415985107,,
84600,7.9414896965026855,0.05,-3.1109917163848877,,
84650,2.1880109310150146,0.05,-4.433212757110596,,
84700,3.665264368057251,0.05,-3.4309492111206055,,
84750,3.501328706741333,0.05,-3.8221328258514404,,
84800,8.215605735778809,0.05,-4.128849983215332,,
84850,3.5423715114593506,0.05,-4.262466907501221,,
84900,2.6406476497650146,0.05,-2.166794538497925,,
84950,0.2471824735403061,0.05,-2.59781813621521,,
85000,2.6863439083099365,0.05,-2.818936586380005,,
85050,0.523586094379425,0.05,-2.2393500804901123,,
85100,3.4504811763763428,0.05,-3.774564743041992,,
85150,5.415717601776123,0.05,-3.3530185222625732,,
85200,9.433135986328125,0.05,-3.411402463912964,,
85250,0.9356873631477356,0.05,-3.5797243118286133,,
85300,0.19907207787036896,0.05,-3.480642318725586,,
85350,6.9505295753479,0.05,-2.1696338653564453,,
85400,9.133890151977539,0.05,-3.4899990558624268,,
85450,1.0337435007095337,0.05,-5.141730785369873,,
85500,1.3243248462677002,0.05,-4.86357307434082,,
85550,6.428980350494385,0.05,-5.905802249908447,,
85600,9.168572425842285,0.05,-3.4597015380859375,,
85650,0.41937029361724854,0.05,-2.8840062618255615,,
85700,10.216076850891113,0.05,-3.9548494815826416,,
85750,0.18522852659225464,0.05,-2.8083229064941406,,
85800,2.6935813426971436,0.05,-3.2041008472442627,,
85850,0.9115064740180969,0.05,-2.975419044494629,,
85900,10.093781471252441,0.05,-3.1287734508514404,,
85950,5.500051021575928,0.05,-4.1034159660339355,,
86000,9.652814865112305,0.05,-3.5425236225128174,,
86050,1.9307204484939575,0.05,-2.722397565841675,,
86100,2.798015832901001,0.05,-3.8633556365966797,,
86150,0.989821195602417,0.05,-3.2260425090789795,,
86200,7.736292362213135,0.05,-4.199741363525391,,
86250,8.111186027526855,0.05,-3.351318120956421,,
86300,0.8984478116035461,0.05,-3.474764823913574,,
86350,13.715712547302246,0.05,-4.152568817138672,,
86400,14.314595222473145,0.05,-3.596402406692505,,
86450,4.996024131774902,0.05,-3.2667477130889893,,
86500,9.205534934997559,0.05,-3.1574363708496094,,
86550,1.819818139076233,0.05,-3.7886810302734375,,
86600,0.7758499979972839,0.05,-4.304117202758789,,
86650,4.1900129318237305,0.05,-3.080394983291626,,
86700,4.115968227386475,0.05,-3.722781181335449,,
86750,16.56764030456543,0.05,-4.8678975105285645,,
86800,3.396796226501465,0.05,-3.4633400440216064,,
86850,2.790123224258423,0.05,-3.8545799255371094,,
86900,5.361875057220459,0.05,-2.9370594024658203,,
86950,8.650248527526855,0.05,-3.4070684909820557,,
87000,1.1737251281738281,0.05,-2.9332656860351562,,
87050,0.7437005043029785,0.05,-3.219482421875,,
87100,4.379068374633789,0.05,-3.3563899993896484,,
87150,9.208895683288574,0.05,-5.241224765777588,,
87200,0.7390523552894592,0.05,-4.402306079864502,,
87250,16.514747619628906,0.05,-4.708982467651367,,
87300,9.234305381774902,0.05,-3.7864363193511963,,
87350,1.7887059450149536,0.05,-3.3534610271453857,,
87400,0.6046324372291565,0.05,-3.080268621444702,,
87450,7.604015827178955,0.05,-4.029881954193115,,
87500,3.2746493816375732,0.05,-3.1386401653289795,,
87550,5.9399027824401855,0.05,-3.8910915851593018,,
87600,7.193986415863037,0.05,-5.434715270996094,,
87650,14.812198638916016,0.05,-4.352077960968018,,
87700,6.945068359375,0.05,-2.2704293727874756,,
87750,6.520299434661865,0.05,-4.384731769561768,,
87800,12.684052467346191,0.05,-4.804858684539795,,
87850,6.619045734405518,0.05,-4.9811320304870605,,
87900,6.74965238571167,0.05,-4.815555095672607,,
87950,0.7033066749572754,0.05,-4.151081562042236,,
88000,2.6787922382354736,0.05,-3.953178644180298,,
88050,9.02571964263916,0.05,-3.716137170791626,,
88100,15.417838096618652,0.05,-4.215538501739502,,
88150,0.41891932487487793,0.05,-3.1791601181030273,,
88200,0.27356046438217163,0.05,-2.6448299884796143,,
88250,9.71032428741455,0.05,-3.6417863368988037,,
88300,5.541763782501221,0.05,-3.1051294803619385,,
88350,9.667210578918457,0.05,-3.7921295166015625,,
88400,11.305821418762207,0.05,-4.360148906707764,,
88450,1.0054653882980347,0.05,-4.5813469886779785,,
88500,4.449550151824951,0.05,-2.690664529800415,,
88550,5.123443126678467,0.05,-4.313249588012695,,
88600,6.927159786224365,0.05,-4.371617794036865,,
88650,5.3474955558776855,0.05,-3.4301986694335938,,
88700,11.227917671203613,0.05,-2.896453619003296,,
88750,14.089442253112793,0.05,-3.6490395069122314,,
88800,4.950587749481201,0.05,-4.062887668609619,,
88850,0.955549955368042,0.05,-4.243979454040527,,
88900,7.558429718017578,0.05,-3.951418876647949,,
88950,15.34280014038086,0.05,-4.120786190032959,,
89000,1.7993274927139282,0.05,-4.868793487548828,,
89050,0.22410662472248077,0.05,-2.9005072116851807,,
89100,3.674175500869751,0.05,-3.8516499996185303,,
89150,9.430815696716309,0.05,-4.7781805992126465,,
89200,3.3477354049682617,0.05,-3.569218397140503,,
89250,4.513223171234131,0.05,-3.6521217823028564,,
89300,0.5792347192764282,0.05,-5.771278381347656,,
89350,16.25467872619629,0.05,-4.9684929847717285,,
89400,8.154523849487305,0.05,-3.754034996032715,,
89450,8.871081352233887,0.05,-4.4499287605285645,,
89500,4.170549392700195,0.05,-3.6387033462524414,,
89550,15.061389923095703,0.05,-4.819179058074951,,
89600,9.638465881347656,0.05,-4.341858386993408,,
89650,2.9752979278564453,0.05,-3.767629623413086,,
89700,4.554835796356201,0.05,-3.0022480487823486,,
89750,6.105613708496094,0.05,-4.3029279708862305,,
89800,8.530810356140137,0.05,-3.782280683517456,,
89850,6.563360691070557,0.05,-3.614453077316284,,
89900,12.6958646774292,0.05,-4.167689800262451,,
89950,11.058342933654785,0.05,-3.9649360179901123,,
90000,12.89291763305664,0.05,-3.02083683013916,,
90050,2.540018320083618,0.05,-5.1148881912231445,,
90100,3.7004611492156982,0.05,-4.055960178375244,,
90150,1.1522847414016724,0.05,-3.774240493774414,,
90200,2.7494983673095703,0.05,-4.977936744689941,,
90250,0.4422978460788727,0.05,-4.201623439788818,,
90300,4.516088008880615,0.05,-3.9892632961273193,,
90350,11.227325439453125,0.05,-3.977447509765625,,
90400,2.9669458866119385,0.05,-3.481330633163452,,
90450,1.4581276178359985,0.05,-3.700277328491211,,
90500,2.5147368907928467,0.05,-4.4053635597229,,
90550,4.843429088592529,0.05,-4.478389263153076,,
90600,4.64085054397583,0.05,-2.783106803894043,,
90650,3.240831136703491,0.05,-3.6684815883636475,,
90700,10.5344820022583,0.05,-4.0063862800598145,,
90750,5.265037536621094,0.05,-3.471142530441284,,
90800,4.826601505279541,0.05,-4.254067897796631,,
90850,9.954972267150879,0.05,-3.6717355251312256,,
90900,12.133171081542969,0.05,-3.981067657470703,,
90950,6.740768909454346,0.05,-4.283736705780029,,
91000,6.138577938079834,0.05,-4.467833042144775,,
91050,0.3957243263721466,0.05,-3.957648515701294,,
91100,3.7551164627075195,0.05,-2.570706367492676,,
91150,6.741281509399414,0.05,-2.6636877059936523,,
91200,1.0044970512390137,0.05,-2.4646875858306885,,
91250,8.981306076049805,0.05,-5.877084255218506,,
91300,0.5488684177398682,0.05,-4.345147609710693,,
91350,8.513465881347656,0.05,-4.338128566741943,,
91400,3.730377197265625,0.05,-3.5974388122558594,,
91450,18.20357322692871,0.05,-4.738067150115967,,
91500,0.7267940640449524,0.05,-4.460023403167725,,
91550,3.5681324005126953,0.05,-3.8767518997192383,,
91600,8.630080223083496,0.05,-4.3882293701171875,,
91650,11.165116310119629,0.05,-4.659729480743408,,
91700,10.236809730529785,0.05,-5.040815353393555,,
91750,3.426828384399414,0.05,-3.4519498348236084,,
91800,1.2278637886047363,0.05,-4.325170993804932,,
91850,0.49450111389160156,0.05,-4.361970901489258,,
91900,5.448230743408203,0.05,-4.276124954223633,,
91950,1.8184986114501953,0.05,-5.391072750091553,,
92000,13.074137687683105,0.05,-5.1321702003479,,
92050,17.059385299682617,0.05,-4.3592305183410645,,
92100,3.0891449451446533,0.05,-4.667383670806885,,
92150,7.750883102416992,0.05,-3.983192205429077,,
92200,0.7038690447807312,0.05,-4.186481952667236,,
92250,6.9361491203308105,0.05,-2.378274917602539,,
92300,15.308501243591309,0.05,-3.3161323070526123,,
92350,1.7183737754821777,0.05,-4.7229323387146,,
92400,1.477895736694336,0.05,-4.1511030197143555,,
92450,2.0598418712615967,0.05,-3.3110649585723877,,
92500,2.317082643508911,0.05,-4.19084358215332,,
92550,19.350778579711914,0.05,-4.82044792175293,,
92600,1.5569161176681519,0.05,-3.1255369186401367,,
92650,7.379156589508057,0.05,-4.182674884796143,,
92700,5.306828022003174,0.05,-3.8339080810546875,,
92750,10.931952476501465,0.05,-5.04403829574585,,
92800,9.43061351776123,0.05,-3.176928758621216,,
92850,13.009310722351074,0.05,-3.1939809322357178,,
92900,1.700579047203064,0.05,-5.987996578216553,,
92950,9.307740211486816,0.05,-4.961491107940674,,
93000,3.6066553592681885,0.05,-4.804172039031982,,
93050,13.739996910095215,0.05,-4.718780040740967,,
93100,0.47610601782798767,0.05,-2.964008092880249,,
93150,0.4778672754764557,0.05,-3.836487054824829,,
93200,3.5668869018554688,0.05,-2.907358407974243,,
93250,3.6105194091796875,0.05,-4.1755690574646,,
93300,23.719932556152344,0.05,-5.096746921539307,,
93350,6.550594806671143,0.05,-3.630589246749878,,
93400,7.395715236663818,0.05,-4.591790676116943,,
93450,3.1061744689941406,0.05,-4.063223361968994,,
93500,7.969461441040039,0.05,-4.362768173217773,,
93550,0.3539704978466034,0.05,-3.875065565109253,,
93600,3.9998042583465576,0.05,-3.7560274600982666,,
93650,10.955757141113281,0.05,-5.373462677001953,,
93700,0.5878065228462219,0.05,-3.4770469665527344,,
93750,14.994856834411621,0.05,-5.254441738128662,,
93800,0.7457175254821777,0.05,-4.563517093658447,,
93850,7.625307559967041,0.05,-3.6375396251678467,,
93900,9.208783149719238,0.05,-5.325469493865967,,
93950,4.181175708770752,0.05,-3.4818317890167236,,
94000,6.486177921295166,0.05,-3.917872190475464,,
94050,1.3157265186309814,0.05,-4.560701847076416,,
94100,11.268128395080566,0.05,-4.594730854034424,,
94150,2.2424237728118896,0.05,-4.13384485244751,,
94200,3.4029245376586914,0.05,-5.463943004608154,,
94250,9.640862464904785,0.05,-3.7121763229370117,,
94300,2.0355923175811768,0.05,-3.232213258743286,,
94350,23.339914321899414,0.05,-4.483521938323975,,
94400,26.914535522460938,0.05,-5.7268853187561035,,
94450,3.75049090385437,0.05,-3.316194534301758,,
94500,4.454932689666748,0.05,-3.282987594604492,,
94550,12.387505531311035,0.05,-3.774271011352539,,
94600,8.0725679397583,0.05,-3.272942304611206,,
94650,16.138256072998047,0.05,-4.285383701324463,,
94700,5.074387073516846,0.05,-3.996900796890259,,
94750,1.4943418502807617,0.05,-4.478549480438232,,
94800,5.046006679534912,0.05,-4.655174732208252,,
94850,8.997546195983887,0.05,-5.492210388183594,,
94900,13.089637756347656,0.05,-5.663208484649658,,
94950,3.138317823410034,0.05,-4.496171474456787,,
95000,1.3929100036621094,0.05,-4.1192450523376465,,
95050,11.70101261138916,0.05,-4.074183940887451,,
95100,7.805284023284912,0.05,-4.331789493560791,,
95150,3.4800281524658203,0.05,-3.353501319885254,,
95200,8.590497016906738,0.05,-3.179227590560913,,
95250,17.589357376098633,0.05,-5.323683261871338,,
95300,4.7234787940979,0.05,-3.922494888305664,,
95350,17.984285354614258,0.05,-4.704037666320801,,
95400,2.2629401683807373,0.05,-4.111517429351807,,
95450,11.535750389099121,0.05,-4.447097301483154,,
95500,19.383058547973633,0.05,-4.525161266326904,,
95550,3.77306866645813,0.05,-2.64402174949646,,
95600,1.4220070838928223,0.05,-5.511929988861084,,
95650,7.634353160858154,0.05,-5.145847320556641,,
95700,6.4746832847595215,0.05,-4.318690776824951,,
95750,4.51617431640625,0.05,-3.7490408420562744,,
95800,9.660534858703613,0.05,-4.400444507598877,,
95850,35.730873107910156,0.05,-4.8550591468811035,,
95900,5.54530143737793,0.05,-4.482992649078369,,
95950,22.192398071289062,0.05,-5.597355365753174,,
96000,23.409921646118164,0.05,-7.464363098144531,,
96050,7.676988124847412,0.05,-3.3894827365875244,,
96100,0.6237562298774719,0.05,-3.550628662109375,,
96150,11.872315406799316,0.05,-5.532237529754639,,
96200,0.5528358817100525,0.05,-3.6945011615753174,,
96250,15.092860221862793,0.05,-4.749454975128174,,
96300,8.917624473571777,0.05,-4.403274059295654,,
96350,4.231302738189697,0.05,-4.3568501472473145,,
96400,15.856110572814941,0.05,-5.289260387420654,,
96450,23.907516479492188,0.05,-5.253713130950928,,
96500,2.071038246154785,0.05,-4.526699066162109,,
96550,11.085018157958984,0.05,-4.20874547958374,,
96600,12.549044609069824,0.05,-5.578754425048828,,
96650,4.028433322906494,0.05,-3.3117969036102295,,
96700,1.2363793849945068,0.05,-4.936142444610596,,
96750,7.678581237792969,0.05,-4.2563347816467285,,
96800,0.6017305254936218,0.05,-2.976005792617798,,
96850,4.766357421875,0.05,-5.847967624664307,,
96900,15.033905982971191,0.05,-5.348721981048584,,
96950,14.174983024597168,0.05,-4.9004387855529785,,
97000,6.261526107788086,0.05,-4.465533256530762,,
97050,4.744192600250244,0.05,-4.970114707946777,,
97100,6.11248779296875,0.05,-3.8802013397216797,,
97150,2.9605066776275635,0.05,-4.464241027832031,,
97200,12.985760688781738,0.05,-4.963145732879639,,
97250,12.369912147521973,0.05,-4.71781063079834,,
97300,1.2542792558670044,0.05,-4.425944805145264,,
97350,3.4697110652923584,0.05,-4.21449089050293,,
97400,3.4920079708099365,0.05,-4.631324291229248,,
97450,2.981816530227661,0.05,-3.2223265171051025,,
97500,4.766693115234375,0.05,-4.409535884857178,,
97550,7.492297649383545,0.05,-3.4848525524139404,,
97600,2.187701463699341,0.05,-3.62735652923584,,
97650,7.221857070922852,0.05,-4.34157657623291,,
97700,4.909855842590332,0.05,-4.62352991104126,,
97750,7.898098468780518,0.05,-4.375649929046631,,
97800,4.686131000518799,0.05,-4.797773838043213,,
97850,6.787421703338623,0.05,-5.770118713378906,,
97900,18.315359115600586,0.05,-5.0481390953063965,,
97950,0.7783696055412292,0.05,-4.296257495880127,,
98000,16.469703674316406,0.05,-3.5360844135284424,,
98050,5.780086517333984,0.05,-3.3021252155303955,,
98100,12.074615478515625,0.05,-4.132565021514893,,
98150,2.4054477214813232,0.05,-3.519702672958374,,
98200,0.3467329740524292,0.05,-4.074099063873291,,
98250,18.805343627929688,0.05,-5.910909175872803,,
98300,5.881968975067139,0.05,-3.400075912475586,,
98350,0.45521822571754456,0.05,-3.4657323360443115,,
98400,29.663986206054688,0.05,-5.325644016265869,,
98450,0.3411221504211426,0.05,-4.9437971115112305,,
98500,6.9379143714904785,0.05,-3.537607431411743,,
98550,34.52931594848633,0.05,-4.836448669433594,,
98600,0.8588366508483887,0.05,-4.249857425689697,,
98650,0.2835097014904022,0.05,-3.236875534057617,,
98700,11.280180931091309,0.05,-4.226205825805664,,
98750,0.6952416896820068,0.05,-4.432089328765869,,
98800,0.9278538823127747,0.05,-3.6876680850982666,,
98850,2.2403738498687744,0.05,-5.211734294891357,,
98900,5.666203022003174,0.05,-4.127696514129639,,
98950,26.967016220092773,0.05,-5.288928985595703,,
99000,10.984789848327637,0.05,-4.3597893714904785,,
99050,1.1646424531936646,0.05,-5.261260986328125,,
99100,3.540163040161133,0.05,-4.537754058837891,,
99150,22.243431091308594,0.05,-5.81884765625,,
99200,15.126009941101074,0.05,-3.560588836669922,,
99250,8.098987579345703,0.05,-3.2166812419891357,,
99300,8.258550643920898,0.05,-3.877875566482544,,
99350,5.496548175811768,0.05,-5.0034098625183105,,
99400,0.22900207340717316,0.05,-3.095531463623047,,
99450,0.4972369372844696,0.05,-3.6639339923858643,,
99500,26.228185653686523,0.05,-5.062614440917969,,
99550,6.5870842933654785,0.05,-3.927902936935425,,
99600,4.717599391937256,0.05,-3.289555788040161,,
99650,8.179100036621094,0.05,-5.3767242431640625,,
99700,13.182429313659668,0.05,-6.1439433097839355,,
99750,0.5429085493087769,0.05,-3.342395067214966,,
99800,1.8435968160629272,0.05,-3.919586181640625,,
99850,8.798815727233887,0.05,-4.196120738983154,,
99900,9.654654502868652,0.05,-4.319906234741211,,
99950,5.609010696411133,0.05,-4.2130656242370605,,
100000,7.2045464515686035,0.05,-4.661052227020264,-1.2638478139217846,41.6
100050,5.912292957305908,0.05,-4.459833145141602,,
100100,6.017599582672119,0.05,-4.170088291168213,,
100150,10.78408432006836,0.05,-4.7638373374938965,,
100200,6.046323299407959,0.05,-3.4780073165893555,,
100250,9.433194160461426,0.05,-3.38313889503479,,
100300,7.206532955169678,0.05,-4.790676116943359,,
100350,17.939319610595703,0.05,-4.551208972930908,,
100400,12.624626159667969,0.05,-4.545443534851074,,
100450,11.007903099060059,0.05,-5.067335605621338,,
100500,5.15277624130249,0.05,-4.4413981437683105,,
100550,13.510090827941895,0.05,-4.569149971008301,,
100600,0.7351437211036682,0.05,-3.3028104305267334,,
100650,2.4384615421295166,0.05,-4.659915447235107,,
100700,3.8237788677215576,0.05,-3.821059226989746,,
100750,8.42776870727539,0.05,-3.646831750869751,,
100800,5.116843223571777,0.05,-4.689715385437012,,
100850,2.416975736618042,0.05,-3.1403234004974365,,
100900,4.851311206817627,0.05,-3.6463401317596436,,
100950,5.179262638092041,0.05,-3.847296953201294,,
101000,1.2411993741989136,0.05,-4.163928508758545,,
101050,14.028813362121582,0.05,-4.205567836761475,,
101100,5.197115898132324,0.05,-4.216409206390381,,
101150,1.201391339302063,0.05,-4.2503533363342285,,
101200,3.9803965091705322,0.05,-4.46743106842041,,
101250,8.226275444030762,0.05,-3.960761308670044,,
101300,3.1950628757476807,0.05,-3.2796437740325928,,
101350,0.6835236549377441,0.05,-3.391906976699829,,
101400,0.9561994671821594,0.05,-3.2261970043182373,,
101450,5.646488666534424,0.05,-5.785058498382568,,
101500,22.83185386657715,0.05,-6.117580413818359,,
101550,1.2089420557022095,0.05,-3.9038403034210205,,
101600,22.65635871887207,0.05,-5.159943103790283,,
101650,10.945525169372559,0.05,-5.198791027069092,,
101700,2.1401946544647217,0.05,-5.34420919418335,,
101750,11.613326072692871,0.05,-5.43090295791626,,
101800,7.949657440185547,0.05,-3.852956771850586,,
101850,11.316807746887207,0.05,-4.178798198699951,,
101900,6.286645889282227,0.05,-4.407163619995117,,
101950,3.280766248703003,0.05,-3.2089366912841797,,
102000,11.21638011932373,0.05,-3.917571783065796,,
102050,15.466414451599121,0.05,-5.224603176116943,,
102100,12.127102851867676,0.05,-3.791133165359497,,
102150,11.565964698791504,0.05,-5.080349445343018,,
102200,1.4882535934448242,0.05,-5.731796741485596,,
102250,6.2930378913879395,0.05,-4.171708583831787,,
102300,0.7816906571388245,0.05,-3.732909917831421,,
102350,4.310712814331055,0.05,-3.2854795455932617,,
102400,3.47041916847229,0.05,-5.029031276702881,,
102450,11.832385063171387,0.05,-5.015328407287598,,
102500,3.0016822814941406,0.05,-2.8486244678497314,,
102550,0.39086151123046875,0.05,-3.957611083984375,,
102600,8.51647663116455,0.05,-4.244207382202148,,
102650,4.181446075439453,0.05,-4.025809288024902,,
102700,5.991754531860352,0.05,-3.6703803539276123,,
102750,8.965498924255371,0.05,-5.398341655731201,,
102800,0.5829355120658875,0.05,-3.832789659500122,,
102850,0.3855186700820923,0.05,-3.792731523513794,,
102900,10.32541275024414,0.05,-5.097007751464844,,
102950,0.7447075843811035,0.05,-3.4070253372192383,,
103000,5.227714538574219,0.05,-5.664309024810791,,
103050,9.85537338256836,0.05,-4.82004451751709,,
103100,7.8387837409973145,0.05,-4.661413192749023,,
103150,1.483740210533142,0.05,-5.563975811004639,,
103200,4.972050189971924,0.05,-3.7063865661621094,,
103250,5.134305953979492,0.05,-4.264682292938232,,
103300,3.102280855178833,0.05,-4.8313307762146,,
103350,9.555039405822754,0.05,-5.3823699951171875,,
103400,8.290212631225586,0.05,-3.3672702312469482,,
103450,1.204179286956787,0.05,-3.8979175090789795,,
103500,8.622734069824219,0.05,-4.11077880859375,,
103550,1.3724589347839355,0.05,-3.176576614379883,,
103600,6.055849552154541,0.05,-4.156456470489502,,
103650,6.821757793426514,0.05,-4.569034099578857,,
103700,0.36969780921936035,0.05,-3.178102731704712,,
103750,5.633377552032471,0.05,-4.245332717895508,,
103800,20.44914436340332,0.05,-4.9093475341796875,,
103850,2.4033687114715576,0.05,-3.161092519760132,,
103900,7.689110279083252,0.05,-3.488901376724243,,
103950,11.175178527832031,0.05,-4.047801971435547,,
104000,4.5523176193237305,0.05,-3.3095779418945312,,
104050,2.052541971206665,0.05,-4.302740573883057,,
104100,3.3830692768096924,0.05,-3.0035626888275146,,
104150,13.5355806350708,0.05,-4.394493103027344,,
104200,5.299216270446777,0.05,-3.513485908508301,,
104250,7.8231072425842285,0.05,-3.5580809116363525,,
104300,0.42343029379844666,0.05,-3.911574125289917,,
104350,1.2682642936706543,0.05,-3.152677297592163,,
104400,3.4893643856048584,0.05,-3.584191083908081,,
104450,0.40555664896965027,0.05,-3.6231296062469482,,
104500,5.73133659362793,0.05,-4.311304569244385,,
104550,2.161503791809082,0.05,-3.5979766845703125,,
104600,11.299389839172363,0.05,-4.945770740509033,,
104650,0.2233686000108719,0.05,-3.256108522415161,,
104700,6.6316962242126465,0.05,-4.074612140655518,,
104750,11.053763389587402,0.05,-4.571722984313965,,
104800,8.271586418151855,0.05,-3.3356456756591797,,
104850,5.928195476531982,0.05,-5.6419243812561035,,
104900,5.562960147857666,0.05,-4.010792255401611,,
104950,0.6103090047836304,0.05,-5.057678699493408,,
105000,7.3371710777282715,0.05,-4.489814281463623,,
105050,5.021691799163818,0.05,-4.499053478240967,,
105100,4.391005039215088,0.05,-3.5002498626708984,,
105150,4.734735012054443,0.05,-3.2325093746185303,,
105200,5.4852681159973145,0.05,-4.4720635414123535,,
105250,0.7288350462913513,0.05,-3.3328654766082764,,
105300,5.757976531982422,0.05,-4.628101825714111,,
105350,5.133652687072754,0.05,-5.0497355461120605,,
105400,1.6262649297714233,0.05,-4.7801127433776855,,
105450,4.60348653793335,0.05,-4.237290859222412,,
105500,3.8777358531951904,0.05,-4.234067916870117,,
105550,11.258013725280762,0.05,-4.4578857421875,,
105600,5.437197208404541,0.05,-4.934662342071533,,
105650,7.127503871917725,0.05,-4.560108184814453,,
105700,8.594159126281738,0.05,-4.221780776977539,,
105750,6.422163486480713,0.05,-5.151289463043213,,
105800,3.1850929260253906,0.05,-3.4021875858306885,,
105850,0.2453676462173462,0.05,-3.675832509994507,,
105900,4.35599946975708,0.05,-6.134113311767578,,
105950,5.344872951507568,0.05,-4.455168724060059,,
106000,0.28197285532951355,0.05,-4.488653659820557,,
106050,5.730167865753174,0.05,-3.8906853199005127,,
106100,3.7080113887786865,0.05,-4.788636684417725,,
106150,5.1675004959106445,0.05,-5.603461742401123,,
106200,6.996925354003906,0.05,-3.8192107677459717,,
106250,3.742452383041382,0.05,-4.787780284881592,,
106300,14.956001281738281,0.05,-4.417840480804443,,
106350,7.3967509269714355,0.05,-4.100146770477295,,
106400,11.027426719665527,0.05,-5.88852071762085,,
106450,11.227021217346191,0.05,-4.989771842956543,,
106500,17.00251579284668,0.05,-5.3933563232421875,,
106550,5.438546657562256,0.05,-5.130097389221191,,
106600,1.4282335042953491,0.05,-3.9699976444244385,,
106650,10.394087791442871,0.05,-5.240786075592041,,
106700,6.162695407867432,0.05,-5.544452667236328,,
106750,5.539842128753662,0.05,-4.057085990905762,,
106800,8.740889549255371,0.05,-3.85164475440979,,
106850,2.079275369644165,0.05,-3.588886022567749,,
106900,14.90201187133789,0.05,-3.392552614212036,,
106950,19.406816482543945,0.05,-5.882389545440674,,
107000,1.2332504987716675,0.05,-3.9712870121002197,,
107050,2.4591500759124756,0.05,-5.015659332275391,,
107100,0.5405647158622742,0.05,-3.811854600906372,,
107150,1.583248496055603,0.05,-4.9135565757751465,,
107200,6.770894527435303,0.05,-4.80362606048584,,
107250,10.780365943908691,0.05,-4.388442516326904,,
107300,16.70427894592285,0.05,-4.611987590789795,,
107350,8.763609886169434,0.05,-4.292199611663818,,
107400,0.6497041583061218,0.05,-4.022555828094482,,
107450,14.3194580078125,0.05,-5.23352575302124,,
107500,0.7663595080375671,0.05,-4.316029071807861,,
107550,2.1078975200653076,0.05,-3.8842220306396484,,
107600,12.894375801086426,0.05,-2.937953233718872,,
107650,9.773846626281738,0.05,-3.8057920932769775,,
107700,22.519723892211914,0.05,-5.442490100860596,,
107750,2.933150053024292,0.05,-4.449363708496094,,
107800,4.548649787902832,0.05,-4.990210056304932,,
107850,13.428807258605957,0.05,-4.841224193572998,,
107900,10.8966064453125,0.05,-4.184473514556885,,
107950,1.6983379125595093,0.05,-3.991654396057129,,
108000,16.95897674560547,0.05,-4.641695499420166,,
108050,0.7237632870674133,0.05,-4.980808734893799,,
108100,5.333492755889893,0.05,-3.3216207027435303,,
108150,10.185503005981445,0.05,-6.12190055847168,,
108200,4.889979362487793,0.05,-4.309744358062744,,
108250,6.556295394897461,0.05,-4.031355857849121,,
108300,15.902144432067871,0.05,-4.233689785003662,,
108350,15.584321022033691,0.05,-5.203027248382568,,
108400,20.36024284362793,0.05,-4.652388095855713,,
108450,9.700285911560059,0.05,-4.431376934051514,,
108500,2.7842342853546143,0.05,-5.316404342651367,,
108550,11.814188957214355,0.05,-4.852612495422363,,
108600,1.4793580770492554,0.05,-3.763744592666626,,
108650,1.4351181983947754,0.05,-3.4612932205200195,,
108700,7.776767253875732,0.05,-3.811086654663086,,
108750,9.312664985656738,0.05,-5.183229923248291,,
108800,5.13701868057251,0.05,-4.3241424560546875,,
108850,5.319796085357666,0.05,-3.5964019298553467,,
108900,7.727078914642334,0.05,-4.056115627288818,,
108950,0.6203084588050842,0.05,-3.3420259952545166,,
109000,11.366607666015625,0.05,-3.772211790084839,,
109050,4.948060512542725,0.05,-5.273820877075195,,
109100,6.096558094024658,0.05,-4.51017427444458,,
109150,7.911895751953125,0.05,-4.217803478240967,,
109200,9.564421653747559,0.05,-4.487287998199463,,
109250,5.368459701538086,0.05,-5.043569087982178,,
109300,6.406713962554932,0.05,-4.155599594116211,,
109350,12.041592597961426,0.05,-5.078585147857666,,
109400,19.163850784301758,0.05,-4.401126384735107,,
109450,7.22416353225708,0.05,-4.663797378540039,,
109500,2.7894630432128906,0.05,-3.6934633255004883,,
109550,4.998758792877197,0.05,-3.5768423080444336,,
109600,3.5311596393585205,0.05,-3.0059235095977783,,
109650,4.828643798828125,0.05,-4.40410852432251,,
109700,4.01032018661499,0.05,-4.1910576820373535,,
109750,3.696131467819214,0.05,-4.838417053222656,,
109800,5.358605861663818,0.05,-4.358300685882568,,
109850,9.458203315734863,0.05,-3.643559455871582,,
109900,0.6201319694519043,0.05,-3.257962465286255,,
109950,8.9027099609375,0.05,-3.9250123500823975,,
110000,22.185598373413086,0.05,-5.357930660247803,,
110050,12.373008728027344,0.05,-4.3154120445251465,,
110100,9.082661628723145,0.05,-3.607638120651245,,
110150,2.9145498275756836,0.05,-3.660022020339966,,
110200,7.0642313957214355,0.05,-4.3507208824157715,,
110250,0.13694724440574646,0.05,-3.6672041416168213,,
110300,4.912343502044678,0.05,-3.911953926086426,,
110350,5.694958209991455,0.05,-3.609694719314575,,
110400,8.288163185119629,0.05,-3.807021379470825,,
110450,7.932764053344727,0.05,-2.560624122619629,,
110500,12.232215881347656,0.05,-3.4885761737823486,,
110550,4.9749579429626465,0.05,-3.0594587326049805,,
110600,1.0455517768859863,0.05,-4.16466760635376,,
110650,2.056567430496216,0.05,-3.716468572616577,,
110700,0.9011198878288269,0.05,-5.616933822631836,,
110750,5.511939525604248,0.05,-3.3821868896484375,,
110800,1.81609308719635,0.05,-2.92305850982666,,
110850,4.6136956214904785,0.05,-4.479483604431152,,
110900,8.955897331237793,0.05,-4.257782936096191,,
110950,8.125903129577637,0.05,-3.1889145374298096,,
111000,0.23725803196430206,0.05,-2.8027632236480713,,
111050,3.9165356159210205,0.05,-5.477933883666992,,
111100,11.571220397949219,0.05,-3.688279151916504,,
111150,2.6406381130218506,0.05,-3.356990098953247,,
111200,3.3955624103546143,0.05,-3.593465805053711,,
111250,5.115864276885986,0.05,-2.7611215114593506,,
111300,5.003870487213135,0.05,-3.655123472213745,,
111350,4.329154014587402,0.05,-4.610198974609375,,
111400,6.2204461097717285,0.05,-4.229477882385254,,
111450,5.943867206573486,0.05,-3.2891948223114014,,
111500,0.8004762530326843,0.05,-4.146457195281982,,
111550,1.8020292520523071,0.05,-3.1301794052124023,,
111600,5.761074066162109,0.05,-3.1220695972442627,,
111650,5.837541103363037,0.05,-3.726796865463257,,
111700,7.9236321449279785,0.05,-3.4353344440460205,,
111750,1.2123619318008423,0.05,-4.592274188995361,,
111800,0.636588990688324,0.05,-3.6371071338653564,,
111850,7.636821746826172,0.05,-4.695627689361572,,
111900,1.5862064361572266,0.05,-4.7803521156311035,,
111950,1.1559048891067505,0.05,-4.8982439041137695,,
112000,0.7180739045143127,0.05,-3.9481513500213623,,
112050,4.509613037109375,0.05,-3.4810523986816406,,
112100,8.926131248474121,0.05,-4.262625694274902,,
112150,5.432144641876221,0.05,-4.558793544769287,,
112200,4.385122776031494,0.05,-3.6380186080932617,,
112250,6.994602680206299,0.05,-4.444746971130371,,
112300,6.574752330780029,0.05,-3.453727960586548,,
112350,0.373882919549942,0.05,-3.5100181102752686,,
112400,0.7171184420585632,0.05,-4.021091938018799,,
112450,8.710356712341309,0.05,-4.289124011993408,,
112500,4.535505294799805,0.05,-4.0579752922058105,,
112550,1.4663108587265015,0.05,-4.121175765991211,,
112600,4.2695631980896,0.05,-4.359267234802246,,
112650,9.292222023010254,0.05,-3.7868454456329346,,
112700,6.150213241577148,0.05,-3.307776689529419,,
112750,0.3232426643371582,0.05,-3.915811538696289,,
112800,12.233428001403809,0.05,-4.315040588378906,,
112850,4.251772880554199,0.05,-4.0291008949279785,,
112900,4.910526275634766,0.05,-2.899393320083618,,
112950,0.46518945693969727,0.05,-3.3529698848724365,,
113000,0.6559195518493652,0.05,-4.57150411605835,,
113050,1.9589046239852905,0.05,-3.9742002487182617,,
113100,8.228968620300293,0.05,-3.270554542541504,,
113150,4.894458293914795,0.05,-3.2996227741241455,,
113200,0.8398284912109375,0.05,-3.9342997074127197,,
113250,10.546798706054688,0.05,-2.614344358444214,,
113300,6.184662342071533,0.05,-4.488570690155029,,
113350,0.5016902685165405,0.05,-2.356909990310669,,
113400,6.8359761238098145,0.05,-3.932474136352539,,
113450,0.8265292048454285,0.05,-5.527729511260986,,
113500,6.772828578948975,0.05,-4.296915054321289,,
113550,10.346354484558105,0.05,-3.003493070602417,,
113600,1.608892560005188,0.05,-4.763885974884033,,
113650,4.2688984870910645,0.05,-4.505917549133301,,
113700,0.46736693382263184,0.05,-2.853719711303711,,
113750,6.579282283782959,0.05,-3.5060031414031982,,
113800,5.254131317138672,0.05,-4.941810131072998,,
113850,7.637964725494385,0.05,-3.2021024227142334,,
113900,5.354915142059326,0.05,-3.0834293365478516,,
113950,5.081958293914795,0.05,-3.1944973468780518,,
114000,6.7390899658203125,0.05,-3.2563912868499756,,
114050,6.208637237548828,0.05,-3.9036741256713867,,
114100,3.541293144226074,0.05,-4.702325820922852,,
114150,0.8179566264152527,0.05,-2.4903810024261475,,
114200,0.3014087975025177,0.05,-2.7568633556365967,,
114250,5.068716526031494,0.05,-2.593510866165161,,
114300,17.246078491210938,0.05,-3.6303718090057373,,
114350,0.23587940633296967,0.05,-2.6593191623687744,,
114400,6.68563985824585,0.05,-3.280614137649536,,
114450,0.4693059027194977,0.05,-2.5748167037963867,,
114500,1.8245097398757935,0.05,-3.9245407581329346,,
114550,0.4958482086658478,0.05,-2.8832685947418213,,
114600,7.058695316314697,0.05,-2.6596412658691406,,
114650,1.3945549726486206,0.05,-3.999688148498535,,
114700,7.839963436126709,0.05,-4.461227893829346,,
114750,6.161689758300781,0.05,-2.763232946395874,,
114800,4.809731483459473,0.05,-4.351757526397705,,
114850,8.4072847366333,0.05,-3.5326144695281982,,
114900,3.8408262729644775,0.05,-3.8552207946777344,,
114950,5.9370598793029785,0.05,-2.9247896671295166,,
115000,1.526053786277771,0.05,-2.968356132507324,,
115050,4.681758880615234,0.05,-4.422591686248779,,
115100,5.064162254333496,0.05,-2.561767816543579,,
115150,0.7577037215232849,0.05,-2.783632278442383,,
115200,10.174788475036621,0.05,-4.280672550201416,,
115250,5.314418315887451,0.05,-2.940295457839966,,
115300,0.32595109939575195,0.05,-3.9752447605133057,,
115350,5.31796932220459,0.05,-4.218257904052734,,
115400,4.264036655426025,0.05,-3.706597328186035,,
115450,8.869949340820312,0.05,-2.452202081680298,,
115500,0.1342707872390747,0.05,-2.720111846923828,,
115550,4.193644046783447,0.05,-4.6583476066589355,,
115600,7.245497226715088,0.05,-3.139653444290161,,
115650,6.058602809906006,0.05,-5.554388523101807,,
115700,2.9495811462402344,0.05,-3.522266387939453,,
115750,3.0505740642547607,0.05,-2.5914289951324463,,
115800,2.7000534534454346,0.05,-3.0525062084198,,
115850,3.1040170192718506,0.05,-3.1869895458221436,,
115900,4.012462139129639,0.05,-3.2786853313446045,,
115950,1.746719241142273,0.05,-3.1834402084350586,,
116000,4.450196743011475,0.05,-3.117957830429077,,
116050,8.95811939239502,0.05,-3.326380491256714,,
116100,2.6711456775665283,0.05,-2.9433958530426025,,
116150,1.538121223449707,0.05,-3.523120641708374,,
116200,10.499970436096191,0.05,-2.9375383853912354,,
116250,11.463387489318848,0.05,-3.1863460540771484,,
116300,6.247212886810303,0.05,-3.2473630905151367,,
116350,7.947751998901367,0.05,-3.2458505630493164,,
116400,0.855971097946167,0.05,-2.545010566711426,,
116450,3.3070318698883057,0.05,-3.6087236404418945,,
116500,0.5043440461158752,0.05,-3.219259262084961,,
116550,13.138870239257812,0.05,-4.481025218963623,,
116600,5.058068752288818,0.05,-4.07523775100708,,
116650,7.386294841766357,0.05,-2.820415496826172,,
116700,17.899169921875,0.05,-3.371429443359375,,
116750,11.583317756652832,0.05,-3.8110857009887695,,
116800,1.0742579698562622,0.05,-2.8837811946868896,,
116850,0.22773092985153198,0.05,-3.445927619934082,,
116900,12.108113288879395,0.05,-2.5411040782928467,,
116950,0.8061743378639221,0.05,-5.155797481536865,,
117000,1.7653197050094604,0.05,-2.508650779724121,,
117050,7.55709981918335,0.05,-4.567973613739014,,
117100,7.928436756134033,0.05,-2.9955978393554688,,
117150,0.34008970856666565,0.05,-3.6132442951202393,,
117200,7.240397930145264,0.05,-3.7625467777252197,,
117250,3.6788434982299805,0.05,-3.5271148681640625,,
117300,2.4940602779388428,0.05,-5.417600154876709,,
117350,4.939570903778076,0.05,-3.6449100971221924,,
117400,11.969139099121094,0.05,-4.301019668579102,,
117450,4.6350483894348145,0.05,-4.677879333496094,,
117500,1.0353213548660278,0.05,-3.42224383354187,,
117550,0.33877360820770264,0.05,-3.9745073318481445,,
117600,2.9758594036102295,0.05,-3.2712490558624268,,
117650,5.466405391693115,0.05,-4.531442642211914,,
117700,9.636706352233887,0.05,-3.3207874298095703,,
117750,9.533943176269531,0.05,-4.229327201843262,,
117800,10.595069885253906,0.05,-2.490838050842285,,
117850,4.99005651473999,0.05,-4.520206928253174,,
117900,12.495442390441895,0.05,-3.4937362670898438,,
117950,8.44915771484375,0.05,-3.1641950607299805,,
118000,19.708898544311523,0.05,-6.120983123779297,,
118050,0.8892132639884949,0.05,-3.887727737426758,,
118100,3.293614149093628,0.05,-4.0719523429870605,,
118150,8.226431846618652,0.05,-4.818749904632568,,
118200,3.7347075939178467,0.05,-3.350994348526001,,
118250,9.824691772460938,0.05,-5.45617151260376,,
118300,4.609245777130127,0.05,-4.424129962921143,,
118350,1.4468744993209839,0.05,-4.435093879699707,,
118400,11.313556671142578,0.05,-5.171150207519531,,
118450,0.43699511885643005,0.05,-3.6178061962127686,,
118500,0.9297685623168945,0.05,-4.445633411407471,,
118550,4.386324405670166,0.05,-4.170939922332764,,
118600,10.784588813781738,0.05,-3.868727445602417,,
118650,17.95538902282715,0.05,-4.317912578582764,,
118700,0.11655028909444809,0.05,-2.225024938583374,,
118750,6.425357818603516,0.05,-3.519886016845703,,
118800,9.846220016479492,0.05,-3.050513505935669,,
118850,1.408068299293518,0.05,-4.7454729080200195,,
118900,0.28974413871765137,0.05,-3.5722835063934326,,
118950,8.29919719696045,0.05,-4.624374866485596,,
119000,1.051674723625183,0.05,-5.596960544586182,,
119050,14.29160213470459,0.05,-4.409726142883301,,
119100,10.414223670959473,0.05,-4.960905075073242,,
119150,1.2487934827804565,0.05,-3.4757606983184814,,
119200,4.981295108795166,0.05,-2.4674694538116455,,
119250,11.131468772888184,0.05,-3.115410566329956,,
119300,1.2833316326141357,0.05,-4.6660943031311035,,
119350,11.331523895263672,0.05,-5.307285785675049,,
119400,14.10728931427002,0.05,-3.636648416519165,,
119450,1.3041304349899292,0.05,-5.103078365325928,,
119500,0.48706838488578796,0.05,-3.7955563068389893,,
119550,4.683250904083252,0.05,-3.9136276245117188,,
119600,4.993987083435059,0.05,-2.8214709758758545,,
119650,12.719752311706543,0.05,-3.0344855785369873,,
119700,0.722844660282135,0.05,-4.072466850280762,,
119750,0.20465683937072754,0.05,-2.506758451461792,,
119800,5.421187877655029,0.05,-3.3332693576812744,,
119850,5.431133270263672,0.05,-2.6710851192474365,,
119900,0.5621700286865234,0.05,-4.234104633331299,,
119950,10.129252433776855,0.05,-4.508535861968994,,
120000,0.29505929350852966,0.05,-3.0351064205169678,,
120050,16.581205368041992,0.05,-4.986525058746338,,
120100,15.277168273925781,0.05,-4.532924175262451,,
120150,14.95937728881836,0.05,-6.012180805206299,,
120200,0.5932607054710388,0.05,-4.161418437957764,,
120250,13.051886558532715,0.05,-4.492864608764648,,
120300,2.305281400680542,0.05,-4.02625036239624,,
120350,9.4563627243042,0.05,-2.9412882328033447,,
120400,9.981755256652832,0.05,-4.831226348876953,,
120450,14.809196472167969,0.05,-4.415637016296387,,
120500,0.40106990933418274,0.05,-2.30971097946167,,
120550,30.213279724121094,0.05,-4.340694904327393,,
120600,0.912497341632843,0.05,-3.270857810974121,,
120650,12.501627922058105,0.05,-3.67183780670166,,
120700,7.405271530151367,0.05,-3.9318132400512695,,
120750,21.23761749267578,0.05,-4.52778959274292,,
120800,12.751080513000488,0.05,-2.4296083450317383,,
120850,1.1455352306365967,0.05,-3.7210533618927,,
120900,7.010890483856201,0.05,-4.959860324859619,,
120950,1.2267407178878784,0.05,-3.781686782836914,,
121000,1.2501500844955444,0.05,-2.948646306991577,,
121050,14.70477294921875,0.05,-3.7730047702789307,,
121100,5.727550029754639,0.05,-4.525570869445801,,
121150,0.6277695298194885,0.05,-4.162633419036865,,
121200,9.58554744720459,0.05,-4.148633003234863,,
121250,7.954430103302002,0.05,-4.063868045806885,,
121300,4.3121418952941895,0.05,-2.577630043029785,,
121350,0.45041894912719727,0.05,-2.354430675506592,,
121400,3.9048378467559814,0.05,-2.9820120334625244,,
121450,14.67099666595459,0.05,-4.262734889984131,,
121500,0.4262343645095825,0.05,-3.726527214050293,,
121550,0.8667786717414856,0.05,-3.8308451175689697,,
121600,6.011682510375977,0.05,-4.186560153961182,,
121650,13.582139015197754,0.05,-3.4963295459747314,,
121700,2.7179689407348633,0.05,-4.186826229095459,,
121750,11.99345874786377,0.05,-3.950700044631958,,
121800,8.274307250976562,0.05,-4.516139507293701,,
121850,2.794126272201538,0.05,-3.162935972213745,,
121900,13.138453483581543,0.05,-3.5778138637542725,,
121950,13.756575584411621,0.05,-3.083103895187378,,
122000,2.5603795051574707,0.05,-3.413299798965454,,
122050,5.579617023468018,0.05,-4.399421215057373,,
122100,0.6194222569465637,0.05,-2.357579469680786,,
122150,6.239879608154297,0.05,-3.725123167037964,,
122200,0.25189757347106934,0.05,-2.299102783203125,,
122250,6.483907699584961,0.05,-2.8995132446289062,,
122300,5.280557155609131,0.05,-4.202765464782715,,
122350,7.784526824951172,0.05,-2.914654493331909,,
122400,11.417401313781738,0.05,-2.8094406127929688,,
122450,0.2903757095336914,0.05,-3.767646074295044,,
122500,9.476682662963867,0.05,-2.7674214839935303,,
122550,6.912733554840088,0.05,-3.865865707397461,,
122600,10.977867126464844,0.05,-3.4169578552246094,,
122650,1.8782521486282349,0.05,-3.4040451049804688,,
122700,3.9855220317840576,0.05,-2.9282474517822266,,
122750,3.5199434757232666,0.05,-3.6790249347686768,,
122800,2.9748146533966064,0.05,-3.757309675216675,,
122850,7.575454235076904,0.05,-3.868441343307495,,
122900,0.3821065425872803,0.05,-3.5946619510650635,,
122950,0.7346360087394714,0.05,-3.1123688220977783,,
123000,2.165149450302124,0.05,-3.8010294437408447,,
123050,1.1374915838241577,0.05,-3.39719295501709,,
123100,4.210157871246338,0.05,-3.6745169162750244,,
123150,11.768073081970215,0.05,-3.799842119216919,,
123200,10.012022972106934,0.05,-3.2847635746002197,,
123250,9.144582748413086,0.05,-4.71196174621582,,
123300,4.942051887512207,0.05,-3.3699419498443604,,
123350,1.064663052558899,0.05,-3.8173258304595947,,
123400,3.3286750316619873,0.05,-3.651400566101074,,
123450,1.862259030342102,0.05,-3.7940664291381836,,
123500,4.253136157989502,0.05,-5.133053779602051,,
123550,6.510763645172119,0.05,-3.9431679248809814,,
123600,0.8905484080314636,0.05,-3.958465337753296,,
123650,0.5080384612083435,0.05,-2.8874025344848633,,
123700,7.522634983062744,0.05,-3.550086736679077,,
123750,8.657692909240723,0.05,-4.181993007659912,,
123800,0.8358492851257324,0.05,-3.6693198680877686,,
123850,1.0735231637954712,0.05,-2.8803253173828125,,
123900,13.287612915039062,0.05,-3.5046589374542236,,
123950,3.3918120861053467,0.05,-4.56557035446167,,
124000,14.387446403503418,0.05,-3.9430973529815674,,
124050,3.0646040439605713,0.05,-3.1845786571502686,,
124100,0.4099087715148926,0.05,-4.522354602813721,,
124150,0.5120452642440796,0.05,-2.3477823734283447,,
124200,0.7808131575584412,0.05,-2.512970447540283,,
124250,4.646813869476318,0.05,-4.109683513641357,,
124300,3.1885902881622314,0.05,-3.0328683853149414,,
124350,0.1508355289697647,0.05,-3.089803457260132,,
124400,0.37136581540107727,0.05,-3.1337108612060547,,
124450,4.314302921295166,0.05,-3.188006639480591,,
124500,7.76446533203125,0.05,-4.211876392364502,,
124550,4.660747051239014,0.05,-2.7734529972076416,,
124600,2.6425774097442627,0.05,-3.9425461292266846,,
124650,9.79971694946289,0.05,-4.714111328125,,
124700,3.3785324096679688,0.05,-3.722491979598999,,
124750,11.166804313659668,0.05,-4.23703670501709,,
124800,0.7102046608924866,0.05,-3.810304880142212,,
124850,1.5366787910461426,0.05,-2.8994696140289307,,
124900,7.809800624847412,0.05,-2.9511184692382812,,
124950,9.544135093688965,0.05,-3.1514739990234375,,
125000,0.5406185984611511,0.05,-3.905658006668091,-0.7557726158639069,30.533333333333324
125050,4.718675136566162,0.05,-2.570773124694824,,
125100,2.651578903198242,0.05,-5.1033124923706055,,
125150,5.692111968994141,0.05,-3.7615978717803955,,
125200,5.811060428619385,0.05,-4.610948085784912,,
125250,5.14646577835083,0.05,-3.6167967319488525,,
125300,0.24344009160995483,0.05,-2.6446871757507324,,
125350,3.3064286708831787,0.05,-4.520461559295654,,
125400,5.525922775268555,0.05,-3.546412229537964,,
125450,5.3059515953063965,0.05,-3.6075522899627686,,
125500,10.207530975341797,0.05,-2.8306820392608643,,
125550,14.405746459960938,0.05,-5.1391167640686035,,
125600,0.6181091666221619,0.05,-3.9738943576812744,,
125650,11.190345764160156,0.05,-5.536418914794922,,
125700,0.3255840837955475,0.05,-3.2945454120635986,,
125750,8.786890983581543,0.05,-3.2269980907440186,,
125800,0.7223333716392517,0.05,-3.983344078063965,,
125850,1.7769851684570312,0.05,-2.5191497802734375,,
125900,7.217897891998291,0.05,-4.060900688171387,,
125950,1.4526456594467163,0.05,-2.880894899368286,,
126000,10.678092956542969,0.05,-3.54667592048645,,
126050,12.150895118713379,0.05,-4.720226287841797,,
126100,15.81871509552002,0.05,-2.836256742477417,,
126150,2.2853000164031982,0.05,-4.054687976837158,,
126200,1.9845832586288452,0.05,-3.3552703857421875,,
126250,11.637420654296875,0.05,-3.8946990966796875,,
126300,0.5058520436286926,0.05,-3.955808401107788,,
126350,1.8915971517562866,0.05,-3.924848794937134,,
126400,1.861828327178955,0.05,-4.374016284942627,,
126450,3.288266181945801,0.05,-4.168848037719727,,
126500,13.629661560058594,0.05,-5.2991814613342285,,
126550,1.9304481744766235,0.05,-4.335007190704346,,
126600,1.0374161005020142,0.05,-3.59663462638855,,
126650,5.056995391845703,0.05,-5.563074588775635,,
126700,5.416088581085205,0.05,-3.668668746948242,,
126750,6.069490432739258,0.05,-3.5883567333221436,,
126800,10.639581680297852,0.05,-3.3867595195770264,,
126850,4.14402437210083,0.05,-3.214984655380249,,
126900,7.0539679527282715,0.05,-3.7840349674224854,,
126950,21.883169174194336,0.05,-4.522872447967529,,
127000,11.794139862060547,0.05,-4.613590717315674,,
127050,0.8808488845825195,0.05,-4.30481481552124,,
127100,1.2153714895248413,0.05,-4.960064888000488,,
127150,9.724345207214355,0.05,-4.266576290130615,,
127200,1.429294466972351,0.05,-5.056084156036377,,
127250,4.258718967437744,0.05,-4.9250311851501465,,
127300,11.790799140930176,0.05,-5.1879448890686035,,
127350,5.072047710418701,0.05,-3.5891523361206055,,
127400,0.6822934746742249,0.05,-6.189006328582764,,
127450,1.7991493940353394,0.05,-5.510112285614014,,
127500,2.0467021465301514,0.05,-5.2656569480896,,
127550,2.9272148609161377,0.05,-6.331449031829834,,
127600,0.8635203242301941,0.05,-3.506809949874878,,
127650,2.7954585552215576,0.05,-4.143348693847656,,
127700,16.81468391418457,0.05,-5.28682279586792,,
127750,0.544083297252655,0.05,-4.135718822479248,,
127800,6.559383869171143,0.05,-3.1165390014648438,,
127850,1.4052019119262695,0.05,-2.9350998401641846,,
127900,4.2721076011657715,0.05,-4.5468621253967285,,
127950,11.292157173156738,0.05,-5.276063442230225,,
128000,2.4213428497314453,0.05,-4.050792694091797,,
128050,7.872013568878174,0.05,-4.738057613372803,,
128100,4.773013591766357,0.05,-3.655472755432129,,
128150,12.821167945861816,0.05,-3.7923171520233154,,
128200,8.284721374511719,0.05,-3.114293098449707,,
128250,2.277625322341919,0.05,-3.445760726928711,,
128300,11.388386726379395,0.05,-4.765153408050537,,
128350,10.693577766418457,0.05,-4.81486177444458,,
128400,3.562882423400879,0.05,-3.653280258178711,,
128450,20.14943504333496,0.05,-6.1479811668396,,
128500,8.815720558166504,0.05,-4.407880783081055,,
128550,7.8821868896484375,0.05,-4.411982536315918,,
128600,5.1878767013549805,0.05,-4.871127605438232,,
128650,16.296287536621094,0.05,-5.38427734375,,
128700,6.438554763793945,0.05,-4.510322570800781,,
128750,10.463889122009277,0.05,-4.932041168212891,,
128800,10.09291934967041,0.05,-4.737051486968994,,
128850,6.314279079437256,0.05,-4.12563943862915,,
128900,26.953842163085938,0.05,-5.628347873687744,,
128950,8.605731010437012,0.05,-4.008052825927734,,
129000,5.96904993057251,0.05,-4.002533912658691,,
129050,7.554168224334717,0.05,-3.7060768604278564,,
129100,2.6878364086151123,0.05,-4.152114391326904,,
129150,15.214874267578125,0.05,-4.098172664642334,,
129200,0.8598413467407227,0.05,-5.666599750518799,,
129250,7.7782769203186035,0.05,-4.628553867340088,,
129300,15.945317268371582,0.05,-5.814990997314453,,
129350,12.88856029510498,0.05,-4.593919277191162,,
129400,6.247939586639404,0.05,-5.5064616203308105,,
129450,2.1112358570098877,0.05,-5.3707661628723145,,
129500,5.650826930999756,0.05,-3.676867723464966,,
129550,3.9537746906280518,0.05,-3.3303840160369873,,
129600,14.391716957092285,0.05,-5.347464084625244,,
129650,0.7809960842132568,0.05,-4.370861053466797,,
129700,10.838516235351562,0.05,-6.082361698150635,,
129750,7.726769924163818,0.05,-5.257141590118408,,
129800,1.581283450126648,0.05,-3.4952170848846436,,
129850,2.2919702529907227,0.05,-5.233901023864746,,
129900,3.182401657104492,0.05,-3.255923271179199,,
129950,0.37850117683410645,0.05,-3.3911221027374268,,
130000,0.8360743522644043,0.05,-4.08151912689209,,
130050,5.361948013305664,0.05,-3.7746171951293945,,
130100,0.3851257264614105,0.05,-3.909909248352051,,
130150,14.327305793762207,0.05,-5.3452935218811035,,
130200,11.100329399108887,0.05,-5.133869171142578,,
130250,9.081372261047363,0.05,-4.203494548797607,,
130300,10.165550231933594,0.05,-3.7527170181274414,,
130350,22.56440544128418,0.05,-5.537160396575928,,
130400,1.2572485208511353,0.05,-4.55733060836792,,
130450,8.597651481628418,0.05,-4.525533199310303,,
130500,6.91657018661499,0.05,-3.6046149730682373,,
130550,17.59307098388672,0.05,-4.285750865936279,,
130600,4.040119647979736,0.05,-5.148807048797607,,
130650,9.984391212463379,0.05,-4.326221942901611,,
130700,14.175982475280762,0.05,-4.621243953704834,,
130750,8.66306209564209,0.05,-5.71854829788208,,
130800,10.17642593383789,0.05,-6.75216817855835,,
130850,0.9176234602928162,0.05,-5.008443355560303,,
130900,11.28658676147461,0.05,-4.832016468048096,,
130950,0.604505717754364,0.05,-3.8998968601226807,,
131000,6.284888744354248,0.05,-4.031039714813232,,
131050,1.9036768674850464,0.05,-3.9681873321533203,,
131100,5.873351573944092,0.05,-5.053750991821289,,
131150,2.7676517963409424,0.05,-4.639707565307617,,
131200,1.5559974908828735,0.05,-5.277624607086182,,
131250,0.3705126941204071,0.05,-5.504945755004883,,
131300,10.738972663879395,0.05,-5.1702189445495605,,
131350,15.575173377990723,0.05,-3.6438474655151367,,
131400,5.5497212409973145,0.05,-3.680185079574585,,
131450,12.929448127746582,0.05,-5.852254390716553,,
131500,1.4002633094787598,0.05,-4.630147933959961,,
131550,11.072274208068848,0.05,-4.374089241027832,,
131600,12.08764362335205,0.05,-5.077256202697754,,
131650,15.006657600402832,0.05,-4.037711143493652,,
131700,2.3681857585906982,0.05,-4.491149425506592,,
131750,6.9283576011657715,0.05,-4.531822681427002,,
131800,1.4591871500015259,0.05,-3.851651906967163,,
131850,0.7678499221801758,0.05,-4.193147659301758,,
131900,2.996432065963745,0.05,-3.918401002883911,,
131950,1.7611883878707886,0.05,-5.059363842010498,,
132000,13.56624698638916,0.05,-5.49447774887085,,
132050,5.825354099273682,0.05,-4.9672160148620605,,
132100,13.456161499023438,0.05,-5.102482795715332,,
132150,1.0494385957717896,0.05,-4.587197780609131,,
132200,5.575046062469482,0.05,-4.2964277267456055,,
132250,8.704113006591797,0.05,-5.734426498413086,,
132300,0.1403709203004837,0.05,-3.7536728382110596,,
132350,2.224424123764038,0.05,-5.214136600494385,,
132400,15.213732719421387,0.05,-5.319166660308838,,
132450,9.3489408493042,0.05,-4.661715984344482,,
132500,3.647650718688965,0.05,-5.981313228607178,,
132550,4.736397743225098,0.05,-5.319759845733643,,
132600,4.623776912689209,0.05,-4.441760540008545,,
132650,4.917052268981934,0.05,-3.6637210845947266,,
132700,4.380292892456055,0.05,-5.90583610534668,,
132750,13.101008415222168,0.05,-4.593917369842529,,
132800,0.3484348952770233,0.05,-4.543675899505615,,
132850,0.37319615483283997,0.05,-4.296107292175293,,
132900,3.8828773498535156,0.05,-4.614245891571045,,
132950,1.6316488981246948,0.05,-3.849114179611206,,
133000,3.9834811687469482,0.05,-5.141449451446533,,
133050,5.131596088409424,0.05,-5.114876747131348,,
133100,4.765416622161865,0.05,-4.856104373931885,,
133150,11.526284217834473,0.05,-4.748199939727783,,
133200,1.1890603303909302,0.05,-4.202089786529541,,
133250,5.01483678817749,0.05,-5.411401271820068,,
133300,1.3406518697738647,0.05,-3.4338951110839844,,
133350,2.159229278564453,0.05,-4.589213848114014,,
133400,0.690823495388031,0.05,-4.402189254760742,,
133450,1.5629795789718628,0.05,-4.862349033355713,,
133500,5.806177616119385,0.05,-5.353174686431885,,
133550,0.4836997985839844,0.05,-5.40131139755249,,
133600,6.895020961761475,0.05,-4.504053592681885,,
133650,2.521636724472046,0.05,-4.659517288208008,,
133700,0.20586682856082916,0.05,-4.038948059082031,,
133750,0.21977567672729492,0.05,-3.9779109954833984,,
133800,2.583547592163086,0.05,-4.35059928894043,,
133850,6.995153903961182,0.05,-5.2891316413879395,,
133900,6.540487289428711,0.05,-4.106098175048828,,
133950,4.486902236938477,0.05,-4.528414249420166,,
134000,4.680272579193115,0.05,-3.4073305130004883,,
134050,14.35113525390625,0.05,-5.744940280914307,,
134100,9.863582611083984,0.05,-4.42922830581665,,
134150,7.418611526489258,0.05,-5.617600917816162,,
134200,6.495914459228516,0.05,-4.553316116333008,,
134250,0.40535101294517517,0.05,-5.326536655426025,,
134300,5.083793640136719,0.05,-3.1682708263397217,,
134350,2.7651922702789307,0.05,-4.835851192474365,,
134400,7.799648284912109,0.05,-5.7500762939453125,,
134450,6.879719257354736,0.05,-5.061251163482666,,
134500,8.423698425292969,0.05,-4.129828453063965,,
134550,10.423730850219727,0.05,-4.671884059906006,,
134600,5.8169264793396,0.05,-3.6851718425750732,,
134650,0.5355702042579651,0.05,-4.611216068267822,,
134700,3.0209693908691406,0.05,-3.989900827407837,,
134750,2.201692819595337,0.05,-4.0215020179748535,,
134800,7.504726409912109,0.05,-4.6303582191467285,,
134850,19.619070053100586,0.05,-5.726327896118164,,
134900,15.089451789855957,0.05,-5.211309432983398,,
134950,10.130517959594727,0.05,-5.4362664222717285,,
135000,4.690348148345947,0.05,-3.9854724407196045,,
135050,2.894791603088379,0.05,-4.501782417297363,,
135100,15.358906745910645,0.05,-5.681451797485352,,
135150,1.188745379447937,0.05,-3.553621530532837,,
135200,2.630878210067749,0.05,-5.636173248291016,,
135250,10.478100776672363,0.05,-5.186421871185303,,
135300,9.929854393005371,0.05,-5.033509731292725,,
135350,9.652440071105957,0.05,-5.0790886878967285,,
135400,9.03798770904541,0.05,-4.041968822479248,,
135450,20.413942337036133,0.05,-6.378622531890869,,
135500,4.34731912612915,0.05,-4.465317249298096,,
135550,0.3460191488265991,0.05,-3.924584150314331,,
135600,6.497987747192383,0.05,-5.367141246795654,,
135650,9.048872947692871,0.05,-4.698734283447266,,
135700,12.368427276611328,0.05,-5.5712456703186035,,
135750,1.9280939102172852,0.05,-4.254946231842041,,
135800,13.915738105773926,0.05,-6.084187030792236,,
135850,0.2574736773967743,0.05,-3.665351152420044,,
135900,15.039448738098145,0.05,-5.870763301849365,,
135950,6.708977222442627,0.05,-4.559369087219238,,
136000,19.998044967651367,0.05,-5.208802223205566,,
136050,7.29806661605835,0.05,-3.8004207611083984,,
136100,16.465890884399414,0.05,-4.992795467376709,,
136150,0.32897746562957764,0.05,-4.350120544433594,,
136200,5.748756408691406,0.05,-5.608377456665039,,
136250,4.750462055206299,0.05,-5.2445597648620605,,
136300,13.673656463623047,0.05,-5.049587726593018,,
136350,7.752981185913086,0.05,-5.312073230743408,,
136400,1.373679757118225,0.05,-3.4819509983062744,,
136450,13.983698844909668,0.05,-4.547579288482666,,
136500,1.3027112483978271,0.05,-4.575674057006836,,
136550,0.4276721477508545,0.05,-3.569228410720825,,
136600,2.293168067932129,0.05,-4.287688255310059,,
136650,12.38570785522461,0.05,-6.25930643081665,,
136700,3.917231798171997,0.05,-4.352728366851807,,
136750,4.592321395874023,0.05,-3.9885151386260986,,
136800,7.425056457519531,0.05,-5.151358604431152,,
136850,0.8964044451713562,0.05,-4.262179851531982,,
136900,0.5761829614639282,0.05,-5.065083980560303,,
136950,6.325689792633057,0.05,-5.761468410491943,,
137000,5.480840682983398,0.05,-4.867032527923584,,
137050,0.9812425971031189,0.05,-4.366902828216553,,
137100,6.9979424476623535,0.05,-3.862766981124878,,
137150,1.3784493207931519,0.05,-3.771516799926758,,
137200,1.7873681783676147,0.05,-5.165822505950928,,
137250,3.044189691543579,0.05,-5.807003498077393,,
137300,7.178035736083984,0.05,-5.052226543426514,,
137350,24.918930053710938,0.05,-5.602987289428711,,
137400,3.8228132724761963,0.05,-5.054922580718994,,
137450,12.822218894958496,0.05,-4.43096399307251,,
137500,13.651042938232422,0.05,-5.388162612915039,,
137550,0.32568562030792236,0.05,-3.743067502975464,,
137600,0.7616746425628662,0.05,-3.952207565307617,,
137650,1.7380781173706055,0.05,-4.237368106842041,,
137700,11.87315845489502,0.05,-5.038450241088867,,
137750,10.25134563446045,0.05,-5.662024974822998,,
137800,7.160337448120117,0.05,-4.6093244552612305,,
137850,0.4121219217777252,0.05,-4.779876232147217,,
137900,5.2537522315979,0.05,-6.2563042640686035,,
137950,10.048863410949707,0.05,-4.7271809577941895,,
138000,2.239196300506592,0.05,-4.853661060333252,,
138050,2.94830060005188,0.05,-4.96848726272583,,
138100,2.27270245552063,0.05,-3.6320440769195557,,
138150,0.3182346522808075,0.05,-4.016186237335205,,
138200,27.791549682617188,0.05,-5.565083980560303,,
138250,4.882582187652588,0.05,-5.02744197845459,,
138300,9.470124244689941,0.05,-4.254144668579102,,
138350,1.008750557899475,0.05,-5.1403326988220215,,
138400,11.702320098876953,0.05,-4.29304838180542,,
138450,23.416458129882812,0.05,-5.909805774688721,,
138500,7.866906642913818,0.05,-4.771333694458008,,
138550,7.092540264129639,0.05,-5.716444492340088,,
138600,3.7497804164886475,0.05,-5.078439235687256,,
138650,7.255198001861572,0.05,-4.76003360748291,,
138700,11.888575553894043,0.05,-5.674928665161133,,
138750,5.19965124130249,0.05,-5.833773136138916,,
138800,12.80652141571045,0.05,-6.209624767303467,,
138850,0.1861123889684677,0.05,-4.9420037269592285,,
138900,3.3916549682617188,0.05,-3.8913230895996094,,
138950,9.376994132995605,0.05,-5.1189351081848145,,
139000,3.8499860763549805,0.05,-4.388240337371826,,
139050,6.025291442871094,0.05,-6.104610443115234,,
139100,25.484498977661133,0.05,-6.255774974822998,,
139150,14.396679878234863,0.05,-6.442901611328125,,
139200,10.83295726776123,0.05,-6.272178649902344,,
139250,15.943217277526855,0.05,-4.811960697174072,,
139300,8.506131172180176,0.05,-5.968784332275391,,
139350,18.033109664916992,0.05,-5.226480960845947,,
139400,6.704334259033203,0.05,-4.631872177124023,,
139450,4.650257587432861,0.05,-4.8953070640563965,,
139500,2.8499677181243896,0.05,-5.762299060821533,,
139550,1.06876540184021,0.05,-5.022768974304199,,
139600,3.9237887859344482,0.05,-7.030711650848389,,
139650,3.9349842071533203,0.05,-4.731138229370117,,
139700,3.4454572200775146,0.05,-5.075469970703125,,
139750,0.5389472246170044,0.05,-4.859865665435791,,
139800,4.5279622077941895,0.05,-5.199484825134277,,
139850,11.640239715576172,0.05,-3.6324615478515625,,
139900,6.062736511230469,0.05,-6.895103931427002,,
139950,10.91771411895752,0.05,-5.544826984405518,,
140000,1.419406533241272,0.05,-4.440070152282715,,
140050,0.690036952495575,0.05,-4.39368200302124,,
140100,4.293722152709961,0.05,-3.922121047973633,,
140150,22.2116641998291,0.05,-6.97607946395874,,
140200,20.43592643737793,0.05,-5.001351833343506,,
140250,43.92623519897461,0.05,-6.474314212799072,,
140300,10.842328071594238,0.05,-7.304368495941162,,
140350,17.116857528686523,0.05,-6.444033145904541,,
140400,12.349322319030762,0.05,-5.35038423538208,,
140450,7.167273998260498,0.05,-4.0929694175720215,,
140500,4.968204021453857,0.05,-6.400741100311279,,
140550,9.351407051086426,0.05,-6.779139041900635,,
140600,1.7864278554916382,0.05,-4.958153247833252,,
140650,1.665004849433899,0.05,-5.162495136260986,,
140700,7.271387577056885,0.05,-5.368855953216553,,
140750,6.140256881713867,0.05,-6.439052104949951,,
140800,8.640549659729004,0.05,-6.754855632781982,,
140850,10.963513374328613,0.05,-4.493927478790283,,
140900,17.41559410095215,0.05,-5.428669452667236,,
140950,1.3087455034255981,0.05,-5.2288923263549805,,
141000,6.646724224090576,0.05,-5.362428665161133,,
141050,3.9398930072784424,0.05,-4.885238170623779,,
141100,37.7830696105957,0.05,-6.494892597198486,,
141150,13.156258583068848,0.05,-4.690783977508545,,
141200,8.637742042541504,0.05,-6.120737075805664,,
141250,9.521431922912598,0.05,-5.373903751373291,,
141300,6.434840679168701,0.05,-6.455347537994385,,
141350,6.866286754608154,0.05,-5.88459587097168,,
141400,8.129325866699219,0.05,-5.810544490814209,,
141450,3.908334732055664,0.05,-6.06908655166626,,
141500,1.3904527425765991,0.05,-5.562593460083008,,
141550,15.76212215423584,0.05,-5.789072036743164,,
141600,3.7503502368927,0.05,-4.569015979766846,,
141650,9.967551231384277,0.05,-6.912648677825928,,
141700,1.5942902565002441,0.05,-5.605244159698486,,
141750,0.7468813061714172,0.05,-4.94305419921875,,
141800,1.035441517829895,0.05,-6.132045269012451,,
141850,15.874141693115234,0.05,-5.3475022315979,,
141900,6.46992826461792,0.05,-4.874632358551025,,
141950,0.3651064336299896,0.05,-6.547176361083984,,
142000,9.966187477111816,0.05,-6.150289535522461,,
142050,9.30732250213623,0.05,-5.677598476409912,,
142100,4.765222072601318,0.05,-4.763923645019531,,
142150,2.8154709339141846,0.05,-5.668985366821289,,
142200,18.913198471069336,0.05,-5.521983623504639,,
142250,6.325146198272705,0.05,-6.521981716156006,,
142300,10.813349723815918,0.05,-4.818427085876465,,
142350,9.052912712097168,0.05,-6.787757873535156,,
142400,28.817853927612305,0.05,-7.343605041503906,,
142450,8.078423500061035,0.05,-5.6424736976623535,,
142500,2.829774856567383,0.05,-7.631109237670898,,
142550,11.265118598937988,0.05,-4.547951698303223,,
142600,8.872408866882324,0.05,-5.234340667724609,,
142650,16.97451400756836,0.05,-6.163320064544678,,
142700,8.179166793823242,0.05,-6.499207973480225,,
142750,19.796865463256836,0.05,-6.0774245262146,,
142800,4.356015205383301,0.05,-6.520827770233154,,
142850,5.706517696380615,0.05,-5.33090877532959,,
142900,3.9594528675079346,0.05,-6.212149143218994,,
142950,3.0712616443634033,0.05,-4.169510364532471,,
143000,0.15332673490047455,0.05,-4.621842384338379,,
143050,14.324374198913574,0.05,-4.298182964324951,,
143100,12.740769386291504,0.05,-4.431466579437256,,
143150,4.02782678604126,0.05,-5.460596084594727,,
143200,21.16600799560547,0.05,-6.33534574508667,,
143250,1.728277564048767,0.05,-7.118831634521484,,
143300,0.6543355584144592,0.05,-6.202909469604492,,
143350,0.8993127942085266,0.05,-5.001419544219971,,
143400,6.255681991577148,0.05,-5.368238925933838,,
143450,1.6123734712600708,0.05,-4.66709041595459,,
143500,4.763739109039307,0.05,-5.3229594230651855,,
143550,0.3508860170841217,0.05,-5.381267547607422,,
143600,8.430830001831055,0.05,-5.526988983154297,,
143650,27.69319725036621,0.05,-6.6921844482421875,,
143700,11.630905151367188,0.05,-4.7084832191467285,,
143750,9.104109764099121,0.05,-6.6582183837890625,,
143800,18.31987190246582,0.05,-7.396191120147705,,
143850,3.9628283977508545,0.05,-4.621201992034912,,
143900,0.46002569794654846,0.05,-4.468230724334717,,
143950,3.0379559993743896,0.05,-5.918548583984375,,
144000,26.876039505004883,0.05,-6.417751312255859,,
144050,18.195436477661133,0.05,-5.425465106964111,,
144100,8.62502384185791,0.05,-4.663090229034424,,
144150,1.592039942741394,0.05,-5.300062656402588,,
144200,14.055034637451172,0.05,-5.235552787780762,,
144250,0.4606728255748749,0.05,-5.509507656097412,,
144300,10.856698036193848,0.05,-4.490310192108154,,
144350,13.002623558044434,0.05,-5.465036869049072,,
144400,17.285484313964844,0.05,-5.050106048583984,,
144450,7.938083171844482,0.05,-4.822843074798584,,
144500,12.137606620788574,0.05,-4.552484035491943,,
144550,17.22922706604004,0.05,-6.48382568359375,,
144600,3.9398915767669678,0.05,-5.9494171142578125,,
144650,0.41904690861701965,0.05,-4.795896053314209,,
144700,17.84974479675293,0.05,-6.837429523468018,,
144750,6.741825103759766,0.05,-5.29599142074585,,
144800,7.887678146362305,0.05,-4.6072235107421875,,
144850,6.6464362144470215,0.05,-6.637001037597656,,
144900,3.1854419708251953,0.05,-4.952482223510742,,
144950,14.227665901184082,0.05,-6.556390285491943,,
145000,20.30699348449707,0.05,-4.481788158416748,,
145050,22.272226333618164,0.05,-6.0397515296936035,,
145100,0.3925305902957916,0.05,-4.603621482849121,,
145150,36.983177185058594,0.05,-5.9798502922058105,,
145200,22.925048828125,0.05,-6.747890472412109,,
145250,2.472119092941284,0.05,-5.708855152130127,,
145300,9.847493171691895,0.05,-4.252832889556885,,
145350,12.099170684814453,0.05,-5.047080039978027,,
145400,6.550099849700928,0.05,-5.022752285003662,,
145450,3.9737842082977295,0.05,-5.293304920196533,,
145500,7.3921732902526855,0.05,-3.8609158992767334,,
145550,19.921781539916992,0.05,-5.842733383178711,,
145600,0.8785026669502258,0.05,-6.807835102081299,,
145650,0.3516876995563507,0.05,-7.130532741546631,,
145700,0.7637224793434143,0.05,-5.002102851867676,,
145750,10.845551490783691,0.05,-4.89607572555542,,
145800,1.3380228281021118,0.05,-6.89989709854126,,
145850,0.8750339150428772,0.05,-5.229342937469482,,
145900,6.644752502441406,0.05,-5.629217624664307,,
145950,1.1309441328048706,0.05,-4.833366870880127,,
146000,7.629181385040283,0.05,-5.112128257751465,,
146050,14.379860877990723,0.05,-4.85699987411499,,
146100,6.291208744049072,0.05,-4.619826793670654,,
146150,7.273706436157227,0.05,-6.5437235832214355,,
146200,12.633589744567871,0.05,-5.197547435760498,,
146250,1.0213717222213745,0.05,-4.99210262298584,,
146300,7.184638500213623,0.05,-4.405378818511963,,
146350,4.600583553314209,0.05,-5.802238464355469,,
146400,1.093392014503479,0.05,-4.359839916229248,,
146450,0.7872981429100037,0.05,-4.034104824066162,,
146500,0.7681977152824402,0.05,-5.703647136688232,,
146550,12.356708526611328,0.05,-6.151779651641846,,
146600,2.103245496749878,0.05,-5.874074459075928,,
146650,12.489106178283691,0.05,-5.745898723602295,,
146700,8.527570724487305,0.05,-5.8613433837890625,,
146750,28.057119369506836,0.05,-5.733011245727539,,
146800,12.56590747833252,0.05,-4.809351444244385,,
146850,1.4996380805969238,0.05,-5.7482476234436035,,
146900,42.28336715698242,0.05,-7.7178778648376465,,
146950,8.821566581726074,0.05,-6.406008243560791,,
147000,5.997857570648193,0.05,-4.706912994384766,,
147050,14.39161205291748,0.05,-4.713935375213623,,
147100,7.883710861206055,0.05,-6.8013081550598145,,
147150,21.774551391601562,0.05,-4.647005558013916,,
147200,3.9161970615386963,0.05,-4.162999153137207,,
147250,3.3256378173828125,0.05,-6.281044006347656,,
147300,0.35192379355430603,0.05,-4.1929097175598145,,
147350,6.110079288482666,0.05,-5.657205104827881,,
147400,5.114677429199219,0.05,-5.1570539474487305,,
147450,11.263895988464355,0.05,-5.768163681030273,,
147500,10.241780281066895,0.05,-4.843532562255859,,
147550,5.665523529052734,0.05,-4.432942867279053,,
147600,11.3986234664917,0.05,-4.982017517089844,,
147650,9.890174865722656,0.05,-5.739264011383057,,
147700,7.545225143432617,0.05,-4.570215702056885,,
147750,4.468997955322266,0.05,-5.917209625244141,,
147800,5.664949417114258,0.05,-4.685629367828369,,
147850,17.377649307250977,0.05,-6.236820220947266,,
147900,14.315760612487793,0.05,-5.156067848205566,,
147950,7.373073577880859,0.05,-3.747565984725952,,
148000,9.875052452087402,0.05,-5.1219162940979,,
148050,13.830853462219238,0.05,-4.49749755859375,,
148100,14.297710418701172,0.05,-5.5841965675354,,
148150,6.788320064544678,0.05,-4.327723503112793,,
148200,1.2783734798431396,0.05,-5.613560199737549,,
148250,13.789803504943848,0.05,-5.542564868927002,,
148300,12.052841186523438,0.05,-4.482030868530273,,
148350,28.059982299804688,0.05,-5.7426629066467285,,
148400,8.949828147888184,0.05,-4.39763069152832,,
148450,1.6847295761108398,0.05,-3.390690565109253,,
148500,14.679522514343262,0.05,-4.694075584411621,,
148550,12.378780364990234,0.05,-4.780082702636719,,
148600,7.560571193695068,0.05,-4.433646202087402,,
148650,10.96032428741455,0.05,-4.792210102081299,,
148700,11.022140502929688,0.05,-4.076286315917969,,
148750,4.69345760345459,0.05,-4.803311824798584,,
148800,1.518031120300293,0.05,-4.635348796844482,,
148850,7.474640369415283,0.05,-5.225367069244385,,
148900,0.33952954411506653,0.05,-4.310944080352783,,
148950,14.643519401550293,0.05,-5.274852752685547,,
149000,10.202949523925781,0.05,-4.816327095031738,,
149050,2.0575993061065674,0.05,-5.865079879760742,,
149100,10.434515953063965,0.05,-5.132931232452393,,
149150,14.183792114257812,0.05,-5.78176736831665,,
149200,20.634702682495117,0.05,-4.630852222442627,,
149250,3.3022613525390625,0.05,-4.008014678955078,,
149300,0.37326374650001526,0.05,-4.363951206207275,,
149350,3.776926040649414,0.05,-4.137026309967041,,
149400,1.9529393911361694,0.05,-4.05729341506958,,
149450,0.4367280900478363,0.05,-3.8889472484588623,,
149500,1.5526342391967773,0.05,-5.556042194366455,,
149550,2.6875553131103516,0.05,-4.467919826507568,,
149600,6.510013103485107,0.05,-4.833343029022217,,
149650,0.315934419631958,0.05,-4.485084056854248,,
149700,6.593698501586914,0.05,-5.524731159210205,,
149750,2.91272234916687,0.05,-4.1815409660339355,,
149800,7.311487674713135,0.05,-5.0655951499938965,,
149850,0.7517140507698059,0.05,-4.851039409637451,,
149900,0.7470008730888367,0.05,-3.2891857624053955,,
149950,0.1680968850851059,0.05,-3.8930091857910156,,
150000,4.800289154052734,0.05,-4.730918884277344,-0.9725802874620382,43.33333333333333
150050,6.208566188812256,0.05,-4.970835208892822,,
150100,9.687336921691895,0.05,-5.172922611236572,,
150150,2.662268877029419,0.05,-4.793356418609619,,
150200,7.223772048950195,0.05,-5.30977201461792,,
150250,10.482525825500488,0.05,-5.371223449707031,,
150300,0.7070518136024475,0.05,-3.5338666439056396,,
150350,0.6084498763084412,0.05,-5.91107702255249,,
150400,14.401652336120605,0.05,-5.449329376220703,,
150450,1.8749724626541138,0.05,-4.504157543182373,,
150500,4.549272060394287,0.05,-4.050456523895264,,
150550,22.150177001953125,0.05,-4.007333278656006,,
150600,1.0916521549224854,0.05,-4.070497512817383,,
150650,2.236882448196411,0.05,-5.2405877113342285,,
150700,1.2210594415664673,0.05,-4.930970668792725,,
150750,1.4342080354690552,0.05,-3.658142328262329,,
150800,0.3583707809448242,0.05,-4.431803226470947,,
150850,10.281936645507812,0.05,-6.073000431060791,,
150900,1.0806822776794434,0.05,-5.011878967285156,,
150950,4.057040691375732,0.05,-5.362769603729248,,
151000,16.826871871948242,0.05,-4.674142360687256,,
151050,4.896674156188965,0.05,-5.303106784820557,,
151100,9.548565864562988,0.05,-7.470513820648193,,
151150,16.603059768676758,0.05,-5.613940715789795,,
151200,1.3329600095748901,0.05,-5.333263874053955,,
151250,7.717923641204834,0.05,-4.496779918670654,,
151300,1.3894339799880981,0.05,-5.39155387878418,,
151350,16.38663673400879,0.05,-4.741065979003906,,
151400,22.699739456176758,0.05,-5.934230804443359,,
151450,14.913407325744629,0.05,-4.730037689208984,,
151500,1.3080254793167114,0.05,-4.61983585357666,,
151550,0.2685679495334625,0.05,-4.582350730895996,,
151600,0.715427577495575,0.05,-4.2917656898498535,,
151650,2.7061824798583984,0.05,-6.884167194366455,,
151700,0.405902236700058,0.05,-5.190549850463867,,
151750,8.589856147766113,0.05,-5.281927108764648,,
151800,1.7744876146316528,0.05,-6.153604030609131,,
151850,2.701155424118042,0.05,-3.8487625122070312,,
151900,12.686537742614746,0.05,-4.125333309173584,,
151950,21.50244903564453,0.05,-5.82257080078125,,
152000,13.35412311553955,0.05,-5.160595893859863,,
152050,8.554913520812988,0.05,-4.790006160736084,,
152100,19.81072425842285,0.05,-4.624179840087891,,
152150,10.845016479492188,0.05,-6.488783359527588,,
152200,2.6838436126708984,0.05,-3.0654613971710205,,
152250,1.7913217544555664,0.05,-3.6659324169158936,,
152300,3.012859582901001,0.05,-3.1419174671173096,,
152350,4.44407844543457,0.05,-5.278409004211426,,
152400,3.765148878097534,0.05,-3.550461530685425,,
152450,0.7171663641929626,0.05,-4.049880504608154,,
152500,7.562452793121338,0.05,-4.771625995635986,,
152550,12.73226261138916,0.05,-2.9695262908935547,,
152600,9.582168579101562,0.05,-6.07709264755249,,
152650,0.16886180639266968,0.05,-4.066017150878906,,
152700,2.8274898529052734,0.05,-3.684692144393921,,
152750,0.18529611825942993,0.05,-4.539495468139648,,
152800,2.543400526046753,0.05,-3.9514763355255127,,
152850,37.48575973510742,0.05,-5.734565258026123,,
152900,8.912762641906738,0.05,-4.646141529083252,,
152950,4.480207920074463,0.05,-4.869750499725342,,
153000,0.26496046781539917,0.05,-2.656118392944336,,
153050,0.9156317114830017,0.05,-2.9996750354766846,,
153100,0.17685197293758392,0.05,-3.1009206771850586,,
153150,0.5392667651176453,0.05,-3.8663690090179443,,
153200,12.218379020690918,0.05,-5.128309726715088,,
153250,2.7821948528289795,0.05,-4.125496864318848,,
153300,0.8754118084907532,0.05,-4.738809585571289,,
153350,26.031219482421875,0.05,-4.585398197174072,,
153400,17.51774024963379,0.05,-4.337968349456787,,
153450,32.318111419677734,0.05,-5.624017238616943,,
153500,9.723584175109863,0.05,-4.454830169677734,,
153550,23.262405395507812,0.05,-6.397059917449951,,
153600,4.8109307289123535,0.05,-4.118533611297607,,
153650,10.661273002624512,0.05,-3.4156129360198975,,
153700,8.818900108337402,0.05,-4.0903239250183105,,
153750,0.4402610957622528,0.05,-3.3282926082611084,,
153800,9.51296329498291,0.05,-4.838454723358154,,
153850,2.9559552669525146,0.05,-3.551461935043335,,
153900,2.9056169986724854,0.05,-4.275850296020508,,
153950,11.679732322692871,0.05,-3.8806474208831787,,
154000,2.5121426582336426,0.05,-4.402782440185547,,
154050,5.36907434463501,0.05,-5.082563877105713,,
154100,3.5997447967529297,0.05,-4.154088497161865,,
154150,25.411745071411133,0.05,-4.415151119232178,,
154200,5.685255527496338,0.05,-4.059874534606934,,
154250,12.159037590026855,0.05,-3.7242259979248047,,
154300,9.07770824432373,0.05,-4.405256271362305,,
154350,19.934213638305664,0.05,-4.642877578735352,,
154400,0.9222384095191956,0.05,-3.8661539554595947,,
154450,6.329145431518555,0.05,-5.95183801651001,,
154500,6.169656276702881,0.05,-3.5100250244140625,,
154550,2.0752716064453125,0.05,-4.639016628265381,,
154600,7.202213287353516,0.05,-5.147222518920898,,
154650,10.62903118133545,0.05,-5.655799388885498,,
154700,5.229838848114014,0.05,-5.137588024139404,,
154750,3.4395925998687744,0.05,-3.429734468460083,,
154800,30.594701766967773,0.05,-4.963967800140381,,
154850,3.331040143966675,0.05,-4.754047870635986,,
154900,11.414822578430176,0.05,-5.449220180511475,,
154950,14.784942626953125,0.05,-6.299746036529541,,
155000,18.601160049438477,0.05,-4.511225700378418,,
155050,18.365121841430664,0.05,-5.370238780975342,,
155100,21.339059829711914,0.05,-5.674742221832275,,
155150,12.361058235168457,0.05,-2.990985870361328,,
155200,0.34157276153564453,0.05,-2.7458574771881104,,
155250,0.5788650512695312,0.05,-5.261825084686279,,
155300,0.3170562982559204,0.05,-4.1625895500183105,,
155350,0.8721697926521301,0.05,-6.678892612457275,,
155400,2.778754949569702,0.05,-4.481298923492432,,
155450,1.2433967590332031,0.05,-4.085869312286377,,
155500,13.684229850769043,0.05,-6.45367956161499,,
155550,0.17755907773971558,0.05,-3.67110538482666,,
155600,19.01776123046875,0.05,-4.752634525299072,,
155650,0.6677937507629395,0.05,-4.104583263397217,,
155700,23.26186180114746,0.05,-5.1570634841918945,,
155750,4.4068217277526855,0.05,-4.989562511444092,,
155800,19.36086082458496,0.05,-4.530920028686523,,
155850,10.559128761291504,0.05,-4.939533233642578,,
155900,7.6087117195129395,0.05,-4.347651481628418,,
155950,11.554472923278809,0.05,-4.916544437408447,,
156000,0.5332517027854919,0.05,-2.7844889163970947,,
156050,22.724679946899414,0.05,-4.459606170654297,,
156100,0.6129025220870972,0.05,-5.076849460601807,,
156150,39.94770431518555,0.05,-6.586635112762451,,
156200,10.892304420471191,0.05,-4.723093032836914,,
156250,13.689164161682129,0.05,-5.54163932800293,,
156300,3.715736150741577,0.05,-5.848446369171143,,
156350,20.09227180480957,0.05,-5.142679691314697,,
156400,5.21154260635376,0.05,-4.403149127960205,,
156450,5.099420070648193,0.05,-3.2637321949005127,,
156500,12.347546577453613,0.05,-5.904447078704834,,
156550,0.22363607585430145,0.05,-2.493147134780884,,
156600,14.562030792236328,0.05,-2.732243299484253,,
156650,9.848795890808105,0.05,-3.327631950378418,,
156700,0.6810736060142517,0.05,-2.541072368621826,,
156750,15.875739097595215,0.05,-4.416763782501221,,
156800,5.358827590942383,0.05,-4.620439529418945,,
156850,22.38372802734375,0.05,-4.501694202423096,,
156900,0.165013387799263,0.05,-2.6143906116485596,,
156950,3.310140371322632,0.05,-4.563229084014893,,
157000,18.614181518554688,0.05,-5.754327297210693,,
157050,11.909339904785156,0.05,-4.374142169952393,,
157100,38.29361343383789,0.05,-5.480296611785889,,
157150,7.107174396514893,0.05,-3.10796856880188,,
157200,6.006727695465088,0.05,-4.235222339630127,,
157250,3.437180757522583,0.05,-4.342721939086914,,
157300,1.5264135599136353,0.05,-3.9789342880249023,,
157350,12.780013084411621,0.05,-4.255015850067139,,
157400,13.0370454788208,0.05,-4.50777530670166,,
157450,8.171143531799316,0.05,-7.536687850952148,,
157500,7.95062780380249,0.05,-4.588523864746094,,
157550,1.9021741151809692,0.05,-4.903581142425537,,
157600,18.105878829956055,0.05,-5.029041290283203,,
157650,11.426239967346191,0.05,-5.14924430847168,,
157700,1.8378092050552368,0.05,-5.0871171951293945,,
157750,1.8294416666030884,0.05,-4.149754047393799,,
157800,11.356037139892578,0.05,-2.9324090480804443,,
157850,5.089285850524902,0.05,-6.2206501960754395,,
157900,17.215696334838867,0.05,-4.017226696014404,,
157950,8.216704368591309,0.05,-3.7453205585479736,,
158000,16.588449478149414,0.05,-6.439098358154297,,
158050,14.440812110900879,0.05,-3.4732885360717773,,
158100,24.824983596801758,0.05,-6.313939571380615,,
158150,3.5723154544830322,0.05,-4.354785442352295,,
158200,13.189545631408691,0.05,-3.9507930278778076,,
158250,0.6678592562675476,0.05,-3.5949716567993164,,
158300,17.414403915405273,0.05,-3.8978452682495117,,
158350,0.7767448425292969,0.05,-3.7038488388061523,,
158400,2.8497626781463623,0.05,-3.562180280685425,,
158450,14.704337120056152,0.05,-3.831559181213379,,
158500,19.0593318939209,0.05,-3.8046875,,
158550,4.0221381187438965,0.05,-4.888087749481201,,
158600,20.21415901184082,0.05,-4.9348931312561035,,
158650,26.916152954101562,0.05,-5.624088287353516,,
158700,14.196556091308594,0.05,-4.330480098724365,,
158750,0.7799816131591797,0.05,-3.3273627758026123,,
158800,18.566389083862305,0.05,-3.7153403759002686,,
158850,25.90288734436035,0.05,-3.970813751220703,,
158900,3.2435343265533447,0.05,-2.7905495166778564,,
158950,0.6968629956245422,0.05,-3.72540283203125,,
159000,11.575889587402344,0.05,-5.795645236968994,,
159050,8.19718074798584,0.05,-4.1315741539001465,,
159100,3.0448315143585205,0.05,-4.18784761428833,,
159150,6.478683948516846,0.05,-4.015577793121338,,
159200,3.7530581951141357,0.05,-3.7095375061035156,,
159250,2.8306617736816406,0.05,-4.048551559448242,,
159300,12.191882133483887,0.05,-5.285741329193115,,
159350,22.822341918945312,0.05,-4.755908489227295,,
159400,4.222966194152832,0.05,-5.44468355178833,,
159450,0.41562995314598083,0.05,-4.582854747772217,,
159500,18.324291229248047,0.05,-5.099990367889404,,
159550,15.226852416992188,0.05,-4.895580768585205,,
159600,40.28059768676758,0.05,-6.149013042449951,,
159650,6.863132953643799,0.05,-4.7370924949646,,
159700,21.497716903686523,0.05,-5.116479873657227,,
159750,0.09195876866579056,0.05,-3.1156206130981445,,
159800,6.744446277618408,0.05,-6.110723972320557,,
159850,12.910850524902344,0.05,-3.4399330615997314,,
159900,14.28893756866455,0.05,-4.228931427001953,,
159950,25.30164337158203,0.05,-4.551401615142822,,
160000,13.258869171142578,0.05,-5.644837856292725,,
160050,6.772243022918701,0.05,-4.581695556640625,,
160100,6.732663631439209,0.05,-6.142932415008545,,
160150,5.8964924812316895,0.05,-4.000938892364502,,
160200,14.94294261932373,0.05,-4.319840908050537,,
160250,27.75006675720215,0.05,-5.358482837677002,,
160300,0.7057060599327087,0.05,-4.890890121459961,,
160350,20.166128158569336,0.05,-3.891960859298706,,
160400,5.506048202514648,0.05,-3.9509756565093994,,
160450,5.785995960235596,0.05,-5.325085163116455,,
160500,7.586611270904541,0.05,-5.486433029174805,,
160550,4.812838077545166,0.05,-4.601186275482178,,
160600,9.34046459197998,0.05,-5.7415924072265625,,
160650,10.70114517211914,0.05,-4.8008551597595215,,
160700,3.3573105335235596,0.05,-4.822146892547607,,
160750,1.1071828603744507,0.05,-4.819797992706299,,
160800,8.158921241760254,0.05,-5.097943305969238,,
160850,2.3456084728240967,0.05,-3.9986038208007812,,
160900,8.12790584564209,0.05,-4.450439929962158,,
160950,18.816999435424805,0.05,-5.21286678314209,,
161000,7.070168972015381,0.05,-4.985646724700928,,
161050,17.148399353027344,0.05,-4.63292121887207,,
161100,1.7338281869888306,0.05,-5.073129653930664,,
161150,11.623860359191895,0.05,-4.46121072769165,,
161200,10.798751831054688,0.05,-3.859375238418579,,
161250,2.5970470905303955,0.05,-4.2389302253723145,,
161300,18.51195526123047,0.05,-4.374458312988281,,
161350,14.592388153076172,0.05,-5.181065082550049,,
161400,5.121097564697266,0.05,-4.51585578918457,,
161450,2.3243701457977295,0.05,-5.374851226806641,,
161500,6.94589376449585,0.05,-4.607192039489746,,
161550,1.2543607950210571,0.05,-4.4393486976623535,,
161600,3.107208490371704,0.05,-4.186574459075928,,
161650,6.471442699432373,0.05,-4.3479323387146,,
161700,1.387069821357727,0.05,-4.442781448364258,,
161750,11.393441200256348,0.05,-3.854344129562378,,
161800,2.0447559356689453,0.05,-5.030920505523682,,
161850,7.322792053222656,0.05,-4.887143611907959,,
161900,6.1348490715026855,0.05,-4.14670991897583,,
161950,4.87863302230835,0.05,-4.703568935394287,,
162000,3.387403726577759,0.05,-4.169164180755615,,
162050,9.071563720703125,0.05,-6.64158296585083,,
162100,11.28960132598877,0.05,-4.168880462646484,,
162150,0.10341907292604446,0.05,-3.8715741634368896,,
162200,7.133100509643555,0.05,-4.63119649887085,,
162250,2.605898380279541,0.05,-6.354025363922119,,
162300,9.600836753845215,0.05,-4.32046365737915,,
162350,0.5041022896766663,0.05,-4.704691410064697,,
162400,3.3670523166656494,0.05,-4.875331878662109,,
162450,7.206698894500732,0.05,-5.111391544342041,,
162500,5.747457027435303,0.05,-6.176662921905518,,
162550,0.726555347442627,0.05,-4.474560260772705,,
162600,3.799070358276367,0.05,-4.400994300842285,,
162650,3.6433000564575195,0.05,-4.608032703399658,,
162700,24.578584671020508,0.05,-5.161828994750977,,
162750,25.906143188476562,0.05,-3.994901657104492,,
162800,9.46196460723877,0.05,-3.317453622817993,,
162850,7.933845043182373,0.05,-4.6288909912109375,,
162900,15.8666353225708,0.05,-4.562986850738525,,
162950,7.089748859405518,0.05,-4.455128192901611,,
163000,18.707372665405273,0.05,-4.199385166168213,,
163050,2.7144880294799805,0.05,-3.7684402465820312,,
163100,2.092684507369995,0.05,-6.169557571411133,,
163150,0.38353678584098816,0.05,-4.662905216217041,,
163200,2.7846853733062744,0.05,-4.291899681091309,,
163250,6.479468822479248,0.05,-4.518295764923096,,
163300,6.377162933349609,0.05,-5.1339335441589355,,
163350,4.725021839141846,0.05,-4.7279534339904785,,
163400,25.3955020904541,0.05,-4.098504543304443,,
163450,1.4416896104812622,0.05,-4.478214740753174,,
163500,11.252723693847656,0.05,-5.125265598297119,,
163550,0.5888422131538391,0.05,-6.191552639007568,,
163600,7.354245662689209,0.05,-4.766870021820068,,
163650,7.994062900543213,0.05,-6.031710147857666,,
163700,4.153117656707764,0.05,-4.492945194244385,,
163750,17.93958854675293,0.05,-4.728856563568115,,
163800,7.7265706062316895,0.05,-6.2695631980896,,
163850,1.3809105157852173,0.05,-4.940584659576416,,
163900,7.219705104827881,0.05,-5.8237175941467285,,
163950,24.531461715698242,0.05,-4.887026309967041,,
164000,19.746631622314453,0.05,-4.629893779754639,,
164050,0.47423169016838074,0.05,-4.685263156890869,,
164100,3.8954970836639404,0.05,-5.618521213531494,,
164150,3.6794469356536865,0.05,-3.936206102371216,,
164200,10.597923278808594,0.05,-5.349479675292969,,
164250,7.202569961547852,0.05,-5.647621154785156,,
164300,7.079701900482178,0.05,-4.918771266937256,,
164350,5.23933744430542,0.05,-4.23598051071167,,
164400,7.227596282958984,0.05,-4.985589027404785,,
164450,2.9640824794769287,0.05,-4.772270679473877,,
164500,21.088077545166016,0.05,-5.823446273803711,,
164550,27.066892623901367,0.05,-7.080841541290283,,
164600,0.725776731967926,0.05,-3.9431068897247314,,
164650,0.32618170976638794,0.05,-4.840147495269775,,
164700,11.850480079650879,0.05,-4.65278959274292,,
164750,12.586432456970215,0.05,-5.270104885101318,,
164800,7.867381572723389,0.05,-7.2591705322265625,,
164850,2.8602254390716553,0.05,-5.631435871124268,,
164900,7.925409317016602,0.05,-4.74897575378418,,
164950,6.574314117431641,0.05,-4.226569175720215,,
165000,4.866458415985107,0.05,-5.077113151550293,,
165050,0.652894914150238,0.05,-6.025797367095947,,
165100,17.566497802734375,0.05,-5.911355972290039,,
165150,3.6037280559539795,0.05,-4.981971263885498,,
165200,0.9371784329414368,0.05,-5.644939422607422,,
165250,11.01517391204834,0.05,-4.879518032073975,,
165300,17.430574417114258,0.05,-6.523834705352783,,
165350,14.896553039550781,0.05,-5.240269184112549,,
165400,14.534988403320312,0.05,-5.27642297744751,,
165450,7.817138671875,0.05,-5.11375093460083,,
165500,15.754719734191895,0.05,-6.324720859527588,,
165550,0.2918539047241211,0.05,-6.063843250274658,,
165600,8.860260009765625,0.05,-6.134480953216553,,
165650,11.268193244934082,0.05,-5.839718341827393,,
165700,5.322348117828369,0.05,-4.000575065612793,,
165750,2.907611131668091,0.05,-4.739131927490234,,
165800,11.351906776428223,0.05,-6.941394805908203,,
165850,16.49998664855957,0.05,-5.875970363616943,,
165900,12.600239753723145,0.05,-4.538952350616455,,
165950,3.7226788997650146,0.05,-5.326892375946045,,
166000,15.40886402130127,0.05,-4.693917751312256,,
166050,0.28612497448921204,0.05,-4.517424583435059,,
166100,4.023508548736572,0.05,-6.266714572906494,,
166150,3.4899861812591553,0.05,-4.242789268493652,,
166200,22.859865188598633,0.05,-7.319290637969971,,
166250,11.29411792755127,0.05,-5.414911270141602,,
166300,7.197175979614258,0.05,-5.261246204376221,,
166350,1.8433934450149536,0.05,-5.692662715911865,,
166400,17.449153900146484,0.05,-6.362645626068115,,
166450,21.657594680786133,0.05,-5.121196269989014,,
166500,3.0357139110565186,0.05,-3.8318252563476562,,
166550,1.6540457010269165,0.05,-7.464233875274658,,
166600,0.4893381595611572,0.05,-6.164875507354736,,
166650,4.681367874145508,0.05,-4.279548168182373,,
166700,3.6899874210357666,0.05,-5.061516284942627,,
166750,2.7995786666870117,0.05,-5.424192428588867,,
166800,2.1991689205169678,0.05,-5.884584426879883,,
166850,18.2515926361084,0.05,-5.496047496795654,,
166900,17.013774871826172,0.05,-7.118319034576416,,
166950,5.801605224609375,0.05,-3.7010717391967773,,
167000,1.7535640001296997,0.05,-6.378065586090088,,
167050,15.025139808654785,0.05,-5.0332818031311035,,
167100,22.863779067993164,0.05,-4.977531909942627,,
167150,8.501569747924805,0.05,-5.347501277923584,,
167200,12.552898406982422,0.05,-5.196345806121826,,
167250,5.387381076812744,0.05,-5.620027542114258,,
167300,13.277623176574707,0.05,-4.742037773132324,,
167350,12.697871208190918,0.05,-5.578755855560303,,
167400,1.569949984550476,0.05,-5.218533515930176,,
167450,19.32380485534668,0.05,-7.511556625366211,,
167500,16.09974479675293,0.05,-5.448944568634033,,
167550,11.336833953857422,0.05,-6.573754787445068,,
167600,12.201377868652344,0.05,-6.261138916015625,,
167650,29.444902420043945,0.05,-5.71469259262085,,
167700,11.83452320098877,0.05,-4.236754894256592,,
167750,14.707732200622559,0.05,-5.1299004554748535,,
167800,28.025781631469727,0.05,-4.537552356719971,,
167850,10.057583808898926,0.05,-4.916087627410889,,
167900,9.1787748336792,0.05,-5.577932357788086,,
167950,3.088245153427124,0.05,-4.52815580368042,,
168000,21.13857650756836,0.05,-5.117520332336426,,
168050,7.06018590927124,0.05,-6.261274337768555,,
168100,14.610430717468262,0.05,-5.715888977050781,,
168150,7.691953182220459,0.05,-5.827272415161133,,
168200,1.6659499406814575,0.05,-5.031256198883057,,
168250,12.74285888671875,0.05,-5.581195831298828,,
168300,8.824584007263184,0.05,-4.526112079620361,,
168350,7.6934661865234375,0.05,-4.8335185050964355,,
168400,11.987918853759766,0.05,-5.972069263458252,,
168450,1.6070266962051392,0.05,-4.582960605621338,,
168500,5.966299533843994,0.05,-4.378128528594971,,
168550,0.2308156043291092,0.05,-3.6040947437286377,,
168600,3.6047041416168213,0.05,-4.828105926513672,,
168650,1.0723341703414917,0.05,-5.7837300300598145,,
168700,12.2879056930542,0.05,-4.334909915924072,,
168750,7.690802097320557,0.05,-4.471685409545898,,
168800,2.961663007736206,0.05,-5.304966449737549,,
168850,1.2126291990280151,0.05,-4.780521392822266,,
168900,10.151469230651855,0.05,-4.489675521850586,,
168950,20.04039764404297,0.05,-4.0585527420043945,,
169000,25.537818908691406,0.05,-5.119985580444336,,
169050,0.5662343502044678,0.05,-4.619322299957275,,
169100,11.721333503723145,0.05,-5.9349799156188965,,
169150,6.515587329864502,0.05,-4.53293514251709,,
169200,2.969454765319824,0.05,-4.718752384185791,,
169250,13.415207862854004,0.05,-4.773399829864502,,
169300,10.05195426940918,0.05,-5.715755462646484,,
169350,0.5596325397491455,0.05,-4.754722595214844,,
169400,2.4534337520599365,0.05,-6.102079391479492,,
169450,16.847700119018555,0.05,-4.3605780601501465,,
169500,6.428995609283447,0.05,-5.15140438079834,,
169550,14.147860527038574,0.05,-5.997669696807861,,
169600,13.525410652160645,0.05,-5.060726165771484,,
169650,3.192930221557617,0.05,-5.172173500061035,,
169700,0.960852861404419,0.05,-4.728304386138916,,
169750,2.5144712924957275,0.05,-5.785470962524414,,
169800,14.098225593566895,0.05,-5.877344608306885,,
169850,1.9786957502365112,0.05,-6.6169867515563965,,
169900,1.3460264205932617,0.05,-5.144425868988037,,
169950,0.252102255821228,0.05,-4.599240303039551,,
170000,0.4101038873195648,0.05,-5.1720871925354,,
170050,7.498206615447998,0.05,-5.9208502769470215,,
170100,11.069191932678223,0.05,-6.389009952545166,,
170150,13.004192352294922,0.05,-4.409586429595947,,
170200,26.254941940307617,0.05,-6.316773891448975,,
170250,1.5005393028259277,0.05,-5.30331563949585,,
170300,5.204715251922607,0.05,-4.490931510925293,,
170350,26.77826690673828,0.05,-6.483582019805908,,
170400,6.893798351287842,0.05,-5.798069477081299,,
170450,8.430183410644531,0.05,-5.288740634918213,,
170500,0.4194125235080719,0.05,-4.1005778312683105,,
170550,16.91132926940918,0.05,-5.71148157119751,,
170600,11.896954536437988,0.05,-5.508279323577881,,
170650,0.9426643252372742,0.05,-4.635033130645752,,
170700,0.24844901263713837,0.05,-4.16050386428833,,
170750,21.657028198242188,0.05,-5.562812805175781,,
170800,7.522748947143555,0.05,-4.015033721923828,,
170850,8.508033752441406,0.05,-4.765205383300781,,
170900,14.412127494812012,0.05,-8.003275871276855,,
170950,2.9299869537353516,0.05,-4.397955417633057,,
171000,17.19746971130371,0.05,-6.261097431182861,,
171050,18.46337127685547,0.05,-5.594911575317383,,
171100,52.35599899291992,0.05,-6.275424957275391,,
171150,14.917617797851562,0.05,-6.066159725189209,,
171200,1.6476854085922241,0.05,-5.494046688079834,,
171250,14.134350776672363,0.05,-3.9004085063934326,,
171300,19.96501350402832,0.05,-4.160539150238037,,
171350,16.870908737182617,0.05,-5.099041938781738,,
171400,14.202569007873535,0.05,-5.446651935577393,,
171450,9.22728443145752,0.05,-5.787155628204346,,
171500,0.9109824299812317,0.05,-5.166177272796631,,
171550,3.9474895000457764,0.05,-4.731174468994141,,
171600,8.935444831848145,0.05,-5.4198431968688965,,
171650,1.375895380973816,0.05,-5.960255146026611,,
171700,5.885865688323975,0.05,-6.504580974578857,,
171750,13.425515174865723,0.05,-5.709847927093506,,
171800,18.419649124145508,0.05,-6.33424186706543,,
171850,15.783356666564941,0.05,-5.571916103363037,,
171900,10.904585838317871,0.05,-6.095941066741943,,
171950,0.35818958282470703,0.05,-4.4420342445373535,,
172000,0.43080464005470276,0.05,-5.573496341705322,,
172050,9.309040069580078,0.05,-5.209914207458496,,
172100,11.344868659973145,0.05,-4.9796929359436035,,
172150,2.1010255813598633,0.05,-6.092523097991943,,
172200,2.6755988597869873,0.05,-4.402952194213867,,
172250,5.789773941040039,0.05,-5.4566779136657715,,
172300,1.4616961479187012,0.05,-5.670346736907959,,
172350,1.91270112991333,0.05,-5.450471878051758,,
172400,8.915572166442871,0.05,-4.9663872718811035,,
172450,8.774195671081543,0.05,-6.374202251434326,,
172500,14.101550102233887,0.05,-5.247304916381836,,
172550,14.523526191711426,0.05,-4.759943008422852,,
172600,0.7375984787940979,0.05,-5.724948406219482,,
172650,1.0554348230361938,0.05,-5.200132846832275,,
172700,3.1785247325897217,0.05,-4.421285152435303,,
172750,0.5601734519004822,0.05,-6.6236114501953125,,
172800,3.6255877017974854,0.05,-5.646462917327881,,
172850,12.214137077331543,0.05,-5.708627223968506,,
172900,17.694799423217773,0.05,-5.379890441894531,,
172950,3.7888195514678955,0.05,-5.822147846221924,,
173000,3.2309179306030273,0.05,-4.404646396636963,,
173050,0.7374648451805115,0.05,-4.940736770629883,,
173100,1.438730239868164,0.05,-5.396526336669922,,
173150,4.86837911605835,0.05,-4.779341220855713,,
173200,1.9436229467391968,0.05,-4.99865198135376,,
173250,8.512125968933105,0.05,-5.1535868644714355,,
173300,9.175793647766113,0.05,-6.950750827789307,,
173350,9.924626350402832,0.05,-4.928470134735107,,
173400,14.318344116210938,0.05,-5.2707037925720215,,
173450,10.738053321838379,0.05,-3.9807727336883545,,
173500,15.530288696289062,0.05,-5.883012294769287,,
173550,7.970424652099609,0.05,-4.9097795486450195,,
173600,7.5970540046691895,0.05,-5.667985439300537,,
173650,27.321088790893555,0.05,-6.040777683258057,,
173700,29.295480728149414,0.05,-4.837064266204834,,
173750,0.6600469350814819,0.05,-4.72102689743042,,
173800,0.7588590979576111,0.05,-5.7103190422058105,,
173850,12.09381103515625,0.05,-5.598543167114258,,
173900,10.710179328918457,0.05,-7.088247299194336,,
173950,22.242355346679688,0.05,-6.4873504638671875,,
174000,6.110909938812256,0.05,-5.542623519897461,,
174050,43.88126754760742,0.05,-7.38160514831543,,
174100,25.394990921020508,0.05,-4.9472737312316895,,
174150,21.85978126525879,0.05,-5.252542972564697,,
174200,10.148460388183594,0.05,-8.82493782043457,,
174250,9.474072456359863,0.05,-5.797094821929932,,
174300,31.325096130371094,0.05,-6.135287761688232,,
174350,4.413508892059326,0.05,-5.332014083862305,,
174400,2.2919325828552246,0.05,-7.40740442276001,,
174450,2.3270623683929443,0.05,-4.208736896514893,,
174500,44.24249267578125,0.05,-6.2482781410217285,,
174550,20.498884201049805,0.05,-5.694931507110596,,
174600,3.3550968170166016,0.05,-5.223237037658691,,
174650,11.293265342712402,0.05,-6.972133636474609,,
174700,23.496652603149414,0.05,-4.003997802734375,,
174750,0.6640802025794983,0.05,-4.8778204917907715,,
174800,3.855915069580078,0.05,-5.88972806930542,,
174850,0.5698148608207703,0.05,-3.6662700176239014,,
174900,17.61577033996582,0.05,-5.012385845184326,,
174950,11.213600158691406,0.05,-4.616841793060303,,
175000,6.388751983642578,0.05,-4.903695583343506,-0.8743754090321547,29.066666666666663
175050,5.872827053070068,0.05,-4.784881591796875,,
175100,26.726669311523438,0.05,-6.130937099456787,,
175150,6.42875862121582,0.05,-5.139422416687012,,
175200,1.2382090091705322,0.05,-4.314786434173584,,
175250,18.921066284179688,0.05,-6.158336162567139,,
175300,2.3936753273010254,0.05,-4.230072498321533,,
175350,6.946325302124023,0.05,-5.0078864097595215,,
175400,11.672608375549316,0.05,-5.606973171234131,,
175450,13.552818298339844,0.05,-5.955638408660889,,
175500,15.086516380310059,0.05,-5.137411594390869,,
175550,0.7895026206970215,0.05,-4.618920803070068,,
175600,14.253104209899902,0.05,-4.878544330596924,,
175650,2.8416550159454346,0.05,-4.892977714538574,,
175700,6.1919636726379395,0.05,-4.052862644195557,,
175750,1.2687870264053345,0.05,-4.719460964202881,,
175800,13.868663787841797,0.05,-5.701452255249023,,
175850,11.615386962890625,0.05,-6.133729934692383,,
175900,13.756543159484863,0.05,-5.105954647064209,,
175950,9.68448543548584,0.05,-5.184876918792725,,
176000,11.471259117126465,0.05,-4.600452423095703,,
176050,19.762678146362305,0.05,-3.571967363357544,,
176100,7.846978664398193,0.05,-5.249227046966553,,
176150,18.290857315063477,0.05,-4.589897632598877,,
176200,10.559333801269531,0.05,-6.575544834136963,,
176250,10.299956321716309,0.05,-4.634355068206787,,
176300,25.319747924804688,0.05,-5.656615734100342,,
176350,16.914514541625977,0.05,-6.401552200317383,,
176400,6.886303424835205,0.05,-5.905632495880127,,
176450,18.688926696777344,0.05,-6.441012859344482,,
176500,0.40463414788246155,0.05,-4.644597053527832,,
176550,6.125711917877197,0.05,-5.809238433837891,,
176600,29.220876693725586,0.05,-5.0520524978637695,,
176650,5.478553771972656,0.05,-4.964181423187256,,
176700,11.746150016784668,0.05,-5.394033908843994,,
176750,8.825606346130371,0.05,-6.630735874176025,,
176800,15.977675437927246,0.05,-4.466606140136719,,
176850,6.3708014488220215,0.05,-5.203071117401123,,
176900,21.110891342163086,0.05,-6.263261318206787,,
176950,14.265434265136719,0.05,-4.484539985656738,,
177000,11.29320240020752,0.05,-5.9262542724609375,,
177050,14.546966552734375,0.05,-5.559166431427002,,
177100,16.142719268798828,0.05,-5.556690216064453,,
177150,2.3786983489990234,0.05,-4.822971343994141,,
177200,9.26167106628418,0.05,-5.077620029449463,,
177250,13.261032104492188,0.05,-6.059104919433594,,
177300,7.50227165222168,0.05,-4.390769004821777,,
177350,8.875475883483887,0.05,-5.574437618255615,,
177400,4.4711785316467285,0.05,-5.866391658782959,,
177450,1.9115182161331177,0.05,-4.379830360412598,,
177500,8.6099214553833,0.05,-4.105416774749756,,
177550,12.464228630065918,0.05,-5.393394947052002,,
177600,4.353312015533447,0.05,-5.394487380981445,,
177650,6.535984516143799,0.05,-6.3828511238098145,,
177700,1.0220701694488525,0.05,-6.234462738037109,,
177750,18.02757453918457,0.05,-5.540660381317139,,
177800,7.983791351318359,0.05,-5.28083610534668,,
177850,10.199405670166016,0.05,-4.7593607902526855,,
177900,0.6413390040397644,0.05,-4.7883710861206055,,
177950,9.175591468811035,0.05,-5.103348255157471,,
178000,14.687182426452637,0.05,-4.560612201690674,,
178050,3.7068605422973633,0.05,-5.283975601196289,,
178100,1.4064183235168457,0.05,-5.2889018058776855,,
178150,8.734720230102539,0.05,-4.799936771392822,,
178200,11.833659172058105,0.05,-4.609114170074463,,
178250,12.894993782043457,0.05,-4.324166297912598,,
178300,10.178523063659668,0.05,-5.342222690582275,,
178350,2.1586177349090576,0.05,-5.653391361236572,,
178400,8.576854705810547,0.05,-5.661109924316406,,
178450,18.583845138549805,0.05,-5.552299499511719,,
178500,19.26857566833496,0.05,-4.9718451499938965,,
178550,0.6935806274414062,0.05,-4.734161376953125,,
178600,1.4890040159225464,0.05,-6.978483200073242,,
178650,15.749404907226562,0.05,-6.747097492218018,,
178700,2.2956788539886475,0.05,-4.632166385650635,,
178750,18.9637508392334,0.05,-5.940725803375244,,
178800,3.9576637744903564,0.05,-5.024543285369873,,
178850,15.801410675048828,0.05,-4.487553119659424,,
178900,20.03629493713379,0.05,-6.052547931671143,,
178950,5.882200717926025,0.05,-6.322080135345459,,
179000,11.122875213623047,0.05,-4.951289653778076,,
179050,0.3037585914134979,0.05,-4.533331871032715,,
179100,1.5266965627670288,0.05,-5.670417308807373,,
179150,11.238106727600098,0.05,-5.1382155418396,,
179200,29.812021255493164,0.05,-8.09171199798584,,
179250,19.22260093688965,0.05,-5.003146171569824,,
179300,4.30640172958374,0.05,-6.457032680511475,,
179350,6.847314357757568,0.05,-5.327169895172119,,
179400,4.7763895988464355,0.05,-4.315545558929443,,
179450,19.287609100341797,0.05,-3.6646788120269775,,
179500,9.382431983947754,0.05,-5.082101821899414,,
179550,7.523044109344482,0.05,-5.467923641204834,,
179600,6.034250736236572,0.05,-4.693112850189209,,
179650,1.759409785270691,0.05,-4.0680460929870605,,
179700,11.65649127960205,0.05,-5.938230514526367,,
179750,30.32245445251465,0.05,-6.39705228805542,,
179800,15.217545509338379,0.05,-7.8578972816467285,,
179850,6.972218990325928,0.05,-5.416492938995361,,
179900,7.345937252044678,0.05,-6.21751594543457,,
179950,10.904522895812988,0.05,-5.096391201019287,,
180000,0.44132599234580994,0.05,-3.4966251850128174,,
180050,6.777133464813232,0.05,-6.340661525726318,,
180100,1.2156699895858765,0.05,-5.272457599639893,,
180150,10.661473274230957,0.05,-4.4717326164245605,,
180200,13.289268493652344,0.05,-5.170644760131836,,
180250,3.736191987991333,0.05,-4.545642375946045,,
180300,3.5256128311157227,0.05,-4.307223796844482,,
180350,7.019958019256592,0.05,-4.835886478424072,,
180400,13.407271385192871,0.05,-7.0723090171813965,,
180450,14.125895500183105,0.05,-4.701434135437012,,
180500,3.151123046875,0.05,-4.241595268249512,,
180550,1.535959243774414,0.05,-3.8397514820098877,,
180600,7.711486339569092,0.05,-5.0290303230285645,,
180650,5.5853729248046875,0.05,-5.1530442237854,,
180700,2.6213481426239014,0.05,-4.084083557128906,,
180750,7.138496398925781,0.05,-4.884640693664551,,
180800,0.6062718033790588,0.05,-4.993307590484619,,
180850,7.837125778198242,0.05,-5.241634845733643,,
180900,11.06937026977539,0.05,-6.086666584014893,,
180950,7.059179782867432,0.05,-5.393011093139648,,
181000,11.672677040100098,0.05,-5.759154796600342,,
181050,4.1440749168396,0.05,-3.5662286281585693,,
181100,1.9061552286148071,0.05,-5.9517998695373535,,
181150,4.765805721282959,0.05,-5.068696022033691,,
181200,0.7318777441978455,0.05,-4.3680739402771,,
181250,2.7083404064178467,0.05,-5.339687347412109,,
181300,8.671406745910645,0.05,-5.218874931335449,,
181350,1.1453794240951538,0.05,-5.536705017089844,,
181400,0.2088836431503296,0.05,-4.209655284881592,,
181450,0.5083065629005432,0.05,-4.805306911468506,,
181500,8.128792762756348,0.05,-5.375940322875977,,
181550,8.759164810180664,0.05,-4.279256343841553,,
181600,6.726810455322266,0.05,-4.436283111572266,,
181650,0.7220198512077332,0.05,-5.02991247177124,,
181700,9.656791687011719,0.05,-5.987046718597412,,
181750,0.45127400755882263,0.05,-3.992469549179077,,
181800,9.11900806427002,0.05,-5.433420658111572,,
181850,8.156111717224121,0.05,-5.17073392868042,,
181900,4.097080707550049,0.05,-4.744737148284912,,
181950,3.9406421184539795,0.05,-6.01432466506958,,
182000,10.07421588897705,0.05,-4.902101993560791,,
182050,5.981706142425537,0.05,-6.213967800140381,,
182100,0.48845192790031433,0.05,-5.646132946014404,,
182150,6.713324069976807,0.05,-6.075288772583008,,
182200,0.34347793459892273,0.05,-4.402980804443359,,
182250,5.657883167266846,0.05,-5.9023261070251465,,
182300,4.061716556549072,0.05,-4.959711074829102,,
182350,4.416867733001709,0.05,-3.724336624145508,,
182400,6.81076192855835,0.05,-4.092254638671875,,
182450,5.563445568084717,0.05,-3.937692642211914,,
182500,19.95185661315918,0.05,-5.277676105499268,,
182550,1.3304847478866577,0.05,-4.291922569274902,,
182600,2.0471882820129395,0.05,-3.85131573677063,,
182650,2.7040374279022217,0.05,-3.844395637512207,,
182700,6.690706729888916,0.05,-4.989063739776611,,
182750,15.347854614257812,0.05,-6.161735534667969,,
182800,1.0503805875778198,0.05,-4.248907566070557,,
182850,3.5734453201293945,0.05,-5.425500869750977,,
182900,0.28829124569892883,0.05,-3.3568294048309326,,
182950,8.76948070526123,0.05,-3.7052056789398193,,
183000,10.83048152923584,0.05,-5.414713382720947,,
183050,10.610966682434082,0.05,-5.0621161460876465,,
183100,8.034567832946777,0.05,-5.186502933502197,,
183150,3.6777937412261963,0.05,-4.668878078460693,,
183200,9.040568351745605,0.05,-5.521155834197998,,
183250,13.607982635498047,0.05,-5.435428142547607,,
183300,6.795543670654297,0.05,-5.017593860626221,,
183350,6.955507755279541,0.05,-3.8330800533294678,,
183400,2.579271078109741,0.05,-3.1241939067840576,,
183450,7.082215785980225,0.05,-6.485052585601807,,
183500,7.103285312652588,0.05,-4.713747501373291,,
183550,1.5334906578063965,0.05,-6.085655212402344,,
183600,0.47354817390441895,0.05,-3.9873619079589844,,
183650,0.8429884910583496,0.05,-4.65153169631958,,
183700,23.595129013061523,0.05,-5.401233673095703,,
183750,15.103473663330078,0.05,-4.213758945465088,,
183800,15.21951675415039,0.05,-4.93899393081665,,
183850,7.485845565795898,0.05,-4.227336883544922,,
183900,1.2332773208618164,0.05,-4.6284661293029785,,
183950,0.9769542217254639,0.05,-3.8614208698272705,,
184000,8.939332008361816,0.05,-3.4784536361694336,,
184050,6.843360424041748,0.05,-4.975372791290283,,
184100,2.262761116027832,0.05,-3.153618574142456,,
184150,0.7309510111808777,0.05,-4.834619998931885,,
184200,23.102399826049805,0.05,-6.697582244873047,,
184250,12.016407012939453,0.05,-5.559605121612549,,
184300,21.640777587890625,0.05,-5.39215612411499,,
184350,21.541885375976562,0.05,-5.048886775970459,,
184400,26.038375854492188,0.05,-6.162922382354736,,
184450,1.0320979356765747,0.05,-4.788811206817627,,
184500,9.15992259979248,0.05,-5.189929485321045,,
184550,3.753995656967163,0.05,-4.1769585609436035,,
184600,9.508740425109863,0.05,-5.150481224060059,,
184650,36.75788497924805,0.05,-4.396783828735352,,
184700,10.698657035827637,0.05,-5.096433639526367,,
184750,11.822029113769531,0.05,-4.168867111206055,,
184800,0.35216546058654785,0.05,-3.865565538406372,,
184850,4.4775824546813965,0.05,-4.773852825164795,,
184900,1.1182953119277954,0.05,-3.7451248168945312,,
184950,12.144904136657715,0.05,-7.493353366851807,,
185000,13.566650390625,0.05,-4.293978691101074,,
185050,4.473718166351318,0.05,-4.970586776733398,,
185100,10.838128089904785,0.05,-3.5820271968841553,,
185150,9.153836250305176,0.05,-4.636734485626221,,
185200,0.35178491473197937,0.05,-5.13594388961792,,
185250,6.480597019195557,0.05,-4.2645463943481445,,
185300,3.7320683002471924,0.05,-4.663139820098877,,
185350,1.8256691694259644,0.05,-5.804755687713623,,
185400,16.487825393676758,0.05,-5.2421112060546875,,
185450,28.34345245361328,0.05,-4.1855854988098145,,
185500,2.473156213760376,0.05,-4.0857672691345215,,
185550,27.552915573120117,0.05,-5.0010762214660645,,
185600,25.422849655151367,0.05,-4.874912738800049,,
185650,9.019684791564941,0.05,-4.216763973236084,,
185700,31.257349014282227,0.05,-6.2685418128967285,,
185750,0.34603428840637207,0.05,-4.1419677734375,,
185800,26.915130615234375,0.05,-5.11727237701416,,
185850,0.7134465575218201,0.05,-5.27407693862915,,
185900,9.255200386047363,0.05,-4.375162601470947,,
185950,1.9933676719665527,0.05,-5.94768762588501,,
186000,14.24440860748291,0.05,-4.89832878112793,,
186050,21.84174919128418,0.05,-4.151687145233154,,
186100,2.363255262374878,0.05,-5.514133930206299,,
186150,1.8593822717666626,0.05,-3.946194648742676,,
186200,13.150882720947266,0.05,-4.241724491119385,,
186250,11.520323753356934,0.05,-3.790292739868164,,
186300,1.1856030225753784,0.05,-4.187154769897461,,
186350,8.31779956817627,0.05,-4.255814075469971,,
186400,0.5355384349822998,0.05,-4.056061267852783,,
186450,9.65786075592041,0.05,-5.270004749298096,,
186500,0.6324582099914551,0.05,-3.331660270690918,,
186550,4.15303373336792,0.05,-4.0207037925720215,,
186600,5.253866672515869,0.05,-3.837185859680176,,
186650,8.772732734680176,0.05,-4.363021373748779,,
186700,8.03800106048584,0.05,-3.294422149658203,,
186750,0.46787774562835693,0.05,-4.2586669921875,,
186800,11.329203605651855,0.05,-4.9577202796936035,,
186850,4.843234539031982,0.05,-4.233725070953369,,
186900,0.516371488571167,0.05,-5.498935699462891,,
186950,10.71210765838623,0.05,-4.795721054077148,,
187000,1.8721652030944824,0.05,-4.399117946624756,,
187050,9.03070068359375,0.05,-4.664125919342041,,
187100,16.97553253173828,0.05,-7.10002326965332,,
187150,19.34650421142578,0.05,-4.717966556549072,,
187200,0.48354220390319824,0.05,-4.587103843688965,,
187250,2.6819896697998047,0.05,-4.8483147621154785,,
187300,0.42357537150382996,0.05,-5.378412246704102,,
187350,13.617695808410645,0.05,-4.635753154754639,,
187400,1.3585351705551147,0.05,-5.822216510772705,,
187450,15.891753196716309,0.05,-3.5395355224609375,,
187500,3.3598673343658447,0.05,-3.4410154819488525,,
187550,10.111369132995605,0.05,-3.6984312534332275,,
187600,3.6483469009399414,0.05,-4.146374225616455,,
187650,1.1167082786560059,0.05,-3.8045413494110107,,
187700,35.90090560913086,0.05,-6.364679336547852,,
187750,15.54432201385498,0.05,-4.471541881561279,,
187800,0.11997842788696289,0.05,-2.8819334506988525,,
187850,0.4036097228527069,0.05,-3.136141777038574,,
187900,3.488694429397583,0.05,-4.443329334259033,,
187950,2.178507089614868,0.05,-3.954528570175171,,
188000,8.54245376586914,0.05,-4.2962470054626465,,
188050,13.35577392578125,0.05,-4.165874004364014,,
188100,15.259891510009766,0.05,-5.343535900115967,,
188150,18.538299560546875,0.05,-5.006564140319824,,
188200,1.1842540502548218,0.05,-3.7018203735351562,,
188250,3.5000526905059814,0.05,-5.340679168701172,,
188300,1.9606291055679321,0.05,-4.354835033416748,,
188350,5.28336238861084,0.05,-4.5887627601623535,,
188400,15.262802124023438,0.05,-4.377228260040283,,
188450,15.4865083694458,0.05,-4.1554436683654785,,
188500,15.648712158203125,0.05,-4.234622478485107,,
188550,10.255444526672363,0.05,-4.322865009307861,,
188600,16.371809005737305,0.05,-6.104048252105713,,
188650,25.616249084472656,0.05,-4.620180130004883,,
188700,7.951902389526367,0.05,-4.432031154632568,,
188750,1.0148621797561646,0.05,-5.0457587242126465,,
188800,10.486584663391113,0.05,-5.284617900848389,,
188850,0.5924541354179382,0.05,-3.3834333419799805,,
188900,2.677499532699585,0.05,-4.10010290145874,,
188950,0.1737765669822693,0.05,-3.436690092086792,,
189000,7.694371700286865,0.05,-3.8237831592559814,,
189050,3.29567551612854,0.05,-5.208770751953125,,
189100,2.7278101444244385,0.05,-5.746278285980225,,
189150,30.977357864379883,0.05,-6.095226287841797,,
189200,8.573457717895508,0.05,-5.342815399169922,,
189250,2.0946385860443115,0.05,-2.976832151412964,,
189300,20.358470916748047,0.05,-4.861141204833984,,
189350,1.5440086126327515,0.05,-4.164737224578857,,
189400,18.8294620513916,0.05,-4.0860276222229,,
189450,2.98610520362854,0.05,-6.2262282371521,,
189500,10.850537300109863,0.05,-5.0073041915893555,,
189550,8.814902305603027,0.05,-4.81230354309082,,
189600,18.38260841369629,0.05,-5.984498977661133,,
189650,5.907598495483398,0.05,-5.68444299697876,,
189700,2.2270026206970215,0.05,-4.027791500091553,,
189750,9.216654777526855,0.05,-4.969223499298096,,
189800,0.5125434994697571,0.05,-4.996978282928467,,
189850,13.810164451599121,0.05,-5.4814772605896,,
189900,20.25840187072754,0.05,-5.044790267944336,,
189950,0.22243575751781464,0.05,-4.969642162322998,,
190000,21.8862247467041,0.05,-3.766861915588379,,
190050,22.184463500976562,0.05,-2.7125673294067383,,
190100,6.9821648597717285,0.05,-4.75191068649292,,
190150,13.064948081970215,0.05,-4.807671070098877,,
190200,5.929246425628662,0.05,-3.654890775680542,,
190250,25.7465763092041,0.05,-4.829012393951416,,
190300,0.5877609252929688,0.05,-4.329610347747803,,
190350,1.0762131214141846,0.05,-4.6406474113464355,,
190400,12.380249977111816,0.05,-4.6855902671813965,,
190450,11.34805965423584,0.05,-5.537019729614258,,
190500,5.765706539154053,0.05,-4.7574687004089355,,
190550,0.8163663744926453,0.05,-3.7061030864715576,,
190600,12.144835472106934,0.05,-4.443382740020752,,
190650,2.1708850860595703,0.05,-4.105407238006592,,
190700,9.824944496154785,0.05,-5.17016077041626,,
190750,16.901174545288086,0.05,-5.506154537200928,,
190800,0.6095934510231018,0.05,-6.374276638031006,,
190850,2.345536708831787,0.05,-4.566919803619385,,
190900,6.644952297210693,0.05,-4.919503211975098,,
190950,10.739688873291016,0.05,-4.098181247711182,,
191000,4.6070637702941895,0.05,-6.02897310256958,,
191050,0.26798221468925476,0.05,-5.385648727416992,,
191100,2.5779666900634766,0.05,-4.210094451904297,,
191150,4.670457363128662,0.05,-4.706495761871338,,
191200,2.0942602157592773,0.05,-5.4337615966796875,,
191250,2.3006651401519775,0.05,-5.389689922332764,,
191300,18.380361557006836,0.05,-5.333937168121338,,
191350,34.871620178222656,0.05,-6.314558029174805,,
191400,0.904531717300415,0.05,-4.190570831298828,,
191450,0.49257972836494446,0.05,-4.20133638381958,,
191500,6.30296516418457,0.05,-4.055421352386475,,
191550,7.957095623016357,0.05,-5.395257949829102,,
191600,0.5695473551750183,0.05,-4.890414237976074,,
191650,10.994654655456543,0.05,-4.345830917358398,,
191700,7.727772235870361,0.05,-4.252232074737549,,
191750,14.442253112792969,0.05,-6.443643569946289,,
191800,7.1857686042785645,0.05,-5.863006114959717,,
191850,20.745542526245117,0.05,-5.546349048614502,,
191900,5.91113805770874,0.05,-3.687920570373535,,
191950,3.2837626934051514,0.05,-3.7108023166656494,,
192000,19.44304847717285,0.05,-4.152468204498291,,
192050,0.990722119808197,0.05,-5.554331302642822,,
192100,4.220534324645996,0.05,-4.492799282073975,,
192150,2.064911127090454,0.05,-2.998546600341797,,
192200,10.226704597473145,0.05,-4.821394443511963,,
192250,20.39298439025879,0.05,-6.869003772735596,,
192300,25.588441848754883,0.05,-4.339945316314697,,
192350,16.146203994750977,0.05,-5.420963764190674,,
192400,1.139095664024353,0.05,-5.455266952514648,,
192450,3.3845431804656982,0.05,-5.519107341766357,,
192500,6.028975009918213,0.05,-6.510611057281494,,
192550,4.865602493286133,0.05,-4.443267345428467,,
192600,3.590663194656372,0.05,-4.972293376922607,,
192650,12.968120574951172,0.05,-3.7709901332855225,,
192700,20.263471603393555,0.05,-5.985116481781006,,
192750,2.7356646060943604,0.05,-5.226477146148682,,
192800,1.4897657632827759,0.05,-4.7552170753479,,
192850,2.7253201007843018,0.05,-3.5838334560394287,,
192900,10.424464225769043,0.05,-4.8008246421813965,,
192950,23.573877334594727,0.05,-4.231723308563232,,
193000,19.63152313232422,0.05,-6.344320774078369,,
193050,0.7567565441131592,0.05,-5.643162250518799,,
193100,2.2086825370788574,0.05,-5.767921447753906,,
193150,1.460007667541504,0.05,-5.12701940536499,,
193200,0.20520998537540436,0.05,-3.683816909790039,,
193250,15.209835052490234,0.05,-5.893814563751221,,
193300,0.3895300328731537,0.05,-4.359401702880859,,
193350,10.220040321350098,0.05,-5.292567729949951,,
193400,11.66714859008789,0.05,-4.045863151550293,,
193450,2.365201234817505,0.05,-3.681917905807495,,
193500,1.0561996698379517,0.05,-5.315594673156738,,
193550,13.179171562194824,0.05,-4.567865371704102,,
193600,8.48587417602539,0.05,-6.083029270172119,,
193650,16.505443572998047,0.05,-4.882359027862549,,
193700,11.318106651306152,0.05,-3.9527599811553955,,
193750,16.352325439453125,0.05,-5.6929473876953125,,
193800,6.9124836921691895,0.05,-4.757517337799072,,
193850,0.5344305038452148,0.05,-4.506856441497803,,
193900,1.763698697090149,0.05,-5.984398365020752,,
193950,1.1409400701522827,0.05,-5.013888835906982,,
194000,6.0189080238342285,0.05,-5.612935543060303,,
194050,18.548994064331055,0.05,-5.629307270050049,,
194100,0.8508336544036865,0.05,-4.3888163566589355,,
194150,27.031049728393555,0.05,-4.37750244140625,,
194200,19.89315414428711,0.05,-5.5681610107421875,,
194250,0.16017840802669525,0.05,-4.1761698722839355,,
194300,4.9043731689453125,0.05,-5.658815383911133,,
194350,23.742353439331055,0.05,-5.223242282867432,,
194400,7.641580104827881,0.05,-4.940195560455322,,
194450,0.8754153251647949,0.05,-4.428900718688965,,
194500,30.30706214904785,0.05,-6.396363735198975,,
194550,16.30406951904297,0.05,-5.49143648147583,,
194600,3.6556684970855713,0.05,-5.496183395385742,,
194650,24.696304321289062,0.05,-4.9160685539245605,,
194700,24.375524520874023,0.05,-4.830013751983643,,
194750,11.741915702819824,0.05,-6.080581188201904,,
194800,16.26486587524414,0.05,-4.9608845710754395,,
194850,0.7471747398376465,0.05,-5.62219762802124,,
194900,29.86725616455078,0.05,-6.68193244934082,,
194950,1.177343726158142,0.05,-5.94253396987915,,
195000,10.573789596557617,0.05,-5.724778652191162,,
195050,3.5902814865112305,0.05,-4.332285404205322,,
195100,27.424806594848633,0.05,-4.199234485626221,,
195150,1.401903510093689,0.05,-5.461283206939697,,
195200,6.0754313468933105,0.05,-5.069094181060791,,
195250,21.36440086364746,0.05,-5.650594234466553,,
195300,13.38759994506836,0.05,-4.472469329833984,,
195350,3.6958751678466797,0.05,-3.60591721534729,,
195400,10.018625259399414,0.05,-4.755580902099609,,
195450,19.884397506713867,0.05,-4.578002452850342,,
195500,4.136171340942383,0.05,-5.137943744659424,,
195550,1.5728482007980347,0.05,-4.739240646362305,,
195600,26.260520935058594,0.05,-5.431262493133545,,
195650,32.89366149902344,0.05,-6.1416239738464355,,
195700,5.819998264312744,0.05,-4.510505676269531,,
195750,5.990020275115967,0.05,-7.102854251861572,,
195800,10.771136283874512,0.05,-3.99381422996521,,
195850,7.853484630584717,0.05,-3.903576612472534,,
195900,7.415410995483398,0.05,-4.8921308517456055,,
195950,18.137306213378906,0.05,-4.743646144866943,,
196000,7.153334140777588,0.05,-4.632058620452881,,
196050,3.8817999362945557,0.05,-4.576087951660156,,
196100,9.150996208190918,0.05,-5.170774936676025,,
196150,9.116545677185059,0.05,-5.046498775482178,,
196200,22.694826126098633,0.05,-5.394237518310547,,
196250,16.45498275756836,0.05,-5.542097568511963,,
196300,15.820597648620605,0.05,-5.886692047119141,,
196350,3.184178590774536,0.05,-4.007167816162109,,
196400,22.292465209960938,0.05,-4.358358860015869,,
196450,18.089399337768555,0.05,-7.581005096435547,,
196500,15.4534273147583,0.05,-4.682643413543701,,
196550,5.253465175628662,0.05,-4.864232540130615,,
196600,9.039176940917969,0.05,-5.214309215545654,,
196650,8.594207763671875,0.05,-5.4549407958984375,,
196700,9.64753532409668,0.05,-4.460851192474365,,
196750,20.928434371948242,0.05,-4.0179948806762695,,
196800,10.716452598571777,0.05,-5.087366104125977,,
196850,2.316434144973755,0.05,-5.230789661407471,,
196900,1.582945704460144,0.05,-5.001131534576416,,
196950,10.12512493133545,0.05,-5.930307388305664,,
197000,3.1010243892669678,0.05,-4.410731792449951,,
197050,8.278554916381836,0.05,-3.569470167160034,,
197100,7.269933223724365,0.05,-4.372678279876709,,
197150,9.758167266845703,0.05,-4.513023853302002,,
197200,5.9373555183410645,0.05,-4.480409145355225,,
197250,0.5895212292671204,0.05,-6.292910099029541,,
197300,0.800231397151947,0.05,-4.0171589851379395,,
197350,12.772866249084473,0.05,-4.574026584625244,,
197400,13.18786907196045,0.05,-4.4748921394348145,,
197450,6.343158721923828,0.05,-4.37369966506958,,
197500,0.6673762202262878,0.05,-3.975050210952759,,
197550,0.9870998859405518,0.05,-3.6336419582366943,,
197600,0.8229942321777344,0.05,-5.238677978515625,,
197650,0.5523459315299988,0.05,-4.550449848175049,,
197700,19.992395401000977,0.05,-4.543310642242432,,
197750,2.5058867931365967,0.05,-5.597934246063232,,
197800,11.661093711853027,0.05,-6.392686367034912,,
197850,10.744051933288574,0.05,-4.590457439422607,,
197900,2.0514519214630127,0.05,-5.561262130737305,,
197950,5.448315143585205,0.05,-5.280799388885498,,
198000,21.51731300354004,0.05,-4.491113662719727,,
198050,0.9917397499084473,0.05,-4.206481456756592,,
198100,12.721423149108887,0.05,-4.747339725494385,,
198150,4.062868118286133,0.05,-5.104541301727295,,
198200,11.017844200134277,0.05,-5.14293909072876,,
198250,15.766143798828125,0.05,-5.445404529571533,,
198300,11.45898151397705,0.05,-4.431911468505859,,
198350,21.406476974487305,0.05,-4.570594787597656,,
198400,19.358076095581055,0.05,-4.423492908477783,,
198450,7.970095157623291,0.05,-4.57106351852417,,
198500,6.148233413696289,0.05,-4.703738689422607,,
198550,16.546554565429688,0.05,-5.138759136199951,,
198600,15.414610862731934,0.05,-3.9396963119506836,,
198650,1.6942299604415894,0.05,-5.719118595123291,,
198700,0.6003736257553101,0.05,-5.314624309539795,,
198750,7.560976505279541,0.05,-5.4697747230529785,,
198800,10.513867378234863,0.05,-5.250987529754639,,
198850,0.6369197368621826,0.05,-4.401005744934082,,
198900,2.334663152694702,0.05,-4.043691158294678,,
198950,5.325190544128418,0.05,-3.8365983963012695,,
199000,3.41353440284729,0.05,-5.335629940032959,,
199050,0.7778509259223938,0.05,-4.51211404800415,,
199100,0.28150632977485657,0.05,-3.8553502559661865,,
199150,4.360682964324951,0.05,-4.096384525299072,,
199200,0.6518192887306213,0.05,-4.3925018310546875,,
199250,1.4967864751815796,0.05,-5.0061116218566895,,
199300,1.1425851583480835,0.05,-4.039860248565674,,
199350,17.529434204101562,0.05,-3.855497121810913,,
199400,11.344857215881348,0.05,-4.54039192199707,,
199450,5.554662704467773,0.05,-4.792924880981445,,
199500,6.737079620361328,0.05,-4.234476566314697,,
199550,0.7147517800331116,0.05,-4.222299575805664,,
199600,6.836536884307861,0.05,-3.8465416431427,,
199650,7.440262317657471,0.05,-6.93686056137085,,
199700,1.9631839990615845,0.05,-4.864871978759766,,
199750,1.1854482889175415,0.05,-3.9878957271575928,,
199800,2.014930009841919,0.05,-4.287117004394531,,
199850,0.9195788502693176,0.05,-3.7672717571258545,,
199900,0.7377459406852722,0.05,-4.662047863006592,,
199950,0.2023301124572754,0.05,-5.0502519607543945,,
200000,9.277653694152832,0.05,-4.701918125152588,-1.3279346326166224,43.86666666666667
200050,11.845993995666504,0.05,-4.679945468902588,,
200100,11.952862739562988,0.05,-4.205639362335205,,
200150,10.756980895996094,0.05,-3.3400678634643555,,
200200,6.404157638549805,0.05,-4.870670795440674,,
200250,5.054897785186768,0.05,-4.344212055206299,,
200300,1.6746009588241577,0.05,-3.832829713821411,,
200350,11.38256549835205,0.05,-5.481382846832275,,
200400,9.682961463928223,0.05,-4.8667120933532715,,
200450,7.984429836273193,0.05,-5.4427266120910645,,
200500,3.446018934249878,0.05,-4.361858367919922,,
200550,0.6055218577384949,0.05,-3.748612403869629,,
200600,9.451861381530762,0.05,-4.465545177459717,,
200650,1.6882413625717163,0.05,-4.472296237945557,,
200700,11.055447578430176,0.05,-5.334779739379883,,
200750,1.202309489250183,0.05,-5.287527084350586,,
200800,3.094273328781128,0.05,-4.885472774505615,,
200850,0.1554154008626938,0.05,-3.476485252380371,,
200900,0.2862145006656647,0.05,-5.132470607757568,,
200950,0.10718231648206711,0.05,-4.186985015869141,,
201000,1.126728892326355,0.05,-4.445159435272217,,
201050,0.3922543525695801,0.05,-3.689558267593384,,
201100,1.5495719909667969,0.05,-4.195590972900391,,
201150,7.476101398468018,0.05,-4.237625598907471,,
201200,2.701458215713501,0.05,-4.624895095825195,,
201250,0.12104029208421707,0.05,-3.4005250930786133,,
201300,1.094830870628357,0.05,-4.787234783172607,,
201350,1.5581825971603394,0.05,-3.5072848796844482,,
201400,3.830731153488159,0.05,-5.071964263916016,,
201450,0.826537549495697,0.05,-6.006280899047852,,
201500,2.639991521835327,0.05,-3.61570143699646,,
201550,6.893369197845459,0.05,-4.97819185256958,,
201600,7.999450206756592,0.05,-4.556870460510254,,
201650,3.4560515880584717,0.05,-3.7950363159179688,,
201700,1.4619301557540894,0.05,-4.475212097167969,,
201750,0.6212872862815857,0.05,-5.03743314743042,,
201800,4.294620990753174,0.05,-4.9927978515625,,
201850,0.32663965225219727,0.05,-3.8198022842407227,,
201900,3.3614423274993896,0.05,-4.06989049911499,,
201950,2.08221435546875,0.05,-2.978961229324341,,
202000,29.00960350036621,0.05,-4.962990760803223,,
202050,9.472046852111816,0.05,-4.521984100341797,,
202100,16.897052764892578,0.05,-5.890339374542236,,
202150,14.537025451660156,0.05,-4.718565464019775,,
202200,2.7355215549468994,0.05,-5.227532386779785,,
202250,3.414522886276245,0.05,-5.89938497543335,,
202300,7.986827373504639,0.05,-5.1561970710754395,,
202350,8.131122589111328,0.05,-4.8586106300354,,
202400,2.547602891921997,0.05,-5.354733943939209,,
202450,3.4485418796539307,0.05,-4.651142120361328,,
202500,5.836609363555908,0.05,-4.465609073638916,,
202550,6.521973133087158,0.05,-5.0975823402404785,,
202600,3.1676666736602783,0.05,-5.445579528808594,,
202650,5.69063138961792,0.05,-4.745673656463623,,
202700,1.5378656387329102,0.05,-4.551087856292725,,
202750,0.1795058250427246,0.05,-3.9708378314971924,,
202800,2.9524917602539062,0.05,-5.138669013977051,,
202850,0.6391460299491882,0.05,-4.104712963104248,,
202900,4.584056854248047,0.05,-4.52701997756958,,
202950,10.380705833435059,0.05,-5.06097936630249,,
203000,1.0562032461166382,0.05,-4.533045768737793,,
203050,5.010804653167725,0.05,-2.8467187881469727,,
203100,2.237574338912964,0.05,-5.0705037117004395,,
203150,0.8846589922904968,0.05,-4.402885913848877,,
203200,8.08515453338623,0.05,-4.370371341705322,,
203250,4.972587585449219,0.05,-3.9685986042022705,,
203300,12.870465278625488,0.05,-4.826905727386475,,
203350,1.9576772451400757,0.05,-5.6565470695495605,,
203400,1.0789098739624023,0.05,-4.596987247467041,,
203450,8.89014720916748,0.05,-4.471250534057617,,
203500,7.903062343597412,0.05,-4.913513660430908,,
203550,9.142166137695312,0.05,-4.494022846221924,,
203600,17.12057876586914,0.05,-5.776762008666992,,
203650,0.31717434525489807,0.05,-4.956121444702148,,
203700,2.364119052886963,0.05,-4.742366790771484,,
203750,0.4188532531261444,0.05,-4.237612724304199,,
203800,8.17186450958252,0.05,-4.349747180938721,,
203850,8.561662673950195,0.05,-5.034297466278076,,
203900,7.900794982910156,0.05,-3.5279550552368164,,
203950,5.77729606628418,0.05,-3.689009428024292,,
204000,2.2615785598754883,0.05,-4.754424571990967,,
204050,11.938925743103027,0.05,-4.6589226722717285,,
204100,3.1365458965301514,0.05,-5.797434329986572,,
204150,1.6997491121292114,0.05,-6.4443793296813965,,
204200,2.328730344772339,0.05,-4.096028804779053,,
204250,4.614639759063721,0.05,-5.165497779846191,,
204300,0.44984087347984314,0.05,-6.52750825881958,,
204350,5.2551798820495605,0.05,-5.383121967315674,,
204400,9.414557456970215,0.05,-4.023010730743408,,
204450,1.3703784942626953,0.05,-5.660511493682861,,
204500,3.309115171432495,0.05,-3.857694625854492,,
204550,2.442918300628662,0.05,-4.916807651519775,,
204600,2.625074863433838,0.05,-3.269681215286255,,
204650,0.2854762077331543,0.05,-3.555298089981079,,
204700,3.8022613525390625,0.05,-5.436108112335205,,
204750,5.730821132659912,0.05,-4.046297073364258,,
204800,14.372929573059082,0.05,-5.070318698883057,,
204850,1.5904273986816406,0.05,-5.298798084259033,,
204900,7.271646976470947,0.05,-3.812721014022827,,
204950,1.6435106992721558,0.05,-4.23483419418335,,
205000,7.49655294418335,0.05,-4.794208526611328,,
205050,0.6538177132606506,0.05,-4.668319225311279,,
205100,4.413984298706055,0.05,-3.408228635787964,,
205150,9.221990585327148,0.05,-4.943246841430664,,
205200,2.2782845497131348,0.05,-3.7191972732543945,,
205250,13.260584831237793,0.05,-5.020812511444092,,
205300,1.310375452041626,0.05,-4.75433874130249,,
205350,10.991646766662598,0.05,-7.487617492675781,,
205400,1.4808374643325806,0.05,-5.029635906219482,,
205450,9.164752006530762,0.05,-5.6565680503845215,,
205500,11.214678764343262,0.05,-5.015909671783447,,
205550,4.092071533203125,0.05,-5.5859856605529785,,
205600,11.565714836120605,0.05,-5.060758113861084,,
205650,26.538793563842773,0.05,-5.68286657333374,,
205700,0.7809450030326843,0.05,-4.009960651397705,,
205750,5.645469665527344,0.05,-4.8513712882995605,,
205800,0.6105520129203796,0.05,-5.397531986236572,,
205850,31.9002628326416,0.05,-6.1610493659973145,,
205900,13.977389335632324,0.05,-8.709924697875977,,
205950,8.531350135803223,0.05,-4.06619119644165,,
206000,3.971219062805176,0.05,-4.093231678009033,,
206050,26.333444595336914,0.05,-4.604965686798096,,
206100,0.42258337140083313,0.05,-5.03176736831665,,
206150,4.410843849182129,0.05,-6.515244007110596,,
206200,3.6495940685272217,0.05,-6.844761371612549,,
206250,11.945893287658691,0.05,-3.822355270385742,,
206300,3.210437536239624,0.05,-4.867578983306885,,
206350,6.652517318725586,0.05,-4.022405624389648,,
206400,1.3996027708053589,0.05,-3.4597737789154053,,
206450,1.610956072807312,0.05,-3.4103221893310547,,
206500,13.027504920959473,0.05,-6.352280139923096,,
206550,30.537857055664062,0.05,-5.325440883636475,,
206600,3.8359053134918213,0.05,-5.293162822723389,,
206650,0.33581796288490295,0.05,-5.077664852142334,,
206700,16.322044372558594,0.05,-3.934917688369751,,
206750,5.538796901702881,0.05,-5.5985846519470215,,
206800,9.353402137756348,0.05,-5.331093788146973,,
206850,5.317315578460693,0.05,-4.942525863647461,,
206900,2.5038270950317383,0.05,-4.771842002868652,,
206950,5.866410732269287,0.05,-5.536875247955322,,
207000,20.61496353149414,0.05,-5.94905424118042,,
207050,2.7394771575927734,0.05,-5.807764053344727,,
207100,7.579463958740234,0.05,-5.776774883270264,,
207150,4.34937858581543,0.05,-4.694461345672607,,
207200,4.532571792602539,0.05,-6.821135997772217,,
207250,0.43387365341186523,0.05,-4.329313278198242,,
207300,7.407364368438721,0.05,-5.729146480560303,,
207350,21.989776611328125,0.05,-4.30611515045166,,
207400,0.6983913779258728,0.05,-4.695484638214111,,
207450,7.545841693878174,0.05,-5.308385848999023,,
207500,2.0689609050750732,0.05,-5.142714977264404,,
207550,17.546661376953125,0.05,-4.483580589294434,,
207600,1.2877646684646606,0.05,-5.418174743652344,,
207650,14.067256927490234,0.05,-5.37439489364624,,
207700,8.742196083068848,0.05,-5.488794326782227,,
207750,22.786314010620117,0.05,-5.718914031982422,,
207800,2.3488895893096924,0.05,-3.4123523235321045,,
207850,11.655967712402344,0.05,-6.27496337890625,,
207900,9.052142143249512,0.05,-5.104064464569092,,
207950,10.108989715576172,0.05,-4.108381271362305,,
208000,25.196876525878906,0.05,-6.711822509765625,,
208050,10.183046340942383,0.05,-4.297500133514404,,
208100,3.355215072631836,0.05,-4.680330753326416,,
208150,9.793381690979004,0.05,-6.1260905265808105,,
208200,0.4161872863769531,0.05,-3.5463132858276367,,
208250,0.364915132522583,0.05,-4.081157684326172,,
208300,15.06164836883545,0.05,-5.298843860626221,,
208350,3.5711495876312256,0.05,-4.896656513214111,,
208400,14.8278169631958,0.05,-5.891979694366455,,
208450,4.353034496307373,0.05,-5.105240345001221,,
208500,13.404342651367188,0.05,-6.200494766235352,,
208550,1.4983242750167847,0.05,-3.13076114654541,,
208600,7.738719940185547,0.05,-4.538217544555664,,
208650,3.928537130355835,0.05,-5.569705486297607,,
208700,14.076647758483887,0.05,-5.141981601715088,,
208750,14.45071029663086,0.05,-3.933220624923706,,
208800,5.577176570892334,0.05,-4.585798263549805,,
208850,6.933740139007568,0.05,-6.288572311401367,,
208900,0.730783998966217,0.05,-4.954852104187012,,
208950,22.646135330200195,0.05,-5.029683589935303,,
209000,3.710016965866089,0.05,-4.523248195648193,,
209050,13.767600059509277,0.05,-4.5394158363342285,,
209100,2.4328725337982178,0.05,-4.523212432861328,,
209150,3.589261770248413,0.05,-5.45958137512207,,
209200,0.48236513137817383,0.05,-4.848958969116211,,
209250,11.16147518157959,0.05,-5.672434329986572,,
209300,10.02126407623291,0.05,-3.853351593017578,,
209350,9.02599048614502,0.05,-5.184190273284912,,
209400,13.692824363708496,0.05,-6.366940975189209,,
209450,5.520124912261963,0.05,-4.936140537261963,,
209500,12.223522186279297,0.05,-5.084666728973389,,
209550,9.754293441772461,0.05,-5.623380661010742,,
209600,4.33074426651001,0.05,-3.6597864627838135,,
209650,8.68336296081543,0.05,-3.6809463500976562,,
209700,27.4735164642334,0.05,-4.448276042938232,,
209750,8.82633113861084,0.05,-6.25040864944458,,
209800,0.30780795216560364,0.05,-4.75015115737915,,
209850,0.41034984588623047,0.05,-6.149503707885742,,
209900,1.9512605667114258,0.05,-3.8130342960357666,,
209950,2.021820068359375,0.05,-4.601925373077393,,
210000,4.232886791229248,0.05,-5.71087646484375,,
210050,4.011294841766357,0.05,-4.2589287757873535,,
210100,11.796048164367676,0.05,-3.3090267181396484,,
210150,12.996319770812988,0.05,-6.199868679046631,,
210200,1.4224716424942017,0.05,-4.889379024505615,,
210250,3.5491607189178467,0.05,-3.8957080841064453,,
210300,2.29199481010437,0.05,-4.507553577423096,,
210350,0.46488627791404724,0.05,-4.491052627563477,,
210400,5.159173965454102,0.05,-5.325393199920654,,
210450,10.25912094116211,0.05,-4.177243709564209,,
210500,9.120024681091309,0.05,-5.269445896148682,,
210550,11.336798667907715,0.05,-5.326653003692627,,
210600,4.704293727874756,0.05,-5.819841384887695,,
210650,9.453339576721191,0.05,-4.890946865081787,,
210700,11.44817066192627,0.05,-4.08913516998291,,
210750,19.047277450561523,0.05,-6.072783946990967,,
210800,4.821291446685791,0.05,-4.929470062255859,,
210850,16.431371688842773,0.05,-5.910524845123291,,
210900,3.1481895446777344,0.05,-5.715215682983398,,
210950,0.6565504670143127,0.05,-5.156911849975586,,
211000,0.7586615681648254,0.05,-5.254765510559082,,
211050,4.601564884185791,0.05,-4.710099697113037,,
211100,16.135778427124023,0.05,-5.610353469848633,,
211150,7.009398937225342,0.05,-5.00003719329834,,
211200,3.6732285022735596,0.05,-4.776992321014404,,
211250,6.335779666900635,0.05,-4.475017070770264,,
211300,0.5295674204826355,0.05,-4.788093090057373,,
211350,0.49535131454467773,0.05,-3.904015302658081,,
211400,6.600104808807373,0.05,-3.8702919483184814,,
211450,5.062845230102539,0.05,-4.252206325531006,,
211500,3.327638626098633,0.05,-4.704419136047363,,
211550,28.15250587463379,0.05,-5.777052402496338,,
211600,1.0842055082321167,0.05,-4.233184337615967,,
211650,30.193933486938477,0.05,-4.856078624725342,,
211700,3.6698217391967773,0.05,-5.5012640953063965,,
211750,0.23083806037902832,0.05,-3.869783639907837,,
211800,5.323989391326904,0.05,-6.624263763427734,,
211850,8.71192455291748,0.05,-4.713751316070557,,
211900,25.0836124420166,0.05,-6.637115955352783,,
211950,16.175966262817383,0.05,-5.425516605377197,,
212000,13.755949974060059,0.05,-5.068583011627197,,
212050,16.437807083129883,0.05,-5.062987804412842,,
212100,3.8901212215423584,0.05,-4.00189208984375,,
212150,16.446298599243164,0.05,-7.262378692626953,,
212200,1.8377208709716797,0.05,-3.6386871337890625,,
212250,13.346083641052246,0.05,-5.637357711791992,,
212300,3.739764451980591,0.05,-5.777658462524414,,
212350,6.4926066398620605,0.05,-4.567808151245117,,
212400,6.483999729156494,0.05,-4.916064739227295,,
212450,2.15382981300354,0.05,-3.691272735595703,,
212500,5.4136061668396,0.05,-5.453641414642334,,
212550,2.285339117050171,0.05,-5.56044340133667,,
212600,5.688137054443359,0.05,-4.50469446182251,,
212650,13.002413749694824,0.05,-4.24240255355835,,
212700,5.117545127868652,0.05,-4.51296329498291,,
212750,22.524246215820312,0.05,-3.426560163497925,,
212800,2.9311888217926025,0.05,-4.389603137969971,,
212850,29.363037109375,0.05,-6.077394008636475,,
212900,2.1514275074005127,0.05,-4.699872970581055,,
212950,8.4376802444458,0.05,-5.003374099731445,,
213000,4.572336673736572,0.05,-6.716970920562744,,
213050,16.48638153076172,0.05,-5.681085586547852,,
213100,0.6835796236991882,0.05,-4.982968330383301,,
213150,0.6674065589904785,0.05,-3.9020836353302,,
213200,5.6269917488098145,0.05,-4.819494724273682,,
213250,6.202622890472412,0.05,-3.4655628204345703,,
213300,9.511210441589355,0.05,-4.289250373840332,,
213350,0.33470821380615234,0.05,-3.4896562099456787,,
213400,3.535191297531128,0.05,-4.561001300811768,,
213450,25.618444442749023,0.05,-5.1622138023376465,,
213500,14.231038093566895,0.05,-4.601138591766357,,
213550,6.843760967254639,0.05,-4.612481117248535,,
213600,2.577901840209961,0.05,-4.335366725921631,,
213650,0.2668331563472748,0.05,-4.616988658905029,,
213700,7.640783309936523,0.05,-3.764187812805176,,
213750,0.9614832401275635,0.05,-5.322212219238281,,
213800,5.40989351272583,0.05,-5.3430047035217285,,
213850,25.584367752075195,0.05,-5.379334926605225,,
213900,2.056615114212036,0.05,-5.3523712158203125,,
213950,0.36735114455223083,0.05,-7.110922336578369,,
214000,10.715885162353516,0.05,-7.638792037963867,,
214050,0.30620917677879333,0.05,-4.89397668838501,,
214100,28.083364486694336,0.05,-6.9621710777282715,,
214150,8.80745792388916,0.05,-4.291296005249023,,
214200,0.36317694187164307,0.05,-4.8171820640563965,,
214250,1.836506962776184,0.05,-5.254703998565674,,
214300,8.021258354187012,0.05,-5.356822967529297,,
214350,11.326626777648926,0.05,-4.64150333404541,,
214400,19.901288986206055,0.05,-5.643984317779541,,
214450,1.3660635948181152,0.05,-5.037736415863037,,
214500,15.718287467956543,0.05,-6.376683712005615,,
214550,0.6087943315505981,0.05,-3.3784730434417725,,
214600,1.9654030799865723,0.05,-3.7192742824554443,,
214650,16.9486141204834,0.05,-4.676148891448975,,
214700,17.53560447692871,0.05,-5.051004886627197,,
214750,4.096648216247559,0.05,-3.957258462905884,,
214800,3.1310856342315674,0.05,-3.543614387512207,,
214850,6.44434118270874,0.05,-4.936893939971924,,
214900,12.930526733398438,0.05,-3.860687255859375,,
214950,30.817415237426758,0.05,-6.575765609741211,,
215000,4.417717456817627,0.05,-3.8168861865997314,,
215050,2.3047492504119873,0.05,-3.8909075260162354,,
215100,15.098542213439941,0.05,-6.757900714874268,,
215150,10.886547088623047,0.05,-6.17022180557251,,
215200,0.4142288267612457,0.05,-5.069774150848389,,
215250,13.754158973693848,0.05,-4.901861190795898,,
215300,1.1432058811187744,0.05,-5.165650844573975,,
215350,9.46236515045166,0.05,-5.898065090179443,,
215400,19.349449157714844,0.05,-4.814407825469971,,
215450,22.67546272277832,0.05,-6.017945766448975,,
215500,7.357114315032959,0.05,-4.695766448974609,,
215550,11.67802906036377,0.05,-6.865952968597412,,
215600,1.1639405488967896,0.05,-4.386617660522461,,
215650,21.221641540527344,0.05,-4.610306262969971,,
215700,6.192816257476807,0.05,-4.515366077423096,,
215750,19.253477096557617,0.05,-6.628983974456787,,
215800,2.4897396564483643,0.05,-5.025725841522217,,
215850,17.722238540649414,0.05,-4.031661510467529,,
215900,1.9849810600280762,0.05,-4.961397647857666,,
215950,1.8616156578063965,0.05,-5.106051921844482,,
216000,12.088191986083984,0.05,-5.698741912841797,,
216050,1.251381516456604,0.05,-3.833483934402466,,
216100,2.590411901473999,0.05,-4.755398750305176,,
216150,0.556465208530426,0.05,-5.625375270843506,,
216200,0.8848471641540527,0.05,-4.560603618621826,,
216250,4.030430316925049,0.05,-5.005702495574951,,
216300,5.89425802230835,0.05,-3.5386173725128174,,
216350,5.149301052093506,0.05,-5.29316520690918,,
216400,0.16107402741909027,0.05,-3.3870036602020264,,
216450,0.6292884945869446,0.05,-5.4148640632629395,,
216500,2.75571608543396,0.05,-3.610224962234497,,
216550,44.4271240234375,0.05,-7.836796283721924,,
216600,6.316786289215088,0.05,-5.5860209465026855,,
216650,3.10942006111145,0.05,-7.31126070022583,,
216700,22.622201919555664,0.05,-5.588716506958008,,
216750,15.465418815612793,0.05,-5.330582141876221,,
216800,13.24488353729248,0.05,-5.35859489440918,,
216850,15.640129089355469,0.05,-6.683936595916748,,
216900,8.65361499786377,0.05,-4.240272045135498,,
216950,0.5811673998832703,0.05,-4.015705585479736,,
217000,18.305896759033203,0.05,-5.808364391326904,,
217050,24.45262336730957,0.05,-6.337039470672607,,
217100,14.983367919921875,0.05,-5.836393356323242,,
217150,1.7174338102340698,0.05,-5.137426853179932,,
217200,7.587632656097412,0.05,-5.553699016571045,,
217250,14.176409721374512,0.05,-5.387380599975586,,
217300,17.755197525024414,0.05,-5.828054904937744,,
217350,6.5425286293029785,0.05,-3.9438555240631104,,
217400,2.5078580379486084,0.05,-5.525557994842529,,
217450,12.257224082946777,0.05,-5.026691913604736,,
217500,6.610475540161133,0.05,-4.8199076652526855,,
217550,14.581931114196777,0.05,-6.437142848968506,,
217600,15.519392967224121,0.05,-5.826015472412109,,
217650,23.502206802368164,0.05,-6.7391180992126465,,
217700,15.331149101257324,0.05,-6.601024627685547,,
217750,1.80431067943573,0.05,-6.284842014312744,,
217800,5.623868465423584,0.05,-4.381286144256592,,
217850,1.978074550628662,0.05,-3.9751808643341064,,
217900,15.954219818115234,0.05,-5.412811279296875,,
217950,0.24644969403743744,0.05,-4.986845970153809,,
218000,23.39990234375,0.05,-4.716929912567139,,
218050,0.703056812286377,0.05,-5.486934185028076,,
218100,0.7437877655029297,0.05,-3.919161558151245,,
218150,11.159647941589355,0.05,-5.817668914794922,,
218200,14.612715721130371,0.05,-3.9781601428985596,,
218250,0.2785516679286957,0.05,-3.4438436031341553,,
218300,10.276658058166504,0.05,-4.951249599456787,,
218350,4.498335361480713,0.05,-4.64028263092041,,
218400,11.18651294708252,0.05,-4.2188544273376465,,
218450,2.720532178878784,0.05,-5.0927653312683105,,
218500,1.0987805128097534,0.05,-4.502825736999512,,
218550,19.490530014038086,0.05,-6.190769195556641,,
218600,15.98691177368164,0.05,-4.3429460525512695,,
218650,4.505108833312988,0.05,-6.70648717880249,,
218700,0.7631867527961731,0.05,-5.372835636138916,,
218750,1.3027933835983276,0.05,-4.766819477081299,,
218800,7.537721157073975,0.05,-3.8664181232452393,,
218850,2.1117234230041504,0.05,-5.501682758331299,,
218900,10.812386512756348,0.05,-5.3427815437316895,,
218950,12.537524223327637,0.05,-4.832739353179932,,
219000,28.24201202392578,0.05,-6.419216632843018,,
219050,1.4263601303100586,0.05,-4.861783504486084,,
219100,0.4644203186035156,0.05,-2.817716598510742,,
219150,31.514389038085938,0.05,-6.390030384063721,,
219200,1.3436870574951172,0.05,-5.616539001464844,,
219250,14.248279571533203,0.05,-4.92803430557251,,
219300,1.1367191076278687,0.05,-4.39777135848999,,
219350,0.5399624109268188,0.05,-3.807286500930786,,
219400,8.039525985717773,0.05,-6.126396179199219,,
219450,15.999211311340332,0.05,-6.6634087562561035,,
219500,0.4824662208557129,0.05,-3.602137327194214,,
219550,20.234163284301758,0.05,-4.5494561195373535,,
219600,20.720800399780273,0.05,-6.090129375457764,,
219650,0.1798378825187683,0.05,-4.9186577796936035,,
219700,6.322874546051025,0.05,-3.6124229431152344,,
219750,0.4079486131668091,0.05,-5.295995235443115,,
219800,9.38731861114502,0.05,-5.668012619018555,,
219850,4.6823039054870605,0.05,-3.87701678276062,,
219900,15.767036437988281,0.05,-5.6980767250061035,,
219950,11.563129425048828,0.05,-4.065671443939209,,
220000,19.963016510009766,0.05,-3.784013509750366,,
220050,0.3079679310321808,0.05,-3.410677909851074,,
220100,9.176735877990723,0.05,-3.6654930114746094,,
220150,5.091332912445068,0.05,-3.8607065677642822,,
220200,15.000594139099121,0.05,-5.846398830413818,,
220250,0.5715638399124146,0.05,-5.347583293914795,,
220300,18.72489356994629,0.05,-3.9701101779937744,,
220350,5.656846523284912,0.05,-5.140381813049316,,
220400,0.9861684441566467,0.05,-4.29512357711792,,
220450,12.818421363830566,0.05,-5.088935852050781,,
220500,32.33781433105469,0.05,-6.676554203033447,,
220550,6.1476263999938965,0.05,-7.2934441566467285,,
220600,25.50083351135254,0.05,-5.122143268585205,,
220650,32.438682556152344,0.05,-5.2747111320495605,,
220700,15.050884246826172,0.05,-5.373860836029053,,
220750,18.788074493408203,0.05,-5.188959121704102,,
220800,17.824495315551758,0.05,-5.862022399902344,,
220850,0.6679674983024597,0.05,-5.572484970092773,,
220900,5.266859531402588,0.05,-4.105454921722412,,
220950,14.035758972167969,0.05,-4.916965961456299,,
221000,16.956085205078125,0.05,-6.0459418296813965,,
221050,3.1594059467315674,0.05,-6.108005046844482,,
221100,24.499910354614258,0.05,-5.061631202697754,,
221150,12.781112670898438,0.05,-4.4891791343688965,,
221200,2.738473892211914,0.05,-4.739011764526367,,
221250,0.9817890524864197,0.05,-7.090752124786377,,
221300,12.773367881774902,0.05,-4.704870700836182,,
221350,22.663007736206055,0.05,-5.3625311851501465,,
221400,37.9047966003418,0.05,-5.560527801513672,,
221450,27.66400146484375,0.05,-7.079904556274414,,
221500,4.264860153198242,0.05,-5.968485355377197,,
221550,8.341728210449219,0.05,-5.424137592315674,,
221600,12.76244831085205,0.05,-3.9356257915496826,,
221650,22.520944595336914,0.05,-5.856590747833252,,
221700,19.01557731628418,0.05,-6.154984951019287,,
221750,7.247507572174072,0.05,-8.5117769241333,,
221800,0.27637991309165955,0.05,-4.500565052032471,,
221850,0.3441731929779053,0.05,-4.92919921875,,
221900,0.30544373393058777,0.05,-5.372260570526123,,
221950,19.537710189819336,0.05,-4.056534290313721,,
222000,10.082921028137207,0.05,-4.91286039352417,,
222050,28.590303421020508,0.05,-6.948917388916016,,
222100,0.7916355133056641,0.05,-5.079501628875732,,
222150,6.364412307739258,0.05,-4.713252067565918,,
222200,0.3480522632598877,0.05,-3.957355499267578,,
222250,3.4873294830322266,0.05,-5.3083577156066895,,
222300,0.295681893825531,0.05,-4.038761138916016,,
222350,20.377286911010742,0.05,-5.135346412658691,,
222400,18.764789581298828,0.05,-4.090780258178711,,
222450,6.241950511932373,0.05,-4.319504261016846,,
222500,1.731960654258728,0.05,-5.021763801574707,,
222550,12.006355285644531,0.05,-5.0225114822387695,,
222600,20.182546615600586,0.05,-6.523102283477783,,
222650,12.255661964416504,0.05,-6.535093784332275,,
222700,0.9066855311393738,0.05,-4.622668743133545,,
222750,3.090153694152832,0.05,-3.6889331340789795,,
222800,16.068971633911133,0.05,-5.057554721832275,,
222850,18.459096908569336,0.05,-4.68325662612915,,
222900,6.710997104644775,0.05,-4.24701452255249,,
222950,17.248035430908203,0.05,-5.746124267578125,,
223000,1.6478462219238281,0.05,-6.049675464630127,,
223050,20.730134963989258,0.05,-4.968499183654785,,
223100,4.090290546417236,0.05,-6.317268371582031,,
223150,13.887199401855469,0.05,-4.690273761749268,,
223200,0.9489655494689941,0.05,-4.550708293914795,,
223250,1.3746839761734009,0.05,-5.010303497314453,,
223300,8.866693496704102,0.05,-6.230984210968018,,
223350,21.742095947265625,0.05,-5.208851337432861,,
223400,16.96592903137207,0.05,-4.871078014373779,,
223450,0.2567237615585327,0.05,-4.891395092010498,,
223500,1.8679674863815308,0.05,-5.842903137207031,,
223550,0.6181716322898865,0.05,-4.8521809577941895,,
223600,19.139141082763672,0.05,-4.181839466094971,,
223650,0.20977365970611572,0.05,-3.0358188152313232,,
223700,1.001653790473938,0.05,-5.465545177459717,,
223750,4.878441333770752,0.05,-5.250298976898193,,
223800,2.762784242630005,0.05,-4.057020664215088,,
223850,1.441393494606018,0.05,-4.256633281707764,,
223900,15.145413398742676,0.05,-4.748997688293457,,
223950,5.958357334136963,0.05,-3.6706387996673584,,
224000,11.40078353881836,0.05,-5.64704704284668,,
224050,25.139833450317383,0.05,-7.061981678009033,,
224100,4.057016372680664,0.05,-4.16955041885376,,
224150,5.807167053222656,0.05,-5.464043140411377,,
224200,22.353256225585938,0.05,-3.4776430130004883,,
224250,28.51116943359375,0.05,-5.477437496185303,,
224300,19.328092575073242,0.05,-5.217871189117432,,
224350,9.943613052368164,0.05,-4.707773208618164,,
224400,26.06769371032715,0.05,-4.795093059539795,,
224450,21.121274948120117,0.05,-4.874587059020996,,
224500,8.789633750915527,0.05,-7.549326419830322,,
224550,0.44038963317871094,0.05,-4.386937618255615,,
224600,2.9531383514404297,0.05,-4.527792930603027,,
224650,0.46564579010009766,0.05,-5.026151657104492,,
224700,0.8467143177986145,0.05,-5.653056621551514,,
224750,1.0234915018081665,0.05,-4.437291145324707,,
224800,21.634958267211914,0.05,-4.908778667449951,,
224850,34.97737503051758,0.05,-5.53541898727417,,
224900,40.259986877441406,0.05,-5.393316745758057,,
224950,9.539484977722168,0.05,-5.060924053192139,,
225000,11.902408599853516,0.05,-4.181512832641602,-0.829490457932129,30.666666666666664
225050,7.825160980224609,0.05,-4.35184383392334,,
225100,32.18906784057617,0.05,-4.499051570892334,,
225150,11.65438461303711,0.05,-5.536542892456055,,
225200,41.496280670166016,0.05,-5.466104984283447,,
225250,6.196760654449463,0.05,-6.3239359855651855,,
225300,0.8961709141731262,0.05,-4.9833574295043945,,
225350,4.880502223968506,0.05,-4.4260430335998535,,
225400,0.6891552805900574,0.05,-5.945946216583252,,
225450,5.844753265380859,0.05,-5.350196361541748,,
225500,0.31663110852241516,0.05,-4.562756061553955,,
225550,5.96215295791626,0.05,-4.1846842765808105,,
225600,28.769180297851562,0.05,-7.6890740394592285,,
225650,0.9278008341789246,0.05,-4.8044610023498535,,
225700,15.185870170593262,0.05,-7.141952037811279,,
225750,26.749189376831055,0.05,-6.003321170806885,,
225800,47.3996696472168,0.05,-6.185791492462158,,
225850,18.98088836669922,0.05,-5.090081214904785,,
225900,15.380691528320312,0.05,-4.747865200042725,,
225950,37.37565231323242,0.05,-4.561136245727539,,
226000,0.3755994737148285,0.05,-4.458655834197998,,
226050,18.737627029418945,0.05,-5.062256336212158,,
226100,6.90900993347168,0.05,-3.7602698802948,,
226150,0.11348539590835571,0.05,-3.4417152404785156,,
226200,11.146682739257812,0.05,-4.86745548248291,,
226250,2.600846767425537,0.05,-3.8806369304656982,,
226300,36.86357879638672,0.05,-7.034965991973877,,
226350,1.6667124032974243,0.05,-6.838681697845459,,
226400,15.268799781799316,0.05,-5.669854640960693,,
226450,31.375228881835938,0.05,-5.207530498504639,,
226500,9.582656860351562,0.05,-5.076608180999756,,
226550,0.3532787263393402,0.05,-3.2254478931427,,
226600,19.81815528869629,0.05,-4.352424621582031,,
226650,0.35767391324043274,0.05,-4.976805210113525,,
226700,29.337724685668945,0.05,-3.9535329341888428,,
226750,14.068434715270996,0.05,-4.85641622543335,,
226800,6.371065139770508,0.05,-7.063604354858398,,
226850,40.16926193237305,0.05,-5.6523003578186035,,
226900,17.58248519897461,0.05,-5.7160868644714355,,
226950,1.9321287870407104,0.05,-3.8455488681793213,,
227000,16.34613037109375,0.05,-4.866020679473877,,
227050,11.982649803161621,0.05,-5.304847717285156,,
227100,10.769152641296387,0.05,-4.3770365715026855,,
227150,14.725238800048828,0.05,-6.6724395751953125,,
227200,14.486183166503906,0.05,-5.485755920410156,,
227250,8.53685474395752,0.05,-4.635636806488037,,
227300,0.9928333163261414,0.05,-6.080703258514404,,
227350,19.53798484802246,0.05,-5.7172722816467285,,
227400,15.92603588104248,0.05,-6.950908184051514,,
227450,26.53064727783203,0.05,-4.417440891265869,,
227500,10.850299835205078,0.05,-4.468494415283203,,
227550,17.103776931762695,0.05,-5.8956522941589355,,
227600,25.722360610961914,0.05,-4.925533771514893,,
227650,48.3072509765625,0.05,-4.696068286895752,,
227700,22.767852783203125,0.05,-5.438665866851807,,
227750,13.5253324508667,0.05,-5.093022346496582,,
227800,2.055229663848877,0.05,-4.5549235343933105,,
227850,1.1798725128173828,0.05,-5.137889385223389,,
227900,18.328475952148438,0.05,-5.78835916519165,,
227950,12.408839225769043,0.05,-4.396337509155273,,
228000,5.0285515785217285,0.05,-3.638875722885132,,
228050,22.777372360229492,0.05,-3.8819057941436768,,
228100,0.9174058437347412,0.05,-4.331289768218994,,
228150,14.134861946105957,0.05,-6.800954818725586,,
228200,10.803858757019043,0.05,-5.298849582672119,,
228250,21.644241333007812,0.05,-4.500993728637695,,
228300,29.542930603027344,0.05,-7.265443325042725,,
228350,23.588937759399414,0.05,-4.144389629364014,,
228400,9.008479118347168,0.05,-3.533562421798706,,
228450,7.048935413360596,0.05,-3.718679428100586,,
228500,3.2497482299804688,0.05,-4.32583475112915,,
228550,3.917483329772949,0.05,-5.182255268096924,,
228600,8.25792407989502,0.05,-5.514183521270752,,
228650,4.01959753036499,0.05,-4.537246227264404,,
228700,5.44171667098999,0.05,-3.542006254196167,,
228750,9.698433876037598,0.05,-3.4484264850616455,,
228800,9.045872688293457,0.05,-3.5918054580688477,,
228850,2.145885705947876,0.05,-5.180530071258545,,
228900,0.5469362139701843,0.05,-5.907371997833252,,
228950,29.428321838378906,0.05,-4.949315547943115,,
229000,13.439003944396973,0.05,-5.545732021331787,,
229050,0.49444207549095154,0.05,-5.571488857269287,,
229100,1.9101859331130981,0.05,-4.169619083404541,,
229150,16.712820053100586,0.05,-4.711049556732178,,
229200,3.960571050643921,0.05,-4.340025901794434,,
229250,18.923484802246094,0.05,-6.0399556159973145,,
229300,18.393735885620117,0.05,-5.349606990814209,,
229350,18.23626136779785,0.05,-5.3117899894714355,,
229400,2.0290913581848145,0.05,-5.31963586807251,,
229450,19.115373611450195,0.05,-5.205265522003174,,
229500,0.3486124277114868,0.05,-3.449887990951538,,
229550,20.31829261779785,0.05,-6.419865131378174,,
229600,10.567669868469238,0.05,-4.951745510101318,,
229650,9.232399940490723,0.05,-4.380209445953369,,
229700,16.81511878967285,0.05,-4.805644512176514,,
229750,10.85991382598877,0.05,-6.385961055755615,,
229800,10.887027740478516,0.05,-3.930537462234497,,
229850,3.6298115253448486,0.05,-4.706567287445068,,
229900,11.32837963104248,0.05,-5.148868083953857,,
229950,10.219289779663086,0.05,-5.404438018798828,,
230000,13.171629905700684,0.05,-4.946463108062744,,
230050,10.669517517089844,0.05,-4.434337615966797,,
230100,10.595755577087402,0.05,-7.502483367919922,,
230150,0.8582512736320496,0.05,-5.5436177253723145,,
230200,7.077098369598389,0.05,-3.2147443294525146,,
230250,1.136926293373108,0.05,-4.371440410614014,,
230300,9.467488288879395,0.05,-6.18480920791626,,
230350,4.473148822784424,0.05,-4.363938808441162,,
230400,19.180665969848633,0.05,-5.5416131019592285,,
230450,5.290084362030029,0.05,-5.7457404136657715,,
230500,3.5646774768829346,0.05,-4.953413009643555,,
230550,9.210776329040527,0.05,-4.014360427856445,,
230600,1.5227471590042114,0.05,-4.803112506866455,,
230650,4.3134284019470215,0.05,-8.469473838806152,,
230700,15.87576961517334,0.05,-6.799100399017334,,
230750,11.432109832763672,0.05,-4.806303977966309,,
230800,14.200268745422363,0.05,-5.17026424407959,,
230850,2.5906951427459717,0.05,-8.108180046081543,,
230900,11.837212562561035,0.05,-3.8012630939483643,,
230950,1.1954265832901,0.05,-3.816566228866577,,
231000,0.5962914228439331,0.05,-4.11496114730835,,
231050,2.55234432220459,0.05,-4.451324939727783,,
231100,13.580317497253418,0.05,-5.115217685699463,,
231150,0.4106731414794922,0.05,-4.213143825531006,,
231200,25.563703536987305,0.05,-3.1709721088409424,,
231250,5.210718154907227,0.05,-6.379100322723389,,
231300,30.51958656311035,0.05,-6.679410457611084,,
231350,0.5749587416648865,0.05,-3.749678373336792,,
231400,6.595888137817383,0.05,-5.905720233917236,,
231450,19.244979858398438,0.05,-6.417393207550049,,
231500,17.927282333374023,0.05,-4.108705520629883,,
231550,0.1433713585138321,0.05,-4.474310398101807,,
231600,3.1433370113372803,0.05,-4.132866382598877,,
231650,2.7549352645874023,0.05,-5.453510761260986,,
231700,44.19041061401367,0.05,-4.606498718261719,,
231750,25.889833450317383,0.05,-6.75392484664917,,
231800,23.03108787536621,0.05,-7.146930694580078,,
231850,10.940422058105469,0.05,-3.7200615406036377,,
231900,2.631201982498169,0.05,-4.335666656494141,,
231950,21.64109230041504,0.05,-3.855224847793579,,
232000,0.7361076474189758,0.05,-7.219587326049805,,
232050,23.714406967163086,0.05,-5.008050441741943,,
232100,26.887697219848633,0.05,-5.41310453414917,,
232150,1.6347211599349976,0.05,-3.6642110347747803,,
232200,4.1633524894714355,0.05,-4.406235218048096,,
232250,12.054214477539062,0.05,-4.569451808929443,,
232300,0.5688221454620361,0.05,-5.00601863861084,,
232350,12.954787254333496,0.05,-5.403341293334961,,
232400,13.842585563659668,0.05,-6.300772190093994,,
232450,0.6219224333763123,0.05,-3.841308355331421,,
232500,9.419234275817871,0.05,-5.132503032684326,,
232550,0.5406323671340942,0.05,-4.863579273223877,,
232600,0.7721078991889954,0.05,-5.986575603485107,,
232650,15.69893741607666,0.05,-5.040348052978516,,
232700,11.752452850341797,0.05,-4.3830742835998535,,
232750,4.85167121887207,0.05,-6.2075982093811035,,
232800,1.0971194505691528,0.05,-5.527246475219727,,
232850,2.5276641845703125,0.05,-6.158111572265625,,
232900,0.5477846264839172,0.05,-5.628942012786865,,
232950,8.203228950500488,0.05,-6.61622428894043,,
233000,30.742698669433594,0.05,-4.2681474685668945,,
233050,25.80811309814453,0.05,-6.64089822769165,,
233100,5.041143894195557,0.05,-6.420199871063232,,
233150,5.259981155395508,0.05,-4.462056636810303,,
233200,2.3729183673858643,0.05,-3.230984687805176,,
233250,1.072431206703186,0.05,-4.2997026443481445,,
233300,18.872447967529297,0.05,-4.937737941741943,,
233350,3.0649337768554688,0.05,-4.055448532104492,,
233400,18.51065444946289,0.05,-4.50842809677124,,
233450,15.143836975097656,0.05,-6.0538811683654785,,
233500,13.125845909118652,0.05,-6.154812335968018,,
233550,0.48268458247184753,0.05,-3.731027364730835,,
233600,5.960446834564209,0.05,-4.082950115203857,,
233650,29.04221534729004,0.05,-7.276121616363525,,
233700,5.97934103012085,0.05,-5.874937534332275,,
233750,20.161020278930664,0.05,-4.259927272796631,,
233800,11.388938903808594,0.05,-4.615012168884277,,
233850,12.955670356750488,0.05,-6.634792327880859,,
233900,16.189870834350586,0.05,-4.243794918060303,,
233950,12.212458610534668,0.05,-5.183874130249023,,
234000,0.35820186138153076,0.05,-3.795178174972534,,
234050,16.252485275268555,0.05,-6.35383939743042,,
234100,3.122485399246216,0.05,-4.971245288848877,,
234150,0.31197458505630493,0.05,-4.89241886138916,,
234200,4.8426690101623535,0.05,-5.256424427032471,,
234250,0.5369271636009216,0.05,-7.941240310668945,,
234300,0.4825787842273712,0.05,-4.1919097900390625,,
234350,12.77733325958252,0.05,-4.863402843475342,,
234400,0.8746462464332581,0.05,-3.9039018154144287,,
234450,10.17308521270752,0.05,-5.484378814697266,,
234500,9.28227710723877,0.05,-5.8192009925842285,,
234550,2.7719719409942627,0.05,-6.1314239501953125,,
234600,16.000518798828125,0.05,-5.453299045562744,,
234650,15.79294204711914,0.05,-5.4473876953125,,
234700,23.37382698059082,0.05,-6.521040439605713,,
234750,14.472172737121582,0.05,-4.570775508880615,,
234800,7.700735092163086,0.05,-4.104856014251709,,
234850,7.6344990730285645,0.05,-5.741678237915039,,
234900,5.790739059448242,0.05,-4.330629825592041,,
234950,20.26337242126465,0.05,-4.16134786605835,,
235000,31.473962783813477,0.05,-6.379703044891357,,
235050,20.84881019592285,0.05,-5.1730194091796875,,
235100,21.819616317749023,0.05,-3.726942777633667,,
235150,18.077484130859375,0.05,-5.147864818572998,,
235200,12.521900177001953,0.05,-5.860367298126221,,
235250,9.668542861938477,0.05,-5.066212177276611,,
235300,4.649229526519775,0.05,-6.322507381439209,,
235350,38.09465408325195,0.05,-4.997211933135986,,
235400,22.582406997680664,0.05,-4.914342403411865,,
235450,20.31892204284668,0.05,-4.7124199867248535,,
235500,21.671648025512695,0.05,-4.2698974609375,,
235550,2.2470688819885254,0.05,-5.622207164764404,,
235600,5.8147430419921875,0.05,-7.5105814933776855,,
235650,15.932291984558105,0.05,-5.168628215789795,,
235700,0.8933504223823547,0.05,-4.771628379821777,,
235750,15.885937690734863,0.05,-5.6585917472839355,,
235800,0.2156626135110855,0.05,-4.252282619476318,,
235850,14.826252937316895,0.05,-5.58485746383667,,
235900,17.860673904418945,0.05,-4.4754438400268555,,
235950,3.8952419757843018,0.05,-5.745595932006836,,
236000,0.5917790532112122,0.05,-4.851955890655518,,
236050,1.7075175046920776,0.05,-4.1483473777771,,
236100,26.63916778564453,0.05,-4.957118988037109,,
236150,0.35368266701698303,0.05,-4.6623759269714355,,
236200,0.27779853343963623,0.05,-4.2139458656311035,,
236250,18.335535049438477,0.05,-5.045475959777832,,
236300,0.6636426448822021,0.05,-5.600528717041016,,
236350,32.52476119995117,0.05,-4.711450099945068,,
236400,12.22304630279541,0.05,-5.180732727050781,,
236450,2.681647539138794,0.05,-5.699979782104492,,
236500,16.693891525268555,0.05,-4.514036655426025,,
236550,9.760921478271484,0.05,-6.47044563293457,,
236600,4.1673665046691895,0.05,-5.492114543914795,,
236650,1.9188026189804077,0.05,-4.586252212524414,,
236700,33.84446334838867,0.05,-3.375166177749634,,
236750,15.83918285369873,0.05,-5.052393436431885,,
236800,37.49043655395508,0.05,-5.603208065032959,,
236850,1.1948071718215942,0.05,-6.035681247711182,,
236900,22.59200096130371,0.05,-6.439815998077393,,
236950,8.651422500610352,0.05,-6.0987868309021,,
237000,14.114384651184082,0.05,-6.97969388961792,,
237050,15.046402931213379,0.05,-5.259164810180664,,
237100,51.15897750854492,0.05,-5.991984844207764,,
237150,21.750879287719727,0.05,-6.201875686645508,,
237200,1.5078845024108887,0.05,-6.069565296173096,,
237250,15.108298301696777,0.05,-6.1724162101745605,,
237300,1.0350500345230103,0.05,-4.476795196533203,,
237350,14.650094032287598,0.05,-5.8634185791015625,,
237400,15.604164123535156,0.05,-7.34877347946167,,
237450,32.18912887573242,0.05,-5.51622200012207,,
237500,0.41648292541503906,0.05,-5.668409824371338,,
237550,29.391389846801758,0.05,-7.222691059112549,,
237600,4.793835639953613,0.05,-4.133529186248779,,
237650,28.15433692932129,0.05,-6.288295745849609,,
237700,24.5435733795166,0.05,-5.898444652557373,,
237750,10.2669095993042,0.05,-4.985594272613525,,
237800,2.3654792308807373,0.05,-7.010542392730713,,
237850,12.433155059814453,0.05,-6.319809436798096,,
237900,11.751689910888672,0.05,-4.402263164520264,,
237950,0.6989077925682068,0.05,-5.898632526397705,,
238000,25.471391677856445,0.05,-5.733589172363281,,
238050,10.656318664550781,0.05,-8.640485763549805,,
238100,4.014617919921875,0.05,-6.0335373878479,,
238150,8.531702041625977,0.05,-3.717100143432617,,
238200,11.799174308776855,0.05,-5.702826023101807,,
238250,19.231246948242188,0.05,-4.390524387359619,,
238300,1.5895336866378784,0.05,-7.734559535980225,,
238350,21.250871658325195,0.05,-7.672142028808594,,
238400,2.703350067138672,0.05,-7.830038070678711,,
238450,27.165605545043945,0.05,-4.799759387969971,,
238500,6.424171447753906,0.05,-5.625522613525391,,
238550,3.9268903732299805,0.05,-6.197717189788818,,
238600,17.163801193237305,0.05,-5.100308895111084,,
238650,15.363858222961426,0.05,-6.984408855438232,,
238700,4.021249294281006,0.05,-5.5245842933654785,,
238750,20.1102237701416,0.05,-6.396249294281006,,
238800,3.142728567123413,0.05,-4.764739990234375,,
238850,33.90436553955078,0.05,-5.590761661529541,,
238900,8.704936027526855,0.05,-7.236072063446045,,
238950,24.657333374023438,0.05,-5.927082061767578,,
239000,12.210736274719238,0.05,-5.889903545379639,,
239050,3.260737180709839,0.05,-5.7920918464660645,,
239100,6.4397196769714355,0.05,-5.124380111694336,,
239150,16.836641311645508,0.05,-5.851120471954346,,
239200,0.844042956829071,0.05,-5.1726202964782715,,
239250,11.310067176818848,0.05,-6.044437408447266,,
239300,4.78610372543335,0.05,-6.344661712646484,,
239350,26.63389015197754,0.05,-5.3519511222839355,,
239400,4.6477837562561035,0.05,-6.003748416900635,,
239450,7.61331033706665,0.05,-5.906919002532959,,
239500,5.173552989959717,0.05,-5.448003768920898,,
239550,2.9238336086273193,0.05,-5.611642837524414,,
239600,20.206506729125977,0.05,-4.783938407897949,,
239650,21.399690628051758,0.05,-6.1064677238464355,,
239700,29.327722549438477,0.05,-5.58529806137085,,
239750,0.9767747521400452,0.05,-6.073913097381592,,
239800,19.950231552124023,0.05,-6.785206317901611,,
239850,19.35504722595215,0.05,-5.734433650970459,,
239900,1.2554060220718384,0.05,-5.391343593597412,,
239950,0.6116030216217041,0.05,-4.724678039550781,,
240000,0.3459993898868561,0.05,-4.222147464752197,,
240050,4.21082878112793,0.05,-5.208289623260498,,
240100,0.3532043397426605,0.05,-6.48040771484375,,
240150,0.30304422974586487,0.05,-5.109593868255615,,
240200,12.514580726623535,0.05,-6.9745941162109375,,
240250,27.013132095336914,0.05,-6.681690216064453,,
240300,22.088912963867188,0.05,-4.995233058929443,,
240350,7.016504287719727,0.05,-5.879237651824951,,
240400,0.535385012626648,0.05,-5.465224742889404,,
240450,0.8612123131752014,0.05,-5.123015403747559,,
240500,15.28402042388916,0.05,-4.8027024269104,,
240550,13.006477355957031,0.05,-5.127480506896973,,
240600,4.797246932983398,0.05,-7.566436290740967,,
240650,0.7435314059257507,0.05,-5.9572272300720215,,
240700,21.955411911010742,0.05,-5.753089904785156,,
240750,28.11072540283203,0.05,-4.688775062561035,,
240800,26.062362670898438,0.05,-6.37482213973999,,
240850,8.559248924255371,0.05,-5.193779468536377,,
240900,15.967639923095703,0.05,-5.807043552398682,,
240950,1.0379085540771484,0.05,-4.513576030731201,,
241000,19.214204788208008,0.05,-6.291604518890381,,
241050,0.5959962606430054,0.05,-4.170048236846924,,
241100,29.938369750976562,0.05,-7.57088041305542,,
241150,0.16663949191570282,0.05,-5.268710613250732,,
241200,32.29894256591797,0.05,-7.374609470367432,,
241250,11.587486267089844,0.05,-5.857773303985596,,
241300,20.992650985717773,0.05,-6.7934417724609375,,
241350,11.18472671508789,0.05,-6.575158596038818,,
241400,5.215617656707764,0.05,-6.240165710449219,,
241450,3.4844589233398438,0.05,-6.957705020904541,,
241500,18.597043991088867,0.05,-5.3189167976379395,,
241550,1.1546305418014526,0.05,-6.209404468536377,,
241600,1.1261264085769653,0.05,-4.779427528381348,,
241650,1.0302526950836182,0.05,-5.1339287757873535,,
241700,19.157567977905273,0.05,-5.193359851837158,,
241750,59.897274017333984,0.05,-6.593437671661377,,
241800,14.629166603088379,0.05,-6.210177898406982,,
241850,12.414661407470703,0.05,-5.516366958618164,,
241900,30.708375930786133,0.05,-7.623493194580078,,
241950,12.218110084533691,0.05,-5.911567211151123,,
242000,0.9134708046913147,0.05,-5.129331111907959,,
242050,15.29312801361084,0.05,-4.697451114654541,,
242100,6.3795647621154785,0.05,-4.6638970375061035,,
242150,0.265493243932724,0.05,-5.48464822769165,,
242200,13.632628440856934,0.05,-5.9741973876953125,,
242250,5.805243015289307,0.05,-5.758707046508789,,
242300,37.432682037353516,0.05,-6.422628879547119,,
242350,9.598848342895508,0.05,-6.2434000968933105,,
242400,25.606630325317383,0.05,-4.197793483734131,,
242450,1.5743584632873535,0.05,-6.550115585327148,,
242500,3.106950044631958,0.05,-4.564541339874268,,
242550,30.757545471191406,0.05,-6.738531589508057,,
242600,27.703432083129883,0.05,-6.210442066192627,,
242650,14.474750518798828,0.05,-6.302012920379639,,
242700,23.433629989624023,0.05,-5.999116897583008,,
242750,1.4199438095092773,0.05,-6.522496700286865,,
242800,4.275888919830322,0.05,-6.033718109130859,,
242850,3.377995491027832,0.05,-6.364452362060547,,
242900,0.6847588419914246,0.05,-4.92586612701416,,
242950,9.358932495117188,0.05,-6.218011379241943,,
243000,13.739280700683594,0.05,-7.067458629608154,,
243050,1.635602355003357,0.05,-6.762773036956787,,
243100,27.327322006225586,0.05,-6.582273960113525,,
243150,19.623212814331055,0.05,-4.5596604347229,,
243200,30.660478591918945,0.05,-7.4271063804626465,,
243250,3.035259485244751,0.05,-6.461698532104492,,
243300,0.5935327410697937,0.05,-6.472285747528076,,
243350,48.57010269165039,0.05,-7.678009510040283,,
243400,12.575835227966309,0.05,-6.104736804962158,,
243450,8.092432975769043,0.05,-7.1210503578186035,,
243500,11.0252685546875,0.05,-7.19592809677124,,
243550,2.2814106941223145,0.05,-4.8211140632629395,,
243600,12.76010799407959,0.05,-4.7293477058410645,,
243650,12.242347717285156,0.05,-5.80474328994751,,
243700,1.5474532842636108,0.05,-5.72247314453125,,
243750,6.742794036865234,0.05,-6.166870594024658,,
243800,5.49970006942749,0.05,-4.230358600616455,,
243850,4.388564586639404,0.05,-5.817071914672852,,
243900,3.4939005374908447,0.05,-6.416172027587891,,
243950,1.8705339431762695,0.05,-6.588039398193359,,
244000,38.45969772338867,0.05,-6.382025241851807,,
244050,4.217617511749268,0.05,-5.233365535736084,,
244100,13.805811882019043,0.05,-6.449619770050049,,
244150,10.837124824523926,0.05,-4.751235485076904,,
244200,23.99064826965332,0.05,-6.553948879241943,,
244250,0.7581236958503723,0.05,-5.365626811981201,,
244300,4.179509162902832,0.05,-4.657968997955322,,
244350,12.715705871582031,0.05,-5.269680500030518,,
244400,14.6135892868042,0.05,-5.699839115142822,,
244450,21.195093154907227,0.05,-5.766473293304443,,
244500,12.56592845916748,0.05,-5.214653968811035,,
244550,20.24395751953125,0.05,-4.20045804977417,,
244600,19.65357780456543,0.05,-4.842518329620361,,
244650,16.12053680419922,0.05,-5.5957255363464355,,
244700,0.7825915813446045,0.05,-5.700801849365234,,
244750,24.300079345703125,0.05,-7.45272970199585,,
244800,3.907592535018921,0.05,-5.487768173217773,,
244850,8.432724952697754,0.05,-5.8071746826171875,,
244900,52.60957336425781,0.05,-8.42109203338623,,
244950,4.951224327087402,0.05,-4.067296504974365,,
245000,0.7772282958030701,0.05,-3.786625623703003,,
245050,5.930552959442139,0.05,-5.257541656494141,,
245100,18.621065139770508,0.05,-10.095438957214355,,
245150,1.091513752937317,0.05,-5.410632610321045,,
245200,0.7661967277526855,0.05,-4.249311447143555,,
245250,1.7257905006408691,0.05,-4.879336833953857,,
245300,4.850983619689941,0.05,-4.821341037750244,,
245350,11.987578392028809,0.05,-7.463655948638916,,
245400,22.497421264648438,0.05,-5.927085876464844,,
245450,4.646100997924805,0.05,-8.672520637512207,,
245500,0.5192021727561951,0.05,-5.057250022888184,,
245550,36.55936050415039,0.05,-6.284951686859131,,
245600,19.261070251464844,0.05,-5.339178085327148,,
245650,23.231821060180664,0.05,-5.9896769523620605,,
245700,5.140788555145264,0.05,-5.692251205444336,,
245750,3.6189072132110596,0.05,-4.390445709228516,,
245800,16.6666202545166,0.05,-4.893016338348389,,
245850,0.41841134428977966,0.05,-4.765738010406494,,
245900,6.139637470245361,0.05,-5.7684855461120605,,
245950,1.7866493463516235,0.05,-7.284542560577393,,
246000,31.26642417907715,0.05,-5.864874362945557,,
246050,25.548917770385742,0.05,-5.262651443481445,,
246100,12.477335929870605,0.05,-5.072931289672852,,
246150,4.7439751625061035,0.05,-5.190712928771973,,
246200,10.636326789855957,0.05,-4.292329788208008,,
246250,11.411026000976562,0.05,-5.683416366577148,,
246300,6.958347797393799,0.05,-5.52442741394043,,
246350,0.6871452927589417,0.05,-5.599067687988281,,
246400,0.7965140342712402,0.05,-4.253036022186279,,
246450,7.664648532867432,0.05,-4.450050354003906,,
246500,0.4462912976741791,0.05,-7.066281795501709,,
246550,1.8034706115722656,0.05,-6.804973602294922,,
246600,19.64273452758789,0.05,-6.803832530975342,,
246650,2.9864959716796875,0.05,-5.28245210647583,,
246700,3.678243637084961,0.05,-5.517993927001953,,
246750,11.51919937133789,0.05,-5.48225212097168,,
246800,0.9288663864135742,0.05,-4.825376987457275,,
246850,7.734083652496338,0.05,-6.379877090454102,,
246900,2.5482265949249268,0.05,-5.108273029327393,,
246950,18.677671432495117,0.05,-5.894145965576172,,
247000,0.4005577862262726,0.05,-4.76661491394043,,
247050,8.326569557189941,0.05,-6.858609676361084,,
247100,8.82020378112793,0.05,-5.955348968505859,,
247150,10.019612312316895,0.05,-5.775972366333008,,
247200,0.5233304500579834,0.05,-6.372951984405518,,
247250,36.08744430541992,0.05,-7.603304386138916,,
247300,2.944636583328247,0.05,-5.014719009399414,,
247350,8.62151050567627,0.05,-6.1090087890625,,
247400,4.009544372558594,0.05,-4.921567916870117,,
247450,29.031789779663086,0.05,-7.1865081787109375,,
247500,3.3218319416046143,0.05,-4.957064151763916,,
247550,0.6905551552772522,0.05,-7.339376926422119,,
247600,27.654932022094727,0.05,-5.063230037689209,,
247650,2.3871521949768066,0.05,-5.028981685638428,,
247700,21.858375549316406,0.05,-6.6394944190979,,
247750,29.69146156311035,0.05,-4.85635232925415,,
247800,1.434788703918457,0.05,-4.172084331512451,,
247850,2.463763475418091,0.05,-6.218164920806885,,
247900,0.9015083909034729,0.05,-5.9804606437683105,,
247950,68.04464721679688,0.05,-7.870232105255127,,
248000,19.34224510192871,0.05,-5.442653179168701,,
248050,31.398696899414062,0.05,-5.57603120803833,,
248100,19.437761306762695,0.05,-8.8704833984375,,
248150,3.3971240520477295,0.05,-5.272985935211182,,
248200,0.4305661916732788,0.05,-3.7580554485321045,,
248250,32.985347747802734,0.05,-6.071320056915283,,
248300,36.502742767333984,0.05,-4.156589984893799,,
248350,0.5803660750389099,0.05,-5.806787967681885,,
248400,4.529585361480713,0.05,-5.502424716949463,,
248450,18.04986572265625,0.05,-6.550350666046143,,
248500,17.034095764160156,0.05,-4.229421615600586,,
248550,1.4143556356430054,0.05,-5.4964776039123535,,
248600,0.8281781077384949,0.05,-6.971995830535889,,
248650,0.30968689918518066,0.05,-5.210107803344727,,
248700,11.388936042785645,0.05,-4.899087429046631,,
248750,0.2577287256717682,0.05,-5.332583427429199,,
248800,19.19980812072754,0.05,-6.976224899291992,,
248850,40.107601165771484,0.05,-6.828458309173584,,
248900,37.6400146484375,0.05,-8.38094425201416,,
248950,39.1458740234375,0.05,-5.846940517425537,,
249000,35.40314483642578,0.05,-5.365513324737549,,
249050,18.1794376373291,0.05,-6.8423752784729,,
249100,10.872910499572754,0.05,-5.256226539611816,,
249150,1.2698842287063599,0.05,-5.348047733306885,,
249200,16.735803604125977,0.05,-4.949077129364014,,
249250,13.633281707763672,0.05,-5.388082981109619,,
249300,23.2513370513916,0.05,-5.317814350128174,,
249350,11.518757820129395,0.05,-5.641689300537109,,
249400,44.445743560791016,0.05,-5.993236064910889,,
249450,2.9478724002838135,0.05,-6.274533748626709,,
249500,7.186092376708984,0.05,-6.547807216644287,,
249550,1.7957831621170044,0.05,-5.988518238067627,,
249600,0.5823859572410583,0.05,-6.656464099884033,,
249650,25.657285690307617,0.05,-7.126633167266846,,
249700,0.6482044458389282,0.05,-6.213099002838135,,
249750,7.5914459228515625,0.05,-6.835697174072266,,
249800,2.258781671524048,0.05,-4.987985134124756,,
249850,2.5031301975250244,0.05,-5.141541957855225,,
249900,15.518328666687012,0.05,-5.434064865112305,,
249950,5.836887359619141,0.05,-6.624465465545654,,
250000,0.5826843976974487,0.05,-6.461854457855225,-1.2369005989938933,40.666666666666664
250050,3.534208297729492,0.05,-7.766044616699219,,
250100,13.417454719543457,0.05,-4.231843948364258,,
250150,8.366605758666992,0.05,-6.032368183135986,,
250200,1.3228944540023804,0.05,-6.356315612792969,,
250250,22.381380081176758,0.05,-7.435319900512695,,
250300,36.931209564208984,0.05,-7.098948001861572,,
250350,0.7955661416053772,0.05,-7.087186336517334,,
250400,13.911028861999512,0.05,-6.782842636108398,,
250450,2.719663619995117,0.05,-5.588342666625977,,
250500,0.6454617977142334,0.05,-5.632120609283447,,
250550,9.355463981628418,0.05,-5.3448805809021,,
250600,2.300980806350708,0.05,-7.013224124908447,,
250650,22.420080184936523,0.05,-6.474743366241455,,
250700,15.837050437927246,0.05,-5.564675807952881,,
250750,8.93469524383545,0.05,-3.938136100769043,,
250800,2.7403478622436523,0.05,-4.666937351226807,,
250850,14.116778373718262,0.05,-6.879640579223633,,
250900,4.339580059051514,0.05,-7.199458599090576,,
250950,21.557870864868164,0.05,-6.6055779457092285,,
251000,13.057875633239746,0.05,-6.011230945587158,,
251050,28.2282657623291,0.05,-7.315573215484619,,
251100,6.270097255706787,0.05,-4.597808837890625,,
251150,21.04697608947754,0.05,-5.587152481079102,,
251200,5.860116958618164,0.05,-4.4511003494262695,,
251250,0.18398363888263702,0.05,-5.276003360748291,,
251300,15.325389862060547,0.05,-5.4382004737854,,
251350,0.5522517561912537,0.05,-5.260224342346191,,
251400,0.4884791076183319,0.05,-5.703469753265381,,
251450,34.852020263671875,0.05,-6.444389820098877,,
251500,7.249714374542236,0.05,-6.285868167877197,,
251550,37.58489227294922,0.05,-6.65564489364624,,
251600,0.9944050312042236,0.05,-4.656947612762451,,
251650,17.587875366210938,0.05,-7.2802815437316895,,
251700,28.980850219726562,0.05,-5.923306941986084,,
251750,21.240158081054688,0.05,-7.407802581787109,,
251800,32.10111999511719,0.05,-5.913555145263672,,
251850,20.325040817260742,0.05,-6.60479736328125,,
251900,7.314394474029541,0.05,-5.822024822235107,,
251950,1.3818098306655884,0.05,-6.138402462005615,,
252000,3.9039247035980225,0.05,-4.621115207672119,,
252050,1.4972025156021118,0.05,-5.321542263031006,,
252100,17.410032272338867,0.05,-8.209761619567871,,
252150,1.237408995628357,0.05,-4.721836566925049,,
252200,6.006589412689209,0.05,-7.912975311279297,,
252250,12.101035118103027,0.05,-8.762285232543945,,
252300,39.91325378417969,0.05,-7.244546413421631,,
252350,15.89631175994873,0.05,-5.9059014320373535,,
252400,20.319002151489258,0.05,-4.9919891357421875,,
252450,6.944692134857178,0.05,-6.7622599601745605,,
252500,21.036725997924805,0.05,-7.223273754119873,,
252550,0.9783170819282532,0.05,-6.728476047515869,,
252600,17.692350387573242,0.05,-5.033472537994385,,
252650,30.45398712158203,0.05,-5.793893814086914,,
252700,18.138824462890625,0.05,-6.80491828918457,,
252750,6.499664783477783,0.05,-6.48324728012085,,
252800,28.57300567626953,0.05,-5.788488864898682,,
252850,0.4165022373199463,0.05,-4.733431339263916,,
252900,29.52446174621582,0.05,-6.020057678222656,,
252950,11.449009895324707,0.05,-7.002964496612549,,
253000,0.24153389036655426,0.05,-4.74524450302124,,
253050,16.818187713623047,0.05,-6.763303756713867,,
253100,0.2729872167110443,0.05,-4.751223087310791,,
253150,29.465835571289062,0.05,-6.33617639541626,,
253200,3.7458887100219727,0.05,-4.968164920806885,,
253250,0.47471192479133606,0.05,-4.735957145690918,,
253300,67.53632354736328,0.05,-5.64369010925293,,
253350,2.174082040786743,0.05,-6.450724124908447,,
253400,2.8127877712249756,0.05,-5.730302333831787,,
253450,35.0997200012207,0.05,-4.897685527801514,,
253500,0.4628651440143585,0.05,-5.268573760986328,,
253550,15.454952239990234,0.05,-5.949592113494873,,
253600,25.573637008666992,0.05,-6.9828715324401855,,
253650,1.4138633012771606,0.05,-5.052505016326904,,
253700,15.71629810333252,0.05,-5.687160015106201,,
253750,14.92154312133789,0.05,-5.637301921844482,,
253800,0.411956787109375,0.05,-5.6678466796875,,
253850,16.82901954650879,0.05,-5.887041091918945,,
253900,61.25710678100586,0.05,-7.8646240234375,,
253950,28.369840621948242,0.05,-5.591847896575928,,
254000,0.17231588065624237,0.05,-3.912923574447632,,
254050,22.067626953125,0.05,-5.496129512786865,,
254100,18.317785263061523,0.05,-8.09740161895752,,
254150,1.7287875413894653,0.05,-5.93780517578125,,
254200,10.980265617370605,0.05,-4.685640811920166,,
254250,0.8051447868347168,0.05,-3.824061155319214,,
254300,36.05321502685547,0.05,-6.516099452972412,,
254350,30.90306854248047,0.05,-5.748212814331055,,
254400,25.303091049194336,0.05,-7.830094814300537,,
254450,13.405418395996094,0.05,-6.485655307769775,,
254500,2.6948440074920654,0.05,-4.822967529296875,,
254550,1.5648566484451294,0.05,-5.591134548187256,,
254600,11.840941429138184,0.05,-5.6281819343566895,,
254650,13.428425788879395,0.05,-5.012625217437744,,
254700,21.388673782348633,0.05,-7.735200881958008,,
254750,16.084592819213867,0.05,-4.602351665496826,,
254800,44.28582763671875,0.05,-6.875227451324463,,
254850,0.6290600895881653,0.05,-4.740408420562744,,
254900,8.484466552734375,0.05,-5.193119049072266,,
254950,2.4910008907318115,0.05,-6.904983043670654,,
255000,0.3968926668167114,0.05,-4.2300238609313965,,
255050,9.184596061706543,0.05,-5.95045280456543,,
255100,1.7778457403182983,0.05,-6.035146236419678,,
255150,42.00632858276367,0.05,-6.3772101402282715,,
255200,8.43654727935791,0.05,-5.854885101318359,,
255250,19.301523208618164,0.05,-6.280309200286865,,
255300,13.527478218078613,0.05,-5.847538471221924,,
255350,18.268159866333008,0.05,-6.049119472503662,,
255400,19.123353958129883,0.05,-6.092767238616943,,
255450,8.607726097106934,0.05,-6.094410419464111,,
255500,29.477266311645508,0.05,-6.97645378112793,,
255550,1.1291189193725586,0.05,-6.252878665924072,,
255600,53.709110260009766,0.05,-7.146871089935303,,
255650,16.96806526184082,0.05,-6.5964741706848145,,
255700,13.058850288391113,0.05,-4.591842174530029,,
255750,1.800571084022522,0.05,-5.956245422363281,,
255800,7.018401622772217,0.05,-5.220785140991211,,
255850,3.7823171615600586,0.05,-5.535184860229492,,
255900,11.583442687988281,0.05,-5.1657891273498535,,
255950,8.728546142578125,0.05,-4.763422012329102,,
256000,27.87375831604004,0.05,-5.924266815185547,,
256050,13.939250946044922,0.05,-4.8104119300842285,,
256100,4.425764560699463,0.05,-4.687726020812988,,
256150,5.961738586425781,0.05,-4.779965400695801,,
256200,3.4351015090942383,0.05,-5.567359447479248,,
256250,5.814266204833984,0.05,-5.503955841064453,,
256300,4.994952201843262,0.05,-4.6570353507995605,,
256350,25.212860107421875,0.05,-7.196325302124023,,
256400,29.55915641784668,0.05,-5.758678913116455,,
256450,0.678026020526886,0.05,-4.8744425773620605,,
256500,7.28146505355835,0.05,-5.339606761932373,,
256550,30.335769653320312,0.05,-5.596079349517822,,
256600,23.517011642456055,0.05,-5.075109004974365,,
256650,28.449012756347656,0.05,-6.995385646820068,,
256700,19.733854293823242,0.05,-6.3992085456848145,,
256750,0.8765384554862976,0.05,-6.136495113372803,,
256800,10.763623237609863,0.05,-4.697672367095947,,
256850,0.377956748008728,0.05,-5.211706638336182,,
256900,43.66099548339844,0.05,-6.586460113525391,,
256950,18.7511043548584,0.05,-6.124678134918213,,
257000,0.10219006985425949,0.05,-4.413022041320801,,
257050,3.174708127975464,0.05,-5.102366924285889,,
257100,15.2957763671875,0.05,-4.977033615112305,,
257150,11.637859344482422,0.05,-4.8347296714782715,,
257200,1.0491124391555786,0.05,-4.856571197509766,,
257250,36.08473587036133,0.05,-7.170743942260742,,
257300,0.42371025681495667,0.05,-5.07725715637207,,
257350,0.7177689671516418,0.05,-5.354725360870361,,
257400,18.963497161865234,0.05,-6.9302496910095215,,
257450,2.5963034629821777,0.05,-4.085163116455078,,
257500,3.0304315090179443,0.05,-5.572164535522461,,
257550,0.9216351509094238,0.05,-3.534972906112671,,
257600,0.3169994056224823,0.05,-5.0167365074157715,,
257650,20.09724235534668,0.05,-5.5321831703186035,,
257700,0.8086773753166199,0.05,-7.362534999847412,,
257750,0.41835343837738037,0.05,-4.861748695373535,,
257800,0.43170711398124695,0.05,-5.383367538452148,,
257850,40.92971420288086,0.05,-5.152533531188965,,
257900,6.965002059936523,0.05,-5.774393558502197,,
257950,13.467388153076172,0.05,-6.5678558349609375,,
258000,3.4843263626098633,0.05,-5.857114315032959,,
258050,8.341062545776367,0.05,-6.097959995269775,,
258100,0.3843625485897064,0.05,-5.43018913269043,,
258150,17.854936599731445,0.05,-5.959774017333984,,
258200,0.43164363503456116,0.05,-5.321498394012451,,
258250,0.45397546887397766,0.05,-5.592123031616211,,
258300,19.003114700317383,0.05,-4.2305073738098145,,
258350,5.300204753875732,0.05,-5.61196756362915,,
258400,48.70461654663086,0.05,-5.704916000366211,,
258450,10.904537200927734,0.05,-4.548888206481934,,
258500,1.3888319730758667,0.05,-5.350775241851807,,
258550,33.90433120727539,0.05,-5.262380123138428,,
258600,1.5340447425842285,0.05,-4.835244655609131,,
258650,7.904784679412842,0.05,-5.706247806549072,,
258700,12.739700317382812,0.05,-5.02972936630249,,
258750,0.5392269492149353,0.05,-4.0844807624816895,,
258800,51.68572998046875,0.05,-5.940070629119873,,
258850,6.007646560668945,0.05,-6.563386917114258,,
258900,20.292999267578125,0.05,-5.087252140045166,,
258950,0.7730603218078613,0.05,-5.439151763916016,,
259000,0.31795841455459595,0.05,-5.341175556182861,,
259050,0.547531247138977,0.05,-4.915689468383789,,
259100,4.621201515197754,0.05,-4.430941104888916,,
259150,0.40502193570137024,0.05,-5.769056797027588,,
259200,14.900547981262207,0.05,-5.352771759033203,,
259250,0.7306860089302063,0.05,-5.316476821899414,,
259300,4.007922172546387,0.05,-4.7041850090026855,,
259350,1.3637142181396484,0.05,-5.1247477531433105,,
259400,1.210405707359314,0.05,-5.025251388549805,,
259450,14.59398365020752,0.05,-4.512587070465088,,
259500,7.526851654052734,0.05,-4.900292873382568,,
259550,3.314927101135254,0.05,-4.7079758644104,,
259600,58.28352355957031,0.05,-6.44432258605957,,
259650,18.2929744720459,0.05,-4.904667377471924,,
259700,9.50541877746582,0.05,-4.096043109893799,,
259750,21.548986434936523,0.05,-6.483845233917236,,
259800,0.936985433101654,0.05,-4.211007595062256,,
259850,25.19917869567871,0.05,-4.835070610046387,,
259900,14.766411781311035,0.05,-4.961984634399414,,
259950,1.1322399377822876,0.05,-5.283183574676514,,
260000,6.211669445037842,0.05,-4.742276191711426,,
260050,0.7810940146446228,0.05,-4.794388294219971,,
260100,0.3622792065143585,0.05,-4.525167942047119,,
260150,1.1933609247207642,0.05,-6.1111297607421875,,
260200,0.41080915927886963,0.05,-4.1654372215271,,
260250,11.72877025604248,0.05,-5.538332462310791,,
260300,4.653726100921631,0.05,-5.684194564819336,,
260350,8.680927276611328,0.05,-5.7974629402160645,,
260400,6.1301188468933105,0.05,-4.8270792961120605,,
260450,2.6974847316741943,0.05,-5.181490421295166,,
260500,22.657556533813477,0.05,-5.52147912979126,,
260550,1.189300537109375,0.05,-5.853264331817627,,
260600,14.872376441955566,0.05,-6.419764995574951,,
260650,8.077677726745605,0.05,-5.504944324493408,,
260700,19.1893253326416,0.05,-4.892983913421631,,
260750,9.1262845993042,0.05,-4.6868486404418945,,
260800,1.3418172597885132,0.05,-4.337974548339844,,
260850,0.9637570977210999,0.05,-4.535040378570557,,
260900,0.10714811831712723,0.05,-4.1587324142456055,,
260950,1.4889249801635742,0.05,-4.401608943939209,,
261000,2.4677741527557373,0.05,-5.459875583648682,,
261050,39.51241683959961,0.05,-7.681682586669922,,
261100,9.313655853271484,0.05,-3.7674617767333984,,
261150,5.965042591094971,0.05,-5.180872917175293,,
261200,41.96702194213867,0.05,-5.323885917663574,,
261250,3.3527119159698486,0.05,-4.474345684051514,,
261300,28.88039207458496,0.05,-6.015209674835205,,
261350,1.5594488382339478,0.05,-5.116591930389404,,
261400,21.893356323242188,0.05,-5.62482213973999,,
261450,1.0061719417572021,0.05,-6.12528657913208,,
261500,37.89639663696289,0.05,-6.705745220184326,,
261550,25.72186279296875,0.05,-6.775183200836182,,
261600,14.402573585510254,0.05,-4.103909015655518,,
261650,0.597055196762085,0.05,-4.097585678100586,,
261700,4.242193698883057,0.05,-4.1052141189575195,,
261750,0.9034872651100159,0.05,-4.425745964050293,,
261800,4.100309371948242,0.05,-4.958820819854736,,
261850,7.136326313018799,0.05,-5.369802951812744,,
261900,4.367391586303711,0.05,-4.234790802001953,,
261950,0.9604918956756592,0.05,-4.8280792236328125,,
262000,12.750465393066406,0.05,-5.159527778625488,,
262050,33.44825744628906,0.05,-4.733606815338135,,
262100,12.985233306884766,0.05,-5.795629024505615,,
262150,2.711189031600952,0.05,-5.884138107299805,,
262200,0.09707359224557877,0.05,-3.45647931098938,,
262250,0.240505650639534,0.05,-3.390972852706909,,
262300,6.470415115356445,0.05,-4.122669219970703,,
262350,13.687304496765137,0.05,-5.824216842651367,,
262400,0.343457967042923,0.05,-4.73323392868042,,
262450,32.55360794067383,0.05,-6.057310581207275,,
262500,3.1326000690460205,0.05,-5.404150485992432,,
262550,4.186672210693359,0.05,-6.319535732269287,,
262600,12.914508819580078,0.05,-7.020318508148193,,
262650,15.601696968078613,0.05,-4.4814677238464355,,
262700,3.1868064403533936,0.05,-5.214389324188232,,
262750,5.226345062255859,0.05,-6.386110782623291,,
262800,0.4448866546154022,0.05,-4.587749004364014,,
262850,3.8894240856170654,0.05,-4.38712215423584,,
262900,15.840088844299316,0.05,-4.922632694244385,,
262950,1.8139883279800415,0.05,-4.9966959953308105,,
263000,12.028999328613281,0.05,-6.325537204742432,,
263050,0.21154899895191193,0.05,-4.539808750152588,,
263100,23.29358673095703,0.05,-5.15520715713501,,
263150,15.284745216369629,0.05,-4.29352331161499,,
263200,31.566543579101562,0.05,-7.24188756942749,,
263250,1.504873275756836,0.05,-6.174306392669678,,
263300,0.5593580603599548,0.05,-5.242978572845459,,
263350,2.174837827682495,0.05,-4.0713324546813965,,
263400,1.3556770086288452,0.05,-5.359407901763916,,
263450,3.0633604526519775,0.05,-4.828917503356934,,
263500,15.785628318786621,0.05,-5.516968250274658,,
263550,5.081210613250732,0.05,-5.4973063468933105,,
263600,0.7674031257629395,0.05,-6.356496810913086,,
263650,12.513323783874512,0.05,-5.682322978973389,,
263700,12.049152374267578,0.05,-6.333302021026611,,
263750,0.9912137985229492,0.05,-4.513858318328857,,
263800,15.384331703186035,0.05,-5.336117267608643,,
263850,1.6912808418273926,0.05,-5.144334316253662,,
263900,15.750556945800781,0.05,-7.819711208343506,,
263950,0.8208928108215332,0.05,-4.791223526000977,,
264000,16.579458236694336,0.05,-4.592283248901367,,
264050,0.26843178272247314,0.05,-4.830996990203857,,
264100,0.5559307336807251,0.05,-5.326023578643799,,
264150,4.320006847381592,0.05,-6.325218677520752,,
264200,16.828781127929688,0.05,-5.115165710449219,,
264250,12.217368125915527,0.05,-3.6836869716644287,,
264300,6.648226261138916,0.05,-4.1466240882873535,,
264350,3.9860165119171143,0.05,-7.089502334594727,,
264400,0.2925679385662079,0.05,-4.5236077308654785,,
264450,14.395088195800781,0.05,-5.117770195007324,,
264500,24.992050170898438,0.05,-4.9586052894592285,,
264550,22.33460235595703,0.05,-5.953277111053467,,
264600,2.5295021533966064,0.05,-6.370107173919678,,
264650,1.490151286125183,0.05,-4.490494728088379,,
264700,1.7723889350891113,0.05,-4.366542339324951,,
264750,0.4803701341152191,0.05,-4.353335380554199,,
264800,44.25885009765625,0.05,-5.690821170806885,,
264850,8.128188133239746,0.05,-4.673654079437256,,
264900,10.898826599121094,0.05,-5.422426700592041,,
264950,0.417789489030838,0.05,-4.843818187713623,,
265000,0.35214197635650635,0.05,-4.520376682281494,,
265050,0.5668175220489502,0.05,-5.137023448944092,,
265100,0.1605128049850464,0.05,-4.814747333526611,,
265150,48.55678176879883,0.05,-6.061743259429932,,
265200,1.317047357559204,0.05,-6.268771648406982,,
265250,47.83743667602539,0.05,-6.546428680419922,,
265300,22.988508224487305,0.05,-8.392027854919434,,
265350,17.506269454956055,0.05,-6.054362773895264,,
265400,28.042539596557617,0.05,-5.51197624206543,,
265450,0.40511253476142883,0.05,-4.640587329864502,,
265500,10.20130443572998,0.05,-5.635942459106445,,
265550,1.2379006147384644,0.05,-4.217738628387451,,
265600,2.77923583984375,0.05,-5.409060955047607,,
265650,14.557740211486816,0.05,-4.151554107666016,,
265700,26.082273483276367,0.05,-5.6289143562316895,,
265750,11.129302978515625,0.05,-5.215276718139648,,
265800,23.236562728881836,0.05,-4.816079139709473,,
265850,27.35970115661621,0.05,-6.299610614776611,,
265900,14.021224021911621,0.05,-6.331801891326904,,
265950,0.6144738793373108,0.05,-5.126480579376221,,
266000,0.36749935150146484,0.05,-4.980790138244629,,
266050,0.17975759506225586,0.05,-4.1496992111206055,,
266100,19.10111427307129,0.05,-6.317949295043945,,
266150,22.265167236328125,0.05,-5.814784526824951,,
266200,32.28330993652344,0.05,-6.9229416847229,,
266250,3.9204494953155518,0.05,-5.912115097045898,,
266300,8.181682586669922,0.05,-5.821507930755615,,
266350,9.453165054321289,0.05,-5.88677978515625,,
266400,42.670528411865234,0.05,-5.818216323852539,,
266450,4.715933322906494,0.05,-5.554351329803467,,
266500,21.042285919189453,0.05,-6.794445037841797,,
266550,0.4158409535884857,0.05,-4.247402667999268,,
266600,8.63581371307373,0.05,-5.872720718383789,,
266650,16.72917938232422,0.05,-4.837498664855957,,
266700,11.723732948303223,0.05,-5.694900035858154,,
266750,0.5424683690071106,0.05,-5.048376560211182,,
266800,37.871429443359375,0.05,-6.58032751083374,,
266850,14.85115909576416,0.05,-5.325735569000244,,
266900,9.38883113861084,0.05,-5.547567367553711,,
266950,5.482616424560547,0.05,-6.121213436126709,,
267000,27.267854690551758,0.05,-6.322189807891846,,
267050,1.3598891496658325,0.05,-6.2393622398376465,,
267100,16.647035598754883,0.05,-6.467870235443115,,
267150,9.216837882995605,0.05,-4.3529815673828125,,
267200,14.552891731262207,0.05,-6.2407450675964355,,
267250,19.126222610473633,0.05,-5.605489253997803,,
267300,12.189228057861328,0.05,-7.313177108764648,,
267350,5.714078426361084,0.05,-6.20565938949585,,
267400,4.416433811187744,0.05,-4.405083179473877,,
267450,3.3410720825195312,0.05,-5.905206203460693,,
267500,0.6370810866355896,0.05,-4.889420032501221,,
267550,7.766660213470459,0.05,-6.253357410430908,,
267600,1.4180036783218384,0.05,-5.735082149505615,,
267650,1.0342079401016235,0.05,-8.06560230255127,,
267700,3.3969364166259766,0.05,-5.771871566772461,,
267750,17.58133888244629,0.05,-5.0622172355651855,,
267800,12.010268211364746,0.05,-6.505490779876709,,
267850,16.49204444885254,0.05,-5.232381343841553,,
267900,28.403642654418945,0.05,-8.598732948303223,,
267950,0.3054504096508026,0.05,-6.796825408935547,,
268000,21.14704704284668,0.05,-4.614791393280029,,
268050,10.110827445983887,0.05,-4.961421966552734,,
268100,7.265732288360596,0.05,-3.8645639419555664,,
268150,1.88532292842865,0.05,-5.280170917510986,,
268200,32.77510452270508,0.05,-5.913955211639404,,
268250,0.3801117241382599,0.05,-4.508082866668701,,
268300,16.83332633972168,0.05,-5.48237943649292,,
268350,0.9387403130531311,0.05,-5.945730209350586,,
268400,43.659793853759766,0.05,-6.385801792144775,,
268450,37.4622917175293,0.05,-4.581892490386963,,
268500,0.41087606549263,0.05,-4.7226996421813965,,
268550,35.53107452392578,0.05,-7.276859760284424,,
268600,17.897045135498047,0.05,-4.592401027679443,,
268650,2.0732760429382324,0.05,-4.226820468902588,,
268700,15.273487091064453,0.05,-5.712360858917236,,
268750,0.8054024577140808,0.05,-5.8334527015686035,,
268800,36.2990837097168,0.05,-6.733373641967773,,
268850,15.052495002746582,0.05,-4.942347049713135,,
268900,0.4957921802997589,0.05,-3.9655025005340576,,
268950,28.573755264282227,0.05,-6.042112827301025,,
269000,20.568092346191406,0.05,-6.185997009277344,,
269050,1.6669429540634155,0.05,-6.270805835723877,,
269100,1.3540278673171997,0.05,-4.900847434997559,,
269150,2.604142189025879,0.05,-6.020759582519531,,
269200,18.927595138549805,0.05,-5.035603046417236,,
269250,38.32084274291992,0.05,-5.721009731292725,,
269300,4.784576892852783,0.05,-6.875450134277344,,
269350,19.93120002746582,0.05,-5.494757175445557,,
269400,11.724594116210938,0.05,-4.899401664733887,,
269450,3.548898696899414,0.05,-4.850655555725098,,
269500,3.9139671325683594,0.05,-5.458921432495117,,
269550,12.746310234069824,0.05,-6.309924602508545,,
269600,22.47941780090332,0.05,-4.494903564453125,,
269650,20.658597946166992,0.05,-7.230239391326904,,
269700,3.7734060287475586,0.05,-5.56763219833374,,
269750,15.202964782714844,0.05,-5.940532684326172,,
269800,16.224843978881836,0.05,-6.823465347290039,,
269850,19.909530639648438,0.05,-7.2223639488220215,,
269900,6.718908786773682,0.05,-4.487881183624268,,
269950,39.021244049072266,0.05,-7.626179218292236,,
270000,53.71455764770508,0.05,-6.932506084442139,,
270050,22.912673950195312,0.05,-5.995363235473633,,
270100,14.476771354675293,0.05,-5.728945255279541,,
270150,0.7781470417976379,0.05,-6.129589557647705,,
270200,0.829862654209137,0.05,-4.960775852203369,,
270250,20.87672233581543,0.05,-3.5882270336151123,,
270300,0.3376830816268921,0.05,-5.710474014282227,,
270350,7.327960968017578,0.05,-5.804083347320557,,
270400,24.390169143676758,0.05,-7.583236217498779,,
270450,28.903030395507812,0.05,-5.150224208831787,,
270500,16.1242733001709,0.05,-4.394121170043945,,
270550,7.131593227386475,0.05,-4.276910305023193,,
270600,0.508881151676178,0.05,-5.138908386230469,,
270650,8.318785667419434,0.05,-6.488023281097412,,
270700,9.309075355529785,0.05,-5.2911200523376465,,
270750,2.4732868671417236,0.05,-4.063892841339111,,
270800,11.19810962677002,0.05,-4.888519287109375,,
270850,0.5961041450500488,0.05,-5.3031535148620605,,
270900,9.352569580078125,0.05,-5.545032978057861,,
270950,4.636052131652832,0.05,-5.399717807769775,,
271000,5.42767858505249,0.05,-4.5521016120910645,,
271050,14.338702201843262,0.05,-6.02207612991333,,
271100,0.6888582110404968,0.05,-6.345636367797852,,
271150,4.208590030670166,0.05,-6.7744574546813965,,
271200,20.392059326171875,0.05,-5.876566410064697,,
271250,2.3471555709838867,0.05,-4.088932514190674,,
271300,42.86429977416992,0.05,-5.638271331787109,,
271350,21.88616371154785,0.05,-6.051729679107666,,
271400,3.370030164718628,0.05,-4.991440296173096,,
271450,8.159295082092285,0.05,-4.408841609954834,,
271500,23.158369064331055,0.05,-5.5014262199401855,,
271550,28.51432991027832,0.05,-6.095466613769531,,
271600,16.009265899658203,0.05,-5.658832550048828,,
271650,15.167122840881348,0.05,-5.576259613037109,,
271700,15.171154975891113,0.05,-5.019411563873291,,
271750,12.515259742736816,0.05,-5.454050540924072,,
271800,14.890888214111328,0.05,-4.8159685134887695,,
271850,11.390933990478516,0.05,-5.699381351470947,,
271900,1.9306074380874634,0.05,-6.189860820770264,,
271950,0.7168795466423035,0.05,-6.161003112792969,,
272000,15.409698486328125,0.05,-5.0948486328125,,
272050,28.218841552734375,0.05,-6.395339488983154,,
272100,16.639881134033203,0.05,-6.000028133392334,,
272150,0.5763583183288574,0.05,-5.029974460601807,,
272200,23.008371353149414,0.05,-6.760468006134033,,
272250,26.425697326660156,0.05,-4.7983927726745605,,
272300,0.9598279595375061,0.05,-5.611438751220703,,
272350,3.406682014465332,0.05,-4.582368850708008,,
272400,20.65795135498047,0.05,-4.847583293914795,,
272450,0.15452256798744202,0.05,-4.2853007316589355,,
272500,19.278488159179688,0.05,-5.954120635986328,,
272550,20.09307861328125,0.05,-5.552978515625,,
272600,10.570271492004395,0.05,-5.1189799308776855,,
272650,3.558910369873047,0.05,-5.368251323699951,,
272700,0.5533434748649597,0.05,-4.219147682189941,,
272750,7.575603485107422,0.05,-6.982608318328857,,
272800,3.963550329208374,0.05,-5.104140758514404,,
272850,1.8002034425735474,0.05,-5.941982269287109,,
272900,3.6307199001312256,0.05,-5.059677600860596,,
272950,11.425175666809082,0.05,-8.439963340759277,,
273000,12.579390525817871,0.05,-5.251336097717285,,
273050,7.3043532371521,0.05,-6.303895473480225,,
273100,1.060897946357727,0.05,-6.294535160064697,,
273150,0.9672730565071106,0.05,-4.985396862030029,,
273200,21.169145584106445,0.05,-5.777381420135498,,
273250,9.995226860046387,0.05,-5.462188243865967,,
273300,9.419059753417969,0.05,-6.329867839813232,,
273350,1.144044280052185,0.05,-5.203354358673096,,
273400,2.3999905586242676,0.05,-6.0774760246276855,,
273450,1.0135300159454346,0.05,-5.061297416687012,,
273500,13.25396728515625,0.05,-4.601234436035156,,
273550,0.22453634440898895,0.05,-4.719351291656494,,
273600,11.655601501464844,0.05,-6.875629901885986,,
273650,8.51961612701416,0.05,-5.800163745880127,,
273700,5.5909647941589355,0.05,-6.231591701507568,,
273750,0.32016053795814514,0.05,-4.568363666534424,,
273800,20.369394302368164,0.05,-6.455177307128906,,
273850,12.654175758361816,0.05,-5.250583171844482,,
273900,1.2475707530975342,0.05,-4.231116771697998,,
273950,5.195658206939697,0.05,-5.309878349304199,,
274000,11.603508949279785,0.05,-5.186556339263916,,
274050,12.508007049560547,0.05,-6.984785079956055,,
274100,15.089646339416504,0.05,-6.4066033363342285,,
274150,25.87629508972168,0.05,-6.483114719390869,,
274200,12.324152946472168,0.05,-5.510993957519531,,
274250,1.8822513818740845,0.05,-5.654305934906006,,
274300,11.801526069641113,0.05,-5.075350761413574,,
274350,5.002930164337158,0.05,-5.756996154785156,,
274400,2.6607797145843506,0.05,-5.843850612640381,,
274450,6.670039653778076,0.05,-6.096397876739502,,
274500,0.6187984347343445,0.05,-5.460817813873291,,
274550,0.8523435592651367,0.05,-5.082075595855713,,
274600,26.505002975463867,0.05,-5.635345458984375,,
274650,25.15142250061035,0.05,-5.785467147827148,,
274700,11.540791511535645,0.05,-5.470803737640381,,
274750,9.735199928283691,0.05,-5.135167598724365,,
274800,12.061039924621582,0.05,-5.829441070556641,,
274850,0.29298484325408936,0.05,-4.653320789337158,,
274900,14.595189094543457,0.05,-6.926135540008545,,
274950,19.621912002563477,0.05,-5.659475326538086,,
275000,4.161540508270264,0.05,-4.193233966827393,-1.3265368200629764,51.2
275050,13.213072776794434,0.05,-7.084810256958008,,
275100,12.058852195739746,0.05,-4.269259929656982,,
275150,5.216643810272217,0.05,-5.07885217666626,,
275200,11.94857120513916,0.05,-4.958403587341309,,
275250,13.560025215148926,0.05,-4.03232479095459,,
275300,13.038905143737793,0.05,-5.596368789672852,,
275350,13.065537452697754,0.05,-6.336158275604248,,
275400,18.712202072143555,0.05,-5.224343299865723,,
275450,1.6612013578414917,0.05,-6.048912048339844,,
275500,32.62966537475586,0.05,-6.052285671234131,,
275550,4.422354221343994,0.05,-5.147220611572266,,
275600,12.768379211425781,0.05,-5.205108165740967,,
275650,1.9321670532226562,0.05,-6.572473049163818,,
275700,4.088205337524414,0.05,-4.885847091674805,,
275750,1.1601554155349731,0.05,-6.687600612640381,,
275800,2.3595457077026367,0.05,-5.097707271575928,,
275850,8.12193775177002,0.05,-4.703495502471924,,
275900,5.877212047576904,0.05,-4.843533039093018,,
275950,3.6325924396514893,0.05,-4.595648288726807,,
276000,0.5787239074707031,0.05,-6.042364597320557,,
276050,1.6233867406845093,0.05,-6.240806579589844,,
276100,11.917438507080078,0.05,-5.203334808349609,,
276150,0.6229566335678101,0.05,-5.519283294677734,,
276200,1.9942642450332642,0.05,-6.564425945281982,,
276250,2.8874759674072266,0.05,-7.264532566070557,,
276300,20.09560775756836,0.05,-6.117372989654541,,
276350,20.384557723999023,0.05,-5.781549453735352,,
276400,18.67252540588379,0.05,-6.201475620269775,,
276450,13.926105499267578,0.05,-4.457310676574707,,
276500,8.404457092285156,0.05,-5.291308879852295,,
276550,9.995917320251465,0.05,-6.955371856689453,,
276600,4.101939678192139,0.05,-5.570875644683838,,
276650,0.3995238244533539,0.05,-5.772665500640869,,
276700,5.820333957672119,0.05,-5.756486415863037,,
276750,2.1487510204315186,0.05,-5.017053604125977,,
276800,15.847439765930176,0.05,-5.086095333099365,,
276850,13.939796447753906,0.05,-3.8675620555877686,,
276900,11.301432609558105,0.05,-5.5428547859191895,,
276950,33.586830139160156,0.05,-4.236142635345459,,
277000,3.872093915939331,0.05,-4.479186534881592,,
277050,18.0078125,0.05,-5.052402496337891,,
277100,13.253199577331543,0.05,-7.020625591278076,,
277150,12.386454582214355,0.05,-4.604709148406982,,
277200,0.9152359962463379,0.05,-5.76076078414917,,
277250,2.2558696269989014,0.05,-5.633426666259766,,
277300,15.844837188720703,0.05,-5.6083903312683105,,
277350,14.643035888671875,0.05,-4.561016082763672,,
277400,0.5638187527656555,0.05,-4.170786380767822,,
277450,31.55982208251953,0.05,-5.630943298339844,,
277500,8.173806190490723,0.05,-6.720740795135498,,
277550,7.18630838394165,0.05,-5.068697929382324,,
277600,14.61755084991455,0.05,-4.994054794311523,,
277650,14.419764518737793,0.05,-5.2583537101745605,,
277700,46.597442626953125,0.05,-6.335700988769531,,
277750,4.695306301116943,0.05,-5.59628438949585,,
277800,6.345205307006836,0.05,-5.642507553100586,,
277850,1.0467276573181152,0.05,-5.671202182769775,,
277900,14.414584159851074,0.05,-5.281928062438965,,
277950,0.17806045711040497,0.05,-3.4533498287200928,,
278000,25.50831413269043,0.05,-6.927889347076416,,
278050,13.482452392578125,0.05,-5.118099689483643,,
278100,18.29173469543457,0.05,-6.0757904052734375,,
278150,1.5473774671554565,0.05,-4.378705978393555,,
278200,18.212472915649414,0.05,-4.0607523918151855,,
278250,15.346222877502441,0.05,-4.98231315612793,,
278300,0.32223930954933167,0.05,-4.942434787750244,,
278350,4.195003509521484,0.05,-4.955872535705566,,
278400,27.810022354125977,0.05,-5.505987167358398,,
278450,22.460668563842773,0.05,-6.448013782501221,,
278500,3.839970350265503,0.05,-3.7658233642578125,,
278550,9.662921905517578,0.05,-4.933007717132568,,
278600,2.6626293659210205,0.05,-4.886587619781494,,
278650,7.495445251464844,0.05,-5.814877986907959,,
278700,7.050652980804443,0.05,-5.413697719573975,,
278750,0.7343754172325134,0.05,-3.8682658672332764,,
278800,5.867346286773682,0.05,-5.733356475830078,,
278850,2.664342164993286,0.05,-4.814870834350586,,
278900,14.427117347717285,0.05,-4.985208034515381,,
278950,0.7523508071899414,0.05,-4.8725905418396,,
279000,17.521257400512695,0.05,-4.521914958953857,,
279050,25.465280532836914,0.05,-7.229254245758057,,
279100,31.7679386138916,0.05,-6.234712600708008,,
279150,2.248298406600952,0.05,-5.019496917724609,,
279200,0.4019681215286255,0.05,-5.66014289855957,,
279250,25.354223251342773,0.05,-6.138362407684326,,
279300,0.6029644012451172,0.05,-4.275976181030273,,
279350,10.1175537109375,0.05,-5.821868896484375,,
279400,10.7520170211792,0.05,-5.259622573852539,,
279450,1.7671570777893066,0.05,-6.112764358520508,,
279500,6.202867031097412,0.05,-4.632324695587158,,
279550,0.39345523715019226,0.05,-5.4879302978515625,,
279600,0.7329291701316833,0.05,-5.586198329925537,,
279650,1.1959677934646606,0.05,-4.746294975280762,,
279700,0.38863733410835266,0.05,-3.564147710800171,,
279750,9.162549018859863,0.05,-5.500168323516846,,
279800,21.800703048706055,0.05,-7.450069427490234,,
279850,2.939117431640625,0.05,-6.043104648590088,,
279900,2.736585855484009,0.05,-5.768461227416992,,
279950,0.4844299852848053,0.05,-4.285763740539551,,
280000,0.9663322567939758,0.05,-5.89410924911499,,
280050,10.04839038848877,0.05,-3.839912176132202,,
280100,10.566149711608887,0.05,-5.939645290374756,,
280150,2.332995891571045,0.05,-3.5914666652679443,,
280200,6.223682403564453,0.05,-6.272514343261719,,
280250,12.729434967041016,0.05,-5.13532018661499,,
280300,0.42778468132019043,0.05,-5.384973526000977,,
280350,14.340222358703613,0.05,-6.657527923583984,,
280400,12.653626441955566,0.05,-7.90404748916626,,
280450,14.731361389160156,0.05,-5.099390983581543,,
280500,11.337329864501953,0.05,-5.033903121948242,,
280550,1.3550509214401245,0.05,-4.981439113616943,,
280600,9.877135276794434,0.05,-5.609048843383789,,
280650,21.917770385742188,0.05,-5.313303470611572,,
280700,1.138993501663208,0.05,-5.018095970153809,,
280750,11.111382484436035,0.05,-4.21654748916626,,
280800,1.5177444219589233,0.05,-4.929922580718994,,
280850,16.256608963012695,0.05,-5.636054992675781,,
280900,37.196231842041016,0.05,-5.980828762054443,,
280950,8.284707069396973,0.05,-4.937687397003174,,
281000,0.6058264970779419,0.05,-6.210450649261475,,
281050,25.88167381286621,0.05,-4.007952690124512,,
281100,1.1365323066711426,0.05,-4.005857944488525,,
281150,23.193605422973633,0.05,-5.608414173126221,,
281200,19.315837860107422,0.05,-5.067892074584961,,
281250,0.6141887903213501,0.05,-3.4331016540527344,,
281300,0.6753737926483154,0.05,-4.624053001403809,,
281350,16.652067184448242,0.05,-6.622777462005615,,
281400,28.232389450073242,0.05,-5.818603992462158,,
281450,3.4658043384552,0.05,-5.275102138519287,,
281500,2.05314564704895,0.05,-7.520826816558838,,
281550,3.9580352306365967,0.05,-5.832696914672852,,
281600,0.801335334777832,0.05,-5.74199914932251,,
281650,2.140521764755249,0.05,-5.749740123748779,,
281700,5.301013469696045,0.05,-5.075214385986328,,
281750,1.305853247642517,0.05,-6.314336776733398,,
281800,15.186970710754395,0.05,-6.089580059051514,,
281850,4.288712501525879,0.05,-6.031043529510498,,
281900,1.441434383392334,0.05,-3.888521432876587,,
281950,20.121028900146484,0.05,-4.742988109588623,,
282000,25.993057250976562,0.05,-5.771072864532471,,
282050,11.28014850616455,0.05,-6.401676177978516,,
282100,0.9774451851844788,0.05,-4.638622283935547,,
282150,10.931114196777344,0.05,-4.743176460266113,,
282200,30.642120361328125,0.05,-6.827888488769531,,
282250,17.575029373168945,0.05,-6.4901556968688965,,
282300,3.2644383907318115,0.05,-4.39028787612915,,
282350,25.366437911987305,0.05,-7.4046759605407715,,
282400,12.914345741271973,0.05,-6.327228546142578,,
282450,11.51122760772705,0.05,-4.219540119171143,,
282500,5.344651699066162,0.05,-4.912667274475098,,
282550,10.903465270996094,0.05,-5.340625762939453,,
282600,2.5370090007781982,0.05,-7.036148548126221,,
282650,18.85874366760254,0.05,-5.568702220916748,,
282700,5.081357002258301,0.05,-6.058300018310547,,
282750,17.77821159362793,0.05,-5.631062030792236,,
282800,20.132795333862305,0.05,-5.674723148345947,,
282850,7.55812406539917,0.05,-4.453202724456787,,
282900,0.2601192891597748,0.05,-4.549707412719727,,
282950,4.562801837921143,0.05,-4.317808628082275,,
283000,2.3815934658050537,0.05,-4.664660930633545,,
283050,1.9651188850402832,0.05,-5.928108215332031,,
283100,0.7474319338798523,0.05,-6.3561530113220215,,
283150,3.29409122467041,0.05,-6.441234588623047,,
283200,0.5829882621765137,0.05,-3.978492021560669,,
283250,30.85474395751953,0.05,-5.7504425048828125,,
283300,16.710832595825195,0.05,-4.731797218322754,,
283350,0.37533286213874817,0.05,-6.105479717254639,,
283400,4.646468639373779,0.05,-4.089940547943115,,
283450,16.349712371826172,0.05,-6.085781574249268,,
283500,11.556747436523438,0.05,-5.6886749267578125,,
283550,47.0411491394043,0.05,-4.717240810394287,,
283600,1.4073585271835327,0.05,-7.761493682861328,,
283650,4.4452009201049805,0.05,-7.161218166351318,,
283700,24.251977920532227,0.05,-6.9524383544921875,,
283750,3.844491720199585,0.05,-5.713987827301025,,
283800,7.955888748168945,0.05,-5.717470169067383,,
283850,1.052812933921814,0.05,-4.511234760284424,,
283900,6.9701313972473145,0.05,-4.854034423828125,,
283950,11.182907104492188,0.05,-7.273349761962891,,
284000,2.6683075428009033,0.05,-5.816957950592041,,
284050,1.351968765258789,0.05,-5.249022006988525,,
284100,13.599528312683105,0.05,-7.317748546600342,,
284150,0.6858112215995789,0.05,-5.5929694175720215,,
284200,10.85728931427002,0.05,-4.355258464813232,,
284250,3.9541499614715576,0.05,-6.36361837387085,,
284300,31.705759048461914,0.05,-5.563901901245117,,
284350,4.637850284576416,0.05,-6.911915302276611,,
284400,1.0657118558883667,0.05,-5.9679951667785645,,
284450,9.466259956359863,0.05,-7.181828022003174,,
284500,1.9224199056625366,0.05,-6.350174427032471,,
284550,12.91446590423584,0.05,-7.283849239349365,,
284600,7.750341892242432,0.05,-6.223269939422607,,
284650,0.5026098489761353,0.05,-6.192110061645508,,
284700,3.286048173904419,0.05,-4.229057788848877,,
284750,3.625,0.05,-4.736498832702637,,
284800,1.0254168510437012,0.05,-4.355262279510498,,
284850,10.452149391174316,0.05,-6.6966166496276855,,
284900,12.214573860168457,0.05,-5.802953243255615,,
284950,8.784648895263672,0.05,-5.054561138153076,,
285000,5.195864200592041,0.05,-6.632503032684326,,
285050,0.27945467829704285,0.05,-3.8027400970458984,,
285100,2.891411781311035,0.05,-5.430200099945068,,
285150,14.980430603027344,0.05,-5.217777729034424,,
285200,11.821026802062988,0.05,-6.068915843963623,,
285250,15.246356010437012,0.05,-5.372420787811279,,
285300,14.660155296325684,0.05,-4.90367317199707,,
285350,2.2315337657928467,0.05,-4.252795696258545,,
285400,0.7358760833740234,0.05,-6.672936916351318,,
285450,1.040932536125183,0.05,-5.998022079467773,,
285500,1.2592986822128296,0.05,-5.221180438995361,,
285550,33.03557205200195,0.05,-6.621009826660156,,
285600,24.028779983520508,0.05,-6.218729496002197,,
285650,0.5174272060394287,0.05,-5.9914774894714355,,
285700,22.358627319335938,0.05,-6.02379035949707,,
285750,7.1695475578308105,0.05,-7.181193828582764,,
285800,23.962491989135742,0.05,-5.668137073516846,,
285850,16.74736976623535,0.05,-5.8461594581604,,
285900,5.276371002197266,0.05,-5.153608798980713,,
285950,1.7140817642211914,0.05,-5.666562557220459,,
286000,9.85326862335205,0.05,-5.614306926727295,,
286050,36.918094635009766,0.05,-6.807573318481445,,
286100,18.106096267700195,0.05,-7.899362087249756,,
286150,24.705299377441406,0.05,-4.307517051696777,,
286200,38.74018478393555,0.05,-6.757338047027588,,
286250,0.35130131244659424,0.05,-4.959916591644287,,
286300,4.852785110473633,0.05,-5.031386375427246,,
286350,7.86182165145874,0.05,-4.974846839904785,,
286400,19.982656478881836,0.05,-5.830069065093994,,
286450,18.23767852783203,0.05,-6.1830315589904785,,
286500,31.57552146911621,0.05,-5.528482437133789,,
286550,25.19476890563965,0.05,-5.352407932281494,,
286600,27.18376922607422,0.05,-6.491382122039795,,
286650,3.0359089374542236,0.05,-5.608547687530518,,
286700,5.300947189331055,0.05,-7.400350093841553,,
286750,0.7810544371604919,0.05,-5.138833999633789,,
286800,25.19782066345215,0.05,-5.680690288543701,,
286850,3.249539613723755,0.05,-5.752431869506836,,
286900,5.288039684295654,0.05,-7.0016350746154785,,
286950,0.7593408226966858,0.05,-4.575283527374268,,
287000,22.726919174194336,0.05,-5.2208075523376465,,
287050,21.650123596191406,0.05,-6.304067134857178,,
287100,0.6104209423065186,0.05,-4.9266180992126465,,
287150,23.941381454467773,0.05,-4.995398998260498,,
287200,5.731536388397217,0.05,-5.422255992889404,,
287250,15.812056541442871,0.05,-5.5409626960754395,,
287300,6.892744541168213,0.05,-5.077462673187256,,
287350,30.146535873413086,0.05,-5.02005672454834,,
287400,9.962738990783691,0.05,-4.899153709411621,,
287450,13.305610656738281,0.05,-5.598412990570068,,
287500,15.533332824707031,0.05,-7.138115406036377,,
287550,8.537665367126465,0.05,-6.1981048583984375,,
287600,7.415846347808838,0.05,-5.40617561340332,,
287650,1.0444217920303345,0.05,-5.071028709411621,,
287700,32.83930587768555,0.05,-8.085395812988281,,
287750,8.665975570678711,0.05,-6.559087753295898,,
287800,60.813568115234375,0.05,-8.119519233703613,,
287850,8.3020601272583,0.05,-6.1703715324401855,,
287900,0.638168454170227,0.05,-5.063424587249756,,
287950,0.8181412816047668,0.05,-6.039814472198486,,
288000,20.709524154663086,0.05,-6.100461483001709,,
288050,15.064309120178223,0.05,-6.13141393661499,,
288100,12.284053802490234,0.05,-5.2341437339782715,,
288150,15.495068550109863,0.05,-5.559532642364502,,
288200,0.34098494052886963,0.05,-6.304676055908203,,
288250,12.510449409484863,0.05,-6.877793788909912,,
288300,34.23007583618164,0.05,-5.882236480712891,,
288350,38.72888946533203,0.05,-7.163109302520752,,
288400,13.779974937438965,0.05,-4.4022650718688965,,
288450,31.87714195251465,0.05,-6.14182710647583,,
288500,0.7032180428504944,0.05,-5.0805182456970215,,
288550,23.67500114440918,0.05,-6.498157501220703,,
288600,13.376551628112793,0.05,-5.318975448608398,,
288650,14.471104621887207,0.05,-6.462026119232178,,
288700,6.495582580566406,0.05,-5.631576061248779,,
288750,11.745144844055176,0.05,-5.965116500854492,,
288800,16.458232879638672,0.05,-6.177483081817627,,
288850,0.8820843696594238,0.05,-5.433742046356201,,
288900,26.125701904296875,0.05,-5.062963962554932,,
288950,12.57143497467041,0.05,-5.50414514541626,,
289000,17.02482032775879,0.05,-6.330176830291748,,
289050,0.7371730804443359,0.05,-4.169033527374268,,
289100,18.6580753326416,0.05,-6.949916839599609,,
289150,6.466583251953125,0.05,-6.25998067855835,,
289200,46.4375114440918,0.05,-8.046123504638672,,
289250,1.5680046081542969,0.05,-5.205445766448975,,
289300,30.749481201171875,0.05,-6.433165073394775,,
289350,18.208566665649414,0.05,-5.900119781494141,,
289400,6.640117645263672,0.05,-6.9000420570373535,,
289450,5.4643635749816895,0.05,-6.109009265899658,,
289500,13.741012573242188,0.05,-4.684625625610352,,
289550,0.8853785395622253,0.05,-5.589234828948975,,
289600,31.4429931640625,0.05,-5.282064914703369,,
289650,11.491328239440918,0.05,-6.998921871185303,,
289700,18.175371170043945,0.05,-6.013447284698486,,
289750,1.1027113199234009,0.05,-7.731521129608154,,
289800,1.4586583375930786,0.05,-4.399774074554443,,
289850,37.12834930419922,0.05,-8.185811042785645,,
289900,0.7002540230751038,0.05,-6.291444778442383,,
289950,12.095787048339844,0.05,-6.186952114105225,,
290000,3.5559146404266357,0.05,-5.9987101554870605,,
290050,0.5150344967842102,0.05,-4.961249828338623,,
290100,15.468856811523438,0.05,-7.2530951499938965,,
290150,2.388989210128784,0.05,-5.198530673980713,,
290200,40.667152404785156,0.05,-7.140211582183838,,
290250,31.837678909301758,0.05,-7.110280513763428,,
290300,2.050471544265747,0.05,-5.514633655548096,,
290350,15.0717134475708,0.05,-5.98095178604126,,
290400,0.7811508178710938,0.05,-5.499755859375,,
290450,4.966111183166504,0.05,-7.060781002044678,,
290500,16.7800235748291,0.05,-5.325016975402832,,
290550,4.154738903045654,0.05,-4.817294120788574,,
290600,22.640642166137695,0.05,-6.252418041229248,,
290650,17.143205642700195,0.05,-6.08121919631958,,
290700,25.5123348236084,0.05,-7.156649112701416,,
290750,1.0201220512390137,0.05,-4.190330982208252,,
290800,8.65632438659668,0.05,-7.112977981567383,,
290850,21.872419357299805,0.05,-5.828107833862305,,
290900,14.954230308532715,0.05,-6.093074321746826,,
290950,4.754518032073975,0.05,-5.779262542724609,,
291000,0.6376367807388306,0.05,-5.465806484222412,,
291050,23.741920471191406,0.05,-6.364609241485596,,
291100,2.237429618835449,0.05,-6.508246898651123,,
291150,12.180569648742676,0.05,-5.229270935058594,,
291200,0.20277844369411469,0.05,-3.896721839904785,,
291250,0.6334443688392639,0.05,-6.038033962249756,,
291300,14.73095989227295,0.05,-5.832860469818115,,
291350,11.864620208740234,0.05,-5.515213489532471,,
291400,0.5164666175842285,0.05,-5.652635097503662,,
291450,4.761072635650635,0.05,-7.294929027557373,,
291500,22.3616886138916,0.05,-7.317437648773193,,
291550,1.070486068725586,0.05,-5.506269454956055,,
291600,7.366722106933594,0.05,-4.649507999420166,,
291650,6.573342800140381,0.05,-4.96638298034668,,
291700,3.8315725326538086,0.05,-6.2737040519714355,,
291750,8.628539085388184,0.05,-5.6730475425720215,,
291800,1.3436490297317505,0.05,-5.709096908569336,,
291850,0.2504739463329315,0.05,-5.840681076049805,,
291900,0.6101963520050049,0.05,-5.369359493255615,,
291950,0.9030706286430359,0.05,-6.825219631195068,,
292000,8.320707321166992,0.05,-6.619733810424805,,
292050,28.953275680541992,0.05,-7.865663528442383,,
292100,0.2549965977668762,0.05,-3.766757011413574,,
292150,7.226057529449463,0.05,-5.993585109710693,,
292200,0.47093629837036133,0.05,-5.403721332550049,,
292250,34.55292892456055,0.05,-6.7632317543029785,,
292300,34.201168060302734,0.05,-5.847434997558594,,
292350,26.14955711364746,0.05,-6.609470367431641,,
292400,9.811981201171875,0.05,-6.904090881347656,,
292450,0.7324774861335754,0.05,-6.0452399253845215,,
292500,0.5791622996330261,0.05,-5.335031986236572,,
292550,16.641576766967773,0.05,-6.43658971786499,,
292600,18.25904083251953,0.05,-5.881341457366943,,
292650,22.92275047302246,0.05,-5.899240970611572,,
292700,16.461437225341797,0.05,-9.502650260925293,,
292750,53.491912841796875,0.05,-7.798017978668213,,
292800,0.35291191935539246,0.05,-5.228612422943115,,
292850,11.621817588806152,0.05,-5.695062637329102,,
292900,0.8525721430778503,0.05,-4.504194259643555,,
292950,18.330677032470703,0.05,-6.673402309417725,,
293000,10.767621040344238,0.05,-6.109180450439453,,
293050,18.643896102905273,0.05,-5.898950099945068,,
293100,1.9881268739700317,0.05,-5.881153106689453,,
293150,27.835432052612305,0.05,-4.434502124786377,,
293200,18.597810745239258,0.05,-6.653605937957764,,
293250,0.7210162281990051,0.05,-5.102911949157715,,
293300,26.963134765625,0.05,-6.079376220703125,,
293350,19.853107452392578,0.05,-5.836880207061768,,
293400,19.46169090270996,0.05,-5.880762577056885,,
293450,20.465728759765625,0.05,-5.150890350341797,,
293500,3.9327642917633057,0.05,-5.2352294921875,,
293550,23.7008056640625,0.05,-5.431010723114014,,
293600,20.5783748626709,0.05,-5.044888019561768,,
293650,37.367191314697266,0.05,-7.517622470855713,,
293700,6.179243564605713,0.05,-5.616633892059326,,
293750,0.4351641833782196,0.05,-6.178622722625732,,
293800,12.16159725189209,0.05,-4.56621789932251,,
293850,19.311941146850586,0.05,-6.28230094909668,,
293900,0.5252434015274048,0.05,-5.296926975250244,,
293950,0.40191569924354553,0.05,-4.727430820465088,,
294000,0.4718761444091797,0.05,-4.504897117614746,,
294050,10.855018615722656,0.05,-4.348758697509766,,
294100,8.699915885925293,0.05,-4.999417781829834,,
294150,9.771653175354004,0.05,-5.635831356048584,,
294200,1.2774500846862793,0.05,-5.065715312957764,,
294250,6.662252902984619,0.05,-5.846103668212891,,
294300,5.0736517906188965,0.05,-4.908198833465576,,
294350,21.41838836669922,0.05,-6.11375093460083,,
294400,47.23332214355469,0.05,-9.156451225280762,,
294450,14.532927513122559,0.05,-5.716353893280029,,
294500,0.45076784491539,0.05,-5.704639434814453,,
294550,1.4664567708969116,0.05,-7.117227077484131,,
294600,3.6692922115325928,0.05,-6.755563259124756,,
294650,21.980321884155273,0.05,-5.166079044342041,,
294700,8.741158485412598,0.05,-5.1212263107299805,,
294750,2.191105842590332,0.05,-5.527952671051025,,
294800,17.735496520996094,0.05,-6.117151737213135,,
294850,1.5742894411087036,0.05,-4.42496919631958,,
294900,6.024417877197266,0.05,-5.989246368408203,,
294950,12.339908599853516,0.05,-5.787254810333252,,
295000,0.8017705082893372,0.05,-5.115927219390869,,
295050,1.669736385345459,0.05,-4.966519832611084,,
295100,2.308595895767212,0.05,-6.6062445640563965,,
295150,13.692252159118652,0.05,-4.917208194732666,,
295200,1.551004409790039,0.05,-4.795234203338623,,
295250,8.316544532775879,0.05,-7.217876434326172,,
295300,0.32964810729026794,0.05,-5.325685024261475,,
295350,0.3253472149372101,0.05,-3.7928502559661865,,
295400,15.469627380371094,0.05,-4.81514310836792,,
295450,6.120708465576172,0.05,-7.7184014320373535,,
295500,0.6683714985847473,0.05,-5.33810567855835,,
295550,10.367773056030273,0.05,-5.443986892700195,,
295600,13.853297233581543,0.05,-7.377684116363525,,
295650,1.4705480337142944,0.05,-5.728966236114502,,
295700,0.6167646646499634,0.05,-5.880300045013428,,
295750,36.444522857666016,0.05,-5.94735860824585,,
295800,9.6871976852417,0.05,-6.52723503112793,,
295850,1.7630267143249512,0.05,-5.84790563583374,,
295900,31.80298614501953,0.05,-5.354286193847656,,
295950,4.081753730773926,0.05,-5.36030387878418,,
296000,30.766023635864258,0.05,-5.9676127433776855,,
296050,0.26270368695259094,0.05,-5.007816791534424,,
296100,9.85619068145752,0.05,-5.705403804779053,,
296150,17.72835350036621,0.05,-5.738023281097412,,
296200,26.009597778320312,0.05,-5.904874801635742,,
296250,0.5686363577842712,0.05,-4.896424293518066,,
296300,18.46241569519043,0.05,-7.005897521972656,,
296350,10.841635704040527,0.05,-7.260202884674072,,
296400,13.57673168182373,0.05,-5.314959526062012,,
296450,2.688018560409546,0.05,-5.255002498626709,,
296500,21.551084518432617,0.05,-4.987144947052002,,
296550,19.464595794677734,0.05,-6.4432501792907715,,
296600,34.0281867980957,0.05,-4.983368873596191,,
296650,6.705898284912109,0.05,-6.7153096199035645,,
296700,0.42464932799339294,0.05,-5.338127613067627,,
296750,16.827674865722656,0.05,-6.02560567855835,,
296800,1.2011914253234863,0.05,-5.911132335662842,,
296850,1.990654468536377,0.05,-5.381285190582275,,
296900,3.636124849319458,0.05,-7.253403186798096,,
296950,1.8035517930984497,0.05,-4.7373247146606445,,
297000,0.3474535048007965,0.05,-4.65850305557251,,
297050,5.282342910766602,0.05,-5.864478588104248,,
297100,13.382064819335938,0.05,-5.674868106842041,,
297150,25.344789505004883,0.05,-6.934362888336182,,
297200,17.34626007080078,0.05,-4.6683502197265625,,
297250,0.2468479871749878,0.05,-5.2225823402404785,,
297300,11.133288383483887,0.05,-8.918524742126465,,
297350,2.1551835536956787,0.05,-5.745874404907227,,
297400,7.675483703613281,0.05,-6.359867572784424,,
297450,7.32297945022583,0.05,-6.065578460693359,,
297500,17.93697166442871,0.05,-4.190743923187256,,
297550,16.397249221801758,0.05,-4.537268161773682,,
297600,1.531828761100769,0.05,-6.495260715484619,,
297650,18.02436637878418,0.05,-4.742502689361572,,
297700,7.469339370727539,0.05,-4.4609293937683105,,
297750,0.6181397438049316,0.05,-5.8143486976623535,,
297800,19.617204666137695,0.05,-5.230872631072998,,
297850,7.287943363189697,0.05,-6.37195348739624,,
297900,1.6960564851760864,0.05,-6.876065731048584,,
297950,1.8797942399978638,0.05,-5.332137584686279,,
298000,16.361459732055664,0.05,-6.6797966957092285,,
298050,3.0175254344940186,0.05,-4.6546630859375,,
298100,0.526877224445343,0.05,-5.097156524658203,,
298150,6.193939208984375,0.05,-5.614023208618164,,
298200,9.423577308654785,0.05,-6.588085174560547,,
298250,0.932076632976532,0.05,-5.057018280029297,,
298300,27.809919357299805,0.05,-8.218303680419922,,
298350,2.9309589862823486,0.05,-5.2642292976379395,,
298400,40.505733489990234,0.05,-5.333296775817871,,
298450,1.1363210678100586,0.05,-5.392526626586914,,
298500,12.324254035949707,0.05,-6.673238277435303,,
298550,10.391439437866211,0.05,-5.161824703216553,,
298600,6.95319938659668,0.05,-5.5979390144348145,,
298650,0.8623232841491699,0.05,-5.1379547119140625,,
298700,21.185646057128906,0.05,-5.260512828826904,,
298750,1.2330774068832397,0.05,-5.376247882843018,,
298800,51.315765380859375,0.05,-7.283609390258789,,
298850,17.68915367126465,0.05,-3.854238510131836,,
298900,29.51585578918457,0.05,-5.404994487762451,,
298950,14.571452140808105,0.05,-5.729817867279053,,
299000,0.2594907581806183,0.05,-3.992266893386841,,
299050,0.6734285950660706,0.05,-6.2332587242126465,,
299100,4.219306468963623,0.05,-5.00192928314209,,
299150,9.44324016571045,0.05,-4.054336071014404,,
299200,1.0782079696655273,0.05,-4.124602794647217,,
299250,14.007752418518066,0.05,-5.833090305328369,,
299300,7.987339019775391,0.05,-5.526223659515381,,
299350,20.844423294067383,0.05,-5.876455307006836,,
299400,16.92342758178711,0.05,-7.5978102684021,,
299450,31.498361587524414,0.05,-5.985849857330322,,
299500,0.344768762588501,0.05,-5.396111965179443,,
299550,21.95667839050293,0.05,-5.212186813354492,,
299600,32.509700775146484,0.05,-4.236659526824951,,
299650,2.2315666675567627,0.05,-4.676329135894775,,
299700,1.0152801275253296,0.05,-5.9102559089660645,,
299750,0.3187215030193329,0.05,-4.819735050201416,,
299800,9.166252136230469,0.05,-4.964998245239258,,
299850,16.245561599731445,0.05,-4.944041728973389,,
299900,0.564548909664154,0.05,-4.12490701675415,,
299950,6.39044189453125,0.05,-6.170405864715576,,
