step,loss,epsilon,q_mean,val_reward,val_viol
100,0.07948384433984756,0.9966666666666667,-0.5317983627319336,,
150,0.13583604991436005,0.995,-0.6294856071472168,,
200,0.15764863789081573,0.9933333333333333,-0.5199699401855469,,
250,0.17390571534633636,0.9916666666666667,-0.5642710328102112,,
300,0.06874106079339981,0.99,-0.4898523986339569,,
350,0.021136077120900154,0.9883333333333333,-0.5348603129386902,,
400,0.03002600371837616,0.9866666666666667,-0.5922710299491882,,
450,0.1386779248714447,0.985,-0.6042495369911194,,
500,0.036149948835372925,0.9833333333333333,-0.414273738861084,,
550,0.133677676320076,0.9816666666666667,-3.445859670639038,,
600,0.12106844782829285,0.98,-3.180326461791992,,
650,0.10042372345924377,0.9783333333333333,-3.3264849185943604,,
700,0.04927481338381767,0.9766666666666667,-3.1295244693756104,,
750,0.08429902791976929,0.975,-3.064645528793335,,
800,0.08819857239723206,0.9733333333333334,-2.98996639251709,,
850,0.10160543769598007,0.9716666666666667,-2.8254497051239014,,
900,0.1017335057258606,0.97,-2.9081757068634033,,
950,0.12982763350009918,0.9683333333333334,-2.998227119445801,,
1000,0.08975601941347122,0.9666666666666667,-3.1352503299713135,,
1050,0.42073071002960205,0.965,-6.088651180267334,,
1100,0.8833723664283752,0.9633333333333334,-5.37931489944458,,
1150,0.545153796672821,0.9616666666666667,-5.267531871795654,,
1200,0.28324005007743835,0.96,-5.809300899505615,,
1250,0.11387752741575241,0.9583333333333334,-5.4191107749938965,,
1300,0.20499597489833832,0.9566666666666667,-5.658761501312256,,
1350,0.4276202917098999,0.955,-5.814389705657959,,
1400,0.54266756772995,0.9533333333333334,-5.318078994750977,,
1450,0.27285251021385193,0.9516666666666667,-5.035834789276123,,
1500,0.23137523233890533,0.95,-5.471750736236572,,
1550,1.0730863809585571,0.9483333333333334,-7.390736103057861,,
1600,1.2961474657058716,0.9466666666666667,-7.253744125366211,,
1650,1.5114141702651978,0.945,-7.628956317901611,,
1700,0.44290146231651306,0.9433333333333334,-7.397699356079102,,
1750,0.7621280550956726,0.9416666666666667,-7.2222065925598145,,
1800,2.734361410140991,0.94,-7.384728908538818,,
1850,0.4816095530986786,0.9383333333333334,-7.519687175750732,,
1900,1.9414887428283691,0.9366666666666666,-7.187717914581299,,
1950,0.39755189418792725,0.935,-7.194456100463867,,
2000,0.7751033306121826,0.9333333333333333,-6.774940490722656,,
2050,2.344836473464966,0.9316666666666666,-9.092880249023438,,
2100,2.899688720703125,0.9299999999999999,-9.394251823425293,,
2150,6.068704128265381,0.9283333333333333,-8.830334663391113,,
2200,2.7049448490142822,0.9266666666666666,-9.036441802978516,,
2250,1.3451489210128784,0.925,-9.401738166809082,,
2300,1.675695538520813,0.9233333333333333,-9.222413063049316,,
2350,2.200092077255249,0.9216666666666666,-9.459309577941895,,
2400,3.552231788635254,0.92,-8.8599853515625,,
2450,4.022843360900879,0.9183333333333333,-9.875296592712402,,
2500,3.3636722564697266,0.9166666666666666,-9.31633472442627,,
2550,2.331566572189331,0.915,-10.7405366897583,,
2600,2.883573293685913,0.9133333333333333,-10.621346473693848,,
2650,3.5078065395355225,0.9116666666666666,-10.3231840133667,,
2700,2.4315848350524902,0.91,-10.120719909667969,,
2750,1.5616248846054077,0.9083333333333333,-10.73288631439209,,
2800,2.4371798038482666,0.9066666666666666,-10.211590766906738,,
2850,3.5080206394195557,0.905,-10.631979942321777,,
2900,3.5008628368377686,0.9033333333333333,-10.753994941711426,,
2950,4.860607624053955,0.9016666666666666,-10.249314308166504,,
3000,4.020962715148926,0.9,-10.220255851745605,,
3050,6.9942708015441895,0.8983333333333333,-11.80334186553955,,
3100,2.7195005416870117,0.8966666666666667,-11.251725196838379,,
3150,6.034620761871338,0.895,-11.618624687194824,,
3200,3.732738494873047,0.8933333333333333,-11.742253303527832,,
3250,5.964698314666748,0.8916666666666666,-11.54373836517334,,
3300,1.5674687623977661,0.89,-11.948962211608887,,
3350,1.6992429494857788,0.8883333333333333,-10.643671989440918,,
3400,1.4173040390014648,0.8866666666666667,-11.62633228302002,,
3450,5.4459075927734375,0.885,-12.26758861541748,,
3500,9.274925231933594,0.8833333333333333,-11.89911937713623,,
3550,2.3192431926727295,0.8816666666666667,-13.473832130432129,,
3600,5.778208255767822,0.88,-13.802783966064453,,
3650,2.690136671066284,0.8783333333333333,-13.923943519592285,,
3700,7.690511703491211,0.8766666666666667,-13.263506889343262,,
3750,1.5325531959533691,0.875,-13.13396167755127,,
3800,4.34816837310791,0.8733333333333333,-13.811266899108887,,
3850,2.0248937606811523,0.8716666666666667,-11.573430061340332,,
3900,2.5629305839538574,0.87,-13.115886688232422,,
3950,2.4453508853912354,0.8683333333333334,-11.747634887695312,,
4000,1.7288727760314941,0.8666666666666667,-13.357410430908203,,
4050,1.3617991209030151,0.865,-13.372509956359863,,
4100,4.494869709014893,0.8633333333333333,-13.543816566467285,,
4150,6.1795334815979,0.8616666666666667,-13.432178497314453,,
4200,7.191471099853516,0.86,-12.549439430236816,,
4250,3.611546516418457,0.8583333333333334,-13.162151336669922,,
4300,5.570552825927734,0.8566666666666667,-12.210921287536621,,
4350,12.536938667297363,0.855,-12.981648445129395,,
4400,2.9532039165496826,0.8533333333333333,-13.173121452331543,,
4450,8.328370094299316,0.8516666666666667,-13.038407325744629,,
4500,2.7464113235473633,0.85,-13.095797538757324,,
4550,4.346569538116455,0.8483333333333334,-13.63630199432373,,
4600,2.601469039916992,0.8466666666666667,-13.368212699890137,,
4650,5.354859828948975,0.845,-14.72336196899414,,
4700,7.181729793548584,0.8433333333333333,-15.129207611083984,,
4750,4.102892875671387,0.8416666666666667,-14.741559028625488,,
4800,7.346691131591797,0.84,-12.797935485839844,,
4850,6.099436283111572,0.8383333333333334,-12.711800575256348,,
4900,3.8500044345855713,0.8366666666666667,-12.91723346710205,,
4950,6.620380401611328,0.835,-14.94290828704834,,
5000,4.056580543518066,0.8333333333333334,-14.090118408203125,,
5050,4.848341941833496,0.8316666666666667,-15.409889221191406,,
5100,10.371349334716797,0.83,-13.488892555236816,,
5150,10.090094566345215,0.8283333333333334,-15.405998229980469,,
5200,14.596047401428223,0.8266666666666667,-15.091160774230957,,
5250,3.900559425354004,0.825,-14.359748840332031,,
5300,2.127023458480835,0.8233333333333334,-15.826523780822754,,
5350,6.768832683563232,0.8216666666666667,-15.356720924377441,,
5400,4.2471208572387695,0.8200000000000001,-15.484971046447754,,
5450,4.1418657302856445,0.8183333333333334,-15.113499641418457,,
5500,4.066373348236084,0.8166666666666667,-14.8051176071167,,
5550,3.479675531387329,0.815,-15.3814058303833,,
5600,6.490248203277588,0.8133333333333334,-14.19996166229248,,
5650,5.105093955993652,0.8116666666666666,-14.449048042297363,,
5700,8.189421653747559,0.81,-16.551605224609375,,
5750,4.068002223968506,0.8083333333333333,-15.226405143737793,,
5800,2.4646084308624268,0.8066666666666666,-14.76787281036377,,
5850,3.5710275173187256,0.8049999999999999,-16.63371467590332,,
5900,13.77262020111084,0.8033333333333333,-13.969441413879395,,
5950,7.157794952392578,0.8016666666666666,-15.589333534240723,,
6000,3.805406332015991,0.8,-15.838301658630371,,
6050,16.935009002685547,0.7983333333333333,-17.15257453918457,,
6100,7.03064489364624,0.7966666666666666,-16.107149124145508,,
6150,2.923860788345337,0.795,-14.95812702178955,,
6200,18.125001907348633,0.7933333333333333,-15.84081745147705,,
6250,6.388413906097412,0.7916666666666666,-15.927464485168457,,
6300,12.536534309387207,0.79,-14.724146842956543,,
6350,1.8138245344161987,0.7883333333333333,-15.67286205291748,,
6400,3.073155641555786,0.7866666666666666,-14.710724830627441,,
6450,3.5821821689605713,0.785,-15.449933052062988,,
6500,16.180585861206055,0.7833333333333333,-16.44141960144043,,
6550,5.09124755859375,0.7816666666666667,-16.904634475708008,,
6600,3.4888410568237305,0.78,-17.046785354614258,,
6650,2.1300477981567383,0.7783333333333333,-16.159992218017578,,
6700,6.887748718261719,0.7766666666666666,-15.919524192810059,,
6750,24.877527236938477,0.775,-17.29060173034668,,
6800,7.38817024230957,0.7733333333333333,-15.362580299377441,,
6850,4.362337112426758,0.7716666666666667,-15.378375053405762,,
6900,5.091145992279053,0.77,-15.260711669921875,,
6950,7.135492324829102,0.7683333333333333,-15.190384864807129,,
7000,21.61078453063965,0.7666666666666666,-18.555830001831055,,
7050,7.241647243499756,0.765,-14.846870422363281,,
7100,7.538881778717041,0.7633333333333333,-16.455846786499023,,
7150,1.83562433719635,0.7616666666666667,-16.069194793701172,,
7200,12.772259712219238,0.76,-17.4479923248291,,
7250,14.038078308105469,0.7583333333333333,-14.51887035369873,,
7300,2.6601226329803467,0.7566666666666666,-16.389890670776367,,
7350,10.500300407409668,0.755,-15.222092628479004,,
7400,13.188828468322754,0.7533333333333333,-16.029035568237305,,
7450,18.103567123413086,0.7516666666666667,-17.53591537475586,,
7500,11.597567558288574,0.75,-14.759075164794922,,
7550,2.890373945236206,0.7483333333333333,-16.44618797302246,,
7600,3.41214656829834,0.7466666666666666,-15.29550552368164,,
7650,24.233497619628906,0.745,-16.947668075561523,,
7700,4.7617950439453125,0.7433333333333334,-16.779085159301758,,
7750,3.381619691848755,0.7416666666666667,-16.289777755737305,,
7800,6.850040435791016,0.74,-15.874019622802734,,
7850,6.419250965118408,0.7383333333333333,-16.48097038269043,,
7900,1.869806170463562,0.7366666666666667,-17.086162567138672,,
7950,11.089627265930176,0.735,-16.167818069458008,,
8000,6.720666408538818,0.7333333333333334,-16.194334030151367,,
8050,7.238513946533203,0.7316666666666667,-16.68507957458496,,
8100,10.223349571228027,0.73,-16.16327476501465,,
8150,6.9683308601379395,0.7283333333333333,-14.693122863769531,,
8200,8.990570068359375,0.7266666666666667,-15.40405559539795,,
8250,6.198343753814697,0.725,-17.351171493530273,,
8300,13.950243949890137,0.7233333333333334,-17.122215270996094,,
8350,4.217710971832275,0.7216666666666667,-15.706242561340332,,
8400,10.651272773742676,0.72,-16.28811264038086,,
8450,5.292879581451416,0.7183333333333333,-16.18558692932129,,
8500,6.266780853271484,0.7166666666666667,-15.11143970489502,,
8550,14.681593894958496,0.7150000000000001,-16.253435134887695,,
8600,12.921031951904297,0.7133333333333334,-15.810859680175781,,
8650,15.433502197265625,0.7116666666666667,-15.17485523223877,,
8700,7.03205680847168,0.71,-16.822301864624023,,
8750,6.756767749786377,0.7083333333333333,-15.881085395812988,,
8800,8.854759216308594,0.7066666666666667,-16.48695182800293,,
8850,19.569393157958984,0.7050000000000001,-15.349052429199219,,
8900,12.619368553161621,0.7033333333333334,-16.46271324157715,,
8950,10.335265159606934,0.7016666666666667,-15.989750862121582,,
9000,5.933187007904053,0.7,-15.971112251281738,,
9050,6.2211012840271,0.6983333333333333,-17.691017150878906,,
9100,3.2415974140167236,0.6966666666666667,-18.802209854125977,,
9150,5.511329174041748,0.6950000000000001,-16.45871925354004,,
9200,15.781055450439453,0.6933333333333334,-15.271499633789062,,
9250,7.340492248535156,0.6916666666666667,-16.570484161376953,,
9300,7.328651428222656,0.69,-16.296300888061523,,
9350,5.186537265777588,0.6883333333333334,-14.79256534576416,,
9400,12.161711692810059,0.6866666666666666,-13.999478340148926,,
9450,13.511123657226562,0.685,-19.375545501708984,,
9500,10.614001274108887,0.6833333333333333,-16.2205753326416,,
9550,3.2488391399383545,0.6816666666666666,-18.28522491455078,,
9600,20.64678382873535,0.6799999999999999,-17.72089195251465,,
9650,13.795845985412598,0.6783333333333333,-15.939770698547363,,
9700,23.063669204711914,0.6766666666666667,-16.498727798461914,,
9750,1.7227996587753296,0.675,-17.00557518005371,,
9800,14.85626220703125,0.6733333333333333,-14.338555335998535,,
9850,13.046469688415527,0.6716666666666666,-19.058246612548828,,
9900,15.963994026184082,0.6699999999999999,-18.014673233032227,,
9950,5.3088202476501465,0.6683333333333333,-18.493410110473633,,
10000,6.521209716796875,0.6666666666666667,-18.527864456176758,,
10050,7.915567874908447,0.665,-17.07422637939453,,
10100,10.313456535339355,0.6633333333333333,-17.092384338378906,,
10150,4.172292709350586,0.6616666666666666,-17.1014347076416,,
10200,23.579011917114258,0.6599999999999999,-17.32929229736328,,
10250,5.6822662353515625,0.6583333333333333,-15.009987831115723,,
10300,6.933473587036133,0.6566666666666667,-16.255746841430664,,
10350,11.909239768981934,0.655,-17.356157302856445,,
10400,21.625932693481445,0.6533333333333333,-16.877445220947266,,
10450,7.649049282073975,0.6516666666666666,-16.07366180419922,,
10500,11.772671699523926,0.65,-14.780296325683594,,
10550,9.352255821228027,0.6483333333333333,-18.456178665161133,,
10600,8.262246131896973,0.6466666666666667,-15.947906494140625,,
10650,18.894739151000977,0.645,-18.11092758178711,,
10700,3.920048952102661,0.6433333333333333,-17.46959114074707,,
10750,32.69780349731445,0.6416666666666666,-18.140134811401367,,
10800,7.04000997543335,0.64,-15.118331909179688,,
10850,11.490096092224121,0.6383333333333333,-16.941862106323242,,
10900,10.754786491394043,0.6366666666666667,-14.991389274597168,,
10950,9.702557563781738,0.635,-16.850971221923828,,
11000,10.410694122314453,0.6333333333333333,-16.75046730041504,,
11050,11.600573539733887,0.6316666666666666,-14.450318336486816,,
11100,7.203366756439209,0.63,-17.132253646850586,,
11150,17.28166961669922,0.6283333333333334,-16.174869537353516,,
11200,14.935783386230469,0.6266666666666667,-13.678595542907715,,
11250,14.564881324768066,0.625,-16.43189811706543,,
11300,8.09644603729248,0.6233333333333333,-15.069382667541504,,
11350,21.684720993041992,0.6216666666666666,-15.647709846496582,,
11400,7.4175496101379395,0.62,-19.189565658569336,,
11450,10.346738815307617,0.6183333333333334,-16.85496711730957,,
11500,7.487864017486572,0.6166666666666667,-14.549991607666016,,
11550,17.49091148376465,0.615,-15.145062446594238,,
11600,24.017629623413086,0.6133333333333333,-15.407524108886719,,
11650,2.4202160835266113,0.6116666666666667,-14.97889232635498,,
11700,7.277040004730225,0.61,-16.504638671875,,
11750,9.793375968933105,0.6083333333333334,-13.529559135437012,,
11800,6.687568664550781,0.6066666666666667,-17.416357040405273,,
11850,7.660894393920898,0.605,-12.940074920654297,,
11900,26.014495849609375,0.6033333333333333,-16.292984008789062,,
11950,10.394561767578125,0.6016666666666667,-16.769662857055664,,
12000,12.165450096130371,0.6,-15.995251655578613,,
12050,10.982112884521484,0.5983333333333334,-17.1163330078125,,
12100,4.373735427856445,0.5966666666666667,-15.021445274353027,,
12150,5.623935222625732,0.595,-15.505996704101562,,
12200,14.701037406921387,0.5933333333333333,-16.78884506225586,,
12250,10.07787036895752,0.5916666666666667,-14.560115814208984,,
12300,6.282754898071289,0.5900000000000001,-15.56297779083252,,
12350,3.5443155765533447,0.5883333333333334,-15.318392753601074,,
12400,6.140648365020752,0.5866666666666667,-14.91732406616211,,
12450,7.106838703155518,0.585,-16.682329177856445,,
12500,5.97612190246582,0.5833333333333333,-13.685042381286621,,
12550,23.020055770874023,0.5816666666666667,-17.11661720275879,,
12600,5.014130592346191,0.5800000000000001,-14.210655212402344,,
12650,7.741322994232178,0.5783333333333334,-15.055931091308594,,
12700,7.560719013214111,0.5766666666666667,-14.865937232971191,,
12750,5.6831955909729,0.575,-16.474334716796875,,
12800,6.089181423187256,0.5733333333333333,-14.640316009521484,,
12850,10.01567268371582,0.5716666666666667,-13.599803924560547,,
12900,9.846890449523926,0.5700000000000001,-13.936344146728516,,
12950,4.643844127655029,0.5683333333333334,-16.691083908081055,,
13000,5.528456211090088,0.5666666666666667,-16.087039947509766,,
13050,4.271390438079834,0.565,-15.884346008300781,,
13100,7.230482578277588,0.5633333333333334,-12.756016731262207,,
13150,4.10913610458374,0.5616666666666666,-12.800253868103027,,
13200,6.6097564697265625,0.56,-12.502132415771484,,
13250,5.110987663269043,0.5583333333333333,-14.25225830078125,,
13300,10.50631046295166,0.5566666666666666,-15.094951629638672,,
13350,7.780862808227539,0.5549999999999999,-13.707457542419434,,
13400,21.99057960510254,0.5533333333333333,-15.850769996643066,,
13450,17.45503807067871,0.5516666666666667,-14.956172943115234,,
13500,13.473636627197266,0.55,-16.772615432739258,,
13550,26.212968826293945,0.5483333333333333,-14.63290023803711,,
13600,7.1499786376953125,0.5466666666666666,-9.853981971740723,,
13650,12.0753755569458,0.5449999999999999,-15.249267578125,,
13700,9.856806755065918,0.5433333333333333,-13.526667594909668,,
13750,3.079545736312866,0.5416666666666667,-12.76633071899414,,
13800,5.182899475097656,0.54,-14.958111763000488,,
13850,25.22998809814453,0.5383333333333333,-12.333495140075684,,
13900,4.2435197830200195,0.5366666666666666,-13.90937328338623,,
13950,10.359456062316895,0.5349999999999999,-12.73556900024414,,
14000,36.01076889038086,0.5333333333333333,-13.151755332946777,,
14050,16.6759090423584,0.5316666666666667,-12.281081199645996,,
14100,20.681758880615234,0.53,-12.62279987335205,,
14150,3.805072546005249,0.5283333333333333,-13.37854290008545,,
14200,4.262077808380127,0.5266666666666666,-13.573487281799316,,
14250,22.124197006225586,0.525,-10.726937294006348,,
14300,7.060105800628662,0.5233333333333333,-12.261188507080078,,
14350,3.3438777923583984,0.5216666666666667,-15.942524909973145,,
14400,8.33857250213623,0.52,-13.560383796691895,,
14450,3.038585662841797,0.5183333333333333,-15.773101806640625,,
14500,25.8802490234375,0.5166666666666666,-12.1152982711792,,
14550,4.406675815582275,0.515,-13.37645435333252,,
14600,3.8159420490264893,0.5133333333333333,-13.466032981872559,,
14650,3.595463514328003,0.5116666666666667,-11.451733589172363,,
14700,10.22989559173584,0.51,-10.630138397216797,,
14750,3.6982595920562744,0.5083333333333333,-10.990669250488281,,
14800,13.216414451599121,0.5066666666666666,-12.88644027709961,,
14850,2.200693368911743,0.505,-13.06058120727539,,
14900,4.027595520019531,0.5033333333333334,-16.6553897857666,,
14950,3.315906286239624,0.5016666666666667,-12.17306137084961,,
15000,3.6453113555908203,0.5,-11.767903327941895,,
15050,3.340047836303711,0.4983333333333333,-13.441078186035156,,
15100,5.4713006019592285,0.4966666666666667,-12.064621925354004,,
15150,2.03125,0.495,-14.057467460632324,,
15200,8.54699420928955,0.4933333333333333,-12.159385681152344,,
15250,29.215911865234375,0.4916666666666667,-15.482994079589844,,
15300,4.0077128410339355,0.49,-11.913508415222168,,
15350,6.83123779296875,0.4883333333333333,-12.81074047088623,,
15400,4.726136207580566,0.4866666666666667,-14.169208526611328,,
15450,4.8530354499816895,0.485,-12.0610933303833,,
15500,5.859048843383789,0.4833333333333333,-14.9207124710083,,
15550,3.348327875137329,0.4816666666666667,-12.345867156982422,,
15600,2.3517282009124756,0.48,-11.92558765411377,,
15650,3.753535509109497,0.4783333333333334,-11.946249961853027,,
15700,8.395434379577637,0.4766666666666667,-12.542243003845215,,
15750,5.719655990600586,0.475,-12.374106407165527,,
15800,2.71244215965271,0.4733333333333334,-12.297897338867188,,
15850,5.388827800750732,0.4716666666666667,-12.8220853805542,,
15900,3.550424575805664,0.47,-13.022891998291016,,
15950,9.423417091369629,0.4683333333333334,-8.884857177734375,,
16000,9.87463665008545,0.4666666666666667,-11.662578582763672,,
16050,28.898704528808594,0.46499999999999997,-11.488003730773926,,
16100,21.096399307250977,0.4633333333333334,-12.759735107421875,,
16150,5.722991943359375,0.46166666666666667,-13.323585510253906,,
16200,6.304872989654541,0.45999999999999996,-11.923029899597168,,
16250,4.787092685699463,0.45833333333333337,-11.272309303283691,,
16300,3.479881525039673,0.45666666666666667,-10.03981876373291,,
16350,2.8811800479888916,0.45499999999999996,-11.061419486999512,,
16400,6.658815860748291,0.45333333333333337,-8.696572303771973,,
16450,14.828022956848145,0.45166666666666666,-11.627163887023926,,
16500,16.42441749572754,0.44999999999999996,-11.169766426086426,,
16550,3.770813226699829,0.44833333333333336,-12.0465726852417,,
16600,2.465125799179077,0.44666666666666666,-13.008662223815918,,
16650,3.506986618041992,0.44499999999999995,-11.558319091796875,,
16700,5.748627185821533,0.44333333333333336,-14.639693260192871,,
16750,2.907247304916382,0.44166666666666665,-9.97392749786377,,
16800,2.9046506881713867,0.43999999999999995,-13.20040225982666,,
16850,2.5274062156677246,0.43833333333333335,-9.669312477111816,,
16900,3.130446195602417,0.43666666666666665,-12.286994934082031,,
16950,2.999523401260376,0.43500000000000005,-12.007344245910645,,
17000,4.832300662994385,0.43333333333333335,-11.834835052490234,,
17050,5.249378204345703,0.43166666666666664,-12.301827430725098,,
17100,3.6937921047210693,0.43000000000000005,-11.903117179870605,,
17150,8.85677433013916,0.42833333333333334,-9.732501029968262,,
17200,31.706239700317383,0.42666666666666664,-11.179728507995605,,
17250,7.891149520874023,0.42500000000000004,-12.34134578704834,,
17300,9.681503295898438,0.42333333333333334,-10.903059959411621,,
17350,2.274125814437866,0.42166666666666663,-12.006108283996582,,
17400,3.691385507583618,0.42000000000000004,-10.540031433105469,,
17450,5.485828399658203,0.41833333333333333,-11.90935230255127,,
17500,12.909229278564453,0.41666666666666663,-12.703093528747559,,
17550,9.197200775146484,0.41500000000000004,-12.868050575256348,,
17600,4.669676780700684,0.41333333333333333,-9.716240882873535,,
17650,8.104344367980957,0.4116666666666666,-12.242836952209473,,
17700,6.353391647338867,0.41000000000000003,-9.765214920043945,,
17750,2.6813719272613525,0.4083333333333333,-11.21199893951416,,
17800,3.9810400009155273,0.4066666666666666,-9.329054832458496,,
17850,2.9739139080047607,0.405,-13.749524116516113,,
17900,4.1617865562438965,0.4033333333333333,-9.23577880859375,,
17950,5.06928825378418,0.4016666666666666,-10.17893123626709,,
18000,3.5606470108032227,0.4,-12.343745231628418,,
18050,4.024205207824707,0.3983333333333333,-10.381904602050781,,
18100,4.75682258605957,0.3966666666666666,-9.37382984161377,,
18150,3.856348991394043,0.395,-9.577953338623047,,
18200,13.81954288482666,0.3933333333333333,-12.584887504577637,,
18250,4.6516265869140625,0.3916666666666667,-11.606682777404785,,
18300,4.277803421020508,0.39,-11.825973510742188,,
18350,5.458442687988281,0.3883333333333333,-11.969562530517578,,
18400,3.309102773666382,0.3866666666666667,-11.309117317199707,,
18450,2.314866304397583,0.385,-10.84958553314209,,
18500,6.948392391204834,0.3833333333333333,-11.796371459960938,,
18550,8.708746910095215,0.3816666666666667,-13.39810562133789,,
18600,7.166905879974365,0.38,-10.735221862792969,,
18650,3.712451934814453,0.3783333333333333,-11.587023735046387,,
18700,2.635416269302368,0.3766666666666667,-10.10467529296875,,
18750,16.889610290527344,0.375,-11.8704252243042,,
18800,3.5012195110321045,0.3733333333333333,-11.829459190368652,,
18850,6.404628753662109,0.3716666666666667,-10.890018463134766,,
18900,4.453449249267578,0.37,-9.162077903747559,,
18950,3.8988072872161865,0.3683333333333333,-10.948542594909668,,
19000,5.15875768661499,0.3666666666666667,-8.55341625213623,,
19050,4.643834590911865,0.365,-8.79814338684082,,
19100,12.433821678161621,0.3633333333333333,-12.317192077636719,,
19150,10.291635513305664,0.3616666666666667,-9.606897354125977,,
19200,3.106947660446167,0.36,-10.164628028869629,,
19250,3.7750329971313477,0.3583333333333333,-8.732216835021973,,
19300,2.8120033740997314,0.3566666666666667,-8.675056457519531,,
19350,4.188587665557861,0.355,-10.633671760559082,,
19400,4.715841293334961,0.3533333333333334,-9.351853370666504,,
19450,7.258983135223389,0.3516666666666667,-9.920945167541504,,
19500,2.2424614429473877,0.35,-11.943511962890625,,
19550,3.106959104537964,0.3483333333333334,-12.515029907226562,,
19600,3.6752941608428955,0.3466666666666667,-12.628396034240723,,
19650,4.6240973472595215,0.345,-10.021876335144043,,
19700,2.2570035457611084,0.3433333333333334,-9.964554786682129,,
19750,3.0601541996002197,0.3416666666666667,-11.442343711853027,,
19800,19.292985916137695,0.33999999999999997,-14.054305076599121,,
19850,9.64435863494873,0.3383333333333334,-8.58415699005127,,
19900,2.06953501701355,0.33666666666666667,-9.583268165588379,,
19950,4.095954418182373,0.33499999999999996,-9.506871223449707,,
20000,6.031503677368164,0.33333333333333337,-13.109261512756348,,
20050,15.62701416015625,0.33166666666666667,-10.23644733428955,,
20100,6.214089870452881,0.32999999999999996,-11.670234680175781,,
20150,14.91189193725586,0.32833333333333337,-10.95789623260498,,
20200,6.677847385406494,0.32666666666666666,-7.323441028594971,,
20250,9.347260475158691,0.32499999999999996,-7.7124505043029785,,
20300,9.13912296295166,0.32333333333333336,-9.070359230041504,,
20350,2.44952392578125,0.32166666666666666,-10.11594295501709,,
20400,6.926879405975342,0.31999999999999995,-9.703059196472168,,
20450,40.19198226928711,0.31833333333333336,-11.58254337310791,,
20500,3.7953405380249023,0.31666666666666665,-10.0650053024292,,
20550,7.836692810058594,0.31499999999999995,-10.34230899810791,,
20600,3.2307169437408447,0.31333333333333335,-10.7604341506958,,
20650,2.647531747817993,0.31166666666666665,-8.704568862915039,,
20700,17.210046768188477,0.31000000000000005,-11.948342323303223,,
20750,1.7608098983764648,0.30833333333333335,-8.105713844299316,,
20800,4.018187046051025,0.30666666666666664,-10.209277153015137,,
20850,2.839092969894409,0.30500000000000005,-8.362622261047363,,
20900,2.849958658218384,0.30333333333333334,-9.374276161193848,,
20950,3.594283103942871,0.30166666666666664,-9.730266571044922,,
21000,3.853358507156372,0.30000000000000004,-11.375205039978027,,
21050,3.044301986694336,0.29833333333333334,-9.503211975097656,,
21100,3.1696979999542236,0.29666666666666663,-8.566786766052246,,
21150,5.062537670135498,0.29500000000000004,-11.410443305969238,,
21200,10.594985961914062,0.29333333333333333,-10.55888843536377,,
21250,4.112467288970947,0.29166666666666663,-9.563715934753418,,
21300,3.9043171405792236,0.29000000000000004,-10.128254890441895,,
21350,26.026588439941406,0.28833333333333333,-8.944474220275879,,
21400,3.5828497409820557,0.2866666666666666,-9.798968315124512,,
21450,5.381732940673828,0.28500000000000003,-9.278067588806152,,
21500,3.4699389934539795,0.2833333333333333,-8.643134117126465,,
21550,3.920956611633301,0.2816666666666666,-7.578199863433838,,
21600,4.239159107208252,0.28,-8.015944480895996,,
21650,7.735105514526367,0.2783333333333333,-9.928927421569824,,
21700,2.4892709255218506,0.2766666666666666,-8.598418235778809,,
21750,3.798478841781616,0.275,-7.221998691558838,,
21800,2.5219027996063232,0.2733333333333333,-11.93571949005127,,
21850,2.3553202152252197,0.2716666666666666,-8.878634452819824,,
21900,4.162801265716553,0.27,-10.01628589630127,,
21950,2.2271692752838135,0.2683333333333333,-8.844883918762207,,
22000,4.750294208526611,0.2666666666666667,-10.500181198120117,,
22050,5.181329250335693,0.265,-10.85503101348877,,
22100,6.525514602661133,0.2633333333333333,-9.299103736877441,,
22150,2.072932004928589,0.2616666666666667,-10.487056732177734,,
22200,3.882526159286499,0.26,-8.942928314208984,,
22250,8.087164878845215,0.2583333333333333,-9.088540077209473,,
22300,3.5269792079925537,0.2566666666666667,-9.441646575927734,,
22350,9.75473690032959,0.255,-12.497843742370605,,
22400,1.9421577453613281,0.2533333333333333,-8.7177095413208,,
22450,10.059535026550293,0.2516666666666667,-8.654577255249023,,
22500,2.1930410861968994,0.25,-9.892313957214355,,
22550,6.381406307220459,0.2483333333333333,-13.141281127929688,,
22600,4.6156535148620605,0.2466666666666667,-9.066977500915527,,
22650,4.014978885650635,0.245,-12.382977485656738,,
22700,10.133284568786621,0.2433333333333333,-9.707415580749512,,
22750,4.478756427764893,0.2416666666666667,-11.661486625671387,,
22800,3.3660240173339844,0.24,-8.69588565826416,,
22850,6.689359188079834,0.23833333333333329,-8.26632022857666,,
22900,5.9355082511901855,0.2366666666666667,-10.511658668518066,,
22950,2.3599953651428223,0.235,-10.950491905212402,,
23000,3.4766767024993896,0.23333333333333328,-9.595486640930176,,
23050,3.0985896587371826,0.2316666666666667,-9.176079750061035,,
23100,10.078551292419434,0.22999999999999998,-9.47346019744873,,
23150,4.483449935913086,0.2283333333333334,-7.962403774261475,,
23200,3.09561824798584,0.22666666666666668,-7.655595302581787,,
23250,2.6422080993652344,0.22499999999999998,-10.45357608795166,,
23300,2.333177328109741,0.22333333333333338,-9.186225891113281,,
23350,13.366138458251953,0.22166666666666668,-10.456459045410156,,
23400,2.6167185306549072,0.21999999999999997,-7.690840244293213,,
23450,15.355582237243652,0.21833333333333338,-7.536148548126221,,
23500,3.109156608581543,0.21666666666666667,-12.827811241149902,,
23550,29.629350662231445,0.21499999999999997,-10.37757682800293,,
23600,2.7509403228759766,0.21333333333333337,-10.261526107788086,,
23650,3.802868127822876,0.21166666666666667,-10.522475242614746,,
23700,4.830381393432617,0.20999999999999996,-9.907523155212402,,
23750,8.22718334197998,0.20833333333333337,-9.514433860778809,,
23800,2.819169044494629,0.20666666666666667,-8.27606201171875,,
23850,14.858707427978516,0.20499999999999996,-9.212170600891113,,
23900,4.44859504699707,0.20333333333333337,-8.84576416015625,,
23950,7.623546600341797,0.20166666666666666,-10.125809669494629,,
24000,1.4754911661148071,0.19999999999999996,-10.074734687805176,,
24050,2.6457231044769287,0.19833333333333336,-10.573872566223145,,
24100,3.6893787384033203,0.19666666666666666,-11.124194145202637,,
24150,3.1604862213134766,0.19499999999999995,-7.419303894042969,,
24200,3.4329984188079834,0.19333333333333336,-8.822009086608887,,
24250,3.7674777507781982,0.19166666666666665,-9.291715621948242,,
24300,5.257535934448242,0.18999999999999995,-9.397612571716309,,
24350,3.948989152908325,0.18833333333333335,-11.570042610168457,,
24400,4.31203031539917,0.18666666666666665,-9.180724143981934,,
24450,2.606940507888794,0.18500000000000005,-11.00682544708252,,
24500,2.8654422760009766,0.18333333333333335,-9.86151123046875,,
24550,16.226234436035156,0.18166666666666664,-9.28998851776123,,
24600,2.1550519466400146,0.18000000000000005,-8.216765403747559,,
24650,4.079992771148682,0.17833333333333334,-8.722164154052734,,
24700,2.686361074447632,0.17666666666666664,-8.152316093444824,,
24750,1.6776098012924194,0.17500000000000004,-10.512063026428223,,
24800,1.3972597122192383,0.17333333333333334,-9.553235054016113,,
24850,3.7571027278900146,0.17166666666666663,-9.848383903503418,,
24900,2.0600836277008057,0.17000000000000004,-10.03113079071045,,
24950,25.503889083862305,0.16833333333333333,-9.747644424438477,,
25000,1.4821699857711792,0.16666666666666663,-8.146147727966309,-1.3214549993744817,54.0
25050,5.372028827667236,0.16500000000000004,-8.237444877624512,,
25100,5.016101360321045,0.16333333333333333,-10.672737121582031,,
25150,4.1134724617004395,0.16166666666666663,-9.254841804504395,,
25200,1.8907657861709595,0.16000000000000003,-8.94266128540039,,
25250,5.991383075714111,0.15833333333333333,-10.109124183654785,,
25300,2.6155669689178467,0.15666666666666662,-8.651460647583008,,
25350,2.4749205112457275,0.15500000000000003,-7.81749153137207,,
25400,1.7977262735366821,0.15333333333333332,-6.844968318939209,,
25450,3.5919029712677,0.15166666666666662,-10.026790618896484,,
25500,1.5874420404434204,0.15000000000000002,-7.027214050292969,,
25550,2.5057921409606934,0.14833333333333332,-10.950484275817871,,
25600,2.569735288619995,0.1466666666666666,-11.286444664001465,,
25650,3.316283941268921,0.14500000000000002,-9.369307518005371,,
25700,2.6251485347747803,0.1433333333333333,-10.096556663513184,,
25750,7.872186183929443,0.14166666666666672,-10.205280303955078,,
25800,6.911298751831055,0.14,-10.35184097290039,,
25850,4.2104973793029785,0.1383333333333333,-9.819424629211426,,
25900,16.95025062561035,0.13666666666666671,-9.916071891784668,,
25950,7.881541728973389,0.135,-8.727235794067383,,
26000,4.348101615905762,0.1333333333333333,-11.31856632232666,,
26050,4.18110466003418,0.1316666666666667,-10.655807495117188,,
26100,6.853281497955322,0.13,-9.38881778717041,,
26150,4.3454508781433105,0.1283333333333333,-9.938482284545898,,
26200,3.947857141494751,0.1266666666666667,-10.282641410827637,,
26250,2.448729991912842,0.125,-10.012879371643066,,
26300,1.9503592252731323,0.1233333333333333,-9.735417366027832,,
26350,2.606259346008301,0.1216666666666667,-11.086902618408203,,
26400,7.8854804039001465,0.12,-10.041305541992188,,
26450,6.745183944702148,0.11833333333333329,-11.88210391998291,,
26500,9.213311195373535,0.1166666666666667,-9.07271671295166,,
26550,8.796332359313965,0.11499999999999999,-7.445228576660156,,
26600,3.0042362213134766,0.11333333333333329,-7.998216152191162,,
26650,6.839817523956299,0.11166666666666669,-9.15993881225586,,
26700,4.2866644859313965,0.10999999999999999,-8.935969352722168,,
26750,3.7764034271240234,0.10833333333333328,-8.106454849243164,,
26800,9.913041114807129,0.10666666666666669,-9.22608470916748,,
26850,4.407938480377197,0.10499999999999998,-10.648018836975098,,
26900,9.445745468139648,0.10333333333333339,-11.598816871643066,,
26950,8.188776969909668,0.10166666666666668,-10.9391508102417,,
27000,2.8783910274505615,0.09999999999999998,-9.203907012939453,,
27050,7.057746410369873,0.09833333333333338,-8.402054786682129,,
27100,1.9788841009140015,0.09666666666666668,-12.518050193786621,,
27150,12.741559028625488,0.09499999999999997,-11.458839416503906,,
27200,9.544110298156738,0.09333333333333338,-10.269868850708008,,
27250,4.706495761871338,0.09166666666666667,-7.903538227081299,,
27300,4.586979389190674,0.08999999999999997,-9.149137496948242,,
27350,4.174666881561279,0.08833333333333337,-8.706259727478027,,
27400,4.999155521392822,0.08666666666666667,-11.031035423278809,,
27450,4.243744850158691,0.08499999999999996,-8.974852561950684,,
27500,2.4043571949005127,0.08333333333333337,-11.041985511779785,,
27550,1.5759145021438599,0.08166666666666667,-8.768272399902344,,
27600,3.745037794113159,0.07999999999999996,-9.857647895812988,,
27650,6.178934097290039,0.07833333333333337,-11.518345832824707,,
27700,2.470643997192383,0.07666666666666666,-8.194311141967773,,
27750,3.837843894958496,0.07499999999999996,-9.521212577819824,,
27800,1.6552828550338745,0.07333333333333336,-7.0077972412109375,,
27850,1.4094046354293823,0.07166666666666666,-8.325800895690918,,
27900,5.736820697784424,0.06999999999999995,-10.7883939743042,,
27950,6.637420177459717,0.06833333333333336,-9.775333404541016,,
28000,9.828207969665527,0.06666666666666665,-9.173050880432129,,
28050,2.3181021213531494,0.06499999999999995,-8.563340187072754,,
28100,4.041797161102295,0.06333333333333335,-10.406807899475098,,
28150,5.338798999786377,0.06166666666666665,-8.917016983032227,,
28200,3.0541293621063232,0.06000000000000005,-9.5726900100708,,
28250,9.830994606018066,0.05833333333333335,-12.780402183532715,,
28300,2.2313287258148193,0.05666666666666664,-7.016806125640869,,
28350,4.281453609466553,0.05500000000000005,-7.659408092498779,,
28400,4.630040645599365,0.053333333333333344,-10.824211120605469,,
28450,7.208347320556641,0.05166666666666664,-7.899940490722656,,
28500,4.572242736816406,0.050000000000000044,-8.41883659362793,,
28550,24.25459861755371,0.05,-7.993887424468994,,
28600,3.9873898029327393,0.05,-8.841757774353027,,
28650,12.43761920928955,0.05,-8.62195873260498,,
28700,2.7772634029388428,0.05,-6.722529888153076,,
28750,3.7723300457000732,0.05,-7.1603546142578125,,
28800,2.8691539764404297,0.05,-9.12375545501709,,
28850,6.194211483001709,0.05,-10.781867980957031,,
28900,2.8833961486816406,0.05,-9.85205364227295,,
28950,4.673232555389404,0.05,-8.419849395751953,,
29000,4.94180965423584,0.05,-10.102270126342773,,
29050,6.084916591644287,0.05,-10.419135093688965,,
29100,14.107312202453613,0.05,-8.362613677978516,,
29150,32.101837158203125,0.05,-8.297197341918945,,
29200,9.381916999816895,0.05,-9.755284309387207,,
29250,1.588121771812439,0.05,-8.745415687561035,,
29300,3.2388031482696533,0.05,-7.99997091293335,,
29350,1.6235960721969604,0.05,-9.207202911376953,,
29400,5.212637901306152,0.05,-10.563275337219238,,
29450,2.619523763656616,0.05,-8.656527519226074,,
29500,2.8031795024871826,0.05,-7.791280746459961,,
29550,25.637826919555664,0.05,-10.400439262390137,,
29600,1.889987587928772,0.05,-10.57273006439209,,
29650,2.2694039344787598,0.05,-8.040146827697754,,
29700,5.649528503417969,0.05,-8.526638984680176,,
29750,2.287778615951538,0.05,-9.29134464263916,,
29800,7.235018253326416,0.05,-8.7164945602417,,
29850,5.392513751983643,0.05,-8.086852073669434,,
29900,4.572429656982422,0.05,-8.776040077209473,,
29950,3.139174699783325,0.05,-10.85422420501709,,
30000,2.2460837364196777,0.05,-7.972927093505859,,
30050,2.927658796310425,0.05,-9.572983741760254,,
30100,5.441129207611084,0.05,-8.982471466064453,,
30150,4.232303142547607,0.05,-10.819533348083496,,
30200,16.647855758666992,0.05,-7.525781631469727,,
30250,1.9354661703109741,0.05,-10.593462944030762,,
30300,2.780012369155884,0.05,-11.048182487487793,,
30350,2.8176605701446533,0.05,-11.520721435546875,,
30400,10.28018569946289,0.05,-9.319708824157715,,
30450,3.7458789348602295,0.05,-7.597506046295166,,
30500,6.1588358879089355,0.05,-8.089814186096191,,
30550,6.96105432510376,0.05,-9.059808731079102,,
30600,4.3579277992248535,0.05,-8.661981582641602,,
30650,2.431330680847168,0.05,-9.0850191116333,,
30700,7.596019268035889,0.05,-9.708857536315918,,
30750,3.1538829803466797,0.05,-9.412075996398926,,
30800,6.872753143310547,0.05,-12.21506118774414,,
30850,4.185314178466797,0.05,-7.252919673919678,,
30900,2.1762640476226807,0.05,-8.085168838500977,,
30950,5.297712326049805,0.05,-9.755925178527832,,
31000,3.056838035583496,0.05,-10.73200511932373,,
31050,6.567748546600342,0.05,-12.089924812316895,,
31100,6.047033786773682,0.05,-11.594032287597656,,
31150,2.857515335083008,0.05,-8.815119743347168,,
31200,1.071074366569519,0.05,-9.102916717529297,,
31250,9.269806861877441,0.05,-11.049878120422363,,
31300,2.375903844833374,0.05,-7.5927886962890625,,
31350,4.260067939758301,0.05,-8.932364463806152,,
31400,4.544562816619873,0.05,-7.876269817352295,,
31450,11.260004997253418,0.05,-10.64406967163086,,
31500,9.170001983642578,0.05,-9.398886680603027,,
31550,1.4658395051956177,0.05,-8.584856033325195,,
31600,2.8075923919677734,0.05,-9.466699600219727,,
31650,13.637463569641113,0.05,-9.207354545593262,,
31700,10.932670593261719,0.05,-10.393134117126465,,
31750,3.663088083267212,0.05,-9.383170127868652,,
31800,15.85898494720459,0.05,-8.048072814941406,,
31850,3.6938202381134033,0.05,-8.905892372131348,,
31900,4.963034152984619,0.05,-10.1099271774292,,
31950,2.157851457595825,0.05,-9.300747871398926,,
32000,9.852678298950195,0.05,-8.788089752197266,,
32050,4.110905170440674,0.05,-9.546698570251465,,
32100,4.154138088226318,0.05,-9.840493202209473,,
32150,5.3280487060546875,0.05,-8.494277954101562,,
32200,2.4543590545654297,0.05,-9.605378150939941,,
32250,6.167820453643799,0.05,-8.488265991210938,,
32300,5.272851943969727,0.05,-10.045975685119629,,
32350,5.732753753662109,0.05,-11.280021667480469,,
32400,1.7116113901138306,0.05,-8.012250900268555,,
32450,2.1241798400878906,0.05,-9.386404991149902,,
32500,2.4378654956817627,0.05,-6.035980701446533,,
32550,4.016666889190674,0.05,-7.006622791290283,,
32600,2.276646375656128,0.05,-9.054974555969238,,
32650,2.615644693374634,0.05,-7.865625858306885,,
32700,4.119750499725342,0.05,-7.281867980957031,,
32750,6.608850479125977,0.05,-7.769934177398682,,
32800,4.823108196258545,0.05,-8.953412055969238,,
32850,3.028198003768921,0.05,-9.239177703857422,,
32900,8.592828750610352,0.05,-8.948089599609375,,
32950,5.204655170440674,0.05,-9.861841201782227,,
33000,3.3926494121551514,0.05,-9.163743019104004,,
33050,9.6010103225708,0.05,-11.587634086608887,,
33100,2.901501417160034,0.05,-10.359868049621582,,
33150,5.20704984664917,0.05,-9.723219871520996,,
33200,2.5243680477142334,0.05,-6.975620269775391,,
33250,4.606530666351318,0.05,-6.996955871582031,,
33300,2.927255868911743,0.05,-8.09415054321289,,
33350,7.796875476837158,0.05,-9.874983787536621,,
33400,20.16196060180664,0.05,-11.1472806930542,,
33450,11.388153076171875,0.05,-8.477707862854004,,
33500,2.7530391216278076,0.05,-8.52871036529541,,
33550,1.6899305582046509,0.05,-8.768863677978516,,
33600,4.395777225494385,0.05,-8.68848705291748,,
33650,2.798029661178589,0.05,-8.967308044433594,,
33700,2.6602964401245117,0.05,-8.43580150604248,,
33750,3.003504753112793,0.05,-9.669821739196777,,
33800,4.0327630043029785,0.05,-9.930310249328613,,
33850,2.2747466564178467,0.05,-9.097182273864746,,
33900,1.8365932703018188,0.05,-8.23909854888916,,
33950,8.014520645141602,0.05,-9.768213272094727,,
34000,6.619819164276123,0.05,-9.473660469055176,,
34050,2.037165880203247,0.05,-9.306465148925781,,
34100,3.4375104904174805,0.05,-9.353425025939941,,
34150,7.972056865692139,0.05,-8.403288841247559,,
34200,5.250441074371338,0.05,-7.834932804107666,,
34250,4.522726058959961,0.05,-8.465462684631348,,
34300,5.295810699462891,0.05,-8.010235786437988,,
34350,4.250630855560303,0.05,-7.133245944976807,,
34400,6.904625415802002,0.05,-10.068375587463379,,
34450,2.587700128555298,0.05,-7.071577072143555,,
34500,1.129159927368164,0.05,-7.10731315612793,,
34550,2.324798822402954,0.05,-8.046272277832031,,
34600,2.439699172973633,0.05,-8.75502872467041,,
34650,2.92130446434021,0.05,-9.42560863494873,,
34700,4.7964606285095215,0.05,-8.732220649719238,,
34750,3.547055244445801,0.05,-7.7765655517578125,,
34800,4.875699996948242,0.05,-9.902385711669922,,
34850,10.084895133972168,0.05,-9.05306625366211,,
34900,1.9987279176712036,0.05,-9.85922622680664,,
34950,2.281707763671875,0.05,-11.351181030273438,,
35000,2.062330484390259,0.05,-8.53160572052002,,
35050,16.409921646118164,0.05,-9.293745994567871,,
35100,3.5126941204071045,0.05,-8.476310729980469,,
35150,5.201889514923096,0.05,-9.028901100158691,,
35200,5.4594597816467285,0.05,-10.095645904541016,,
35250,3.6477699279785156,0.05,-8.400650978088379,,
35300,5.9614577293396,0.05,-10.3847017288208,,
35350,6.578139781951904,0.05,-8.49680233001709,,
35400,6.163717269897461,0.05,-6.638301849365234,,
35450,2.620373010635376,0.05,-10.508748054504395,,
35500,2.5869712829589844,0.05,-10.119170188903809,,
35550,1.890576720237732,0.05,-5.459132671356201,,
35600,2.227051019668579,0.05,-8.327068328857422,,
35650,1.947257161140442,0.05,-7.64384126663208,,
35700,1.181237816810608,0.05,-8.421048164367676,,
35750,1.0045589208602905,0.05,-6.038164138793945,,
35800,3.467416763305664,0.05,-7.904865264892578,,
35850,5.518789768218994,0.05,-10.753196716308594,,
35900,9.052702903747559,0.05,-9.52316665649414,,
35950,5.034857749938965,0.05,-9.708556175231934,,
36000,9.59965991973877,0.05,-7.989158630371094,,
36050,2.3975350856781006,0.05,-8.696675300598145,,
36100,3.348764181137085,0.05,-7.487130641937256,,
36150,5.358269214630127,0.05,-8.239575386047363,,
36200,5.6331939697265625,0.05,-7.022521495819092,,
36250,2.374002456665039,0.05,-9.130331993103027,,
36300,22.71661949157715,0.05,-8.848801612854004,,
36350,1.5259641408920288,0.05,-8.367919921875,,
36400,4.013891220092773,0.05,-10.092292785644531,,
36450,2.5093228816986084,0.05,-7.744940280914307,,
36500,12.391985893249512,0.05,-8.66952133178711,,
36550,4.366376876831055,0.05,-9.363142967224121,,
36600,4.760597229003906,0.05,-8.051935195922852,,
36650,2.0196897983551025,0.05,-10.161827087402344,,
36700,3.462455987930298,0.05,-12.332884788513184,,
36750,1.2820693254470825,0.05,-9.34370231628418,,
36800,4.172273635864258,0.05,-7.1970086097717285,,
36850,1.9631528854370117,0.05,-9.632600784301758,,
36900,5.079176902770996,0.05,-8.959952354431152,,
36950,2.4965028762817383,0.05,-9.421096801757812,,
37000,3.7349793910980225,0.05,-9.396519660949707,,
37050,6.627236843109131,0.05,-9.627030372619629,,
37100,2.5612497329711914,0.05,-7.797667980194092,,
37150,8.871285438537598,0.05,-8.118491172790527,,
37200,7.701364040374756,0.05,-9.841939926147461,,
37250,2.747966766357422,0.05,-8.622994422912598,,
37300,2.0589888095855713,0.05,-7.0501251220703125,,
37350,1.9939409494400024,0.05,-7.333669185638428,,
37400,2.826519727706909,0.05,-9.701912879943848,,
37450,3.1273059844970703,0.05,-9.682256698608398,,
37500,3.375753164291382,0.05,-9.033761978149414,,
37550,1.9886369705200195,0.05,-10.137043952941895,,
37600,2.2911376953125,0.05,-8.66305160522461,,
37650,17.364572525024414,0.05,-8.808746337890625,,
37700,2.998849868774414,0.05,-10.185877799987793,,
37750,13.841361999511719,0.05,-8.858716011047363,,
37800,1.63910710811615,0.05,-7.535064697265625,,
37850,1.7239103317260742,0.05,-7.6291327476501465,,
37900,4.179948329925537,0.05,-7.915241241455078,,
37950,5.295616149902344,0.05,-7.5542144775390625,,
38000,4.146559715270996,0.05,-8.6622953414917,,
38050,3.3402812480926514,0.05,-8.584185600280762,,
38100,3.3768653869628906,0.05,-8.66372299194336,,
38150,1.6306031942367554,0.05,-10.259337425231934,,
38200,1.306380271911621,0.05,-7.245199680328369,,
38250,2.298854351043701,0.05,-7.118827819824219,,
38300,7.754687786102295,0.05,-8.13878345489502,,
38350,5.1430583000183105,0.05,-7.717704772949219,,
38400,3.243492364883423,0.05,-7.395919322967529,,
38450,4.106309413909912,0.05,-7.315030574798584,,
38500,2.3285703659057617,0.05,-7.5702972412109375,,
38550,2.8128821849823,0.05,-8.821798324584961,,
38600,6.1870903968811035,0.05,-9.550073623657227,,
38650,4.651943206787109,0.05,-7.633953094482422,,
38700,1.9657131433486938,0.05,-8.89035701751709,,
38750,2.09981632232666,0.05,-8.655384063720703,,
38800,1.8287105560302734,0.05,-8.100505828857422,,
38850,5.038140773773193,0.05,-7.655570983886719,,
38900,1.8031553030014038,0.05,-7.094854831695557,,
38950,3.0801050662994385,0.05,-8.001757621765137,,
39000,7.015074253082275,0.05,-8.151799201965332,,
39050,2.9332683086395264,0.05,-8.746048927307129,,
39100,1.9167643785476685,0.05,-7.933601379394531,,
39150,1.5584321022033691,0.05,-10.338299751281738,,
39200,3.2772092819213867,0.05,-6.937592029571533,,
39250,8.208780288696289,0.05,-10.56872272491455,,
39300,2.68017578125,0.05,-8.474926948547363,,
39350,1.4507266283035278,0.05,-5.933800220489502,,
39400,0.9755647778511047,0.05,-9.096484184265137,,
39450,3.3785016536712646,0.05,-7.633084774017334,,
39500,4.314901828765869,0.05,-10.844372749328613,,
39550,3.201507568359375,0.05,-8.374375343322754,,
39600,1.5389422178268433,0.05,-8.032424926757812,,
39650,2.1496684551239014,0.05,-6.135047912597656,,
39700,3.604792594909668,0.05,-6.946765899658203,,
39750,2.875162124633789,0.05,-8.966277122497559,,
39800,2.0022027492523193,0.05,-9.202620506286621,,
39850,3.812734603881836,0.05,-8.537508010864258,,
39900,20.144811630249023,0.05,-9.195755958557129,,
39950,2.1205122470855713,0.05,-8.95737361907959,,
40000,2.7525670528411865,0.05,-7.182966232299805,,
40050,5.917802333831787,0.05,-7.405673503875732,,
40100,2.7075741291046143,0.05,-8.365784645080566,,
40150,2.947070360183716,0.05,-7.706860065460205,,
40200,3.168217420578003,0.05,-9.47683048248291,,
40250,5.200379848480225,0.05,-9.036816596984863,,
40300,1.286359190940857,0.05,-7.2542500495910645,,
40350,3.296603202819824,0.05,-8.126063346862793,,
40400,0.9510006904602051,0.05,-7.262632846832275,,
40450,2.9699630737304688,0.05,-10.550699234008789,,
40500,2.0985593795776367,0.05,-7.478982448577881,,
40550,6.3447394371032715,0.05,-8.135394096374512,,
40600,1.411270022392273,0.05,-8.908169746398926,,
40650,12.488614082336426,0.05,-9.388193130493164,,
40700,1.2628695964813232,0.05,-7.674196720123291,,
40750,4.50915002822876,0.05,-10.09040355682373,,
40800,1.4151798486709595,0.05,-7.132554531097412,,
40850,2.5609335899353027,0.05,-8.60870361328125,,
40900,2.0628156661987305,0.05,-6.887052059173584,,
40950,4.227305889129639,0.05,-8.240769386291504,,
41000,1.3206638097763062,0.05,-8.543562889099121,,
41050,2.716895818710327,0.05,-7.10979700088501,,
41100,3.3231518268585205,0.05,-9.573269844055176,,
41150,2.0544474124908447,0.05,-8.844320297241211,,
41200,3.072220802307129,0.05,-9.049089431762695,,
41250,9.755444526672363,0.05,-8.393509864807129,,
41300,4.104122638702393,0.05,-7.346241474151611,,
41350,1.904492974281311,0.05,-8.48047924041748,,
41400,3.6476447582244873,0.05,-7.558509826660156,,
41450,0.8328478932380676,0.05,-6.845582962036133,,
41500,2.1605489253997803,0.05,-8.232650756835938,,
41550,4.0352582931518555,0.05,-7.51507568359375,,
41600,2.4933700561523438,0.05,-8.459797859191895,,
41650,2.526867628097534,0.05,-7.823230743408203,,
41700,3.4075052738189697,0.05,-8.529301643371582,,
41750,12.986091613769531,0.05,-8.973257064819336,,
41800,0.842860758304596,0.05,-9.077438354492188,,
41850,3.5634450912475586,0.05,-9.291826248168945,,
41900,1.4557889699935913,0.05,-8.893535614013672,,
41950,3.005080223083496,0.05,-9.132752418518066,,
42000,5.6558356285095215,0.05,-9.656283378601074,,
42050,6.235413074493408,0.05,-9.178571701049805,,
42100,1.6387805938720703,0.05,-8.288434028625488,,
42150,3.1419782638549805,0.05,-9.65847110748291,,
42200,2.9476191997528076,0.05,-8.6433687210083,,
42250,7.775907516479492,0.05,-9.384978294372559,,
42300,22.514375686645508,0.05,-9.782546043395996,,
42350,4.143792629241943,0.05,-8.48198413848877,,
42400,3.1055524349212646,0.05,-8.410978317260742,,
42450,4.886643409729004,0.05,-8.189797401428223,,
42500,1.149757981300354,0.05,-7.927522659301758,,
42550,4.518176555633545,0.05,-9.475035667419434,,
42600,2.896090269088745,0.05,-8.073737144470215,,
42650,1.626969814300537,0.05,-7.94804573059082,,
42700,1.795068621635437,0.05,-9.667253494262695,,
42750,1.3360214233398438,0.05,-8.277335166931152,,
42800,3.488398790359497,0.05,-8.732990264892578,,
42850,3.978156805038452,0.05,-9.354937553405762,,
42900,2.360835075378418,0.05,-9.842623710632324,,
42950,1.974126935005188,0.05,-11.33190631866455,,
43000,12.805716514587402,0.05,-9.60959529876709,,
43050,4.653624534606934,0.05,-9.750870704650879,,
43100,0.9401898384094238,0.05,-9.012825965881348,,
43150,5.0088725090026855,0.05,-7.963220596313477,,
43200,4.974331378936768,0.05,-9.671217918395996,,
43250,3.2840442657470703,0.05,-8.464781761169434,,
43300,3.9207780361175537,0.05,-9.41761302947998,,
43350,3.6464271545410156,0.05,-8.849761009216309,,
43400,3.0130069255828857,0.05,-8.612038612365723,,
43450,2.705918073654175,0.05,-9.742194175720215,,
43500,8.314200401306152,0.05,-8.982224464416504,,
43550,1.7109166383743286,0.05,-9.7485933303833,,
43600,3.9636688232421875,0.05,-10.789746284484863,,
43650,3.1908533573150635,0.05,-8.707683563232422,,
43700,2.185237169265747,0.05,-9.298968315124512,,
43750,1.2192870378494263,0.05,-8.62732219696045,,
43800,2.8788182735443115,0.05,-9.538369178771973,,
43850,3.5817582607269287,0.05,-7.999575138092041,,
43900,2.184185266494751,0.05,-9.407261848449707,,
43950,2.708195447921753,0.05,-11.063957214355469,,
44000,2.188159942626953,0.05,-9.973236083984375,,
44050,5.995492458343506,0.05,-10.20224666595459,,
44100,4.3057379722595215,0.05,-8.878674507141113,,
44150,6.381856441497803,0.05,-9.553410530090332,,
44200,5.54540491104126,0.05,-9.09349536895752,,
44250,1.927291989326477,0.05,-8.60802173614502,,
44300,3.395737886428833,0.05,-8.628108024597168,,
44350,2.775014638900757,0.05,-8.605610847473145,,
44400,9.238480567932129,0.05,-10.579426765441895,,
44450,11.574349403381348,0.05,-8.53927993774414,,
44500,2.8628756999969482,0.05,-9.594615936279297,,
44550,1.4826284646987915,0.05,-8.742805480957031,,
44600,2.052284002304077,0.05,-10.579480171203613,,
44650,3.3642947673797607,0.05,-8.661942481994629,,
44700,4.181257724761963,0.05,-8.976202964782715,,
44750,3.8229448795318604,0.05,-8.718320846557617,,
44800,2.185850143432617,0.05,-8.632109642028809,,
44850,6.442602634429932,0.05,-10.660895347595215,,
44900,16.509580612182617,0.05,-9.056904792785645,,
44950,17.435171127319336,0.05,-8.701875686645508,,
45000,3.4830586910247803,0.05,-8.45755672454834,,
45050,9.215619087219238,0.05,-9.416738510131836,,
45100,4.785634517669678,0.05,-10.370843887329102,,
45150,3.588930130004883,0.05,-10.007776260375977,,
45200,2.6519007682800293,0.05,-9.3591947555542,,
45250,3.1265671253204346,0.05,-8.682560920715332,,
45300,4.355062484741211,0.05,-10.6488618850708,,
45350,5.430202960968018,0.05,-9.742735862731934,,
45400,1.242024540901184,0.05,-8.616394996643066,,
45450,2.501941204071045,0.05,-11.495783805847168,,
45500,3.6073644161224365,0.05,-9.582001686096191,,
45550,7.92217493057251,0.05,-9.652506828308105,,
45600,5.781029224395752,0.05,-9.588849067687988,,
45650,1.8102984428405762,0.05,-10.451008796691895,,
45700,1.2339454889297485,0.05,-9.612914085388184,,
45750,5.9901299476623535,0.05,-12.116291046142578,,
45800,2.653858184814453,0.05,-11.47066879272461,,
45850,2.6507251262664795,0.05,-9.87529182434082,,
45900,1.8237524032592773,0.05,-8.581900596618652,,
45950,2.034731149673462,0.05,-9.571076393127441,,
46000,1.5232013463974,0.05,-11.187737464904785,,
46050,10.094269752502441,0.05,-10.243882179260254,,
46100,3.812429666519165,0.05,-8.603915214538574,,
46150,4.46588659286499,0.05,-9.80626106262207,,
46200,6.062905788421631,0.05,-8.498723030090332,,
46250,2.4376494884490967,0.05,-10.251021385192871,,
46300,6.215847015380859,0.05,-8.645484924316406,,
46350,11.500740051269531,0.05,-11.668124198913574,,
46400,5.5190582275390625,0.05,-9.400504112243652,,
46450,6.255086898803711,0.05,-10.399759292602539,,
46500,12.625377655029297,0.05,-11.683563232421875,,
46550,3.5684521198272705,0.05,-8.445941925048828,,
46600,6.619852066040039,0.05,-9.725541114807129,,
46650,0.9548594951629639,0.05,-10.223994255065918,,
46700,2.7195847034454346,0.05,-10.218441009521484,,
46750,17.54796600341797,0.05,-10.96968936920166,,
46800,1.5938501358032227,0.05,-10.459450721740723,,
46850,5.028069019317627,0.05,-9.89908504486084,,
46900,1.6578865051269531,0.05,-9.80569076538086,,
46950,6.8855814933776855,0.05,-8.586106300354004,,
47000,3.3053271770477295,0.05,-12.145939826965332,,
47050,6.3650665283203125,0.05,-8.484501838684082,,
47100,2.2586565017700195,0.05,-11.509841918945312,,
47150,3.427504539489746,0.05,-11.183494567871094,,
47200,10.952624320983887,0.05,-9.267524719238281,,
47250,1.3116925954818726,0.05,-9.377617835998535,,
47300,18.19353485107422,0.05,-10.479960441589355,,
47350,1.8041900396347046,0.05,-7.608024597167969,,
47400,3.012272596359253,0.05,-11.822245597839355,,
47450,2.2509067058563232,0.05,-9.516777992248535,,
47500,7.4638447761535645,0.05,-11.093029022216797,,
47550,4.5309157371521,0.05,-9.798637390136719,,
47600,1.7156544923782349,0.05,-7.7325263023376465,,
47650,7.223888874053955,0.05,-10.060844421386719,,
47700,3.1559906005859375,0.05,-11.009300231933594,,
47750,4.802783489227295,0.05,-8.890950202941895,,
47800,4.122747898101807,0.05,-9.447924613952637,,
47850,16.354488372802734,0.05,-11.412678718566895,,
47900,8.331445693969727,0.05,-10.896586418151855,,
47950,5.007644176483154,0.05,-10.10655689239502,,
48000,4.063384532928467,0.05,-9.370009422302246,,
48050,5.223601818084717,0.05,-10.69942855834961,,
48100,1.8341740369796753,0.05,-9.254457473754883,,
48150,8.443824768066406,0.05,-12.596529960632324,,
48200,3.465651750564575,0.05,-11.062743186950684,,
48250,2.2040350437164307,0.05,-8.838062286376953,,
48300,5.785575866699219,0.05,-10.621247291564941,,
48350,4.324265956878662,0.05,-9.459755897521973,,
48400,4.225157260894775,0.05,-9.647128105163574,,
48450,5.560986042022705,0.05,-10.676785469055176,,
48500,12.399079322814941,0.05,-9.145020484924316,,
48550,14.765045166015625,0.05,-9.660079002380371,,
48600,7.0388054847717285,0.05,-10.11577320098877,,
48650,5.352534770965576,0.05,-8.978737831115723,,
48700,7.207112789154053,0.05,-11.08968448638916,,
48750,7.766237735748291,0.05,-10.35544490814209,,
48800,5.847841739654541,0.05,-9.640767097473145,,
48850,3.777104377746582,0.05,-10.475855827331543,,
48900,1.0663636922836304,0.05,-9.804981231689453,,
48950,6.573619842529297,0.05,-9.749974250793457,,
49000,2.741739273071289,0.05,-9.881625175476074,,
49050,1.859889030456543,0.05,-10.099472999572754,,
49100,10.563569068908691,0.05,-10.830826759338379,,
49150,10.313508033752441,0.05,-10.463387489318848,,
49200,3.0920464992523193,0.05,-10.241921424865723,,
49250,6.4436116218566895,0.05,-10.640191078186035,,
49300,2.2140095233917236,0.05,-8.99885082244873,,
49350,1.3438762426376343,0.05,-7.922508716583252,,
49400,2.7419369220733643,0.05,-10.154272079467773,,
49450,7.403937816619873,0.05,-10.566661834716797,,
49500,2.4360835552215576,0.05,-10.000751495361328,,
49550,8.167903900146484,0.05,-11.359330177307129,,
49600,3.0199739933013916,0.05,-10.992595672607422,,
49650,5.4831862449646,0.05,-9.969677925109863,,
49700,1.8313374519348145,0.05,-10.062582015991211,,
49750,5.1411452293396,0.05,-9.742507934570312,,
49800,16.25692367553711,0.05,-8.717947006225586,,
49850,12.756332397460938,0.05,-11.179211616516113,,
49900,3.4785633087158203,0.05,-11.686078071594238,,
49950,4.318783760070801,0.05,-11.564323425292969,,
50000,8.842026710510254,0.05,-9.495829582214355,-1.505107102818294,57.99999999999999
50050,3.7320995330810547,0.05,-11.1209716796875,,
50100,6.210491180419922,0.05,-10.163172721862793,,
50150,4.396397113800049,0.05,-8.85883617401123,,
50200,15.92238998413086,0.05,-9.580974578857422,,
50250,5.172837734222412,0.05,-11.25268268585205,,
50300,1.743510127067566,0.05,-8.783204078674316,,
50350,1.7057498693466187,0.05,-8.801934242248535,,
50400,6.926741123199463,0.05,-10.881179809570312,,
50450,19.087160110473633,0.05,-9.465940475463867,,
50500,6.043173313140869,0.05,-8.502638816833496,,
50550,7.21386194229126,0.05,-10.775897979736328,,
50600,9.633179664611816,0.05,-9.938720703125,,
50650,4.232034683227539,0.05,-9.911914825439453,,
50700,2.865452527999878,0.05,-8.392145156860352,,
50750,3.895146369934082,0.05,-9.844535827636719,,
50800,11.372492790222168,0.05,-11.099087715148926,,
50850,2.044837236404419,0.05,-8.35688304901123,,
50900,7.751226425170898,0.05,-10.092698097229004,,
50950,2.9309046268463135,0.05,-8.831852912902832,,
51000,0.8006003499031067,0.05,-10.794261932373047,,
51050,4.873628616333008,0.05,-9.568483352661133,,
51100,2.2663137912750244,0.05,-10.33871841430664,,
51150,1.3571977615356445,0.05,-8.971733093261719,,
51200,7.059638500213623,0.05,-9.422331809997559,,
51250,5.044423580169678,0.05,-10.553919792175293,,
51300,10.289445877075195,0.05,-10.791733741760254,,
51350,4.788260459899902,0.05,-8.619767189025879,,
51400,4.093607425689697,0.05,-8.543828010559082,,
51450,3.6244633197784424,0.05,-9.179244995117188,,
51500,3.407014846801758,0.05,-9.400885581970215,,
51550,3.309297561645508,0.05,-10.011775970458984,,
51600,2.410526990890503,0.05,-9.885499000549316,,
51650,9.218674659729004,0.05,-10.991490364074707,,
51700,1.925605297088623,0.05,-11.395245552062988,,
51750,3.5735175609588623,0.05,-10.762123107910156,,
51800,8.08643913269043,0.05,-9.04141902923584,,
51850,10.097357749938965,0.05,-10.094147682189941,,
51900,3.860614776611328,0.05,-8.937249183654785,,
51950,3.791034698486328,0.05,-9.410475730895996,,
52000,6.219135284423828,0.05,-8.091534614562988,,
52050,23.262710571289062,0.05,-9.807037353515625,,
52100,13.758366584777832,0.05,-9.476943016052246,,
52150,10.300931930541992,0.05,-9.671558380126953,,
52200,2.555480718612671,0.05,-9.690842628479004,,
52250,3.909195899963379,0.05,-10.016162872314453,,
52300,2.248337507247925,0.05,-9.599844932556152,,
52350,10.900749206542969,0.05,-9.434403419494629,,
52400,4.7322001457214355,0.05,-9.12934398651123,,
52450,6.8979644775390625,0.05,-10.305107116699219,,
52500,4.770225524902344,0.05,-9.189690589904785,,
52550,3.652761459350586,0.05,-10.440722465515137,,
52600,5.394750118255615,0.05,-9.648028373718262,,
52650,4.642154216766357,0.05,-7.533939361572266,,
52700,1.8770073652267456,0.05,-10.67916488647461,,
52750,0.9645282626152039,0.05,-8.150437355041504,,
52800,2.1897284984588623,0.05,-12.2437105178833,,
52850,6.637773036956787,0.05,-9.029784202575684,,
52900,5.467681407928467,0.05,-9.183176040649414,,
52950,12.637499809265137,0.05,-10.543572425842285,,
53000,4.5574164390563965,0.05,-10.168258666992188,,
53050,4.9713568687438965,0.05,-7.544740200042725,,
53100,9.219481468200684,0.05,-7.7592854499816895,,
53150,1.444888949394226,0.05,-7.798032283782959,,
53200,5.352697372436523,0.05,-7.686458587646484,,
53250,11.669743537902832,0.05,-8.668886184692383,,
53300,9.853961944580078,0.05,-8.31847095489502,,
53350,6.537773132324219,0.05,-10.14407730102539,,
53400,2.140618324279785,0.05,-7.434150695800781,,
53450,2.134976625442505,0.05,-6.855188369750977,,
53500,2.642737865447998,0.05,-8.525708198547363,,
53550,2.4012765884399414,0.05,-7.8739776611328125,,
53600,12.155911445617676,0.05,-7.5720038414001465,,
53650,1.1531586647033691,0.05,-8.070087432861328,,
53700,1.5528560876846313,0.05,-8.3930082321167,,
53750,0.909022867679596,0.05,-8.403393745422363,,
53800,5.718424320220947,0.05,-9.992264747619629,,
53850,0.6734939217567444,0.05,-8.007523536682129,,
53900,8.760551452636719,0.05,-7.804330348968506,,
53950,1.4832829236984253,0.05,-7.65608549118042,,
54000,7.176541805267334,0.05,-7.266916275024414,,
54050,5.423989772796631,0.05,-7.907417297363281,,
54100,11.122268676757812,0.05,-8.321242332458496,,
54150,4.308258533477783,0.05,-8.815613746643066,,
54200,3.95456862449646,0.05,-6.281160831451416,,
54250,3.87786865234375,0.05,-8.259810447692871,,
54300,5.181100845336914,0.05,-7.839211940765381,,
54350,4.709928512573242,0.05,-9.729575157165527,,
54400,5.919109344482422,0.05,-6.564230442047119,,
54450,4.742593288421631,0.05,-9.504010200500488,,
54500,1.1193927526474,0.05,-8.411629676818848,,
54550,2.5781190395355225,0.05,-7.827022075653076,,
54600,0.6985337734222412,0.05,-8.377824783325195,,
54650,1.6926064491271973,0.05,-7.346690654754639,,
54700,8.311917304992676,0.05,-9.051440238952637,,
54750,2.3392670154571533,0.05,-7.242815017700195,,
54800,1.614072322845459,0.05,-6.973728656768799,,
54850,1.8739579916000366,0.05,-7.512521743774414,,
54900,5.6380157470703125,0.05,-7.960918426513672,,
54950,1.735535979270935,0.05,-6.822556018829346,,
55000,8.855685234069824,0.05,-9.612792015075684,,
55050,2.2046468257904053,0.05,-8.95938777923584,,
55100,4.205506801605225,0.05,-7.400304317474365,,
55150,2.331270694732666,0.05,-9.122679710388184,,
55200,1.6927638053894043,0.05,-8.265650749206543,,
55250,3.9917080402374268,0.05,-7.2916741371154785,,
55300,6.488523960113525,0.05,-8.733016967773438,,
55350,3.5242011547088623,0.05,-8.742775917053223,,
55400,4.194786071777344,0.05,-8.663435935974121,,
55450,8.856833457946777,0.05,-7.853181838989258,,
55500,10.107373237609863,0.05,-8.52684497833252,,
55550,2.79030704498291,0.05,-7.252521991729736,,
55600,3.0611534118652344,0.05,-8.999918937683105,,
55650,3.019274950027466,0.05,-6.176548004150391,,
55700,6.815019607543945,0.05,-8.598870277404785,,
55750,5.322300910949707,0.05,-7.289909839630127,,
55800,7.535473346710205,0.05,-7.675691604614258,,
55850,1.7809804677963257,0.05,-6.735492706298828,,
55900,6.603235721588135,0.05,-8.081116676330566,,
55950,1.5779237747192383,0.05,-6.666440486907959,,
56000,2.569380044937134,0.05,-7.115718841552734,,
56050,1.2099021673202515,0.05,-7.434293270111084,,
56100,4.214402675628662,0.05,-7.4047465324401855,,
56150,5.513473987579346,0.05,-7.75691556930542,,
56200,4.58754301071167,0.05,-6.725898742675781,,
56250,5.65302848815918,0.05,-8.879368782043457,,
56300,5.5157694816589355,0.05,-8.40709400177002,,
56350,6.1715989112854,0.05,-9.847783088684082,,
56400,6.231234073638916,0.05,-5.788584232330322,,
56450,6.230056285858154,0.05,-6.6641058921813965,,
56500,1.5366989374160767,0.05,-8.397440910339355,,
56550,4.248598575592041,0.05,-7.126271724700928,,
56600,6.575944423675537,0.05,-8.120137214660645,,
56650,1.2185882329940796,0.05,-7.241487979888916,,
56700,10.532635688781738,0.05,-7.400796413421631,,
56750,4.625817775726318,0.05,-8.512667655944824,,
56800,3.029792547225952,0.05,-8.188043594360352,,
56850,6.72022819519043,0.05,-7.601573944091797,,
56900,2.2867186069488525,0.05,-7.444736003875732,,
56950,0.9924495816230774,0.05,-6.7566704750061035,,
57000,3.3552894592285156,0.05,-7.768980026245117,,
57050,2.387934923171997,0.05,-8.550711631774902,,
57100,1.9940294027328491,0.05,-7.414825439453125,,
57150,6.5820631980896,0.05,-7.724733829498291,,
57200,4.149909496307373,0.05,-7.0920090675354,,
57250,3.9685516357421875,0.05,-7.5578532218933105,,
57300,7.040576457977295,0.05,-7.395362854003906,,
57350,1.5832551717758179,0.05,-8.241639137268066,,
57400,6.375280857086182,0.05,-6.816217422485352,,
57450,1.2235394716262817,0.05,-6.348731994628906,,
57500,1.5622401237487793,0.05,-6.599379062652588,,
57550,6.901843547821045,0.05,-6.983517169952393,,
57600,6.2433624267578125,0.05,-7.0472259521484375,,
57650,3.5251901149749756,0.05,-6.711716175079346,,
57700,2.2338616847991943,0.05,-8.178372383117676,,
57750,3.4486687183380127,0.05,-7.659264087677002,,
57800,11.09060001373291,0.05,-6.7365946769714355,,
57850,8.697120666503906,0.05,-6.673280239105225,,
57900,7.776214122772217,0.05,-8.122591972351074,,
57950,1.698704719543457,0.05,-6.044595241546631,,
58000,2.582552433013916,0.05,-7.519957065582275,,
58050,5.280201435089111,0.05,-7.246979236602783,,
58100,7.828853130340576,0.05,-7.997539043426514,,
58150,2.0980899333953857,0.05,-7.849138259887695,,
58200,9.529496192932129,0.05,-6.488311767578125,,
58250,2.1350817680358887,0.05,-7.3419928550720215,,
58300,0.9306439757347107,0.05,-6.141805171966553,,
58350,4.6247639656066895,0.05,-5.982545852661133,,
58400,3.4443092346191406,0.05,-6.119520664215088,,
58450,2.3047797679901123,0.05,-6.140942096710205,,
58500,3.864243745803833,0.05,-7.16882848739624,,
58550,4.614930629730225,0.05,-7.103967189788818,,
58600,4.9762396812438965,0.05,-6.740861415863037,,
58650,7.180730819702148,0.05,-6.647840976715088,,
58700,4.593484878540039,0.05,-6.986103534698486,,
58750,7.825920104980469,0.05,-5.853614330291748,,
58800,5.582299709320068,0.05,-7.624823093414307,,
58850,1.4683011770248413,0.05,-6.472762584686279,,
58900,3.6547181606292725,0.05,-7.854019641876221,,
58950,3.569023847579956,0.05,-6.2984795570373535,,
59000,2.223743200302124,0.05,-7.39088773727417,,
59050,14.725300788879395,0.05,-6.469357967376709,,
59100,1.358785629272461,0.05,-7.068504810333252,,
59150,6.78857946395874,0.05,-6.60059118270874,,
59200,4.384326457977295,0.05,-7.0860724449157715,,
59250,8.0879545211792,0.05,-6.0937323570251465,,
59300,2.5849897861480713,0.05,-6.871863842010498,,
59350,0.7242013812065125,0.05,-5.828772068023682,,
59400,8.105534553527832,0.05,-7.046506404876709,,
59450,5.69886589050293,0.05,-6.445137023925781,,
59500,5.172180652618408,0.05,-5.734066486358643,,
59550,3.147364616394043,0.05,-7.561981678009033,,
59600,4.348809719085693,0.05,-6.852066516876221,,
59650,3.8130362033843994,0.05,-6.355801105499268,,
59700,5.070003986358643,0.05,-5.692495822906494,,
59750,6.243776321411133,0.05,-6.237228870391846,,
59800,1.4951659440994263,0.05,-7.604438304901123,,
59850,0.9933542609214783,0.05,-6.3912482261657715,,
59900,3.846930503845215,0.05,-7.647766590118408,,
59950,3.858515501022339,0.05,-6.602454662322998,,
60000,2.5016915798187256,0.05,-7.7436842918396,,
60050,4.788990020751953,0.05,-6.988269329071045,,
60100,1.6665610074996948,0.05,-7.848145008087158,,
60150,11.202804565429688,0.05,-7.454992294311523,,
60200,2.4159302711486816,0.05,-6.853796005249023,,
60250,6.234561920166016,0.05,-7.2362060546875,,
60300,1.3608522415161133,0.05,-9.357016563415527,,
60350,4.965746879577637,0.05,-7.914523601531982,,
60400,5.95623779296875,0.05,-7.846251964569092,,
60450,6.643212795257568,0.05,-7.86591100692749,,
60500,3.701765298843384,0.05,-6.847988128662109,,
60550,2.2965898513793945,0.05,-7.260176181793213,,
60600,7.838888168334961,0.05,-6.353267669677734,,
60650,1.7798792123794556,0.05,-7.45016622543335,,
60700,5.131187915802002,0.05,-6.17133092880249,,
60750,3.6411869525909424,0.05,-6.397409439086914,,
60800,1.9755420684814453,0.05,-5.148253917694092,,
60850,4.858423709869385,0.05,-6.916261196136475,,
60900,4.401858329772949,0.05,-6.710700511932373,,
60950,5.5718841552734375,0.05,-8.328873634338379,,
61000,2.371077299118042,0.05,-7.467998504638672,,
61050,4.035495281219482,0.05,-7.530544281005859,,
61100,10.709091186523438,0.05,-6.23460578918457,,
61150,2.43796443939209,0.05,-6.176140308380127,,
61200,11.509284973144531,0.05,-7.1834025382995605,,
61250,7.409664154052734,0.05,-7.714809894561768,,
61300,3.0166661739349365,0.05,-6.974603176116943,,
61350,2.030163526535034,0.05,-6.370852947235107,,
61400,5.8097310066223145,0.05,-7.207752704620361,,
61450,2.409371852874756,0.05,-5.956383228302002,,
61500,2.0328352451324463,0.05,-6.140871524810791,,
61550,2.5148322582244873,0.05,-6.012455463409424,,
61600,10.001876831054688,0.05,-6.664304733276367,,
61650,5.1074137687683105,0.05,-8.900214195251465,,
61700,5.199594020843506,0.05,-6.808884143829346,,
61750,2.2949562072753906,0.05,-7.953872203826904,,
61800,0.7935699820518494,0.05,-6.472650051116943,,
61850,11.299713134765625,0.05,-6.270282745361328,,
61900,9.579915046691895,0.05,-7.711847305297852,,
61950,10.804911613464355,0.05,-8.058572769165039,,
62000,0.7712313532829285,0.05,-5.946627140045166,,
62050,2.279175043106079,0.05,-7.055826187133789,,
62100,2.917111396789551,0.05,-7.280343532562256,,
62150,3.8500607013702393,0.05,-6.236711025238037,,
62200,8.5861234664917,0.05,-6.184864044189453,,
62250,2.8332631587982178,0.05,-7.179544448852539,,
62300,2.265096664428711,0.05,-6.039806365966797,,
62350,3.0920236110687256,0.05,-6.643289089202881,,
62400,2.0328564643859863,0.05,-7.46774435043335,,
62450,5.726215839385986,0.05,-6.578503131866455,,
62500,3.9338035583496094,0.05,-6.6556267738342285,,
62550,2.867722511291504,0.05,-7.8256402015686035,,
62600,7.1040568351745605,0.05,-6.346484661102295,,
62650,4.435059070587158,0.05,-6.750377655029297,,
62700,3.561427116394043,0.05,-8.437362670898438,,
62750,3.091491937637329,0.05,-5.459574222564697,,
62800,1.5584243535995483,0.05,-5.385183811187744,,
62850,0.8558753132820129,0.05,-5.056965351104736,,
62900,1.5769566297531128,0.05,-6.201667785644531,,
62950,8.657729148864746,0.05,-7.1748433113098145,,
63000,3.547738790512085,0.05,-7.166390895843506,,
63050,2.9738426208496094,0.05,-6.733479022979736,,
63100,8.095783233642578,0.05,-5.242863178253174,,
63150,2.508777379989624,0.05,-5.763662815093994,,
63200,2.0128746032714844,0.05,-7.07802152633667,,
63250,1.4405509233474731,0.05,-5.928810119628906,,
63300,5.756022930145264,0.05,-6.49752950668335,,
63350,10.628039360046387,0.05,-5.932306289672852,,
63400,1.8238862752914429,0.05,-6.116113662719727,,
63450,0.9468552470207214,0.05,-7.041532039642334,,
63500,6.747557163238525,0.05,-6.008998870849609,,
63550,14.835261344909668,0.05,-7.660538196563721,,
63600,3.7855539321899414,0.05,-6.64001989364624,,
63650,13.183371543884277,0.05,-7.033689498901367,,
63700,2.0296971797943115,0.05,-6.892229080200195,,
63750,1.1769837141036987,0.05,-8.417595863342285,,
63800,6.202000141143799,0.05,-6.552696704864502,,
63850,12.206595420837402,0.05,-6.60465669631958,,
63900,8.50980281829834,0.05,-7.391324520111084,,
63950,11.578144073486328,0.05,-8.276520729064941,,
64000,7.108598709106445,0.05,-7.9019012451171875,,
64050,3.2927474975585938,0.05,-7.3498148918151855,,
64100,6.259446620941162,0.05,-7.1690993309021,,
64150,7.993898391723633,0.05,-7.8307366371154785,,
64200,3.9328243732452393,0.05,-6.882230281829834,,
64250,3.215813636779785,0.05,-6.366495132446289,,
64300,7.8807692527771,0.05,-6.148378372192383,,
64350,6.507177829742432,0.05,-7.593355655670166,,
64400,2.283249616622925,0.05,-5.483395099639893,,
64450,0.8794661164283752,0.05,-6.910851955413818,,
64500,1.354277491569519,0.05,-6.439629077911377,,
64550,1.961419701576233,0.05,-6.746893405914307,,
64600,10.82751178741455,0.05,-8.488330841064453,,
64650,4.158222675323486,0.05,-6.196567535400391,,
64700,2.6039416790008545,0.05,-7.770325183868408,,
64750,1.6522750854492188,0.05,-6.579155445098877,,
64800,1.8477367162704468,0.05,-6.116153240203857,,
64850,2.649970054626465,0.05,-7.330598831176758,,
64900,0.6630753874778748,0.05,-6.913403034210205,,
64950,1.9147158861160278,0.05,-8.462565422058105,,
65000,8.8905029296875,0.05,-6.802896976470947,,
65050,1.6649703979492188,0.05,-6.1258673667907715,,
65100,8.141692161560059,0.05,-6.443796634674072,,
65150,2.356863260269165,0.05,-6.839296340942383,,
65200,6.377650737762451,0.05,-6.20538330078125,,
65250,1.9897092580795288,0.05,-6.2618842124938965,,
65300,12.931368827819824,0.05,-7.1871256828308105,,
65350,4.602497100830078,0.05,-6.778052806854248,,
65400,3.9023008346557617,0.05,-6.427303314208984,,
65450,1.9610601663589478,0.05,-6.707901477813721,,
65500,4.584715366363525,0.05,-6.984562397003174,,
65550,5.471694469451904,0.05,-7.584004878997803,,
65600,3.5841829776763916,0.05,-6.422247409820557,,
65650,4.656784534454346,0.05,-6.791672229766846,,
65700,4.137722492218018,0.05,-6.413246154785156,,
65750,0.4363079369068146,0.05,-6.933475494384766,,
65800,1.1518691778182983,0.05,-7.786940097808838,,
65850,4.2887067794799805,0.05,-6.792362213134766,,
65900,1.1398663520812988,0.05,-5.813226222991943,,
65950,3.5604441165924072,0.05,-7.198785781860352,,
66000,10.684063911437988,0.05,-7.665729999542236,,
66050,2.126523971557617,0.05,-5.857828140258789,,
66100,4.592287063598633,0.05,-7.500895977020264,,
66150,4.3068013191223145,0.05,-7.050441741943359,,
66200,2.1896371841430664,0.05,-6.67583703994751,,
66250,7.564632415771484,0.05,-5.841795444488525,,
66300,7.781007289886475,0.05,-8.433915138244629,,
66350,5.846584320068359,0.05,-7.7997565269470215,,
66400,0.8697572350502014,0.05,-7.091075420379639,,
66450,3.617246627807617,0.05,-7.367751598358154,,
66500,6.94588041305542,0.05,-8.59799861907959,,
66550,4.0427327156066895,0.05,-7.542011260986328,,
66600,3.817898988723755,0.05,-9.009625434875488,,
66650,1.6765332221984863,0.05,-6.988735675811768,,
66700,2.393724203109741,0.05,-6.636538982391357,,
66750,5.6183857917785645,0.05,-7.359180927276611,,
66800,6.460668563842773,0.05,-6.518379211425781,,
66850,11.55833911895752,0.05,-8.056880950927734,,
66900,2.707747459411621,0.05,-6.590516567230225,,
66950,3.4337871074676514,0.05,-6.777341365814209,,
67000,5.3503570556640625,0.05,-6.613422393798828,,
67050,1.1073999404907227,0.05,-6.904991626739502,,
67100,3.273721694946289,0.05,-6.973867893218994,,
67150,4.423995494842529,0.05,-5.364620685577393,,
67200,10.806014060974121,0.05,-7.556402683258057,,
67250,4.03913688659668,0.05,-7.650533199310303,,
67300,6.070695877075195,0.05,-6.673130512237549,,
67350,3.6568565368652344,0.05,-7.367315292358398,,
67400,1.2536063194274902,0.05,-7.12394905090332,,
67450,17.625001907348633,0.05,-8.605483055114746,,
67500,1.2066922187805176,0.05,-5.569890975952148,,
67550,9.736297607421875,0.05,-7.998757839202881,,
67600,12.30968952178955,0.05,-7.600208282470703,,
67650,14.085552215576172,0.05,-7.966867446899414,,
67700,8.062752723693848,0.05,-7.371921062469482,,
67750,6.9072089195251465,0.05,-8.181395530700684,,
67800,8.489359855651855,0.05,-8.484237670898438,,
67850,3.6763689517974854,0.05,-6.806766986846924,,
67900,4.4501800537109375,0.05,-7.950450897216797,,
67950,1.6999106407165527,0.05,-6.420970439910889,,
68000,6.05785608291626,0.05,-7.992008209228516,,
68050,5.262271404266357,0.05,-6.554998397827148,,
68100,6.205387592315674,0.05,-7.493441104888916,,
68150,7.32732629776001,0.05,-6.310684680938721,,
68200,10.520777702331543,0.05,-6.651713848114014,,
68250,4.645684719085693,0.05,-6.946657180786133,,
68300,7.596975803375244,0.05,-8.166468620300293,,
68350,6.99978494644165,0.05,-7.158849239349365,,
68400,2.9911346435546875,0.05,-6.8989434242248535,,
68450,2.659289598464966,0.05,-6.26422643661499,,
68500,5.022541522979736,0.05,-7.976491451263428,,
68550,11.328156471252441,0.05,-7.198038578033447,,
68600,5.5057053565979,0.05,-6.847569942474365,,
68650,9.150778770446777,0.05,-7.661920070648193,,
68700,3.5837490558624268,0.05,-5.637322902679443,,
68750,13.217647552490234,0.05,-7.639169692993164,,
68800,15.55819320678711,0.05,-7.028713703155518,,
68850,4.898192882537842,0.05,-6.383080959320068,,
68900,0.6729769706726074,0.05,-6.181516647338867,,
68950,8.758734703063965,0.05,-6.553732395172119,,
69000,3.899947166442871,0.05,-6.465429306030273,,
69050,7.622123718261719,0.05,-6.94015645980835,,
69100,1.2643965482711792,0.05,-4.610263824462891,,
69150,13.509151458740234,0.05,-9.246661186218262,,
69200,1.7015231847763062,0.05,-6.830531597137451,,
69250,13.214733123779297,0.05,-7.235140323638916,,
69300,2.9436733722686768,0.05,-7.0658650398254395,,
69350,2.1331887245178223,0.05,-7.381661891937256,,
69400,3.9023854732513428,0.05,-6.384830474853516,,
69450,3.2396411895751953,0.05,-6.6757941246032715,,
69500,3.9566409587860107,0.05,-7.177377700805664,,
69550,8.769479751586914,0.05,-5.68614387512207,,
69600,4.57681941986084,0.05,-6.149136066436768,,
69650,2.522292375564575,0.05,-7.5945281982421875,,
69700,1.4521660804748535,0.05,-7.022817134857178,,
69750,4.700804233551025,0.05,-6.512189865112305,,
69800,3.681729316711426,0.05,-7.337086200714111,,
69850,7.754470348358154,0.05,-7.84941291809082,,
69900,8.681949615478516,0.05,-7.676862716674805,,
69950,2.152475595474243,0.05,-7.687488079071045,,
70000,5.112558841705322,0.05,-6.846033096313477,,
70050,0.4305543899536133,0.05,-6.1808390617370605,,
70100,3.760727643966675,0.05,-7.938012599945068,,
70150,1.7924562692642212,0.05,-6.122986316680908,,
70200,0.8846659660339355,0.05,-7.106733798980713,,
70250,7.77581262588501,0.05,-6.904708385467529,,
70300,4.169240951538086,0.05,-7.288635730743408,,
70350,1.4934946298599243,0.05,-5.665018081665039,,
70400,3.8839664459228516,0.05,-7.202371597290039,,
70450,5.477753162384033,0.05,-7.0206217765808105,,
70500,3.1378469467163086,0.05,-6.506619930267334,,
70550,7.680212020874023,0.05,-8.251046180725098,,
70600,1.4450230598449707,0.05,-6.529142379760742,,
70650,3.6715686321258545,0.05,-7.321526050567627,,
70700,5.207563877105713,0.05,-7.741335391998291,,
70750,5.253497123718262,0.05,-6.426609516143799,,
70800,0.9623833298683167,0.05,-6.964492321014404,,
70850,0.6805854439735413,0.05,-6.3812103271484375,,
70900,0.8953744769096375,0.05,-5.98411226272583,,
70950,3.110518455505371,0.05,-7.423920154571533,,
71000,2.44179105758667,0.05,-7.161060810089111,,
71050,2.658102035522461,0.05,-6.965339183807373,,
71100,2.221226930618286,0.05,-6.963745594024658,,
71150,0.7489973902702332,0.05,-5.396411418914795,,
71200,4.42617654800415,0.05,-6.133945941925049,,
71250,3.999591112136841,0.05,-6.716829299926758,,
71300,9.362378120422363,0.05,-7.720922470092773,,
71350,0.9181336760520935,0.05,-7.129175662994385,,
71400,7.482612609863281,0.05,-6.794297695159912,,
71450,2.180095672607422,0.05,-5.2237372398376465,,
71500,3.098597764968872,0.05,-6.211827754974365,,
71550,1.5482388734817505,0.05,-5.923990249633789,,
71600,5.881679058074951,0.05,-7.138372421264648,,
71650,1.7193655967712402,0.05,-6.637503147125244,,
71700,0.3772102892398834,0.05,-5.690063953399658,,
71750,3.9016268253326416,0.05,-7.633472442626953,,
71800,6.997979640960693,0.05,-6.613168239593506,,
71850,2.995642900466919,0.05,-6.851644992828369,,
71900,4.950558662414551,0.05,-5.68357515335083,,
71950,5.816293716430664,0.05,-6.538411617279053,,
72000,3.1436336040496826,0.05,-6.574378490447998,,
72050,4.189903736114502,0.05,-7.6475510597229,,
72100,1.459694266319275,0.05,-6.057511806488037,,
72150,0.8597285151481628,0.05,-6.876624584197998,,
72200,4.22029447555542,0.05,-5.1482930183410645,,
72250,1.006614089012146,0.05,-6.566679000854492,,
72300,3.564643621444702,0.05,-5.218476295471191,,
72350,1.4606534242630005,0.05,-7.276296138763428,,
72400,2.560547113418579,0.05,-6.346177577972412,,
72450,1.8879724740982056,0.05,-6.601902484893799,,
72500,3.9981460571289062,0.05,-5.401482105255127,,
72550,4.140883922576904,0.05,-8.110658645629883,,
72600,1.7476078271865845,0.05,-5.574615955352783,,
72650,6.97733736038208,0.05,-7.627569198608398,,
72700,2.597545862197876,0.05,-6.936140537261963,,
72750,3.502004861831665,0.05,-7.562488555908203,,
72800,3.133106231689453,0.05,-7.4928107261657715,,
72850,7.782668590545654,0.05,-7.6440815925598145,,
72900,2.434041738510132,0.05,-5.748939514160156,,
72950,1.5513242483139038,0.05,-5.544371128082275,,
73000,3.1565542221069336,0.05,-6.5623040199279785,,
73050,1.9475351572036743,0.05,-5.646088123321533,,
73100,1.305736780166626,0.05,-6.3936591148376465,,
73150,1.1007970571517944,0.05,-5.917995452880859,,
73200,2.012265920639038,0.05,-5.620720386505127,,
73250,8.191699028015137,0.05,-5.865602016448975,,
73300,4.214956760406494,0.05,-7.528384685516357,,
73350,4.435390472412109,0.05,-6.948018550872803,,
73400,2.817124128341675,0.05,-7.99835729598999,,
73450,8.23328971862793,0.05,-6.871484279632568,,
73500,2.826176404953003,0.05,-7.518852233886719,,
73550,3.910024642944336,0.05,-7.021456241607666,,
73600,1.1241765022277832,0.05,-6.668144702911377,,
73650,3.5858421325683594,0.05,-6.784078121185303,,
73700,0.6165473461151123,0.05,-5.659040927886963,,
73750,0.6442564129829407,0.05,-5.557952880859375,,
73800,5.991703033447266,0.05,-7.210167407989502,,
73850,1.1655540466308594,0.05,-6.614372730255127,,
73900,1.4101823568344116,0.05,-7.475503921508789,,
73950,2.1180598735809326,0.05,-7.153818130493164,,
74000,0.8954831957817078,0.05,-6.519189834594727,,
74050,4.667636394500732,0.05,-6.525706768035889,,
74100,3.637432098388672,0.05,-5.2550950050354,,
74150,1.669915795326233,0.05,-5.758892059326172,,
74200,2.101555824279785,0.05,-6.528904438018799,,
74250,5.167052745819092,0.05,-7.479043483734131,,
74300,2.7844741344451904,0.05,-7.444161891937256,,
74350,8.625061988830566,0.05,-6.114858150482178,,
74400,6.270845413208008,0.05,-6.220393657684326,,
74450,2.1314311027526855,0.05,-6.429769992828369,,
74500,5.031078815460205,0.05,-6.027095794677734,,
74550,1.2565062046051025,0.05,-5.267266750335693,,
74600,3.336393356323242,0.05,-6.750087738037109,,
74650,1.562666893005371,0.05,-6.527280330657959,,
74700,6.217451095581055,0.05,-7.235070705413818,,
74750,1.77925443649292,0.05,-7.2025146484375,,
74800,4.508829593658447,0.05,-7.856029510498047,,
74850,1.2342644929885864,0.05,-6.80418062210083,,
74900,1.3315026760101318,0.05,-6.79417085647583,,
74950,11.003418922424316,0.05,-6.5515055656433105,,
75000,4.402998447418213,0.05,-6.302834987640381,-0.976607778987817,50.93333333333333
75050,3.1103878021240234,0.05,-6.871908664703369,,
75100,2.4772231578826904,0.05,-6.8481221199035645,,
75150,3.371992826461792,0.05,-6.248714923858643,,
75200,0.6616783738136292,0.05,-5.813392639160156,,
75250,7.880737781524658,0.05,-6.455402851104736,,
75300,1.9025983810424805,0.05,-6.290368556976318,,
75350,4.876412391662598,0.05,-6.679582595825195,,
75400,3.6681978702545166,0.05,-6.921722412109375,,
75450,0.5290533900260925,0.05,-6.162952899932861,,
75500,6.119626998901367,0.05,-7.643103122711182,,
75550,2.8331496715545654,0.05,-5.7373504638671875,,
75600,3.5808346271514893,0.05,-6.273170471191406,,
75650,1.4811968803405762,0.05,-5.443215847015381,,
75700,0.5101159811019897,0.05,-6.678225040435791,,
75750,6.221550464630127,0.05,-7.152654647827148,,
75800,3.955540418624878,0.05,-6.188777446746826,,
75850,6.616151809692383,0.05,-6.0007476806640625,,
75900,7.726797580718994,0.05,-5.178981781005859,,
75950,1.781140923500061,0.05,-5.7368998527526855,,
76000,5.000165939331055,0.05,-8.037893295288086,,
76050,9.664044380187988,0.05,-7.055871963500977,,
76100,3.9395666122436523,0.05,-7.368621826171875,,
76150,0.6779184341430664,0.05,-4.577097415924072,,
76200,3.4717485904693604,0.05,-5.590770721435547,,
76250,3.8572585582733154,0.05,-4.722296237945557,,
76300,3.5968732833862305,0.05,-7.849307537078857,,
76350,1.83621084690094,0.05,-5.6927008628845215,,
76400,4.15608024597168,0.05,-7.302831649780273,,
76450,4.3560261726379395,0.05,-4.626029968261719,,
76500,2.8268489837646484,0.05,-6.500219821929932,,
76550,2.6968753337860107,0.05,-6.4088826179504395,,
76600,4.656457901000977,0.05,-5.982919216156006,,
76650,8.045037269592285,0.05,-6.2416605949401855,,
76700,4.188483715057373,0.05,-6.136231899261475,,
76750,4.09821891784668,0.05,-6.794807434082031,,
76800,5.775537967681885,0.05,-5.601570129394531,,
76850,7.818408966064453,0.05,-7.007931232452393,,
76900,11.146587371826172,0.05,-7.475334644317627,,
76950,6.065328121185303,0.05,-7.009959697723389,,
77000,2.116037368774414,0.05,-5.919284343719482,,
77050,5.459396839141846,0.05,-6.580698490142822,,
77100,1.1524981260299683,0.05,-6.492191314697266,,
77150,6.333699703216553,0.05,-6.0452704429626465,,
77200,1.4430660009384155,0.05,-6.813404083251953,,
77250,0.5945806503295898,0.05,-5.986166000366211,,
77300,5.2689409255981445,0.05,-6.548043727874756,,
77350,1.1322585344314575,0.05,-5.5897297859191895,,
77400,3.516892194747925,0.05,-5.414107799530029,,
77450,1.2192856073379517,0.05,-6.276888370513916,,
77500,2.621966600418091,0.05,-5.978987216949463,,
77550,8.713486671447754,0.05,-6.090192794799805,,
77600,8.264263153076172,0.05,-7.02014684677124,,
77650,4.046914100646973,0.05,-6.6308746337890625,,
77700,8.94428825378418,0.05,-6.326999664306641,,
77750,0.39374586939811707,0.05,-5.727684497833252,,
77800,1.7858010530471802,0.05,-6.042203426361084,,
77850,1.780344009399414,0.05,-5.412721633911133,,
77900,6.005990982055664,0.05,-6.743715763092041,,
77950,1.631837248802185,0.05,-5.803312301635742,,
78000,7.573625087738037,0.05,-7.563259124755859,,
78050,5.437222003936768,0.05,-5.704721927642822,,
78100,2.1067612171173096,0.05,-6.760560989379883,,
78150,4.953227519989014,0.05,-5.345316410064697,,
78200,2.833022356033325,0.05,-5.474960803985596,,
78250,5.476142406463623,0.05,-6.184759140014648,,
78300,7.472304821014404,0.05,-5.697816371917725,,
78350,5.2101569175720215,0.05,-6.804042816162109,,
78400,1.402360439300537,0.05,-5.369584560394287,,
78450,1.1589897871017456,0.05,-5.346681594848633,,
78500,4.53096342086792,0.05,-5.056682586669922,,
78550,11.00240421295166,0.05,-8.515421867370605,,
78600,4.237756729125977,0.05,-7.385095119476318,,
78650,1.6839734315872192,0.05,-6.873982906341553,,
78700,8.462321281433105,0.05,-7.415946960449219,,
78750,3.17228102684021,0.05,-7.239059925079346,,
78800,3.449268341064453,0.05,-6.938934803009033,,
78850,2.79429030418396,0.05,-6.304729461669922,,
78900,10.734207153320312,0.05,-6.0889739990234375,,
78950,3.6235580444335938,0.05,-5.447668075561523,,
79000,2.100180149078369,0.05,-6.037919521331787,,
79050,1.4933300018310547,0.05,-5.677623748779297,,
79100,1.041110873222351,0.05,-6.617172718048096,,
79150,1.1246213912963867,0.05,-6.141378402709961,,
79200,11.717467308044434,0.05,-7.214685440063477,,
79250,2.04289174079895,0.05,-6.1947455406188965,,
79300,7.876817226409912,0.05,-6.228161334991455,,
79350,1.9803991317749023,0.05,-6.593599319458008,,
79400,10.610512733459473,0.05,-7.042163848876953,,
79450,0.7610738277435303,0.05,-6.4654974937438965,,
79500,0.6700303554534912,0.05,-4.875583171844482,,
79550,3.775590181350708,0.05,-6.026113986968994,,
79600,9.399890899658203,0.05,-5.755177021026611,,
79650,2.7878658771514893,0.05,-6.586551666259766,,
79700,0.8588674068450928,0.05,-5.56329345703125,,
79750,3.3863508701324463,0.05,-6.814833164215088,,
79800,1.9501910209655762,0.05,-6.0704026222229,,
79850,3.14506459236145,0.05,-6.712130069732666,,
79900,3.478968620300293,0.05,-6.670633792877197,,
79950,1.6014000177383423,0.05,-5.714029312133789,,
80000,0.8234650492668152,0.05,-6.585355758666992,,
80050,7.340896129608154,0.05,-6.712625503540039,,
80100,2.023059844970703,0.05,-6.366205215454102,,
80150,5.823863506317139,0.05,-6.40449857711792,,
80200,2.5528883934020996,0.05,-5.099907398223877,,
80250,3.150946855545044,0.05,-5.717421054840088,,
80300,3.489008665084839,0.05,-7.357757568359375,,
80350,3.0781619548797607,0.05,-6.822455883026123,,
80400,9.563965797424316,0.05,-7.295382022857666,,
80450,0.3315359652042389,0.05,-6.697686672210693,,
80500,1.9656599760055542,0.05,-6.334997653961182,,
80550,4.6999382972717285,0.05,-7.505931377410889,,
80600,3.6601428985595703,0.05,-5.184176921844482,,
80650,1.5020564794540405,0.05,-7.7236151695251465,,
80700,4.354742527008057,0.05,-6.182616710662842,,
80750,1.477720856666565,0.05,-5.79285192489624,,
80800,1.0096149444580078,0.05,-6.8492279052734375,,
80850,9.39719009399414,0.05,-6.79032564163208,,
80900,0.7423832416534424,0.05,-6.5115838050842285,,
80950,6.695196151733398,0.05,-7.0687127113342285,,
81000,4.972873210906982,0.05,-7.427229404449463,,
81050,5.43104362487793,0.05,-7.123807430267334,,
81100,1.2438234090805054,0.05,-6.134258270263672,,
81150,0.8152714371681213,0.05,-6.317121982574463,,
81200,3.9788684844970703,0.05,-6.754910945892334,,
81250,6.5156474113464355,0.05,-7.246490955352783,,
81300,2.358894109725952,0.05,-5.419567108154297,,
81350,20.26778221130371,0.05,-8.646347045898438,,
81400,2.992253065109253,0.05,-6.114467144012451,,
81450,7.7215962409973145,0.05,-6.21906852722168,,
81500,4.233831882476807,0.05,-8.055310249328613,,
81550,1.7416437864303589,0.05,-6.999994277954102,,
81600,2.467453956604004,0.05,-7.134738445281982,,
81650,11.957435607910156,0.05,-7.245567798614502,,
81700,11.496405601501465,0.05,-7.441746234893799,,
81750,6.161282062530518,0.05,-6.16858434677124,,
81800,14.49863052368164,0.05,-7.764438152313232,,
81850,3.517512083053589,0.05,-7.71592378616333,,
81900,17.116683959960938,0.05,-7.590139865875244,,
81950,1.4007067680358887,0.05,-6.774363040924072,,
82000,4.3072075843811035,0.05,-6.80620002746582,,
82050,6.194886684417725,0.05,-7.435957431793213,,
82100,4.078624725341797,0.05,-5.472931385040283,,
82150,4.7603373527526855,0.05,-6.796226501464844,,
82200,9.135956764221191,0.05,-8.203181266784668,,
82250,7.901244640350342,0.05,-5.370658874511719,,
82300,2.0568525791168213,0.05,-6.982957363128662,,
82350,12.47103214263916,0.05,-6.148690700531006,,
82400,3.3697938919067383,0.05,-6.683231830596924,,
82450,7.570739269256592,0.05,-8.277567863464355,,
82500,3.9540927410125732,0.05,-7.289011478424072,,
82550,3.5154507160186768,0.05,-5.22105598449707,,
82600,4.185568332672119,0.05,-6.635488510131836,,
82650,10.80733585357666,0.05,-6.734453201293945,,
82700,11.871575355529785,0.05,-7.45237398147583,,
82750,2.072517156600952,0.05,-6.470231533050537,,
82800,3.1409313678741455,0.05,-6.768900394439697,,
82850,10.962777137756348,0.05,-7.959522247314453,,
82900,2.7542035579681396,0.05,-5.879751682281494,,
82950,5.69488525390625,0.05,-5.4105072021484375,,
83000,12.550047874450684,0.05,-6.846935749053955,,
83050,6.123457431793213,0.05,-6.991357326507568,,
83100,3.0078494548797607,0.05,-7.111290454864502,,
83150,9.79682445526123,0.05,-7.997379302978516,,
83200,12.301682472229004,0.05,-7.3449554443359375,,
83250,6.973540782928467,0.05,-6.051813125610352,,
83300,4.20323371887207,0.05,-5.570483684539795,,
83350,9.967745780944824,0.05,-6.718120574951172,,
83400,2.3014869689941406,0.05,-6.329575061798096,,
83450,12.811755180358887,0.05,-6.0224456787109375,,
83500,9.461747169494629,0.05,-6.294840335845947,,
83550,14.992644309997559,0.05,-6.346235275268555,,
83600,3.622694253921509,0.05,-5.015853404998779,,
83650,3.161418914794922,0.05,-7.423036098480225,,
83700,7.385406970977783,0.05,-6.289267063140869,,
83750,8.168248176574707,0.05,-6.505115032196045,,
83800,3.154376745223999,0.05,-6.200811862945557,,
83850,0.7205533981323242,0.05,-6.180215358734131,,
83900,1.6043747663497925,0.05,-6.010530948638916,,
83950,2.564183473587036,0.05,-6.908665180206299,,
84000,0.2415647655725479,0.05,-4.820803642272949,,
84050,1.425680160522461,0.05,-5.260038375854492,,
84100,3.1002309322357178,0.05,-6.426022052764893,,
84150,3.9671223163604736,0.05,-5.235204219818115,,
84200,11.484451293945312,0.05,-6.751407146453857,,
84250,4.851098537445068,0.05,-5.857065677642822,,
84300,11.45447826385498,0.05,-5.671695232391357,,
84350,0.9316482543945312,0.05,-6.82048225402832,,
84400,6.377702236175537,0.05,-6.7828288078308105,,
84450,22.336166381835938,0.05,-7.680823802947998,,
84500,2.957773447036743,0.05,-5.989633083343506,,
84550,5.005828857421875,0.05,-8.05051326751709,,
84600,9.719754219055176,0.05,-5.6851806640625,,
84650,6.360931396484375,0.05,-8.12928295135498,,
84700,2.7673587799072266,0.05,-5.777576446533203,,
84750,4.54646110534668,0.05,-6.735586166381836,,
84800,6.10352897644043,0.05,-7.107675552368164,,
84850,3.1720030307769775,0.05,-6.978912830352783,,
84900,2.081909418106079,0.05,-4.766651153564453,,
84950,0.8421195149421692,0.05,-5.373584747314453,,
85000,4.139900207519531,0.05,-5.5432586669921875,,
85050,0.5189273357391357,0.05,-5.1643900871276855,,
85100,5.544403553009033,0.05,-6.198482990264893,,
85150,1.6874380111694336,0.05,-5.675011157989502,,
85200,10.715983390808105,0.05,-5.662826061248779,,
85250,0.817171037197113,0.05,-6.5697808265686035,,
85300,1.2555280923843384,0.05,-6.2636847496032715,,
85350,5.712585926055908,0.05,-5.183250427246094,,
85400,9.989645004272461,0.05,-6.401836395263672,,
85450,5.0870795249938965,0.05,-8.051226615905762,,
85500,3.002460479736328,0.05,-6.989861011505127,,
85550,5.1478705406188965,0.05,-8.458138465881348,,
85600,11.503532409667969,0.05,-5.442190170288086,,
85650,1.3782967329025269,0.05,-5.422163009643555,,
85700,6.587378978729248,0.05,-6.544162750244141,,
85750,0.9429051280021667,0.05,-5.905073642730713,,
85800,3.3932600021362305,0.05,-5.9233317375183105,,
85850,0.4150902330875397,0.05,-5.246635913848877,,
85900,12.8540678024292,0.05,-5.82708215713501,,
85950,8.268081665039062,0.05,-7.56289529800415,,
86000,5.041747570037842,0.05,-6.005225658416748,,
86050,0.4283160865306854,0.05,-5.37962532043457,,
86100,1.6899174451828003,0.05,-6.380174160003662,,
86150,1.0518261194229126,0.05,-6.081868648529053,,
86200,3.7211573123931885,0.05,-7.417722702026367,,
86250,2.907992124557495,0.05,-6.661399841308594,,
86300,2.5711333751678467,0.05,-5.660562038421631,,
86350,10.121899604797363,0.05,-6.8933234214782715,,
86400,11.490406036376953,0.05,-6.2991042137146,,
86450,6.267895221710205,0.05,-5.52826452255249,,
86500,6.17009973526001,0.05,-5.739286422729492,,
86550,1.3102821111679077,0.05,-6.125770568847656,,
86600,0.7440359592437744,0.05,-6.985040664672852,,
86650,2.990875005722046,0.05,-6.561286926269531,,
86700,3.229027509689331,0.05,-6.650179386138916,,
86750,13.684720039367676,0.05,-7.130201816558838,,
86800,2.7317535877227783,0.05,-6.481698989868164,,
86850,5.28918981552124,0.05,-6.320255756378174,,
86900,9.001060485839844,0.05,-4.921960830688477,,
86950,5.264584064483643,0.05,-5.8959641456604,,
87000,2.598947525024414,0.05,-5.616138935089111,,
87050,1.670749306678772,0.05,-6.648218631744385,,
87100,2.5496270656585693,0.05,-6.274306774139404,,
87150,7.065223693847656,0.05,-8.08928108215332,,
87200,1.8587608337402344,0.05,-7.687648296356201,,
87250,16.09841537475586,0.05,-7.193885803222656,,
87300,3.8745334148406982,0.05,-6.61374044418335,,
87350,5.071544170379639,0.05,-6.356526851654053,,
87400,0.39312389492988586,0.05,-6.002613544464111,,
87450,10.26938247680664,0.05,-7.084805965423584,,
87500,2.488896369934082,0.05,-5.764769077301025,,
87550,1.9677351713180542,0.05,-6.783387660980225,,
87600,5.1282782554626465,0.05,-8.422402381896973,,
87650,15.640780448913574,0.05,-7.195781707763672,,
87700,3.089736223220825,0.05,-4.997485160827637,,
87750,1.5863345861434937,0.05,-7.016226291656494,,
87800,16.967012405395508,0.05,-7.41718053817749,,
87850,3.95096755027771,0.05,-7.332244396209717,,
87900,8.56528377532959,0.05,-7.682130813598633,,
87950,2.8447043895721436,0.05,-6.7027740478515625,,
88000,3.3783085346221924,0.05,-6.613993167877197,,
88050,5.245139122009277,0.05,-6.108203887939453,,
88100,20.869604110717773,0.05,-7.305128574371338,,
88150,1.6508454084396362,0.05,-5.908790111541748,,
88200,1.0414763689041138,0.05,-5.444455623626709,,
88250,5.957573413848877,0.05,-6.814001083374023,,
88300,8.721096992492676,0.05,-5.25300407409668,,
88350,9.438868522644043,0.05,-6.800357818603516,,
88400,9.582418441772461,0.05,-7.7069172859191895,,
88450,3.6631882190704346,0.05,-7.734214782714844,,
88500,4.282364845275879,0.05,-5.416650295257568,,
88550,5.8472747802734375,0.05,-7.458802700042725,,
88600,5.462003231048584,0.05,-6.955000400543213,,
88650,2.520519971847534,0.05,-6.061774730682373,,
88700,10.030818939208984,0.05,-5.517797946929932,,
88750,11.969340324401855,0.05,-5.994034290313721,,
88800,2.819974184036255,0.05,-6.8368377685546875,,
88850,3.6747207641601562,0.05,-7.365978240966797,,
88900,9.043216705322266,0.05,-6.343811511993408,,
88950,1.6426024436950684,0.05,-6.334707736968994,,
89000,4.0484700202941895,0.05,-7.389510631561279,,
89050,1.0489250421524048,0.05,-5.89796257019043,,
89100,1.473162055015564,0.05,-6.081872940063477,,
89150,6.5081634521484375,0.05,-7.231861114501953,,
89200,3.5358543395996094,0.05,-6.080016613006592,,
89250,1.8057465553283691,0.05,-6.577518939971924,,
89300,4.129516124725342,0.05,-8.180818557739258,,
89350,9.360675811767578,0.05,-7.997945308685303,,
89400,4.021665096282959,0.05,-6.254571437835693,,
89450,4.345457553863525,0.05,-7.262709140777588,,
89500,4.133033275604248,0.05,-6.094435214996338,,
89550,13.225170135498047,0.05,-7.217445373535156,,
89600,7.293584823608398,0.05,-6.672811985015869,,
89650,2.1920135021209717,0.05,-7.021722316741943,,
89700,3.5259790420532227,0.05,-5.600034713745117,,
89750,3.9409170150756836,0.05,-6.925267696380615,,
89800,7.163609981536865,0.05,-6.362085342407227,,
89850,3.365614175796509,0.05,-6.088983058929443,,
89900,8.013949394226074,0.05,-6.445165157318115,,
89950,10.738743782043457,0.05,-6.179257869720459,,
90000,7.339297771453857,0.05,-4.9163498878479,,
90050,4.518362045288086,0.05,-7.517572402954102,,
90100,2.3018038272857666,0.05,-7.444636821746826,,
90150,2.3606948852539062,0.05,-6.174612045288086,,
90200,2.8244030475616455,0.05,-6.529238224029541,,
90250,1.0058529376983643,0.05,-6.2975616455078125,,
90300,2.4140546321868896,0.05,-6.648653507232666,,
90350,5.290283679962158,0.05,-6.3233723640441895,,
90400,2.820648431777954,0.05,-5.918487548828125,,
90450,0.3187704086303711,0.05,-6.297054290771484,,
90500,3.983888626098633,0.05,-6.755551815032959,,
90550,4.623884201049805,0.05,-6.224867343902588,,
90600,3.173844575881958,0.05,-4.6620917320251465,,
90650,3.4501311779022217,0.05,-6.110630035400391,,
90700,5.978176593780518,0.05,-5.957210540771484,,
90750,3.212672472000122,0.05,-6.047204494476318,,
90800,3.1184189319610596,0.05,-6.632190704345703,,
90850,7.081806182861328,0.05,-5.455918788909912,,
90900,5.1911444664001465,0.05,-6.786655902862549,,
90950,3.089310646057129,0.05,-6.62202787399292,,
91000,6.488521099090576,0.05,-6.710547924041748,,
91050,0.5271245837211609,0.05,-6.487453460693359,,
91100,2.5541954040527344,0.05,-4.988216400146484,,
91150,2.0296010971069336,0.05,-4.752911567687988,,
91200,1.1170287132263184,0.05,-5.008328914642334,,
91250,6.2758660316467285,0.05,-7.852682590484619,,
91300,0.544279158115387,0.05,-7.00987434387207,,
91350,4.874912738800049,0.05,-6.665229320526123,,
91400,2.885540008544922,0.05,-5.762775421142578,,
91450,9.633068084716797,0.05,-6.05835485458374,,
91500,1.2731776237487793,0.05,-6.2168731689453125,,
91550,2.7179784774780273,0.05,-5.9572930335998535,,
91600,4.218018531799316,0.05,-6.230839252471924,,
91650,7.207618236541748,0.05,-6.360618591308594,,
91700,6.0494608879089355,0.05,-7.180273532867432,,
91750,1.503082275390625,0.05,-5.588151931762695,,
91800,1.903928279876709,0.05,-6.338658809661865,,
91850,1.1044387817382812,0.05,-5.858007907867432,,
91900,4.696413516998291,0.05,-6.492641925811768,,
91950,5.7405242919921875,0.05,-6.7609686851501465,,
92000,3.1845719814300537,0.05,-7.598499298095703,,
92050,9.871241569519043,0.05,-6.234379291534424,,
92100,3.148820638656616,0.05,-6.57752799987793,,
92150,5.06473970413208,0.05,-5.855437755584717,,
92200,1.767525553703308,0.05,-6.122731685638428,,
92250,5.0868449211120605,0.05,-4.748135089874268,,
92300,8.240948677062988,0.05,-5.506954669952393,,
92350,0.6846671104431152,0.05,-7.42570686340332,,
92400,2.7174293994903564,0.05,-6.579669952392578,,
92450,3.2699575424194336,0.05,-5.602781295776367,,
92500,1.1616096496582031,0.05,-6.333493709564209,,
92550,5.887094974517822,0.05,-6.258729457855225,,
92600,1.3996468782424927,0.05,-5.487905979156494,,
92650,5.407813549041748,0.05,-6.284243106842041,,
92700,2.3307785987854004,0.05,-6.425699234008789,,
92750,4.924306392669678,0.05,-6.997169494628906,,
92800,5.982210636138916,0.05,-5.729483127593994,,
92850,8.598973274230957,0.05,-5.679840087890625,,
92900,2.429260015487671,0.05,-8.259770393371582,,
92950,7.501365661621094,0.05,-6.877054691314697,,
93000,1.1745285987854004,0.05,-7.336146831512451,,
93050,6.278207778930664,0.05,-7.691415309906006,,
93100,0.7214710116386414,0.05,-5.317358493804932,,
93150,1.1596537828445435,0.05,-6.485698699951172,,
93200,1.3319898843765259,0.05,-6.0333781242370605,,
93250,2.1496973037719727,0.05,-6.230074405670166,,
93300,19.452621459960938,0.05,-7.028512954711914,,
93350,5.103586673736572,0.05,-5.699247360229492,,
93400,5.111953258514404,0.05,-6.632188320159912,,
93450,1.0351388454437256,0.05,-6.628686904907227,,
93500,5.826091766357422,0.05,-6.541161060333252,,
93550,1.3893460035324097,0.05,-6.6591105461120605,,
93600,3.983933210372925,0.05,-6.642271518707275,,
93650,7.29700231552124,0.05,-8.187191009521484,,
93700,2.3375802040100098,0.05,-5.861057281494141,,
93750,9.055161476135254,0.05,-7.883241653442383,,
93800,1.369778037071228,0.05,-7.475428104400635,,
93850,5.821100234985352,0.05,-6.001800060272217,,
93900,2.4079768657684326,0.05,-7.505692958831787,,
93950,2.956672430038452,0.05,-6.044724941253662,,
94000,8.38083267211914,0.05,-6.575201511383057,,
94050,2.1299073696136475,0.05,-7.360245227813721,,
94100,1.8732496500015259,0.05,-7.360372066497803,,
94150,3.6910955905914307,0.05,-7.114274501800537,,
94200,3.041889190673828,0.05,-8.39383316040039,,
94250,9.216801643371582,0.05,-5.947568416595459,,
94300,1.0652464628219604,0.05,-5.986706256866455,,
94350,13.34411907196045,0.05,-7.523627758026123,,
94400,20.506471633911133,0.05,-7.787101745605469,,
94450,2.5450127124786377,0.05,-6.584364414215088,,
94500,1.3140004873275757,0.05,-6.087771892547607,,
94550,7.164259433746338,0.05,-6.218475341796875,,
94600,7.4415717124938965,0.05,-6.184959411621094,,
94650,14.625212669372559,0.05,-6.967576503753662,,
94700,4.315301895141602,0.05,-6.9950432777404785,,
94750,0.9182596802711487,0.05,-8.049225807189941,,
94800,1.7144206762313843,0.05,-7.836472034454346,,
94850,2.7792670726776123,0.05,-8.222112655639648,,
94900,12.712241172790527,0.05,-8.123602867126465,,
94950,3.5847625732421875,0.05,-7.641122341156006,,
95000,3.3733246326446533,0.05,-6.739339828491211,,
95050,5.766220569610596,0.05,-6.6493706703186035,,
95100,2.289966344833374,0.05,-7.106425762176514,,
95150,2.0244245529174805,0.05,-6.5899224281311035,,
95200,5.984330654144287,0.05,-6.128887176513672,,
95250,5.519899845123291,0.05,-7.859660625457764,,
95300,2.93359637260437,0.05,-6.909618377685547,,
95350,4.468618869781494,0.05,-7.53258752822876,,
95400,0.8309945464134216,0.05,-7.0374274253845215,,
95450,12.238945007324219,0.05,-7.678833484649658,,
95500,10.238760948181152,0.05,-7.559058666229248,,
95550,1.8328523635864258,0.05,-5.532124042510986,,
95600,1.6116300821304321,0.05,-8.213829040527344,,
95650,2.5659985542297363,0.05,-7.904266357421875,,
95700,8.066997528076172,0.05,-6.918071746826172,,
95750,2.6492135524749756,0.05,-6.765377521514893,,
95800,4.523909091949463,0.05,-7.033425807952881,,
95850,17.773754119873047,0.05,-7.834829330444336,,
95900,2.70519757270813,0.05,-7.4693827629089355,,
95950,16.31682586669922,0.05,-8.479551315307617,,
96000,23.178163528442383,0.05,-9.68996524810791,,
96050,4.837815761566162,0.05,-6.147722244262695,,
96100,0.4656101167201996,0.05,-6.519885540008545,,
96150,2.8972666263580322,0.05,-8.20620346069336,,
96200,2.0991618633270264,0.05,-6.776669979095459,,
96250,4.539549350738525,0.05,-7.960962295532227,,
96300,2.017916440963745,0.05,-7.371399402618408,,
96350,2.524296522140503,0.05,-7.565139293670654,,
96400,18.941011428833008,0.05,-7.9157023429870605,,
96450,19.811004638671875,0.05,-8.316132545471191,,
96500,1.070291519165039,0.05,-6.95611572265625,,
96550,5.511171817779541,0.05,-7.298360347747803,,
96600,5.956623077392578,0.05,-8.117903709411621,,
96650,2.704596757888794,0.05,-6.291658401489258,,
96700,1.812375545501709,0.05,-7.713221073150635,,
96750,9.515793800354004,0.05,-6.449706554412842,,
96800,2.5166032314300537,0.05,-6.165856838226318,,
96850,8.715739250183105,0.05,-8.772028923034668,,
96900,11.49655532836914,0.05,-7.871373653411865,,
96950,9.512443542480469,0.05,-8.080605506896973,,
97000,1.9898570775985718,0.05,-6.966682434082031,,
97050,3.6426966190338135,0.05,-7.672499179840088,,
97100,3.8721096515655518,0.05,-6.298745632171631,,
97150,2.5707929134368896,0.05,-7.463243007659912,,
97200,6.061336040496826,0.05,-7.828166484832764,,
97250,5.5410380363464355,0.05,-7.524144649505615,,
97300,3.8061389923095703,0.05,-7.618870258331299,,
97350,1.9083818197250366,0.05,-7.325932025909424,,
97400,8.363486289978027,0.05,-7.842076778411865,,
97450,2.8237526416778564,0.05,-6.305374622344971,,
97500,7.203819274902344,0.05,-7.274038314819336,,
97550,9.493284225463867,0.05,-7.2784552574157715,,
97600,1.2978177070617676,0.05,-6.641658782958984,,
97650,3.773005247116089,0.05,-7.291135311126709,,
97700,3.3869965076446533,0.05,-7.94200325012207,,
97750,1.4941333532333374,0.05,-6.243685245513916,,
97800,3.205270767211914,0.05,-7.836327075958252,,
97850,8.092741966247559,0.05,-8.571362495422363,,
97900,5.987846851348877,0.05,-7.609670162200928,,
97950,5.793994903564453,0.05,-7.556872844696045,,
98000,3.1366422176361084,0.05,-6.164398670196533,,
98050,3.1996209621429443,0.05,-5.920833587646484,,
98100,12.008498191833496,0.05,-6.762054920196533,,
98150,1.9232996702194214,0.05,-5.879042148590088,,
98200,1.4142851829528809,0.05,-6.798151016235352,,
98250,11.430747032165527,0.05,-7.2226738929748535,,
98300,4.456684589385986,0.05,-6.291074275970459,,
98350,0.6847748160362244,0.05,-6.296361923217773,,
98400,20.811208724975586,0.05,-7.743045806884766,,
98450,1.7470401525497437,0.05,-7.057504177093506,,
98500,3.6156883239746094,0.05,-6.034392833709717,,
98550,28.73815155029297,0.05,-7.366220474243164,,
98600,3.7773540019989014,0.05,-6.758724212646484,,
98650,0.9301021695137024,0.05,-5.888478755950928,,
98700,7.997125625610352,0.05,-7.167857646942139,,
98750,1.5663849115371704,0.05,-7.249319553375244,,
98800,1.5815619230270386,0.05,-6.397651672363281,,
98850,3.018284559249878,0.05,-7.520272731781006,,
98900,3.6729984283447266,0.05,-7.31329345703125,,
98950,8.72998332977295,0.05,-7.220351696014404,,
99000,5.084018707275391,0.05,-6.838707447052002,,
99050,2.8825466632843018,0.05,-8.24291706085205,,
99100,1.42649507522583,0.05,-7.503326416015625,,
99150,20.02344512939453,0.05,-8.821558952331543,,
99200,15.98922348022461,0.05,-6.108470439910889,,
99250,3.595891237258911,0.05,-5.961096286773682,,
99300,10.808136940002441,0.05,-6.6211676597595215,,
99350,9.730338096618652,0.05,-7.535475254058838,,
99400,0.5793715715408325,0.05,-5.988528728485107,,
99450,1.4185911417007446,0.05,-6.789466381072998,,
99500,21.781143188476562,0.05,-7.617430210113525,,
99550,3.666193723678589,0.05,-6.49278450012207,,
99600,3.256101369857788,0.05,-6.75845193862915,,
99650,5.994390964508057,0.05,-8.865466117858887,,
99700,8.655606269836426,0.05,-9.156691551208496,,
99750,1.1210885047912598,0.05,-6.192392349243164,,
99800,7.858436107635498,0.05,-6.676206588745117,,
99850,11.995933532714844,0.05,-7.634042263031006,,
99900,4.062624454498291,0.05,-7.100162982940674,,
99950,2.8729779720306396,0.05,-6.435188293457031,,
100000,4.589746952056885,0.05,-7.169370174407959,-1.1145681142174697,50.8
100050,2.821495294570923,0.05,-7.18115234375,,
100100,7.608217716217041,0.05,-6.704422473907471,,
100150,3.20316481590271,0.05,-6.959828853607178,,
100200,4.960099220275879,0.05,-5.864337921142578,,
100250,7.534862041473389,0.05,-6.969045162200928,,
100300,8.484262466430664,0.05,-7.957759857177734,,
100350,8.098583221435547,0.05,-7.106526851654053,,
100400,12.70073413848877,0.05,-7.339616775512695,,
100450,4.814906120300293,0.05,-7.657620906829834,,
100500,5.517026901245117,0.05,-7.479682922363281,,
100550,8.998770713806152,0.05,-6.545120716094971,,
100600,0.8854987025260925,0.05,-5.963980197906494,,
100650,3.661860227584839,0.05,-7.241796016693115,,
100700,1.6993465423583984,0.05,-6.963024139404297,,
100750,5.6269073486328125,0.05,-6.2450995445251465,,
100800,4.288669586181641,0.05,-7.481839656829834,,
100850,0.5170254111289978,0.05,-6.161026477813721,,
100900,3.661785364151001,0.05,-6.473850250244141,,
100950,2.968668222427368,0.05,-6.322474002838135,,
101000,3.248589277267456,0.05,-7.028146743774414,,
101050,5.002633571624756,0.05,-6.936830520629883,,
101100,1.3781237602233887,0.05,-6.654212951660156,,
101150,2.1464502811431885,0.05,-6.747426986694336,,
101200,3.794640302658081,0.05,-7.175439357757568,,
101250,3.720736265182495,0.05,-6.713134765625,,
101300,1.6922909021377563,0.05,-6.073042392730713,,
101350,0.7815554141998291,0.05,-5.828898906707764,,
101400,2.295687198638916,0.05,-6.122201442718506,,
101450,7.479893207550049,0.05,-8.062254905700684,,
101500,8.17114543914795,0.05,-7.597021579742432,,
101550,1.7099461555480957,0.05,-6.560450077056885,,
101600,11.437666893005371,0.05,-7.633358478546143,,
101650,3.8881123065948486,0.05,-7.570030212402344,,
101700,1.4328066110610962,0.05,-7.60623025894165,,
101750,8.236315727233887,0.05,-8.249381065368652,,
101800,3.3168885707855225,0.05,-6.361199855804443,,
101850,3.050710916519165,0.05,-6.478186130523682,,
101900,2.015582323074341,0.05,-7.369739532470703,,
101950,1.9628254175186157,0.05,-5.923158168792725,,
102000,6.491329669952393,0.05,-6.321012020111084,,
102050,8.492423057556152,0.05,-7.856015682220459,,
102100,5.260499954223633,0.05,-6.39557409286499,,
102150,7.55237340927124,0.05,-6.915874481201172,,
102200,3.880328416824341,0.05,-7.710493087768555,,
102250,2.1986093521118164,0.05,-6.72177267074585,,
102300,1.0093494653701782,0.05,-6.3805670738220215,,
102350,2.2596302032470703,0.05,-6.019874572753906,,
102400,1.7613492012023926,0.05,-7.053064346313477,,
102450,11.559802055358887,0.05,-7.653711318969727,,
102500,2.102006673812866,0.05,-5.513915538787842,,
102550,1.6360149383544922,0.05,-6.984945297241211,,
102600,4.235235691070557,0.05,-6.93943452835083,,
102650,2.7341270446777344,0.05,-6.843899250030518,,
102700,5.041520595550537,0.05,-6.341959476470947,,
102750,3.351071357727051,0.05,-7.769169330596924,,
102800,1.636512279510498,0.05,-6.36676549911499,,
102850,0.5537242293357849,0.05,-6.847774028778076,,
102900,4.745169162750244,0.05,-7.175323486328125,,
102950,2.363534450531006,0.05,-6.492408275604248,,
103000,3.0234644412994385,0.05,-7.928280353546143,,
103050,5.4901862144470215,0.05,-7.118027210235596,,
103100,2.1199557781219482,0.05,-6.806196212768555,,
103150,1.6258440017700195,0.05,-7.9605536460876465,,
103200,6.326611042022705,0.05,-6.472207546234131,,
103250,2.2417514324188232,0.05,-7.318211078643799,,
103300,3.392679214477539,0.05,-6.940063953399658,,
103350,8.504544258117676,0.05,-7.758886814117432,,
103400,4.211971759796143,0.05,-6.0690789222717285,,
103450,1.8544058799743652,0.05,-6.130847930908203,,
103500,6.96696138381958,0.05,-7.1934027671813965,,
103550,1.0732190608978271,0.05,-5.625452518463135,,
103600,2.2198076248168945,0.05,-6.758847713470459,,
103650,4.7053303718566895,0.05,-7.225975036621094,,
103700,0.8625004291534424,0.05,-5.790460109710693,,
103750,4.7036261558532715,0.05,-7.554864883422852,,
103800,9.297019004821777,0.05,-6.61383056640625,,
103850,2.547182321548462,0.05,-6.5226521492004395,,
103900,7.791261672973633,0.05,-6.084692001342773,,
103950,5.10695219039917,0.05,-7.055337429046631,,
104000,1.3287838697433472,0.05,-6.05570650100708,,
104050,1.725113868713379,0.05,-7.609172821044922,,
104100,3.305577516555786,0.05,-5.832064151763916,,
104150,12.654974937438965,0.05,-7.106584072113037,,
104200,2.352684736251831,0.05,-6.18590784072876,,
104250,3.515324592590332,0.05,-6.743109226226807,,
104300,1.8690801858901978,0.05,-6.654050350189209,,
104350,0.9965324401855469,0.05,-5.880184173583984,,
104400,1.6319565773010254,0.05,-6.053611755371094,,
104450,0.8559311032295227,0.05,-6.461292743682861,,
104500,2.550147771835327,0.05,-6.47705602645874,,
104550,3.4548444747924805,0.05,-5.616147518157959,,
104600,6.952930450439453,0.05,-6.476179599761963,,
104650,0.7870388031005859,0.05,-5.759977340698242,,
104700,2.5328176021575928,0.05,-6.832350254058838,,
104750,3.6468324661254883,0.05,-6.910610675811768,,
104800,2.121408224105835,0.05,-6.327159881591797,,
104850,3.8697803020477295,0.05,-8.66382122039795,,
104900,2.376971483230591,0.05,-6.367900371551514,,
104950,1.6392488479614258,0.05,-7.630199432373047,,
105000,1.2709985971450806,0.05,-6.573917388916016,,
105050,2.6876208782196045,0.05,-6.74281644821167,,
105100,2.8749027252197266,0.05,-5.571827411651611,,
105150,2.544438123703003,0.05,-6.0572638511657715,,
105200,2.8933322429656982,0.05,-6.852232456207275,,
105250,1.5310229063034058,0.05,-5.681255340576172,,
105300,2.1136281490325928,0.05,-6.912659168243408,,
105350,3.5487747192382812,0.05,-7.031376361846924,,
105400,3.9971554279327393,0.05,-7.52581262588501,,
105450,3.4883859157562256,0.05,-7.0263352394104,,
105500,1.2635610103607178,0.05,-6.702516078948975,,
105550,4.922506809234619,0.05,-6.9840087890625,,
105600,3.172750473022461,0.05,-7.381383895874023,,
105650,4.403998374938965,0.05,-7.454151153564453,,
105700,2.9527199268341064,0.05,-6.871017932891846,,
105750,2.4844086170196533,0.05,-7.163358211517334,,
105800,5.607847690582275,0.05,-5.977072238922119,,
105850,0.522901713848114,0.05,-6.3087005615234375,,
105900,4.365222454071045,0.05,-8.801621437072754,,
105950,5.816697597503662,0.05,-6.7711052894592285,,
106000,0.3980041444301605,0.05,-7.307685375213623,,
106050,2.4901516437530518,0.05,-6.726933002471924,,
106100,1.5976670980453491,0.05,-6.973562717437744,,
106150,3.044673204421997,0.05,-7.383651256561279,,
106200,1.2515367269515991,0.05,-6.850006103515625,,
106250,4.119270324707031,0.05,-6.826732158660889,,
106300,7.110324382781982,0.05,-6.839982509613037,,
106350,6.511816024780273,0.05,-6.733839511871338,,
106400,5.802431583404541,0.05,-7.289424896240234,,
106450,5.592963695526123,0.05,-7.521684646606445,,
106500,8.260481834411621,0.05,-7.698791980743408,,
106550,3.9828617572784424,0.05,-7.832353591918945,,
106600,1.420218586921692,0.05,-6.7558979988098145,,
106650,4.626123428344727,0.05,-7.27380895614624,,
106700,4.080954074859619,0.05,-8.629241943359375,,
106750,4.047916889190674,0.05,-6.629289150238037,,
106800,4.635436534881592,0.05,-6.478551387786865,,
106850,3.385974884033203,0.05,-5.230503559112549,,
106900,2.6349127292633057,0.05,-6.057179927825928,,
106950,8.990493774414062,0.05,-7.755388259887695,,
107000,2.9613564014434814,0.05,-7.5136332511901855,,
107050,1.8222402334213257,0.05,-7.623110294342041,,
107100,0.40215373039245605,0.05,-6.886902332305908,,
107150,4.119014263153076,0.05,-6.935123920440674,,
107200,2.2023487091064453,0.05,-7.786591053009033,,
107250,3.2442739009857178,0.05,-7.061901569366455,,
107300,5.689882278442383,0.05,-6.952739715576172,,
107350,8.092972755432129,0.05,-6.212087631225586,,
107400,2.6500604152679443,0.05,-6.746362686157227,,
107450,7.551107883453369,0.05,-8.521241188049316,,
107500,2.90803599357605,0.05,-6.908687591552734,,
107550,1.1656348705291748,0.05,-6.172779560089111,,
107600,6.637693405151367,0.05,-5.772264003753662,,
107650,6.346385478973389,0.05,-6.31964635848999,,
107700,13.294697761535645,0.05,-7.534348964691162,,
107750,6.532124042510986,0.05,-7.078357219696045,,
107800,5.440430164337158,0.05,-6.922694683074951,,
107850,10.082589149475098,0.05,-6.844685077667236,,
107900,0.8956084847450256,0.05,-6.752973556518555,,
107950,2.4098594188690186,0.05,-7.101418972015381,,
108000,8.728581428527832,0.05,-7.689332485198975,,
108050,0.9919425845146179,0.05,-8.220500946044922,,
108100,1.5746256113052368,0.05,-6.212269306182861,,
108150,2.3295114040374756,0.05,-7.594955921173096,,
108200,2.7073700428009033,0.05,-6.331437587738037,,
108250,3.7681808471679688,0.05,-7.1994547843933105,,
108300,12.342666625976562,0.05,-6.537193298339844,,
108350,19.901010513305664,0.05,-8.169156074523926,,
108400,13.205550193786621,0.05,-7.099296569824219,,
108450,4.2263264656066895,0.05,-7.469987869262695,,
108500,2.03896427154541,0.05,-7.624619960784912,,
108550,5.74292516708374,0.05,-7.509730815887451,,
108600,1.699965476989746,0.05,-6.6202778816223145,,
108650,1.6872717142105103,0.05,-6.044026851654053,,
108700,7.032609462738037,0.05,-7.311946868896484,,
108750,5.803567886352539,0.05,-8.247358322143555,,
108800,6.581872463226318,0.05,-7.507007122039795,,
108850,2.1054046154022217,0.05,-6.385340213775635,,
108900,6.452188014984131,0.05,-6.743499279022217,,
108950,0.9415075182914734,0.05,-5.877710342407227,,
109000,5.657945156097412,0.05,-6.620774745941162,,
109050,4.987565994262695,0.05,-8.419596672058105,,
109100,5.0301899909973145,0.05,-7.215213298797607,,
109150,2.6674067974090576,0.05,-6.863489627838135,,
109200,3.546337366104126,0.05,-7.345245361328125,,
109250,2.509848117828369,0.05,-8.2651948928833,,
109300,1.6432619094848633,0.05,-7.04401969909668,,
109350,6.965798854827881,0.05,-6.972591876983643,,
109400,13.559357643127441,0.05,-6.212974548339844,,
109450,3.0305662155151367,0.05,-7.309978008270264,,
109500,2.3527872562408447,0.05,-6.189056396484375,,
109550,1.2509514093399048,0.05,-6.253625392913818,,
109600,2.6843364238739014,0.05,-5.657576084136963,,
109650,3.673593521118164,0.05,-7.5292840003967285,,
109700,4.590787887573242,0.05,-6.7263264656066895,,
109750,3.3857667446136475,0.05,-6.8678741455078125,,
109800,2.7764523029327393,0.05,-7.1870198249816895,,
109850,4.710063457489014,0.05,-6.780580520629883,,
109900,1.6057778596878052,0.05,-6.212645053863525,,
109950,11.364566802978516,0.05,-5.8757781982421875,,
110000,21.74615478515625,0.05,-8.12423038482666,,
110050,5.365253925323486,0.05,-6.771259307861328,,
110100,2.7006876468658447,0.05,-6.218773365020752,,
110150,2.6336238384246826,0.05,-6.77332878112793,,
110200,2.987900495529175,0.05,-6.931854724884033,,
110250,0.4699726998806,0.05,-6.488125324249268,,
110300,8.743157386779785,0.05,-6.833144664764404,,
110350,3.452730417251587,0.05,-6.050766468048096,,
110400,3.197659730911255,0.05,-6.479455471038818,,
110450,7.203085422515869,0.05,-5.181232929229736,,
110500,6.177502155303955,0.05,-5.82145357131958,,
110550,4.26178503036499,0.05,-6.312367916107178,,
110600,1.0181926488876343,0.05,-6.878656387329102,,
110650,1.4519648551940918,0.05,-6.497716426849365,,
110700,0.622553288936615,0.05,-8.333512306213379,,
110750,3.463838815689087,0.05,-6.048671245574951,,
110800,0.490511417388916,0.05,-6.100474834442139,,
110850,6.547769069671631,0.05,-7.045708179473877,,
110900,3.5907974243164062,0.05,-6.767702579498291,,
110950,2.819772481918335,0.05,-6.340216159820557,,
111000,0.8015127778053284,0.05,-5.736339092254639,,
111050,3.5453851222991943,0.05,-7.808452129364014,,
111100,7.748279571533203,0.05,-5.8724822998046875,,
111150,4.0643839836120605,0.05,-6.244976043701172,,
111200,5.417898654937744,0.05,-6.353168487548828,,
111250,2.3322877883911133,0.05,-5.985359191894531,,
111300,3.7385146617889404,0.05,-6.73810338973999,,
111350,1.7323626279830933,0.05,-7.482903957366943,,
111400,7.090511322021484,0.05,-7.699125289916992,,
111450,3.741753339767456,0.05,-6.1610260009765625,,
111500,1.3986543416976929,0.05,-6.692726135253906,,
111550,1.0288995504379272,0.05,-5.791043758392334,,
111600,7.8198561668396,0.05,-5.969969272613525,,
111650,6.146368026733398,0.05,-6.703360080718994,,
111700,2.3500566482543945,0.05,-5.826440811157227,,
111750,0.8495319485664368,0.05,-7.397132396697998,,
111800,0.9324038624763489,0.05,-6.2136311531066895,,
111850,4.780378818511963,0.05,-7.316085338592529,,
111900,1.4566782712936401,0.05,-7.329657077789307,,
111950,0.9970545768737793,0.05,-7.521814346313477,,
112000,1.8634141683578491,0.05,-6.325220584869385,,
112050,3.805928945541382,0.05,-6.421205043792725,,
112100,4.857746601104736,0.05,-7.189136505126953,,
112150,6.20389986038208,0.05,-7.31917142868042,,
112200,3.891021728515625,0.05,-6.4770073890686035,,
112250,2.7308666706085205,0.05,-7.113521575927734,,
112300,7.90190315246582,0.05,-6.187105655670166,,
112350,2.9564075469970703,0.05,-6.463136196136475,,
112400,2.3659069538116455,0.05,-6.657428741455078,,
112450,4.830773830413818,0.05,-6.808729648590088,,
112500,2.6758155822753906,0.05,-7.108492374420166,,
112550,1.9840463399887085,0.05,-7.1988348960876465,,
112600,2.240790605545044,0.05,-6.821861267089844,,
112650,4.85309362411499,0.05,-6.712860107421875,,
112700,1.3316948413848877,0.05,-5.592067718505859,,
112750,1.5770010948181152,0.05,-6.811756610870361,,
112800,11.425568580627441,0.05,-6.69404935836792,,
112850,5.03168249130249,0.05,-6.669565200805664,,
112900,0.9999210834503174,0.05,-5.548023223876953,,
112950,0.3646415174007416,0.05,-6.6772637367248535,,
113000,1.013031005859375,0.05,-6.878181457519531,,
113050,6.281497955322266,0.05,-6.8669867515563965,,
113100,3.0368268489837646,0.05,-5.4634833335876465,,
113150,2.234414577484131,0.05,-5.782801151275635,,
113200,2.6059458255767822,0.05,-6.542938232421875,,
113250,7.653090953826904,0.05,-5.005223751068115,,
113300,3.26203989982605,0.05,-7.152137279510498,,
113350,1.3268978595733643,0.05,-5.2712578773498535,,
113400,2.1507930755615234,0.05,-6.56271505355835,,
113450,1.5207738876342773,0.05,-7.939802646636963,,
113500,3.9091997146606445,0.05,-7.070751190185547,,
113550,4.251845359802246,0.05,-6.115612030029297,,
113600,3.775271415710449,0.05,-7.624258041381836,,
113650,6.271453380584717,0.05,-7.24919319152832,,
113700,0.5938364863395691,0.05,-6.398702144622803,,
113750,13.095993995666504,0.05,-6.684349060058594,,
113800,5.438333988189697,0.05,-7.951822757720947,,
113850,3.835289239883423,0.05,-5.9565110206604,,
113900,2.0976250171661377,0.05,-5.934964656829834,,
113950,2.8280532360076904,0.05,-5.942942142486572,,
114000,5.391820430755615,0.05,-6.1492438316345215,,
114050,2.7529685497283936,0.05,-6.733322620391846,,
114100,4.842554092407227,0.05,-8.563399314880371,,
114150,1.2295280694961548,0.05,-5.7483062744140625,,
114200,1.2702445983886719,0.05,-5.988874912261963,,
114250,3.1126210689544678,0.05,-5.336151123046875,,
114300,6.367769718170166,0.05,-6.7460503578186035,,
114350,3.432490110397339,0.05,-5.6770758628845215,,
114400,5.0097975730896,0.05,-6.14562463760376,,
114450,1.0243157148361206,0.05,-5.345149517059326,,
114500,1.2918405532836914,0.05,-7.21071195602417,,
114550,0.4613041579723358,0.05,-5.9158172607421875,,
114600,5.717298984527588,0.05,-6.2945075035095215,,
114650,1.961216926574707,0.05,-6.746498107910156,,
114700,2.001051902770996,0.05,-7.177034378051758,,
114750,3.935466766357422,0.05,-6.36415433883667,,
114800,4.703367233276367,0.05,-7.371980667114258,,
114850,4.889154434204102,0.05,-6.164079189300537,,
114900,4.467953681945801,0.05,-6.323914051055908,,
114950,4.6704559326171875,0.05,-5.586689472198486,,
115000,1.558834195137024,0.05,-5.819456100463867,,
115050,6.112179279327393,0.05,-7.227308750152588,,
115100,4.357862949371338,0.05,-5.373019695281982,,
115150,1.2324451208114624,0.05,-5.779168605804443,,
115200,3.9186084270477295,0.05,-6.636613368988037,,
115250,3.4930830001831055,0.05,-6.044657230377197,,
115300,0.9230496287345886,0.05,-7.87968111038208,,
115350,4.096359729766846,0.05,-7.199279308319092,,
115400,3.839508056640625,0.05,-6.791985988616943,,
115450,8.60934066772461,0.05,-5.2973480224609375,,
115500,0.38342323899269104,0.05,-5.68475866317749,,
115550,1.2491412162780762,0.05,-7.896229267120361,,
115600,3.552500009536743,0.05,-6.350321292877197,,
115650,2.290898561477661,0.05,-7.849660873413086,,
115700,1.436949610710144,0.05,-6.52700662612915,,
115750,1.1687713861465454,0.05,-5.492811679840088,,
115800,1.415400505065918,0.05,-5.89421272277832,,
115850,1.340085506439209,0.05,-6.453453063964844,,
115900,3.184971809387207,0.05,-6.129601955413818,,
115950,2.90112042427063,0.05,-6.7019219398498535,,
116000,1.2604647874832153,0.05,-6.358478546142578,,
116050,9.540369987487793,0.05,-6.489068508148193,,
116100,2.781085729598999,0.05,-6.848252773284912,,
116150,3.006964921951294,0.05,-6.597788333892822,,
116200,6.238334655761719,0.05,-5.873972415924072,,
116250,6.27339506149292,0.05,-5.925521373748779,,
116300,3.841792106628418,0.05,-5.971520900726318,,
116350,6.2310638427734375,0.05,-5.889565944671631,,
116400,0.5659344792366028,0.05,-5.399650573730469,,
116450,3.262733221054077,0.05,-6.694637298583984,,
116500,1.3057667016983032,0.05,-6.2112884521484375,,
116550,6.076070308685303,0.05,-7.193893909454346,,
116600,1.0021659135818481,0.05,-6.316176891326904,,
116650,3.4622914791107178,0.05,-5.596248149871826,,
116700,7.659116268157959,0.05,-6.0229339599609375,,
116750,2.874194860458374,0.05,-6.149112701416016,,
116800,0.6266523599624634,0.05,-5.632810592651367,,
116850,0.564398467540741,0.05,-6.184899806976318,,
116900,5.941004276275635,0.05,-5.206145763397217,,
116950,0.8684901595115662,0.05,-8.190842628479004,,
117000,2.308960437774658,0.05,-5.443857669830322,,
117050,4.19467306137085,0.05,-7.7197585105896,,
117100,5.261519908905029,0.05,-5.627695560455322,,
117150,0.9038963317871094,0.05,-6.652929782867432,,
117200,5.1844258308410645,0.05,-6.3180999755859375,,
117250,5.98052453994751,0.05,-5.798030376434326,,
117300,1.6323248147964478,0.05,-7.863108158111572,,
117350,2.1276609897613525,0.05,-6.455892086029053,,
117400,7.42266845703125,0.05,-6.638059139251709,,
117450,3.928670883178711,0.05,-7.7688727378845215,,
117500,0.6053672432899475,0.05,-6.213826656341553,,
117550,0.9050421118736267,0.05,-7.418127059936523,,
117600,2.2798521518707275,0.05,-5.9295334815979,,
117650,2.739337682723999,0.05,-6.547227382659912,,
117700,3.597048759460449,0.05,-6.0950469970703125,,
117750,5.227447509765625,0.05,-6.615851879119873,,
117800,5.000425815582275,0.05,-5.5436553955078125,,
117850,5.3170928955078125,0.05,-7.214107990264893,,
117900,6.448080539703369,0.05,-6.225257873535156,,
117950,3.792778968811035,0.05,-5.702620983123779,,
118000,6.4083170890808105,0.05,-8.362300872802734,,
118050,0.7127191424369812,0.05,-6.455484867095947,,
118100,4.910760402679443,0.05,-7.001236438751221,,
118150,2.0730044841766357,0.05,-8.117066383361816,,
118200,3.653104543685913,0.05,-6.344747543334961,,
118250,8.027092933654785,0.05,-8.536757469177246,,
118300,4.450063228607178,0.05,-6.811390399932861,,
118350,3.1551389694213867,0.05,-6.8591389656066895,,
118400,5.558597564697266,0.05,-7.435880661010742,,
118450,1.0028034448623657,0.05,-6.56874418258667,,
118500,2.2305376529693604,0.05,-7.084255218505859,,
118550,4.767917156219482,0.05,-6.698563098907471,,
118600,4.860644817352295,0.05,-7.050636291503906,,
118650,5.571016788482666,0.05,-7.214501857757568,,
118700,0.2594851553440094,0.05,-5.243643283843994,,
118750,5.004208564758301,0.05,-5.958490371704102,,
118800,8.111886978149414,0.05,-5.694840908050537,,
118850,2.0725700855255127,0.05,-7.161928176879883,,
118900,0.9475140571594238,0.05,-6.35490083694458,,
118950,3.8709919452667236,0.05,-6.697926044464111,,
119000,1.2757028341293335,0.05,-7.698816776275635,,
119050,3.406661033630371,0.05,-7.141686916351318,,
119100,10.292439460754395,0.05,-6.9765496253967285,,
119150,5.098910808563232,0.05,-5.919337749481201,,
119200,1.043450951576233,0.05,-5.104831695556641,,
119250,6.15925407409668,0.05,-6.0588765144348145,,
119300,11.389354705810547,0.05,-7.326516628265381,,
119350,4.613587856292725,0.05,-7.438268661499023,,
119400,7.139572620391846,0.05,-5.804307460784912,,
119450,1.0986419916152954,0.05,-7.664760112762451,,
119500,1.4197453260421753,0.05,-6.220640182495117,,
119550,3.737534523010254,0.05,-6.345194339752197,,
119600,4.211879253387451,0.05,-5.720810413360596,,
119650,3.7541589736938477,0.05,-5.99700927734375,,
119700,1.1239391565322876,0.05,-6.34251070022583,,
119750,0.8061946034431458,0.05,-5.528677463531494,,
119800,1.145187497138977,0.05,-5.840442180633545,,
119850,1.7905830144882202,0.05,-5.377995014190674,,
119900,2.9941318035125732,0.05,-6.5975189208984375,,
119950,5.3965535163879395,0.05,-7.177440166473389,,
120000,2.7191860675811768,0.05,-6.295045375823975,,
120050,8.283709526062012,0.05,-7.387994289398193,,
120100,5.502449035644531,0.05,-7.140693664550781,,
120150,5.984090328216553,0.05,-8.8005952835083,,
120200,1.1431258916854858,0.05,-6.830705642700195,,
120250,7.402194499969482,0.05,-6.932727336883545,,
120300,4.870034217834473,0.05,-6.773105621337891,,
120350,13.053360939025879,0.05,-5.416720867156982,,
120400,2.6457598209381104,0.05,-7.046411991119385,,
120450,10.024118423461914,0.05,-6.937765598297119,,
120500,5.065616130828857,0.05,-5.33631706237793,,
120550,11.069334983825684,0.05,-6.460073471069336,,
120600,1.4833407402038574,0.05,-5.922797679901123,,
120650,4.225208759307861,0.05,-5.879035472869873,,
120700,3.083751916885376,0.05,-6.380943298339844,,
120750,11.014817237854004,0.05,-7.606502532958984,,
120800,4.920652389526367,0.05,-5.695285797119141,,
120850,0.6247932314872742,0.05,-6.4008469581604,,
120900,3.683842420578003,0.05,-6.738269329071045,,
120950,0.6444717049598694,0.05,-6.06549072265625,,
121000,0.919583261013031,0.05,-6.365198135375977,,
121050,2.9997336864471436,0.05,-6.07636022567749,,
121100,4.055640697479248,0.05,-7.35491943359375,,
121150,1.0744733810424805,0.05,-7.144920349121094,,
121200,6.158273220062256,0.05,-6.495777606964111,,
121250,0.5195710062980652,0.05,-6.4890313148498535,,
121300,1.1237114667892456,0.05,-5.925526142120361,,
121350,1.0973950624465942,0.05,-6.070470809936523,,
121400,3.406073808670044,0.05,-5.825862884521484,,
121450,6.1602864265441895,0.05,-6.495057582855225,,
121500,0.541679859161377,0.05,-6.645807266235352,,
121550,0.9275537133216858,0.05,-6.838518142700195,,
121600,4.063210964202881,0.05,-6.944454669952393,,
121650,6.159255504608154,0.05,-5.698039531707764,,
121700,1.5082963705062866,0.05,-6.673583507537842,,
121750,3.5354411602020264,0.05,-6.51402473449707,,
121800,4.626590251922607,0.05,-6.7010626792907715,,
121850,0.6634265780448914,0.05,-5.8143181800842285,,
121900,9.316315650939941,0.05,-6.432587146759033,,
121950,8.038735389709473,0.05,-5.836667537689209,,
122000,1.7658144235610962,0.05,-6.356817722320557,,
122050,2.2425127029418945,0.05,-7.852091312408447,,
122100,1.0070831775665283,0.05,-5.120433330535889,,
122150,1.8884860277175903,0.05,-7.091001987457275,,
122200,0.8941604495048523,0.05,-5.81036376953125,,
122250,1.871585726737976,0.05,-5.8137736320495605,,
122300,7.960311412811279,0.05,-7.040727138519287,,
122350,2.6891262531280518,0.05,-5.747743129730225,,
122400,3.8266398906707764,0.05,-5.950232982635498,,
122450,1.312576413154602,0.05,-6.923625469207764,,
122500,4.395148754119873,0.05,-5.697123050689697,,
122550,4.217556953430176,0.05,-6.580142974853516,,
122600,4.555049896240234,0.05,-6.197851181030273,,
122650,1.0440738201141357,0.05,-6.295321941375732,,
122700,1.8910589218139648,0.05,-5.375532150268555,,
122750,2.471196413040161,0.05,-6.107715606689453,,
122800,2.6152184009552,0.05,-6.8641357421875,,
122850,6.384925365447998,0.05,-6.892526149749756,,
122900,4.320007801055908,0.05,-6.7857818603515625,,
122950,1.1187292337417603,0.05,-5.9343719482421875,,
123000,1.4122018814086914,0.05,-7.360559463500977,,
123050,2.180433988571167,0.05,-6.365928649902344,,
123100,3.1476919651031494,0.05,-7.086639404296875,,
123150,4.509611129760742,0.05,-6.70680570602417,,
123200,9.893868446350098,0.05,-6.318973541259766,,
123250,3.3001880645751953,0.05,-7.16631555557251,,
123300,1.6618205308914185,0.05,-6.029425144195557,,
123350,1.028905987739563,0.05,-6.47381591796875,,
123400,4.04255485534668,0.05,-6.389743804931641,,
123450,2.973846197128296,0.05,-6.78826379776001,,
123500,2.783886194229126,0.05,-8.178348541259766,,
123550,3.0167465209960938,0.05,-7.077159881591797,,
123600,1.6588808298110962,0.05,-6.903755187988281,,
123650,0.22344298660755157,0.05,-5.980260372161865,,
123700,7.02389669418335,0.05,-6.362558841705322,,
123750,3.591379404067993,0.05,-6.968242168426514,,
123800,0.6377813816070557,0.05,-6.450226306915283,,
123850,1.3807324171066284,0.05,-5.743836879730225,,
123900,15.8155517578125,0.05,-6.402550220489502,,
123950,1.49014151096344,0.05,-8.004376411437988,,
124000,8.45478343963623,0.05,-6.624220371246338,,
124050,2.11834454536438,0.05,-5.771656036376953,,
124100,0.5976911187171936,0.05,-7.722806453704834,,
124150,5.22284460067749,0.05,-5.299746513366699,,
124200,1.646586298942566,0.05,-4.938734531402588,,
124250,5.6066131591796875,0.05,-6.974575519561768,,
124300,2.693868398666382,0.05,-5.4638800621032715,,
124350,0.41308701038360596,0.05,-6.276161193847656,,
124400,0.361449271440506,0.05,-5.887367248535156,,
124450,5.6650309562683105,0.05,-5.8333587646484375,,
124500,6.125929355621338,0.05,-6.978344440460205,,
124550,4.525506973266602,0.05,-5.654510974884033,,
124600,3.048720359802246,0.05,-6.9583740234375,,
124650,6.64734411239624,0.05,-7.721393585205078,,
124700,2.0787622928619385,0.05,-6.837331771850586,,
124750,6.124181270599365,0.05,-6.693945407867432,,
124800,0.7040271759033203,0.05,-6.940734386444092,,
124850,1.5689555406570435,0.05,-5.854787349700928,,
124900,9.016531944274902,0.05,-6.3012003898620605,,
124950,1.5554288625717163,0.05,-6.183701992034912,,
125000,1.3333319425582886,0.05,-6.033858776092529,-0.9017270854149001,41.73333333333333
125050,0.6154102683067322,0.05,-5.216893672943115,,
125100,2.090587854385376,0.05,-7.113952159881592,,
125150,3.787989377975464,0.05,-6.749732971191406,,
125200,3.6352646350860596,0.05,-7.119657039642334,,
125250,0.7367237210273743,0.05,-6.023977756500244,,
125300,0.28374412655830383,0.05,-5.284305572509766,,
125350,4.407780170440674,0.05,-6.129082202911377,,
125400,3.080540895462036,0.05,-6.126734256744385,,
125450,4.990983486175537,0.05,-5.692723751068115,,
125500,3.901787757873535,0.05,-5.256990909576416,,
125550,2.5974409580230713,0.05,-7.06044340133667,,
125600,0.7977436184883118,0.05,-6.653168201446533,,
125650,3.582777976989746,0.05,-7.790663242340088,,
125700,1.2816407680511475,0.05,-5.7907891273498535,,
125750,2.4034178256988525,0.05,-5.67120885848999,,
125800,1.7948187589645386,0.05,-6.047281265258789,,
125850,1.4195932149887085,0.05,-5.499812602996826,,
125900,8.36929702758789,0.05,-6.109970569610596,,
125950,2.609149694442749,0.05,-5.639132022857666,,
126000,4.639092922210693,0.05,-5.685239315032959,,
126050,1.3679381608963013,0.05,-7.163778305053711,,
126100,7.638930797576904,0.05,-5.256881237030029,,
126150,0.7314969897270203,0.05,-6.355091571807861,,
126200,0.5130338668823242,0.05,-6.195583820343018,,
126250,1.9094470739364624,0.05,-6.413903713226318,,
126300,0.7731426358222961,0.05,-6.505760669708252,,
126350,5.105881690979004,0.05,-6.333913803100586,,
126400,1.2297712564468384,0.05,-6.610286712646484,,
126450,3.0081708431243896,0.05,-6.212091445922852,,
126500,7.9626922607421875,0.05,-7.228970050811768,,
126550,3.9666125774383545,0.05,-6.631871700286865,,
126600,0.9372563362121582,0.05,-6.020597457885742,,
126650,1.5537980794906616,0.05,-7.0203704833984375,,
126700,1.0656229257583618,0.05,-6.1181254386901855,,
126750,5.1922526359558105,0.05,-6.045856475830078,,
126800,2.724956750869751,0.05,-5.385888576507568,,
126850,0.8332826495170593,0.05,-5.65947151184082,,
126900,2.1386327743530273,0.05,-6.018186569213867,,
126950,12.590102195739746,0.05,-5.990644931793213,,
127000,5.898149013519287,0.05,-6.382999420166016,,
127050,0.3139967620372772,0.05,-6.499210357666016,,
127100,2.639575242996216,0.05,-6.135453701019287,,
127150,1.4120696783065796,0.05,-6.288324356079102,,
127200,2.32653546333313,0.05,-7.217752456665039,,
127250,2.832303047180176,0.05,-6.852930068969727,,
127300,2.8624699115753174,0.05,-7.25890588760376,,
127350,3.350573778152466,0.05,-7.3414764404296875,,
127400,2.803309202194214,0.05,-7.47697114944458,,
127450,0.5495467782020569,0.05,-7.458347797393799,,
127500,1.959337830543518,0.05,-7.934811115264893,,
127550,2.130145311355591,0.05,-7.403480529785156,,
127600,0.888434886932373,0.05,-6.359729290008545,,
127650,1.4336801767349243,0.05,-6.89019250869751,,
127700,2.234093189239502,0.05,-6.6808085441589355,,
127750,0.5880089402198792,0.05,-6.134767055511475,,
127800,3.169468641281128,0.05,-5.369138240814209,,
127850,1.293877124786377,0.05,-5.408204555511475,,
127900,2.7702457904815674,0.05,-6.512635707855225,,
127950,5.530320644378662,0.05,-7.724245071411133,,
128000,4.0605387687683105,0.05,-6.6843342781066895,,
128050,2.3861641883850098,0.05,-7.548826694488525,,
128100,1.1310746669769287,0.05,-6.207687854766846,,
128150,2.749556541442871,0.05,-6.496607303619385,,
128200,1.0007551908493042,0.05,-5.7074127197265625,,
128250,0.6500157713890076,0.05,-5.58013916015625,,
128300,6.239388942718506,0.05,-7.071732997894287,,
128350,4.720579147338867,0.05,-6.520426273345947,,
128400,2.8281686305999756,0.05,-6.2146992683410645,,
128450,9.820662498474121,0.05,-7.926666259765625,,
128500,5.952098846435547,0.05,-6.513888835906982,,
128550,4.673689365386963,0.05,-6.524515151977539,,
128600,2.224895715713501,0.05,-7.562577724456787,,
128650,15.299407958984375,0.05,-7.72467041015625,,
128700,3.395711898803711,0.05,-7.036991119384766,,
128750,7.6979851722717285,0.05,-7.32125997543335,,
128800,6.473087310791016,0.05,-6.917718887329102,,
128850,1.7640067338943481,0.05,-6.902593612670898,,
128900,7.012108325958252,0.05,-8.380802154541016,,
128950,6.806338787078857,0.05,-7.042129993438721,,
129000,2.3974835872650146,0.05,-7.221041202545166,,
129050,6.311100482940674,0.05,-6.669444561004639,,
129100,2.6170480251312256,0.05,-6.798872470855713,,
129150,8.101982116699219,0.05,-7.170874118804932,,
129200,1.2966444492340088,0.05,-8.2306547164917,,
129250,4.343997001647949,0.05,-6.422530651092529,,
129300,11.292530059814453,0.05,-7.998167514801025,,
129350,4.888548374176025,0.05,-7.004701614379883,,
129400,1.2653310298919678,0.05,-8.360320091247559,,
129450,4.2945451736450195,0.05,-7.65955114364624,,
129500,7.358304977416992,0.05,-6.111478328704834,,
129550,4.562573432922363,0.05,-6.455235004425049,,
129600,4.885855197906494,0.05,-7.035783767700195,,
129650,3.574476480484009,0.05,-7.59388542175293,,
129700,3.801032781600952,0.05,-7.96881628036499,,
129750,2.874201536178589,0.05,-6.875175476074219,,
129800,1.7807384729385376,0.05,-6.552249908447266,,
129850,4.289464473724365,0.05,-7.778696537017822,,
129900,2.067697525024414,0.05,-6.119714736938477,,
129950,0.9639043211936951,0.05,-6.1019606590271,,
130000,1.0344187021255493,0.05,-6.590688705444336,,
130050,3.6232471466064453,0.05,-6.9061279296875,,
130100,0.6790461540222168,0.05,-6.500387668609619,,
130150,18.212575912475586,0.05,-7.334336757659912,,
130200,7.397511959075928,0.05,-7.050293445587158,,
130250,5.187860012054443,0.05,-6.455465316772461,,
130300,8.216703414916992,0.05,-6.301595687866211,,
130350,7.468652725219727,0.05,-7.681026458740234,,
130400,0.9628193974494934,0.05,-7.123924255371094,,
130450,4.097686290740967,0.05,-6.789665699005127,,
130500,3.658846139907837,0.05,-5.926208019256592,,
130550,4.872133255004883,0.05,-6.383663654327393,,
130600,4.672543048858643,0.05,-7.927700042724609,,
130650,3.367902994155884,0.05,-6.599005222320557,,
130700,5.786354064941406,0.05,-7.225419998168945,,
130750,5.415107727050781,0.05,-7.935712814331055,,
130800,9.5764741897583,0.05,-8.865094184875488,,
130850,2.1962735652923584,0.05,-7.164157867431641,,
130900,6.498064041137695,0.05,-6.697503566741943,,
130950,1.0000451803207397,0.05,-6.399158477783203,,
131000,2.1262662410736084,0.05,-6.221200466156006,,
131050,1.0829787254333496,0.05,-6.385575771331787,,
131100,2.0553972721099854,0.05,-7.463432312011719,,
131150,2.6615524291992188,0.05,-7.324063777923584,,
131200,4.249088287353516,0.05,-7.155951023101807,,
131250,0.3992927372455597,0.05,-7.648462772369385,,
131300,1.7956262826919556,0.05,-7.05523681640625,,
131350,10.018948554992676,0.05,-6.288062572479248,,
131400,5.811222553253174,0.05,-5.553974628448486,,
131450,5.699826717376709,0.05,-8.510059356689453,,
131500,1.3269912004470825,0.05,-6.594621181488037,,
131550,5.5648193359375,0.05,-6.223672866821289,,
131600,8.211261749267578,0.05,-7.613086223602295,,
131650,10.88018798828125,0.05,-6.470865726470947,,
131700,0.8779608607292175,0.05,-6.617914199829102,,
131750,5.070565223693848,0.05,-6.463962078094482,,
131800,0.8251581192016602,0.05,-5.971447467803955,,
131850,1.5918067693710327,0.05,-6.121668338775635,,
131900,1.642953872680664,0.05,-6.112266540527344,,
131950,5.113489151000977,0.05,-7.13457727432251,,
132000,15.220620155334473,0.05,-7.17592191696167,,
132050,2.64322566986084,0.05,-7.165318012237549,,
132100,2.2368662357330322,0.05,-7.158431529998779,,
132150,0.643183171749115,0.05,-6.8522725105285645,,
132200,2.808940887451172,0.05,-6.18671178817749,,
132250,5.79009485244751,0.05,-7.194019317626953,,
132300,0.13382890820503235,0.05,-6.109613418579102,,
132350,2.267805337905884,0.05,-6.9444756507873535,,
132400,6.974916458129883,0.05,-6.823172092437744,,
132450,8.373364448547363,0.05,-6.551031589508057,,
132500,3.204961061477661,0.05,-7.744557857513428,,
132550,3.4284675121307373,0.05,-6.64565896987915,,
132600,3.133873224258423,0.05,-6.289337158203125,,
132650,5.443029880523682,0.05,-5.5093994140625,,
132700,4.658167362213135,0.05,-7.721637725830078,,
132750,9.312374114990234,0.05,-6.6709675788879395,,
132800,1.2868403196334839,0.05,-6.707881450653076,,
132850,0.6803252696990967,0.05,-6.1696906089782715,,
132900,1.2586842775344849,0.05,-6.337503910064697,,
132950,3.6685283184051514,0.05,-6.2535929679870605,,
133000,4.066349029541016,0.05,-7.100738048553467,,
133050,6.613563537597656,0.05,-6.703941345214844,,
133100,2.924342393875122,0.05,-7.0064167976379395,,
133150,6.991971969604492,0.05,-6.625581741333008,,
133200,1.6297197341918945,0.05,-6.362734317779541,,
133250,1.9630823135375977,0.05,-7.520071029663086,,
133300,1.5947755575180054,0.05,-5.419688701629639,,
133350,1.1713849306106567,0.05,-6.601015567779541,,
133400,1.0650113821029663,0.05,-6.5458197593688965,,
133450,3.322852373123169,0.05,-7.501138210296631,,
133500,4.467250347137451,0.05,-6.869583606719971,,
133550,1.1390482187271118,0.05,-6.938510417938232,,
133600,8.50311279296875,0.05,-6.821374416351318,,
133650,4.462051868438721,0.05,-6.712173938751221,,
133700,0.5477946996688843,0.05,-5.976928234100342,,
133750,2.843701124191284,0.05,-5.567058563232422,,
133800,2.4235684871673584,0.05,-5.920689105987549,,
133850,3.9150784015655518,0.05,-6.840551376342773,,
133900,5.190537452697754,0.05,-5.428847789764404,,
133950,3.4792730808258057,0.05,-6.519260883331299,,
134000,7.735058307647705,0.05,-5.387603759765625,,
134050,10.7991943359375,0.05,-7.722705841064453,,
134100,7.37556266784668,0.05,-6.107812881469727,,
134150,2.000108003616333,0.05,-6.708747386932373,,
134200,3.741128921508789,0.05,-6.107618808746338,,
134250,0.5967046618461609,0.05,-7.162268161773682,,
134300,2.446481704711914,0.05,-5.306461811065674,,
134350,0.8230237364768982,0.05,-6.568136215209961,,
134400,7.422025203704834,0.05,-7.440929412841797,,
134450,2.0130720138549805,0.05,-6.450677394866943,,
134500,4.116970062255859,0.05,-5.910470485687256,,
134550,11.871930122375488,0.05,-6.3865203857421875,,
134600,5.285232067108154,0.05,-5.545602321624756,,
134650,2.17594838142395,0.05,-6.207391738891602,,
134700,0.7416723370552063,0.05,-5.387795925140381,,
134750,1.5660938024520874,0.05,-5.551700592041016,,
134800,0.929689884185791,0.05,-5.2614898681640625,,
134850,11.194109916687012,0.05,-7.023001194000244,,
134900,5.169600963592529,0.05,-7.007106781005859,,
134950,3.3737478256225586,0.05,-6.369328022003174,,
135000,1.4597406387329102,0.05,-5.238218784332275,,
135050,3.7351081371307373,0.05,-5.848082065582275,,
135100,7.4854912757873535,0.05,-6.532311916351318,,
135150,4.1288347244262695,0.05,-5.486328125,,
135200,1.4763015508651733,0.05,-7.550800323486328,,
135250,2.9765331745147705,0.05,-6.442682266235352,,
135300,6.795482635498047,0.05,-6.56260871887207,,
135350,3.572526216506958,0.05,-6.6354079246521,,
135400,4.719686031341553,0.05,-5.750326633453369,,
135450,9.69672679901123,0.05,-7.478410243988037,,
135500,7.863074779510498,0.05,-6.204153537750244,,
135550,1.4135236740112305,0.05,-5.786970615386963,,
135600,5.9849853515625,0.05,-6.753441333770752,,
135650,2.8084428310394287,0.05,-6.306005954742432,,
135700,6.125675201416016,0.05,-7.084757328033447,,
135750,0.615314781665802,0.05,-5.672600269317627,,
135800,2.8543148040771484,0.05,-6.407167434692383,,
135850,4.234523296356201,0.05,-5.795282363891602,,
135900,6.9533209800720215,0.05,-6.9761481285095215,,
135950,4.778804779052734,0.05,-6.095489501953125,,
136000,5.784570217132568,0.05,-6.472053527832031,,
136050,6.6967082023620605,0.05,-5.375182628631592,,
136100,10.984694480895996,0.05,-5.9920220375061035,,
136150,0.5291812419891357,0.05,-5.828858852386475,,
136200,2.3081486225128174,0.05,-6.467321395874023,,
136250,9.401349067687988,0.05,-6.186967849731445,,
136300,4.364611625671387,0.05,-6.479528427124023,,
136350,3.081847906112671,0.05,-6.175001621246338,,
136400,0.8803009986877441,0.05,-4.812350749969482,,
136450,11.0030517578125,0.05,-6.357724666595459,,
136500,2.878732681274414,0.05,-6.246734142303467,,
136550,3.9737846851348877,0.05,-5.152610778808594,,
136600,3.367223024368286,0.05,-5.789546966552734,,
136650,5.927037715911865,0.05,-7.085316181182861,,
136700,2.04238224029541,0.05,-5.622762203216553,,
136750,5.849775791168213,0.05,-5.950817584991455,,
136800,3.8816423416137695,0.05,-6.943325042724609,,
136850,0.2688544690608978,0.05,-5.478420257568359,,
136900,2.3098175525665283,0.05,-6.268517017364502,,
136950,4.250178337097168,0.05,-7.277780532836914,,
137000,4.2969512939453125,0.05,-6.17095947265625,,
137050,0.7932657599449158,0.05,-5.520750045776367,,
137100,13.625873565673828,0.05,-5.877950668334961,,
137150,0.9556880593299866,0.05,-5.023775577545166,,
137200,5.220639705657959,0.05,-6.318262577056885,,
137250,3.357980966567993,0.05,-7.522986888885498,,
137300,1.0371896028518677,0.05,-5.968507289886475,,
137350,6.705070972442627,0.05,-7.2037129402160645,,
137400,3.292097806930542,0.05,-6.178281307220459,,
137450,2.2218382358551025,0.05,-5.6989312171936035,,
137500,5.251495361328125,0.05,-6.470863342285156,,
137550,0.8347869515419006,0.05,-4.981466293334961,,
137600,1.1972883939743042,0.05,-5.339649200439453,,
137650,7.6349568367004395,0.05,-5.504745006561279,,
137700,4.427489757537842,0.05,-6.135345935821533,,
137750,2.425246477127075,0.05,-6.3775811195373535,,
137800,5.196028232574463,0.05,-5.841102600097656,,
137850,0.6160699725151062,0.05,-6.233850955963135,,
137900,1.4709073305130005,0.05,-6.990102291107178,,
137950,5.548072814941406,0.05,-5.850975036621094,,
138000,1.079241156578064,0.05,-6.176639556884766,,
138050,2.7948944568634033,0.05,-6.079690456390381,,
138100,2.705528974533081,0.05,-5.3508148193359375,,
138150,2.260732412338257,0.05,-5.0089240074157715,,
138200,6.956441879272461,0.05,-7.351369857788086,,
138250,6.363264083862305,0.05,-6.607704162597656,,
138300,5.404104232788086,0.05,-5.063859462738037,,
138350,2.366792917251587,0.05,-6.318545818328857,,
138400,15.422844886779785,0.05,-5.30841588973999,,
138450,9.150137901306152,0.05,-7.07691764831543,,
138500,1.6173213720321655,0.05,-6.0846943855285645,,
138550,3.886277914047241,0.05,-6.88995361328125,,
138600,2.1968393325805664,0.05,-6.169525146484375,,
138650,2.1204750537872314,0.05,-6.153104305267334,,
138700,2.6597766876220703,0.05,-6.4296040534973145,,
138750,9.313467979431152,0.05,-6.775439739227295,,
138800,10.18978214263916,0.05,-7.157568454742432,,
138850,4.995083332061768,0.05,-6.5098557472229,,
138900,5.267549514770508,0.05,-4.93730354309082,,
138950,3.5491960048675537,0.05,-6.243844509124756,,
139000,2.0948894023895264,0.05,-5.673340320587158,,
139050,1.7439302206039429,0.05,-7.815329074859619,,
139100,6.821023941040039,0.05,-7.365889072418213,,
139150,1.0980499982833862,0.05,-7.528769016265869,,
139200,9.983187675476074,0.05,-7.696389675140381,,
139250,11.769392967224121,0.05,-6.3470072746276855,,
139300,7.704995632171631,0.05,-6.917967319488525,,
139350,4.762031555175781,0.05,-6.601108551025391,,
139400,2.311250686645508,0.05,-5.429271697998047,,
139450,7.340234279632568,0.05,-5.465522289276123,,
139500,1.150766134262085,0.05,-7.011730194091797,,
139550,0.7354548573493958,0.05,-6.239261150360107,,
139600,9.524202346801758,0.05,-7.317314147949219,,
139650,8.844145774841309,0.05,-5.4711127281188965,,
139700,4.415231227874756,0.05,-6.138803482055664,,
139750,1.6160173416137695,0.05,-5.950821399688721,,
139800,1.5584731101989746,0.05,-6.344959735870361,,
139850,6.264401912689209,0.05,-4.95487642288208,,
139900,9.209433555603027,0.05,-6.876723766326904,,
139950,1.347873568534851,0.05,-6.1843390464782715,,
140000,1.8369851112365723,0.05,-5.803823471069336,,
140050,0.7835990786552429,0.05,-5.342261791229248,,
140100,1.8052177429199219,0.05,-5.241463661193848,,
140150,6.956881999969482,0.05,-7.5074334144592285,,
140200,23.39293098449707,0.05,-5.957767963409424,,
140250,5.477137088775635,0.05,-6.8543853759765625,,
140300,2.3451132774353027,0.05,-7.075295925140381,,
140350,4.103540897369385,0.05,-7.128875732421875,,
140400,6.46283483505249,0.05,-6.4918212890625,,
140450,11.547892570495605,0.05,-5.874220371246338,,
140500,6.6895294189453125,0.05,-7.233391284942627,,
140550,6.351438999176025,0.05,-7.679111003875732,,
140600,0.9397552013397217,0.05,-6.415744304656982,,
140650,2.2126126289367676,0.05,-6.400455474853516,,
140700,3.557703971862793,0.05,-5.397080898284912,,
140750,5.552663803100586,0.05,-6.154373645782471,,
140800,14.047514915466309,0.05,-6.8404717445373535,,
140850,3.5786964893341064,0.05,-5.511106014251709,,
140900,5.224452495574951,0.05,-5.792685031890869,,
140950,4.533321380615234,0.05,-5.475649356842041,,
141000,9.055794715881348,0.05,-6.062189102172852,,
141050,9.901822090148926,0.05,-5.700691223144531,,
141100,22.432945251464844,0.05,-7.571204662322998,,
141150,6.649356365203857,0.05,-6.171332836151123,,
141200,4.460149765014648,0.05,-6.8013176918029785,,
141250,6.145933628082275,0.05,-6.721938610076904,,
141300,4.528670787811279,0.05,-7.231380462646484,,
141350,11.222090721130371,0.05,-6.569342136383057,,
141400,4.649753570556641,0.05,-6.413895130157471,,
141450,8.440336227416992,0.05,-6.417904376983643,,
141500,1.5396699905395508,0.05,-6.104551792144775,,
141550,4.79486608505249,0.05,-6.173934459686279,,
141600,3.661790132522583,0.05,-5.828306198120117,,
141650,10.810770988464355,0.05,-7.04175329208374,,
141700,0.8798410296440125,0.05,-6.153292179107666,,
141750,0.510114312171936,0.05,-5.430008411407471,,
141800,0.7159576416015625,0.05,-6.001285076141357,,
141850,7.775376796722412,0.05,-6.246980667114258,,
141900,4.147724628448486,0.05,-5.830116271972656,,
141950,2.1924498081207275,0.05,-7.163196086883545,,
142000,4.841969013214111,0.05,-6.95477819442749,,
142050,3.0744974613189697,0.05,-7.1367878913879395,,
142100,2.5951993465423584,0.05,-5.9322357177734375,,
142150,1.3608322143554688,0.05,-6.479088306427002,,
142200,8.05557918548584,0.05,-5.9619317054748535,,
142250,6.805593013763428,0.05,-6.988830089569092,,
142300,2.9569714069366455,0.05,-6.09171724319458,,
142350,1.3589715957641602,0.05,-7.5924811363220215,,
142400,7.92324686050415,0.05,-8.027772903442383,,
142450,2.615027904510498,0.05,-6.799203395843506,,
142500,3.5148251056671143,0.05,-7.746234893798828,,
142550,8.20331859588623,0.05,-5.428938388824463,,
142600,3.3603994846343994,0.05,-6.264906406402588,,
142650,2.85030460357666,0.05,-6.534146785736084,,
142700,3.5407116413116455,0.05,-6.48318338394165,,
142750,5.0270161628723145,0.05,-6.529172897338867,,
142800,7.901340961456299,0.05,-7.003973007202148,,
142850,9.978994369506836,0.05,-6.474395275115967,,
142900,1.831943154335022,0.05,-7.035655975341797,,
142950,4.076700687408447,0.05,-5.838620662689209,,
143000,2.321124315261841,0.05,-5.588201522827148,,
143050,6.810889720916748,0.05,-5.5112175941467285,,
143100,5.944435119628906,0.05,-5.230077266693115,,
143150,2.513784646987915,0.05,-6.1580424308776855,,
143200,3.925651788711548,0.05,-6.70454740524292,,
143250,1.317919373512268,0.05,-7.906010150909424,,
143300,2.6360700130462646,0.05,-6.211679458618164,,
143350,1.3502607345581055,0.05,-6.063797473907471,,
143400,4.823854446411133,0.05,-6.093790054321289,,
143450,1.729708194732666,0.05,-5.797674179077148,,
143500,6.4123053550720215,0.05,-5.707034587860107,,
143550,0.8997273445129395,0.05,-6.0158820152282715,,
143600,5.281877517700195,0.05,-5.952036380767822,,
143650,15.732304573059082,0.05,-7.228116989135742,,
143700,11.374088287353516,0.05,-5.6135077476501465,,
143750,4.976716041564941,0.05,-7.493051052093506,,
143800,5.40033483505249,0.05,-8.452889442443848,,
143850,4.205718994140625,0.05,-5.536573886871338,,
143900,0.8385753631591797,0.05,-5.134588718414307,,
143950,2.410113573074341,0.05,-6.258464813232422,,
144000,9.696725845336914,0.05,-6.001714706420898,,
144050,4.464177131652832,0.05,-5.8879170417785645,,
144100,6.370439529418945,0.05,-5.929394245147705,,
144150,0.8602499961853027,0.05,-5.831742763519287,,
144200,5.065955638885498,0.05,-5.607700347900391,,
144250,0.775437593460083,0.05,-5.4955830574035645,,
144300,4.164638996124268,0.05,-5.076254844665527,,
144350,5.269881725311279,0.05,-6.122987747192383,,
144400,8.133283615112305,0.05,-6.3919758796691895,,
144450,1.903683066368103,0.05,-5.655598163604736,,
144500,1.160814642906189,0.05,-5.196119785308838,,
144550,6.879680156707764,0.05,-6.812568187713623,,
144600,1.638419508934021,0.05,-6.722436904907227,,
144650,0.1875888854265213,0.05,-5.2650556564331055,,
144700,4.633811950683594,0.05,-6.926860809326172,,
144750,1.4434083700180054,0.05,-5.745700836181641,,
144800,0.5147599577903748,0.05,-5.207757472991943,,
144850,1.609527587890625,0.05,-6.332126140594482,,
144900,1.6973987817764282,0.05,-5.088528633117676,,
144950,9.622475624084473,0.05,-7.184648036956787,,
145000,5.3119354248046875,0.05,-4.923733234405518,,
145050,8.75532054901123,0.05,-6.595658779144287,,
145100,0.3647749722003937,0.05,-5.0469441413879395,,
145150,9.920042991638184,0.05,-6.229225158691406,,
145200,9.294297218322754,0.05,-7.402193069458008,,
145250,1.6643296480178833,0.05,-6.732868194580078,,
145300,3.749941110610962,0.05,-4.980156898498535,,
145350,3.1354873180389404,0.05,-5.5305633544921875,,
145400,4.250324726104736,0.05,-5.975142002105713,,
145450,4.172634601593018,0.05,-6.009296417236328,,
145500,2.549903631210327,0.05,-4.447366237640381,,
145550,10.968174934387207,0.05,-6.44294548034668,,
145600,0.995594322681427,0.05,-6.884787082672119,,
145650,0.4974420964717865,0.05,-7.797348499298096,,
145700,0.5220624804496765,0.05,-5.3648810386657715,,
145750,4.084161281585693,0.05,-5.376747131347656,,
145800,0.9513173699378967,0.05,-7.071430683135986,,
145850,1.3473533391952515,0.05,-6.591465473175049,,
145900,5.109158515930176,0.05,-5.690248966217041,,
145950,1.0867749452590942,0.05,-5.358898162841797,,
146000,2.9330718517303467,0.05,-6.0375189781188965,,
146050,3.2811853885650635,0.05,-5.605624675750732,,
146100,4.330921173095703,0.05,-5.3878960609436035,,
146150,6.598861217498779,0.05,-8.055052757263184,,
146200,1.703198790550232,0.05,-5.914437770843506,,
146250,4.496536731719971,0.05,-5.571336269378662,,
146300,2.496605634689331,0.05,-5.746737003326416,,
146350,2.1091833114624023,0.05,-6.551672458648682,,
146400,0.9560320377349854,0.05,-5.27528715133667,,
146450,0.8738051056861877,0.05,-4.561700344085693,,
146500,0.515242874622345,0.05,-5.731374263763428,,
146550,4.491623401641846,0.05,-6.472465515136719,,
146600,1.3883835077285767,0.05,-6.330289363861084,,
146650,2.1362404823303223,0.05,-5.891874313354492,,
146700,1.0130407810211182,0.05,-6.011241912841797,,
146750,9.030289649963379,0.05,-6.455193996429443,,
146800,2.5581722259521484,0.05,-6.100512981414795,,
146850,1.1793166399002075,0.05,-5.68264627456665,,
146900,14.375239372253418,0.05,-7.575103759765625,,
146950,3.3362581729888916,0.05,-5.897219181060791,,
147000,1.6442369222640991,0.05,-5.678549289703369,,
147050,2.641939640045166,0.05,-5.279031276702881,,
147100,9.216681480407715,0.05,-6.407019138336182,,
147150,5.144313335418701,0.05,-4.912775993347168,,
147200,2.3652632236480713,0.05,-5.376592636108398,,
147250,2.585066080093384,0.05,-6.354617595672607,,
147300,0.5554761290550232,0.05,-5.155571460723877,,
147350,6.083141326904297,0.05,-5.801849842071533,,
147400,3.5710906982421875,0.05,-5.1030778884887695,,
147450,1.3643637895584106,0.05,-6.06393575668335,,
147500,4.574258804321289,0.05,-5.642014980316162,,
147550,1.538267970085144,0.05,-6.123624801635742,,
147600,4.064032554626465,0.05,-6.26623010635376,,
147650,1.6839494705200195,0.05,-6.091899871826172,,
147700,3.5943939685821533,0.05,-5.718454360961914,,
147750,5.087003231048584,0.05,-7.4287333488464355,,
147800,4.6990838050842285,0.05,-5.071035861968994,,
147850,7.711341857910156,0.05,-6.251932144165039,,
147900,7.29138708114624,0.05,-5.901298999786377,,
147950,8.34192943572998,0.05,-4.448218822479248,,
148000,4.263901233673096,0.05,-5.446165561676025,,
148050,8.752153396606445,0.05,-5.209506511688232,,
148100,3.7679359912872314,0.05,-6.847468852996826,,
148150,2.023287534713745,0.05,-4.847570896148682,,
148200,2.7548015117645264,0.05,-6.224174499511719,,
148250,4.820937633514404,0.05,-5.44098424911499,,
148300,5.0045857429504395,0.05,-5.531968593597412,,
148350,3.90693736076355,0.05,-6.010751247406006,,
148400,2.162414789199829,0.05,-5.118554592132568,,
148450,0.7330197691917419,0.05,-4.250057697296143,,
148500,8.307807922363281,0.05,-5.545860767364502,,
148550,3.8309743404388428,0.05,-6.218389987945557,,
148600,3.1112072467803955,0.05,-4.839271068572998,,
148650,4.278919219970703,0.05,-4.858729362487793,,
148700,2.7725095748901367,0.05,-4.911965847015381,,
148750,6.098545074462891,0.05,-5.249166965484619,,
148800,1.7162179946899414,0.05,-5.231845855712891,,
148850,1.8757978677749634,0.05,-5.817093372344971,,
148900,0.7026492953300476,0.05,-5.0736613273620605,,
148950,3.4678666591644287,0.05,-5.540886402130127,,
149000,5.605058670043945,0.05,-5.458354949951172,,
149050,4.012059211730957,0.05,-6.266883373260498,,
149100,6.389713287353516,0.05,-5.678725719451904,,
149150,7.847708225250244,0.05,-6.530916213989258,,
149200,11.27579402923584,0.05,-5.79206657409668,,
149250,2.0486443042755127,0.05,-5.133419036865234,,
149300,0.2535228431224823,0.05,-5.430652141571045,,
149350,4.7561445236206055,0.05,-4.778499126434326,,
149400,1.131446361541748,0.05,-4.346760272979736,,
149450,0.9232493042945862,0.05,-4.948617458343506,,
149500,0.7711593508720398,0.05,-6.834039211273193,,
149550,1.2466615438461304,0.05,-5.499105930328369,,
149600,2.819307327270508,0.05,-5.406488418579102,,
149650,0.7279734015464783,0.05,-5.084265232086182,,
149700,5.181050777435303,0.05,-5.052123069763184,,
149750,4.741842746734619,0.05,-4.6701483726501465,,
149800,1.315278172492981,0.05,-4.960103511810303,,
149850,1.021081805229187,0.05,-6.169301509857178,,
149900,0.5167537331581116,0.05,-4.5024871826171875,,
149950,0.5901080369949341,0.05,-4.370132923126221,,
150000,6.779329299926758,0.05,-5.338407516479492,-0.8871938730269583,36.8
150050,2.1853373050689697,0.05,-6.152060031890869,,
150100,1.0518074035644531,0.05,-5.597713470458984,,
150150,7.5064616203308105,0.05,-5.864372253417969,,
150200,4.629326343536377,0.05,-5.770810604095459,,
150250,2.660724401473999,0.05,-6.10181188583374,,
150300,0.6198022961616516,0.05,-4.144773006439209,,
150350,2.4880807399749756,0.05,-6.225515842437744,,
150400,7.241021633148193,0.05,-6.188900470733643,,
150450,1.1463086605072021,0.05,-5.191678047180176,,
150500,3.8110439777374268,0.05,-4.888857841491699,,
150550,5.846699237823486,0.05,-4.507160663604736,,
150600,0.7016717791557312,0.05,-4.823624610900879,,
150650,0.6029751896858215,0.05,-5.621479034423828,,
150700,1.532232642173767,0.05,-5.766838073730469,,
150750,1.1954108476638794,0.05,-3.7589409351348877,,
150800,0.42875245213508606,0.05,-4.665674209594727,,
150850,1.3013670444488525,0.05,-6.525972843170166,,
150900,1.4309355020523071,0.05,-5.511033535003662,,
150950,6.885611057281494,0.05,-6.1526665687561035,,
151000,4.1158928871154785,0.05,-5.305231094360352,,
151050,3.646317481994629,0.05,-5.9754180908203125,,
151100,2.2012197971343994,0.05,-7.261099338531494,,
151150,12.066388130187988,0.05,-5.893249034881592,,
151200,1.4755347967147827,0.05,-5.867748260498047,,
151250,3.9890129566192627,0.05,-5.28623628616333,,
151300,1.0755757093429565,0.05,-6.113092422485352,,
151350,5.708219528198242,0.05,-5.282956600189209,,
151400,8.728447914123535,0.05,-6.252432346343994,,
151450,7.15462064743042,0.05,-5.300014019012451,,
151500,0.633745014667511,0.05,-4.817107677459717,,
151550,0.8201150298118591,0.05,-4.872196674346924,,
151600,0.5077186226844788,0.05,-5.240931034088135,,
151650,1.470834732055664,0.05,-7.022927761077881,,
151700,0.6505624651908875,0.05,-5.03832483291626,,
151750,0.7754133343696594,0.05,-5.554320812225342,,
151800,1.5135654211044312,0.05,-6.409186840057373,,
151850,1.1492253541946411,0.05,-4.6160664558410645,,
151900,3.2076423168182373,0.05,-4.35566520690918,,
151950,9.564372062683105,0.05,-6.685191631317139,,
152000,11.511238098144531,0.05,-5.506883144378662,,
152050,2.7603156566619873,0.05,-4.9560546875,,
152100,8.785359382629395,0.05,-5.302127838134766,,
152150,4.331979274749756,0.05,-6.503942012786865,,
152200,0.9718062281608582,0.05,-3.6485702991485596,,
152250,0.8160603642463684,0.05,-4.098411560058594,,
152300,4.962016582489014,0.05,-4.297699451446533,,
152350,7.7407755851745605,0.05,-6.155142307281494,,
152400,2.0847935676574707,0.05,-4.629685401916504,,
152450,0.9251878261566162,0.05,-5.352710247039795,,
152500,2.4569027423858643,0.05,-4.653506755828857,,
152550,3.5625030994415283,0.05,-4.102906703948975,,
152600,7.516808032989502,0.05,-6.3377814292907715,,
152650,3.1990325450897217,0.05,-4.332280158996582,,
152700,4.15924596786499,0.05,-4.46976375579834,,
152750,0.995127260684967,0.05,-5.274919033050537,,
152800,4.826300621032715,0.05,-4.558780193328857,,
152850,17.649675369262695,0.05,-6.048852443695068,,
152900,2.950427293777466,0.05,-5.522533416748047,,
152950,4.526969909667969,0.05,-5.08462381362915,,
153000,0.7949270606040955,0.05,-3.963681221008301,,
153050,0.28718093037605286,0.05,-3.900472640991211,,
153100,0.19466418027877808,0.05,-4.614470958709717,,
153150,0.6895875334739685,0.05,-4.43394660949707,,
153200,0.7245071530342102,0.05,-5.106664180755615,,
153250,0.9312734603881836,0.05,-4.824265003204346,,
153300,1.1685866117477417,0.05,-5.798202037811279,,
153350,11.490191459655762,0.05,-4.84755802154541,,
153400,3.9597065448760986,0.05,-5.043761730194092,,
153450,12.192980766296387,0.05,-6.205729007720947,,
153500,8.315481185913086,0.05,-5.054917335510254,,
153550,8.140558242797852,0.05,-5.861301898956299,,
153600,1.6709359884262085,0.05,-4.649164199829102,,
153650,10.55282211303711,0.05,-4.67733907699585,,
153700,2.4339537620544434,0.05,-4.377316951751709,,
153750,0.8528922200202942,0.05,-4.357624530792236,,
153800,1.9378904104232788,0.05,-4.647973537445068,,
153850,5.946182727813721,0.05,-4.845580577850342,,
153900,2.164520025253296,0.05,-5.156927108764648,,
153950,5.294218063354492,0.05,-4.751391887664795,,
154000,2.056591272354126,0.05,-5.23730993270874,,
154050,1.3114508390426636,0.05,-5.378859996795654,,
154100,3.0818567276000977,0.05,-5.33319616317749,,
154150,9.210515022277832,0.05,-5.111505031585693,,
154200,3.3454549312591553,0.05,-4.701826572418213,,
154250,4.353884696960449,0.05,-4.327303409576416,,
154300,1.5789726972579956,0.05,-5.803719997406006,,
154350,9.818624496459961,0.05,-5.109843730926514,,
154400,2.6987998485565186,0.05,-4.3404364585876465,,
154450,2.8389902114868164,0.05,-6.024806976318359,,
154500,1.8381620645523071,0.05,-4.206055164337158,,
154550,1.3392833471298218,0.05,-5.135375022888184,,
154600,2.81900691986084,0.05,-5.919904708862305,,
154650,6.332584857940674,0.05,-5.500768184661865,,
154700,2.438380241394043,0.05,-5.6450347900390625,,
154750,2.3365254402160645,0.05,-4.549440383911133,,
154800,3.430448293685913,0.05,-5.038418769836426,,
154850,6.295802593231201,0.05,-6.058891773223877,,
154900,2.3260016441345215,0.05,-6.414450168609619,,
154950,6.338634490966797,0.05,-6.105414867401123,,
155000,2.7835991382598877,0.05,-5.042387962341309,,
155050,4.4070634841918945,0.05,-5.831664562225342,,
155100,6.222265720367432,0.05,-5.373422622680664,,
155150,6.368022918701172,0.05,-3.5772130489349365,,
155200,0.4260559380054474,0.05,-3.835317611694336,,
155250,1.2382045984268188,0.05,-6.334222316741943,,
155300,0.643737256526947,0.05,-5.283398151397705,,
155350,0.6654182076454163,0.05,-5.638167858123779,,
155400,1.9347273111343384,0.05,-5.3917999267578125,,
155450,0.2778880000114441,0.05,-4.462743282318115,,
155500,9.011435508728027,0.05,-6.0443644523620605,,
155550,0.3562890291213989,0.05,-5.137619495391846,,
155600,10.142148971557617,0.05,-5.000943660736084,,
155650,0.8002564907073975,0.05,-4.40309476852417,,
155700,9.110760688781738,0.05,-5.481569766998291,,
155750,2.585728406906128,0.05,-5.507331371307373,,
155800,1.4707456827163696,0.05,-5.638073444366455,,
155850,2.4961531162261963,0.05,-5.048743724822998,,
155900,7.313004970550537,0.05,-4.673643589019775,,
155950,4.1079325675964355,0.05,-5.436616897583008,,
156000,0.9947647452354431,0.05,-4.076940059661865,,
156050,1.1953637599945068,0.05,-4.567864894866943,,
156100,1.2376097440719604,0.05,-6.421550750732422,,
156150,3.6287333965301514,0.05,-5.579953670501709,,
156200,1.3183441162109375,0.05,-5.560827732086182,,
156250,1.212370753288269,0.05,-6.082006454467773,,
156300,2.763279676437378,0.05,-6.0772833824157715,,
156350,3.6137688159942627,0.05,-5.6222243309021,,
156400,4.7621564865112305,0.05,-5.156334400177002,,
156450,5.542687892913818,0.05,-4.39211368560791,,
156500,3.282482385635376,0.05,-6.604940891265869,,
156550,0.5931777358055115,0.05,-4.342798233032227,,
156600,2.733623504638672,0.05,-4.437170505523682,,
156650,1.0422024726867676,0.05,-4.658858776092529,,
156700,1.5289301872253418,0.05,-4.004146099090576,,
156750,1.921080231666565,0.05,-5.952101230621338,,
156800,3.9198687076568604,0.05,-5.947736740112305,,
156850,3.6667444705963135,0.05,-5.599348068237305,,
156900,0.6296213269233704,0.05,-4.032350063323975,,
156950,1.5754742622375488,0.05,-5.633438587188721,,
157000,12.300678253173828,0.05,-6.046427249908447,,
157050,3.0981528759002686,0.05,-5.473262310028076,,
157100,13.794394493103027,0.05,-6.20783805847168,,
157150,2.146998167037964,0.05,-5.460504055023193,,
157200,4.139193058013916,0.05,-5.332926273345947,,
157250,7.592273235321045,0.05,-5.342257976531982,,
157300,0.5905096530914307,0.05,-5.8504719734191895,,
157350,5.544960021972656,0.05,-5.743200778961182,,
157400,15.72204875946045,0.05,-5.286317348480225,,
157450,4.008056163787842,0.05,-6.940330982208252,,
157500,5.701409816741943,0.05,-5.462699890136719,,
157550,0.7849275469779968,0.05,-6.886168003082275,,
157600,4.912723541259766,0.05,-5.602306842803955,,
157650,3.4630191326141357,0.05,-6.051347732543945,,
157700,1.1970282793045044,0.05,-6.62196159362793,,
157750,1.6819571256637573,0.05,-4.960665225982666,,
157800,3.9815280437469482,0.05,-4.664642333984375,,
157850,4.25141716003418,0.05,-6.519064426422119,,
157900,8.200312614440918,0.05,-5.285441875457764,,
157950,5.302116870880127,0.05,-4.876543045043945,,
158000,3.880751609802246,0.05,-7.05602502822876,,
158050,6.041086673736572,0.05,-4.299708843231201,,
158100,6.357482433319092,0.05,-5.963399887084961,,
158150,1.0184838771820068,0.05,-4.921194076538086,,
158200,4.914287567138672,0.05,-4.6223554611206055,,
158250,0.816199779510498,0.05,-5.748613357543945,,
158300,7.055416107177734,0.05,-5.030744552612305,,
158350,0.5631073117256165,0.05,-4.753208637237549,,
158400,3.6152002811431885,0.05,-5.107285022735596,,
158450,5.865067958831787,0.05,-4.932672023773193,,
158500,10.674288749694824,0.05,-4.896005630493164,,
158550,2.5853984355926514,0.05,-4.975137233734131,,
158600,9.5608549118042,0.05,-6.080907344818115,,
158650,20.525075912475586,0.05,-6.576423168182373,,
158700,5.549415111541748,0.05,-5.719253063201904,,
158750,0.9004533290863037,0.05,-4.665407180786133,,
158800,2.714632034301758,0.05,-5.058922290802002,,
158850,10.137213706970215,0.05,-5.421255588531494,,
158900,2.1938745975494385,0.05,-4.131166458129883,,
158950,0.3882669508457184,0.05,-5.293116092681885,,
159000,6.91554594039917,0.05,-6.6124186515808105,,
159050,0.6833033561706543,0.05,-4.664876461029053,,
159100,1.1330984830856323,0.05,-4.937216758728027,,
159150,1.6542688608169556,0.05,-5.064770221710205,,
159200,1.9786895513534546,0.05,-5.194733619689941,,
159250,3.388829469680786,0.05,-5.473036289215088,,
159300,5.083091735839844,0.05,-5.9874348640441895,,
159350,5.105536937713623,0.05,-5.317695617675781,,
159400,3.9614737033843994,0.05,-5.9707818031311035,,
159450,0.48656103014945984,0.05,-5.175031661987305,,
159500,4.180866718292236,0.05,-5.8376078605651855,,
159550,4.090882301330566,0.05,-5.960338592529297,,
159600,12.78173828125,0.05,-5.8627238273620605,,
159650,3.946767568588257,0.05,-4.899362087249756,,
159700,7.513219356536865,0.05,-5.616779327392578,,
159750,0.42914536595344543,0.05,-3.836111068725586,,
159800,3.9604921340942383,0.05,-6.62722635269165,,
159850,9.96734619140625,0.05,-4.836337566375732,,
159900,2.293199062347412,0.05,-5.222789287567139,,
159950,9.414285659790039,0.05,-5.416311264038086,,
160000,7.048094272613525,0.05,-5.761779308319092,,
160050,1.0908507108688354,0.05,-5.547195911407471,,
160100,9.853188514709473,0.05,-5.9179606437683105,,
160150,4.00226354598999,0.05,-5.129993915557861,,
160200,3.6059372425079346,0.05,-5.438783168792725,,
160250,4.287861347198486,0.05,-5.588027477264404,,
160300,2.14634108543396,0.05,-5.9066619873046875,,
160350,5.666710376739502,0.05,-4.411550998687744,,
160400,1.2991398572921753,0.05,-4.819929599761963,,
160450,2.9805123805999756,0.05,-5.63360071182251,,
160500,10.960018157958984,0.05,-5.609062671661377,,
160550,2.77280330657959,0.05,-5.442058086395264,,
160600,1.4738849401474,0.05,-5.938678741455078,,
160650,8.033185005187988,0.05,-5.812648773193359,,
160700,0.5739825963973999,0.05,-5.4919257164001465,,
160750,0.7774021029472351,0.05,-5.2701029777526855,,
160800,3.9440343379974365,0.05,-5.10369873046875,,
160850,2.575936794281006,0.05,-5.034611225128174,,
160900,4.088131904602051,0.05,-5.87372350692749,,
160950,14.341864585876465,0.05,-5.660292148590088,,
161000,0.8308558464050293,0.05,-5.86802864074707,,
161050,9.8323335647583,0.05,-5.064945697784424,,
161100,2.8436343669891357,0.05,-5.698465824127197,,
161150,0.5060285329818726,0.05,-5.3595452308654785,,
161200,4.0189056396484375,0.05,-4.239719390869141,,
161250,2.3574323654174805,0.05,-4.833031177520752,,
161300,8.758562088012695,0.05,-5.313574314117432,,
161350,2.7906179428100586,0.05,-6.081529140472412,,
161400,5.355559825897217,0.05,-5.396363735198975,,
161450,1.7499346733093262,0.05,-6.185838222503662,,
161500,1.3960548639297485,0.05,-5.717164993286133,,
161550,1.305086612701416,0.05,-4.880253314971924,,
161600,5.897054672241211,0.05,-5.208471775054932,,
161650,10.273648262023926,0.05,-5.526551723480225,,
161700,4.096042633056641,0.05,-5.46466588973999,,
161750,8.505664825439453,0.05,-4.178966999053955,,
161800,2.3428733348846436,0.05,-6.274760723114014,,
161850,4.050177097320557,0.05,-5.286141395568848,,
161900,1.0529175996780396,0.05,-4.247375965118408,,
161950,2.4208881855010986,0.05,-5.551344394683838,,
162000,1.3795722723007202,0.05,-4.780792713165283,,
162050,1.5095542669296265,0.05,-6.218616008758545,,
162100,4.077382564544678,0.05,-5.111900329589844,,
162150,0.33478155732154846,0.05,-4.549037933349609,,
162200,3.885185480117798,0.05,-4.568328380584717,,
162250,5.6141533851623535,0.05,-6.412465572357178,,
162300,3.4482920169830322,0.05,-5.402666091918945,,
162350,1.1953109502792358,0.05,-4.8037190437316895,,
162400,5.743466854095459,0.05,-5.297195911407471,,
162450,2.748668909072876,0.05,-5.086634159088135,,
162500,1.1583062410354614,0.05,-5.969212055206299,,
162550,1.0493820905685425,0.05,-5.488958835601807,,
162600,0.8414573669433594,0.05,-5.0562238693237305,,
162650,1.6599444150924683,0.05,-5.078335285186768,,
162700,5.953134536743164,0.05,-5.698202610015869,,
162750,9.987039566040039,0.05,-4.171494483947754,,
162800,5.803440570831299,0.05,-3.7658379077911377,,
162850,1.3629909753799438,0.05,-4.931569576263428,,
162900,5.761117935180664,0.05,-4.870199680328369,,
162950,2.984520196914673,0.05,-4.489760398864746,,
163000,10.325966835021973,0.05,-4.759140491485596,,
163050,4.788538455963135,0.05,-4.361907005310059,,
163100,0.652183473110199,0.05,-5.932201862335205,,
163150,0.5838987231254578,0.05,-5.420442581176758,,
163200,2.061034679412842,0.05,-4.76472806930542,,
163250,6.445859432220459,0.05,-4.656680107116699,,
163300,2.8200204372406006,0.05,-5.197165489196777,,
163350,6.94003438949585,0.05,-5.059586048126221,,
163400,11.594947814941406,0.05,-5.282045364379883,,
163450,1.138548493385315,0.05,-5.063126087188721,,
163500,9.877243041992188,0.05,-5.383192539215088,,
163550,1.2488609552383423,0.05,-5.6007232666015625,,
163600,1.4906772375106812,0.05,-4.589595794677734,,
163650,5.727527141571045,0.05,-5.74719762802124,,
163700,6.245761871337891,0.05,-4.587625503540039,,
163750,7.931593418121338,0.05,-4.992393970489502,,
163800,10.03308391571045,0.05,-6.77753210067749,,
163850,3.2275283336639404,0.05,-5.507427215576172,,
163900,4.187558650970459,0.05,-5.875837326049805,,
163950,10.922852516174316,0.05,-4.6424479484558105,,
164000,3.899881601333618,0.05,-5.0900559425354,,
164050,0.32337304949760437,0.05,-5.1531805992126465,,
164100,3.6694605350494385,0.05,-6.1893157958984375,,
164150,3.5838191509246826,0.05,-4.2607574462890625,,
164200,4.8035478591918945,0.05,-5.4203643798828125,,
164250,2.440601110458374,0.05,-5.811111927032471,,
164300,2.8480288982391357,0.05,-5.198014736175537,,
164350,3.687885284423828,0.05,-4.658798694610596,,
164400,3.459939956665039,0.05,-5.520252704620361,,
164450,0.7843591570854187,0.05,-4.704464435577393,,
164500,1.7209841012954712,0.05,-4.44486141204834,,
164550,5.378127574920654,0.05,-5.77063512802124,,
164600,0.8194945454597473,0.05,-4.364003658294678,,
164650,0.5771061778068542,0.05,-5.059959888458252,,
164700,6.875343322753906,0.05,-4.611328601837158,,
164750,6.671243667602539,0.05,-5.023478031158447,,
164800,11.471092224121094,0.05,-5.713378429412842,,
164850,1.3004813194274902,0.05,-5.559659481048584,,
164900,3.37032413482666,0.05,-4.72139310836792,,
164950,0.9072316288948059,0.05,-4.512121677398682,,
165000,5.826101779937744,0.05,-4.964191436767578,,
165050,0.4729311764240265,0.05,-5.749063968658447,,
165100,10.40201187133789,0.05,-5.321434497833252,,
165150,5.214494228363037,0.05,-4.800503253936768,,
165200,2.9738223552703857,0.05,-4.696751117706299,,
165250,6.103616237640381,0.05,-4.7722907066345215,,
165300,8.439798355102539,0.05,-5.972836971282959,,
165350,6.0798563957214355,0.05,-4.132199764251709,,
165400,6.191507816314697,0.05,-4.982715129852295,,
165450,2.6516058444976807,0.05,-4.1971211433410645,,
165500,5.3722453117370605,0.05,-5.612168788909912,,
165550,0.5607430338859558,0.05,-5.893057346343994,,
165600,1.4910888671875,0.05,-5.156485557556152,,
165650,5.738344192504883,0.05,-4.898320198059082,,
165700,5.248617649078369,0.05,-3.2225189208984375,,
165750,3.791003465652466,0.05,-4.229982852935791,,
165800,5.079061985015869,0.05,-6.2361159324646,,
165850,6.828282833099365,0.05,-5.0081987380981445,,
165900,4.8260040283203125,0.05,-4.092593669891357,,
165950,4.511224269866943,0.05,-5.060979843139648,,
166000,5.657773494720459,0.05,-4.238333225250244,,
166050,0.2575475573539734,0.05,-4.162125587463379,,
166100,1.1233786344528198,0.05,-5.864491939544678,,
166150,2.7842800617218018,0.05,-4.272446155548096,,
166200,11.322985649108887,0.05,-6.887417316436768,,
166250,8.432599067687988,0.05,-5.413880825042725,,
166300,3.405409812927246,0.05,-4.158148288726807,,
166350,1.5576891899108887,0.05,-4.8376784324646,,
166400,1.6048444509506226,0.05,-5.404378414154053,,
166450,4.549986362457275,0.05,-4.431325435638428,,
166500,4.103962421417236,0.05,-3.702683448791504,,
166550,4.083207607269287,0.05,-6.620845794677734,,
166600,1.2482401132583618,0.05,-5.260260105133057,,
166650,4.512484073638916,0.05,-3.681525468826294,,
166700,5.098348140716553,0.05,-4.465681076049805,,
166750,6.151151180267334,0.05,-4.4390130043029785,,
166800,0.927666425704956,0.05,-4.964239597320557,,
166850,7.086170673370361,0.05,-5.377771854400635,,
166900,5.928884506225586,0.05,-7.0342326164245605,,
166950,3.5439093112945557,0.05,-4.105095386505127,,
167000,1.4509979486465454,0.05,-4.814116954803467,,
167050,6.058502674102783,0.05,-4.652369499206543,,
167100,9.00036334991455,0.05,-4.516392230987549,,
167150,1.5628660917282104,0.05,-4.240806579589844,,
167200,0.48990949988365173,0.05,-4.612748622894287,,
167250,1.5272563695907593,0.05,-4.809273719787598,,
167300,2.262354850769043,0.05,-3.913182258605957,,
167350,5.484786510467529,0.05,-4.915653228759766,,
167400,1.1192805767059326,0.05,-5.5150604248046875,,
167450,4.481926441192627,0.05,-5.87795877456665,,
167500,3.6179234981536865,0.05,-5.114843845367432,,
167550,4.190165996551514,0.05,-5.546322345733643,,
167600,1.2568954229354858,0.05,-4.99365234375,,
167650,10.941619873046875,0.05,-4.826149940490723,,
167700,5.702322483062744,0.05,-4.453406810760498,,
167750,7.190582752227783,0.05,-4.381399631500244,,
167800,11.7371826171875,0.05,-4.016960620880127,,
167850,5.832420349121094,0.05,-4.683811664581299,,
167900,1.467452049255371,0.05,-4.684664249420166,,
167950,4.22621488571167,0.05,-4.433664798736572,,
168000,10.741368293762207,0.05,-4.639611721038818,,
168050,3.033428430557251,0.05,-5.945677280426025,,
168100,7.802574157714844,0.05,-4.958340167999268,,
168150,7.214855194091797,0.05,-5.409505844116211,,
168200,2.079533815383911,0.05,-4.554316997528076,,
168250,3.1475048065185547,0.05,-5.141398906707764,,
168300,2.0253708362579346,0.05,-4.123720645904541,,
168350,5.15056037902832,0.05,-4.300235271453857,,
168400,6.3187479972839355,0.05,-5.705385684967041,,
168450,0.5396637916564941,0.05,-4.117630481719971,,
168500,1.3277863264083862,0.05,-4.6478657722473145,,
168550,0.30671578645706177,0.05,-3.2940893173217773,,
168600,3.2874958515167236,0.05,-4.940497398376465,,
168650,5.057982444763184,0.05,-5.0324554443359375,,
168700,6.470338344573975,0.05,-4.229031562805176,,
168750,12.048859596252441,0.05,-3.7917098999023438,,
168800,0.795842170715332,0.05,-4.360930919647217,,
168850,1.190908670425415,0.05,-3.9419822692871094,,
168900,2.7871782779693604,0.05,-3.873671770095825,,
168950,12.748095512390137,0.05,-3.409557342529297,,
169000,13.286816596984863,0.05,-4.915560245513916,,
169050,1.9728422164916992,0.05,-4.075605869293213,,
169100,6.761133193969727,0.05,-5.797525882720947,,
169150,0.4119667112827301,0.05,-4.760862350463867,,
169200,2.4135994911193848,0.05,-3.9998950958251953,,
169250,9.384787559509277,0.05,-5.0015974044799805,,
169300,8.530807495117188,0.05,-4.254920482635498,,
169350,3.461785316467285,0.05,-4.4445576667785645,,
169400,6.628993511199951,0.05,-5.44169807434082,,
169450,4.270767688751221,0.05,-3.8488242626190186,,
169500,2.71267032623291,0.05,-4.545558452606201,,
169550,6.396742343902588,0.05,-4.6657395362854,,
169600,8.507365226745605,0.05,-4.244473457336426,,
169650,3.5249431133270264,0.05,-4.941630840301514,,
169700,1.3489059209823608,0.05,-3.9803049564361572,,
169750,0.959111213684082,0.05,-5.070627689361572,,
169800,12.684527397155762,0.05,-5.268082141876221,,
169850,7.465511798858643,0.05,-5.8921051025390625,,
169900,0.3905375003814697,0.05,-4.549907684326172,,
169950,2.362748384475708,0.05,-3.682833671569824,,
170000,3.0290098190307617,0.05,-4.755733013153076,,
170050,3.8908917903900146,0.05,-5.016628265380859,,
170100,4.2278289794921875,0.05,-5.310962200164795,,
170150,12.537551879882812,0.05,-3.403660774230957,,
170200,8.119790077209473,0.05,-5.155178070068359,,
170250,3.687506675720215,0.05,-3.932914972305298,,
170300,2.5354690551757812,0.05,-4.084928035736084,,
170350,4.7745680809021,0.05,-5.247283935546875,,
170400,7.99648904800415,0.05,-4.456553936004639,,
170450,4.15544319152832,0.05,-4.384605884552002,,
170500,1.4998992681503296,0.05,-3.3204543590545654,,
170550,1.9548640251159668,0.05,-4.338730335235596,,
170600,6.030131816864014,0.05,-5.562700271606445,,
170650,0.5855193138122559,0.05,-3.871230363845825,,
170700,0.29666459560394287,0.05,-3.3206262588500977,,
170750,6.722545623779297,0.05,-4.324270248413086,,
170800,2.9584357738494873,0.05,-3.78960919380188,,
170850,6.948216915130615,0.05,-3.67498517036438,,
170900,9.906426429748535,0.05,-6.745161533355713,,
170950,2.0878117084503174,0.05,-3.9453766345977783,,
171000,11.323132514953613,0.05,-5.391504287719727,,
171050,7.938531398773193,0.05,-4.984379291534424,,
171100,9.572896003723145,0.05,-4.581319332122803,,
171150,3.2208564281463623,0.05,-4.86784029006958,,
171200,1.6003714799880981,0.05,-4.809395790100098,,
171250,6.676117420196533,0.05,-3.085810422897339,,
171300,8.374871253967285,0.05,-2.9794199466705322,,
171350,3.7590763568878174,0.05,-4.2767863273620605,,
171400,10.5747709274292,0.05,-4.244853496551514,,
171450,2.1936326026916504,0.05,-4.22967004776001,,
171500,2.359182596206665,0.05,-4.438728332519531,,
171550,5.221805095672607,0.05,-4.084102153778076,,
171600,1.931540846824646,0.05,-4.159040927886963,,
171650,0.8486643433570862,0.05,-4.640879154205322,,
171700,6.129629611968994,0.05,-5.110750198364258,,
171750,9.915831565856934,0.05,-4.203582286834717,,
171800,6.6510396003723145,0.05,-5.2405009269714355,,
171850,3.30039381980896,0.05,-4.356358051300049,,
171900,5.074018955230713,0.05,-4.541830539703369,,
171950,0.5049957633018494,0.05,-3.5370819568634033,,
172000,0.47507593035697937,0.05,-5.082071304321289,,
172050,1.0036550760269165,0.05,-4.366409778594971,,
172100,12.39328670501709,0.05,-4.260688304901123,,
172150,3.5301787853240967,0.05,-4.888791561126709,,
172200,2.04206919670105,0.05,-3.4720277786254883,,
172250,6.530555248260498,0.05,-4.175350666046143,,
172300,2.8367230892181396,0.05,-4.2937469482421875,,
172350,2.2864186763763428,0.05,-4.897933006286621,,
172400,1.1790516376495361,0.05,-3.514436721801758,,
172450,10.312233924865723,0.05,-4.71686315536499,,
172500,7.036466121673584,0.05,-4.828031063079834,,
172550,11.614266395568848,0.05,-3.646155595779419,,
172600,3.760789632797241,0.05,-4.625186443328857,,
172650,1.011489748954773,0.05,-3.7775402069091797,,
172700,3.631977081298828,0.05,-3.5109825134277344,,
172750,0.5893803238868713,0.05,-4.705525875091553,,
172800,5.58457612991333,0.05,-4.509217262268066,,
172850,6.1317057609558105,0.05,-4.6307806968688965,,
172900,5.267279148101807,0.05,-4.740569114685059,,
172950,5.661308765411377,0.05,-4.0674567222595215,,
173000,4.318079471588135,0.05,-3.742823839187622,,
173050,2.2215442657470703,0.05,-4.134474277496338,,
173100,1.1169425249099731,0.05,-3.563920736312866,,
173150,2.873588800430298,0.05,-3.545774221420288,,
173200,1.0663379430770874,0.05,-3.8178069591522217,,
173250,4.32334566116333,0.05,-3.821593999862671,,
173300,1.849769115447998,0.05,-5.235153675079346,,
173350,0.9812207221984863,0.05,-3.924208879470825,,
173400,9.003714561462402,0.05,-3.1571571826934814,,
173450,2.6680803298950195,0.05,-3.1186914443969727,,
173500,1.2326606512069702,0.05,-4.313953876495361,,
173550,5.207427978515625,0.05,-3.68662428855896,,
173600,10.469918251037598,0.05,-4.314432621002197,,
173650,7.798450469970703,0.05,-4.268959999084473,,
173700,16.350282669067383,0.05,-4.006826877593994,,
173750,1.8061763048171997,0.05,-3.234888792037964,,
173800,2.9901771545410156,0.05,-4.083642482757568,,
173850,2.947129249572754,0.05,-4.0384135246276855,,
173900,2.501544237136841,0.05,-4.857151031494141,,
173950,12.317442893981934,0.05,-4.595767974853516,,
174000,10.815821647644043,0.05,-3.973743200302124,,
174050,11.164817810058594,0.05,-4.841470241546631,,
174100,3.6438496112823486,0.05,-3.136385917663574,,
174150,4.703172206878662,0.05,-4.250799655914307,,
174200,9.145130157470703,0.05,-5.815330982208252,,
174250,6.907011032104492,0.05,-3.6412878036499023,,
174300,2.997089385986328,0.05,-4.401385307312012,,
174350,1.605941653251648,0.05,-4.0206451416015625,,
174400,0.396019846200943,0.05,-5.600124835968018,,
174450,1.5106825828552246,0.05,-3.6886777877807617,,
174500,12.406505584716797,0.05,-5.148900508880615,,
174550,6.017910003662109,0.05,-3.967844009399414,,
174600,3.6657819747924805,0.05,-3.9756338596343994,,
174650,3.279829978942871,0.05,-4.730283737182617,,
174700,5.453582763671875,0.05,-3.479299306869507,,
174750,2.4807560443878174,0.05,-3.5941953659057617,,
174800,3.916166305541992,0.05,-4.888740062713623,,
174850,1.485634446144104,0.05,-2.9021167755126953,,
174900,8.594709396362305,0.05,-3.9016685485839844,,
174950,0.9404931664466858,0.05,-4.094397068023682,,
175000,4.660023212432861,0.05,-3.9811553955078125,-0.8019821543819594,34.53333333333334
175050,2.2735800743103027,0.05,-3.525869369506836,,
175100,5.9959869384765625,0.05,-4.857981204986572,,
175150,5.428249359130859,0.05,-3.849493980407715,,
175200,6.004881381988525,0.05,-3.7917749881744385,,
175250,3.972505807876587,0.05,-4.359086036682129,,
175300,0.38607797026634216,0.05,-3.177076578140259,,
175350,2.777141809463501,0.05,-3.7024238109588623,,
175400,1.8620918989181519,0.05,-4.811300754547119,,
175450,3.5672881603240967,0.05,-4.578188419342041,,
175500,10.124354362487793,0.05,-3.6005642414093018,,
175550,0.5572543740272522,0.05,-3.567718267440796,,
175600,2.6306722164154053,0.05,-3.442023515701294,,
175650,3.596379041671753,0.05,-3.9333620071411133,,
175700,0.7671244740486145,0.05,-3.647373914718628,,
175750,1.5439478158950806,0.05,-4.611956596374512,,
175800,4.2455010414123535,0.05,-4.242461681365967,,
175850,3.1915175914764404,0.05,-4.741222858428955,,
175900,2.5776731967926025,0.05,-4.8787150382995605,,
175950,6.204721450805664,0.05,-4.060609340667725,,
176000,2.4618842601776123,0.05,-3.524190902709961,,
176050,3.3869545459747314,0.05,-2.9041240215301514,,
176100,9.468832969665527,0.05,-3.478607177734375,,
176150,9.184922218322754,0.05,-3.2928011417388916,,
176200,4.660275459289551,0.05,-5.092268466949463,,
176250,0.5320282578468323,0.05,-3.509150266647339,,
176300,7.0005106925964355,0.05,-4.181760311126709,,
176350,8.758566856384277,0.05,-4.5045247077941895,,
176400,1.8735160827636719,0.05,-4.924598217010498,,
176450,3.2280614376068115,0.05,-4.641895771026611,,
176500,0.4281066954135895,0.05,-3.8476221561431885,,
176550,5.95384407043457,0.05,-4.580376148223877,,
176600,13.84615707397461,0.05,-4.200970649719238,,
176650,5.269193649291992,0.05,-3.849717378616333,,
176700,3.7267725467681885,0.05,-4.276094436645508,,
176750,4.822237491607666,0.05,-5.111973762512207,,
176800,1.720021367073059,0.05,-3.5232441425323486,,
176850,2.420809030532837,0.05,-4.059452533721924,,
176900,8.653252601623535,0.05,-5.0292582511901855,,
176950,14.093913078308105,0.05,-3.4540281295776367,,
177000,0.4610336720943451,0.05,-4.234860420227051,,
177050,6.690113544464111,0.05,-4.42200231552124,,
177100,4.012136459350586,0.05,-4.46098518371582,,
177150,4.803267478942871,0.05,-3.1218154430389404,,
177200,4.034754276275635,0.05,-3.7350895404815674,,
177250,3.231106996536255,0.05,-4.27643346786499,,
177300,3.338855504989624,0.05,-3.5216124057769775,,
177350,2.045478343963623,0.05,-3.7979166507720947,,
177400,11.295516967773438,0.05,-3.830998659133911,,
177450,4.8409600257873535,0.05,-3.354968786239624,,
177500,7.946264266967773,0.05,-3.0786352157592773,,
177550,1.0964082479476929,0.05,-4.271697521209717,,
177600,2.0376930236816406,0.05,-3.7497355937957764,,
177650,5.626356601715088,0.05,-5.448554992675781,,
177700,0.9047257304191589,0.05,-4.915383338928223,,
177750,1.5926861763000488,0.05,-3.5966145992279053,,
177800,6.67807149887085,0.05,-4.313221454620361,,
177850,5.183464050292969,0.05,-4.2637858390808105,,
177900,0.36890456080436707,0.05,-4.027421474456787,,
177950,3.0913126468658447,0.05,-4.504482746124268,,
178000,5.813776016235352,0.05,-3.645043134689331,,
178050,3.855653762817383,0.05,-4.444766521453857,,
178100,1.1936663389205933,0.05,-4.35751485824585,,
178150,0.84505295753479,0.05,-3.3784282207489014,,
178200,2.3506429195404053,0.05,-3.192723512649536,,
178250,6.731935501098633,0.05,-3.675845146179199,,
178300,5.749671936035156,0.05,-4.2811503410339355,,
178350,0.7512722611427307,0.05,-4.61688756942749,,
178400,4.186201572418213,0.05,-5.123843669891357,,
178450,8.582765579223633,0.05,-4.0341410636901855,,
178500,10.776270866394043,0.05,-4.14055871963501,,
178550,3.089634656906128,0.05,-3.0891425609588623,,
178600,0.7523767352104187,0.05,-5.384324550628662,,
178650,3.449453115463257,0.05,-5.702061176300049,,
178700,3.9517314434051514,0.05,-3.8529937267303467,,
178750,3.7146284580230713,0.05,-4.4394965171813965,,
178800,2.733133554458618,0.05,-3.8783352375030518,,
178850,3.198887825012207,0.05,-3.092822790145874,,
178900,3.0720760822296143,0.05,-4.626809597015381,,
178950,3.040241241455078,0.05,-4.556868076324463,,
179000,3.2653110027313232,0.05,-3.69744873046875,,
179050,0.8847031593322754,0.05,-3.892282485961914,,
179100,0.5729675889015198,0.05,-4.40315580368042,,
179150,7.378221035003662,0.05,-4.426847457885742,,
179200,9.059024810791016,0.05,-5.8629631996154785,,
179250,7.081762790679932,0.05,-3.6557159423828125,,
179300,3.800828218460083,0.05,-5.3351216316223145,,
179350,1.7827682495117188,0.05,-3.669447898864746,,
179400,5.634291172027588,0.05,-3.218365430831909,,
179450,4.721338748931885,0.05,-2.808389902114868,,
179500,8.467547416687012,0.05,-4.62942361831665,,
179550,13.00304889678955,0.05,-3.9694700241088867,,
179600,2.783118963241577,0.05,-3.9940226078033447,,
179650,0.5423057079315186,0.05,-3.0638935565948486,,
179700,12.99862003326416,0.05,-4.224025249481201,,
179750,18.870941162109375,0.05,-4.658466815948486,,
179800,5.129161357879639,0.05,-5.505220413208008,,
179850,8.462931632995605,0.05,-4.300234317779541,,
179900,12.44872760772705,0.05,-4.208430767059326,,
179950,11.188408851623535,0.05,-3.955390691757202,,
180000,2.522695541381836,0.05,-2.286236047744751,,
180050,2.3999946117401123,0.05,-4.215973377227783,,
180100,1.5899735689163208,0.05,-3.771458864212036,,
180150,2.5170586109161377,0.05,-3.1540253162384033,,
180200,2.8808863162994385,0.05,-3.4110772609710693,,
180250,1.9798351526260376,0.05,-3.6854169368743896,,
180300,4.07704496383667,0.05,-3.489179849624634,,
180350,2.989476442337036,0.05,-3.5357706546783447,,
180400,9.145703315734863,0.05,-4.296301364898682,,
180450,4.281513214111328,0.05,-3.056507110595703,,
180500,0.47537919878959656,0.05,-3.713421583175659,,
180550,3.0652058124542236,0.05,-2.423814058303833,,
180600,3.8742258548736572,0.05,-3.3789901733398438,,
180650,0.784168541431427,0.05,-3.9207723140716553,,
180700,1.5422686338424683,0.05,-3.1313552856445312,,
180750,2.91672682762146,0.05,-4.087641716003418,,
180800,1.5435031652450562,0.05,-4.099398612976074,,
180850,3.528186559677124,0.05,-3.7879714965820312,,
180900,3.2753665447235107,0.05,-4.091518402099609,,
180950,1.5896507501602173,0.05,-3.6610233783721924,,
181000,2.6063098907470703,0.05,-4.272258758544922,,
181050,5.967657089233398,0.05,-2.275834798812866,,
181100,2.72414493560791,0.05,-4.153201580047607,,
181150,3.3373491764068604,0.05,-3.8877036571502686,,
181200,0.9501030445098877,0.05,-3.013319253921509,,
181250,2.751453161239624,0.05,-4.264287948608398,,
181300,3.7721378803253174,0.05,-3.7361466884613037,,
181350,2.3661060333251953,0.05,-3.544545888900757,,
181400,0.3925798833370209,0.05,-3.058589220046997,,
181450,0.47299495339393616,0.05,-3.6961653232574463,,
181500,0.6167947053909302,0.05,-3.6826045513153076,,
181550,2.6159439086914062,0.05,-3.158189058303833,,
181600,0.7005001902580261,0.05,-3.433889389038086,,
181650,2.5913774967193604,0.05,-4.1822590827941895,,
181700,3.7984161376953125,0.05,-4.536010265350342,,
181750,0.605110228061676,0.05,-3.364853620529175,,
181800,8.679889678955078,0.05,-4.034955978393555,,
181850,8.472970008850098,0.05,-4.210091590881348,,
181900,2.993797540664673,0.05,-3.4338138103485107,,
181950,2.0736453533172607,0.05,-4.97926664352417,,
182000,4.710999488830566,0.05,-3.649801254272461,,
182050,3.069352388381958,0.05,-4.194946765899658,,
182100,0.6180124282836914,0.05,-4.009417533874512,,
182150,0.5607259273529053,0.05,-4.31631326675415,,
182200,0.34046387672424316,0.05,-3.0025150775909424,,
182250,1.342503547668457,0.05,-4.501662731170654,,
182300,6.363590240478516,0.05,-2.937993288040161,,
182350,7.802270412445068,0.05,-2.669663429260254,,
182400,3.8349454402923584,0.05,-2.7920312881469727,,
182450,5.506935119628906,0.05,-2.8738725185394287,,
182500,7.8695526123046875,0.05,-3.5391595363616943,,
182550,1.1268364191055298,0.05,-3.1654155254364014,,
182600,0.28271588683128357,0.05,-2.6004981994628906,,
182650,2.243976354598999,0.05,-2.800617218017578,,
182700,1.4160399436950684,0.05,-4.163699150085449,,
182750,1.9610413312911987,0.05,-5.166112422943115,,
182800,0.38322386145591736,0.05,-3.074284791946411,,
182850,2.441918134689331,0.05,-3.575183153152466,,
182900,0.20752383768558502,0.05,-2.1131017208099365,,
182950,3.771385431289673,0.05,-2.460226058959961,,
183000,7.228325366973877,0.05,-3.929690361022949,,
183050,6.626763820648193,0.05,-3.6273155212402344,,
183100,0.9028088450431824,0.05,-4.25293493270874,,
183150,1.3749440908432007,0.05,-4.142662525177002,,
183200,4.618789196014404,0.05,-3.9869329929351807,,
183250,4.047106742858887,0.05,-4.15105676651001,,
183300,7.026655673980713,0.05,-3.3363969326019287,,
183350,2.3040530681610107,0.05,-2.853229522705078,,
183400,0.5134254693984985,0.05,-2.841140031814575,,
183450,4.536057949066162,0.05,-4.764963626861572,,
183500,0.6541746258735657,0.05,-3.53700852394104,,
183550,0.8033771514892578,0.05,-4.075185775756836,,
183600,3.652235269546509,0.05,-3.0901763439178467,,
183650,1.6581557989120483,0.05,-3.6440699100494385,,
183700,4.324315547943115,0.05,-3.2282378673553467,,
183750,12.459359169006348,0.05,-3.1684396266937256,,
183800,4.421624183654785,0.05,-3.9208319187164307,,
183850,4.5910773277282715,0.05,-3.825606107711792,,
183900,1.964492678642273,0.05,-3.426758050918579,,
183950,0.2098088264465332,0.05,-2.6731812953948975,,
184000,2.508427858352661,0.05,-2.654045343399048,,
184050,6.066188335418701,0.05,-4.040705680847168,,
184100,4.865846633911133,0.05,-2.263812780380249,,
184150,0.5148273706436157,0.05,-3.6132218837738037,,
184200,14.880738258361816,0.05,-4.720357894897461,,
184250,0.6006812453269958,0.05,-3.9824225902557373,,
184300,2.6152663230895996,0.05,-4.150610446929932,,
184350,9.152312278747559,0.05,-3.353361129760742,,
184400,10.020809173583984,0.05,-4.743335247039795,,
184450,2.538670539855957,0.05,-3.0738956928253174,,
184500,1.3465180397033691,0.05,-4.217252731323242,,
184550,4.532101154327393,0.05,-3.719083786010742,,
184600,4.19727897644043,0.05,-4.100701332092285,,
184650,10.416909217834473,0.05,-3.496657609939575,,
184700,4.216353416442871,0.05,-3.8195133209228516,,
184750,3.6062257289886475,0.05,-3.455777883529663,,
184800,0.2505568563938141,0.05,-3.367241144180298,,
184850,5.2171311378479,0.05,-3.314495801925659,,
184900,2.4744250774383545,0.05,-2.5894577503204346,,
184950,0.9571935534477234,0.05,-6.239668369293213,,
185000,4.181807041168213,0.05,-3.1664679050445557,,
185050,5.931216716766357,0.05,-3.754868507385254,,
185100,0.8106458187103271,0.05,-2.874537467956543,,
185150,3.161968469619751,0.05,-4.079908847808838,,
185200,0.2374800592660904,0.05,-4.058286190032959,,
185250,0.2364925593137741,0.05,-2.96475887298584,,
185300,2.970301389694214,0.05,-3.2159297466278076,,
185350,0.3735634386539459,0.05,-4.209509372711182,,
185400,4.574051380157471,0.05,-3.976445436477661,,
185450,8.601387977600098,0.05,-2.789924383163452,,
185500,0.2730626165866852,0.05,-3.095494508743286,,
185550,15.711318969726562,0.05,-3.3742268085479736,,
185600,5.781717300415039,0.05,-2.86514949798584,,
185650,4.921140193939209,0.05,-3.4443295001983643,,
185700,12.1058931350708,0.05,-4.462626934051514,,
185750,0.5731409788131714,0.05,-3.4971256256103516,,
185800,11.287802696228027,0.05,-3.966463327407837,,
185850,3.226461410522461,0.05,-3.364819288253784,,
185900,3.162351608276367,0.05,-3.1685869693756104,,
185950,4.532192707061768,0.05,-4.429988384246826,,
186000,0.541035532951355,0.05,-3.84332537651062,,
186050,6.735073566436768,0.05,-3.9410836696624756,,
186100,1.8175207376480103,0.05,-4.356463432312012,,
186150,7.644102096557617,0.05,-2.8674964904785156,,
186200,0.6556037664413452,0.05,-3.3840348720550537,,
186250,0.2593911588191986,0.05,-3.4115288257598877,,
186300,0.7009829878807068,0.05,-3.318934202194214,,
186350,2.465838670730591,0.05,-2.7627222537994385,,
186400,0.7925305962562561,0.05,-3.42327618598938,,
186450,4.5081787109375,0.05,-3.737189292907715,,
186500,2.158066987991333,0.05,-2.782280921936035,,
186550,3.3445804119110107,0.05,-2.887070894241333,,
186600,4.023245334625244,0.05,-3.1394405364990234,,
186650,1.4921627044677734,0.05,-3.59375,,
186700,1.777159333229065,0.05,-2.719529390335083,,
186750,0.4184558391571045,0.05,-3.566293478012085,,
186800,4.314576148986816,0.05,-3.9165735244750977,,
186850,2.062009572982788,0.05,-3.033726453781128,,
186900,0.3488762378692627,0.05,-3.718634605407715,,
186950,3.2629153728485107,0.05,-3.566786766052246,,
187000,0.36896777153015137,0.05,-3.6602375507354736,,
187050,3.624572992324829,0.05,-2.78304386138916,,
187100,9.413588523864746,0.05,-5.571465015411377,,
187150,4.049154281616211,0.05,-2.9939544200897217,,
187200,2.192392587661743,0.05,-3.3390443325042725,,
187250,2.0558245182037354,0.05,-3.726099729537964,,
187300,4.649771213531494,0.05,-3.6932411193847656,,
187350,11.284530639648438,0.05,-3.514763593673706,,
187400,3.170708656311035,0.05,-4.402406215667725,,
187450,4.094645023345947,0.05,-2.8730251789093018,,
187500,2.3725788593292236,0.05,-2.9711153507232666,,
187550,4.496219158172607,0.05,-3.058969259262085,,
187600,1.6847933530807495,0.05,-3.1717140674591064,,
187650,0.2910774350166321,0.05,-2.9224464893341064,,
187700,8.251717567443848,0.05,-4.880309104919434,,
187750,7.794617176055908,0.05,-3.987696886062622,,
187800,0.23208414018154144,0.05,-2.3876657485961914,,
187850,0.2777656614780426,0.05,-2.4185473918914795,,
187900,7.7805399894714355,0.05,-3.5382745265960693,,
187950,3.456291437149048,0.05,-2.8069238662719727,,
188000,9.923171043395996,0.05,-3.006659746170044,,
188050,5.9177775382995605,0.05,-3.424701690673828,,
188100,10.41650104522705,0.05,-4.564405918121338,,
188150,8.657264709472656,0.05,-3.697672128677368,,
188200,0.6476864814758301,0.05,-2.821866273880005,,
188250,3.83644962310791,0.05,-4.040006160736084,,
188300,0.8400938510894775,0.05,-3.207688331604004,,
188350,6.1144843101501465,0.05,-3.6177778244018555,,
188400,7.632932186126709,0.05,-3.425355911254883,,
188450,9.122540473937988,0.05,-3.032336473464966,,
188500,0.9825787544250488,0.05,-3.177816390991211,,
188550,1.9485260248184204,0.05,-2.858612060546875,,
188600,3.971299409866333,0.05,-5.160434722900391,,
188650,12.352073669433594,0.05,-3.4141671657562256,,
188700,4.144524097442627,0.05,-3.740185022354126,,
188750,1.3170218467712402,0.05,-3.5781052112579346,,
188800,2.8977158069610596,0.05,-3.866658926010132,,
188850,1.364099144935608,0.05,-2.93878436088562,,
188900,4.224255561828613,0.05,-2.7815234661102295,,
188950,0.5826272368431091,0.05,-2.7899954319000244,,
189000,2.012765645980835,0.05,-2.764540433883667,,
189050,0.9482123851776123,0.05,-4.005438327789307,,
189100,2.575273036956787,0.05,-4.224695682525635,,
189150,6.147611618041992,0.05,-4.706079006195068,,
189200,3.62275767326355,0.05,-3.9608466625213623,,
189250,5.2485527992248535,0.05,-2.467763900756836,,
189300,2.9655282497406006,0.05,-3.141636610031128,,
189350,0.9392788410186768,0.05,-2.8838279247283936,,
189400,2.1629021167755127,0.05,-3.203106641769409,,
189450,3.178791046142578,0.05,-4.649301052093506,,
189500,4.402241230010986,0.05,-3.0885989665985107,,
189550,0.5353432893753052,0.05,-3.780470132827759,,
189600,4.50600004196167,0.05,-4.511788845062256,,
189650,2.5387909412384033,0.05,-5.110625267028809,,
189700,1.1400933265686035,0.05,-2.472585439682007,,
189750,4.838122844696045,0.05,-3.7731075286865234,,
189800,0.312867671251297,0.05,-4.0989885330200195,,
189850,6.602466583251953,0.05,-4.244004249572754,,
189900,4.023873805999756,0.05,-3.913468599319458,,
189950,0.26294103264808655,0.05,-4.3305344581604,,
190000,6.111627101898193,0.05,-2.4823458194732666,,
190050,13.168025970458984,0.05,-2.264904260635376,,
190100,0.5980144143104553,0.05,-3.362595558166504,,
190150,4.113348484039307,0.05,-4.07888126373291,,
190200,2.5768377780914307,0.05,-3.138042449951172,,
190250,11.026978492736816,0.05,-2.900787353515625,,
190300,0.4461198151111603,0.05,-3.237138509750366,,
190350,2.2318713665008545,0.05,-3.5738255977630615,,
190400,0.49365803599357605,0.05,-3.437058448791504,,
190450,1.891676425933838,0.05,-3.735766649246216,,
190500,1.1863311529159546,0.05,-4.09118127822876,,
190550,0.7704665660858154,0.05,-2.4073920249938965,,
190600,4.81292724609375,0.05,-3.636735200881958,,
190650,1.7465591430664062,0.05,-2.3960063457489014,,
190700,5.744726657867432,0.05,-3.4281368255615234,,
190750,1.120192527770996,0.05,-3.9728991985321045,,
190800,0.8898887038230896,0.05,-4.123260021209717,,
190850,2.884868621826172,0.05,-2.7482283115386963,,
190900,3.3930110931396484,0.05,-3.0195744037628174,,
190950,4.172717571258545,0.05,-2.7348124980926514,,
191000,3.17724871635437,0.05,-4.292925834655762,,
191050,0.20345459878444672,0.05,-3.507453680038452,,
191100,2.584996223449707,0.05,-3.4458696842193604,,
191150,2.563288450241089,0.05,-3.3741486072540283,,
191200,3.0517632961273193,0.05,-4.1843132972717285,,
191250,0.8059071898460388,0.05,-4.610597610473633,,
191300,7.118682384490967,0.05,-3.5121939182281494,,
191350,10.74239730834961,0.05,-4.118122577667236,,
191400,0.26819923520088196,0.05,-2.7804620265960693,,
191450,0.29183363914489746,0.05,-2.6871511936187744,,
191500,5.063319683074951,0.05,-2.4989116191864014,,
191550,3.277834177017212,0.05,-3.16606068611145,,
191600,3.664348602294922,0.05,-3.360732316970825,,
191650,0.9304146766662598,0.05,-3.7441768646240234,,
191700,3.9525554180145264,0.05,-2.5614068508148193,,
191750,7.276440143585205,0.05,-3.6751725673675537,,
191800,5.887003421783447,0.05,-3.7074975967407227,,
191850,11.339641571044922,0.05,-3.514577865600586,,
191900,0.7315520644187927,0.05,-2.2939560413360596,,
191950,1.5254489183425903,0.05,-2.571403741836548,,
192000,7.271291732788086,0.05,-2.7629449367523193,,
192050,0.8299205303192139,0.05,-3.4249916076660156,,
192100,5.6000189781188965,0.05,-2.691699266433716,,
192150,3.2960309982299805,0.05,-1.959854245185852,,
192200,0.6939659714698792,0.05,-2.9940168857574463,,
192250,4.600919246673584,0.05,-4.894798755645752,,
192300,8.018991470336914,0.05,-3.0215609073638916,,
192350,9.021498680114746,0.05,-3.493253707885742,,
192400,0.6271798014640808,0.05,-3.757768392562866,,
192450,2.178644895553589,0.05,-3.7859814167022705,,
192500,2.655648946762085,0.05,-4.4358344078063965,,
192550,2.853651285171509,0.05,-2.679004669189453,,
192600,4.9141526222229,0.05,-3.304931879043579,,
192650,6.767239093780518,0.05,-2.282519817352295,,
192700,4.492774486541748,0.05,-3.765000343322754,,
192750,6.631805419921875,0.05,-3.095871925354004,,
192800,1.7978200912475586,0.05,-2.8479223251342773,,
192850,3.001283645629883,0.05,-2.0975444316864014,,
192900,2.599742889404297,0.05,-3.399003267288208,,
192950,0.8866543173789978,0.05,-2.693208932876587,,
193000,3.7075035572052,0.05,-3.910388231277466,,
193050,0.7220116257667542,0.05,-3.563326597213745,,
193100,3.9049456119537354,0.05,-3.546288251876831,,
193150,0.22804929316043854,0.05,-3.9243736267089844,,
193200,1.0968809127807617,0.05,-2.2914562225341797,,
193250,5.538963317871094,0.05,-3.283881187438965,,
193300,0.5324591994285583,0.05,-2.7707507610321045,,
193350,6.859961032867432,0.05,-3.5186424255371094,,
193400,3.965599298477173,0.05,-3.046471357345581,,
193450,3.6855571269989014,0.05,-2.5828521251678467,,
193500,1.0704152584075928,0.05,-3.3583850860595703,,
193550,3.1580593585968018,0.05,-2.3081095218658447,,
193600,3.1782875061035156,0.05,-3.818394660949707,,
193650,4.47683048248291,0.05,-2.810110330581665,,
193700,0.33278435468673706,0.05,-1.9169878959655762,,
193750,1.7982834577560425,0.05,-3.3667924404144287,,
193800,2.6857855319976807,0.05,-3.2985146045684814,,
193850,0.2303047627210617,0.05,-2.8716580867767334,,
193900,1.440769076347351,0.05,-3.7383689880371094,,
193950,0.27463603019714355,0.05,-2.948336601257324,,
194000,7.811832427978516,0.05,-3.9590747356414795,,
194050,5.155554294586182,0.05,-3.4694833755493164,,
194100,2.9734928607940674,0.05,-2.8960769176483154,,
194150,6.3368401527404785,0.05,-2.6793954372406006,,
194200,8.045721054077148,0.05,-3.528456687927246,,
194250,0.16738177835941315,0.05,-2.640007495880127,,
194300,3.958174467086792,0.05,-3.4592487812042236,,
194350,5.673978805541992,0.05,-3.007906675338745,,
194400,1.5996273756027222,0.05,-3.5610239505767822,,
194450,0.2917200028896332,0.05,-2.9950687885284424,,
194500,6.777685642242432,0.05,-4.039584159851074,,
194550,8.490004539489746,0.05,-3.538668394088745,,
194600,5.87310791015625,0.05,-3.9449853897094727,,
194650,12.556059837341309,0.05,-3.8633556365966797,,
194700,5.709717273712158,0.05,-2.961540460586548,,
194750,0.7523718476295471,0.05,-3.867534637451172,,
194800,3.2681162357330322,0.05,-3.0409250259399414,,
194850,0.4912783205509186,0.05,-3.379531145095825,,
194900,6.787099361419678,0.05,-3.858943223953247,,
194950,4.75861930847168,0.05,-3.716432809829712,,
195000,3.375014543533325,0.05,-3.6223928928375244,,
195050,0.3903369605541229,0.05,-2.6248281002044678,,
195100,11.71436595916748,0.05,-2.281040906906128,,
195150,0.19083531200885773,0.05,-3.2999532222747803,,
195200,5.1606831550598145,0.05,-3.4967660903930664,,
195250,3.122823715209961,0.05,-3.4267470836639404,,
195300,1.7701796293258667,0.05,-3.557126045227051,,
195350,0.40545010566711426,0.05,-2.3123533725738525,,
195400,0.7537571787834167,0.05,-3.0238325595855713,,
195450,5.338963031768799,0.05,-2.5736982822418213,,
195500,2.2294442653656006,0.05,-2.941281318664551,,
195550,1.7130719423294067,0.05,-2.242866039276123,,
195600,5.194896697998047,0.05,-3.020456314086914,,
195650,5.11992883682251,0.05,-3.297456979751587,,
195700,11.111424446105957,0.05,-3.064310312271118,,
195750,4.852668285369873,0.05,-5.160525798797607,,
195800,7.544335842132568,0.05,-2.6425561904907227,,
195850,0.9406781792640686,0.05,-2.532639503479004,,
195900,3.5973758697509766,0.05,-3.2277557849884033,,
195950,1.5450135469436646,0.05,-2.725010871887207,,
196000,2.216238260269165,0.05,-2.571192502975464,,
196050,5.2873921394348145,0.05,-3.0579140186309814,,
196100,9.078682899475098,0.05,-3.454120635986328,,
196150,6.941135883331299,0.05,-3.406766653060913,,
196200,6.809025287628174,0.05,-3.558854341506958,,
196250,2.6291332244873047,0.05,-4.2313127517700195,,
196300,4.652768135070801,0.05,-3.9578592777252197,,
196350,0.6727654337882996,0.05,-2.6791467666625977,,
196400,4.130879878997803,0.05,-2.791477918624878,,
196450,3.208545684814453,0.05,-5.056487083435059,,
196500,1.1969267129898071,0.05,-2.516482353210449,,
196550,0.3641927242279053,0.05,-3.584800958633423,,
196600,8.32248306274414,0.05,-3.1295864582061768,,
196650,1.7667006254196167,0.05,-4.096057891845703,,
196700,2.6104071140289307,0.05,-3.2585980892181396,,
196750,5.842003345489502,0.05,-2.88443922996521,,
196800,5.803725719451904,0.05,-3.294443130493164,,
196850,2.143775463104248,0.05,-3.6523780822753906,,
196900,0.469983845949173,0.05,-3.5812675952911377,,
196950,1.6967726945877075,0.05,-4.764943599700928,,
197000,0.6762577891349792,0.05,-3.366917371749878,,
197050,3.3446991443634033,0.05,-2.681405782699585,,
197100,3.1499459743499756,0.05,-2.847980499267578,,
197150,0.6230525374412537,0.05,-3.290527105331421,,
197200,1.4093400239944458,0.05,-3.9376204013824463,,
197250,0.4832911789417267,0.05,-4.240367412567139,,
197300,0.22932951152324677,0.05,-2.5980350971221924,,
197350,4.359244346618652,0.05,-3.2817413806915283,,
197400,7.881192684173584,0.05,-3.0409648418426514,,
197450,3.3932573795318604,0.05,-3.5277137756347656,,
197500,0.16589540243148804,0.05,-2.768315076828003,,
197550,2.294147253036499,0.05,-2.4725706577301025,,
197600,4.949954986572266,0.05,-3.539593458175659,,
197650,0.18815915286540985,0.05,-3.0869266986846924,,
197700,15.48690128326416,0.05,-3.038705825805664,,
197750,2.5690042972564697,0.05,-4.012619495391846,,
197800,11.429848670959473,0.05,-5.3140435218811035,,
197850,5.260868549346924,0.05,-3.3849613666534424,,
197900,2.7120964527130127,0.05,-3.894556760787964,,
197950,8.410201072692871,0.05,-3.7409541606903076,,
198000,10.995648384094238,0.05,-2.8484742641448975,,
198050,1.0275846719741821,0.05,-2.809265375137329,,
198100,4.221786022186279,0.05,-3.4893016815185547,,
198150,0.38493260741233826,0.05,-3.838289260864258,,
198200,7.601901531219482,0.05,-2.8383731842041016,,
198250,6.890382766723633,0.05,-3.538754463195801,,
198300,3.717944860458374,0.05,-2.611036539077759,,
198350,7.99506139755249,0.05,-3.163684844970703,,
198400,7.350453853607178,0.05,-2.783620595932007,,
198450,4.669809818267822,0.05,-2.5863091945648193,,
198500,6.467484951019287,0.05,-3.5360095500946045,,
198550,8.036166191101074,0.05,-3.380350351333618,,
198600,7.6964874267578125,0.05,-2.3596298694610596,,
198650,1.140229344367981,0.05,-4.444529056549072,,
198700,0.5394107699394226,0.05,-3.958228826522827,,
198750,2.9555723667144775,0.05,-3.6832313537597656,,
198800,4.378546237945557,0.05,-4.095034122467041,,
198850,1.0959880352020264,0.05,-3.293480157852173,,
198900,2.6626267433166504,0.05,-2.9944560527801514,,
198950,0.7640683650970459,0.05,-2.854487657546997,,
199000,1.818534255027771,0.05,-4.015755653381348,,
199050,2.3553249835968018,0.05,-3.5752429962158203,,
199100,0.4601074457168579,0.05,-2.4708385467529297,,
199150,0.3744599521160126,0.05,-3.0051088333129883,,
199200,2.1185758113861084,0.05,-2.896015167236328,,
199250,1.9870814085006714,0.05,-3.9173526763916016,,
199300,0.43670740723609924,0.05,-3.3920295238494873,,
199350,7.874198913574219,0.05,-2.7810781002044678,,
199400,5.710043430328369,0.05,-3.276714563369751,,
199450,4.994155406951904,0.05,-3.8502111434936523,,
199500,6.7220306396484375,0.05,-2.353109121322632,,
199550,0.6237045526504517,0.05,-3.131154775619507,,
199600,2.294881820678711,0.05,-2.3445634841918945,,
199650,3.5691449642181396,0.05,-4.777266979217529,,
199700,2.8706581592559814,0.05,-3.124291181564331,,
199750,0.29365038871765137,0.05,-2.5657002925872803,,
199800,0.5176898241043091,0.05,-2.7752161026000977,,
199850,1.5989108085632324,0.05,-2.4459636211395264,,
199900,0.46205875277519226,0.05,-3.111617088317871,,
199950,1.2646608352661133,0.05,-3.347423553466797,,
200000,3.458627700805664,0.05,-3.246734380722046,-1.0680569869340162,39.2
200050,5.4210381507873535,0.05,-2.7630491256713867,,
200100,2.3243911266326904,0.05,-2.3037707805633545,,
200150,4.394131183624268,0.05,-2.463334083557129,,
200200,1.860468864440918,0.05,-2.8698997497558594,,
200250,3.874898910522461,0.05,-2.5685877799987793,,
200300,0.7189640998840332,0.05,-2.144803285598755,,
200350,5.572975158691406,0.05,-4.226099491119385,,
200400,2.919560432434082,0.05,-3.2441699504852295,,
200450,3.5341625213623047,0.05,-3.8143508434295654,,
200500,0.346589058637619,0.05,-3.3280556201934814,,
200550,0.6704995036125183,0.05,-2.35821533203125,,
200600,2.254277229309082,0.05,-3.4286653995513916,,
200650,1.373462200164795,0.05,-2.723740816116333,,
200700,6.710707187652588,0.05,-3.384108781814575,,
200750,0.3258630633354187,0.05,-4.193026065826416,,
200800,0.4170224964618683,0.05,-2.915621519088745,,
200850,0.1764339953660965,0.05,-2.48018217086792,,
200900,0.7224221229553223,0.05,-3.485600471496582,,
200950,0.2975709140300751,0.05,-3.0478451251983643,,
201000,0.7661167979240417,0.05,-3.3621304035186768,,
201050,0.20595704019069672,0.05,-2.7616958618164062,,
201100,1.4141238927841187,0.05,-2.8106634616851807,,
201150,3.1694843769073486,0.05,-2.8238420486450195,,
201200,5.028733730316162,0.05,-3.329587936401367,,
201250,0.12527427077293396,0.05,-2.0697133541107178,,
201300,0.39392614364624023,0.05,-3.2133991718292236,,
201350,1.1345769166946411,0.05,-2.208799362182617,,
201400,3.2009143829345703,0.05,-3.9387404918670654,,
201450,0.6883811950683594,0.05,-4.081186294555664,,
201500,3.0225257873535156,0.05,-2.3118526935577393,,
201550,3.454585075378418,0.05,-3.4263346195220947,,
201600,2.7931058406829834,0.05,-3.315049886703491,,
201650,1.5632219314575195,0.05,-2.3594367504119873,,
201700,2.2752251625061035,0.05,-2.82206654548645,,
201750,0.769780695438385,0.05,-3.545825242996216,,
201800,3.059058427810669,0.05,-3.905212640762329,,
201850,1.8055977821350098,0.05,-2.7986319065093994,,
201900,2.808912515640259,0.05,-3.163412094116211,,
201950,0.7204415202140808,0.05,-1.7925132513046265,,
202000,12.93917179107666,0.05,-3.1838114261627197,,
202050,2.9518492221832275,0.05,-3.5243234634399414,,
202100,3.747361421585083,0.05,-4.75933837890625,,
202150,2.082287549972534,0.05,-3.7268664836883545,,
202200,3.224971055984497,0.05,-3.4295055866241455,,
202250,1.2666796445846558,0.05,-4.117908954620361,,
202300,7.8868727684021,0.05,-4.055623531341553,,
202350,8.16189193725586,0.05,-3.39499831199646,,
202400,4.179759502410889,0.05,-3.667766809463501,,
202450,1.4942716360092163,0.05,-3.3497536182403564,,
202500,3.890040159225464,0.05,-3.5439469814300537,,
202550,7.194173336029053,0.05,-3.553537130355835,,
202600,2.0802533626556396,0.05,-3.9111125469207764,,
202650,3.7175989151000977,0.05,-3.761660575866699,,
202700,2.120420217514038,0.05,-3.5623645782470703,,
202750,0.25276830792427063,0.05,-3.0045859813690186,,
202800,3.8648159503936768,0.05,-3.8201305866241455,,
202850,0.5379894971847534,0.05,-2.5809333324432373,,
202900,4.0530781745910645,0.05,-3.9774389266967773,,
202950,9.200304985046387,0.05,-3.2756099700927734,,
203000,2.5764825344085693,0.05,-3.307439088821411,,
203050,4.347276210784912,0.05,-2.1910488605499268,,
203100,4.678844928741455,0.05,-3.385477066040039,,
203150,1.106554388999939,0.05,-2.7534587383270264,,
203200,4.499847888946533,0.05,-3.1155662536621094,,
203250,0.9052326679229736,0.05,-2.631995439529419,,
203300,3.4911935329437256,0.05,-4.109369277954102,,
203350,1.3028322458267212,0.05,-4.504624843597412,,
203400,0.2837158739566803,0.05,-3.2900564670562744,,
203450,4.82446813583374,0.05,-3.53230881690979,,
203500,1.0887643098831177,0.05,-3.5555667877197266,,
203550,0.7938318252563477,0.05,-2.765570878982544,,
203600,6.087226867675781,0.05,-4.768263339996338,,
203650,0.8260388374328613,0.05,-3.290398597717285,,
203700,2.74485182762146,0.05,-2.997110366821289,,
203750,0.4153340756893158,0.05,-3.3462822437286377,,
203800,10.404879570007324,0.05,-2.9880282878875732,,
203850,0.8482019901275635,0.05,-3.464815855026245,,
203900,4.413682460784912,0.05,-2.577075719833374,,
203950,2.973632574081421,0.05,-2.3012101650238037,,
204000,2.436208724975586,0.05,-3.014960289001465,,
204050,3.726093292236328,0.05,-2.9313743114471436,,
204100,1.473292350769043,0.05,-4.17451286315918,,
204150,0.9408134818077087,0.05,-4.619685649871826,,
204200,5.935115337371826,0.05,-2.413968324661255,,
204250,7.142166614532471,0.05,-3.704030752182007,,
204300,1.0687686204910278,0.05,-4.492274761199951,,
204350,4.4395012855529785,0.05,-3.9637629985809326,,
204400,9.87917709350586,0.05,-3.1284596920013428,,
204450,1.1750792264938354,0.05,-3.565309762954712,,
204500,0.8656371235847473,0.05,-2.7070729732513428,,
204550,1.7301405668258667,0.05,-3.105398416519165,,
204600,2.6559865474700928,0.05,-2.3419101238250732,,
204650,0.43736520409584045,0.05,-2.3335764408111572,,
204700,1.9835442304611206,0.05,-4.283921718597412,,
204750,3.8667640686035156,0.05,-2.5752737522125244,,
204800,7.916576862335205,0.05,-3.3620452880859375,,
204850,3.341768264770508,0.05,-3.5463855266571045,,
204900,5.773540019989014,0.05,-2.365032911300659,,
204950,1.459020733833313,0.05,-3.621084451675415,,
205000,8.4212007522583,0.05,-3.8052520751953125,,
205050,0.8983872532844543,0.05,-2.952502489089966,,
205100,3.9485044479370117,0.05,-2.3719513416290283,,
205150,3.070852518081665,0.05,-3.302978515625,,
205200,1.5571088790893555,0.05,-2.826000213623047,,
205250,9.07044506072998,0.05,-3.524461030960083,,
205300,2.784372329711914,0.05,-4.021051406860352,,
205350,3.8468592166900635,0.05,-4.169849872589111,,
205400,0.39640334248542786,0.05,-3.2616233825683594,,
205450,3.045060157775879,0.05,-4.163577556610107,,
205500,2.589348316192627,0.05,-3.3879668712615967,,
205550,1.6964707374572754,0.05,-4.735480785369873,,
205600,7.486386775970459,0.05,-3.231610059738159,,
205650,4.50655460357666,0.05,-3.9160385131835938,,
205700,0.35903599858283997,0.05,-3.1702921390533447,,
205750,3.1444509029388428,0.05,-3.20961856842041,,
205800,0.2178075760602951,0.05,-3.570936441421509,,
205850,9.625354766845703,0.05,-4.443434238433838,,
205900,6.311666011810303,0.05,-6.152066707611084,,
205950,2.289081573486328,0.05,-2.7248103618621826,,
206000,6.8544464111328125,0.05,-3.317866325378418,,
206050,0.44426360726356506,0.05,-2.888939619064331,,
206100,0.29077020287513733,0.05,-3.616715669631958,,
206150,1.4595528841018677,0.05,-4.548923015594482,,
206200,3.065687417984009,0.05,-4.761756896972656,,
206250,9.175618171691895,0.05,-2.487121343612671,,
206300,1.067296028137207,0.05,-4.447687149047852,,
206350,6.912486553192139,0.05,-3.0226306915283203,,
206400,0.8485162258148193,0.05,-2.0215229988098145,,
206450,1.7887393236160278,0.05,-2.5338332653045654,,
206500,2.57511568069458,0.05,-4.281795024871826,,
206550,7.623648166656494,0.05,-4.050764083862305,,
206600,1.4015870094299316,0.05,-3.645297050476074,,
206650,1.4134870767593384,0.05,-3.6065409183502197,,
206700,5.795682430267334,0.05,-2.9728050231933594,,
206750,7.341214656829834,0.05,-3.8694400787353516,,
206800,2.965552568435669,0.05,-3.568312883377075,,
206850,2.9354822635650635,0.05,-2.9207088947296143,,
206900,0.45399966835975647,0.05,-3.4351043701171875,,
206950,2.4608070850372314,0.05,-3.8479137420654297,,
207000,6.164497375488281,0.05,-4.281389236450195,,
207050,5.700745105743408,0.05,-4.401298522949219,,
207100,2.267082929611206,0.05,-4.593560695648193,,
207150,3.048260450363159,0.05,-2.8102047443389893,,
207200,6.9132256507873535,0.05,-4.762899398803711,,
207250,0.27195215225219727,0.05,-3.7224111557006836,,
207300,4.198370456695557,0.05,-4.380160808563232,,
207350,7.263137340545654,0.05,-2.693222999572754,,
207400,0.4748239517211914,0.05,-3.3448898792266846,,
207450,5.770092010498047,0.05,-4.158453941345215,,
207500,5.2026238441467285,0.05,-3.813764810562134,,
207550,3.0757763385772705,0.05,-3.3605363368988037,,
207600,0.2941201329231262,0.05,-3.5908548831939697,,
207650,6.873544216156006,0.05,-3.6062185764312744,,
207700,3.668455123901367,0.05,-3.193424940109253,,
207750,7.214834690093994,0.05,-4.228524208068848,,
207800,0.9804808497428894,0.05,-2.749408483505249,,
207850,4.081392288208008,0.05,-4.203433513641357,,
207900,4.759679317474365,0.05,-3.3649139404296875,,
207950,4.209030628204346,0.05,-3.064622163772583,,
208000,4.278666019439697,0.05,-4.783168315887451,,
208050,3.0988805294036865,0.05,-3.457524538040161,,
208100,7.716982364654541,0.05,-3.2247676849365234,,
208150,1.2425401210784912,0.05,-3.8061771392822266,,
208200,0.33179551362991333,0.05,-2.5150697231292725,,
208250,0.30836841464042664,0.05,-2.5492818355560303,,
208300,7.55542516708374,0.05,-3.884093999862671,,
208350,0.8506723046302795,0.05,-3.680654764175415,,
208400,1.8525938987731934,0.05,-3.7501089572906494,,
208450,3.286656379699707,0.05,-3.97049617767334,,
208500,1.0552592277526855,0.05,-5.273437023162842,,
208550,1.3109551668167114,0.05,-2.5231730937957764,,
208600,5.809652328491211,0.05,-3.5163116455078125,,
208650,7.5241875648498535,0.05,-4.631579875946045,,
208700,3.5371811389923096,0.05,-3.521737813949585,,
208750,8.529919624328613,0.05,-2.7098710536956787,,
208800,3.732896089553833,0.05,-3.2040960788726807,,
208850,4.502859115600586,0.05,-3.913897752761841,,
208900,0.6079679131507874,0.05,-3.7531139850616455,,
208950,7.960443019866943,0.05,-3.5963547229766846,,
209000,2.6721975803375244,0.05,-2.7928197383880615,,
209050,2.595304489135742,0.05,-3.2653322219848633,,
209100,3.406323194503784,0.05,-3.4983150959014893,,
209150,2.7140777111053467,0.05,-4.247603893280029,,
209200,0.3869502544403076,0.05,-3.3681373596191406,,
209250,2.4779653549194336,0.05,-4.580011367797852,,
209300,0.4262353479862213,0.05,-2.3572301864624023,,
209350,1.2056468725204468,0.05,-3.8645212650299072,,
209400,4.892940998077393,0.05,-3.904059410095215,,
209450,3.7738301753997803,0.05,-3.6274611949920654,,
209500,5.27009916305542,0.05,-3.6485869884490967,,
209550,1.4706999063491821,0.05,-3.767160415649414,,
209600,4.901991844177246,0.05,-3.1204605102539062,,
209650,4.043578147888184,0.05,-2.333794593811035,,
209700,7.941925525665283,0.05,-2.650015115737915,,
209750,0.8786737322807312,0.05,-4.857967853546143,,
209800,0.5084071159362793,0.05,-3.5376758575439453,,
209850,2.0940535068511963,0.05,-3.9748170375823975,,
209900,1.2932713031768799,0.05,-2.539719820022583,,
209950,6.156775951385498,0.05,-3.532755136489868,,
210000,2.9317567348480225,0.05,-4.251525402069092,,
210050,4.730047225952148,0.05,-3.020881414413452,,
210100,9.158615112304688,0.05,-2.750821352005005,,
210150,4.833973407745361,0.05,-4.594971179962158,,
210200,0.3304413855075836,0.05,-3.470719337463379,,
210250,1.1397651433944702,0.05,-3.5301170349121094,,
210300,0.918144166469574,0.05,-3.4983932971954346,,
210350,0.7037541270256042,0.05,-3.2391958236694336,,
210400,4.717851161956787,0.05,-3.3645753860473633,,
210450,0.5921913981437683,0.05,-2.6014976501464844,,
210500,0.827078104019165,0.05,-3.7263386249542236,,
210550,5.543685436248779,0.05,-3.646254301071167,,
210600,5.079767227172852,0.05,-4.420207500457764,,
210650,2.401350259780884,0.05,-4.04633903503418,,
210700,7.172494411468506,0.05,-2.9463393688201904,,
210750,6.376609802246094,0.05,-4.491157054901123,,
210800,5.478773593902588,0.05,-3.307692527770996,,
210850,4.992288112640381,0.05,-4.165347576141357,,
210900,1.0918924808502197,0.05,-3.8701746463775635,,
210950,1.2001707553863525,0.05,-3.6181888580322266,,
211000,0.341667503118515,0.05,-3.6381795406341553,,
211050,6.483663082122803,0.05,-3.212841272354126,,
211100,6.971795558929443,0.05,-4.187615871429443,,
211150,6.719413757324219,0.05,-3.3523447513580322,,
211200,3.092164993286133,0.05,-4.534890174865723,,
211250,2.7399537563323975,0.05,-3.4886045455932617,,
211300,0.5775559544563293,0.05,-3.3797874450683594,,
211350,0.11577200889587402,0.05,-2.5803091526031494,,
211400,6.644111633300781,0.05,-2.71399188041687,,
211450,2.417670726776123,0.05,-2.9833805561065674,,
211500,1.9896659851074219,0.05,-3.2235186100006104,,
211550,13.181480407714844,0.05,-3.7154102325439453,,
211600,1.8095110654830933,0.05,-2.562082529067993,,
211650,5.758716583251953,0.05,-3.171808958053589,,
211700,0.7534151673316956,0.05,-3.817779302597046,,
211750,0.17992709577083588,0.05,-2.5951831340789795,,
211800,0.8210723996162415,0.05,-4.8777546882629395,,
211850,7.149581432342529,0.05,-3.8731529712677,,
211900,5.729024410247803,0.05,-3.715238332748413,,
211950,6.871786117553711,0.05,-3.980968475341797,,
212000,3.2126989364624023,0.05,-3.7082679271698,,
212050,6.63878870010376,0.05,-4.140029430389404,,
212100,3.039872407913208,0.05,-2.7158823013305664,,
212150,6.271270275115967,0.05,-4.7280097007751465,,
212200,0.5635917782783508,0.05,-2.7386837005615234,,
212250,7.861515045166016,0.05,-3.6542341709136963,,
212300,8.150400161743164,0.05,-3.6886065006256104,,
212350,3.1721274852752686,0.05,-3.2440121173858643,,
212400,2.794560670852661,0.05,-3.3320226669311523,,
212450,0.46157896518707275,0.05,-2.7752559185028076,,
212500,7.226526260375977,0.05,-3.653216600418091,,
212550,4.2476277351379395,0.05,-3.2265164852142334,,
212600,2.882894515991211,0.05,-3.1877362728118896,,
212650,6.087161540985107,0.05,-2.6332590579986572,,
212700,7.337818145751953,0.05,-3.438532829284668,,
212750,8.293388366699219,0.05,-2.187833786010742,,
212800,2.115143060684204,0.05,-3.2120916843414307,,
212850,5.8891730308532715,0.05,-3.6847152709960938,,
212900,5.9945220947265625,0.05,-2.875997543334961,,
212950,3.0450503826141357,0.05,-3.3360283374786377,,
213000,1.5195671319961548,0.05,-4.721322536468506,,
213050,3.1873779296875,0.05,-3.6089398860931396,,
213100,0.6236452460289001,0.05,-3.7455384731292725,,
213150,0.32176393270492554,0.05,-2.7503890991210938,,
213200,1.6197271347045898,0.05,-3.630446672439575,,
213250,2.5633113384246826,0.05,-2.0649662017822266,,
213300,8.222786903381348,0.05,-2.7007572650909424,,
213350,0.16627876460552216,0.05,-2.4986324310302734,,
213400,4.918145656585693,0.05,-2.724463701248169,,
213450,13.45930004119873,0.05,-3.661468267440796,,
213500,4.5963873863220215,0.05,-2.9328129291534424,,
213550,3.4940261840820312,0.05,-3.258937120437622,,
213600,4.86804723739624,0.05,-3.014065742492676,,
213650,0.2940773069858551,0.05,-2.714958906173706,,
213700,5.033387660980225,0.05,-2.1922528743743896,,
213750,0.853354275226593,0.05,-3.004035234451294,,
213800,1.4904279708862305,0.05,-3.4337313175201416,,
213850,11.145698547363281,0.05,-3.2774226665496826,,
213900,3.13041615486145,0.05,-3.533135414123535,,
213950,0.6352437138557434,0.05,-4.38131856918335,,
214000,1.3434948921203613,0.05,-4.457646369934082,,
214050,0.16042307019233704,0.05,-3.5778424739837646,,
214100,4.061646461486816,0.05,-4.345293998718262,,
214150,2.4028117656707764,0.05,-2.4565117359161377,,
214200,0.2688269317150116,0.05,-2.8041532039642334,,
214250,0.9017477631568909,0.05,-3.527552366256714,,
214300,2.2927849292755127,0.05,-3.106109857559204,,
214350,3.687387704849243,0.05,-3.3039121627807617,,
214400,1.3944449424743652,0.05,-3.138029098510742,,
214450,1.1724953651428223,0.05,-2.966386556625366,,
214500,1.6877304315567017,0.05,-3.882307767868042,,
214550,0.37785086035728455,0.05,-2.1185128688812256,,
214600,0.80681973695755,0.05,-2.6303656101226807,,
214650,10.873699188232422,0.05,-2.934471368789673,,
214700,11.326001167297363,0.05,-3.2159998416900635,,
214750,3.191887617111206,0.05,-2.581138849258423,,
214800,0.24593771994113922,0.05,-1.8852757215499878,,
214850,7.80468225479126,0.05,-3.5647783279418945,,
214900,2.1939103603363037,0.05,-2.262820243835449,,
214950,9.00647258758545,0.05,-3.0290944576263428,,
215000,2.0796618461608887,0.05,-3.09466290473938,,
215050,0.497114896774292,0.05,-2.30584979057312,,
215100,1.5423117876052856,0.05,-4.431288242340088,,
215150,6.530649662017822,0.05,-3.601350784301758,,
215200,0.36297664046287537,0.05,-3.2873096466064453,,
215250,3.228231430053711,0.05,-3.0332162380218506,,
215300,3.3004703521728516,0.05,-3.950305938720703,,
215350,2.739621162414551,0.05,-3.5175704956054688,,
215400,12.116206169128418,0.05,-3.1798017024993896,,
215450,2.7636725902557373,0.05,-3.6005964279174805,,
215500,6.712899684906006,0.05,-3.018242120742798,,
215550,1.5057083368301392,0.05,-4.140787124633789,,
215600,0.6940757632255554,0.05,-3.217705488204956,,
215650,11.967239379882812,0.05,-3.4900081157684326,,
215700,2.1581666469573975,0.05,-3.0695762634277344,,
215750,4.533210277557373,0.05,-4.532957077026367,,
215800,1.9834648370742798,0.05,-3.0348126888275146,,
215850,5.384145736694336,0.05,-2.9312713146209717,,
215900,2.747283697128296,0.05,-3.4778130054473877,,
215950,0.46896645426750183,0.05,-3.4587745666503906,,
216000,3.315460205078125,0.05,-4.058866024017334,,
216050,0.47852638363838196,0.05,-2.3978545665740967,,
216100,1.0716668367385864,0.05,-3.6986749172210693,,
216150,1.0419049263000488,0.05,-3.0973281860351562,,
216200,0.23885281383991241,0.05,-2.940638780593872,,
216250,0.5981674194335938,0.05,-3.667344331741333,,
216300,6.379472255706787,0.05,-2.478889226913452,,
216350,6.010578632354736,0.05,-3.57025408744812,,
216400,0.49986839294433594,0.05,-1.9076509475708008,,
216450,0.25527817010879517,0.05,-2.9042844772338867,,
216500,7.295706272125244,0.05,-2.4176082611083984,,
216550,6.849705219268799,0.05,-4.647497177124023,,
216600,0.7563217282295227,0.05,-3.744680404663086,,
216650,1.1985979080200195,0.05,-4.919650554656982,,
216700,10.207121849060059,0.05,-3.8671157360076904,,
216750,2.333073854446411,0.05,-3.6151187419891357,,
216800,7.432470321655273,0.05,-3.896378755569458,,
216850,3.4253427982330322,0.05,-5.257593631744385,,
216900,4.519130229949951,0.05,-2.9288084506988525,,
216950,0.5126222372055054,0.05,-3.3451831340789795,,
217000,9.714061737060547,0.05,-3.8131263256073,,
217050,10.101733207702637,0.05,-4.925425052642822,,
217100,0.5999976992607117,0.05,-3.5728797912597656,,
217150,1.7821418046951294,0.05,-3.4095518589019775,,
217200,3.644676923751831,0.05,-3.637885332107544,,
217250,2.8872976303100586,0.05,-3.206670045852661,,
217300,2.545562505722046,0.05,-3.8061811923980713,,
217350,0.74550861120224,0.05,-2.5647261142730713,,
217400,5.322759628295898,0.05,-4.11198091506958,,
217450,5.151635646820068,0.05,-3.2097034454345703,,
217500,8.257782936096191,0.05,-3.948805809020996,,
217550,1.1073676347732544,0.05,-3.9149115085601807,,
217600,1.1243032217025757,0.05,-4.566501140594482,,
217650,3.081303596496582,0.05,-3.8091115951538086,,
217700,1.9035447835922241,0.05,-4.492831707000732,,
217750,0.9581539034843445,0.05,-4.796560764312744,,
217800,2.267997980117798,0.05,-2.920940637588501,,
217850,0.9468326568603516,0.05,-3.411059617996216,,
217900,1.489935040473938,0.05,-3.857720136642456,,
217950,0.2872266471385956,0.05,-4.294467449188232,,
218000,3.110180616378784,0.05,-3.5360660552978516,,
218050,0.784175455570221,0.05,-3.8938815593719482,,
218100,0.5459666848182678,0.05,-2.934832811355591,,
218150,5.212902069091797,0.05,-4.35867977142334,,
218200,6.377788066864014,0.05,-2.8338263034820557,,
218250,0.2230808287858963,0.05,-3.0131654739379883,,
218300,4.401752948760986,0.05,-3.2776803970336914,,
218350,0.6274509429931641,0.05,-3.448448896408081,,
218400,5.0279364585876465,0.05,-3.4173707962036133,,
218450,8.18812370300293,0.05,-3.3459956645965576,,
218500,0.48818716406822205,0.05,-3.4290382862091064,,
218550,3.6054069995880127,0.05,-4.27110481262207,,
218600,9.073307991027832,0.05,-3.4033024311065674,,
218650,0.9482908248901367,0.05,-4.176342964172363,,
218700,1.0003989934921265,0.05,-4.393616199493408,,
218750,0.5409311652183533,0.05,-3.60443115234375,,
218800,5.13132381439209,0.05,-2.690563440322876,,
218850,2.071885824203491,0.05,-4.280191898345947,,
218900,1.2371808290481567,0.05,-3.9369256496429443,,
218950,0.4643529951572418,0.05,-3.4407100677490234,,
219000,6.676921844482422,0.05,-4.445969104766846,,
219050,0.6249865889549255,0.05,-2.9243853092193604,,
219100,0.264590859413147,0.05,-2.163384199142456,,
219150,10.6460599899292,0.05,-4.449534893035889,,
219200,0.7458333373069763,0.05,-4.2118377685546875,,
219250,3.0856621265411377,0.05,-3.0928308963775635,,
219300,0.19547580182552338,0.05,-2.709033966064453,,
219350,0.1467016488313675,0.05,-2.9584410190582275,,
219400,2.7033231258392334,0.05,-3.9543685913085938,,
219450,4.560967922210693,0.05,-4.2274603843688965,,
219500,0.3142204284667969,0.05,-2.749284029006958,,
219550,8.060580253601074,0.05,-2.8259801864624023,,
219600,6.949107646942139,0.05,-3.657567024230957,,
219650,0.3736828565597534,0.05,-3.2008485794067383,,
219700,0.41393300890922546,0.05,-2.8411319255828857,,
219750,0.3434270918369293,0.05,-3.6358087062835693,,
219800,1.0501298904418945,0.05,-4.005849361419678,,
219850,3.2844932079315186,0.05,-3.055501937866211,,
219900,4.454952239990234,0.05,-3.6938130855560303,,
219950,6.071101665496826,0.05,-3.4242851734161377,,
220000,5.480778217315674,0.05,-2.821157693862915,,
220050,0.15444479882717133,0.05,-2.735548973083496,,
220100,3.989980936050415,0.05,-2.325979471206665,,
220150,2.936598062515259,0.05,-2.979038953781128,,
220200,3.418238878250122,0.05,-4.245291233062744,,
220250,4.842846393585205,0.05,-3.4926631450653076,,
220300,4.092259883880615,0.05,-2.1369574069976807,,
220350,1.9654899835586548,0.05,-3.693059206008911,,
220400,0.6210059523582458,0.05,-3.167870283126831,,
220450,0.9262475371360779,0.05,-3.3371150493621826,,
220500,7.150028228759766,0.05,-3.9253947734832764,,
220550,2.297501802444458,0.05,-4.610286712646484,,
220600,12.235390663146973,0.05,-2.4789035320281982,,
220650,20.837526321411133,0.05,-4.033042907714844,,
220700,3.0748302936553955,0.05,-3.217144727706909,,
220750,3.619880437850952,0.05,-3.311204195022583,,
220800,6.377635955810547,0.05,-3.9148731231689453,,
220850,0.4319496154785156,0.05,-3.9097445011138916,,
220900,2.9246530532836914,0.05,-2.8288698196411133,,
220950,4.813252925872803,0.05,-2.9452569484710693,,
221000,9.29784107208252,0.05,-3.7116024494171143,,
221050,1.769407868385315,0.05,-3.785802125930786,,
221100,8.40842056274414,0.05,-3.6659040451049805,,
221150,4.382115840911865,0.05,-3.5319149494171143,,
221200,1.9828790426254272,0.05,-3.0865657329559326,,
221250,4.551563739776611,0.05,-4.946986675262451,,
221300,2.1694576740264893,0.05,-3.021768808364868,,
221350,3.051314115524292,0.05,-3.706427574157715,,
221400,4.7289137840271,0.05,-3.4080657958984375,,
221450,1.1767243146896362,0.05,-3.8293697834014893,,
221500,6.068452835083008,0.05,-3.668699264526367,,
221550,2.958061933517456,0.05,-2.833146333694458,,
221600,3.6122329235076904,0.05,-3.0970840454101562,,
221650,5.314820766448975,0.05,-3.5175912380218506,,
221700,0.6838999390602112,0.05,-3.884472131729126,,
221750,3.0545952320098877,0.05,-5.473349094390869,,
221800,0.1106640100479126,0.05,-3.018552780151367,,
221850,0.22577936947345734,0.05,-3.4026575088500977,,
221900,0.28205808997154236,0.05,-3.5581493377685547,,
221950,4.098299980163574,0.05,-3.0485312938690186,,
222000,5.2510151863098145,0.05,-3.4554946422576904,,
222050,3.973377227783203,0.05,-4.73859977722168,,
222100,0.325204998254776,0.05,-3.484110116958618,,
222150,1.244902491569519,0.05,-2.6990034580230713,,
222200,0.25003427267074585,0.05,-3.0753800868988037,,
222250,0.580242395401001,0.05,-3.5420446395874023,,
222300,0.3453789949417114,0.05,-2.6534595489501953,,
222350,2.0985090732574463,0.05,-3.760157823562622,,
222400,4.0937323570251465,0.05,-3.0294294357299805,,
222450,4.259101867675781,0.05,-3.0895497798919678,,
222500,0.5248222947120667,0.05,-3.3290693759918213,,
222550,2.571619749069214,0.05,-2.9084911346435547,,
222600,4.258052349090576,0.05,-4.669840335845947,,
222650,1.5398160219192505,0.05,-4.305272579193115,,
222700,0.84171462059021,0.05,-3.152498960494995,,
222750,1.1131194829940796,0.05,-2.6549742221832275,,
222800,3.26607346534729,0.05,-3.026271104812622,,
222850,3.9934241771698,0.05,-3.1622066497802734,,
222900,2.827543020248413,0.05,-3.1049373149871826,,
222950,5.174896240234375,0.05,-3.344914197921753,,
223000,1.2099791765213013,0.05,-4.426677227020264,,
223050,0.5440735816955566,0.05,-3.655604362487793,,
223100,1.3898991346359253,0.05,-5.100032329559326,,
223150,3.5830652713775635,0.05,-3.2781550884246826,,
223200,0.39923956990242004,0.05,-3.4830234050750732,,
223250,0.5397737622261047,0.05,-4.2018914222717285,,
223300,1.1997205018997192,0.05,-3.5547759532928467,,
223350,7.506582260131836,0.05,-3.60371994972229,,
223400,7.883023738861084,0.05,-3.705167055130005,,
223450,0.1766287088394165,0.05,-3.6230576038360596,,
223500,0.45392122864723206,0.05,-3.8229219913482666,,
223550,0.3610893189907074,0.05,-3.488233804702759,,
223600,3.116273880004883,0.05,-3.0240697860717773,,
223650,0.1801220327615738,0.05,-2.1687276363372803,,
223700,0.4964207708835602,0.05,-3.665698289871216,,
223750,2.400132894515991,0.05,-3.21972393989563,,
223800,0.10332459956407547,0.05,-3.2250020503997803,,
223850,1.0653995275497437,0.05,-2.938222885131836,,
223900,2.0553038120269775,0.05,-3.6524651050567627,,
223950,1.6481375694274902,0.05,-3.251495361328125,,
224000,2.0421533584594727,0.05,-3.6904137134552,,
224050,6.149946212768555,0.05,-4.516941547393799,,
224100,3.415390968322754,0.05,-2.8497819900512695,,
224150,3.243838310241699,0.05,-3.997441053390503,,
224200,0.8715704083442688,0.05,-2.892918348312378,,
224250,6.903461933135986,0.05,-3.7306482791900635,,
224300,11.930473327636719,0.05,-4.149433612823486,,
224350,5.407896518707275,0.05,-3.2850446701049805,,
224400,1.414533257484436,0.05,-3.1250696182250977,,
224450,2.1945440769195557,0.05,-3.4398021697998047,,
224500,1.1786727905273438,0.05,-5.2128729820251465,,
224550,0.19945454597473145,0.05,-3.0442235469818115,,
224600,2.0405704975128174,0.05,-3.3380393981933594,,
224650,0.4603261649608612,0.05,-3.5607481002807617,,
224700,0.1918899267911911,0.05,-3.39481258392334,,
224750,0.46881237626075745,0.05,-3.499438524246216,,
224800,3.804668426513672,0.05,-3.706674575805664,,
224850,7.75000524520874,0.05,-3.830608606338501,,
224900,5.814509868621826,0.05,-3.483039617538452,,
224950,1.3698405027389526,0.05,-4.054893970489502,,
225000,2.8373992443084717,0.05,-2.8378734588623047,-0.7537396122152565,23.33333333333333
225050,5.717409610748291,0.05,-3.377187728881836,,
225100,10.002846717834473,0.05,-3.2382800579071045,,
225150,5.619333744049072,0.05,-4.385746002197266,,
225200,3.9614102840423584,0.05,-3.7456276416778564,,
225250,5.200850963592529,0.05,-4.860772609710693,,
225300,0.5684456825256348,0.05,-3.484893798828125,,
225350,1.2126357555389404,0.05,-3.144416570663452,,
225400,0.9561309218406677,0.05,-4.032736301422119,,
225450,1.8741674423217773,0.05,-3.940094232559204,,
225500,0.34233832359313965,0.05,-3.36444091796875,,
225550,5.012484073638916,0.05,-3.0198371410369873,,
225600,2.3410661220550537,0.05,-5.456472396850586,,
225650,1.679181694984436,0.05,-3.3923180103302,,
225700,1.2261625528335571,0.05,-4.520515441894531,,
225750,1.531130313873291,0.05,-3.922419786453247,,
225800,12.362322807312012,0.05,-3.3974790573120117,,
225850,1.583814263343811,0.05,-3.5008342266082764,,
225900,10.270977020263672,0.05,-2.9822418689727783,,
225950,6.9636101722717285,0.05,-3.771019697189331,,
226000,0.3256934881210327,0.05,-2.487741708755493,,
226050,5.387628555297852,0.05,-2.9973812103271484,,
226100,2.515016794204712,0.05,-3.0735769271850586,,
226150,0.33415234088897705,0.05,-2.833732843399048,,
226200,2.528491258621216,0.05,-3.2794158458709717,,
226250,1.8669195175170898,0.05,-2.1929852962493896,,
226300,13.700425148010254,0.05,-4.736316680908203,,
226350,0.9356603622436523,0.05,-4.135222434997559,,
226400,3.1982038021087646,0.05,-3.3883426189422607,,
226450,8.50437068939209,0.05,-3.973919630050659,,
226500,1.000684142112732,0.05,-2.9863479137420654,,
226550,0.21702158451080322,0.05,-2.4981791973114014,,
226600,4.072717189788818,0.05,-2.5410549640655518,,
226650,0.28308138251304626,0.05,-3.661208391189575,,
226700,5.977354526519775,0.05,-2.4809346199035645,,
226750,5.251492023468018,0.05,-2.8843345642089844,,
226800,4.025161266326904,0.05,-4.753654956817627,,
226850,16.149484634399414,0.05,-4.498460292816162,,
226900,5.71204137802124,0.05,-3.8567283153533936,,
226950,0.9569120407104492,0.05,-2.9286811351776123,,
227000,2.2772769927978516,0.05,-3.570181131362915,,
227050,4.554009914398193,0.05,-3.264071464538574,,
227100,0.555802583694458,0.05,-3.4187724590301514,,
227150,8.634324073791504,0.05,-4.742967128753662,,
227200,3.3161392211914062,0.05,-3.765296220779419,,
227250,3.170595169067383,0.05,-3.7137367725372314,,
227300,3.007838249206543,0.05,-3.9002811908721924,,
227350,3.9691896438598633,0.05,-3.862698554992676,,
227400,2.375507116317749,0.05,-4.354428768157959,,
227450,6.161654949188232,0.05,-2.8413374423980713,,
227500,3.188154935836792,0.05,-3.3503713607788086,,
227550,2.1170237064361572,0.05,-4.159585952758789,,
227600,4.729176998138428,0.05,-3.7729673385620117,,
227650,10.97314167022705,0.05,-3.27496075630188,,
227700,8.521763801574707,0.05,-4.019368648529053,,
227750,4.418159008026123,0.05,-3.6294100284576416,,
227800,0.5333572626113892,0.05,-2.8701589107513428,,
227850,0.9622519016265869,0.05,-3.5934457778930664,,
227900,3.149688959121704,0.05,-3.7702577114105225,,
227950,1.576567530632019,0.05,-3.046900749206543,,
228000,0.6053040623664856,0.05,-2.364644765853882,,
228050,10.157793045043945,0.05,-3.1535279750823975,,
228100,0.32702818512916565,0.05,-2.756706953048706,,
228150,9.339451789855957,0.05,-4.091212749481201,,
228200,0.8909580707550049,0.05,-3.777561902999878,,
228250,10.286911964416504,0.05,-3.3878509998321533,,
228300,8.283011436462402,0.05,-4.991920471191406,,
228350,10.301735877990723,0.05,-2.8793461322784424,,
228400,5.139214038848877,0.05,-2.7216055393218994,,
228450,5.207539081573486,0.05,-2.1802141666412354,,
228500,1.462119698524475,0.05,-2.733553886413574,,
228550,1.222291350364685,0.05,-3.4666759967803955,,
228600,5.562617778778076,0.05,-4.051295280456543,,
228650,7.290304660797119,0.05,-3.856034517288208,,
228700,8.151955604553223,0.05,-2.216130256652832,,
228750,5.866395473480225,0.05,-2.979387044906616,,
228800,1.3444594144821167,0.05,-2.5545811653137207,,
228850,1.8970924615859985,0.05,-3.7919938564300537,,
228900,0.38521480560302734,0.05,-3.4006216526031494,,
228950,9.496381759643555,0.05,-3.366257429122925,,
229000,2.0120160579681396,0.05,-3.051954507827759,,
229050,0.5845997929573059,0.05,-4.147359848022461,,
229100,0.9562253952026367,0.05,-3.1077747344970703,,
229150,0.8539736866950989,0.05,-3.763180732727051,,
229200,3.423187494277954,0.05,-3.288367986679077,,
229250,5.100337982177734,0.05,-3.600648880004883,,
229300,6.987146854400635,0.05,-3.277930974960327,,
229350,7.137765407562256,0.05,-3.7815611362457275,,
229400,1.069416880607605,0.05,-3.243330955505371,,
229450,10.713218688964844,0.05,-3.349043130874634,,
229500,0.5704747438430786,0.05,-2.3390541076660156,,
229550,3.4082324504852295,0.05,-4.4436774253845215,,
229600,3.6960465908050537,0.05,-4.283344268798828,,
229650,3.8085153102874756,0.05,-3.7437546253204346,,
229700,1.1360716819763184,0.05,-3.513695001602173,,
229750,4.146987438201904,0.05,-4.324048042297363,,
229800,3.716698408126831,0.05,-2.740783929824829,,
229850,4.461981773376465,0.05,-3.8032801151275635,,
229900,1.28993821144104,0.05,-3.1177847385406494,,
229950,6.244932651519775,0.05,-3.1768038272857666,,
230000,4.206724643707275,0.05,-3.10001540184021,,
230050,7.6999359130859375,0.05,-3.218797445297241,,
230100,1.3168493509292603,0.05,-5.1534552574157715,,
230150,0.24812811613082886,0.05,-3.6753389835357666,,
230200,4.807542324066162,0.05,-2.044959783554077,,
230250,0.7505908012390137,0.05,-3.0934479236602783,,
230300,4.1517181396484375,0.05,-4.099928855895996,,
230350,1.7479408979415894,0.05,-3.1045548915863037,,
230400,9.65417766571045,0.05,-3.7841312885284424,,
230450,7.121927261352539,0.05,-4.079370975494385,,
230500,2.7538421154022217,0.05,-3.3595588207244873,,
230550,1.7854572534561157,0.05,-2.64792537689209,,
230600,0.19942651689052582,0.05,-3.4403724670410156,,
230650,3.0409250259399414,0.05,-5.552636623382568,,
230700,1.0864348411560059,0.05,-4.736084461212158,,
230750,0.30222538113594055,0.05,-3.0714271068573,,
230800,2.0146892070770264,0.05,-2.8777620792388916,,
230850,0.833747923374176,0.05,-5.167785167694092,,
230900,1.4162417650222778,0.05,-2.5000498294830322,,
230950,0.98994380235672,0.05,-3.2322375774383545,,
231000,0.2548728585243225,0.05,-2.603606939315796,,
231050,4.509865760803223,0.05,-2.948378801345825,,
231100,1.522385597229004,0.05,-3.39980411529541,,
231150,0.44781598448753357,0.05,-2.4440348148345947,,
231200,12.478375434875488,0.05,-2.2072713375091553,,
231250,2.0549144744873047,0.05,-4.2024102210998535,,
231300,13.36706256866455,0.05,-3.896263837814331,,
231350,0.22179065644741058,0.05,-2.6407265663146973,,
231400,3.182102918624878,0.05,-4.46389627456665,,
231450,1.2383211851119995,0.05,-4.391709804534912,,
231500,0.8499996662139893,0.05,-3.220062255859375,,
231550,0.1371913105249405,0.05,-2.718820571899414,,
231600,5.2902445793151855,0.05,-2.8160533905029297,,
231650,3.365542411804199,0.05,-3.181117296218872,,
231700,22.060880661010742,0.05,-3.4795923233032227,,
231750,2.996229887008667,0.05,-3.7140209674835205,,
231800,1.4456205368041992,0.05,-4.4700822830200195,,
231850,2.7196357250213623,0.05,-2.5409762859344482,,
231900,0.9536649584770203,0.05,-3.2830722332000732,,
231950,5.787670135498047,0.05,-2.7333850860595703,,
232000,0.4753699004650116,0.05,-4.581076622009277,,
232050,2.542428731918335,0.05,-3.0713422298431396,,
232100,13.342528343200684,0.05,-3.839487314224243,,
232150,1.0573605298995972,0.05,-3.077042579650879,,
232200,1.4597305059432983,0.05,-3.5179898738861084,,
232250,6.996099948883057,0.05,-3.7999489307403564,,
232300,0.09885267168283463,0.05,-3.1025466918945312,,
232350,2.9228105545043945,0.05,-3.5782241821289062,,
232400,0.9318084120750427,0.05,-4.25885534286499,,
232450,0.4894939363002777,0.05,-2.8445377349853516,,
232500,9.324360847473145,0.05,-3.0707969665527344,,
232550,0.3809349536895752,0.05,-2.9477264881134033,,
232600,0.8939313888549805,0.05,-4.020322322845459,,
232650,3.998018980026245,0.05,-3.1800403594970703,,
232700,8.401627540588379,0.05,-2.798290967941284,,
232750,5.515687942504883,0.05,-4.253632545471191,,
232800,0.16319639980793,0.05,-3.272120475769043,,
232850,4.334360122680664,0.05,-4.275069713592529,,
232900,0.2312489002943039,0.05,-3.188436508178711,,
232950,0.832383930683136,0.05,-3.942763090133667,,
233000,18.942724227905273,0.05,-2.7934458255767822,,
233050,3.0914230346679688,0.05,-4.206030368804932,,
233100,2.2884483337402344,0.05,-3.8495090007781982,,
233150,1.9771348237991333,0.05,-2.739159345626831,,
233200,2.9576008319854736,0.05,-2.05306077003479,,
233250,1.5469202995300293,0.05,-2.845881223678589,,
233300,6.703926086425781,0.05,-2.9321203231811523,,
233350,7.2698540687561035,0.05,-2.973891258239746,,
233400,5.223089218139648,0.05,-2.803938627243042,,
233450,3.284045934677124,0.05,-4.013655185699463,,
233500,9.706429481506348,0.05,-3.6669466495513916,,
233550,0.22476446628570557,0.05,-2.362452745437622,,
233600,3.5433156490325928,0.05,-2.3771040439605713,,
233650,5.840137958526611,0.05,-4.240194797515869,,
233700,1.2769756317138672,0.05,-4.564403057098389,,
233750,0.5350896716117859,0.05,-2.3481242656707764,,
233800,0.4723614752292633,0.05,-3.49552321434021,,
233850,0.7771020531654358,0.05,-4.51015043258667,,
233900,3.1405012607574463,0.05,-2.5352046489715576,,
233950,0.40498825907707214,0.05,-3.1477749347686768,,
234000,0.7489819526672363,0.05,-2.678678512573242,,
234050,3.8957653045654297,0.05,-4.5191779136657715,,
234100,0.45173361897468567,0.05,-3.1669349670410156,,
234150,0.1773270219564438,0.05,-2.901622772216797,,
234200,1.2114638090133667,0.05,-3.4120121002197266,,
234250,0.5907949805259705,0.05,-4.7074384689331055,,
234300,1.2523070573806763,0.05,-2.7317276000976562,,
234350,0.4329160749912262,0.05,-3.334474802017212,,
234400,1.7885427474975586,0.05,-2.7001841068267822,,
234450,1.917159080505371,0.05,-3.454137086868286,,
234500,7.615453720092773,0.05,-3.482318162918091,,
234550,1.11758291721344,0.05,-4.05452823638916,,
234600,10.157889366149902,0.05,-3.500711679458618,,
234650,0.629041850566864,0.05,-3.1280651092529297,,
234700,5.529449939727783,0.05,-3.952061891555786,,
234750,8.441946983337402,0.05,-2.917889356613159,,
234800,3.4226300716400146,0.05,-2.7041385173797607,,
234850,9.425548553466797,0.05,-3.7946665287017822,,
234900,10.921031951904297,0.05,-3.5543975830078125,,
234950,8.798274040222168,0.05,-3.0072133541107178,,
235000,9.0444974899292,0.05,-4.192098140716553,,
235050,1.396474003791809,0.05,-3.232921600341797,,
235100,9.843897819519043,0.05,-2.28666615486145,,
235150,3.7482688426971436,0.05,-3.3280951976776123,,
235200,10.58794116973877,0.05,-4.964118480682373,,
235250,8.144485473632812,0.05,-3.80112624168396,,
235300,1.1428790092468262,0.05,-4.473194599151611,,
235350,9.736069679260254,0.05,-3.3825912475585938,,
235400,5.875732898712158,0.05,-3.093966484069824,,
235450,1.3804645538330078,0.05,-3.52671217918396,,
235500,4.331125736236572,0.05,-2.555769205093384,,
235550,1.6141338348388672,0.05,-3.196354627609253,,
235600,1.3296021223068237,0.05,-5.051182270050049,,
235650,4.1238837242126465,0.05,-2.907803773880005,,
235700,0.3869950771331787,0.05,-2.4753098487854004,,
235750,2.6229140758514404,0.05,-3.1667404174804688,,
235800,0.2451922446489334,0.05,-3.0498647689819336,,
235850,7.327104091644287,0.05,-3.9215247631073,,
235900,8.524092674255371,0.05,-2.958127737045288,,
235950,0.3896695375442505,0.05,-3.2394955158233643,,
236000,0.3744508922100067,0.05,-3.1375386714935303,,
236050,2.2105677127838135,0.05,-2.345869779586792,,
236100,4.126094341278076,0.05,-3.248021364212036,,
236150,0.29418012499809265,0.05,-3.803112268447876,,
236200,0.18702130019664764,0.05,-2.36489200592041,,
236250,8.079943656921387,0.05,-2.814253568649292,,
236300,0.6418659090995789,0.05,-4.449163913726807,,
236350,8.022200584411621,0.05,-2.788541555404663,,
236400,6.430376052856445,0.05,-3.3095362186431885,,
236450,1.8255658149719238,0.05,-3.328838586807251,,
236500,8.20664119720459,0.05,-2.865715265274048,,
236550,1.8041812181472778,0.05,-3.031454086303711,,
236600,0.6678312420845032,0.05,-3.0236008167266846,,
236650,2.9474880695343018,0.05,-2.488485336303711,,
236700,15.868430137634277,0.05,-1.7358750104904175,,
236750,1.2966656684875488,0.05,-2.457872152328491,,
236800,5.555368423461914,0.05,-2.6956939697265625,,
236850,0.22733397781848907,0.05,-3.200345039367676,,
236900,9.105138778686523,0.05,-3.986485242843628,,
236950,4.214881896972656,0.05,-4.114177227020264,,
237000,3.2655038833618164,0.05,-4.4038615226745605,,
237050,11.900845527648926,0.05,-2.7819998264312744,,
237100,4.151823043823242,0.05,-3.5458288192749023,,
237150,3.5337421894073486,0.05,-3.5416736602783203,,
237200,0.34418967366218567,0.05,-3.826507806777954,,
237250,0.7455465793609619,0.05,-3.6485509872436523,,
237300,0.3926822245121002,0.05,-2.3253719806671143,,
237350,8.397734642028809,0.05,-3.3710033893585205,,
237400,0.7650004029273987,0.05,-3.8310177326202393,,
237450,11.735706329345703,0.05,-3.362484931945801,,
237500,0.8595073223114014,0.05,-3.557978391647339,,
237550,15.202308654785156,0.05,-3.78015398979187,,
237600,1.894814133644104,0.05,-2.600329637527466,,
237650,5.392810821533203,0.05,-3.443432092666626,,
237700,4.695621013641357,0.05,-3.6200313568115234,,
237750,1.2916330099105835,0.05,-2.8462302684783936,,
237800,0.7927265167236328,0.05,-4.071753978729248,,
237850,6.318462371826172,0.05,-3.5666701793670654,,
237900,5.589379787445068,0.05,-2.8466789722442627,,
237950,0.21621328592300415,0.05,-3.6509954929351807,,
238000,2.397508382797241,0.05,-3.295898199081421,,
238050,2.2253568172454834,0.05,-5.339710235595703,,
238100,0.26387742161750793,0.05,-3.792222023010254,,
238150,4.570608615875244,0.05,-2.415341377258301,,
238200,0.40662503242492676,0.05,-3.723560094833374,,
238250,13.523648262023926,0.05,-2.9500863552093506,,
238300,0.8562414646148682,0.05,-4.827250957489014,,
238350,0.9658634066581726,0.05,-4.517800807952881,,
238400,1.8237031698226929,0.05,-4.400959491729736,,
238450,5.561386585235596,0.05,-2.3680484294891357,,
238500,1.6065062284469604,0.05,-3.1250321865081787,,
238550,4.509503364562988,0.05,-4.101289749145508,,
238600,0.35976216197013855,0.05,-3.995684862136841,,
238650,1.7587789297103882,0.05,-4.739140033721924,,
238700,0.5506184697151184,0.05,-3.732982873916626,,
238750,3.6967966556549072,0.05,-3.8194773197174072,,
238800,0.6292995810508728,0.05,-2.838048219680786,,
238850,2.1890006065368652,0.05,-3.6710379123687744,,
238900,1.8322380781173706,0.05,-4.797477722167969,,
238950,3.573432207107544,0.05,-3.1621952056884766,,
239000,6.8840789794921875,0.05,-3.658975839614868,,
239050,1.0615568161010742,0.05,-3.7591898441314697,,
239100,3.304602861404419,0.05,-3.3391945362091064,,
239150,0.6550385355949402,0.05,-4.158799171447754,,
239200,0.32409074902534485,0.05,-2.749762535095215,,
239250,2.483248233795166,0.05,-3.7154855728149414,,
239300,1.3084560632705688,0.05,-3.4087047576904297,,
239350,2.4420530796051025,0.05,-3.2476227283477783,,
239400,2.5802114009857178,0.05,-3.5008795261383057,,
239450,0.8177175521850586,0.05,-4.189493656158447,,
239500,2.5383706092834473,0.05,-3.0203921794891357,,
239550,0.6080253720283508,0.05,-2.936438798904419,,
239600,5.83937406539917,0.05,-3.173029899597168,,
239650,1.148848295211792,0.05,-3.4123048782348633,,
239700,12.666946411132812,0.05,-3.4145920276641846,,
239750,0.31910672783851624,0.05,-4.381687164306641,,
239800,3.9800283908843994,0.05,-3.456212043762207,,
239850,11.18936824798584,0.05,-2.902635335922241,,
239900,0.9774975776672363,0.05,-3.412132978439331,,
239950,0.25466179847717285,0.05,-3.073374032974243,,
240000,0.23293434083461761,0.05,-2.946981191635132,,
240050,1.0232213735580444,0.05,-2.8878555297851562,,
240100,0.677067220211029,0.05,-3.4155454635620117,,
240150,1.528238296508789,0.05,-3.2955799102783203,,
240200,6.064624786376953,0.05,-4.236650466918945,,
240250,12.48195743560791,0.05,-4.0633015632629395,,
240300,5.157308101654053,0.05,-2.639129877090454,,
240350,1.5620423555374146,0.05,-3.831666946411133,,
240400,0.8888538479804993,0.05,-3.4798924922943115,,
240450,0.36104753613471985,0.05,-3.3778018951416016,,
240500,8.859796524047852,0.05,-2.541402578353882,,
240550,6.266929626464844,0.05,-3.7501375675201416,,
240600,2.771242141723633,0.05,-4.956613063812256,,
240650,0.5945941805839539,0.05,-3.769679307937622,,
240700,2.773391008377075,0.05,-3.259516477584839,,
240750,11.215826988220215,0.05,-2.648261785507202,,
240800,9.541574478149414,0.05,-3.364771842956543,,
240850,4.918282508850098,0.05,-3.021632194519043,,
240900,0.6909127235412598,0.05,-3.5893709659576416,,
240950,0.6432530283927917,0.05,-3.0204648971557617,,
241000,0.5175592303276062,0.05,-3.4287755489349365,,
241050,0.19115053117275238,0.05,-2.662194013595581,,
241100,14.206031799316406,0.05,-4.724575519561768,,
241150,0.19681811332702637,0.05,-2.8497533798217773,,
241200,6.156034469604492,0.05,-3.6536865234375,,
241250,0.8610915541648865,0.05,-3.433438539505005,,
241300,9.333035469055176,0.05,-4.051851749420166,,
241350,6.259584903717041,0.05,-3.882476806640625,,
241400,8.196854591369629,0.05,-3.292149305343628,,
241450,2.5801620483398438,0.05,-3.954091787338257,,
241500,3.763921022415161,0.05,-2.8899285793304443,,
241550,0.6151799559593201,0.05,-3.3885324001312256,,
241600,0.374006986618042,0.05,-2.5727427005767822,,
241650,0.3093937337398529,0.05,-3.4320151805877686,,
241700,10.2470121383667,0.05,-3.142848253250122,,
241750,10.1956148147583,0.05,-3.5101816654205322,,
241800,1.8275142908096313,0.05,-3.2195565700531006,,
241850,2.8456013202667236,0.05,-4.0470099449157715,,
241900,1.166486382484436,0.05,-4.060732364654541,,
241950,3.6263980865478516,0.05,-3.2874410152435303,,
242000,0.49614521861076355,0.05,-3.0688750743865967,,
242050,0.25405728816986084,0.05,-3.1647720336914062,,
242100,6.6823344230651855,0.05,-2.6280810832977295,,
242150,0.1947564333677292,0.05,-2.7871179580688477,,
242200,4.262959957122803,0.05,-4.027385234832764,,
242250,0.6433460116386414,0.05,-2.915536642074585,,
242300,6.329904556274414,0.05,-4.12676477432251,,
242350,5.486082553863525,0.05,-3.8718268871307373,,
242400,8.473259925842285,0.05,-2.203704595565796,,
242450,0.3169157803058624,0.05,-3.623790979385376,,
242500,2.14312744140625,0.05,-3.2551662921905518,,
242550,5.197368144989014,0.05,-4.494192600250244,,
242600,4.559045314788818,0.05,-3.325458288192749,,
242650,5.658700942993164,0.05,-3.540236473083496,,
242700,6.003970623016357,0.05,-3.760194778442383,,
242750,0.7269628643989563,0.05,-3.9345874786376953,,
242800,5.6246724128723145,0.05,-4.020562648773193,,
242850,2.491039991378784,0.05,-3.3201942443847656,,
242900,0.33993005752563477,0.05,-2.5536746978759766,,
242950,0.7648978233337402,0.05,-3.98889422416687,,
243000,0.4588416516780853,0.05,-3.784599542617798,,
243050,4.095577239990234,0.05,-3.6777591705322266,,
243100,6.285851001739502,0.05,-3.823249101638794,,
243150,3.606220245361328,0.05,-2.5085947513580322,,
243200,9.98934268951416,0.05,-4.80559778213501,,
243250,2.545071840286255,0.05,-3.949941635131836,,
243300,0.8057628273963928,0.05,-3.793698310852051,,
243350,4.383342742919922,0.05,-3.6745760440826416,,
243400,5.316195964813232,0.05,-4.757975101470947,,
243450,2.6949336528778076,0.05,-4.544958114624023,,
243500,3.48822283744812,0.05,-3.9163382053375244,,
243550,0.5677921175956726,0.05,-2.7736637592315674,,
243600,12.960205078125,0.05,-2.535878896713257,,
243650,1.504258155822754,0.05,-3.5014171600341797,,
243700,0.3572700023651123,0.05,-3.1404149532318115,,
243750,0.8625475764274597,0.05,-4.0315961837768555,,
243800,1.1208373308181763,0.05,-2.282646894454956,,
243850,0.5391773581504822,0.05,-3.041918992996216,,
243900,0.8739117980003357,0.05,-4.5260491371154785,,
243950,0.5921618342399597,0.05,-3.9487898349761963,,
244000,9.401803016662598,0.05,-3.902221441268921,,
244050,5.944253444671631,0.05,-3.6338253021240234,,
244100,2.518799066543579,0.05,-4.517425060272217,,
244150,4.092926502227783,0.05,-2.24126935005188,,
244200,3.111097574234009,0.05,-3.535048484802246,,
244250,0.4481871426105499,0.05,-3.1711323261260986,,
244300,0.6646955013275146,0.05,-3.031906843185425,,
244350,6.171963214874268,0.05,-2.829054117202759,,
244400,8.324109077453613,0.05,-3.00420880317688,,
244450,6.025078296661377,0.05,-3.0166995525360107,,
244500,8.590516090393066,0.05,-3.214477300643921,,
244550,10.087079048156738,0.05,-1.9388947486877441,,
244600,2.2986745834350586,0.05,-2.6556427478790283,,
244650,7.312986850738525,0.05,-3.6181859970092773,,
244700,2.78356671333313,0.05,-3.0819413661956787,,
244750,7.751918792724609,0.05,-5.5090012550354,,
244800,0.6743817329406738,0.05,-3.7001218795776367,,
244850,5.723087787628174,0.05,-3.619830846786499,,
244900,17.54547691345215,0.05,-5.049717903137207,,
244950,0.14367075264453888,0.05,-2.5872395038604736,,
245000,0.246958926320076,0.05,-2.079076051712036,,
245050,2.2675819396972656,0.05,-3.047955274581909,,
245100,5.582736968994141,0.05,-6.958728313446045,,
245150,0.21665875613689423,0.05,-2.784728765487671,,
245200,1.0692827701568604,0.05,-2.6461293697357178,,
245250,2.2341668605804443,0.05,-3.2346229553222656,,
245300,0.24332837760448456,0.05,-2.964426279067993,,
245350,2.4652838706970215,0.05,-4.28090763092041,,
245400,18.07375144958496,0.05,-3.0762059688568115,,
245450,2.18086576461792,0.05,-5.18523645401001,,
245500,0.23373295366764069,0.05,-2.878904104232788,,
245550,9.818100929260254,0.05,-4.818190097808838,,
245600,8.415159225463867,0.05,-3.2380425930023193,,
245650,4.878467082977295,0.05,-3.450857162475586,,
245700,1.5802360773086548,0.05,-3.320385694503784,,
245750,0.7044074535369873,0.05,-2.388902425765991,,
245800,7.819431781768799,0.05,-2.994960069656372,,
245850,0.3155912160873413,0.05,-2.715640068054199,,
245900,1.616428017616272,0.05,-3.3934414386749268,,
245950,0.7403556704521179,0.05,-4.728968143463135,,
246000,6.783326625823975,0.05,-3.4114348888397217,,
246050,12.618237495422363,0.05,-3.0717861652374268,,
246100,2.53922963142395,0.05,-2.5768518447875977,,
246150,1.8069305419921875,0.05,-2.891508102416992,,
246200,4.1787943840026855,0.05,-2.6678621768951416,,
246250,0.8292998671531677,0.05,-3.320281982421875,,
246300,0.4393104612827301,0.05,-3.1218292713165283,,
246350,0.13173149526119232,0.05,-2.9368579387664795,,
246400,0.24630780518054962,0.05,-2.3337786197662354,,
246450,1.4728584289550781,0.05,-2.464416980743408,,
246500,1.089260458946228,0.05,-3.87332820892334,,
246550,0.7950570583343506,0.05,-3.9803762435913086,,
246600,6.248315811157227,0.05,-3.942549705505371,,
246650,1.495388150215149,0.05,-3.0446856021881104,,
246700,4.342423915863037,0.05,-3.4429657459259033,,
246750,0.4747016429901123,0.05,-2.7862393856048584,,
246800,0.24545955657958984,0.05,-2.5013768672943115,,
246850,0.3183424472808838,0.05,-3.760599136352539,,
246900,1.3461023569107056,0.05,-2.8312931060791016,,
246950,1.3209620714187622,0.05,-3.1529245376586914,,
247000,0.16141866147518158,0.05,-2.6174893379211426,,
247050,0.9740764498710632,0.05,-4.584444999694824,,
247100,2.4849965572357178,0.05,-3.776787519454956,,
247150,3.07599139213562,0.05,-3.643368721008301,,
247200,1.4016176462173462,0.05,-3.6150906085968018,,
247250,5.004499435424805,0.05,-5.403099536895752,,
247300,0.8332610130310059,0.05,-3.1251566410064697,,
247350,2.708360433578491,0.05,-4.079355716705322,,
247400,1.426958441734314,0.05,-3.4395248889923096,,
247450,21.545881271362305,0.05,-3.7955687046051025,,
247500,0.9848198294639587,0.05,-3.414771318435669,,
247550,0.46588751673698425,0.05,-3.831451416015625,,
247600,12.431035041809082,0.05,-3.0951807498931885,,
247650,0.3331312835216522,0.05,-3.227374315261841,,
247700,1.6994471549987793,0.05,-3.554847002029419,,
247750,9.914992332458496,0.05,-2.3741273880004883,,
247800,0.1144951805472374,0.05,-2.349456787109375,,
247850,1.8143930435180664,0.05,-3.355424165725708,,
247900,1.7962708473205566,0.05,-3.1338608264923096,,
247950,12.015646934509277,0.05,-4.807974338531494,,
248000,7.2739949226379395,0.05,-2.591715097427368,,
248050,8.92037296295166,0.05,-3.416886329650879,,
248100,7.564233303070068,0.05,-4.154982089996338,,
248150,2.0307817459106445,0.05,-2.360074520111084,,
248200,0.14938007295131683,0.05,-1.7934508323669434,,
248250,3.8986759185791016,0.05,-2.505952835083008,,
248300,10.901215553283691,0.05,-1.8746038675308228,,
248350,0.27570563554763794,0.05,-2.7320737838745117,,
248400,0.30101099610328674,0.05,-2.8226478099823,,
248450,3.1698391437530518,0.05,-3.645925521850586,,
248500,2.163748025894165,0.05,-1.7257328033447266,,
248550,0.40098869800567627,0.05,-2.914372205734253,,
248600,3.700839042663574,0.05,-3.334289789199829,,
248650,0.26960375905036926,0.05,-2.6567580699920654,,
248700,3.025212287902832,0.05,-2.5566446781158447,,
248750,0.2079564779996872,0.05,-2.7648494243621826,,
248800,2.3624236583709717,0.05,-3.294391632080078,,
248850,8.802864074707031,0.05,-3.159841299057007,,
248900,6.86774206161499,0.05,-4.689134120941162,,
248950,5.340822219848633,0.05,-2.9515466690063477,,
249000,4.731495380401611,0.05,-2.116859197616577,,
249050,3.977383852005005,0.05,-3.3711369037628174,,
249100,2.392544984817505,0.05,-2.8362350463867188,,
249150,0.4472168982028961,0.05,-2.726839780807495,,
249200,3.9910688400268555,0.05,-2.3025259971618652,,
249250,3.2814605236053467,0.05,-3.37762188911438,,
249300,11.472908973693848,0.05,-3.101872444152832,,
249350,6.214671611785889,0.05,-2.9263694286346436,,
249400,13.411103248596191,0.05,-2.8800344467163086,,
249450,0.6685503125190735,0.05,-3.246899366378784,,
249500,3.4009592533111572,0.05,-3.2823703289031982,,
249550,2.2543094158172607,0.05,-3.198885917663574,,
249600,0.41486623883247375,0.05,-3.5999879837036133,,
249650,2.1670734882354736,0.05,-3.8420028686523438,,
249700,0.7429416179656982,0.05,-2.79194712638855,,
249750,0.5653223991394043,0.05,-4.080240249633789,,
249800,0.9400108456611633,0.05,-2.8827884197235107,,
249850,0.29715588688850403,0.05,-2.37361216545105,,
249900,5.419529438018799,0.05,-2.921640634536743,,
249950,1.7463546991348267,0.05,-3.447949171066284,,
250000,0.1992855817079544,0.05,-3.5912582874298096,-1.061119686900058,35.333333333333336
250050,2.685398817062378,0.05,-4.034023761749268,,
250100,7.963557720184326,0.05,-1.947325348854065,,
250150,1.6078320741653442,0.05,-3.675913095474243,,
250200,0.384326696395874,0.05,-3.5708625316619873,,
250250,10.76553726196289,0.05,-4.090192794799805,,
250300,7.4662933349609375,0.05,-3.7213566303253174,,
250350,0.5437707304954529,0.05,-3.0287625789642334,,
250400,1.0972076654434204,0.05,-3.53650164604187,,
250450,2.5763967037200928,0.05,-2.6313765048980713,,
250500,0.3295665979385376,0.05,-2.435702085494995,,
250550,7.403614521026611,0.05,-2.90027117729187,,
250600,0.38245251774787903,0.05,-3.788865804672241,,
250650,4.216247081756592,0.05,-4.0482306480407715,,
250700,9.981403350830078,0.05,-3.0410993099212646,,
250750,5.6452813148498535,0.05,-1.85467529296875,,
250800,1.369741439819336,0.05,-3.248189687728882,,
250850,5.010570526123047,0.05,-3.4071457386016846,,
250900,0.25337380170822144,0.05,-3.777608871459961,,
250950,3.035580635070801,0.05,-2.7161448001861572,,
251000,13.050872802734375,0.05,-3.009956121444702,,
251050,3.8370416164398193,0.05,-4.162070274353027,,
251100,4.967000484466553,0.05,-1.8209351301193237,,
251150,3.9185972213745117,0.05,-2.02467942237854,,
251200,2.749985933303833,0.05,-2.3928797245025635,,
251250,0.3283648192882538,0.05,-2.7841360569000244,,
251300,8.379377365112305,0.05,-1.9406371116638184,,
251350,0.1750720888376236,0.05,-2.166954755783081,,
251400,0.5458428263664246,0.05,-3.3331210613250732,,
251450,1.2075175046920776,0.05,-3.219193458557129,,
251500,3.576753616333008,0.05,-2.2611827850341797,,
251550,11.367228507995605,0.05,-3.0216257572174072,,
251600,0.1682770997285843,0.05,-1.4755104780197144,,
251650,1.5223864316940308,0.05,-3.572258710861206,,
251700,7.899804592132568,0.05,-3.47373366355896,,
251750,6.887578964233398,0.05,-3.3286750316619873,,
251800,0.709208071231842,0.05,-3.0993406772613525,,
251850,1.8771018981933594,0.05,-3.22754168510437,,
251900,10.908905982971191,0.05,-2.402707099914551,,
251950,0.5083778500556946,0.05,-3.1245529651641846,,
252000,0.7182475924491882,0.05,-1.8402371406555176,,
252050,1.1267911195755005,0.05,-2.4795987606048584,,
252100,9.09425163269043,0.05,-4.806852340698242,,
252150,0.24585987627506256,0.05,-2.2581584453582764,,
252200,3.3544626235961914,0.05,-4.144435405731201,,
252250,1.8186737298965454,0.05,-4.818528175354004,,
252300,11.216534614562988,0.05,-3.944317579269409,,
252350,6.400528430938721,0.05,-3.088022470474243,,
252400,5.041751861572266,0.05,-2.207275152206421,,
252450,2.8229455947875977,0.05,-4.1273722648620605,,
252500,3.5723583698272705,0.05,-3.513331651687622,,
252550,0.600416362285614,0.05,-2.8241147994995117,,
252600,9.105422973632812,0.05,-2.720608711242676,,
252650,6.560361385345459,0.05,-2.422841787338257,,
252700,1.6704535484313965,0.05,-3.836589813232422,,
252750,2.0732908248901367,0.05,-3.3267176151275635,,
252800,2.5841636657714844,0.05,-3.2390286922454834,,
252850,0.23833966255187988,0.05,-1.770074725151062,,
252900,7.0400261878967285,0.05,-2.6142616271972656,,
252950,7.2951273918151855,0.05,-3.7551372051239014,,
253000,0.3637583255767822,0.05,-2.7572219371795654,,
253050,6.40028715133667,0.05,-3.7851572036743164,,
253100,0.2708307206630707,0.05,-2.4681460857391357,,
253150,1.151661992073059,0.05,-3.5295867919921875,,
253200,0.16193783283233643,0.05,-2.181265354156494,,
253250,0.23968040943145752,0.05,-2.8823869228363037,,
253300,20.367979049682617,0.05,-2.7616777420043945,,
253350,0.7195717692375183,0.05,-3.349191427230835,,
253400,1.852783203125,0.05,-2.8543310165405273,,
253450,14.37533187866211,0.05,-2.6767466068267822,,
253500,0.20052488148212433,0.05,-3.4758338928222656,,
253550,1.7328852415084839,0.05,-3.040386199951172,,
253600,3.093151807785034,0.05,-3.503607749938965,,
253650,1.5201183557510376,0.05,-2.244821310043335,,
253700,0.852922260761261,0.05,-3.0673017501831055,,
253750,1.0831831693649292,0.05,-2.8335952758789062,,
253800,0.2630060017108917,0.05,-2.8909199237823486,,
253850,2.415788412094116,0.05,-2.4711339473724365,,
253900,11.085257530212402,0.05,-3.8585383892059326,,
253950,3.7841298580169678,0.05,-2.5966475009918213,,
254000,0.14649750292301178,0.05,-1.5669025182724,,
254050,1.862160086631775,0.05,-2.651491403579712,,
254100,7.464813709259033,0.05,-4.161490440368652,,
254150,0.2154034525156021,0.05,-3.099031448364258,,
254200,8.491971015930176,0.05,-2.1771080493927,,
254250,0.12420085817575455,0.05,-1.9191449880599976,,
254300,2.7000906467437744,0.05,-3.8480453491210938,,
254350,3.9271433353424072,0.05,-2.9931509494781494,,
254400,3.067079782485962,0.05,-3.2844743728637695,,
254450,3.1261966228485107,0.05,-3.347923517227173,,
254500,1.2861477136611938,0.05,-2.319403886795044,,
254550,0.3113643527030945,0.05,-2.714832067489624,,
254600,5.815929412841797,0.05,-2.714570999145508,,
254650,0.8850810527801514,0.05,-2.4825689792633057,,
254700,7.739114761352539,0.05,-3.8790266513824463,,
254750,7.862125396728516,0.05,-2.098724126815796,,
254800,11.739460945129395,0.05,-3.5609943866729736,,
254850,1.8689972162246704,0.05,-2.5245492458343506,,
254900,0.8065903782844543,0.05,-2.2397515773773193,,
254950,2.8322293758392334,0.05,-3.5297434329986572,,
255000,0.35642683506011963,0.05,-1.6853294372558594,,
255050,4.599849224090576,0.05,-2.541321277618408,,
255100,1.4771658182144165,0.05,-2.333930253982544,,
255150,19.284276962280273,0.05,-2.9262564182281494,,
255200,6.635349273681641,0.05,-2.607370138168335,,
255250,1.433625340461731,0.05,-3.6834752559661865,,
255300,6.663615703582764,0.05,-3.11938214302063,,
255350,5.981191158294678,0.05,-3.0726053714752197,,
255400,13.578831672668457,0.05,-3.504485845565796,,
255450,3.793638229370117,0.05,-2.896639108657837,,
255500,2.2568366527557373,0.05,-2.8777620792388916,,
255550,0.2876471281051636,0.05,-3.2406301498413086,,
255600,19.291019439697266,0.05,-3.4754788875579834,,
255650,1.473490595817566,0.05,-3.304368734359741,,
255700,7.107086181640625,0.05,-1.35186767578125,,
255750,0.5726591944694519,0.05,-2.5731208324432373,,
255800,10.842238426208496,0.05,-2.0367517471313477,,
255850,0.44239985942840576,0.05,-2.429319143295288,,
255900,4.2093729972839355,0.05,-3.0991108417510986,,
255950,5.800631999969482,0.05,-2.4815003871917725,,
256000,4.8470377922058105,0.05,-3.2982540130615234,,
256050,5.437467098236084,0.05,-2.394285202026367,,
256100,4.197071552276611,0.05,-2.558924674987793,,
256150,2.1744906902313232,0.05,-2.2707817554473877,,
256200,2.4507172107696533,0.05,-3.6778476238250732,,
256250,4.787450313568115,0.05,-3.390979766845703,,
256300,0.5467882752418518,0.05,-2.3644473552703857,,
256350,13.896574974060059,0.05,-4.417239665985107,,
256400,8.070540428161621,0.05,-2.7565510272979736,,
256450,1.2222964763641357,0.05,-2.9572970867156982,,
256500,0.9426148533821106,0.05,-2.937177896499634,,
256550,3.1313297748565674,0.05,-2.5610511302948,,
256600,1.1749202013015747,0.05,-2.7953920364379883,,
256650,3.9271697998046875,0.05,-3.5609233379364014,,
256700,2.283080577850342,0.05,-3.1759817600250244,,
256750,0.41083741188049316,0.05,-3.467775344848633,,
256800,0.8479554057121277,0.05,-2.3628692626953125,,
256850,0.2822984755039215,0.05,-3.4409542083740234,,
256900,8.435725212097168,0.05,-4.20704984664917,,
256950,1.015746831893921,0.05,-3.9502248764038086,,
257000,0.24457286298274994,0.05,-2.2342092990875244,,
257050,2.3699963092803955,0.05,-2.4647765159606934,,
257100,6.017231464385986,0.05,-2.6442744731903076,,
257150,2.330221652984619,0.05,-2.7641818523406982,,
257200,1.8073519468307495,0.05,-1.8167225122451782,,
257250,4.992692947387695,0.05,-3.4806013107299805,,
257300,0.19452452659606934,0.05,-2.9165852069854736,,
257350,0.17555002868175507,0.05,-2.913691520690918,,
257400,7.138947010040283,0.05,-3.691190719604492,,
257450,1.6015056371688843,0.05,-1.7254761457443237,,
257500,1.270814299583435,0.05,-3.1635751724243164,,
257550,0.26375502347946167,0.05,-1.3379415273666382,,
257600,0.27697914838790894,0.05,-2.217402935028076,,
257650,2.013922929763794,0.05,-3.050147294998169,,
257700,0.7245442271232605,0.05,-3.395517110824585,,
257750,0.2223336100578308,0.05,-2.505323648452759,,
257800,0.3117142617702484,0.05,-2.783806562423706,,
257850,11.040847778320312,0.05,-2.2189533710479736,,
257900,1.1369295120239258,0.05,-3.825946092605591,,
257950,10.59426212310791,0.05,-3.5478737354278564,,
258000,2.4159634113311768,0.05,-3.318739652633667,,
258050,10.779072761535645,0.05,-2.7665021419525146,,
258100,1.7577972412109375,0.05,-3.0999155044555664,,
258150,4.8818278312683105,0.05,-3.106835126876831,,
258200,1.4752897024154663,0.05,-2.8915328979492188,,
258250,0.7110857367515564,0.05,-2.8535683155059814,,
258300,0.4851703643798828,0.05,-2.4550540447235107,,
258350,10.156828880310059,0.05,-3.5432450771331787,,
258400,17.643686294555664,0.05,-2.9605655670166016,,
258450,7.1215362548828125,0.05,-1.8183988332748413,,
258500,2.9575889110565186,0.05,-3.3666820526123047,,
258550,15.49889087677002,0.05,-2.7550747394561768,,
258600,1.6493234634399414,0.05,-2.425834894180298,,
258650,4.747976779937744,0.05,-3.1987860202789307,,
258700,1.9076271057128906,0.05,-2.870426893234253,,
258750,1.7823314666748047,0.05,-2.091034173965454,,
258800,11.770014762878418,0.05,-2.840989112854004,,
258850,1.3678394556045532,0.05,-3.851552963256836,,
258900,5.82690954208374,0.05,-2.580979347229004,,
258950,0.23564797639846802,0.05,-3.2943735122680664,,
259000,0.4283926784992218,0.05,-2.093076705932617,,
259050,0.16644485294818878,0.05,-2.701663017272949,,
259100,1.9687641859054565,0.05,-1.8867192268371582,,
259150,0.41021475195884705,0.05,-2.686551094055176,,
259200,0.6593462824821472,0.05,-2.5750768184661865,,
259250,0.9264662265777588,0.05,-2.9948599338531494,,
259300,0.9052280783653259,0.05,-3.1155025959014893,,
259350,0.24928247928619385,0.05,-2.8205394744873047,,
259400,0.21535013616085052,0.05,-2.546421527862549,,
259450,5.802964687347412,0.05,-2.0919806957244873,,
259500,1.9993486404418945,0.05,-2.210566759109497,,
259550,1.3433955907821655,0.05,-2.6697404384613037,,
259600,15.822002410888672,0.05,-3.2627933025360107,,
259650,2.0954349040985107,0.05,-2.6852893829345703,,
259700,6.948110580444336,0.05,-1.9162797927856445,,
259750,10.356379508972168,0.05,-3.2237956523895264,,
259800,0.8330655694007874,0.05,-2.3538711071014404,,
259850,1.2327488660812378,0.05,-1.737955927848816,,
259900,0.7781214118003845,0.05,-2.292529821395874,,
259950,0.7546534538269043,0.05,-2.741518259048462,,
260000,4.441223621368408,0.05,-2.6252520084381104,,
260050,0.5414862632751465,0.05,-2.0621087551116943,,
260100,4.945850849151611,0.05,-1.8477357625961304,,
260150,1.4931635856628418,0.05,-3.849015474319458,,
260200,0.11771464347839355,0.05,-1.9648542404174805,,
260250,8.963910102844238,0.05,-2.9393415451049805,,
260300,1.6722731590270996,0.05,-3.4798688888549805,,
260350,0.40702930092811584,0.05,-3.5437405109405518,,
260400,0.6879484057426453,0.05,-2.399420976638794,,
260450,0.976475179195404,0.05,-2.954944372177124,,
260500,7.657205581665039,0.05,-2.8731679916381836,,
260550,0.23140639066696167,0.05,-2.731959342956543,,
260600,6.792263507843018,0.05,-3.32412052154541,,
260650,6.192463397979736,0.05,-2.5567615032196045,,
260700,0.6133937239646912,0.05,-2.2036502361297607,,
260750,2.1694908142089844,0.05,-2.088815450668335,,
260800,1.0377283096313477,0.05,-1.4825259447097778,,
260850,1.1936722993850708,0.05,-2.4343998432159424,,
260900,0.12524078786373138,0.05,-2.399590253829956,,
260950,0.7974452376365662,0.05,-2.4694325923919678,,
261000,0.451731413602829,0.05,-3.057798385620117,,
261050,4.448388576507568,0.05,-4.474050045013428,,
261100,5.637242794036865,0.05,-1.466270089149475,,
261150,2.4291980266571045,0.05,-2.70654034614563,,
261200,10.923430442810059,0.05,-2.4122073650360107,,
261250,1.7502413988113403,0.05,-2.3076131343841553,,
261300,2.6881065368652344,0.05,-2.7233498096466064,,
261350,2.5192739963531494,0.05,-2.3100216388702393,,
261400,14.134547233581543,0.05,-2.941598892211914,,
261450,0.3150802254676819,0.05,-3.4209935665130615,,
261500,27.780044555664062,0.05,-3.100728988647461,,
261550,0.5241784453392029,0.05,-3.687558174133301,,
261600,3.252981185913086,0.05,-1.510827898979187,,
261650,4.065459251403809,0.05,-2.5615806579589844,,
261700,0.8727373480796814,0.05,-2.2564914226531982,,
261750,0.24339057505130768,0.05,-2.2787327766418457,,
261800,1.9024224281311035,0.05,-2.8157968521118164,,
261850,1.543050765991211,0.05,-3.353388786315918,,
261900,2.0806586742401123,0.05,-1.997371792793274,,
261950,0.19715742766857147,0.05,-2.0954720973968506,,
262000,5.724781036376953,0.05,-2.724961519241333,,
262050,17.272584915161133,0.05,-1.9237914085388184,,
262100,1.2820014953613281,0.05,-3.3024110794067383,,
262150,0.16313041746616364,0.05,-3.68957257270813,,
262200,0.12890203297138214,0.05,-1.413831353187561,,
262250,0.11814267188310623,0.05,-1.420639157295227,,
262300,0.6593026518821716,0.05,-1.49264657497406,,
262350,6.6682658195495605,0.05,-3.183868169784546,,
262400,0.18995021283626556,0.05,-2.641878604888916,,
262450,6.662797451019287,0.05,-3.682345151901245,,
262500,1.8617802858352661,0.05,-3.423137664794922,,
262550,0.9997063279151917,0.05,-3.609466552734375,,
262600,1.5428253412246704,0.05,-3.329136610031128,,
262650,6.702298641204834,0.05,-2.032696008682251,,
262700,1.081719160079956,0.05,-1.8713353872299194,,
262750,1.0598589181900024,0.05,-2.389848470687866,,
262800,1.0410033464431763,0.05,-2.363006353378296,,
262850,0.20743870735168457,0.05,-2.0260169506073,,
262900,1.1781734228134155,0.05,-1.6490737199783325,,
262950,1.012855887413025,0.05,-2.1367833614349365,,
263000,0.4401665925979614,0.05,-3.3216683864593506,,
263050,1.273728370666504,0.05,-2.338388204574585,,
263100,2.9716713428497314,0.05,-1.9005842208862305,,
263150,7.025640964508057,0.05,-1.9499250650405884,,
263200,10.881932258605957,0.05,-3.8480842113494873,,
263250,1.4716953039169312,0.05,-3.016343832015991,,
263300,0.22799156606197357,0.05,-2.2080929279327393,,
263350,0.27758336067199707,0.05,-1.7489218711853027,,
263400,0.7417270541191101,0.05,-2.295104503631592,,
263450,3.060203790664673,0.05,-1.273296594619751,,
263500,0.6584509611129761,0.05,-2.444643259048462,,
263550,4.3394694328308105,0.05,-2.213104486465454,,
263600,7.934201717376709,0.05,-3.5380210876464844,,
263650,3.629915952682495,0.05,-2.6585657596588135,,
263700,3.172996759414673,0.05,-3.347799301147461,,
263750,0.2681923806667328,0.05,-1.3652324676513672,,
263800,0.867021381855011,0.05,-2.5937092304229736,,
263850,0.649010419845581,0.05,-2.2562780380249023,,
263900,6.265451908111572,0.05,-4.263114929199219,,
263950,2.960308790206909,0.05,-1.6808967590332031,,
264000,7.730447769165039,0.05,-1.8750829696655273,,
264050,3.5598411560058594,0.05,-2.407907009124756,,
264100,0.4049752652645111,0.05,-3.033588409423828,,
264150,2.518585681915283,0.05,-3.377786636352539,,
264200,4.0067338943481445,0.05,-2.172208786010742,,
264250,10.00029182434082,0.05,-0.8033028244972229,,
264300,7.749719142913818,0.05,-1.820017695426941,,
264350,1.8648109436035156,0.05,-2.8829965591430664,,
264400,0.3157535791397095,0.05,-2.0704753398895264,,
264450,12.2024564743042,0.05,-2.2641515731811523,,
264500,9.290678977966309,0.05,-2.0443081855773926,,
264550,1.2723506689071655,0.05,-2.753154754638672,,
264600,0.5363888740539551,0.05,-3.4524223804473877,,
264650,7.890634059906006,0.05,-1.7547693252563477,,
264700,0.5080385804176331,0.05,-1.8326185941696167,,
264750,0.7954491972923279,0.05,-1.822031021118164,,
264800,10.436055183410645,0.05,-1.9381628036499023,,
264850,0.4908221960067749,0.05,-1.7650331258773804,,
264900,4.597627639770508,0.05,-2.248016595840454,,
264950,0.6117761731147766,0.05,-2.093294382095337,,
265000,0.15595586597919464,0.05,-1.968701958656311,,
265050,1.0388277769088745,0.05,-2.167712926864624,,
265100,0.09835243225097656,0.05,-1.2487542629241943,,
265150,12.00741958618164,0.05,-2.810436964035034,,
265200,0.7203652262687683,0.05,-2.7097787857055664,,
265250,17.3193416595459,0.05,-3.5990705490112305,,
265300,1.332490086555481,0.05,-4.3749871253967285,,
265350,11.252034187316895,0.05,-3.2638471126556396,,
265400,9.49601936340332,0.05,-1.6786409616470337,,
265450,0.13435371220111847,0.05,-2.125814914703369,,
265500,2.2584011554718018,0.05,-2.7409143447875977,,
265550,6.475142955780029,0.05,-1.979549527168274,,
265600,0.167699933052063,0.05,-2.3284342288970947,,
265650,3.2441561222076416,0.05,-1.5456433296203613,,
265700,2.7779366970062256,0.05,-2.4537038803100586,,
265750,6.138871669769287,0.05,-2.0616188049316406,,
265800,9.144009590148926,0.05,-2.0182924270629883,,
265850,1.105639100074768,0.05,-3.2671940326690674,,
265900,1.2598241567611694,0.05,-3.197946310043335,,
265950,0.3786814510822296,0.05,-2.383521318435669,,
266000,0.33599838614463806,0.05,-2.3896939754486084,,
266050,0.09277702122926712,0.05,-1.9751132726669312,,
266100,5.980113983154297,0.05,-2.8491790294647217,,
266150,9.122904777526855,0.05,-2.13612961769104,,
266200,8.603766441345215,0.05,-3.977170944213867,,
266250,1.4301613569259644,0.05,-2.7108919620513916,,
266300,2.3050754070281982,0.05,-3.2742602825164795,,
266350,0.29355013370513916,0.05,-2.595902681350708,,
266400,8.357125282287598,0.05,-2.183439016342163,,
266450,1.6931897401809692,0.05,-2.76507568359375,,
266500,1.6307748556137085,0.05,-2.93847918510437,,
266550,0.15021559596061707,0.05,-1.456534743309021,,
266600,2.1192171573638916,0.05,-3.1178386211395264,,
266650,2.3441317081451416,0.05,-2.036425828933716,,
266700,5.854373931884766,0.05,-2.7735559940338135,,
266750,0.1981361359357834,0.05,-2.3581883907318115,,
266800,5.380304336547852,0.05,-2.529982566833496,,
266850,2.1581757068634033,0.05,-2.6154768466949463,,
266900,3.971684694290161,0.05,-2.132385730743408,,
266950,3.9673643112182617,0.05,-2.791694402694702,,
267000,3.9960784912109375,0.05,-3.1790382862091064,,
267050,0.43883025646209717,0.05,-2.9706268310546875,,
267100,4.379110336303711,0.05,-2.8221595287323,,
267150,3.779528856277466,0.05,-1.488896369934082,,
267200,2.2406327724456787,0.05,-2.919793128967285,,
267250,4.2582106590271,0.05,-3.081557512283325,,
267300,3.626397132873535,0.05,-4.1699538230896,,
267350,1.9517816305160522,0.05,-2.8944947719573975,,
267400,0.2259068638086319,0.05,-2.2154014110565186,,
267450,0.14887213706970215,0.05,-2.580620050430298,,
267500,1.5827735662460327,0.05,-2.1507701873779297,,
267550,0.26187020540237427,0.05,-3.4628400802612305,,
267600,0.20461617410182953,0.05,-3.0560243129730225,,
267650,0.35435202717781067,0.05,-3.9461591243743896,,
267700,0.15614552795886993,0.05,-2.4478323459625244,,
267750,1.2690364122390747,0.05,-2.5102944374084473,,
267800,2.430000066757202,0.05,-2.900902032852173,,
267850,0.6767136454582214,0.05,-2.5558435916900635,,
267900,3.573216199874878,0.05,-4.653643608093262,,
267950,0.6486601233482361,0.05,-3.4223098754882812,,
268000,3.4229753017425537,0.05,-2.064155101776123,,
268050,0.55572110414505,0.05,-2.2574100494384766,,
268100,2.6962339878082275,0.05,-1.4718858003616333,,
268150,1.5345488786697388,0.05,-2.0947179794311523,,
268200,2.093719720840454,0.05,-2.774545669555664,,
268250,0.22984443604946136,0.05,-2.7971725463867188,,
268300,5.033187389373779,0.05,-2.6395504474639893,,
268350,0.2448538988828659,0.05,-2.4887421131134033,,
268400,11.500968933105469,0.05,-3.3663196563720703,,
268450,11.865409851074219,0.05,-2.15165376663208,,
268500,0.27346304059028625,0.05,-1.6424221992492676,,
268550,11.171233177185059,0.05,-2.968683958053589,,
268600,10.790206909179688,0.05,-2.021450996398926,,
268650,0.6837184429168701,0.05,-1.728380560874939,,
268700,4.80698823928833,0.05,-2.710958242416382,,
268750,0.19117571413516998,0.05,-2.609633684158325,,
268800,7.162379741668701,0.05,-2.2616493701934814,,
268850,0.34521928429603577,0.05,-2.417375326156616,,
268900,0.08096140623092651,0.05,-1.6039838790893555,,
268950,5.044573783874512,0.05,-3.2312538623809814,,
269000,10.068389892578125,0.05,-2.618185520172119,,
269050,2.0557940006256104,0.05,-2.8094940185546875,,
269100,0.18006044626235962,0.05,-2.198776960372925,,
269150,0.39066264033317566,0.05,-2.38240385055542,,
269200,0.6946493983268738,0.05,-1.7540849447250366,,
269250,2.2457358837127686,0.05,-2.3740103244781494,,
269300,0.8373848795890808,0.05,-3.53652024269104,,
269350,2.1279385089874268,0.05,-2.3180787563323975,,
269400,0.9894895553588867,0.05,-2.2314770221710205,,
269450,3.106318473815918,0.05,-2.3556268215179443,,
269500,1.001784324645996,0.05,-3.0589349269866943,,
269550,7.080204010009766,0.05,-3.290853500366211,,
269600,8.264840126037598,0.05,-2.387547254562378,,
269650,6.497917175292969,0.05,-3.4858334064483643,,
269700,0.16670386493206024,0.05,-2.5746538639068604,,
269750,5.7885870933532715,0.05,-2.6890318393707275,,
269800,0.41899120807647705,0.05,-3.1730682849884033,,
269850,4.508579254150391,0.05,-3.56946063041687,,
269900,0.8328139185905457,0.05,-1.7660406827926636,,
269950,19.16571617126465,0.05,-3.2048349380493164,,
270000,15.623063087463379,0.05,-2.719794511795044,,
270050,0.6571123003959656,0.05,-2.461379289627075,,
270100,0.7838911414146423,0.05,-2.692697763442993,,
270150,0.4970419406890869,0.05,-3.1973297595977783,,
270200,0.050958629697561264,0.05,-2.122422456741333,,
270250,4.426888942718506,0.05,-1.364977240562439,,
270300,0.1360093206167221,0.05,-3.2559585571289062,,
270350,5.461645603179932,0.05,-2.801419258117676,,
270400,0.4991122782230377,0.05,-3.7155609130859375,,
270450,6.460427761077881,0.05,-2.910090684890747,,
270500,5.4394001960754395,0.05,-2.00834059715271,,
270550,0.5874385833740234,0.05,-2.062983751296997,,
270600,0.3518739938735962,0.05,-2.5145909786224365,,
270650,1.8148564100265503,0.05,-2.942772626876831,,
270700,1.4408138990402222,0.05,-2.99302077293396,,
270750,0.4596721827983856,0.05,-2.0445668697357178,,
270800,1.9869508743286133,0.05,-2.1545398235321045,,
270850,0.22347067296504974,0.05,-3.0711872577667236,,
270900,4.69514274597168,0.05,-2.849649429321289,,
270950,1.6572240591049194,0.05,-2.1527559757232666,,
271000,2.097935914993286,0.05,-1.9797039031982422,,
271050,1.3146979808807373,0.05,-3.0354950428009033,,
271100,0.2412528544664383,0.05,-2.610299825668335,,
271150,1.5389862060546875,0.05,-3.867168426513672,,
271200,5.165238857269287,0.05,-2.2495906352996826,,
271250,1.1399997472763062,0.05,-1.8422346115112305,,
271300,12.64062213897705,0.05,-2.4706132411956787,,
271350,3.8661296367645264,0.05,-2.7324390411376953,,
271400,1.0265212059020996,0.05,-2.1277825832366943,,
271450,1.3322323560714722,0.05,-2.258143663406372,,
271500,2.1725339889526367,0.05,-2.979109048843384,,
271550,13.24338150024414,0.05,-2.7618072032928467,,
271600,8.5617094039917,0.05,-2.5305612087249756,,
271650,7.915708541870117,0.05,-3.5835397243499756,,
271700,6.459630966186523,0.05,-2.7060015201568604,,
271750,5.0777740478515625,0.05,-2.594353437423706,,
271800,4.570799350738525,0.05,-1.9978433847427368,,
271850,0.759251058101654,0.05,-2.8287971019744873,,
271900,0.4380042552947998,0.05,-3.767831563949585,,
271950,0.17749495804309845,0.05,-2.741562604904175,,
272000,1.9512995481491089,0.05,-2.4551470279693604,,
272050,12.106013298034668,0.05,-3.016474723815918,,
272100,3.354710340499878,0.05,-2.9236371517181396,,
272150,0.38141942024230957,0.05,-2.416609525680542,,
272200,7.298908710479736,0.05,-3.3221681118011475,,
272250,17.521818161010742,0.05,-2.7432987689971924,,
272300,0.5424101948738098,0.05,-3.5472142696380615,,
272350,0.40975484251976013,0.05,-2.7071216106414795,,
272400,6.106113910675049,0.05,-2.635397434234619,,
272450,0.046617452055215836,0.05,-1.8497949838638306,,
272500,2.738328695297241,0.05,-3.179452896118164,,
272550,2.2859513759613037,0.05,-2.337465524673462,,
272600,0.6205638647079468,0.05,-2.48974871635437,,
272650,1.6179895401000977,0.05,-2.816694974899292,,
272700,0.25761905312538147,0.05,-1.861009955406189,,
272750,6.013586044311523,0.05,-3.6312129497528076,,
272800,0.2407408207654953,0.05,-2.595200777053833,,
272850,0.47361478209495544,0.05,-2.855642557144165,,
272900,0.8151223659515381,0.05,-2.2472140789031982,,
272950,8.304604530334473,0.05,-4.727944850921631,,
273000,0.5623310208320618,0.05,-2.6020925045013428,,
273050,5.379854679107666,0.05,-2.9321134090423584,,
273100,0.6800003051757812,0.05,-3.2629921436309814,,
273150,0.7887156009674072,0.05,-2.675440788269043,,
273200,10.457599639892578,0.05,-3.309443473815918,,
273250,0.45393991470336914,0.05,-3.211040496826172,,
273300,1.1922709941864014,0.05,-3.067920446395874,,
273350,0.6514219641685486,0.05,-3.0663843154907227,,
273400,3.0198230743408203,0.05,-4.52479887008667,,
273450,0.15609419345855713,0.05,-2.8606951236724854,,
273500,8.333114624023438,0.05,-3.298841714859009,,
273550,0.14910908043384552,0.05,-2.410468816757202,,
273600,0.677308976650238,0.05,-4.0192179679870605,,
273650,1.1566253900527954,0.05,-2.49931263923645,,
273700,1.8385194540023804,0.05,-3.53932785987854,,
273750,3.1354427337646484,0.05,-2.966966390609741,,
273800,8.53686809539795,0.05,-4.313271999359131,,
273850,10.56629753112793,0.05,-3.0206050872802734,,
273900,0.1973368525505066,0.05,-2.5029914379119873,,
273950,1.048614740371704,0.05,-3.003565549850464,,
274000,0.7113223075866699,0.05,-3.171147108078003,,
274050,0.43896472454071045,0.05,-4.344143390655518,,
274100,13.277534484863281,0.05,-4.1640825271606445,,
274150,1.3517426252365112,0.05,-3.656132698059082,,
274200,4.1022257804870605,0.05,-3.076300621032715,,
274250,1.923757553100586,0.05,-4.090096950531006,,
274300,7.581515789031982,0.05,-3.1095645427703857,,
274350,2.3524556159973145,0.05,-3.361330032348633,,
274400,0.6668818593025208,0.05,-3.7758071422576904,,
274450,3.3497800827026367,0.05,-3.699934720993042,,
274500,0.1382920891046524,0.05,-3.362076997756958,,
274550,0.1405511349439621,0.05,-2.8530101776123047,,
274600,13.180164337158203,0.05,-3.687920331954956,,
274650,18.70909309387207,0.05,-3.102490186691284,,
274700,0.49662962555885315,0.05,-3.027362108230591,,
274750,0.9535335898399353,0.05,-2.8273327350616455,,
274800,2.2491672039031982,0.05,-3.9356582164764404,,
274850,0.15720388293266296,0.05,-2.791295289993286,,
274900,4.487088680267334,0.05,-3.4413344860076904,,
274950,6.911764621734619,0.05,-2.4014265537261963,,
275000,3.4985053539276123,0.05,-2.084388017654419,-1.0737561098026172,38.66666666666666
275050,0.7043374180793762,0.05,-4.446784496307373,,
275100,4.6875433921813965,0.05,-2.11299729347229,,
275150,1.2478703260421753,0.05,-3.193559408187866,,
275200,0.3779686391353607,0.05,-2.8379313945770264,,
275250,5.960022449493408,0.05,-1.987343430519104,,
275300,4.513296127319336,0.05,-3.156954526901245,,
275350,0.3958858549594879,0.05,-2.993605852127075,,
275400,4.060588359832764,0.05,-3.258660078048706,,
275450,0.7488119006156921,0.05,-3.4930152893066406,,
275500,27.38060760498047,0.05,-4.258571624755859,,
275550,2.627600908279419,0.05,-3.3050119876861572,,
275600,1.886324405670166,0.05,-2.7298238277435303,,
275650,0.5723543763160706,0.05,-4.2487077713012695,,
275700,2.1377501487731934,0.05,-3.276416778564453,,
275750,0.4854174852371216,0.05,-4.112843990325928,,
275800,7.617702484130859,0.05,-3.0549895763397217,,
275850,0.2806427776813507,0.05,-2.3411805629730225,,
275900,3.1202468872070312,0.05,-2.9140822887420654,,
275950,1.6565874814987183,0.05,-2.078169822692871,,
276000,0.20136626064777374,0.05,-2.9080047607421875,,
276050,0.2407049685716629,0.05,-3.548626184463501,,
276100,4.770949840545654,0.05,-3.7556190490722656,,
276150,0.24092940986156464,0.05,-3.177539587020874,,
276200,1.3728355169296265,0.05,-3.6003990173339844,,
276250,3.9318275451660156,0.05,-4.4348464012146,,
276300,10.93053150177002,0.05,-4.501578330993652,,
276350,4.436106204986572,0.05,-3.030705213546753,,
276400,0.8099126815795898,0.05,-3.9620869159698486,,
276450,7.4749579429626465,0.05,-3.007520914077759,,
276500,6.724476337432861,0.05,-3.453549385070801,,
276550,1.8427249193191528,0.05,-4.501899242401123,,
276600,0.6707520484924316,0.05,-3.469571352005005,,
276650,0.1212383285164833,0.05,-3.223600387573242,,
276700,5.085271835327148,0.05,-3.209728956222534,,
276750,1.0419974327087402,0.05,-3.4346065521240234,,
276800,10.75133991241455,0.05,-3.0402002334594727,,
276850,9.259172439575195,0.05,-2.599500894546509,,
276900,0.9192690849304199,0.05,-3.4074513912200928,,
276950,12.914507865905762,0.05,-2.544288158416748,,
277000,1.8714905977249146,0.05,-3.1324260234832764,,
277050,2.4339535236358643,0.05,-3.187311887741089,,
277100,0.769522488117218,0.05,-3.936861753463745,,
277150,5.036130905151367,0.05,-2.7388267517089844,,
277200,0.2957262098789215,0.05,-4.319545269012451,,
277250,8.198512077331543,0.05,-3.696016311645508,,
277300,6.364785671234131,0.05,-3.5628693103790283,,
277350,6.043632507324219,0.05,-3.2941596508026123,,
277400,2.1103672981262207,0.05,-2.687150001525879,,
277450,5.382124423980713,0.05,-3.775655746459961,,
277500,0.20508910715579987,0.05,-4.310129165649414,,
277550,5.814853668212891,0.05,-3.008328437805176,,
277600,3.5431013107299805,0.05,-2.8590266704559326,,
277650,0.9239891171455383,0.05,-3.3325159549713135,,
277700,20.110713958740234,0.05,-4.756137371063232,,
277750,6.417695999145508,0.05,-3.5706770420074463,,
277800,3.9506728649139404,0.05,-3.195124387741089,,
277850,0.21006052196025848,0.05,-3.58969783782959,,
277900,1.4278596639633179,0.05,-3.3664379119873047,,
277950,0.18862293660640717,0.05,-1.9664798974990845,,
278000,10.136506080627441,0.05,-5.047019958496094,,
278050,9.170053482055664,0.05,-3.318005323410034,,
278100,7.383215427398682,0.05,-4.2256646156311035,,
278150,0.4415014684200287,0.05,-2.925328016281128,,
278200,2.376692533493042,0.05,-2.60849666595459,,
278250,2.6143219470977783,0.05,-2.856130838394165,,
278300,4.742523193359375,0.05,-3.5810277462005615,,
278350,2.8386013507843018,0.05,-3.0833120346069336,,
278400,12.476837158203125,0.05,-3.498389959335327,,
278450,8.533838272094727,0.05,-5.49009895324707,,
278500,3.294121503829956,0.05,-2.941929578781128,,
278550,1.8004094362258911,0.05,-3.157709836959839,,
278600,0.7633265852928162,0.05,-3.3694870471954346,,
278650,8.67883586883545,0.05,-3.7367265224456787,,
278700,6.1044921875,0.05,-3.388779640197754,,
278750,0.3323897421360016,0.05,-2.6259937286376953,,
278800,2.282581090927124,0.05,-4.0038299560546875,,
278850,4.2812652587890625,0.05,-3.896939516067505,,
278900,8.3378324508667,0.05,-3.476114273071289,,
278950,1.1644726991653442,0.05,-3.190959930419922,,
279000,2.1235597133636475,0.05,-2.910822868347168,,
279050,11.965087890625,0.05,-4.844250679016113,,
279100,3.0647852420806885,0.05,-3.9219300746917725,,
279150,0.3033660352230072,0.05,-3.054453134536743,,
279200,0.3710578680038452,0.05,-3.6943016052246094,,
279250,1.5277103185653687,0.05,-3.414238691329956,,
279300,0.4868980348110199,0.05,-3.2703428268432617,,
279350,8.430989265441895,0.05,-4.4316534996032715,,
279400,6.527925491333008,0.05,-3.0849742889404297,,
279450,1.3340202569961548,0.05,-3.7927801609039307,,
279500,5.749861240386963,0.05,-3.2471892833709717,,
279550,0.19929146766662598,0.05,-3.970451593399048,,
279600,1.2290438413619995,0.05,-3.7692596912384033,,
279650,0.3434394896030426,0.05,-3.329516649246216,,
279700,0.2999778687953949,0.05,-2.306840658187866,,
279750,6.474706172943115,0.05,-3.979628562927246,,
279800,2.658432960510254,0.05,-4.466940402984619,,
279850,1.450118899345398,0.05,-3.871382474899292,,
279900,1.7133413553237915,0.05,-3.704685926437378,,
279950,0.2940945625305176,0.05,-2.830827474594116,,
280000,0.8362312316894531,0.05,-3.55792498588562,,
280050,3.270129919052124,0.05,-2.72715163230896,,
280100,0.7897021174430847,0.05,-4.593097686767578,,
280150,0.9036944508552551,0.05,-2.4610602855682373,,
280200,5.982889175415039,0.05,-4.228649139404297,,
280250,0.6724094748497009,0.05,-3.5784170627593994,,
280300,0.5070463418960571,0.05,-3.8613109588623047,,
280350,5.113534927368164,0.05,-5.1160807609558105,,
280400,9.95186710357666,0.05,-4.388856410980225,,
280450,1.7632559537887573,0.05,-3.325718879699707,,
280500,2.0740880966186523,0.05,-3.8164150714874268,,
280550,3.927774429321289,0.05,-2.943330764770508,,
280600,6.8620429039001465,0.05,-3.5924808979034424,,
280650,5.094462871551514,0.05,-3.8583967685699463,,
280700,1.8726199865341187,0.05,-3.7952804565429688,,
280750,0.27041277289390564,0.05,-2.763824462890625,,
280800,1.332045316696167,0.05,-3.495126962661743,,
280850,6.471218109130859,0.05,-3.990645408630371,,
280900,4.209701061248779,0.05,-3.9466686248779297,,
280950,7.453567981719971,0.05,-3.829399347305298,,
281000,0.38947179913520813,0.05,-4.474233150482178,,
281050,7.860757350921631,0.05,-3.0522899627685547,,
281100,1.0486299991607666,0.05,-2.7151641845703125,,
281150,3.0350990295410156,0.05,-4.112879276275635,,
281200,2.5061819553375244,0.05,-3.430753707885742,,
281250,0.22038589417934418,0.05,-2.5017340183258057,,
281300,0.30936941504478455,0.05,-3.1125261783599854,,
281350,0.49892401695251465,0.05,-4.42726469039917,,
281400,9.729938507080078,0.05,-4.362840175628662,,
281450,0.24449050426483154,0.05,-3.8550403118133545,,
281500,1.1745516061782837,0.05,-5.640010356903076,,
281550,1.336164951324463,0.05,-4.106581211090088,,
281600,0.36425089836120605,0.05,-4.212657928466797,,
281650,0.9858155250549316,0.05,-4.1598591804504395,,
281700,8.583874702453613,0.05,-3.5283806324005127,,
281750,1.0458455085754395,0.05,-5.098337650299072,,
281800,7.43362283706665,0.05,-4.500211238861084,,
281850,0.7981502413749695,0.05,-4.12544059753418,,
281900,1.3681279420852661,0.05,-3.3991539478302,,
281950,2.744007110595703,0.05,-3.7724905014038086,,
282000,1.2731099128723145,0.05,-4.056920051574707,,
282050,0.3101135790348053,0.05,-4.455734729766846,,
282100,0.31245294213294983,0.05,-3.3332130908966064,,
282150,4.996826648712158,0.05,-3.526031494140625,,
282200,8.914368629455566,0.05,-4.815337657928467,,
282250,0.7481977939605713,0.05,-4.077821731567383,,
282300,0.8552372455596924,0.05,-3.5210626125335693,,
282350,1.1560100317001343,0.05,-5.820735454559326,,
282400,1.5697563886642456,0.05,-4.518184661865234,,
282450,7.635185241699219,0.05,-3.487673044204712,,
282500,5.15380859375,0.05,-3.7571592330932617,,
282550,4.531548976898193,0.05,-3.7730226516723633,,
282600,1.0403938293457031,0.05,-5.2012200355529785,,
282650,7.893030166625977,0.05,-3.7545974254608154,,
282700,5.788621425628662,0.05,-4.586863040924072,,
282750,10.041760444641113,0.05,-4.223665237426758,,
282800,8.123712539672852,0.05,-4.945567607879639,,
282850,1.810789704322815,0.05,-3.3906173706054688,,
282900,1.0758476257324219,0.05,-3.9116714000701904,,
282950,0.6019148230552673,0.05,-3.018906593322754,,
283000,6.744169235229492,0.05,-2.742964506149292,,
283050,1.6470285654067993,0.05,-4.024526596069336,,
283100,0.39534899592399597,0.05,-3.9268224239349365,,
283150,1.0324186086654663,0.05,-4.173222064971924,,
283200,0.2715044915676117,0.05,-2.866880416870117,,
283250,4.870686054229736,0.05,-3.7525484561920166,,
283300,0.8046336770057678,0.05,-3.0420377254486084,,
283350,0.23336578905582428,0.05,-3.5826103687286377,,
283400,1.7470604181289673,0.05,-2.413749933242798,,
283450,8.804855346679688,0.05,-3.7004470825195312,,
283500,1.7144732475280762,0.05,-4.035346984863281,,
283550,7.2399725914001465,0.05,-2.7701799869537354,,
283600,1.083978533744812,0.05,-4.244725227355957,,
283650,5.874807834625244,0.05,-4.600905895233154,,
283700,0.5789156556129456,0.05,-3.9840478897094727,,
283750,3.215526580810547,0.05,-4.60230827331543,,
283800,6.842243671417236,0.05,-4.117746353149414,,
283850,0.31348416209220886,0.05,-2.9155900478363037,,
283900,0.2466546893119812,0.05,-3.5025386810302734,,
283950,2.7264864444732666,0.05,-5.271766185760498,,
284000,8.540255546569824,0.05,-4.249720573425293,,
284050,1.2757084369659424,0.05,-4.169760704040527,,
284100,1.76096773147583,0.05,-4.460662364959717,,
284150,0.2990364134311676,0.05,-3.98665714263916,,
284200,1.2070434093475342,0.05,-3.018718719482422,,
284250,1.918007254600525,0.05,-4.626101493835449,,
284300,12.22142505645752,0.05,-3.9810097217559814,,
284350,4.573902130126953,0.05,-4.922933578491211,,
284400,0.7120726704597473,0.05,-4.719339370727539,,
284450,0.9427281022071838,0.05,-4.627729892730713,,
284500,0.3209522068500519,0.05,-4.066380500793457,,
284550,2.0977628231048584,0.05,-5.076296329498291,,
284600,0.6719295978546143,0.05,-4.716050624847412,,
284650,0.807037889957428,0.05,-3.8627824783325195,,
284700,0.2702845335006714,0.05,-3.17509388923645,,
284750,1.5225166082382202,0.05,-3.2291784286499023,,
284800,0.2706145942211151,0.05,-3.219421148300171,,
284850,8.894757270812988,0.05,-3.9844303131103516,,
284900,3.079880952835083,0.05,-3.5958251953125,,
284950,0.5078838467597961,0.05,-3.591440200805664,,
285000,1.253326177597046,0.05,-3.9698877334594727,,
285050,0.10575634241104126,0.05,-2.585153579711914,,
285100,0.9551020264625549,0.05,-3.183333158493042,,
285150,0.3842957019805908,0.05,-3.437013864517212,,
285200,6.257704257965088,0.05,-3.336130380630493,,
285250,1.1461182832717896,0.05,-3.6103994846343994,,
285300,1.0927613973617554,0.05,-3.836843729019165,,
285350,1.5151920318603516,0.05,-3.1297686100006104,,
285400,1.4120670557022095,0.05,-4.700180530548096,,
285450,1.4333930015563965,0.05,-3.765989303588867,,
285500,0.3451753854751587,0.05,-3.7951133251190186,,
285550,3.5242815017700195,0.05,-4.073583126068115,,
285600,5.185344696044922,0.05,-3.4990737438201904,,
285650,0.59672611951828,0.05,-3.828561782836914,,
285700,0.778278648853302,0.05,-3.327458143234253,,
285750,1.315590262413025,0.05,-4.452563762664795,,
285800,3.0901153087615967,0.05,-3.463358163833618,,
285850,9.231998443603516,0.05,-4.063435077667236,,
285900,3.0818912982940674,0.05,-3.8765594959259033,,
285950,4.1133198738098145,0.05,-3.3286044597625732,,
286000,7.775623321533203,0.05,-3.940006971359253,,
286050,4.620020389556885,0.05,-4.376542091369629,,
286100,1.7103891372680664,0.05,-5.494996547698975,,
286150,6.790249347686768,0.05,-3.092245101928711,,
286200,12.33990478515625,0.05,-4.566906929016113,,
286250,0.2784962058067322,0.05,-3.277928113937378,,
286300,2.5636017322540283,0.05,-3.346893548965454,,
286350,0.6241931319236755,0.05,-3.101081132888794,,
286400,11.353976249694824,0.05,-4.1010589599609375,,
286450,0.9299283027648926,0.05,-3.9437255859375,,
286500,13.179763793945312,0.05,-4.462456226348877,,
286550,4.130393981933594,0.05,-3.7741177082061768,,
286600,9.466193199157715,0.05,-4.414620399475098,,
286650,4.7356085777282715,0.05,-4.104779243469238,,
286700,2.825498580932617,0.05,-4.377551555633545,,
286750,0.25478097796440125,0.05,-3.372621536254883,,
286800,9.4180326461792,0.05,-3.8071393966674805,,
286850,1.5116482973098755,0.05,-3.422208070755005,,
286900,2.714698076248169,0.05,-5.243886947631836,,
286950,6.468810558319092,0.05,-3.8552675247192383,,
287000,5.378995418548584,0.05,-3.5104963779449463,,
287050,7.8836669921875,0.05,-4.3685173988342285,,
287100,0.46562156081199646,0.05,-4.032804489135742,,
287150,5.843122959136963,0.05,-4.145474910736084,,
287200,1.444832682609558,0.05,-3.2544362545013428,,
287250,7.254913806915283,0.05,-3.404249429702759,,
287300,5.451518535614014,0.05,-3.716665267944336,,
287350,7.464344501495361,0.05,-3.5746910572052,,
287400,1.8165812492370605,0.05,-3.433537244796753,,
287450,0.9953858256340027,0.05,-4.176120281219482,,
287500,10.22346019744873,0.05,-4.7199482917785645,,
287550,12.363194465637207,0.05,-4.793028354644775,,
287600,0.6825148463249207,0.05,-4.29499626159668,,
287650,1.0335512161254883,0.05,-3.1455490589141846,,
287700,1.852329134941101,0.05,-5.331236362457275,,
287750,0.4133721888065338,0.05,-4.797670364379883,,
287800,14.605927467346191,0.05,-5.429746150970459,,
287850,10.943084716796875,0.05,-4.471027374267578,,
287900,0.8106557726860046,0.05,-3.5425684452056885,,
287950,3.863083839416504,0.05,-4.293599605560303,,
288000,11.839127540588379,0.05,-4.262607097625732,,
288050,6.68715238571167,0.05,-4.003836154937744,,
288100,0.9318283200263977,0.05,-3.3584210872650146,,
288150,0.5415298342704773,0.05,-3.540059804916382,,
288200,0.24812884628772736,0.05,-3.6338024139404297,,
288250,5.756208419799805,0.05,-4.82868766784668,,
288300,4.942430019378662,0.05,-4.15863561630249,,
288350,10.503273010253906,0.05,-5.401656627655029,,
288400,3.716785192489624,0.05,-3.0204179286956787,,
288450,4.650659084320068,0.05,-4.309249401092529,,
288500,0.34436091780662537,0.05,-3.5800936222076416,,
288550,0.611214280128479,0.05,-4.19197416305542,,
288600,5.695318222045898,0.05,-3.4665091037750244,,
288650,3.145244598388672,0.05,-4.83444881439209,,
288700,0.37116408348083496,0.05,-3.718175172805786,,
288750,1.3342832326889038,0.05,-3.570591688156128,,
288800,1.0936356782913208,0.05,-3.831616163253784,,
288850,0.3511941134929657,0.05,-3.511589288711548,,
288900,11.518010139465332,0.05,-3.720104932785034,,
288950,7.742485046386719,0.05,-4.120731353759766,,
289000,1.3971858024597168,0.05,-4.017243385314941,,
289050,1.2852972745895386,0.05,-2.6314754486083984,,
289100,8.95630931854248,0.05,-4.8350958824157715,,
289150,1.0652724504470825,0.05,-4.463019371032715,,
289200,15.039044380187988,0.05,-5.444675445556641,,
289250,1.1426682472229004,0.05,-3.46883225440979,,
289300,0.6270630955696106,0.05,-4.191318035125732,,
289350,5.230322360992432,0.05,-3.7738850116729736,,
289400,2.1419010162353516,0.05,-4.265598297119141,,
289450,0.7825437188148499,0.05,-4.455526351928711,,
289500,0.08629995584487915,0.05,-3.198805570602417,,
289550,1.1936343908309937,0.05,-3.710334062576294,,
289600,5.2286458015441895,0.05,-3.246662139892578,,
289650,6.211965560913086,0.05,-5.309790134429932,,
289700,1.5993093252182007,0.05,-4.058021545410156,,
289750,1.2330117225646973,0.05,-5.19392728805542,,
289800,0.21955054998397827,0.05,-3.1061880588531494,,
289850,3.3504974842071533,0.05,-4.5614447593688965,,
289900,0.17048858106136322,0.05,-4.242340564727783,,
289950,0.57659512758255,0.05,-5.222817897796631,,
290000,3.0202677249908447,0.05,-3.917740821838379,,
290050,2.1185123920440674,0.05,-3.4066531658172607,,
290100,5.246233940124512,0.05,-4.396423816680908,,
290150,0.42144694924354553,0.05,-3.6962716579437256,,
290200,20.40903663635254,0.05,-4.122254848480225,,
290250,7.08037805557251,0.05,-4.568373203277588,,
290300,2.9672343730926514,0.05,-4.2528300285339355,,
290350,2.7450904846191406,0.05,-3.880723714828491,,
290400,0.3055148422718048,0.05,-3.7174389362335205,,
290450,2.901283025741577,0.05,-5.070596218109131,,
290500,4.276709079742432,0.05,-3.50966739654541,,
290550,0.8001543879508972,0.05,-3.5832769870758057,,
290600,4.872004985809326,0.05,-4.610368251800537,,
290650,2.251049757003784,0.05,-4.272282123565674,,
290700,8.257110595703125,0.05,-4.120840549468994,,
290750,0.873298168182373,0.05,-2.8170697689056396,,
290800,2.0736892223358154,0.05,-4.509856700897217,,
290850,4.845801830291748,0.05,-3.721839666366577,,
290900,1.2431880235671997,0.05,-4.237096786499023,,
290950,1.980181336402893,0.05,-3.6517038345336914,,
291000,0.44071540236473083,0.05,-3.7723147869110107,,
291050,4.898169040679932,0.05,-4.049313068389893,,
291100,1.269147276878357,0.05,-3.803251266479492,,
291150,2.045753002166748,0.05,-3.9205055236816406,,
291200,0.1098819375038147,0.05,-2.5265612602233887,,
291250,0.22060702741146088,0.05,-3.6417295932769775,,
291300,7.237473964691162,0.05,-4.21399450302124,,
291350,0.36486223340034485,0.05,-3.8129329681396484,,
291400,0.2658540606498718,0.05,-4.066764831542969,,
291450,2.4644343852996826,0.05,-5.307839393615723,,
291500,3.546671152114868,0.05,-4.989052772521973,,
291550,0.8228451609611511,0.05,-4.296844482421875,,
291600,3.5183334350585938,0.05,-3.1918888092041016,,
291650,6.487815856933594,0.05,-3.347694158554077,,
291700,0.943152666091919,0.05,-4.681666851043701,,
291750,9.037383079528809,0.05,-3.821763277053833,,
291800,6.178468704223633,0.05,-3.598647356033325,,
291850,0.154670849442482,0.05,-4.110867977142334,,
291900,1.001158595085144,0.05,-4.212376117706299,,
291950,0.4311678111553192,0.05,-4.8928375244140625,,
292000,3.290508270263672,0.05,-4.518886566162109,,
292050,13.219033241271973,0.05,-4.883554935455322,,
292100,0.46845242381095886,0.05,-3.4286270141601562,,
292150,5.5751423835754395,0.05,-3.70001220703125,,
292200,0.1474379450082779,0.05,-4.205022811889648,,
292250,11.113429069519043,0.05,-4.789915561676025,,
292300,7.838443756103516,0.05,-3.9937360286712646,,
292350,6.527951717376709,0.05,-4.602216720581055,,
292400,4.076961994171143,0.05,-4.606200695037842,,
292450,0.7640466690063477,0.05,-4.913859844207764,,
292500,0.4282354414463043,0.05,-3.9400670528411865,,
292550,3.6959121227264404,0.05,-4.299710273742676,,
292600,6.384509563446045,0.05,-4.089837551116943,,
292650,13.96185302734375,0.05,-4.82403039932251,,
292700,1.9414253234863281,0.05,-6.486865997314453,,
292750,16.749713897705078,0.05,-5.290929317474365,,
292800,0.28839778900146484,0.05,-4.218094348907471,,
292850,5.077038764953613,0.05,-3.716238021850586,,
292900,4.183959007263184,0.05,-3.716665506362915,,
292950,3.510500192642212,0.05,-4.815013408660889,,
293000,0.7220795750617981,0.05,-4.3158392906188965,,
293050,4.740541458129883,0.05,-4.57157564163208,,
293100,0.32729917764663696,0.05,-4.588907718658447,,
293150,9.40999984741211,0.05,-2.780745267868042,,
293200,8.875147819519043,0.05,-4.413920879364014,,
293250,0.48829999566078186,0.05,-3.73933482170105,,
293300,8.595370292663574,0.05,-3.7088515758514404,,
293350,14.266127586364746,0.05,-4.092962265014648,,
293400,2.0947792530059814,0.05,-4.017544746398926,,
293450,10.24829387664795,0.05,-4.203472137451172,,
293500,4.0242133140563965,0.05,-4.256809234619141,,
293550,6.8969268798828125,0.05,-4.234817028045654,,
293600,6.589073181152344,0.05,-3.789736032485962,,
293650,6.5071635246276855,0.05,-5.285998821258545,,
293700,0.800390899181366,0.05,-4.105760097503662,,
293750,0.9631816744804382,0.05,-4.054988861083984,,
293800,3.1522064208984375,0.05,-3.2692344188690186,,
293850,2.8941240310668945,0.05,-4.469879150390625,,
293900,0.7170838713645935,0.05,-3.9056556224823,,
293950,0.14781232178211212,0.05,-3.7382402420043945,,
294000,0.35385414958000183,0.05,-4.139525890350342,,
294050,5.236210346221924,0.05,-3.4123783111572266,,
294100,0.48560771346092224,0.05,-3.9985806941986084,,
294150,3.7657697200775146,0.05,-4.190116882324219,,
294200,0.5880292057991028,0.05,-4.027080059051514,,
294250,0.7121860980987549,0.05,-3.998997449874878,,
294300,4.4722113609313965,0.05,-3.208171844482422,,
294350,6.114675045013428,0.05,-4.013705253601074,,
294400,10.050106048583984,0.05,-6.838176250457764,,
294450,3.7381670475006104,0.05,-4.138878345489502,,
294500,0.1246538832783699,0.05,-4.1156792640686035,,
294550,2.1844544410705566,0.05,-4.953258991241455,,
294600,1.7753654718399048,0.05,-4.779943943023682,,
294650,8.150670051574707,0.05,-3.6928999423980713,,
294700,1.7805312871932983,0.05,-3.7803659439086914,,
294750,1.6749087572097778,0.05,-4.344006538391113,,
294800,3.761157989501953,0.05,-4.225772380828857,,
294850,3.4422266483306885,0.05,-3.7276675701141357,,
294900,2.6236770153045654,0.05,-4.305724143981934,,
294950,6.039436340332031,0.05,-4.207611083984375,,
295000,0.27499517798423767,0.05,-3.6764230728149414,,
295050,0.34545090794563293,0.05,-3.6776034832000732,,
295100,2.055748701095581,0.05,-4.703253269195557,,
295150,0.39481985569000244,0.05,-3.4182636737823486,,
295200,0.6101182699203491,0.05,-3.5687849521636963,,
295250,2.7354698181152344,0.05,-5.337125778198242,,
295300,0.5545094609260559,0.05,-3.7364089488983154,,
295350,0.2673649191856384,0.05,-2.922739267349243,,
295400,5.81854772567749,0.05,-3.6745941638946533,,
295450,9.768847465515137,0.05,-5.281299114227295,,
295500,0.8298279643058777,0.05,-4.323628902435303,,
295550,2.0118048191070557,0.05,-3.6698760986328125,,
295600,1.1863365173339844,0.05,-5.326235294342041,,
295650,0.5094489455223083,0.05,-4.010039806365967,,
295700,0.34741178154945374,0.05,-4.184322357177734,,
295750,8.592362403869629,0.05,-4.7402825355529785,,
295800,5.364898681640625,0.05,-4.0567755699157715,,
295850,2.5556554794311523,0.05,-4.390966415405273,,
295900,11.726117134094238,0.05,-3.974184036254883,,
295950,0.6344518661499023,0.05,-4.025132656097412,,
296000,9.17916202545166,0.05,-4.175027847290039,,
296050,0.0829528272151947,0.05,-3.2340707778930664,,
296100,6.246227741241455,0.05,-4.280613422393799,,
296150,10.188077926635742,0.05,-4.318998336791992,,
296200,5.312002658843994,0.05,-4.246945858001709,,
296250,0.1947254091501236,0.05,-3.8575878143310547,,
296300,2.373689651489258,0.05,-4.9853973388671875,,
296350,0.5943632125854492,0.05,-4.604485511779785,,
296400,0.8761277198791504,0.05,-3.392652750015259,,
296450,0.19465146958827972,0.05,-4.0321879386901855,,
296500,15.52405834197998,0.05,-3.831531524658203,,
296550,5.722286224365234,0.05,-4.534768581390381,,
296600,12.6914644241333,0.05,-4.084492206573486,,
296650,1.2509855031967163,0.05,-4.742130756378174,,
296700,0.16654254496097565,0.05,-4.119070529937744,,
296750,11.682873725891113,0.05,-4.030540943145752,,
296800,0.5051515698432922,0.05,-4.123016834259033,,
296850,3.3796231746673584,0.05,-4.16421365737915,,
296900,1.0636723041534424,0.05,-5.516255855560303,,
296950,4.58249044418335,0.05,-3.8696963787078857,,
297000,0.22488635778427124,0.05,-3.691779136657715,,
297050,1.240644931793213,0.05,-3.749176025390625,,
297100,12.56314468383789,0.05,-4.615997791290283,,
297150,9.345120429992676,0.05,-4.674074649810791,,
297200,6.9557318687438965,0.05,-3.7560577392578125,,
297250,0.19487088918685913,0.05,-4.202282428741455,,
297300,0.5695868134498596,0.05,-5.5005669593811035,,
297350,4.000651836395264,0.05,-4.344545841217041,,
297400,4.990063190460205,0.05,-4.093681812286377,,
297450,1.7253427505493164,0.05,-4.496218204498291,,
297500,5.594799041748047,0.05,-3.2646663188934326,,
297550,5.20752477645874,0.05,-3.124953031539917,,
297600,2.0950329303741455,0.05,-4.586434841156006,,
297650,4.403743267059326,0.05,-3.1876723766326904,,
297700,1.202152967453003,0.05,-3.8159291744232178,,
297750,0.265205055475235,0.05,-3.461883544921875,,
297800,1.51565420627594,0.05,-4.030682563781738,,
297850,3.5819501876831055,0.05,-4.566437244415283,,
297900,0.8064398765563965,0.05,-4.981414318084717,,
297950,0.6719064116477966,0.05,-3.9229469299316406,,
298000,2.1481244564056396,0.05,-4.829032897949219,,
298050,0.6828207969665527,0.05,-3.652233362197876,,
298100,0.490407794713974,0.05,-4.19264030456543,,
298150,3.424121618270874,0.05,-4.124516010284424,,
298200,2.2526776790618896,0.05,-4.663685321807861,,
298250,0.37627625465393066,0.05,-3.981550931930542,,
298300,5.355897426605225,0.05,-5.8329949378967285,,
298350,0.6340872645378113,0.05,-3.5492141246795654,,
298400,4.384974956512451,0.05,-3.9836063385009766,,
298450,0.29561740159988403,0.05,-4.129912376403809,,
298500,0.7768842577934265,0.05,-4.1789984703063965,,
298550,5.980896472930908,0.05,-3.56482195854187,,
298600,4.716526031494141,0.05,-4.180970668792725,,
298650,0.3138398826122284,0.05,-3.287468671798706,,
298700,2.017599105834961,0.05,-3.472052574157715,,
298750,0.9052796959877014,0.05,-4.029849529266357,,
298800,2.400709390640259,0.05,-4.103671550750732,,
298850,6.32631254196167,0.05,-3.553034782409668,,
298900,5.321287631988525,0.05,-3.825859785079956,,
298950,5.634316921234131,0.05,-4.776689052581787,,
299000,0.14224310219287872,0.05,-3.1195805072784424,,
299050,0.12998293340206146,0.05,-4.352550983428955,,
299100,0.3469691276550293,0.05,-3.8781299591064453,,
299150,8.753317832946777,0.05,-3.073796510696411,,
299200,0.3850742280483246,0.05,-3.2812578678131104,,
299250,2.3248934745788574,0.05,-4.983274459838867,,
299300,7.4188761711120605,0.05,-3.941176176071167,,
299350,2.497706651687622,0.05,-4.359608173370361,,
299400,6.373077869415283,0.05,-5.402082443237305,,
299450,8.069714546203613,0.05,-4.922235012054443,,
299500,0.18216776847839355,0.05,-4.0854082107543945,,
299550,4.561990737915039,0.05,-3.35300612449646,,
299600,6.727954387664795,0.05,-3.827146291732788,,
299650,1.9750839471817017,0.05,-4.121596813201904,,
299700,1.1556248664855957,0.05,-4.449906826019287,,
299750,0.45695173740386963,0.05,-3.298569917678833,,
299800,0.4104449450969696,0.05,-3.829491376876831,,
299850,3.590100049972534,0.05,-3.484210968017578,,
299900,0.5925574898719788,0.05,-3.206141471862793,,
299950,1.7844005823135376,0.05,-4.197596073150635,,
