step,loss,epsilon,q_mean,val_reward,val_viol
100,0.03755022585391998,0.9966666666666667,-0.057144735008478165,,
150,0.10331355780363083,0.995,-0.007441109512001276,,
200,0.0378115214407444,0.9933333333333333,-0.008389043621718884,,
250,0.037051010876894,0.9916666666666667,-0.061678409576416016,,
300,0.018353953957557678,0.99,-0.012816950678825378,,
350,0.02426115982234478,0.9883333333333333,0.00439467141404748,,
400,0.025072311982512474,0.9866666666666667,-0.02795407734811306,,
450,0.14814339578151703,0.985,-0.08597610145807266,,
500,0.03428739309310913,0.9833333333333333,-0.01426044199615717,,
550,0.21195609867572784,0.9816666666666667,-0.7558926939964294,,
600,0.20935861766338348,0.98,-0.5915892720222473,,
650,0.1740185022354126,0.9783333333333333,-0.6959752440452576,,
700,0.16651950776576996,0.9766666666666667,-0.5690085887908936,,
750,0.14723220467567444,0.975,-0.5489570498466492,,
800,0.2238592505455017,0.9733333333333334,-0.46354952454566956,,
850,0.14868220686912537,0.9716666666666667,-0.4354705512523651,,
900,0.21263806521892548,0.97,-0.6373529434204102,,
950,0.14361239969730377,0.9683333333333334,-0.5939779877662659,,
1000,0.20465439558029175,0.9666666666666667,-0.45730629563331604,,
1050,0.3249264061450958,0.965,-1.0164645910263062,,
1100,0.39967766404151917,0.9633333333333334,-0.9407834410667419,,
1150,0.5367230176925659,0.9616666666666667,-1.0441118478775024,,
1200,0.27996310591697693,0.96,-0.7265176177024841,,
1250,0.33060410618782043,0.9583333333333334,-0.9233174920082092,,
1300,0.28298380970954895,0.9566666666666667,-0.880045473575592,,
1350,0.7448737025260925,0.955,-0.9581405520439148,,
1400,0.6034660935401917,0.9533333333333334,-0.9364783763885498,,
1450,0.5567386150360107,0.9516666666666667,-0.8440825939178467,,
1500,0.4090491533279419,0.95,-0.6988708972930908,,
1550,0.7935695052146912,0.9483333333333334,-1.618246078491211,,
1600,1.093241572380066,0.9466666666666667,-1.5677499771118164,,
1650,0.7073386311531067,0.945,-1.6034184694290161,,
1700,0.852891206741333,0.9433333333333334,-1.400819182395935,,
1750,0.6460132598876953,0.9416666666666667,-1.4233585596084595,,
1800,1.22251558303833,0.94,-1.1495723724365234,,
1850,0.4947286546230316,0.9383333333333334,-1.297351360321045,,
1900,0.692903459072113,0.9366666666666666,-1.5088802576065063,,
1950,0.5361600518226624,0.935,-1.0850543975830078,,
2000,0.4365985095500946,0.9333333333333333,-1.3628638982772827,,
2050,0.9954635500907898,0.9316666666666666,-1.2421469688415527,,
2100,0.6305409073829651,0.9299999999999999,-1.0099620819091797,,
2150,0.5050882697105408,0.9283333333333333,-1.3039220571517944,,
2200,0.9997128844261169,0.9266666666666666,-1.5541954040527344,,
2250,1.0403326749801636,0.925,-1.5018199682235718,,
2300,0.8213281631469727,0.9233333333333333,-1.707797646522522,,
2350,0.5592600107192993,0.9216666666666666,-1.161591649055481,,
2400,1.2671767473220825,0.92,-1.396299958229065,,
2450,0.4561077356338501,0.9183333333333333,-1.2808581590652466,,
2500,1.3423243761062622,0.9166666666666666,-1.4897862672805786,,
2550,0.49972137808799744,0.915,-1.3403345346450806,,
2600,0.8250634074211121,0.9133333333333333,-1.7801761627197266,,
2650,1.55082368850708,0.9116666666666666,-0.9378032088279724,,
2700,0.6354857087135315,0.91,-1.84211003780365,,
2750,0.9152677059173584,0.9083333333333333,-1.1344881057739258,,
2800,0.7450079917907715,0.9066666666666666,-2.4455416202545166,,
2850,0.6731049418449402,0.905,-1.4765492677688599,,
2900,1.2646290063858032,0.9033333333333333,-1.8264904022216797,,
2950,1.2533701658248901,0.9016666666666666,-1.5416139364242554,,
3000,0.5809963345527649,0.9,-1.3359179496765137,,
3050,1.094090461730957,0.8983333333333333,-1.6080936193466187,,
3100,0.85247403383255,0.8966666666666667,-1.5994919538497925,,
3150,1.2273386716842651,0.895,-1.8775782585144043,,
3200,0.8723490834236145,0.8933333333333333,-1.786426067352295,,
3250,1.0215100049972534,0.8916666666666666,-2.42461895942688,,
3300,1.2224091291427612,0.89,-2.1756269931793213,,
3350,0.9958109855651855,0.8883333333333333,-2.1102938652038574,,
3400,0.8963282108306885,0.8866666666666667,-1.3591289520263672,,
3450,0.8865554928779602,0.885,-1.70842444896698,,
3500,0.76502925157547,0.8833333333333333,-2.1281344890594482,,
3550,0.7138685584068298,0.8816666666666667,-1.4726890325546265,,
3600,2.479339838027954,0.88,-2.149153470993042,,
3650,1.5210704803466797,0.8783333333333333,-2.55245041847229,,
3700,1.4518855810165405,0.8766666666666667,-2.943681001663208,,
3750,0.8963552117347717,0.875,-1.4264906644821167,,
3800,2.9559872150421143,0.8733333333333333,-2.566493511199951,,
3850,2.271852731704712,0.8716666666666667,-1.732344627380371,,
3900,1.5031932592391968,0.87,-2.205411195755005,,
3950,1.0050592422485352,0.8683333333333334,-2.073899269104004,,
4000,2.8627350330352783,0.8666666666666667,-2.583062171936035,,
4050,2.76354718208313,0.865,-2.985081911087036,,
4100,1.5071898698806763,0.8633333333333333,-0.9781427979469299,,
4150,2.0795886516571045,0.8616666666666667,-1.8516812324523926,,
4200,1.6489791870117188,0.86,-1.571132779121399,,
4250,0.7645969986915588,0.8583333333333334,-1.5881372690200806,,
4300,1.2989580631256104,0.8566666666666667,-1.295385479927063,,
4350,1.9370676279067993,0.855,-1.980542778968811,,
4400,1.717957854270935,0.8533333333333333,-1.3796201944351196,,
4450,3.148880958557129,0.8516666666666667,-1.0455559492111206,,
4500,1.0427569150924683,0.85,-1.362718105316162,,
4550,1.4960724115371704,0.8483333333333334,-0.8240090012550354,,
4600,0.8545360565185547,0.8466666666666667,-1.5191420316696167,,
4650,0.9242258071899414,0.845,-1.215342402458191,,
4700,1.8508820533752441,0.8433333333333333,-1.3020309209823608,,
4750,3.5280380249023438,0.8416666666666667,-1.1840611696243286,,
4800,2.1569831371307373,0.84,-1.6253457069396973,,
4850,1.5469599962234497,0.8383333333333334,-1.021761178970337,,
4900,2.1135976314544678,0.8366666666666667,-1.8715757131576538,,
4950,2.2621219158172607,0.835,-2.3278019428253174,,
5000,1.3782984018325806,0.8333333333333334,-1.1042240858078003,,
5050,1.8861546516418457,0.8316666666666667,-1.7644872665405273,,
5100,1.698311448097229,0.83,-1.0875693559646606,,
5150,2.1846377849578857,0.8283333333333334,-1.4241241216659546,,
5200,4.558305740356445,0.8266666666666667,-1.5232235193252563,,
5250,2.171281337738037,0.825,-2.8049936294555664,,
5300,2.4007134437561035,0.8233333333333334,-2.554311513900757,,
5350,1.0247488021850586,0.8216666666666667,-1.8367377519607544,,
5400,3.387054443359375,0.8200000000000001,-0.8748204112052917,,
5450,2.243203639984131,0.8183333333333334,-2.099722385406494,,
5500,1.3565430641174316,0.8166666666666667,-1.2068954706192017,,
5550,6.240245342254639,0.815,-2.0397398471832275,,
5600,5.031224727630615,0.8133333333333334,-1.7364600896835327,,
5650,4.690466403961182,0.8116666666666666,-1.7672834396362305,,
5700,2.9045190811157227,0.81,-0.6941478252410889,,
5750,4.607921123504639,0.8083333333333333,-1.1491583585739136,,
5800,3.240316152572632,0.8066666666666666,-2.117649793624878,,
5850,1.6005889177322388,0.8049999999999999,-2.0627593994140625,,
5900,3.633568048477173,0.8033333333333333,-2.491264581680298,,
5950,4.1053032875061035,0.8016666666666666,-1.833640456199646,,
6000,2.3456802368164062,0.8,-1.1644225120544434,,
6050,3.6884443759918213,0.7983333333333333,-1.5305849313735962,,
6100,2.6494204998016357,0.7966666666666666,-2.149840831756592,,
6150,3.795405149459839,0.795,-2.0720033645629883,,
6200,5.723949432373047,0.7933333333333333,-2.3673410415649414,,
6250,2.532902717590332,0.7916666666666666,-1.2534698247909546,,
6300,0.94197016954422,0.79,-1.6456565856933594,,
6350,3.6975901126861572,0.7883333333333333,-2.415487766265869,,
6400,1.2548359632492065,0.7866666666666666,-1.3755507469177246,,
6450,3.2422189712524414,0.785,-2.348426342010498,,
6500,2.544376850128174,0.7833333333333333,-1.4104419946670532,,
6550,1.5572065114974976,0.7816666666666667,-0.5288459658622742,,
6600,4.79359769821167,0.78,-1.2735804319381714,,
6650,4.177582263946533,0.7783333333333333,-1.9868890047073364,,
6700,3.5280258655548096,0.7766666666666666,-1.803441047668457,,
6750,2.212552070617676,0.775,-2.157531499862671,,
6800,1.9545973539352417,0.7733333333333333,-2.2967522144317627,,
6850,3.315511703491211,0.7716666666666667,-1.7394922971725464,,
6900,1.4704384803771973,0.77,-2.278851270675659,,
6950,2.2772486209869385,0.7683333333333333,-1.3331456184387207,,
7000,2.664186716079712,0.7666666666666666,-1.3945693969726562,,
7050,4.652432918548584,0.765,-1.436486840248108,,
7100,3.4868412017822266,0.7633333333333333,-0.9298719763755798,,
7150,2.4123518466949463,0.7616666666666667,-2.8566877841949463,,
7200,2.6482934951782227,0.76,-1.7346521615982056,,
7250,3.228003740310669,0.7583333333333333,-0.7294602990150452,,
7300,1.9069572687149048,0.7566666666666666,-1.2620288133621216,,
7350,1.0952073335647583,0.755,-0.7372614741325378,,
7400,2.5266568660736084,0.7533333333333333,-1.7394680976867676,,
7450,1.0538870096206665,0.7516666666666667,-1.82209050655365,,
7500,2.9166672229766846,0.75,-2.5097596645355225,,
7550,1.5628875494003296,0.7483333333333333,-1.8794018030166626,,
7600,3.6629364490509033,0.7466666666666666,-1.438475489616394,,
7650,0.9585223197937012,0.745,-1.5292400121688843,,
7700,2.2586123943328857,0.7433333333333334,-2.9078075885772705,,
7750,2.637871026992798,0.7416666666666667,-2.4812207221984863,,
7800,2.3694779872894287,0.74,-2.197862386703491,,
7850,1.3932360410690308,0.7383333333333333,-1.3794493675231934,,
7900,1.8598918914794922,0.7366666666666667,-1.21112859249115,,
7950,3.893129348754883,0.735,-1.1201863288879395,,
8000,2.0188214778900146,0.7333333333333334,-0.8383398652076721,,
8050,3.455204963684082,0.7316666666666667,-1.5419321060180664,,
8100,4.314942836761475,0.73,-1.8953341245651245,,
8150,1.641519546508789,0.7283333333333333,-2.275310516357422,,
8200,2.174570083618164,0.7266666666666667,-2.22137451171875,,
8250,2.6535661220550537,0.725,-1.6785197257995605,,
8300,2.4181203842163086,0.7233333333333334,-1.4200485944747925,,
8350,3.3277056217193604,0.7216666666666667,-2.440952777862549,,
8400,3.586714506149292,0.72,-1.7296476364135742,,
8450,4.9346394538879395,0.7183333333333333,-2.25571608543396,,
8500,2.642568826675415,0.7166666666666667,-1.022790789604187,,
8550,2.9748828411102295,0.7150000000000001,-0.9481704831123352,,
8600,3.0139501094818115,0.7133333333333334,-1.440971851348877,,
8650,0.8643298149108887,0.7116666666666667,-0.6927112936973572,,
8700,1.6420081853866577,0.71,-1.1693235635757446,,
8750,1.0148199796676636,0.7083333333333333,-1.6590408086776733,,
8800,2.3490307331085205,0.7066666666666667,-1.2893670797348022,,
8850,1.2744337320327759,0.7050000000000001,-1.1916862726211548,,
8900,1.1235480308532715,0.7033333333333334,-2.035226583480835,,
8950,3.4854319095611572,0.7016666666666667,-1.46045982837677,,
9000,2.537191152572632,0.7,-1.3674348592758179,,
9050,2.019106149673462,0.6983333333333333,-1.6740736961364746,,
9100,1.624953269958496,0.6966666666666667,-2.7435004711151123,,
9150,1.8164929151535034,0.6950000000000001,-1.9833297729492188,,
9200,4.131998538970947,0.6933333333333334,-1.3579692840576172,,
9250,1.9214295148849487,0.6916666666666667,-0.8039872050285339,,
9300,5.692739963531494,0.69,-2.056396722793579,,
9350,1.3007012605667114,0.6883333333333334,-1.312016487121582,,
9400,2.924185037612915,0.6866666666666666,-0.9577073454856873,,
9450,1.17811918258667,0.685,-2.1710052490234375,,
9500,3.9434335231781006,0.6833333333333333,-1.3803588151931763,,
9550,3.216627836227417,0.6816666666666666,-1.7896331548690796,,
9600,1.711429238319397,0.6799999999999999,-1.6616753339767456,,
9650,3.4713268280029297,0.6783333333333333,-1.2011319398880005,,
9700,0.9517993330955505,0.6766666666666667,-1.1833282709121704,,
9750,2.232231855392456,0.675,-1.896591067314148,,
9800,2.165529727935791,0.6733333333333333,-0.5618481040000916,,
9850,1.5733541250228882,0.6716666666666666,-1.6389083862304688,,
9900,4.17152214050293,0.6699999999999999,-2.4439902305603027,,
9950,3.2827281951904297,0.6683333333333333,-1.155156135559082,,
10000,1.856763243675232,0.6666666666666667,-0.9732842445373535,,
10050,5.144139766693115,0.665,-1.246240496635437,,
10100,2.554605484008789,0.6633333333333333,-0.7209388613700867,,
10150,1.0299625396728516,0.6616666666666666,-0.8498799204826355,,
10200,2.3825125694274902,0.6599999999999999,-1.4612518548965454,,
10250,3.600377321243286,0.6583333333333333,-1.6719247102737427,,
10300,4.1351637840271,0.6566666666666667,-1.7549009323120117,,
10350,3.8635549545288086,0.655,-1.4625886678695679,,
10400,3.204512596130371,0.6533333333333333,-1.1491459608078003,,
10450,4.3808369636535645,0.6516666666666666,-1.872475028038025,,
10500,3.4412708282470703,0.65,-1.6750612258911133,,
10550,1.7327228784561157,0.6483333333333333,-1.250575304031372,,
10600,2.9193153381347656,0.6466666666666667,-2.3367364406585693,,
10650,3.826711416244507,0.645,-2.044700860977173,,
10700,2.2280147075653076,0.6433333333333333,-1.1716314554214478,,
10750,1.4221669435501099,0.6416666666666666,-1.4946130514144897,,
10800,3.8379766941070557,0.64,-1.754660964012146,,
10850,2.740399122238159,0.6383333333333333,-0.9274601340293884,,
10900,2.0883219242095947,0.6366666666666667,-2.1179697513580322,,
10950,2.0401525497436523,0.635,-1.3673654794692993,,
11000,3.294816017150879,0.6333333333333333,-1.1880587339401245,,
11050,4.21960973739624,0.6316666666666666,-2.086433172225952,,
11100,2.5108914375305176,0.63,-1.4393960237503052,,
11150,5.071526050567627,0.6283333333333334,-1.9231528043746948,,
11200,0.9313397407531738,0.6266666666666667,-0.9986238479614258,,
11250,3.8544681072235107,0.625,-1.2641140222549438,,
11300,3.3161556720733643,0.6233333333333333,-0.9910994172096252,,
11350,2.5277843475341797,0.6216666666666666,-0.6362729072570801,,
11400,2.6851627826690674,0.62,-2.728173017501831,,
11450,2.8170979022979736,0.6183333333333334,-2.479170083999634,,
11500,2.4661705493927,0.6166666666666667,-0.8230645656585693,,
11550,2.549696683883667,0.615,-1.9504958391189575,,
11600,1.6503068208694458,0.6133333333333333,-2.4810187816619873,,
11650,3.820770263671875,0.6116666666666667,-1.8604658842086792,,
11700,0.6018155217170715,0.61,-0.2211964875459671,,
11750,0.8920674920082092,0.6083333333333334,-0.38292089104652405,,
11800,3.0230824947357178,0.6066666666666667,-0.8371570706367493,,
11850,3.9877665042877197,0.605,-2.1869657039642334,,
11900,2.328580379486084,0.6033333333333333,-0.8908255100250244,,
11950,5.0969014167785645,0.6016666666666667,-0.7544736862182617,,
12000,4.179392337799072,0.6,-0.5264571905136108,,
12050,9.815093994140625,0.5983333333333334,-2.841371774673462,,
12100,3.4425277709960938,0.5966666666666667,-0.4757833778858185,,
12150,3.2692997455596924,0.595,-2.232633590698242,,
12200,0.7342938780784607,0.5933333333333333,-0.9837042689323425,,
12250,3.9324378967285156,0.5916666666666667,-1.4557409286499023,,
12300,0.9230712056159973,0.5900000000000001,-0.4857136011123657,,
12350,1.811343789100647,0.5883333333333334,-0.7713744044303894,,
12400,2.0263240337371826,0.5866666666666667,-0.8719067573547363,,
12450,1.332072138786316,0.585,-0.6795246005058289,,
12500,3.065086603164673,0.5833333333333333,-1.939694881439209,,
12550,3.942187547683716,0.5816666666666667,-1.8673733472824097,,
12600,2.1455066204071045,0.5800000000000001,-1.469201683998108,,
12650,2.249133825302124,0.5783333333333334,-0.6672573685646057,,
12700,1.6177978515625,0.5766666666666667,-0.3086604177951813,,
12750,8.081515312194824,0.575,-2.2482097148895264,,
12800,2.8806533813476562,0.5733333333333333,-1.8293309211730957,,
12850,1.6657829284667969,0.5716666666666667,-0.6068682074546814,,
12900,1.475101113319397,0.5700000000000001,-0.8804807662963867,,
12950,2.680232048034668,0.5683333333333334,-1.4755445718765259,,
13000,3.7474567890167236,0.5666666666666667,-1.803642749786377,,
13050,3.0923798084259033,0.565,-2.2729079723358154,,
13100,4.415508270263672,0.5633333333333334,-0.8915770649909973,,
13150,3.2183868885040283,0.5616666666666666,-0.9392583966255188,,
13200,3.801560640335083,0.56,-0.4860425889492035,,
13250,8.778727531433105,0.5583333333333333,-2.6629042625427246,,
13300,3.5902655124664307,0.5566666666666666,-0.7133676409721375,,
13350,7.192394733428955,0.5549999999999999,-1.3914254903793335,,
13400,4.418922424316406,0.5533333333333333,-1.5273598432540894,,
13450,2.827382802963257,0.5516666666666667,-0.3507520854473114,,
13500,1.6897162199020386,0.55,-0.6727474331855774,,
13550,2.9878761768341064,0.5483333333333333,-1.4753036499023438,,
13600,3.8876140117645264,0.5466666666666666,-1.2425848245620728,,
13650,6.491294860839844,0.5449999999999999,-1.3449926376342773,,
13700,3.3304641246795654,0.5433333333333333,-1.5521694421768188,,
13750,5.947778701782227,0.5416666666666667,-1.3206812143325806,,
13800,2.6937313079833984,0.54,-1.1271253824234009,,
13850,6.839718341827393,0.5383333333333333,-0.48361682891845703,,
13900,2.291951894760132,0.5366666666666666,-1.7245031595230103,,
13950,9.237915992736816,0.5349999999999999,-2.5810070037841797,,
14000,6.420076370239258,0.5333333333333333,-0.8858901858329773,,
14050,1.9342154264450073,0.5316666666666667,-1.8353906869888306,,
14100,1.9947839975357056,0.53,-1.1386858224868774,,
14150,4.064389228820801,0.5283333333333333,-0.1972949057817459,,
14200,7.432547092437744,0.5266666666666666,-1.1959129571914673,,
14250,6.208699703216553,0.525,-1.0595322847366333,,
14300,2.4101529121398926,0.5233333333333333,-1.9503716230392456,,
14350,1.9690093994140625,0.5216666666666667,-0.023176556453108788,,
14400,2.787180185317993,0.52,-0.6007325053215027,,
14450,8.097750663757324,0.5183333333333333,-1.4589108228683472,,
14500,2.067143678665161,0.5166666666666666,-1.1597893238067627,,
14550,3.5264980792999268,0.515,-1.7900218963623047,,
14600,3.3170690536499023,0.5133333333333333,-1.0070695877075195,,
14650,2.582282304763794,0.5116666666666667,-0.5114253163337708,,
14700,4.401731491088867,0.51,-0.8638403415679932,,
14750,6.586187362670898,0.5083333333333333,-1.2120393514633179,,
14800,4.728164196014404,0.5066666666666666,-1.948393702507019,,
14850,3.011481285095215,0.505,-1.4511958360671997,,
14900,3.0142714977264404,0.5033333333333334,-1.780448317527771,,
14950,1.9167985916137695,0.5016666666666667,-1.6456023454666138,,
15000,1.4457030296325684,0.5,-1.166195034980774,,
15050,1.6817220449447632,0.4983333333333333,-0.8559462428092957,,
15100,1.6706095933914185,0.4966666666666667,-1.654312252998352,,
15150,3.7973461151123047,0.495,-2.1550703048706055,,
15200,3.031540870666504,0.4933333333333333,-1.8284167051315308,,
15250,6.446492671966553,0.4916666666666667,-2.542074203491211,,
15300,1.3662657737731934,0.49,-0.27609387040138245,,
15350,1.1682772636413574,0.4883333333333333,-1.688633918762207,,
15400,2.887718915939331,0.4866666666666667,-1.7500842809677124,,
15450,3.1720993518829346,0.485,-1.412827491760254,,
15500,5.678234577178955,0.4833333333333333,-2.2116992473602295,,
15550,6.657926559448242,0.4816666666666667,-1.8095639944076538,,
15600,3.984617233276367,0.48,-1.98651921749115,,
15650,3.361175775527954,0.4783333333333334,-1.521390438079834,,
15700,0.9575944542884827,0.4766666666666667,-0.8908388018608093,,
15750,5.192103862762451,0.475,-0.9191561341285706,,
15800,0.927865207195282,0.4733333333333334,-0.6838839650154114,,
15850,4.093936443328857,0.4716666666666667,-1.6086946725845337,,
15900,6.451460361480713,0.47,-0.5098704695701599,,
15950,2.8010780811309814,0.4683333333333334,-0.5379615426063538,,
16000,1.884965419769287,0.4666666666666667,-2.4606072902679443,,
16050,3.041106939315796,0.46499999999999997,-1.5817594528198242,,
16100,0.9209907650947571,0.4633333333333334,-1.3652206659317017,,
16150,1.7594571113586426,0.46166666666666667,-0.8592962622642517,,
16200,2.7320191860198975,0.45999999999999996,-1.4182624816894531,,
16250,3.1460788249969482,0.45833333333333337,-1.0854042768478394,,
16300,3.6810197830200195,0.45666666666666667,-1.5349026918411255,,
16350,2.2294230461120605,0.45499999999999996,-2.008579969406128,,
16400,1.0614315271377563,0.45333333333333337,-0.9910088181495667,,
16450,4.8770623207092285,0.45166666666666666,-1.6393226385116577,,
16500,1.0468426942825317,0.44999999999999996,-0.6412572860717773,,
16550,1.9386500120162964,0.44833333333333336,-1.552117943763733,,
16600,2.8256094455718994,0.44666666666666666,-1.0569541454315186,,
16650,2.588876247406006,0.44499999999999995,-1.4578431844711304,,
16700,2.3655893802642822,0.44333333333333336,-1.887802004814148,,
16750,3.9794728755950928,0.44166666666666665,-1.2023078203201294,,
16800,3.164586067199707,0.43999999999999995,-1.6869215965270996,,
16850,0.8886446356773376,0.43833333333333335,-1.336819052696228,,
16900,3.8052549362182617,0.43666666666666665,-1.9648208618164062,,
16950,7.15140962600708,0.43500000000000005,-1.7135435342788696,,
17000,8.417738914489746,0.43333333333333335,-1.940832257270813,,
17050,2.279106855392456,0.43166666666666664,-1.1940571069717407,,
17100,1.3464022874832153,0.43000000000000005,0.06476984918117523,,
17150,2.9409542083740234,0.42833333333333334,-0.6897687911987305,,
17200,4.609760761260986,0.42666666666666664,-1.7658687829971313,,
17250,0.683866560459137,0.42500000000000004,-1.2549501657485962,,
17300,3.6158275604248047,0.42333333333333334,-1.020822286605835,,
17350,4.824409484863281,0.42166666666666663,-1.9707354307174683,,
17400,2.890104055404663,0.42000000000000004,-1.1240938901901245,,
17450,3.007094621658325,0.41833333333333333,-1.1711252927780151,,
17500,6.025104999542236,0.41666666666666663,-2.2304656505584717,,
17550,1.9618595838546753,0.41500000000000004,-0.32116881012916565,,
17600,2.541491746902466,0.41333333333333333,-0.7677865028381348,,
17650,2.001127004623413,0.4116666666666666,-2.380303144454956,,
17700,4.631560802459717,0.41000000000000003,-1.3159376382827759,,
17750,2.1598446369171143,0.4083333333333333,-1.3338783979415894,,
17800,1.2272859811782837,0.4066666666666666,-0.8955355286598206,,
17850,1.5522772073745728,0.405,-1.1740041971206665,,
17900,3.184023857116699,0.4033333333333333,-1.8256988525390625,,
17950,0.7426912784576416,0.4016666666666666,-1.3747048377990723,,
18000,2.1946794986724854,0.4,-0.9671613574028015,,
18050,1.7668204307556152,0.3983333333333333,-1.1299762725830078,,
18100,1.4693036079406738,0.3966666666666666,-2.036102771759033,,
18150,2.3387553691864014,0.395,-0.8232945799827576,,
18200,5.038386821746826,0.3933333333333333,-2.285439968109131,,
18250,3.531536817550659,0.3916666666666667,-1.2809089422225952,,
18300,3.825092077255249,0.39,-1.7679561376571655,,
18350,0.7923383712768555,0.3883333333333333,-0.7549798488616943,,
18400,11.00973129272461,0.3866666666666667,-1.923377513885498,,
18450,7.736637115478516,0.385,-1.7041722536087036,,
18500,3.5727241039276123,0.3833333333333333,-1.7723759412765503,,
18550,3.6055800914764404,0.3816666666666667,-1.0547912120819092,,
18600,5.3739800453186035,0.38,-1.6810970306396484,,
18650,3.362565040588379,0.3783333333333333,-1.1751035451889038,,
18700,6.233781814575195,0.3766666666666667,-1.5044714212417603,,
18750,2.9910850524902344,0.375,-1.713053822517395,,
18800,1.5330780744552612,0.3733333333333333,-0.9554018378257751,,
18850,3.2531137466430664,0.3716666666666667,-1.7809796333312988,,
18900,4.039443492889404,0.37,-1.3393551111221313,,
18950,2.4317429065704346,0.3683333333333333,-0.5387561917304993,,
19000,0.7431947588920593,0.3666666666666667,-0.5283082127571106,,
19050,1.055332064628601,0.365,-1.4998316764831543,,
19100,3.945085287094116,0.3633333333333333,-1.5597954988479614,,
19150,0.7011978626251221,0.3616666666666667,-0.3020189702510834,,
19200,7.619223117828369,0.36,-2.4808781147003174,,
19250,4.041712284088135,0.3583333333333333,-2.9916927814483643,,
19300,2.6895878314971924,0.3566666666666667,-1.137593388557434,,
19350,4.026701927185059,0.355,-1.8017911911010742,,
19400,1.766689658164978,0.3533333333333334,-0.9293868541717529,,
19450,2.6163201332092285,0.3516666666666667,-1.9859261512756348,,
19500,5.024259567260742,0.35,-1.7291911840438843,,
19550,6.057816028594971,0.3483333333333334,-1.1558878421783447,,
19600,4.409362316131592,0.3466666666666667,-3.5636794567108154,,
19650,3.307894706726074,0.345,-1.364245057106018,,
19700,2.723738431930542,0.3433333333333334,-1.514804482460022,,
19750,1.3832297325134277,0.3416666666666667,-0.7990524172782898,,
19800,3.551945447921753,0.33999999999999997,-2.1545164585113525,,
19850,3.3882131576538086,0.3383333333333334,-1.5219708681106567,,
19900,7.3006134033203125,0.33666666666666667,-1.759344220161438,,
19950,3.247244119644165,0.33499999999999996,-1.0380140542984009,,
20000,7.621497631072998,0.33333333333333337,-2.142277240753174,,
20050,2.386521816253662,0.33166666666666667,-2.6725568771362305,,
20100,3.7597854137420654,0.32999999999999996,-1.2356983423233032,,
20150,0.8960046172142029,0.32833333333333337,-2.3395836353302,,
20200,1.0261366367340088,0.32666666666666666,-3.2330081462860107,,
20250,2.10988187789917,0.32499999999999996,-1.5766969919204712,,
20300,4.270961284637451,0.32333333333333336,-1.9472479820251465,,
20350,4.899612903594971,0.32166666666666666,-1.4379959106445312,,
20400,3.585489273071289,0.31999999999999995,-1.3227224349975586,,
20450,1.9409137964248657,0.31833333333333336,-1.7891377210617065,,
20500,1.2445555925369263,0.31666666666666665,-0.7507118582725525,,
20550,3.9874513149261475,0.31499999999999995,-1.2672804594039917,,
20600,2.248345136642456,0.31333333333333335,-2.2570178508758545,,
20650,4.186974048614502,0.31166666666666665,-2.273486852645874,,
20700,3.0487165451049805,0.31000000000000005,-2.298287868499756,,
20750,4.832634449005127,0.30833333333333335,-1.951651692390442,,
20800,2.5770812034606934,0.30666666666666664,-1.6811679601669312,,
20850,1.351889967918396,0.30500000000000005,-0.9554820656776428,,
20900,1.608906626701355,0.30333333333333334,-1.1460448503494263,,
20950,2.1028661727905273,0.30166666666666664,-3.9351866245269775,,
21000,2.649991273880005,0.30000000000000004,-2.779376983642578,,
21050,1.6491427421569824,0.29833333333333334,-2.6516354084014893,,
21100,7.224526882171631,0.29666666666666663,-1.631944179534912,,
21150,5.415279388427734,0.29500000000000004,-1.965929388999939,,
21200,8.285451889038086,0.29333333333333333,-2.2136595249176025,,
21250,7.364996433258057,0.29166666666666663,-1.6318496465682983,,
21300,4.003762722015381,0.29000000000000004,-1.7417945861816406,,
21350,4.813987731933594,0.28833333333333333,-3.171633005142212,,
21400,1.630575180053711,0.2866666666666666,-2.040295124053955,,
21450,3.983261823654175,0.28500000000000003,-1.1835139989852905,,
21500,2.3365790843963623,0.2833333333333333,-2.079402208328247,,
21550,2.917325258255005,0.2816666666666666,-1.1472550630569458,,
21600,4.36176061630249,0.28,-1.113547921180725,,
21650,5.246321201324463,0.2783333333333333,-1.7080564498901367,,
21700,3.028972864151001,0.2766666666666666,-1.4619814157485962,,
21750,4.823472023010254,0.275,-1.611924648284912,,
21800,9.182027816772461,0.2733333333333333,-1.6171823740005493,,
21850,4.283230781555176,0.2716666666666666,-2.0165674686431885,,
21900,0.9441179633140564,0.27,-1.7056721448898315,,
21950,3.8937442302703857,0.2683333333333333,-1.4905349016189575,,
22000,1.8935638666152954,0.2666666666666667,-2.5742359161376953,,
22050,4.66301965713501,0.265,-2.4544880390167236,,
22100,4.267042636871338,0.2633333333333333,-1.8610377311706543,,
22150,2.280751943588257,0.2616666666666667,-1.3099173307418823,,
22200,0.9892513155937195,0.26,-1.82830011844635,,
22250,3.368199348449707,0.2583333333333333,-1.8450517654418945,,
22300,5.584783554077148,0.2566666666666667,-2.049708127975464,,
22350,1.4783034324645996,0.255,-1.741952896118164,,
22400,1.0592459440231323,0.2533333333333333,-2.1766765117645264,,
22450,5.089454650878906,0.2516666666666667,-1.0011169910430908,,
22500,0.4714438021183014,0.25,-0.6510353684425354,,
22550,7.489166259765625,0.2483333333333333,-1.6102463006973267,,
22600,10.692985534667969,0.2466666666666667,-2.3408241271972656,,
22650,1.9578933715820312,0.245,-1.8033018112182617,,
22700,3.0811245441436768,0.2433333333333333,-2.032221555709839,,
22750,10.35178279876709,0.2416666666666667,-1.7864971160888672,,
22800,3.2301218509674072,0.24,-2.08011531829834,,
22850,0.688460648059845,0.23833333333333329,-1.4025588035583496,,
22900,4.955747127532959,0.2366666666666667,-2.3182179927825928,,
22950,5.132596492767334,0.235,-2.415480613708496,,
23000,3.6568210124969482,0.23333333333333328,-0.9480552673339844,,
23050,4.112952709197998,0.2316666666666667,-1.0305086374282837,,
23100,0.8051525950431824,0.22999999999999998,-1.495920181274414,,
23150,3.8987395763397217,0.2283333333333334,-0.8904016017913818,,
23200,4.700236797332764,0.22666666666666668,-2.5221974849700928,,
23250,2.684964418411255,0.22499999999999998,-0.4474596679210663,,
23300,2.262543201446533,0.22333333333333338,-1.4576325416564941,,
23350,5.504561901092529,0.22166666666666668,-1.8912057876586914,,
23400,5.640087127685547,0.21999999999999997,-1.3476506471633911,,
23450,3.3227481842041016,0.21833333333333338,-2.5279886722564697,,
23500,6.298065662384033,0.21666666666666667,-2.1293108463287354,,
23550,3.418895959854126,0.21499999999999997,-1.9063339233398438,,
23600,3.1920292377471924,0.21333333333333337,-1.4012360572814941,,
23650,5.661299228668213,0.21166666666666667,-2.09761643409729,,
23700,3.1928329467773438,0.20999999999999996,-1.2439833879470825,,
23750,0.9310628771781921,0.20833333333333337,-1.1705795526504517,,
23800,2.3848936557769775,0.20666666666666667,-2.306001663208008,,
23850,6.9388203620910645,0.20499999999999996,-1.710970401763916,,
23900,3.4816532135009766,0.20333333333333337,-1.941993236541748,,
23950,0.7238526344299316,0.20166666666666666,-0.4835681915283203,,
24000,3.042203903198242,0.19999999999999996,-1.5323697328567505,,
24050,3.162398099899292,0.19833333333333336,-2.319364309310913,,
24100,2.3317034244537354,0.19666666666666666,-1.6387468576431274,,
24150,0.46301746368408203,0.19499999999999995,-1.7406216859817505,,
24200,4.214748859405518,0.19333333333333336,-1.7090973854064941,,
24250,1.2156364917755127,0.19166666666666665,-1.776269555091858,,
24300,1.6507673263549805,0.18999999999999995,-2.373227834701538,,
24350,2.07003116607666,0.18833333333333335,-1.9964455366134644,,
24400,1.6358293294906616,0.18666666666666665,-1.2641737461090088,,
24450,5.333723545074463,0.18500000000000005,-1.6053496599197388,,
24500,3.2240543365478516,0.18333333333333335,-1.5588598251342773,,
24550,4.680574893951416,0.18166666666666664,-2.202486038208008,,
24600,0.9398598670959473,0.18000000000000005,-1.2425035238265991,,
24650,5.490649700164795,0.17833333333333334,-2.4580161571502686,,
24700,1.4404215812683105,0.17666666666666664,-1.4505538940429688,,
24750,3.733036756515503,0.17500000000000004,-1.3966460227966309,,
24800,0.9266633987426758,0.17333333333333334,-1.8455582857131958,,
24850,2.1667935848236084,0.17166666666666663,-2.0981903076171875,,
24900,6.7998366355896,0.17000000000000004,-3.1499195098876953,,
24950,3.9247140884399414,0.16833333333333333,-2.2231109142303467,,
25000,2.128253221511841,0.16666666666666663,-1.388611912727356,-1.082551443807031,45.46666666666666
25050,1.3087823390960693,0.16500000000000004,-1.5907455682754517,,
25100,4.138734817504883,0.16333333333333333,-1.9410196542739868,,
25150,0.4085511267185211,0.16166666666666663,-0.6125300526618958,,
25200,1.4148201942443848,0.16000000000000003,-1.3539644479751587,,
25250,0.6107714772224426,0.15833333333333333,-1.4413833618164062,,
25300,3.167806625366211,0.15666666666666662,-1.5444550514221191,,
25350,1.6757831573486328,0.15500000000000003,-2.3294427394866943,,
25400,0.5333186388015747,0.15333333333333332,-1.353131651878357,,
25450,1.7459574937820435,0.15166666666666662,-1.0511343479156494,,
25500,2.078817844390869,0.15000000000000002,-1.8427120447158813,,
25550,3.9475109577178955,0.14833333333333332,-2.3417651653289795,,
25600,2.3289437294006348,0.1466666666666666,-2.126108407974243,,
25650,0.6215362548828125,0.14500000000000002,-1.6632375717163086,,
25700,5.461571216583252,0.1433333333333333,-1.455597996711731,,
25750,1.0135159492492676,0.14166666666666672,-1.9072953462600708,,
25800,3.7004661560058594,0.14,-2.1589176654815674,,
25850,3.5072879791259766,0.1383333333333333,-1.1215976476669312,,
25900,1.478747010231018,0.13666666666666671,-2.479008913040161,,
25950,2.0199317932128906,0.135,-2.223395347595215,,
26000,1.033169150352478,0.1333333333333333,-1.837442398071289,,
26050,3.6366569995880127,0.1316666666666667,-2.2797703742980957,,
26100,4.6847100257873535,0.13,-1.9674137830734253,,
26150,2.1868956089019775,0.1283333333333333,-2.713099241256714,,
26200,2.6859753131866455,0.1266666666666667,-2.1783432960510254,,
26250,4.7623515129089355,0.125,-2.6851282119750977,,
26300,4.0590338706970215,0.1233333333333333,-2.0548763275146484,,
26350,3.460149049758911,0.1216666666666667,-1.5937801599502563,,
26400,1.2785896062850952,0.12,-2.6864852905273438,,
26450,1.3973644971847534,0.11833333333333329,-2.3345463275909424,,
26500,2.9779512882232666,0.1166666666666667,-1.808756947517395,,
26550,4.7761101722717285,0.11499999999999999,-1.5504714250564575,,
26600,7.228647708892822,0.11333333333333329,-2.240837812423706,,
26650,8.318739891052246,0.11166666666666669,-1.7842937707901,,
26700,4.268491268157959,0.10999999999999999,-1.4144028425216675,,
26750,5.086677074432373,0.10833333333333328,-3.4104690551757812,,
26800,5.805044651031494,0.10666666666666669,-2.834808349609375,,
26850,3.7535362243652344,0.10499999999999998,-3.078810691833496,,
26900,13.308558464050293,0.10333333333333339,-2.906461477279663,,
26950,0.9172177910804749,0.10166666666666668,-1.2093764543533325,,
27000,0.8587766289710999,0.09999999999999998,-2.3085684776306152,,
27050,4.75807523727417,0.09833333333333338,-1.6123013496398926,,
27100,3.7982866764068604,0.09666666666666668,-2.1217386722564697,,
27150,7.750669002532959,0.09499999999999997,-2.2227675914764404,,
27200,2.324052095413208,0.09333333333333338,-1.6279511451721191,,
27250,15.496874809265137,0.09166666666666667,-4.134204387664795,,
27300,6.811237812042236,0.08999999999999997,-2.463036298751831,,
27350,2.7958223819732666,0.08833333333333337,-2.0413763523101807,,
27400,5.2594218254089355,0.08666666666666667,-2.594092845916748,,
27450,1.3472450971603394,0.08499999999999996,-2.295811653137207,,
27500,1.5218901634216309,0.08333333333333337,-1.7506027221679688,,
27550,3.631349563598633,0.08166666666666667,-1.2804218530654907,,
27600,5.560997009277344,0.07999999999999996,-1.901387333869934,,
27650,1.8483672142028809,0.07833333333333337,-2.567390203475952,,
27700,3.037106513977051,0.07666666666666666,-2.857276678085327,,
27750,4.337194919586182,0.07499999999999996,-2.8063747882843018,,
27800,7.561883926391602,0.07333333333333336,-2.1031312942504883,,
27850,4.473272800445557,0.07166666666666666,-2.3111777305603027,,
27900,1.9711326360702515,0.06999999999999995,-1.1388646364212036,,
27950,1.7984141111373901,0.06833333333333336,-1.6521042585372925,,
28000,0.6623358130455017,0.06666666666666665,-2.1339385509490967,,
28050,0.7175245881080627,0.06499999999999995,-2.3922691345214844,,
28100,3.7487878799438477,0.06333333333333335,-2.688664674758911,,
28150,4.8556132316589355,0.06166666666666665,-2.321678400039673,,
28200,3.4016990661621094,0.06000000000000005,-2.2910473346710205,,
28250,3.3978936672210693,0.05833333333333335,-1.9721554517745972,,
28300,5.895726680755615,0.05666666666666664,-2.0409929752349854,,
28350,2.716433525085449,0.05500000000000005,-2.2995598316192627,,
28400,4.877702236175537,0.053333333333333344,-1.2876306772232056,,
28450,3.3585023880004883,0.05166666666666664,-2.4328677654266357,,
28500,0.6552461981773376,0.050000000000000044,-2.2935850620269775,,
28550,4.738521575927734,0.05,-2.1216654777526855,,
28600,2.2152228355407715,0.05,-1.2533615827560425,,
28650,3.306016683578491,0.05,-1.636353611946106,,
28700,0.9565191268920898,0.05,-1.9908089637756348,,
28750,5.632728099822998,0.05,-2.733355760574341,,
28800,5.076538562774658,0.05,-1.9344278573989868,,
28850,7.741981506347656,0.05,-2.6563515663146973,,
28900,3.203899383544922,0.05,-2.775740385055542,,
28950,11.065074920654297,0.05,-2.87219500541687,,
29000,3.3777847290039062,0.05,-1.399919033050537,,
29050,3.455064058303833,0.05,-3.47265625,,
29100,1.8458458185195923,0.05,-0.970806360244751,,
29150,5.901638031005859,0.05,-2.548421621322632,,
29200,2.978372573852539,0.05,-0.6731293797492981,,
29250,3.286128282546997,0.05,-1.484547734260559,,
29300,5.210029125213623,0.05,-2.784339666366577,,
29350,9.230170249938965,0.05,-1.6987104415893555,,
29400,9.99280834197998,0.05,-2.574875831604004,,
29450,4.696781158447266,0.05,-2.66372013092041,,
29500,2.047755002975464,0.05,-0.9665011763572693,,
29550,7.353054523468018,0.05,-2.734877586364746,,
29600,1.5451043844223022,0.05,-2.046170473098755,,
29650,4.967536449432373,0.05,-3.078004837036133,,
29700,0.7363014221191406,0.05,-1.7776966094970703,,
29750,2.2445690631866455,0.05,-3.5084187984466553,,
29800,4.10137939453125,0.05,-1.645042896270752,,
29850,4.298940181732178,0.05,-2.5973775386810303,,
29900,6.322204113006592,0.05,-3.0054171085357666,,
29950,1.9527369737625122,0.05,-1.956228256225586,,
30000,0.7001280784606934,0.05,-2.4491617679595947,,
30050,7.566490173339844,0.05,-4.05330753326416,,
30100,5.263518333435059,0.05,-2.0052380561828613,,
30150,8.76610279083252,0.05,-2.5653557777404785,,
30200,7.140331268310547,0.05,-2.407433032989502,,
30250,2.622743844985962,0.05,-2.5912868976593018,,
30300,4.542032718658447,0.05,-1.8651186227798462,,
30350,2.510340929031372,0.05,-2.2049551010131836,,
30400,4.313455104827881,0.05,-2.078845739364624,,
30450,4.426090717315674,0.05,-2.7301387786865234,,
30500,5.77938985824585,0.05,-1.847617506980896,,
30550,7.870140075683594,0.05,-2.3562190532684326,,
30600,3.427072763442993,0.05,-2.52770733833313,,
30650,2.5954458713531494,0.05,-2.933079957962036,,
30700,1.6313276290893555,0.05,-1.4725627899169922,,
30750,0.3397223949432373,0.05,-2.2962071895599365,,
30800,4.884109020233154,0.05,-1.2350244522094727,,
30850,2.6576623916625977,0.05,-1.1038821935653687,,
30900,3.2436764240264893,0.05,-1.6931606531143188,,
30950,8.045260429382324,0.05,-3.290411949157715,,
31000,4.6910881996154785,0.05,-2.4515068531036377,,
31050,5.84027624130249,0.05,-2.756654977798462,,
31100,1.326364517211914,0.05,-1.1463543176651,,
31150,5.024681091308594,0.05,-3.0774881839752197,,
31200,2.7895634174346924,0.05,-1.5550055503845215,,
31250,4.923627853393555,0.05,-2.327958106994629,,
31300,5.376637935638428,0.05,-2.5653934478759766,,
31350,13.906888008117676,0.05,-2.622612237930298,,
31400,12.395890235900879,0.05,-1.423732876777649,,
31450,2.7581281661987305,0.05,-3.24211049079895,,
31500,3.5693962574005127,0.05,-2.2805426120758057,,
31550,0.7739134430885315,0.05,-1.8066896200180054,,
31600,4.653182029724121,0.05,-1.2578548192977905,,
31650,0.9859004616737366,0.05,-2.1750681400299072,,
31700,11.068678855895996,0.05,-2.097219705581665,,
31750,4.277618408203125,0.05,-2.7502963542938232,,
31800,6.785678386688232,0.05,-2.2412526607513428,,
31850,3.658596992492676,0.05,-2.4861021041870117,,
31900,6.935637950897217,0.05,-2.8082664012908936,,
31950,25.175079345703125,0.05,-2.942469596862793,,
32000,1.2871373891830444,0.05,-2.414201498031616,,
32050,4.919299602508545,0.05,-1.875650405883789,,
32100,11.06093692779541,0.05,-3.0086917877197266,,
32150,2.2530601024627686,0.05,-2.940964698791504,,
32200,10.379780769348145,0.05,-4.368706226348877,,
32250,16.7501220703125,0.05,-4.006830215454102,,
32300,0.6674478650093079,0.05,-1.362565517425537,,
32350,11.22655963897705,0.05,-2.3092496395111084,,
32400,2.7153923511505127,0.05,-2.824968099594116,,
32450,12.418754577636719,0.05,-2.1080925464630127,,
32500,9.118762969970703,0.05,-2.820969581604004,,
32550,8.495662689208984,0.05,-3.1711368560791016,,
32600,5.742750644683838,0.05,-2.226905584335327,,
32650,9.955183982849121,0.05,-2.401944398880005,,
32700,8.49091625213623,0.05,-2.4027462005615234,,
32750,4.700257778167725,0.05,-2.0051965713500977,,
32800,6.893402099609375,0.05,-1.9406040906906128,,
32850,12.573029518127441,0.05,-3.2534303665161133,,
32900,7.761190414428711,0.05,-2.4754343032836914,,
32950,10.406258583068848,0.05,-2.7747116088867188,,
33000,2.259828805923462,0.05,-2.073796033859253,,
33050,0.4236798584461212,0.05,-1.279770016670227,,
33100,1.011294960975647,0.05,-0.6835550665855408,,
33150,7.820255279541016,0.05,-3.1238107681274414,,
33200,3.548855781555176,0.05,-1.5624457597732544,,
33250,10.453821182250977,0.05,-3.3791980743408203,,
33300,5.234658241271973,0.05,-1.7637730836868286,,
33350,6.037343978881836,0.05,-3.2713043689727783,,
33400,9.144689559936523,0.05,-2.618443727493286,,
33450,2.4413211345672607,0.05,-2.9289138317108154,,
33500,17.966379165649414,0.05,-3.3600285053253174,,
33550,11.56467056274414,0.05,-2.2857882976531982,,
33600,6.226456165313721,0.05,-2.7754929065704346,,
33650,11.567244529724121,0.05,-2.0462639331817627,,
33700,10.265924453735352,0.05,-3.9921047687530518,,
33750,14.24853515625,0.05,-4.265570163726807,,
33800,9.583755493164062,0.05,-3.3464744091033936,,
33850,10.708606719970703,0.05,-2.4014837741851807,,
33900,4.592367172241211,0.05,-1.858263373374939,,
33950,2.1456551551818848,0.05,-1.070837378501892,,
34000,5.299035549163818,0.05,-2.8645966053009033,,
34050,11.193142890930176,0.05,-2.8263559341430664,,
34100,5.95155668258667,0.05,-4.678992748260498,,
34150,3.7571334838867188,0.05,-2.3775479793548584,,
34200,9.254054069519043,0.05,-3.6304314136505127,,
34250,10.299470901489258,0.05,-2.264986515045166,,
34300,4.2795329093933105,0.05,-1.8629685640335083,,
34350,9.324981689453125,0.05,-3.852003812789917,,
34400,0.9072269797325134,0.05,-4.019301891326904,,
34450,1.9752713441848755,0.05,-2.667452096939087,,
34500,3.068402051925659,0.05,-2.9740965366363525,,
34550,16.754032135009766,0.05,-4.552613735198975,,
34600,16.807912826538086,0.05,-4.05806827545166,,
34650,8.23569393157959,0.05,-2.4724338054656982,,
34700,3.020899534225464,0.05,-1.5034364461898804,,
34750,7.343824863433838,0.05,-2.761443853378296,,
34800,5.848957061767578,0.05,-1.744749665260315,,
34850,0.7267752289772034,0.05,-0.7386719584465027,,
34900,2.7313101291656494,0.05,-2.3349761962890625,,
34950,1.35944402217865,0.05,-2.770785331726074,,
35000,9.305163383483887,0.05,-2.6276371479034424,,
35050,6.069505214691162,0.05,-3.7545158863067627,,
35100,1.9915136098861694,0.05,-2.242528200149536,,
35150,7.5766730308532715,0.05,-3.0170249938964844,,
35200,1.9195064306259155,0.05,-2.0491507053375244,,
35250,4.467086315155029,0.05,-4.038454532623291,,
35300,17.87244987487793,0.05,-3.612957000732422,,
35350,5.021892070770264,0.05,-1.4759888648986816,,
35400,15.957415580749512,0.05,-1.7389286756515503,,
35450,13.240012168884277,0.05,-2.698415994644165,,
35500,2.8719587326049805,0.05,-3.4127376079559326,,
35550,3.8260090351104736,0.05,-3.2920844554901123,,
35600,3.030054807662964,0.05,-3.1792843341827393,,
35650,11.495942115783691,0.05,-2.8990983963012695,,
35700,1.6165742874145508,0.05,-3.027211904525757,,
35750,4.468072414398193,0.05,-2.7090415954589844,,
35800,4.592889308929443,0.05,-1.8973115682601929,,
35850,2.607726812362671,0.05,-3.572420835494995,,
35900,2.722752809524536,0.05,-2.83954119682312,,
35950,7.891598224639893,0.05,-3.193293809890747,,
36000,3.6924190521240234,0.05,-1.2417659759521484,,
36050,10.785751342773438,0.05,-2.38562273979187,,
36100,10.432782173156738,0.05,-2.6361262798309326,,
36150,0.3062507212162018,0.05,-0.9684926867485046,,
36200,18.659059524536133,0.05,-3.6949033737182617,,
36250,4.378963947296143,0.05,-0.9758313298225403,,
36300,7.206380367279053,0.05,-3.028505325317383,,
36350,3.528428077697754,0.05,-3.4075632095336914,,
36400,8.719642639160156,0.05,-2.5701839923858643,,
36450,6.897048473358154,0.05,-3.367173433303833,,
36500,1.6510357856750488,0.05,-1.890494465827942,,
36550,6.58786153793335,0.05,-2.462773323059082,,
36600,1.5899043083190918,0.05,-3.5020225048065186,,
36650,2.8295021057128906,0.05,-1.0885703563690186,,
36700,5.8349127769470215,0.05,-4.661567687988281,,
36750,9.371739387512207,0.05,-2.7251136302948,,
36800,4.257099628448486,0.05,-1.664169430732727,,
36850,16.172548294067383,0.05,-1.9928312301635742,,
36900,4.18611478805542,0.05,-3.1082630157470703,,
36950,7.393487930297852,0.05,-1.262274146080017,,
37000,8.219922065734863,0.05,-2.6813790798187256,,
37050,10.346348762512207,0.05,-2.766256093978882,,
37100,2.574014186859131,0.05,-1.374963402748108,,
37150,20.06396484375,0.05,-4.040849685668945,,
37200,5.59912633895874,0.05,-2.4932632446289062,,
37250,14.507275581359863,0.05,-2.813467264175415,,
37300,0.6353785395622253,0.05,-1.2717597484588623,,
37350,1.7447868585586548,0.05,-3.894963264465332,,
37400,7.195501804351807,0.05,-1.3931035995483398,,
37450,1.135040044784546,0.05,-1.7302080392837524,,
37500,2.644489288330078,0.05,-3.252781867980957,,
37550,0.5131087303161621,0.05,-1.1319913864135742,,
37600,4.364673137664795,0.05,-3.632499933242798,,
37650,3.783822774887085,0.05,-1.682228684425354,,
37700,4.154686450958252,0.05,-2.6606202125549316,,
37750,3.577899694442749,0.05,-2.401893377304077,,
37800,11.266471862792969,0.05,-3.0643739700317383,,
37850,3.7375428676605225,0.05,-2.7197017669677734,,
37900,1.7720799446105957,0.05,-1.7609742879867554,,
37950,2.6103296279907227,0.05,-1.2551801204681396,,
38000,0.7418889403343201,0.05,-2.1603281497955322,,
38050,5.799091339111328,0.05,-2.3194358348846436,,
38100,24.10516357421875,0.05,-4.123450756072998,,
38150,6.853147506713867,0.05,-1.7619404792785645,,
38200,10.805842399597168,0.05,-2.501713991165161,,
38250,0.9194485545158386,0.05,-1.5319854021072388,,
38300,14.73892593383789,0.05,-3.6619760990142822,,
38350,2.0337307453155518,0.05,-2.702694892883301,,
38400,4.959142684936523,0.05,-2.506272554397583,,
38450,9.60338306427002,0.05,-2.302053689956665,,
38500,5.318819522857666,0.05,-3.0599746704101562,,
38550,8.149186134338379,0.05,-2.8995516300201416,,
38600,0.696450412273407,0.05,-2.2852942943573,,
38650,5.779541015625,0.05,-2.7815678119659424,,
38700,11.94206714630127,0.05,-2.8159236907958984,,
38750,1.5883539915084839,0.05,-2.245378255844116,,
38800,7.925924777984619,0.05,-3.247368574142456,,
38850,2.641950845718384,0.05,-1.7958970069885254,,
38900,0.9545943737030029,0.05,-1.4544572830200195,,
38950,5.153247833251953,0.05,-2.7522096633911133,,
39000,0.7811830043792725,0.05,-1.8398164510726929,,
39050,5.232431888580322,0.05,-2.776268243789673,,
39100,2.497692346572876,0.05,-3.817784547805786,,
39150,9.423888206481934,0.05,-2.6427814960479736,,
39200,12.028721809387207,0.05,-2.679929733276367,,
39250,4.761345863342285,0.05,-2.666842222213745,,
39300,2.542292833328247,0.05,-3.2533657550811768,,
39350,6.777225971221924,0.05,-2.2993321418762207,,
39400,5.550485134124756,0.05,-2.4918212890625,,
39450,9.298771858215332,0.05,-3.303370237350464,,
39500,4.6789164543151855,0.05,-1.2863436937332153,,
39550,1.0184497833251953,0.05,-1.6906136274337769,,
39600,6.136354446411133,0.05,-2.318781852722168,,
39650,4.6964616775512695,0.05,-1.5435103178024292,,
39700,8.545116424560547,0.05,-1.9539494514465332,,
39750,1.7821245193481445,0.05,-2.053349018096924,,
39800,1.857998013496399,0.05,-1.5132298469543457,,
39850,2.8654472827911377,0.05,-2.502106189727783,,
39900,6.30147123336792,0.05,-2.872178792953491,,
39950,4.76649808883667,0.05,-1.9504417181015015,,
40000,0.7373376488685608,0.05,-1.3842034339904785,,
40050,8.055500984191895,0.05,-1.6169419288635254,,
40100,6.903292179107666,0.05,-2.8173654079437256,,
40150,8.314496040344238,0.05,-1.608925223350525,,
40200,0.7685073018074036,0.05,-1.4636129140853882,,
40250,7.86753511428833,0.05,-2.2915096282958984,,
40300,5.766952991485596,0.05,-2.5913617610931396,,
40350,9.420655250549316,0.05,-1.8021761178970337,,
40400,2.7867345809936523,0.05,-1.485802173614502,,
40450,5.634195804595947,0.05,-2.483593702316284,,
40500,7.1144561767578125,0.05,-2.3742854595184326,,
40550,9.761738777160645,0.05,-3.9118640422821045,,
40600,2.8694000244140625,0.05,-2.6077730655670166,,
40650,1.0105615854263306,0.05,-1.681087613105774,,
40700,0.5176228284835815,0.05,-1.426407814025879,,
40750,7.356629848480225,0.05,-1.9968414306640625,,
40800,0.9404091835021973,0.05,-3.1050589084625244,,
40850,4.053914546966553,0.05,-2.531928300857544,,
40900,8.127041816711426,0.05,-4.757218837738037,,
40950,2.8954546451568604,0.05,-3.5483334064483643,,
41000,7.7349090576171875,0.05,-2.8104827404022217,,
41050,9.99250316619873,0.05,-1.4980119466781616,,
41100,3.0196895599365234,0.05,-1.436956763267517,,
41150,0.49546194076538086,0.05,-1.5041412115097046,,
41200,6.8437371253967285,0.05,-1.7485049962997437,,
41250,4.3934712409973145,0.05,-2.0691986083984375,,
41300,2.9484951496124268,0.05,-1.639852523803711,,
41350,0.3073446750640869,0.05,-1.530849814414978,,
41400,3.063283920288086,0.05,-1.625867486000061,,
41450,4.970432281494141,0.05,-1.5498229265213013,,
41500,1.3893996477127075,0.05,-2.343496561050415,,
41550,3.0975182056427,0.05,-1.8785356283187866,,
41600,5.360047817230225,0.05,-1.775978922843933,,
41650,3.7964236736297607,0.05,-2.1805970668792725,,
41700,2.948784828186035,0.05,-1.329361081123352,,
41750,5.998292446136475,0.05,-1.7384681701660156,,
41800,2.318831205368042,0.05,-2.035053014755249,,
41850,2.396965742111206,0.05,-1.8062068223953247,,
41900,5.580024719238281,0.05,-3.547811508178711,,
41950,2.99021315574646,0.05,-1.8741626739501953,,
42000,3.9781227111816406,0.05,-2.4180309772491455,,
42050,2.4889016151428223,0.05,-1.9034833908081055,,
42100,4.313063144683838,0.05,-1.340728759765625,,
42150,5.048936367034912,0.05,-2.5992047786712646,,
42200,0.5270540714263916,0.05,-1.4459999799728394,,
42250,5.827669143676758,0.05,-1.8724794387817383,,
42300,2.6994097232818604,0.05,-1.4745618104934692,,
42350,6.096068859100342,0.05,-1.3205140829086304,,
42400,1.3444713354110718,0.05,-3.431541681289673,,
42450,2.0650012493133545,0.05,-1.8168739080429077,,
42500,4.004538536071777,0.05,-1.8253040313720703,,
42550,0.7312211990356445,0.05,-1.6304656267166138,,
42600,6.687694072723389,0.05,-2.539783239364624,,
42650,4.718327045440674,0.05,-2.6166298389434814,,
42700,1.6802353858947754,0.05,-2.3874995708465576,,
42750,11.152557373046875,0.05,-2.682084798812866,,
42800,3.648958921432495,0.05,-2.1437721252441406,,
42850,4.264898777008057,0.05,-3.2118844985961914,,
42900,2.6256558895111084,0.05,-3.308034896850586,,
42950,1.4081354141235352,0.05,-1.817750334739685,,
43000,2.159148931503296,0.05,-1.3435806035995483,,
43050,9.201489448547363,0.05,-1.454263687133789,,
43100,5.951317310333252,0.05,-3.703843355178833,,
43150,9.913195610046387,0.05,-2.441229820251465,,
43200,5.679952144622803,0.05,-2.628495454788208,,
43250,5.040071964263916,0.05,-2.4154231548309326,,
43300,0.5781594514846802,0.05,-1.599153995513916,,
43350,4.720462322235107,0.05,-2.935103178024292,,
43400,7.382440090179443,0.05,-2.85172176361084,,
43450,4.387989521026611,0.05,-2.038701295852661,,
43500,2.9532630443573,0.05,-3.242431879043579,,
43550,1.2876642942428589,0.05,-2.390033721923828,,
43600,5.929954528808594,0.05,-4.345622539520264,,
43650,0.7901127934455872,0.05,-2.495152235031128,,
43700,4.703896522521973,0.05,-1.9197813272476196,,
43750,3.888483762741089,0.05,-2.6995153427124023,,
43800,2.409097909927368,0.05,-2.270096778869629,,
43850,6.596818447113037,0.05,-3.3948285579681396,,
43900,4.82562780380249,0.05,-3.509119749069214,,
43950,0.7946826815605164,0.05,-2.5654258728027344,,
44000,7.325246334075928,0.05,-3.2728757858276367,,
44050,4.850606918334961,0.05,-2.939411163330078,,
44100,2.1557748317718506,0.05,-3.1437370777130127,,
44150,10.715755462646484,0.05,-4.179996967315674,,
44200,2.3681721687316895,0.05,-1.4286953210830688,,
44250,10.071335792541504,0.05,-4.502086162567139,,
44300,5.256572246551514,0.05,-3.076662063598633,,
44350,4.150064468383789,0.05,-3.5438249111175537,,
44400,3.1798017024993896,0.05,-2.396094560623169,,
44450,8.004137992858887,0.05,-3.2249667644500732,,
44500,3.6178176403045654,0.05,-2.2841570377349854,,
44550,6.305844783782959,0.05,-2.0708024501800537,,
44600,6.470405101776123,0.05,-2.8150970935821533,,
44650,1.4456249475479126,0.05,-3.221003770828247,,
44700,1.4820036888122559,0.05,-2.2572858333587646,,
44750,12.153559684753418,0.05,-4.629575729370117,,
44800,8.616189956665039,0.05,-2.7252981662750244,,
44850,2.7796733379364014,0.05,-2.4766123294830322,,
44900,5.16534423828125,0.05,-2.3561856746673584,,
44950,1.7174464464187622,0.05,-3.0850963592529297,,
45000,6.611362934112549,0.05,-2.3736274242401123,,
45050,0.5494335293769836,0.05,-2.140737295150757,,
45100,6.752038478851318,0.05,-2.1490492820739746,,
45150,3.225842237472534,0.05,-1.8846842050552368,,
45200,7.256258487701416,0.05,-2.81915020942688,,
45250,1.9974597692489624,0.05,-2.5538504123687744,,
45300,6.936887264251709,0.05,-3.0652620792388916,,
45350,3.7545325756073,0.05,-1.9674535989761353,,
45400,2.451415777206421,0.05,-2.0112125873565674,,
45450,1.2903825044631958,0.05,-2.6843554973602295,,
45500,9.363493919372559,0.05,-3.0100924968719482,,
45550,3.3726377487182617,0.05,-2.342198610305786,,
45600,3.1398255825042725,0.05,-2.356773614883423,,
45650,0.9314201474189758,0.05,-2.418731212615967,,
45700,5.550558090209961,0.05,-3.1648366451263428,,
45750,9.613492012023926,0.05,-3.0844461917877197,,
45800,4.322240352630615,0.05,-1.3291844129562378,,
45850,3.208770990371704,0.05,-1.6971015930175781,,
45900,6.398715972900391,0.05,-2.7394769191741943,,
45950,10.862536430358887,0.05,-2.6725780963897705,,
46000,4.23332405090332,0.05,-2.994361162185669,,
46050,0.8646958470344543,0.05,-1.4659489393234253,,
46100,0.4228331744670868,0.05,-2.2547552585601807,,
46150,1.9664336442947388,0.05,-1.9409502744674683,,
46200,0.7628629803657532,0.05,-2.6638669967651367,,
46250,4.653197288513184,0.05,-3.1989657878875732,,
46300,1.0980061292648315,0.05,-3.091092824935913,,
46350,5.1026611328125,0.05,-2.602095365524292,,
46400,2.309183120727539,0.05,-3.4802169799804688,,
46450,1.535125732421875,0.05,-1.7388018369674683,,
46500,11.749939918518066,0.05,-3.1861236095428467,,
46550,6.164867401123047,0.05,-3.136561155319214,,
46600,2.561429023742676,0.05,-2.1576578617095947,,
46650,2.5155107975006104,0.05,-2.5708587169647217,,
46700,4.73751163482666,0.05,-3.978548049926758,,
46750,6.929187774658203,0.05,-2.9888546466827393,,
46800,5.041012287139893,0.05,-4.4274678230285645,,
46850,5.753772735595703,0.05,-2.536109209060669,,
46900,5.210139751434326,0.05,-2.1228621006011963,,
46950,6.8043599128723145,0.05,-2.127605676651001,,
47000,6.179314136505127,0.05,-3.766751527786255,,
47050,6.0048651695251465,0.05,-2.9671061038970947,,
47100,3.3677613735198975,0.05,-3.7800047397613525,,
47150,10.955364227294922,0.05,-2.7113656997680664,,
47200,5.056260108947754,0.05,-2.851458787918091,,
47250,11.741272926330566,0.05,-3.8098623752593994,,
47300,8.46231746673584,0.05,-1.1274102926254272,,
47350,1.686949372291565,0.05,-2.6612253189086914,,
47400,10.226533889770508,0.05,-4.200835704803467,,
47450,15.418871879577637,0.05,-3.992854356765747,,
47500,5.760457992553711,0.05,-3.830411195755005,,
47550,0.5765312314033508,0.05,-3.113959312438965,,
47600,11.639260292053223,0.05,-1.8884588479995728,,
47650,3.1981537342071533,0.05,-5.739537715911865,,
47700,10.937451362609863,0.05,-3.3456737995147705,,
47750,3.819934129714966,0.05,-3.6922550201416016,,
47800,8.893782615661621,0.05,-4.14532470703125,,
47850,2.105313539505005,0.05,-3.2895381450653076,,
47900,3.770172119140625,0.05,-1.9865069389343262,,
47950,1.7414337396621704,0.05,-2.6279757022857666,,
48000,5.3305583000183105,0.05,-3.0369129180908203,,
48050,2.6505653858184814,0.05,-3.9999663829803467,,
48100,1.1453287601470947,0.05,-2.215630531311035,,
48150,8.581805229187012,0.05,-1.6104844808578491,,
48200,6.767238140106201,0.05,-1.7024203538894653,,
48250,10.940035820007324,0.05,-2.670201063156128,,
48300,9.198382377624512,0.05,-2.959488868713379,,
48350,11.246463775634766,0.05,-3.0625202655792236,,
48400,0.3078959882259369,0.05,-1.6300864219665527,,
48450,2.8298327922821045,0.05,-2.114410161972046,,
48500,11.15051555633545,0.05,-3.4162046909332275,,
48550,0.7222795486450195,0.05,-2.416372060775757,,
48600,3.3845951557159424,0.05,-3.09834361076355,,
48650,0.5653367042541504,0.05,-2.973247528076172,,
48700,2.044358015060425,0.05,-3.2300422191619873,,
48750,0.5578252077102661,0.05,-3.2112224102020264,,
48800,6.47296667098999,0.05,-4.059473037719727,,
48850,3.970015287399292,0.05,-2.9982337951660156,,
48900,9.013306617736816,0.05,-1.7131093740463257,,
48950,0.6015854477882385,0.05,-3.149550437927246,,
49000,15.166939735412598,0.05,-2.653517723083496,,
49050,3.080899477005005,0.05,-3.747744560241699,,
49100,3.5915181636810303,0.05,-3.9908926486968994,,
49150,5.791286468505859,0.05,-2.9778716564178467,,
49200,2.567406415939331,0.05,-2.965805768966675,,
49250,5.182130336761475,0.05,-3.7235963344573975,,
49300,0.6782392859458923,0.05,-2.7904202938079834,,
49350,9.746564865112305,0.05,-3.3371336460113525,,
49400,1.9654040336608887,0.05,-1.7811943292617798,,
49450,6.496463298797607,0.05,-2.6858415603637695,,
49500,11.545387268066406,0.05,-3.248539686203003,,
49550,1.3484512567520142,0.05,-2.6555497646331787,,
49600,10.191679954528809,0.05,-3.484637975692749,,
49650,23.2646484375,0.05,-5.6304850578308105,,
49700,0.9254977703094482,0.05,-3.90206241607666,,
49750,17.012880325317383,0.05,-5.029384136199951,,
49800,1.4832963943481445,0.05,-2.441704034805298,,
49850,17.562856674194336,0.05,-4.962930202484131,,
49900,8.707921981811523,0.05,-2.6634249687194824,,
49950,10.194449424743652,0.05,-3.0543432235717773,,
50000,1.6585259437561035,0.05,-4.335596561431885,-0.6068726987114523,36.8
50050,15.243060111999512,0.05,-5.690412521362305,,
50100,5.535232067108154,0.05,-3.7854232788085938,,
50150,7.56205940246582,0.05,-3.2518980503082275,,
50200,4.261438369750977,0.05,-3.886617660522461,,
50250,0.5525111556053162,0.05,-3.1881444454193115,,
50300,20.817537307739258,0.05,-5.3195109367370605,,
50350,15.3309965133667,0.05,-4.1530938148498535,,
50400,12.027644157409668,0.05,-4.320593357086182,,
50450,9.252487182617188,0.05,-5.42894172668457,,
50500,9.85888671875,0.05,-5.616029262542725,,
50550,3.430304765701294,0.05,-3.7676830291748047,,
50600,4.157362461090088,0.05,-2.993914842605591,,
50650,5.878903865814209,0.05,-2.964139938354492,,
50700,10.982813835144043,0.05,-2.823564291000366,,
50750,7.489854335784912,0.05,-3.596935510635376,,
50800,5.149205684661865,0.05,-4.3055009841918945,,
50850,8.73348331451416,0.05,-3.528658866882324,,
50900,3.8403234481811523,0.05,-2.564666509628296,,
50950,3.7421834468841553,0.05,-3.6997010707855225,,
51000,8.355658531188965,0.05,-3.8602802753448486,,
51050,9.707169532775879,0.05,-5.5614914894104,,
51100,0.6174134016036987,0.05,-2.561548948287964,,
51150,16.477846145629883,0.05,-4.705447196960449,,
51200,3.313993453979492,0.05,-2.42621111869812,,
51250,3.2804460525512695,0.05,-4.218541622161865,,
51300,2.8177690505981445,0.05,-4.374082088470459,,
51350,11.3277006149292,0.05,-3.971874952316284,,
51400,4.942140102386475,0.05,-2.9546966552734375,,
51450,2.648463010787964,0.05,-4.425871849060059,,
51500,9.388154029846191,0.05,-3.86775279045105,,
51550,7.470335483551025,0.05,-4.1383891105651855,,
51600,6.398157596588135,0.05,-4.853792667388916,,
51650,5.391145706176758,0.05,-4.146967887878418,,
51700,8.925680160522461,0.05,-3.5096747875213623,,
51750,1.5903149843215942,0.05,-3.4428904056549072,,
51800,1.9660701751708984,0.05,-3.372016668319702,,
51850,5.468502044677734,0.05,-2.999458074569702,,
51900,3.3342010974884033,0.05,-3.7438440322875977,,
51950,0.29165926575660706,0.05,-3.3005733489990234,,
52000,15.022719383239746,0.05,-4.350565433502197,,
52050,0.33863675594329834,0.05,-2.72088360786438,,
52100,11.223816871643066,0.05,-5.111005783081055,,
52150,8.559401512145996,0.05,-3.968899965286255,,
52200,10.470199584960938,0.05,-3.6892454624176025,,
52250,3.811781883239746,0.05,-3.931633710861206,,
52300,1.7422971725463867,0.05,-4.1408467292785645,,
52350,8.2572603225708,0.05,-3.405230760574341,,
52400,8.642569541931152,0.05,-4.263092994689941,,
52450,8.779474258422852,0.05,-4.672741889953613,,
52500,6.605056285858154,0.05,-3.8672428131103516,,
52550,3.4215352535247803,0.05,-2.792107582092285,,
52600,7.224821090698242,0.05,-3.074082136154175,,
52650,10.442586898803711,0.05,-3.554743528366089,,
52700,5.051093578338623,0.05,-3.64082407951355,,
52750,12.300278663635254,0.05,-5.36799430847168,,
52800,8.306586265563965,0.05,-3.2693278789520264,,
52850,4.925352573394775,0.05,-3.3821029663085938,,
52900,4.625796794891357,0.05,-4.276898384094238,,
52950,1.1261314153671265,0.05,-3.052165985107422,,
53000,8.119956016540527,0.05,-2.9276418685913086,,
53050,7.613687515258789,0.05,-3.3551981449127197,,
53100,8.270103454589844,0.05,-2.8393802642822266,,
53150,3.0092172622680664,0.05,-2.320650815963745,,
53200,3.467358350753784,0.05,-3.9534566402435303,,
53250,1.1856929063796997,0.05,-3.9003918170928955,,
53300,7.057878017425537,0.05,-4.188662052154541,,
53350,1.987153172492981,0.05,-3.5081539154052734,,
53400,5.030625820159912,0.05,-3.5620338916778564,,
53450,2.559325695037842,0.05,-3.774747133255005,,
53500,11.519347190856934,0.05,-4.039012432098389,,
53550,3.938333511352539,0.05,-3.1898443698883057,,
53600,7.4716267585754395,0.05,-3.8119723796844482,,
53650,10.728408813476562,0.05,-4.258105278015137,,
53700,15.986674308776855,0.05,-3.77142596244812,,
53750,1.1964031457901,0.05,-3.1326000690460205,,
53800,7.939608097076416,0.05,-3.139423370361328,,
53850,0.5889537930488586,0.05,-2.9302453994750977,,
53900,2.097398519515991,0.05,-2.986468553543091,,
53950,3.3586318492889404,0.05,-2.9275293350219727,,
54000,7.214980602264404,0.05,-4.091796875,,
54050,10.15029239654541,0.05,-3.144775390625,,
54100,19.96750831604004,0.05,-2.5889997482299805,,
54150,12.718096733093262,0.05,-4.6836419105529785,,
54200,1.7593694925308228,0.05,-3.1103498935699463,,
54250,16.967647552490234,0.05,-3.707486391067505,,
54300,14.377925872802734,0.05,-3.6113998889923096,,
54350,4.6751203536987305,0.05,-3.8584249019622803,,
54400,13.811644554138184,0.05,-3.20627498626709,,
54450,0.6068646907806396,0.05,-2.9559009075164795,,
54500,10.506326675415039,0.05,-3.38698673248291,,
54550,7.203929901123047,0.05,-3.979355812072754,,
54600,20.04545783996582,0.05,-3.279433488845825,,
54650,3.5659987926483154,0.05,-3.8553428649902344,,
54700,3.2709014415740967,0.05,-2.8627383708953857,,
54750,8.383390426635742,0.05,-3.477630376815796,,
54800,7.793769836425781,0.05,-4.849033355712891,,
54850,6.794424057006836,0.05,-4.981773853302002,,
54900,4.883368968963623,0.05,-3.811656951904297,,
54950,1.5655580759048462,0.05,-3.5407931804656982,,
55000,19.040220260620117,0.05,-3.2444169521331787,,
55050,9.054448127746582,0.05,-3.4050960540771484,,
55100,19.970600128173828,0.05,-3.599249839782715,,
55150,2.773113965988159,0.05,-3.0831823348999023,,
55200,7.586944580078125,0.05,-4.0477471351623535,,
55250,5.668528079986572,0.05,-4.4837799072265625,,
55300,0.6625983715057373,0.05,-3.124737024307251,,
55350,8.23499584197998,0.05,-4.636020183563232,,
55400,13.5220947265625,0.05,-3.7450010776519775,,
55450,1.419650673866272,0.05,-3.078714370727539,,
55500,8.9865083694458,0.05,-3.5703933238983154,,
55550,10.99990463256836,0.05,-2.83412766456604,,
55600,11.32105541229248,0.05,-4.826394557952881,,
55650,6.856853485107422,0.05,-3.893463373184204,,
55700,14.941554069519043,0.05,-5.196383476257324,,
55750,5.857304096221924,0.05,-5.908487319946289,,
55800,1.1055727005004883,0.05,-3.352937698364258,,
55850,1.5763145685195923,0.05,-3.4127566814422607,,
55900,5.784173965454102,0.05,-4.051551342010498,,
55950,1.03813898563385,0.05,-4.2344183921813965,,
56000,4.658055782318115,0.05,-3.317056655883789,,
56050,3.4628095626831055,0.05,-4.112075328826904,,
56100,4.544043064117432,0.05,-4.396244525909424,,
56150,13.7908353805542,0.05,-5.335002899169922,,
56200,0.9645304083824158,0.05,-3.1768720149993896,,
56250,15.178481101989746,0.05,-3.138629913330078,,
56300,3.347606658935547,0.05,-3.6232616901397705,,
56350,12.10351276397705,0.05,-4.529483318328857,,
56400,1.478067398071289,0.05,-3.448049306869507,,
56450,9.11976432800293,0.05,-3.6010007858276367,,
56500,3.675429344177246,0.05,-4.703823089599609,,
56550,12.95195484161377,0.05,-4.076694965362549,,
56600,6.014044284820557,0.05,-3.6047117710113525,,
56650,0.5017643570899963,0.05,-3.236025810241699,,
56700,5.913941860198975,0.05,-3.687159776687622,,
56750,5.934412002563477,0.05,-2.8849270343780518,,
56800,6.616474628448486,0.05,-4.938815593719482,,
56850,1.4554771184921265,0.05,-3.0797111988067627,,
56900,8.307291984558105,0.05,-3.422945261001587,,
56950,1.5052329301834106,0.05,-4.538733959197998,,
57000,0.4841517508029938,0.05,-3.7957496643066406,,
57050,16.1053409576416,0.05,-3.9935929775238037,,
57100,3.1241323947906494,0.05,-2.779350519180298,,
57150,8.149266242980957,0.05,-4.018223285675049,,
57200,11.852806091308594,0.05,-5.691226959228516,,
57250,10.289093971252441,0.05,-5.5215840339660645,,
57300,10.57412338256836,0.05,-4.419677257537842,,
57350,13.6022310256958,0.05,-4.522095203399658,,
57400,9.42453384399414,0.05,-5.638206481933594,,
57450,8.082144737243652,0.05,-4.2603302001953125,,
57500,5.043116569519043,0.05,-5.069966793060303,,
57550,16.040321350097656,0.05,-4.123604774475098,,
57600,5.082126140594482,0.05,-2.3828444480895996,,
57650,1.6165753602981567,0.05,-3.1383254528045654,,
57700,10.128914833068848,0.05,-3.5143215656280518,,
57750,7.072495937347412,0.05,-4.588068962097168,,
57800,12.221003532409668,0.05,-5.20412540435791,,
57850,7.792479038238525,0.05,-4.957752704620361,,
57900,11.367716789245605,0.05,-5.604248046875,,
57950,2.865480661392212,0.05,-3.3384101390838623,,
58000,8.742403984069824,0.05,-6.063709735870361,,
58050,5.58555269241333,0.05,-5.092566013336182,,
58100,15.000179290771484,0.05,-4.2410078048706055,,
58150,1.2146859169006348,0.05,-3.775009870529175,,
58200,7.952547550201416,0.05,-4.8234429359436035,,
58250,13.0289888381958,0.05,-4.411098480224609,,
58300,0.8785380721092224,0.05,-3.488919496536255,,
58350,17.64531135559082,0.05,-5.887880802154541,,
58400,7.861358642578125,0.05,-3.539484739303589,,
58450,5.050825595855713,0.05,-4.7604546546936035,,
58500,4.891302585601807,0.05,-3.2212722301483154,,
58550,4.167175769805908,0.05,-3.9538872241973877,,
58600,10.60351848602295,0.05,-5.197958469390869,,
58650,26.109893798828125,0.05,-5.07529878616333,,
58700,3.3056583404541016,0.05,-3.2973921298980713,,
58750,4.299045085906982,0.05,-4.884191989898682,,
58800,6.959414005279541,0.05,-4.447617053985596,,
58850,19.97657585144043,0.05,-5.242900371551514,,
58900,0.7802116870880127,0.05,-5.009410381317139,,
58950,4.565321445465088,0.05,-4.475020408630371,,
59000,3.4021823406219482,0.05,-4.483593463897705,,
59050,9.229049682617188,0.05,-4.638335704803467,,
59100,5.497943878173828,0.05,-4.234825611114502,,
59150,3.009230852127075,0.05,-3.726146697998047,,
59200,4.112964630126953,0.05,-3.8929786682128906,,
59250,5.080114364624023,0.05,-3.653157949447632,,
59300,12.517417907714844,0.05,-4.629560947418213,,
59350,19.256277084350586,0.05,-3.143739938735962,,
59400,1.244661808013916,0.05,-3.183288335800171,,
59450,14.872554779052734,0.05,-3.9300687313079834,,
59500,0.5360223054885864,0.05,-3.4681074619293213,,
59550,0.9514815807342529,0.05,-5.240386486053467,,
59600,4.078683376312256,0.05,-4.800681114196777,,
59650,5.281485557556152,0.05,-3.9057226181030273,,
59700,7.933028697967529,0.05,-3.5310237407684326,,
59750,1.3684550523757935,0.05,-3.634983777999878,,
59800,2.742966890335083,0.05,-4.076796054840088,,
59850,11.544055938720703,0.05,-4.712568759918213,,
59900,18.32109260559082,0.05,-5.880718231201172,,
59950,4.018948078155518,0.05,-3.273440361022949,,
60000,7.013566970825195,0.05,-4.0622687339782715,,
60050,9.047463417053223,0.05,-3.042250871658325,,
60100,5.828202724456787,0.05,-4.907917499542236,,
60150,14.84947681427002,0.05,-5.796972751617432,,
60200,11.018092155456543,0.05,-4.426086902618408,,
60250,11.590903282165527,0.05,-4.7678542137146,,
60300,16.747854232788086,0.05,-4.318209648132324,,
60350,1.9440008401870728,0.05,-4.382442951202393,,
60400,12.937549591064453,0.05,-4.950786113739014,,
60450,5.146662712097168,0.05,-3.1554877758026123,,
60500,1.7285442352294922,0.05,-4.112544536590576,,
60550,10.895747184753418,0.05,-3.703540086746216,,
60600,0.6392562985420227,0.05,-3.347745180130005,,
60650,4.944665908813477,0.05,-4.506298065185547,,
60700,6.971578121185303,0.05,-3.0170669555664062,,
60750,15.80616283416748,0.05,-4.013153076171875,,
60800,1.6263936758041382,0.05,-3.7191944122314453,,
60850,1.6425327062606812,0.05,-5.0021843910217285,,
60900,0.4173111915588379,0.05,-2.897226572036743,,
60950,15.713462829589844,0.05,-3.630488634109497,,
61000,12.456023216247559,0.05,-3.439943552017212,,
61050,13.156466484069824,0.05,-3.817992925643921,,
61100,6.956876754760742,0.05,-2.8305346965789795,,
61150,15.935128211975098,0.05,-5.683934688568115,,
61200,2.46637225151062,0.05,-3.8681399822235107,,
61250,4.843530178070068,0.05,-3.0304148197174072,,
61300,19.606367111206055,0.05,-3.5021896362304688,,
61350,4.4897942543029785,0.05,-4.049997329711914,,
61400,1.3362430334091187,0.05,-3.447800874710083,,
61450,10.91504192352295,0.05,-2.7300033569335938,,
61500,2.9159834384918213,0.05,-3.818706750869751,,
61550,0.7463496327400208,0.05,-2.5228168964385986,,
61600,8.877204895019531,0.05,-3.499821662902832,,
61650,7.301204681396484,0.05,-3.3951046466827393,,
61700,0.970477283000946,0.05,-3.4971940517425537,,
61750,5.807682037353516,0.05,-3.5939385890960693,,
61800,0.6711187362670898,0.05,-2.7264788150787354,,
61850,5.940983295440674,0.05,-4.563014030456543,,
61900,1.5668373107910156,0.05,-3.4058780670166016,,
61950,16.51287078857422,0.05,-5.882680892944336,,
62000,12.0136137008667,0.05,-4.0373125076293945,,
62050,4.479176044464111,0.05,-2.791515588760376,,
62100,9.601806640625,0.05,-4.638669490814209,,
62150,10.320695877075195,0.05,-3.8873775005340576,,
62200,0.6263576149940491,0.05,-3.258519172668457,,
62250,8.844799995422363,0.05,-3.482426881790161,,
62300,4.498446941375732,0.05,-3.8013899326324463,,
62350,1.8517545461654663,0.05,-3.5975639820098877,,
62400,2.3199901580810547,0.05,-3.8095321655273438,,
62450,2.2812068462371826,0.05,-3.7527854442596436,,
62500,4.683035850524902,0.05,-3.870854616165161,,
62550,8.404459953308105,0.05,-4.1013102531433105,,
62600,2.353912830352783,0.05,-3.283132553100586,,
62650,6.247402191162109,0.05,-4.642313003540039,,
62700,12.375969886779785,0.05,-5.071500301361084,,
62750,15.44981861114502,0.05,-4.366522312164307,,
62800,8.543988227844238,0.05,-3.46054744720459,,
62850,0.3314342498779297,0.05,-3.3069026470184326,,
62900,7.36134147644043,0.05,-4.908243656158447,,
62950,5.421988010406494,0.05,-2.7045459747314453,,
63000,0.5896252393722534,0.05,-4.198523044586182,,
63050,2.4648125171661377,0.05,-3.8698532581329346,,
63100,4.353766918182373,0.05,-4.088898181915283,,
63150,4.516127109527588,0.05,-4.552459716796875,,
63200,4.536109447479248,0.05,-2.9567253589630127,,
63250,6.044652462005615,0.05,-3.6954784393310547,,
63300,18.840673446655273,0.05,-5.321056365966797,,
63350,9.814478874206543,0.05,-4.114657878875732,,
63400,6.677783489227295,0.05,-4.7493205070495605,,
63450,8.144553184509277,0.05,-3.386723756790161,,
63500,6.7278523445129395,0.05,-4.463630199432373,,
63550,4.015186786651611,0.05,-2.9265124797821045,,
63600,6.122996807098389,0.05,-4.090033531188965,,
63650,8.853543281555176,0.05,-4.282661437988281,,
63700,10.701184272766113,0.05,-3.9279634952545166,,
63750,2.378105640411377,0.05,-3.3854191303253174,,
63800,2.5052268505096436,0.05,-4.044233798980713,,
63850,6.539522171020508,0.05,-3.7330610752105713,,
63900,5.560586452484131,0.05,-4.29026460647583,,
63950,1.3926798105239868,0.05,-4.456272602081299,,
64000,2.019378662109375,0.05,-3.4283857345581055,,
64050,3.575716733932495,0.05,-3.7536888122558594,,
64100,2.9805781841278076,0.05,-4.7405266761779785,,
64150,1.8636311292648315,0.05,-2.917618989944458,,
64200,3.3335049152374268,0.05,-3.4154913425445557,,
64250,5.66149377822876,0.05,-2.5427231788635254,,
64300,4.335248947143555,0.05,-4.170747756958008,,
64350,10.18237018585205,0.05,-3.807821035385132,,
64400,0.5468484163284302,0.05,-3.901067018508911,,
64450,5.090054988861084,0.05,-4.7522101402282715,,
64500,4.779977321624756,0.05,-4.683457851409912,,
64550,9.466752052307129,0.05,-4.9878973960876465,,
64600,0.4616771638393402,0.05,-3.4627721309661865,,
64650,6.060953617095947,0.05,-4.648030757904053,,
64700,1.1535321474075317,0.05,-4.850803852081299,,
64750,1.2742449045181274,0.05,-4.673530578613281,,
64800,4.342695713043213,0.05,-3.9308998584747314,,
64850,7.509653091430664,0.05,-4.524008274078369,,
64900,7.591531276702881,0.05,-5.934860706329346,,
64950,13.189806938171387,0.05,-4.008767127990723,,
65000,14.29377269744873,0.05,-5.546761989593506,,
65050,14.883716583251953,0.05,-5.067481994628906,,
65100,5.025060653686523,0.05,-4.39806604385376,,
65150,7.7184529304504395,0.05,-4.382208347320557,,
65200,2.06126070022583,0.05,-3.1292474269866943,,
65250,9.492846488952637,0.05,-3.977870225906372,,
65300,14.793838500976562,0.05,-4.7370781898498535,,
65350,3.002983331680298,0.05,-3.9952518939971924,,
65400,5.113823890686035,0.05,-3.443131685256958,,
65450,3.3711302280426025,0.05,-4.562656402587891,,
65500,4.153650283813477,0.05,-4.47273063659668,,
65550,5.427422046661377,0.05,-5.74526834487915,,
65600,2.3077831268310547,0.05,-3.447809934616089,,
65650,4.603902816772461,0.05,-5.069633483886719,,
65700,21.755266189575195,0.05,-5.183900356292725,,
65750,9.06219482421875,0.05,-4.033640384674072,,
65800,4.677938938140869,0.05,-3.6566431522369385,,
65850,6.443753719329834,0.05,-3.917752504348755,,
65900,0.7321617007255554,0.05,-3.113037109375,,
65950,0.5709919333457947,0.05,-4.562180519104004,,
66000,3.8179149627685547,0.05,-4.822119235992432,,
66050,1.2034968137741089,0.05,-5.297882080078125,,
66100,0.42813774943351746,0.05,-4.168778896331787,,
66150,4.120847702026367,0.05,-4.577341079711914,,
66200,9.02367877960205,0.05,-4.161895275115967,,
66250,8.463444709777832,0.05,-4.299380302429199,,
66300,5.13104248046875,0.05,-3.180575370788574,,
66350,1.5145379304885864,0.05,-4.235514163970947,,
66400,5.817564487457275,0.05,-4.2959089279174805,,
66450,3.3645899295806885,0.05,-3.2519359588623047,,
66500,8.25339412689209,0.05,-4.233325958251953,,
66550,4.882040977478027,0.05,-3.4624059200286865,,
66600,2.836641550064087,0.05,-3.733823537826538,,
66650,12.133429527282715,0.05,-4.781315326690674,,
66700,9.401978492736816,0.05,-4.54623556137085,,
66750,4.341060161590576,0.05,-3.239116668701172,,
66800,6.935490131378174,0.05,-5.049530029296875,,
66850,7.049257755279541,0.05,-4.109874248504639,,
66900,5.202012062072754,0.05,-5.519681453704834,,
66950,0.7129012942314148,0.05,-3.3338420391082764,,
67000,1.0369490385055542,0.05,-4.1999335289001465,,
67050,8.826855659484863,0.05,-5.193880558013916,,
67100,7.065336227416992,0.05,-4.097155570983887,,
67150,6.56813383102417,0.05,-3.8653171062469482,,
67200,0.6572756171226501,0.05,-3.8549039363861084,,
67250,5.555538177490234,0.05,-3.797628402709961,,
67300,4.815494060516357,0.05,-5.868377685546875,,
67350,6.084266662597656,0.05,-3.972118616104126,,
67400,5.972656726837158,0.05,-5.166914463043213,,
67450,14.715545654296875,0.05,-5.214948654174805,,
67500,1.3961597681045532,0.05,-3.8475358486175537,,
67550,10.2075834274292,0.05,-4.335376262664795,,
67600,0.34937500953674316,0.05,-3.462108612060547,,
67650,0.16920994222164154,0.05,-3.085012197494507,,
67700,3.1539599895477295,0.05,-3.932191848754883,,
67750,4.28848123550415,0.05,-3.599595069885254,,
67800,0.35142549872398376,0.05,-3.7975704669952393,,
67850,4.437816143035889,0.05,-4.144542217254639,,
67900,3.7801764011383057,0.05,-3.7329604625701904,,
67950,3.002481460571289,0.05,-3.6819236278533936,,
68000,9.42837142944336,0.05,-5.963468551635742,,
68050,4.055452823638916,0.05,-4.3946733474731445,,
68100,0.5205377340316772,0.05,-4.084371089935303,,
68150,4.785478115081787,0.05,-4.0041375160217285,,
68200,7.335781574249268,0.05,-4.687509059906006,,
68250,15.942585945129395,0.05,-5.382490158081055,,
68300,3.1959915161132812,0.05,-2.8386142253875732,,
68350,6.222457408905029,0.05,-3.668370485305786,,
68400,4.007571697235107,0.05,-4.693812847137451,,
68450,7.76628303527832,0.05,-4.4278998374938965,,
68500,8.236593246459961,0.05,-4.340274333953857,,
68550,8.185650825500488,0.05,-3.862999677658081,,
68600,0.7312641143798828,0.05,-4.530688762664795,,
68650,3.5836822986602783,0.05,-3.6111209392547607,,
68700,6.1698126792907715,0.05,-3.797318458557129,,
68750,9.102895736694336,0.05,-4.438841819763184,,
68800,6.707469940185547,0.05,-4.686041831970215,,
68850,3.6518619060516357,0.05,-3.964684247970581,,
68900,0.7360761165618896,0.05,-3.3030879497528076,,
68950,2.7534523010253906,0.05,-5.108928203582764,,
69000,0.23601098358631134,0.05,-3.102325201034546,,
69050,5.3927083015441895,0.05,-4.866848468780518,,
69100,8.966622352600098,0.05,-3.420787811279297,,
69150,9.171867370605469,0.05,-4.332291126251221,,
69200,3.43913197517395,0.05,-4.339134693145752,,
69250,5.427926540374756,0.05,-5.387905597686768,,
69300,5.979085445404053,0.05,-4.786495685577393,,
69350,0.3031168282032013,0.05,-2.820261240005493,,
69400,0.2196819931268692,0.05,-2.6364076137542725,,
69450,0.3383961617946625,0.05,-2.9630918502807617,,
69500,2.2764294147491455,0.05,-3.7017621994018555,,
69550,5.657327175140381,0.05,-4.6745829582214355,,
69600,4.216269493103027,0.05,-2.766725778579712,,
69650,3.5496225357055664,0.05,-4.4247612953186035,,
69700,6.475400447845459,0.05,-5.274813175201416,,
69750,2.841144323348999,0.05,-3.120041847229004,,
69800,0.8299204707145691,0.05,-3.680246114730835,,
69850,8.248677253723145,0.05,-4.308928966522217,,
69900,7.209100723266602,0.05,-5.263093948364258,,
69950,9.953916549682617,0.05,-3.672628402709961,,
70000,0.5127509832382202,0.05,-3.3974177837371826,,
70050,11.378890037536621,0.05,-4.3905768394470215,,
70100,0.5429647564888,0.05,-3.49013614654541,,
70150,7.837921619415283,0.05,-4.971254825592041,,
70200,7.990638732910156,0.05,-3.953809976577759,,
70250,3.856844186782837,0.05,-3.9760916233062744,,
70300,3.3279988765716553,0.05,-3.490208387374878,,
70350,5.452634334564209,0.05,-5.925075531005859,,
70400,2.144455909729004,0.05,-4.325777530670166,,
70450,0.9079130291938782,0.05,-3.425985336303711,,
70500,10.57677173614502,0.05,-4.389387607574463,,
70550,5.240199565887451,0.05,-3.817962884902954,,
70600,1.688205361366272,0.05,-3.695561408996582,,
70650,6.239197254180908,0.05,-5.047220706939697,,
70700,13.72021770477295,0.05,-4.003773212432861,,
70750,4.911703586578369,0.05,-4.590729236602783,,
70800,6.5439605712890625,0.05,-5.1895432472229,,
70850,6.487810134887695,0.05,-4.261021137237549,,
70900,2.0119235515594482,0.05,-3.672015428543091,,
70950,8.794272422790527,0.05,-4.864670276641846,,
71000,0.9231773018836975,0.05,-3.2713277339935303,,
71050,0.7465750575065613,0.05,-5.131434917449951,,
71100,0.21663939952850342,0.05,-2.685943603515625,,
71150,12.29179859161377,0.05,-3.942650556564331,,
71200,5.814636707305908,0.05,-3.4663631916046143,,
71250,5.142786502838135,0.05,-4.367612838745117,,
71300,5.4321441650390625,0.05,-3.58237624168396,,
71350,7.035705089569092,0.05,-4.306687355041504,,
71400,6.321453094482422,0.05,-4.533815860748291,,
71450,5.043985843658447,0.05,-3.7793047428131104,,
71500,4.4486870765686035,0.05,-4.244713306427002,,
71550,2.5739333629608154,0.05,-3.8448455333709717,,
71600,3.3832342624664307,0.05,-3.2913894653320312,,
71650,3.02243971824646,0.05,-3.5147130489349365,,
71700,6.236344814300537,0.05,-3.651108503341675,,
71750,3.8915765285491943,0.05,-5.4095940589904785,,
71800,3.6223068237304688,0.05,-4.1200971603393555,,
71850,5.461076736450195,0.05,-3.6768531799316406,,
71900,5.110526084899902,0.05,-5.14596700668335,,
71950,4.046792507171631,0.05,-4.757474422454834,,
72000,7.559835910797119,0.05,-4.129019260406494,,
72050,8.77462100982666,0.05,-6.177371978759766,,
72100,1.701299786567688,0.05,-3.954681396484375,,
72150,2.429495096206665,0.05,-3.1887893676757812,,
72200,5.970875263214111,0.05,-4.0933613777160645,,
72250,2.7536306381225586,0.05,-3.708587646484375,,
72300,10.758103370666504,0.05,-4.488701343536377,,
72350,0.35979771614074707,0.05,-2.7189958095550537,,
72400,19.445547103881836,0.05,-6.016706466674805,,
72450,3.8485805988311768,0.05,-4.038018703460693,,
72500,3.8822171688079834,0.05,-2.6805763244628906,,
72550,1.1091240644454956,0.05,-4.804605960845947,,
72600,2.168550729751587,0.05,-3.554658889770508,,
72650,3.323455810546875,0.05,-4.01103401184082,,
72700,9.647520065307617,0.05,-3.9050798416137695,,
72750,8.901603698730469,0.05,-4.762511730194092,,
72800,5.743607997894287,0.05,-3.241048812866211,,
72850,5.349707126617432,0.05,-3.6480424404144287,,
72900,4.23567533493042,0.05,-4.167236804962158,,
72950,7.237476825714111,0.05,-3.882277250289917,,
73000,4.177035808563232,0.05,-3.0766308307647705,,
73050,5.886128902435303,0.05,-4.342213153839111,,
73100,0.35871097445487976,0.05,-4.088011264801025,,
73150,10.281922340393066,0.05,-2.7673256397247314,,
73200,1.2436598539352417,0.05,-3.243044137954712,,
73250,0.8592118620872498,0.05,-5.045888423919678,,
73300,1.0966819524765015,0.05,-3.046708345413208,,
73350,8.52957534790039,0.05,-5.4074554443359375,,
73400,9.589823722839355,0.05,-4.245917797088623,,
73450,3.6979362964630127,0.05,-3.6721363067626953,,
73500,5.726598262786865,0.05,-4.711933135986328,,
73550,0.7048335671424866,0.05,-4.185241222381592,,
73600,4.699805736541748,0.05,-5.275481700897217,,
73650,10.787227630615234,0.05,-4.492103099822998,,
73700,6.212311267852783,0.05,-4.488624095916748,,
73750,3.813544273376465,0.05,-2.701702356338501,,
73800,0.5702257752418518,0.05,-4.797596454620361,,
73850,3.4729363918304443,0.05,-3.9745073318481445,,
73900,7.190577983856201,0.05,-5.186934947967529,,
73950,4.325314044952393,0.05,-4.077144622802734,,
74000,4.734232425689697,0.05,-4.318286418914795,,
74050,3.249803304672241,0.05,-3.3966948986053467,,
74100,0.1772671341896057,0.05,-3.0390288829803467,,
74150,8.956062316894531,0.05,-3.7859866619110107,,
74200,0.8189334869384766,0.05,-3.7066633701324463,,
74250,0.7245853543281555,0.05,-4.062424659729004,,
74300,5.168126583099365,0.05,-3.691030263900757,,
74350,0.3531074821949005,0.05,-3.2471892833709717,,
74400,8.485246658325195,0.05,-5.498715877532959,,
74450,3.870469331741333,0.05,-4.832823276519775,,
74500,8.162094116210938,0.05,-3.9031879901885986,,
74550,5.582340717315674,0.05,-3.3114140033721924,,
74600,4.793186187744141,0.05,-4.360442161560059,,
74650,4.180782794952393,0.05,-3.5493295192718506,,
74700,0.8716086745262146,0.05,-4.802364349365234,,
74750,1.0030611753463745,0.05,-4.155325412750244,,
74800,0.23788940906524658,0.05,-3.6194636821746826,,
74850,2.8941171169281006,0.05,-4.037406921386719,,
74900,8.907533645629883,0.05,-3.061124563217163,,
74950,1.8009120225906372,0.05,-3.8335371017456055,,
75000,3.9441604614257812,0.05,-3.717381238937378,-1.347653761406696,42.8
75050,8.239045143127441,0.05,-4.427947998046875,,
75100,0.6863873600959778,0.05,-3.265885591506958,,
75150,0.931642472743988,0.05,-4.140684604644775,,
75200,6.125147342681885,0.05,-4.76226282119751,,
75250,9.888575553894043,0.05,-4.18569803237915,,
75300,7.977449893951416,0.05,-3.6597297191619873,,
75350,6.778528690338135,0.05,-3.640862464904785,,
75400,6.778923511505127,0.05,-4.364424705505371,,
75450,3.893508195877075,0.05,-3.9850645065307617,,
75500,3.9116783142089844,0.05,-3.5442190170288086,,
75550,0.25474628806114197,0.05,-2.7005250453948975,,
75600,5.992495059967041,0.05,-4.143839359283447,,
75650,5.336085796356201,0.05,-3.6772594451904297,,
75700,6.768043041229248,0.05,-4.089399814605713,,
75750,8.123419761657715,0.05,-3.7714650630950928,,
75800,3.1712753772735596,0.05,-3.65266489982605,,
75850,3.880345106124878,0.05,-3.042173147201538,,
75900,6.990503787994385,0.05,-4.275520324707031,,
75950,8.779572486877441,0.05,-4.765241622924805,,
76000,8.861579895019531,0.05,-4.915354251861572,,
76050,1.4194358587265015,0.05,-4.258307456970215,,
76100,6.599050045013428,0.05,-3.701489210128784,,
76150,2.138371706008911,0.05,-4.275866985321045,,
76200,12.121352195739746,0.05,-4.606276035308838,,
76250,3.2038090229034424,0.05,-4.15537166595459,,
76300,0.8278889656066895,0.05,-3.621297836303711,,
76350,0.7186596393585205,0.05,-3.2026281356811523,,
76400,0.5579151511192322,0.05,-3.6263904571533203,,
76450,2.2544848918914795,0.05,-3.262578248977661,,
76500,7.679742336273193,0.05,-4.224913597106934,,
76550,0.7219410538673401,0.05,-3.7011730670928955,,
76600,6.180134296417236,0.05,-4.8944621086120605,,
76650,1.5158700942993164,0.05,-4.323389530181885,,
76700,1.1514182090759277,0.05,-3.579686403274536,,
76750,0.27639904618263245,0.05,-3.288489580154419,,
76800,14.330443382263184,0.05,-3.9636337757110596,,
76850,0.15670450031757355,0.05,-3.190399408340454,,
76900,0.6197946667671204,0.05,-3.3988866806030273,,
76950,4.259424686431885,0.05,-4.855062007904053,,
77000,6.9490065574646,0.05,-4.21823263168335,,
77050,3.816324472427368,0.05,-4.482167720794678,,
77100,4.115799903869629,0.05,-3.7180004119873047,,
77150,8.164169311523438,0.05,-4.055355548858643,,
77200,0.8721845746040344,0.05,-4.050338268280029,,
77250,5.484502792358398,0.05,-4.4460344314575195,,
77300,3.8492469787597656,0.05,-3.168238878250122,,
77350,4.801540851593018,0.05,-3.4931628704071045,,
77400,3.362685203552246,0.05,-4.661838054656982,,
77450,16.84248924255371,0.05,-6.107570648193359,,
77500,4.042295932769775,0.05,-3.886617422103882,,
77550,2.536491632461548,0.05,-3.4213297367095947,,
77600,7.025175094604492,0.05,-4.033243179321289,,
77650,1.0983874797821045,0.05,-3.763686418533325,,
77700,0.9442636966705322,0.05,-3.944199562072754,,
77750,15.068507194519043,0.05,-3.541468858718872,,
77800,2.756573438644409,0.05,-2.904705047607422,,
77850,4.117031574249268,0.05,-3.7254421710968018,,
77900,4.840978145599365,0.05,-4.084052562713623,,
77950,3.991215705871582,0.05,-3.4783763885498047,,
78000,7.075536251068115,0.05,-4.726813316345215,,
78050,5.0726776123046875,0.05,-3.942472457885742,,
78100,4.909515380859375,0.05,-3.907533645629883,,
78150,4.047660827636719,0.05,-5.366361618041992,,
78200,20.959646224975586,0.05,-5.039556980133057,,
78250,9.37050724029541,0.05,-4.183769702911377,,
78300,1.679815649986267,0.05,-4.18861722946167,,
78350,9.519123077392578,0.05,-4.838587284088135,,
78400,11.142158508300781,0.05,-4.330946445465088,,
78450,11.023722648620605,0.05,-4.800050258636475,,
78500,3.2056915760040283,0.05,-4.495167255401611,,
78550,2.482937812805176,0.05,-3.1060879230499268,,
78600,8.081323623657227,0.05,-4.678066253662109,,
78650,6.545467853546143,0.05,-3.844397783279419,,
78700,0.7262966632843018,0.05,-4.2788262367248535,,
78750,5.770177841186523,0.05,-3.3697192668914795,,
78800,4.633602619171143,0.05,-5.0408196449279785,,
78850,5.818274021148682,0.05,-4.06549072265625,,
78900,1.101068377494812,0.05,-3.769714593887329,,
78950,19.199831008911133,0.05,-4.129471302032471,,
79000,9.949305534362793,0.05,-3.6979684829711914,,
79050,14.501304626464844,0.05,-4.059163570404053,,
79100,4.1045002937316895,0.05,-5.1851983070373535,,
79150,19.514646530151367,0.05,-4.758395195007324,,
79200,5.696830749511719,0.05,-4.604966640472412,,
79250,4.223440647125244,0.05,-3.8619349002838135,,
79300,3.1321051120758057,0.05,-2.852402448654175,,
79350,9.565672874450684,0.05,-3.1775569915771484,,
79400,8.650712966918945,0.05,-4.160867214202881,,
79450,8.418990135192871,0.05,-4.09911584854126,,
79500,5.533575057983398,0.05,-2.881765604019165,,
79550,13.155013084411621,0.05,-3.3489768505096436,,
79600,10.518021583557129,0.05,-3.400897264480591,,
79650,0.46870899200439453,0.05,-3.3743956089019775,,
79700,5.331977367401123,0.05,-2.861083745956421,,
79750,1.2129063606262207,0.05,-3.865100860595703,,
79800,15.481972694396973,0.05,-3.932940721511841,,
79850,8.39260196685791,0.05,-4.567154407501221,,
79900,8.177668571472168,0.05,-4.559010028839111,,
79950,10.18836498260498,0.05,-4.413879871368408,,
80000,8.336670875549316,0.05,-2.976616621017456,,
80050,6.100893497467041,0.05,-3.378399610519409,,
80100,1.6901787519454956,0.05,-4.751895904541016,,
80150,0.8946073055267334,0.05,-4.40858793258667,,
80200,0.3638284206390381,0.05,-4.124273777008057,,
80250,9.423666000366211,0.05,-3.7707316875457764,,
80300,2.907475709915161,0.05,-5.880712032318115,,
80350,6.725854396820068,0.05,-5.023375511169434,,
80400,11.494128227233887,0.05,-5.611875534057617,,
80450,0.7079519629478455,0.05,-3.864647626876831,,
80500,4.021632671356201,0.05,-5.094666957855225,,
80550,20.6686954498291,0.05,-5.24620246887207,,
80600,0.21752230823040009,0.05,-2.9307796955108643,,
80650,8.936773300170898,0.05,-3.8223114013671875,,
80700,2.227971315383911,0.05,-5.373008728027344,,
80750,6.280741214752197,0.05,-4.653332233428955,,
80800,2.8590996265411377,0.05,-4.074611186981201,,
80850,6.324940204620361,0.05,-3.420529365539551,,
80900,3.0748815536499023,0.05,-4.771429061889648,,
80950,4.8766937255859375,0.05,-4.749635219573975,,
81000,8.09764575958252,0.05,-4.816622257232666,,
81050,4.989729404449463,0.05,-3.656740188598633,,
81100,6.103053569793701,0.05,-4.657268524169922,,
81150,16.858253479003906,0.05,-4.235488414764404,,
81200,2.5251758098602295,0.05,-4.457911491394043,,
81250,19.603334426879883,0.05,-6.045797824859619,,
81300,24.217641830444336,0.05,-6.182806015014648,,
81350,13.378472328186035,0.05,-5.13163423538208,,
81400,10.290019035339355,0.05,-4.10774564743042,,
81450,8.180624961853027,0.05,-3.9186413288116455,,
81500,10.897759437561035,0.05,-3.5741937160491943,,
81550,1.0449069738388062,0.05,-5.259706020355225,,
81600,2.7496302127838135,0.05,-3.9907596111297607,,
81650,0.6234830021858215,0.05,-4.886521816253662,,
81700,11.188654899597168,0.05,-5.384794235229492,,
81750,5.324064254760742,0.05,-3.572450637817383,,
81800,22.951276779174805,0.05,-6.464721202850342,,
81850,15.07320499420166,0.05,-5.829616546630859,,
81900,5.435237884521484,0.05,-4.228097438812256,,
81950,0.16708405315876007,0.05,-3.183039426803589,,
82000,16.27583122253418,0.05,-4.894450664520264,,
82050,9.77730655670166,0.05,-6.63859748840332,,
82100,6.109920978546143,0.05,-5.064054012298584,,
82150,4.405898571014404,0.05,-5.164236068725586,,
82200,7.2313151359558105,0.05,-3.7911863327026367,,
82250,8.445799827575684,0.05,-4.9340057373046875,,
82300,0.2538953721523285,0.05,-2.8931710720062256,,
82350,6.334995269775391,0.05,-4.432510852813721,,
82400,5.821103572845459,0.05,-2.627474546432495,,
82450,14.32543659210205,0.05,-5.670997619628906,,
82500,4.212980270385742,0.05,-4.461589336395264,,
82550,4.506739139556885,0.05,-4.266120433807373,,
82600,0.3395395278930664,0.05,-4.7131171226501465,,
82650,1.4199930429458618,0.05,-3.7035350799560547,,
82700,12.951470375061035,0.05,-4.918598651885986,,
82750,15.53824234008789,0.05,-4.676940441131592,,
82800,4.638460636138916,0.05,-4.580321311950684,,
82850,14.766884803771973,0.05,-5.599599361419678,,
82900,4.899366855621338,0.05,-3.7208404541015625,,
82950,5.869700908660889,0.05,-4.142002582550049,,
83000,0.4191620349884033,0.05,-2.414944648742676,,
83050,5.549825191497803,0.05,-4.5283684730529785,,
83100,4.1160054206848145,0.05,-4.1415934562683105,,
83150,8.143598556518555,0.05,-3.3628571033477783,,
83200,1.0582455396652222,0.05,-4.117196083068848,,
83250,5.796884059906006,0.05,-4.334696292877197,,
83300,10.433699607849121,0.05,-3.534956693649292,,
83350,4.90342903137207,0.05,-4.428739547729492,,
83400,1.9447383880615234,0.05,-4.853916168212891,,
83450,0.45817938446998596,0.05,-5.11699104309082,,
83500,9.544635772705078,0.05,-3.877706289291382,,
83550,0.9140999913215637,0.05,-4.8952741622924805,,
83600,15.417476654052734,0.05,-4.721050262451172,,
83650,1.1325830221176147,0.05,-4.569397449493408,,
83700,11.42136287689209,0.05,-6.484599590301514,,
83750,1.6881502866744995,0.05,-4.277492046356201,,
83800,12.152576446533203,0.05,-5.309994220733643,,
83850,4.757928848266602,0.05,-3.9046154022216797,,
83900,9.409375190734863,0.05,-3.823693037033081,,
83950,5.235832214355469,0.05,-3.987933874130249,,
84000,0.5251397490501404,0.05,-3.379969835281372,,
84050,5.967466354370117,0.05,-4.2266106605529785,,
84100,7.002579212188721,0.05,-3.3861968517303467,,
84150,17.140226364135742,0.05,-4.8136305809021,,
84200,5.845704555511475,0.05,-4.9664082527160645,,
84250,2.425968885421753,0.05,-4.617424964904785,,
84300,4.985057353973389,0.05,-3.3376681804656982,,
84350,4.895797252655029,0.05,-5.124105453491211,,
84400,9.192391395568848,0.05,-4.317968368530273,,
84450,14.533248901367188,0.05,-5.512403964996338,,
84500,4.2760701179504395,0.05,-4.890817165374756,,
84550,7.847154140472412,0.05,-5.212547779083252,,
84600,5.61952543258667,0.05,-4.4256815910339355,,
84650,16.58405303955078,0.05,-5.261613368988037,,
84700,6.706239223480225,0.05,-7.02318811416626,,
84750,6.96406888961792,0.05,-5.447200775146484,,
84800,0.7737277150154114,0.05,-2.948939085006714,,
84850,5.0091938972473145,0.05,-4.831539154052734,,
84900,1.0460379123687744,0.05,-4.610131740570068,,
84950,4.471545696258545,0.05,-4.423734188079834,,
85000,7.884597301483154,0.05,-4.712855815887451,,
85050,5.742677211761475,0.05,-4.63346529006958,,
85100,2.0341908931732178,0.05,-5.836021423339844,,
85150,8.054405212402344,0.05,-3.697908639907837,,
85200,4.443360805511475,0.05,-4.720482349395752,,
85250,9.50352954864502,0.05,-3.770479440689087,,
85300,12.293171882629395,0.05,-5.299149036407471,,
85350,6.80868673324585,0.05,-4.535735130310059,,
85400,7.742496013641357,0.05,-3.6532723903656006,,
85450,3.896897554397583,0.05,-4.7622389793396,,
85500,7.7192463874816895,0.05,-4.992856502532959,,
85550,6.741491317749023,0.05,-3.80061411857605,,
85600,7.614046573638916,0.05,-5.747781753540039,,
85650,3.9922561645507812,0.05,-5.237084865570068,,
85700,6.925378322601318,0.05,-4.583032608032227,,
85750,0.23205684125423431,0.05,-3.4926393032073975,,
85800,2.162217855453491,0.05,-4.214934825897217,,
85850,0.9663046002388,0.05,-4.218277931213379,,
85900,4.262977600097656,0.05,-4.8489203453063965,,
85950,20.523361206054688,0.05,-5.093545436859131,,
86000,2.5843327045440674,0.05,-5.504122257232666,,
86050,16.818008422851562,0.05,-5.21753454208374,,
86100,5.321004867553711,0.05,-4.386165618896484,,
86150,13.09106159210205,0.05,-5.485101699829102,,
86200,9.297307014465332,0.05,-3.721644163131714,,
86250,0.7429194450378418,0.05,-6.1517014503479,,
86300,6.068899154663086,0.05,-3.3877341747283936,,
86350,16.73320960998535,0.05,-6.295548915863037,,
86400,6.919567584991455,0.05,-4.212234020233154,,
86450,11.520992279052734,0.05,-3.764456033706665,,
86500,4.665783405303955,0.05,-5.310174942016602,,
86550,4.090777397155762,0.05,-4.772228717803955,,
86600,9.894516944885254,0.05,-5.443748950958252,,
86650,18.541624069213867,0.05,-4.738114833831787,,
86700,3.3416900634765625,0.05,-4.4821929931640625,,
86750,8.141962051391602,0.05,-5.982136249542236,,
86800,8.27448558807373,0.05,-5.11904764175415,,
86850,1.3936105966567993,0.05,-4.444448947906494,,
86900,6.3737263679504395,0.05,-3.740327835083008,,
86950,9.988471984863281,0.05,-3.8274214267730713,,
87000,3.82735276222229,0.05,-3.3052961826324463,,
87050,7.457997798919678,0.05,-4.6156535148620605,,
87100,4.418872833251953,0.05,-2.438361883163452,,
87150,2.8754665851593018,0.05,-3.6122560501098633,,
87200,1.6327835321426392,0.05,-4.5640869140625,,
87250,2.0562331676483154,0.05,-4.030279159545898,,
87300,1.3839095830917358,0.05,-3.43957781791687,,
87350,4.982649803161621,0.05,-5.88871955871582,,
87400,2.1622140407562256,0.05,-4.179258823394775,,
87450,6.1630706787109375,0.05,-4.909601211547852,,
87500,0.5789797306060791,0.05,-4.798121929168701,,
87550,0.920647382736206,0.05,-3.3391940593719482,,
87600,0.7731859087944031,0.05,-3.599123954772949,,
87650,14.358481407165527,0.05,-5.143758773803711,,
87700,2.7134244441986084,0.05,-4.0775628089904785,,
87750,32.7208366394043,0.05,-5.296398162841797,,
87800,18.835805892944336,0.05,-5.473197937011719,,
87850,1.6021218299865723,0.05,-4.739553928375244,,
87900,19.10686492919922,0.05,-5.6812424659729,,
87950,0.7621533274650574,0.05,-3.5154569149017334,,
88000,5.379674911499023,0.05,-4.398714542388916,,
88050,0.9701840877532959,0.05,-3.344794273376465,,
88100,14.080721855163574,0.05,-4.054647922515869,,
88150,0.5929625034332275,0.05,-3.2012221813201904,,
88200,2.0105695724487305,0.05,-3.5646812915802,,
88250,2.2932753562927246,0.05,-3.7107656002044678,,
88300,0.848292887210846,0.05,-4.616034507751465,,
88350,7.105758190155029,0.05,-3.250502347946167,,
88400,12.774913787841797,0.05,-4.485739231109619,,
88450,9.976984977722168,0.05,-4.241355895996094,,
88500,4.541837692260742,0.05,-4.666445732116699,,
88550,0.43079447746276855,0.05,-3.6097500324249268,,
88600,5.3118896484375,0.05,-4.620940208435059,,
88650,10.278275489807129,0.05,-4.25971794128418,,
88700,5.82679557800293,0.05,-3.222055196762085,,
88750,5.303552150726318,0.05,-4.256438732147217,,
88800,0.5119091868400574,0.05,-3.359375,,
88850,6.076431751251221,0.05,-5.353765964508057,,
88900,15.893105506896973,0.05,-3.3261687755584717,,
88950,7.531579971313477,0.05,-4.183044910430908,,
89000,0.9847741723060608,0.05,-4.0157341957092285,,
89050,6.970932483673096,0.05,-4.066315174102783,,
89100,11.636136054992676,0.05,-6.067136287689209,,
89150,7.094440937042236,0.05,-4.232278823852539,,
89200,16.619861602783203,0.05,-6.410606384277344,,
89250,8.538545608520508,0.05,-4.572937965393066,,
89300,3.5738608837127686,0.05,-3.4619579315185547,,
89350,6.249391078948975,0.05,-4.220592021942139,,
89400,6.701629161834717,0.05,-4.589066982269287,,
89450,6.857715129852295,0.05,-5.137290954589844,,
89500,1.1455471515655518,0.05,-3.7041847705841064,,
89550,10.817207336425781,0.05,-4.250987529754639,,
89600,9.760804176330566,0.05,-4.686066150665283,,
89650,1.1199893951416016,0.05,-3.469740152359009,,
89700,2.2138946056365967,0.05,-3.4158506393432617,,
89750,8.54674243927002,0.05,-3.746150255203247,,
89800,9.003849983215332,0.05,-4.560383319854736,,
89850,0.25133928656578064,0.05,-3.019704580307007,,
89900,6.7482829093933105,0.05,-3.974290132522583,,
89950,5.582122802734375,0.05,-4.905721187591553,,
90000,0.42937180399894714,0.05,-3.0392134189605713,,
90050,1.5710521936416626,0.05,-4.955713748931885,,
90100,1.7239009141921997,0.05,-3.5603878498077393,,
90150,0.8864164352416992,0.05,-4.784276485443115,,
90200,0.7223725914955139,0.05,-3.7290737628936768,,
90250,4.0482096672058105,0.05,-3.0924155712127686,,
90300,0.4269446134567261,0.05,-4.270191669464111,,
90350,13.78617000579834,0.05,-5.357305526733398,,
90400,8.201143264770508,0.05,-5.2768378257751465,,
90450,0.34319403767585754,0.05,-3.1450576782226562,,
90500,0.4551886320114136,0.05,-3.8072853088378906,,
90550,2.504699230194092,0.05,-4.601205348968506,,
90600,4.17222261428833,0.05,-3.1820876598358154,,
90650,9.838364601135254,0.05,-4.2161993980407715,,
90700,9.54955005645752,0.05,-4.948391914367676,,
90750,0.20299582183361053,0.05,-3.8176300525665283,,
90800,6.106479167938232,0.05,-3.683241844177246,,
90850,6.678186416625977,0.05,-3.8353099822998047,,
90900,6.029836654663086,0.05,-5.141293048858643,,
90950,1.0824137926101685,0.05,-5.793260097503662,,
91000,8.142765998840332,0.05,-3.7053868770599365,,
91050,6.174144744873047,0.05,-3.2461540699005127,,
91100,2.0111215114593506,0.05,-4.406520843505859,,
91150,12.435368537902832,0.05,-4.568133354187012,,
91200,10.22634506225586,0.05,-4.518669605255127,,
91250,1.2472827434539795,0.05,-4.749659061431885,,
91300,6.150783538818359,0.05,-4.5203680992126465,,
91350,13.573822021484375,0.05,-4.4962477684021,,
91400,10.075700759887695,0.05,-4.605205535888672,,
91450,5.036738395690918,0.05,-4.613845348358154,,
91500,4.20469331741333,0.05,-3.847363233566284,,
91550,6.444437503814697,0.05,-5.091264247894287,,
91600,7.415271282196045,0.05,-4.435011863708496,,
91650,4.049884796142578,0.05,-5.280837535858154,,
91700,7.386842727661133,0.05,-5.683695316314697,,
91750,1.3396345376968384,0.05,-3.361860990524292,,
91800,5.244242191314697,0.05,-5.838554382324219,,
91850,5.769813060760498,0.05,-4.337039470672607,,
91900,9.208939552307129,0.05,-4.177534580230713,,
91950,7.176910877227783,0.05,-5.000189304351807,,
92000,0.6190425753593445,0.05,-4.379802227020264,,
92050,13.000147819519043,0.05,-4.025677680969238,,
92100,11.255833625793457,0.05,-4.499721050262451,,
92150,1.189606785774231,0.05,-3.9547061920166016,,
92200,11.353084564208984,0.05,-4.552872180938721,,
92250,11.130291938781738,0.05,-4.250762939453125,,
92300,8.763340950012207,0.05,-4.516496658325195,,
92350,6.433412075042725,0.05,-4.016128063201904,,
92400,0.25198736786842346,0.05,-3.5653388500213623,,
92450,6.089359283447266,0.05,-6.072953701019287,,
92500,18.06743621826172,0.05,-5.368181228637695,,
92550,9.871275901794434,0.05,-4.292326927185059,,
92600,0.7224740982055664,0.05,-4.807271480560303,,
92650,9.976179122924805,0.05,-4.767834186553955,,
92700,7.317718505859375,0.05,-4.069444179534912,,
92750,7.800206661224365,0.05,-6.224803924560547,,
92800,4.5195136070251465,0.05,-4.331018447875977,,
92850,1.3368959426879883,0.05,-4.313717365264893,,
92900,0.7249919772148132,0.05,-4.8218302726745605,,
92950,5.094293117523193,0.05,-6.551853179931641,,
93000,13.712908744812012,0.05,-6.209893703460693,,
93050,7.041471004486084,0.05,-5.537254810333252,,
93100,13.778840065002441,0.05,-6.481792449951172,,
93150,9.672650337219238,0.05,-5.362083435058594,,
93200,18.118196487426758,0.05,-6.096351623535156,,
93250,13.414484977722168,0.05,-4.460517406463623,,
93300,2.663257122039795,0.05,-5.2025146484375,,
93350,0.4865511357784271,0.05,-4.778361797332764,,
93400,11.505043983459473,0.05,-4.47905969619751,,
93450,0.47238823771476746,0.05,-4.711646556854248,,
93500,1.3247374296188354,0.05,-3.6357548236846924,,
93550,0.22299356758594513,0.05,-4.549429416656494,,
93600,9.8369779586792,0.05,-5.275997638702393,,
93650,0.07888206094503403,0.05,-3.075853109359741,,
93700,0.4895838797092438,0.05,-4.830796718597412,,
93750,11.322981834411621,0.05,-5.580166339874268,,
93800,4.974764347076416,0.05,-6.002725124359131,,
93850,11.56186580657959,0.05,-5.938627243041992,,
93900,2.1656458377838135,0.05,-4.3622565269470215,,
93950,12.55410385131836,0.05,-5.784844875335693,,
94000,7.645740985870361,0.05,-4.570657730102539,,
94050,8.429662704467773,0.05,-4.675386428833008,,
94100,2.5197553634643555,0.05,-4.36281156539917,,
94150,8.387567520141602,0.05,-4.897787570953369,,
94200,20.951425552368164,0.05,-6.932559490203857,,
94250,0.3900284767150879,0.05,-5.006597518920898,,
94300,3.623248815536499,0.05,-5.214636325836182,,
94350,7.604598522186279,0.05,-4.0782470703125,,
94400,3.507457733154297,0.05,-3.420912742614746,,
94450,4.269712448120117,0.05,-3.682149887084961,,
94500,1.340617299079895,0.05,-3.472320556640625,,
94550,1.602683424949646,0.05,-4.017577648162842,,
94600,5.0021796226501465,0.05,-4.477576732635498,,
94650,14.953225135803223,0.05,-6.01121187210083,,
94700,4.589271545410156,0.05,-3.21856689453125,,
94750,9.556410789489746,0.05,-3.780104637145996,,
94800,23.637060165405273,0.05,-4.592458248138428,,
94850,3.255040168762207,0.05,-5.1047682762146,,
94900,7.2169671058654785,0.05,-4.865789413452148,,
94950,17.003984451293945,0.05,-4.717458248138428,,
95000,1.4142383337020874,0.05,-4.448409080505371,,
95050,4.0796990394592285,0.05,-3.7347936630249023,,
95100,3.3241121768951416,0.05,-6.6613311767578125,,
95150,3.248443841934204,0.05,-5.404017925262451,,
95200,24.12949562072754,0.05,-5.776313304901123,,
95250,4.151783466339111,0.05,-4.857014179229736,,
95300,4.016104221343994,0.05,-3.975721597671509,,
95350,5.801721572875977,0.05,-4.068004131317139,,
95400,4.442936420440674,0.05,-3.62371826171875,,
95450,2.1978774070739746,0.05,-4.630143165588379,,
95500,14.035957336425781,0.05,-3.528592348098755,,
95550,0.6615256667137146,0.05,-5.206202983856201,,
95600,5.16254186630249,0.05,-4.294121265411377,,
95650,5.980963230133057,0.05,-5.659839630126953,,
95700,7.990781784057617,0.05,-5.565134525299072,,
95750,4.572570323944092,0.05,-5.825377941131592,,
95800,5.113256931304932,0.05,-4.518930912017822,,
95850,0.3331504464149475,0.05,-3.814027786254883,,
95900,0.5552772879600525,0.05,-5.890827655792236,,
95950,0.6950871348381042,0.05,-4.138288497924805,,
96000,5.211653232574463,0.05,-3.5033762454986572,,
96050,0.7694231867790222,0.05,-3.840502977371216,,
96100,0.9823126792907715,0.05,-3.8550055027008057,,
96150,19.14527130126953,0.05,-4.872537612915039,,
96200,0.7049627304077148,0.05,-3.588226318359375,,
96250,5.180176258087158,0.05,-4.215068340301514,,
96300,1.0033979415893555,0.05,-4.526710033416748,,
96350,12.201203346252441,0.05,-6.540042400360107,,
96400,7.772384166717529,0.05,-4.682815074920654,,
96450,2.7665531635284424,0.05,-6.068809509277344,,
96500,11.739662170410156,0.05,-4.279707908630371,,
96550,14.22008228302002,0.05,-6.545774936676025,,
96600,4.624777317047119,0.05,-4.200766086578369,,
96650,5.570801258087158,0.05,-5.862370014190674,,
96700,2.0072429180145264,0.05,-3.927814245223999,,
96750,0.720146656036377,0.05,-3.7978947162628174,,
96800,8.04297161102295,0.05,-5.036300182342529,,
96850,1.652471661567688,0.05,-4.1902642250061035,,
96900,1.2415465116500854,0.05,-5.324559688568115,,
96950,1.4017858505249023,0.05,-4.362740993499756,,
97000,18.1948299407959,0.05,-4.514277935028076,,
97050,10.74021053314209,0.05,-5.535492420196533,,
97100,4.182469844818115,0.05,-5.394384860992432,,
97150,27.05449676513672,0.05,-5.271326065063477,,
97200,0.8090928196907043,0.05,-5.127038955688477,,
97250,6.614308834075928,0.05,-4.632266521453857,,
97300,10.9293794631958,0.05,-5.668419361114502,,
97350,10.02729606628418,0.05,-4.53401517868042,,
97400,3.0970137119293213,0.05,-4.790257930755615,,
97450,5.007420063018799,0.05,-4.8621673583984375,,
97500,6.869062900543213,0.05,-5.198519229888916,,
97550,2.261223793029785,0.05,-4.385015964508057,,
97600,9.337262153625488,0.05,-4.820668697357178,,
97650,5.355255126953125,0.05,-4.698634147644043,,
97700,2.2615890502929688,0.05,-4.477118968963623,,
97750,7.18866491317749,0.05,-4.8674163818359375,,
97800,2.7055580615997314,0.05,-5.550181865692139,,
97850,17.666913986206055,0.05,-5.465816497802734,,
97900,3.3307113647460938,0.05,-5.0137434005737305,,
97950,6.981355667114258,0.05,-4.67296838760376,,
98000,1.0690234899520874,0.05,-5.292883396148682,,
98050,6.617621898651123,0.05,-6.08574914932251,,
98100,18.943302154541016,0.05,-4.847935676574707,,
98150,1.0595537424087524,0.05,-5.8557868003845215,,
98200,0.5445032119750977,0.05,-4.272131443023682,,
98250,1.1024869680404663,0.05,-6.091336727142334,,
98300,10.23827075958252,0.05,-6.23390007019043,,
98350,7.50588846206665,0.05,-5.277928829193115,,
98400,8.468010902404785,0.05,-4.8308281898498535,,
98450,6.286880016326904,0.05,-4.028293132781982,,
98500,0.26265326142311096,0.05,-3.8650548458099365,,
98550,9.365843772888184,0.05,-4.1112141609191895,,
98600,0.6277954578399658,0.05,-3.417314291000366,,
98650,10.839935302734375,0.05,-6.301061630249023,,
98700,9.39195728302002,0.05,-5.460427761077881,,
98750,11.71240234375,0.05,-5.10104513168335,,
98800,15.665477752685547,0.05,-6.053709030151367,,
98850,4.66892671585083,0.05,-5.078057765960693,,
98900,7.548848628997803,0.05,-6.25571870803833,,
98950,7.13566255569458,0.05,-5.676473140716553,,
99000,12.08866024017334,0.05,-5.201050281524658,,
99050,13.444231986999512,0.05,-5.084213733673096,,
99100,15.79879379272461,0.05,-5.489869594573975,,
99150,13.012939453125,0.05,-5.6902947425842285,,
99200,1.0220285654067993,0.05,-4.492171764373779,,
99250,8.60954761505127,0.05,-5.801433086395264,,
99300,7.752878665924072,0.05,-4.52266263961792,,
99350,12.08941650390625,0.05,-5.567311763763428,,
99400,11.544278144836426,0.05,-5.553043842315674,,
99450,2.968660354614258,0.05,-5.281416416168213,,
99500,3.0849740505218506,0.05,-5.0931077003479,,
99550,0.7721840739250183,0.05,-4.80778169631958,,
99600,9.673901557922363,0.05,-6.135332107543945,,
99650,19.407915115356445,0.05,-5.499647617340088,,
99700,5.884634017944336,0.05,-3.7457923889160156,,
99750,0.4617992341518402,0.05,-3.7888524532318115,,
99800,0.516951322555542,0.05,-4.093281269073486,,
99850,2.823343276977539,0.05,-4.6842265129089355,,
99900,6.027684688568115,0.05,-4.528488636016846,,
99950,2.824794054031372,0.05,-5.664879322052002,,
100000,8.659768104553223,0.05,-4.934236526489258,-1.1691207108678743,34.93333333333333
100050,18.074058532714844,0.05,-6.389652252197266,,
100100,14.432345390319824,0.05,-3.4055614471435547,,
100150,6.473512172698975,0.05,-3.9374287128448486,,
100200,1.1115981340408325,0.05,-4.435453414916992,,
100250,24.13933753967285,0.05,-5.78085470199585,,
100300,0.9663196206092834,0.05,-4.258828639984131,,
100350,28.028966903686523,0.05,-4.481382846832275,,
100400,6.982666015625,0.05,-5.582273006439209,,
100450,0.7105405330657959,0.05,-5.329868793487549,,
100500,1.0872379541397095,0.05,-5.823238372802734,,
100550,21.536718368530273,0.05,-5.086218357086182,,
100600,3.1547164916992188,0.05,-3.996349334716797,,
100650,7.098855495452881,0.05,-5.997730255126953,,
100700,12.949382781982422,0.05,-5.5598578453063965,,
100750,6.209882736206055,0.05,-6.273662567138672,,
100800,9.850693702697754,0.05,-5.450632095336914,,
100850,7.459865570068359,0.05,-5.128084182739258,,
100900,7.766411304473877,0.05,-5.211330890655518,,
100950,6.902710437774658,0.05,-5.55652379989624,,
101000,0.952572762966156,0.05,-3.6438910961151123,,
101050,11.779723167419434,0.05,-4.6433796882629395,,
101100,10.840713500976562,0.05,-6.041746139526367,,
101150,7.709547519683838,0.05,-4.360469818115234,,
101200,16.333200454711914,0.05,-4.6571149826049805,,
101250,2.7265827655792236,0.05,-4.393754959106445,,
101300,1.3762773275375366,0.05,-4.86809778213501,,
101350,5.662049770355225,0.05,-4.754786968231201,,
101400,12.576138496398926,0.05,-5.313761234283447,,
101450,8.258394241333008,0.05,-3.773592233657837,,
101500,13.227555274963379,0.05,-3.939770460128784,,
101550,4.997079372406006,0.05,-3.9296483993530273,,
101600,1.2364922761917114,0.05,-4.70202112197876,,
101650,4.308723449707031,0.05,-4.236832141876221,,
101700,4.37758731842041,0.05,-3.979037284851074,,
101750,1.9041205644607544,0.05,-5.546455383300781,,
101800,10.946419715881348,0.05,-5.152198791503906,,
101850,5.024860858917236,0.05,-4.446889400482178,,
101900,0.47618672251701355,0.05,-4.7646002769470215,,
101950,7.223030090332031,0.05,-5.31427526473999,,
102000,5.16806173324585,0.05,-5.2007670402526855,,
102050,3.998552083969116,0.05,-4.608105182647705,,
102100,6.034221172332764,0.05,-4.458888530731201,,
102150,0.8661773204803467,0.05,-5.6287922859191895,,
102200,8.563798904418945,0.05,-5.3110833168029785,,
102250,3.9462292194366455,0.05,-4.1453680992126465,,
102300,17.414308547973633,0.05,-5.436445236206055,,
102350,10.141528129577637,0.05,-5.795959949493408,,
102400,4.378025054931641,0.05,-5.164673328399658,,
102450,0.8638536334037781,0.05,-4.5481486320495605,,
102500,1.3224949836730957,0.05,-4.131619930267334,,
102550,2.9308407306671143,0.05,-4.126264572143555,,
102600,4.933048725128174,0.05,-6.4369964599609375,,
102650,7.744525909423828,0.05,-4.41175651550293,,
102700,1.8465029001235962,0.05,-4.14439058303833,,
102750,1.6644965410232544,0.05,-3.675884962081909,,
102800,10.122532844543457,0.05,-5.630670070648193,,
102850,4.026615619659424,0.05,-4.2516326904296875,,
102900,0.5494938492774963,0.05,-5.012904644012451,,
102950,7.38895845413208,0.05,-3.8443069458007812,,
103000,15.925812721252441,0.05,-4.599268436431885,,
103050,1.274821162223816,0.05,-4.762939453125,,
103100,9.82912540435791,0.05,-4.815805912017822,,
103150,3.6322944164276123,0.05,-4.390983581542969,,
103200,4.520812511444092,0.05,-4.339715480804443,,
103250,11.989604949951172,0.05,-4.54995059967041,,
103300,1.528572678565979,0.05,-4.407897472381592,,
103350,0.15947428345680237,0.05,-3.5965492725372314,,
103400,2.2227418422698975,0.05,-5.067104816436768,,
103450,4.552237033843994,0.05,-5.271745204925537,,
103500,2.0981557369232178,0.05,-5.031937122344971,,
103550,4.829078674316406,0.05,-5.44647216796875,,
103600,0.44441139698028564,0.05,-4.312444686889648,,
103650,10.818991661071777,0.05,-6.480000972747803,,
103700,0.7554101943969727,0.05,-4.60986328125,,
103750,9.214590072631836,0.05,-6.5185699462890625,,
103800,0.823634147644043,0.05,-4.8314642906188965,,
103850,9.338479042053223,0.05,-4.971823215484619,,
103900,15.5015230178833,0.05,-5.216027736663818,,
103950,10.911014556884766,0.05,-5.940057277679443,,
104000,8.7411527633667,0.05,-4.021917343139648,,
104050,1.5596472024917603,0.05,-5.824520111083984,,
104100,5.89589262008667,0.05,-4.782227039337158,,
104150,0.7208248972892761,0.05,-3.602550745010376,,
104200,5.34180212020874,0.05,-4.817112445831299,,
104250,0.40758201479911804,0.05,-5.468928813934326,,
104300,4.376715183258057,0.05,-4.447097301483154,,
104350,19.192161560058594,0.05,-5.136978626251221,,
104400,8.418261528015137,0.05,-4.424716472625732,,
104450,5.012386798858643,0.05,-4.2135467529296875,,
104500,7.385556697845459,0.05,-4.711424350738525,,
104550,1.7285505533218384,0.05,-4.085111141204834,,
104600,6.338603496551514,0.05,-6.052944183349609,,
104650,1.0105153322219849,0.05,-3.7721850872039795,,
104700,5.1147613525390625,0.05,-4.919846057891846,,
104750,0.4329018294811249,0.05,-3.4275035858154297,,
104800,5.497048854827881,0.05,-5.028939723968506,,
104850,6.835960388183594,0.05,-5.0743536949157715,,
104900,10.95767593383789,0.05,-5.638565540313721,,
104950,14.968354225158691,0.05,-5.641044616699219,,
105000,4.980885982513428,0.05,-4.548847675323486,,
105050,7.380008220672607,0.05,-4.905030250549316,,
105100,11.935543060302734,0.05,-5.102191925048828,,
105150,3.2950994968414307,0.05,-5.370710849761963,,
105200,25.79813575744629,0.05,-6.231832504272461,,
105250,23.3138484954834,0.05,-6.482350826263428,,
105300,4.344113826751709,0.05,-4.363654613494873,,
105350,3.5088441371917725,0.05,-3.957453489303589,,
105400,8.71224308013916,0.05,-6.1537017822265625,,
105450,0.4874296188354492,0.05,-4.69646692276001,,
105500,14.073758125305176,0.05,-4.370014190673828,,
105550,5.87161111831665,0.05,-4.949924945831299,,
105600,15.999112129211426,0.05,-5.717435359954834,,
105650,11.324727058410645,0.05,-4.422030925750732,,
105700,9.424761772155762,0.05,-4.9241943359375,,
105750,4.245912551879883,0.05,-4.474087715148926,,
105800,16.863540649414062,0.05,-5.531307220458984,,
105850,0.658407986164093,0.05,-5.329277992248535,,
105900,6.499141693115234,0.05,-3.7856013774871826,,
105950,7.184873580932617,0.05,-4.464092254638672,,
106000,6.880407333374023,0.05,-6.747456073760986,,
106050,1.1471539735794067,0.05,-5.5211639404296875,,
106100,0.32781222462654114,0.05,-3.567645788192749,,
106150,0.4778813421726227,0.05,-4.019545555114746,,
106200,6.7100677490234375,0.05,-5.146886348724365,,
106250,14.20278263092041,0.05,-5.493247985839844,,
106300,1.5477714538574219,0.05,-5.957925796508789,,
106350,1.2867754697799683,0.05,-5.343658924102783,,
106400,5.961096286773682,0.05,-6.182256698608398,,
106450,0.39599764347076416,0.05,-4.63904333114624,,
106500,6.3121185302734375,0.05,-5.217977523803711,,
106550,4.2461323738098145,0.05,-4.140496253967285,,
106600,5.658114910125732,0.05,-4.090347766876221,,
106650,8.61034870147705,0.05,-6.211710453033447,,
106700,1.642897129058838,0.05,-4.304994106292725,,
106750,10.88308048248291,0.05,-5.669680118560791,,
106800,0.8188417553901672,0.05,-6.437425136566162,,
106850,17.680158615112305,0.05,-6.759236812591553,,
106900,8.323077201843262,0.05,-4.372731685638428,,
106950,1.617651343345642,0.05,-5.230349063873291,,
107000,0.66014164686203,0.05,-4.657863616943359,,
107050,1.0254418849945068,0.05,-4.511248588562012,,
107100,2.3099091053009033,0.05,-4.504591464996338,,
107150,7.605485916137695,0.05,-4.731412410736084,,
107200,4.0637526512146,0.05,-6.614013671875,,
107250,18.78994369506836,0.05,-4.238629341125488,,
107300,6.31465482711792,0.05,-4.397369861602783,,
107350,5.858267307281494,0.05,-4.373083591461182,,
107400,19.755142211914062,0.05,-5.684719085693359,,
107450,20.8930721282959,0.05,-6.040286540985107,,
107500,11.1226167678833,0.05,-5.169557094573975,,
107550,1.958621621131897,0.05,-5.969921112060547,,
107600,10.851130485534668,0.05,-7.105340480804443,,
107650,14.959650993347168,0.05,-5.9066925048828125,,
107700,11.377100944519043,0.05,-4.962021350860596,,
107750,1.5856776237487793,0.05,-4.260313510894775,,
107800,18.24190902709961,0.05,-5.800655364990234,,
107850,19.282188415527344,0.05,-4.913316249847412,,
107900,12.904839515686035,0.05,-3.493255615234375,,
107950,8.577921867370605,0.05,-5.216828346252441,,
108000,6.536614894866943,0.05,-5.291621208190918,,
108050,11.243751525878906,0.05,-4.32590913772583,,
108100,6.05325174331665,0.05,-5.528233051300049,,
108150,2.8604800701141357,0.05,-5.116427898406982,,
108200,11.962752342224121,0.05,-5.049042701721191,,
108250,3.052837371826172,0.05,-3.810487747192383,,
108300,4.862674236297607,0.05,-4.05903434753418,,
108350,6.516939640045166,0.05,-5.858626842498779,,
108400,13.035201072692871,0.05,-6.6926589012146,,
108450,16.546039581298828,0.05,-4.6685566902160645,,
108500,10.022028923034668,0.05,-5.688656330108643,,
108550,0.5443150401115417,0.05,-5.134316921234131,,
108600,5.66444730758667,0.05,-4.345000743865967,,
108650,3.0691633224487305,0.05,-5.852701663970947,,
108700,1.56884765625,0.05,-4.275965690612793,,
108750,13.933001518249512,0.05,-3.9604673385620117,,
108800,7.105712890625,0.05,-5.142454147338867,,
108850,4.454562187194824,0.05,-3.741652727127075,,
108900,5.775331020355225,0.05,-4.277015209197998,,
108950,3.4601542949676514,0.05,-4.586856365203857,,
109000,0.4409278631210327,0.05,-5.102908134460449,,
109050,7.454835414886475,0.05,-5.458278179168701,,
109100,2.2489266395568848,0.05,-4.294778347015381,,
109150,6.489114761352539,0.05,-5.11686897277832,,
109200,2.4036576747894287,0.05,-5.145216464996338,,
109250,12.615711212158203,0.05,-4.107028007507324,,
109300,4.962282657623291,0.05,-6.490825653076172,,
109350,8.561772346496582,0.05,-4.291127681732178,,
109400,0.25071725249290466,0.05,-4.640401363372803,,
109450,12.329621315002441,0.05,-4.519315242767334,,
109500,6.191700458526611,0.05,-4.736939430236816,,
109550,0.9363983273506165,0.05,-3.672978401184082,,
109600,0.4554484784603119,0.05,-3.8912322521209717,,
109650,5.421713352203369,0.05,-5.2260050773620605,,
109700,1.0560084581375122,0.05,-4.536593437194824,,
109750,0.4373423159122467,0.05,-5.0996575355529785,,
109800,0.5008983016014099,0.05,-4.625184535980225,,
109850,0.8805062174797058,0.05,-5.341865539550781,,
109900,0.5034902691841125,0.05,-3.871675729751587,,
109950,18.232072830200195,0.05,-7.324075222015381,,
110000,3.0276291370391846,0.05,-5.867234706878662,,
110050,16.54490852355957,0.05,-4.960939884185791,,
110100,15.319087982177734,0.05,-5.147953510284424,,
110150,9.918726921081543,0.05,-4.189823627471924,,
110200,13.286686897277832,0.05,-4.918816089630127,,
110250,1.1270421743392944,0.05,-4.841784954071045,,
110300,7.406029224395752,0.05,-4.338411331176758,,
110350,13.27672290802002,0.05,-5.523687362670898,,
110400,7.790905475616455,0.05,-4.650333881378174,,
110450,6.661317825317383,0.05,-5.5997796058654785,,
110500,1.8669227361679077,0.05,-5.288094997406006,,
110550,17.266191482543945,0.05,-5.9835734367370605,,
110600,7.181179523468018,0.05,-5.327942848205566,,
110650,6.350502014160156,0.05,-4.815287113189697,,
110700,10.260019302368164,0.05,-3.915642023086548,,
110750,8.526036262512207,0.05,-4.945729732513428,,
110800,12.409527778625488,0.05,-4.882297039031982,,
110850,11.069376945495605,0.05,-4.494170188903809,,
110900,0.718456506729126,0.05,-3.871591329574585,,
110950,14.288739204406738,0.05,-5.307331562042236,,
111000,12.71230697631836,0.05,-6.607952117919922,,
111050,11.964816093444824,0.05,-5.374061107635498,,
111100,19.74017333984375,0.05,-4.961711883544922,,
111150,9.350200653076172,0.05,-4.675625324249268,,
111200,1.8090928792953491,0.05,-4.12872838973999,,
111250,11.923377990722656,0.05,-3.8486506938934326,,
111300,4.988502502441406,0.05,-5.091805458068848,,
111350,14.273381233215332,0.05,-5.9928059577941895,,
111400,12.47084903717041,0.05,-6.528133392333984,,
111450,3.347684860229492,0.05,-4.984618663787842,,
111500,17.48841667175293,0.05,-4.649210453033447,,
111550,1.3976716995239258,0.05,-5.449548721313477,,
111600,18.797801971435547,0.05,-4.750336170196533,,
111650,10.324963569641113,0.05,-4.243323802947998,,
111700,6.522593975067139,0.05,-4.863346099853516,,
111750,7.679529666900635,0.05,-4.996702194213867,,
111800,1.7911707162857056,0.05,-6.027315616607666,,
111850,8.328570365905762,0.05,-4.290157794952393,,
111900,5.392932415008545,0.05,-4.442511558532715,,
111950,5.792280197143555,0.05,-4.984169006347656,,
112000,11.367839813232422,0.05,-5.8971381187438965,,
112050,10.941447257995605,0.05,-5.5897393226623535,,
112100,2.0270683765411377,0.05,-3.2557880878448486,,
112150,1.062406063079834,0.05,-3.687570810317993,,
112200,10.590108871459961,0.05,-6.69873571395874,,
112250,31.42222785949707,0.05,-5.3720703125,,
112300,8.747084617614746,0.05,-4.4517693519592285,,
112350,0.3836471140384674,0.05,-3.6988525390625,,
112400,23.37233543395996,0.05,-4.993679046630859,,
112450,6.883970260620117,0.05,-4.755609512329102,,
112500,0.3797331750392914,0.05,-4.063683032989502,,
112550,10.508625984191895,0.05,-5.331689357757568,,
112600,6.858882904052734,0.05,-5.013772487640381,,
112650,6.166111469268799,0.05,-5.467033386230469,,
112700,2.865130662918091,0.05,-5.144406795501709,,
112750,14.307177543640137,0.05,-3.983966588973999,,
112800,8.944432258605957,0.05,-3.7072365283966064,,
112850,21.172948837280273,0.05,-6.811920642852783,,
112900,1.2638931274414062,0.05,-4.1447930335998535,,
112950,9.3677396774292,0.05,-4.556656360626221,,
113000,10.41187572479248,0.05,-4.4203972816467285,,
113050,14.297039985656738,0.05,-3.8543050289154053,,
113100,7.494541168212891,0.05,-2.746169328689575,,
113150,5.413030624389648,0.05,-5.465339183807373,,
113200,30.337106704711914,0.05,-6.001316070556641,,
113250,6.404501438140869,0.05,-4.797327518463135,,
113300,1.013450264930725,0.05,-4.40090799331665,,
113350,6.106156826019287,0.05,-4.953181743621826,,
113400,5.968662738800049,0.05,-4.028982162475586,,
113450,5.172459602355957,0.05,-4.901162624359131,,
113500,11.576333045959473,0.05,-5.1393866539001465,,
113550,0.4948737919330597,0.05,-3.9008376598358154,,
113600,5.732885837554932,0.05,-4.920039176940918,,
113650,2.343170642852783,0.05,-4.825204372406006,,
113700,7.352761745452881,0.05,-3.913517713546753,,
113750,8.491158485412598,0.05,-5.790597438812256,,
113800,9.232344627380371,0.05,-4.865103244781494,,
113850,0.526225745677948,0.05,-3.7173776626586914,,
113900,1.8004231452941895,0.05,-5.282819747924805,,
113950,7.423664569854736,0.05,-4.75201940536499,,
114000,2.0514490604400635,0.05,-5.424131393432617,,
114050,6.147998332977295,0.05,-4.539520740509033,,
114100,8.745808601379395,0.05,-4.170881748199463,,
114150,4.856788158416748,0.05,-4.280351638793945,,
114200,1.114906907081604,0.05,-4.091092109680176,,
114250,4.458107948303223,0.05,-4.265352249145508,,
114300,3.3525311946868896,0.05,-3.618276834487915,,
114350,7.068048000335693,0.05,-6.274189472198486,,
114400,1.2070070505142212,0.05,-5.326528072357178,,
114450,12.343520164489746,0.05,-4.074229717254639,,
114500,0.2154068797826767,0.05,-3.6053237915039062,,
114550,5.012888431549072,0.05,-3.074559211730957,,
114600,1.2313340902328491,0.05,-4.698261737823486,,
114650,6.353815078735352,0.05,-4.053887844085693,,
114700,0.3242088854312897,0.05,-3.3142292499542236,,
114750,12.066508293151855,0.05,-3.8282086849212646,,
114800,11.717726707458496,0.05,-4.239901065826416,,
114850,19.451505661010742,0.05,-4.9006195068359375,,
114900,5.2374396324157715,0.05,-3.921191930770874,,
114950,1.5178133249282837,0.05,-5.484266757965088,,
115000,13.121630668640137,0.05,-5.633172512054443,,
115050,2.766508102416992,0.05,-4.027217864990234,,
115100,11.92354679107666,0.05,-5.0234456062316895,,
115150,5.39009428024292,0.05,-5.1880388259887695,,
115200,7.680798053741455,0.05,-4.005660533905029,,
115250,21.190099716186523,0.05,-5.4156975746154785,,
115300,5.8934326171875,0.05,-6.065032958984375,,
115350,11.437432289123535,0.05,-5.134382247924805,,
115400,0.35352182388305664,0.05,-3.9048779010772705,,
115450,3.623655319213867,0.05,-5.796350002288818,,
115500,2.319854736328125,0.05,-3.9808876514434814,,
115550,6.160112380981445,0.05,-5.641839504241943,,
115600,9.387395858764648,0.05,-5.120215892791748,,
115650,4.99729585647583,0.05,-4.912045001983643,,
115700,14.8900146484375,0.05,-5.761688232421875,,
115750,2.591817855834961,0.05,-3.707484006881714,,
115800,17.60100555419922,0.05,-4.771335601806641,,
115850,1.2073336839675903,0.05,-5.538150787353516,,
115900,2.360400915145874,0.05,-4.979633808135986,,
115950,13.676121711730957,0.05,-4.571567535400391,,
116000,1.5923913717269897,0.05,-4.940114498138428,,
116050,15.524313926696777,0.05,-6.800189971923828,,
116100,7.910825729370117,0.05,-4.935237884521484,,
116150,12.407635688781738,0.05,-4.998846530914307,,
116200,17.052715301513672,0.05,-4.995686054229736,,
116250,14.507338523864746,0.05,-6.434011936187744,,
116300,8.469234466552734,0.05,-5.265627384185791,,
116350,16.14774513244629,0.05,-5.2283220291137695,,
116400,1.1253101825714111,0.05,-5.288705825805664,,
116450,7.809942722320557,0.05,-4.629409313201904,,
116500,1.9736696481704712,0.05,-5.060984134674072,,
116550,7.7399067878723145,0.05,-4.786304473876953,,
116600,4.675068378448486,0.05,-4.877752780914307,,
116650,7.873115539550781,0.05,-5.505020618438721,,
116700,1.149036169052124,0.05,-5.831014156341553,,
116750,9.768054008483887,0.05,-5.611083984375,,
116800,6.773640155792236,0.05,-5.356513977050781,,
116850,9.767314910888672,0.05,-6.474964141845703,,
116900,11.081498146057129,0.05,-5.650247097015381,,
116950,5.629797458648682,0.05,-5.907787322998047,,
117000,3.1192924976348877,0.05,-4.7656660079956055,,
117050,0.4862615764141083,0.05,-4.1462931632995605,,
117100,0.5481961369514465,0.05,-5.187961578369141,,
117150,19.037965774536133,0.05,-5.0689826011657715,,
117200,15.354193687438965,0.05,-5.819511890411377,,
117250,8.094950675964355,0.05,-5.8469624519348145,,
117300,0.2434602975845337,0.05,-3.577861785888672,,
117350,6.579888820648193,0.05,-3.9653537273406982,,
117400,6.509674549102783,0.05,-6.171707630157471,,
117450,13.906925201416016,0.05,-3.991594076156616,,
117500,8.690938949584961,0.05,-5.156405925750732,,
117550,7.6308817863464355,0.05,-5.611743927001953,,
117600,14.291702270507812,0.05,-6.520524501800537,,
117650,7.363616943359375,0.05,-5.13821268081665,,
117700,28.8157901763916,0.05,-5.028309345245361,,
117750,0.8511529564857483,0.05,-4.845554351806641,,
117800,3.4591219425201416,0.05,-6.368415355682373,,
117850,1.1976354122161865,0.05,-4.927846431732178,,
117900,11.921107292175293,0.05,-4.899209499359131,,
117950,0.9856218695640564,0.05,-5.053001403808594,,
118000,0.5341243147850037,0.05,-4.357158184051514,,
118050,29.847457885742188,0.05,-5.1495184898376465,,
118100,12.94295883178711,0.05,-4.775494575500488,,
118150,15.000797271728516,0.05,-4.3745503425598145,,
118200,12.930493354797363,0.05,-4.494505405426025,,
118250,2.3837244510650635,0.05,-4.53175687789917,,
118300,1.7840561866760254,0.05,-4.702941417694092,,
118350,13.079329490661621,0.05,-4.890812397003174,,
118400,2.185387134552002,0.05,-4.177134990692139,,
118450,0.8308994770050049,0.05,-4.969056606292725,,
118500,15.777755737304688,0.05,-5.467818737030029,,
118550,7.2710957527160645,0.05,-5.32312536239624,,
118600,2.8022191524505615,0.05,-4.596238613128662,,
118650,8.5029878616333,0.05,-6.346884250640869,,
118700,4.570966720581055,0.05,-5.4946112632751465,,
118750,1.4274388551712036,0.05,-4.393109321594238,,
118800,7.426410675048828,0.05,-5.070277690887451,,
118850,2.869906187057495,0.05,-5.397909641265869,,
118900,12.299540519714355,0.05,-5.259812831878662,,
118950,6.941230297088623,0.05,-4.824069499969482,,
119000,8.51302433013916,0.05,-6.21844482421875,,
119050,15.012614250183105,0.05,-4.6750922203063965,,
119100,12.76591968536377,0.05,-5.140298366546631,,
119150,9.840747833251953,0.05,-4.860265731811523,,
119200,13.427294731140137,0.05,-5.5693182945251465,,
119250,15.726191520690918,0.05,-5.396629333496094,,
119300,6.331606388092041,0.05,-4.630904197692871,,
119350,0.45658692717552185,0.05,-3.6783580780029297,,
119400,2.4000442028045654,0.05,-6.365394115447998,,
119450,0.853986918926239,0.05,-5.417503833770752,,
119500,9.015262603759766,0.05,-4.507480144500732,,
119550,16.136972427368164,0.05,-4.60286283493042,,
119600,10.898399353027344,0.05,-4.52083158493042,,
119650,9.488749504089355,0.05,-3.6937320232391357,,
119700,12.930580139160156,0.05,-5.921100616455078,,
119750,7.134912967681885,0.05,-4.975818157196045,,
119800,6.411741733551025,0.05,-4.974247455596924,,
119850,18.374874114990234,0.05,-5.835435390472412,,
119900,6.118297576904297,0.05,-4.720138072967529,,
119950,5.716026782989502,0.05,-6.066127777099609,,
120000,7.109895706176758,0.05,-5.300171375274658,,
120050,5.267338275909424,0.05,-5.9993743896484375,,
120100,1.9353814125061035,0.05,-4.291236400604248,,
120150,12.065498352050781,0.05,-4.792500019073486,,
120200,9.639409065246582,0.05,-4.836584568023682,,
120250,0.42632460594177246,0.05,-4.351028919219971,,
120300,16.31122398376465,0.05,-5.34174919128418,,
120350,14.245231628417969,0.05,-6.242130756378174,,
120400,1.2929177284240723,0.05,-7.941540241241455,,
120450,19.605581283569336,0.05,-4.630490779876709,,
120500,5.303140163421631,0.05,-4.74058198928833,,
120550,8.15637493133545,0.05,-5.942159175872803,,
120600,0.8984441161155701,0.05,-4.790515422821045,,
120650,6.043468475341797,0.05,-4.966104030609131,,
120700,0.9716804623603821,0.05,-3.5975024700164795,,
120750,23.954702377319336,0.05,-6.073256969451904,,
120800,0.4807468354701996,0.05,-4.834270000457764,,
120850,18.360071182250977,0.05,-6.426435947418213,,
120900,1.9065877199172974,0.05,-5.30076265335083,,
120950,1.7654576301574707,0.05,-4.716312885284424,,
121000,14.10357666015625,0.05,-6.1908955574035645,,
121050,8.366084098815918,0.05,-4.945274829864502,,
121100,8.624613761901855,0.05,-5.8321404457092285,,
121150,2.696669578552246,0.05,-5.78051233291626,,
121200,0.6712403297424316,0.05,-4.623955249786377,,
121250,5.71820068359375,0.05,-5.3248162269592285,,
121300,6.963365077972412,0.05,-5.348072052001953,,
121350,13.196351051330566,0.05,-4.843836307525635,,
121400,18.599811553955078,0.05,-6.244624614715576,,
121450,6.435825347900391,0.05,-3.902531385421753,,
121500,12.182988166809082,0.05,-4.758323669433594,,
121550,4.948662281036377,0.05,-5.256917476654053,,
121600,12.444668769836426,0.05,-5.392530918121338,,
121650,0.547023594379425,0.05,-4.330458641052246,,
121700,2.505335569381714,0.05,-4.0969061851501465,,
121750,12.039278984069824,0.05,-5.2938127517700195,,
121800,3.8573696613311768,0.05,-3.047797203063965,,
121850,0.6601281762123108,0.05,-4.5983662605285645,,
121900,2.221203565597534,0.05,-5.52882719039917,,
121950,7.76301908493042,0.05,-4.735104560852051,,
122000,0.40444114804267883,0.05,-4.5743536949157715,,
122050,1.4379523992538452,0.05,-5.338596343994141,,
122100,5.2694549560546875,0.05,-4.515495300292969,,
122150,13.797953605651855,0.05,-5.589017391204834,,
122200,23.516456604003906,0.05,-4.599328517913818,,
122250,6.7058234214782715,0.05,-4.520437717437744,,
122300,2.1268351078033447,0.05,-5.2223968505859375,,
122350,13.320053100585938,0.05,-4.676675319671631,,
122400,5.874910831451416,0.05,-4.955324649810791,,
122450,9.725101470947266,0.05,-7.068981647491455,,
122500,18.53534507751465,0.05,-5.040605545043945,,
122550,5.745603084564209,0.05,-3.4182446002960205,,
122600,10.541449546813965,0.05,-5.104316234588623,,
122650,28.28380584716797,0.05,-5.931673526763916,,
122700,10.186600685119629,0.05,-5.119973182678223,,
122750,1.4771236181259155,0.05,-4.75230598449707,,
122800,2.052290678024292,0.05,-7.098984241485596,,
122850,3.1458215713500977,0.05,-5.396763324737549,,
122900,13.668937683105469,0.05,-5.817591190338135,,
122950,2.823376417160034,0.05,-5.592769622802734,,
123000,12.668232917785645,0.05,-5.720817565917969,,
123050,12.073397636413574,0.05,-4.7281270027160645,,
123100,8.76601505279541,0.05,-5.836009502410889,,
123150,0.8487891554832458,0.05,-4.823770046234131,,
123200,1.7326370477676392,0.05,-4.261124134063721,,
123250,14.409207344055176,0.05,-4.475237846374512,,
123300,14.252995491027832,0.05,-6.701957702636719,,
123350,19.530014038085938,0.05,-5.205560684204102,,
123400,0.413880854845047,0.05,-5.5705084800720215,,
123450,7.012435436248779,0.05,-4.574258804321289,,
123500,0.6664260029792786,0.05,-5.6869940757751465,,
123550,4.944177627563477,0.05,-5.946819305419922,,
123600,10.785836219787598,0.05,-5.799973964691162,,
123650,0.8289945125579834,0.05,-5.365309238433838,,
123700,9.434545516967773,0.05,-3.8369691371917725,,
123750,21.588083267211914,0.05,-5.464898586273193,,
123800,1.7892732620239258,0.05,-4.594262599945068,,
123850,4.737684726715088,0.05,-5.8937554359436035,,
123900,8.318366050720215,0.05,-5.725715637207031,,
123950,13.276556968688965,0.05,-5.919753551483154,,
124000,0.7533702850341797,0.05,-3.975072145462036,,
124050,4.784688472747803,0.05,-4.901195526123047,,
124100,11.799091339111328,0.05,-4.561996936798096,,
124150,14.94433307647705,0.05,-4.691077709197998,,
124200,1.2229739427566528,0.05,-4.781959533691406,,
124250,0.28647467494010925,0.05,-5.0130391120910645,,
124300,7.140971660614014,0.05,-3.91817307472229,,
124350,3.08975887298584,0.05,-5.000051498413086,,
124400,0.799985945224762,0.05,-4.478226184844971,,
124450,17.30213737487793,0.05,-5.344046115875244,,
124500,14.15125560760498,0.05,-5.764100551605225,,
124550,0.8449931740760803,0.05,-4.387120246887207,,
124600,6.568565845489502,0.05,-4.4158244132995605,,
124650,9.980148315429688,0.05,-5.0145745277404785,,
124700,6.549881458282471,0.05,-5.3809895515441895,,
124750,12.41126537322998,0.05,-5.425610065460205,,
124800,5.785624027252197,0.05,-5.0891828536987305,,
124850,3.0072336196899414,0.05,-6.309860706329346,,
124900,0.2738425135612488,0.05,-4.115183353424072,,
124950,10.86845874786377,0.05,-5.757747173309326,,
125000,9.39592170715332,0.05,-6.603311061859131,-1.4154782087444586,46.13333333333333
125050,7.134045124053955,0.05,-4.966678142547607,,
125100,2.226346731185913,0.05,-6.242422580718994,,
125150,3.0116021633148193,0.05,-6.285970687866211,,
125200,5.932806491851807,0.05,-4.149467945098877,,
125250,11.59701156616211,0.05,-4.349729061126709,,
125300,12.152054786682129,0.05,-4.3982954025268555,,
125350,14.520953178405762,0.05,-5.650413990020752,,
125400,7.6894073486328125,0.05,-4.49332857131958,,
125450,3.3784313201904297,0.05,-6.448374271392822,,
125500,6.487586975097656,0.05,-4.825762748718262,,
125550,16.52171516418457,0.05,-5.195568084716797,,
125600,4.296536922454834,0.05,-6.775833606719971,,
125650,14.874981880187988,0.05,-6.8754401206970215,,
125700,4.778244495391846,0.05,-5.347198963165283,,
125750,0.5410290360450745,0.05,-4.44982385635376,,
125800,17.662736892700195,0.05,-5.273591995239258,,
125850,14.713349342346191,0.05,-6.8606133460998535,,
125900,10.927993774414062,0.05,-7.422582626342773,,
125950,1.6426926851272583,0.05,-7.046899318695068,,
126000,17.16727638244629,0.05,-5.263174057006836,,
126050,7.554388046264648,0.05,-5.60753870010376,,
126100,8.00644302368164,0.05,-5.6019511222839355,,
126150,2.2177789211273193,0.05,-5.661647796630859,,
126200,10.737876892089844,0.05,-6.362438201904297,,
126250,18.56227684020996,0.05,-7.242909908294678,,
126300,18.77933692932129,0.05,-4.609968662261963,,
126350,0.5236374735832214,0.05,-4.944692134857178,,
126400,21.907766342163086,0.05,-5.960187911987305,,
126450,10.205146789550781,0.05,-3.9719412326812744,,
126500,4.237680912017822,0.05,-6.061683177947998,,
126550,3.0548629760742188,0.05,-5.997732639312744,,
126600,22.734140396118164,0.05,-4.4435954093933105,,
126650,17.39870262145996,0.05,-5.907973766326904,,
126700,3.4589407444000244,0.05,-4.328646183013916,,
126750,12.590834617614746,0.05,-4.684378147125244,,
126800,0.6328458189964294,0.05,-3.643552541732788,,
126850,8.5628023147583,0.05,-5.785925388336182,,
126900,8.033427238464355,0.05,-5.310780048370361,,
126950,0.7700974345207214,0.05,-6.750935077667236,,
127000,17.16613006591797,0.05,-6.982035160064697,,
127050,8.475878715515137,0.05,-5.868669033050537,,
127100,16.2005558013916,0.05,-6.256369113922119,,
127150,0.5394836068153381,0.05,-3.8995702266693115,,
127200,13.83498764038086,0.05,-5.630939960479736,,
127250,1.2891265153884888,0.05,-7.0882744789123535,,
127300,13.491618156433105,0.05,-4.333907604217529,,
127350,8.618952751159668,0.05,-7.037721157073975,,
127400,11.388679504394531,0.05,-5.0702619552612305,,
127450,10.835338592529297,0.05,-4.680752754211426,,
127500,0.359506219625473,0.05,-5.761068344116211,,
127550,9.333647727966309,0.05,-4.655165195465088,,
127600,9.475601196289062,0.05,-4.180025100708008,,
127650,21.441591262817383,0.05,-6.8585205078125,,
127700,8.770028114318848,0.05,-4.780307292938232,,
127750,10.782319068908691,0.05,-7.264321804046631,,
127800,0.860090434551239,0.05,-4.374414920806885,,
127850,7.944157123565674,0.05,-4.83754301071167,,
127900,11.758111000061035,0.05,-4.447841167449951,,
127950,4.571003437042236,0.05,-4.590578079223633,,
128000,13.127154350280762,0.05,-5.094503879547119,,
128050,16.47734260559082,0.05,-6.694273471832275,,
128100,1.3280868530273438,0.05,-5.063439846038818,,
128150,7.532644748687744,0.05,-4.581690311431885,,
128200,5.128025054931641,0.05,-7.232115268707275,,
128250,0.973578691482544,0.05,-4.730591297149658,,
128300,2.547009229660034,0.05,-5.888741970062256,,
128350,2.523566722869873,0.05,-6.1689324378967285,,
128400,4.749232292175293,0.05,-6.306131839752197,,
128450,6.372813701629639,0.05,-5.471496105194092,,
128500,7.5911335945129395,0.05,-4.912181854248047,,
128550,13.488162994384766,0.05,-6.828408718109131,,
128600,12.101421356201172,0.05,-4.676938533782959,,
128650,25.809900283813477,0.05,-5.3635406494140625,,
128700,10.525961875915527,0.05,-7.297443866729736,,
128750,2.185617685317993,0.05,-4.96484899520874,,
128800,1.9072908163070679,0.05,-4.682768821716309,,
128850,24.394834518432617,0.05,-4.326883316040039,,
128900,15.061753273010254,0.05,-6.450197219848633,,
128950,17.478866577148438,0.05,-5.148750305175781,,
129000,8.703824043273926,0.05,-3.7730515003204346,,
129050,18.42588996887207,0.05,-4.310727119445801,,
129100,27.65142822265625,0.05,-5.323719501495361,,
129150,3.255169153213501,0.05,-5.216624736785889,,
129200,2.9747912883758545,0.05,-4.503404140472412,,
129250,4.5032830238342285,0.05,-6.781472682952881,,
129300,12.293694496154785,0.05,-5.6504364013671875,,
129350,8.169163703918457,0.05,-5.228291034698486,,
129400,0.3809567987918854,0.05,-5.063979625701904,,
129450,20.415510177612305,0.05,-5.4236159324646,,
129500,2.2766053676605225,0.05,-5.506216526031494,,
129550,8.821867942810059,0.05,-6.987502574920654,,
129600,0.46739462018013,0.05,-3.943986177444458,,
129650,9.313332557678223,0.05,-5.611022472381592,,
129700,5.127712726593018,0.05,-5.187280654907227,,
129750,13.880969047546387,0.05,-6.37589693069458,,
129800,8.90865421295166,0.05,-5.441512584686279,,
129850,8.54431438446045,0.05,-4.1173014640808105,,
129900,6.503547668457031,0.05,-4.439777374267578,,
129950,5.378066539764404,0.05,-4.3038153648376465,,
130000,11.392139434814453,0.05,-5.711725234985352,,
130050,13.19374942779541,0.05,-4.571689128875732,,
130100,17.685338973999023,0.05,-6.453847408294678,,
130150,21.721342086791992,0.05,-6.102748870849609,,
130200,9.097149848937988,0.05,-5.893502712249756,,
130250,1.4857240915298462,0.05,-5.409378528594971,,
130300,14.346884727478027,0.05,-6.817096710205078,,
130350,0.9633675217628479,0.05,-4.948352813720703,,
130400,22.719518661499023,0.05,-6.0150933265686035,,
130450,9.457623481750488,0.05,-6.258448123931885,,
130500,3.942643165588379,0.05,-5.269071578979492,,
130550,2.677194595336914,0.05,-4.891855239868164,,
130600,0.6055312156677246,0.05,-6.377191543579102,,
130650,16.079862594604492,0.05,-4.86846399307251,,
130700,6.9785308837890625,0.05,-4.066079139709473,,
130750,10.920668601989746,0.05,-6.470547199249268,,
130800,7.86487340927124,0.05,-5.153006076812744,,
130850,10.029094696044922,0.05,-4.086483478546143,,
130900,5.117369651794434,0.05,-4.590759754180908,,
130950,27.512041091918945,0.05,-5.267719745635986,,
131000,5.634355068206787,0.05,-4.568648815155029,,
131050,14.865551948547363,0.05,-5.657771587371826,,
131100,0.5629498958587646,0.05,-4.103147506713867,,
131150,25.748804092407227,0.05,-4.814047813415527,,
131200,0.46006956696510315,0.05,-4.7258076667785645,,
131250,10.722640991210938,0.05,-6.106327533721924,,
131300,7.150162220001221,0.05,-6.102375030517578,,
131350,9.192903518676758,0.05,-4.126576900482178,,
131400,19.55975914001465,0.05,-5.530405521392822,,
131450,8.28121280670166,0.05,-6.160619735717773,,
131500,0.4213687479496002,0.05,-3.891993284225464,,
131550,0.6761558055877686,0.05,-4.924401760101318,,
131600,6.491580963134766,0.05,-4.531623363494873,,
131650,12.832489013671875,0.05,-5.039927005767822,,
131700,1.0931923389434814,0.05,-4.841151237487793,,
131750,2.2962214946746826,0.05,-6.127776622772217,,
131800,5.3689727783203125,0.05,-4.906753063201904,,
131850,10.60174560546875,0.05,-6.418339252471924,,
131900,5.9874420166015625,0.05,-4.846442699432373,,
131950,4.326318264007568,0.05,-4.708992004394531,,
132000,3.2501840591430664,0.05,-5.183961868286133,,
132050,0.586578369140625,0.05,-5.99432897567749,,
132100,8.45682430267334,0.05,-4.983636379241943,,
132150,2.1879336833953857,0.05,-5.975421905517578,,
132200,2.9276883602142334,0.05,-6.250154972076416,,
132250,1.2069320678710938,0.05,-4.791543483734131,,
132300,7.757068634033203,0.05,-5.88671875,,
132350,9.759371757507324,0.05,-6.770287036895752,,
132400,4.075711250305176,0.05,-4.082367897033691,,
132450,2.827286958694458,0.05,-4.938360691070557,,
132500,12.892005920410156,0.05,-5.846759796142578,,
132550,8.071002006530762,0.05,-5.733863830566406,,
132600,14.821797370910645,0.05,-4.441335201263428,,
132650,10.93033218383789,0.05,-6.180883407592773,,
132700,0.15888665616512299,0.05,-3.793825149536133,,
132750,16.053030014038086,0.05,-5.789684295654297,,
132800,0.5276327729225159,0.05,-4.109987735748291,,
132850,3.1962459087371826,0.05,-4.7226762771606445,,
132900,9.942048072814941,0.05,-6.36334753036499,,
132950,7.455254077911377,0.05,-5.773477077484131,,
133000,5.64657735824585,0.05,-6.160948276519775,,
133050,11.52768611907959,0.05,-5.687297821044922,,
133100,0.9957993030548096,0.05,-5.743464946746826,,
133150,2.564565420150757,0.05,-6.299265384674072,,
133200,7.73434591293335,0.05,-5.904198169708252,,
133250,6.342992782592773,0.05,-5.252727031707764,,
133300,10.618725776672363,0.05,-5.588367462158203,,
133350,6.7745280265808105,0.05,-3.7749271392822266,,
133400,5.3328118324279785,0.05,-3.8984358310699463,,
133450,0.15823586285114288,0.05,-3.7544281482696533,,
133500,2.378990411758423,0.05,-4.485793590545654,,
133550,1.2132896184921265,0.05,-4.1883978843688965,,
133600,9.5104398727417,0.05,-3.9263546466827393,,
133650,2.538971185684204,0.05,-4.680027008056641,,
133700,0.5835701823234558,0.05,-4.120062351226807,,
133750,8.673623085021973,0.05,-5.7766804695129395,,
133800,4.958337306976318,0.05,-3.9554941654205322,,
133850,6.625137805938721,0.05,-4.02254056930542,,
133900,14.751250267028809,0.05,-6.472541332244873,,
133950,3.686366319656372,0.05,-4.091736316680908,,
134000,4.032217502593994,0.05,-6.075725078582764,,
134050,7.103036880493164,0.05,-4.519566059112549,,
134100,0.44237077236175537,0.05,-3.6852972507476807,,
134150,8.604968070983887,0.05,-6.02236795425415,,
134200,1.190751552581787,0.05,-4.115787506103516,,
134250,14.161659240722656,0.05,-4.774456977844238,,
134300,6.385534286499023,0.05,-5.517017364501953,,
134350,0.5159154534339905,0.05,-5.465385437011719,,
134400,10.159319877624512,0.05,-4.192829608917236,,
134450,8.133296012878418,0.05,-5.976945877075195,,
134500,6.87190580368042,0.05,-6.145965576171875,,
134550,5.856943130493164,0.05,-4.591721057891846,,
134600,2.498389482498169,0.05,-4.725838661193848,,
134650,0.9262542128562927,0.05,-6.34892463684082,,
134700,12.939167976379395,0.05,-5.012309551239014,,
134750,2.5468900203704834,0.05,-5.418346881866455,,
134800,5.305873394012451,0.05,-4.706890106201172,,
134850,12.598381042480469,0.05,-6.480621814727783,,
134900,11.852100372314453,0.05,-5.0690016746521,,
134950,17.482276916503906,0.05,-5.841368198394775,,
135000,4.5252299308776855,0.05,-3.633420944213867,,
135050,8.115092277526855,0.05,-6.05030632019043,,
135100,7.1820454597473145,0.05,-5.348196506500244,,
135150,20.983510971069336,0.05,-5.744761943817139,,
135200,7.459043025970459,0.05,-5.669972896575928,,
135250,0.931752622127533,0.05,-4.551501750946045,,
135300,17.160863876342773,0.05,-5.117781639099121,,
135350,4.588760852813721,0.05,-6.051433563232422,,
135400,10.867301940917969,0.05,-4.575035572052002,,
135450,1.0429461002349854,0.05,-4.9655232429504395,,
135500,0.7111523747444153,0.05,-3.8413875102996826,,
135550,8.868742942810059,0.05,-5.536993503570557,,
135600,12.948561668395996,0.05,-6.2954559326171875,,
135650,5.192534446716309,0.05,-4.239634037017822,,
135700,2.327737808227539,0.05,-4.850683689117432,,
135750,22.156089782714844,0.05,-5.547461032867432,,
135800,5.436063289642334,0.05,-5.203952312469482,,
135850,7.585257053375244,0.05,-5.010350704193115,,
135900,0.23720376193523407,0.05,-3.6624791622161865,,
135950,6.303285598754883,0.05,-3.9782869815826416,,
136000,25.355941772460938,0.05,-7.080097675323486,,
136050,6.6734185218811035,0.05,-5.331701278686523,,
136100,23.483617782592773,0.05,-4.946606636047363,,
136150,13.729634284973145,0.05,-5.514499664306641,,
136200,5.259561061859131,0.05,-5.726215362548828,,
136250,8.43923568725586,0.05,-6.264471530914307,,
136300,9.252997398376465,0.05,-4.36242151260376,,
136350,4.4541802406311035,0.05,-4.2974629402160645,,
136400,21.69690704345703,0.05,-4.55744743347168,,
136450,8.142438888549805,0.05,-4.842864036560059,,
136500,6.554128170013428,0.05,-4.976937770843506,,
136550,11.526427268981934,0.05,-4.416803359985352,,
136600,27.287691116333008,0.05,-5.4047532081604,,
136650,9.78600025177002,0.05,-4.0656046867370605,,
136700,1.0922396183013916,0.05,-5.804450511932373,,
136750,2.0276052951812744,0.05,-4.945187091827393,,
136800,3.0166969299316406,0.05,-6.385381698608398,,
136850,1.4237455129623413,0.05,-4.630732536315918,,
136900,13.700339317321777,0.05,-5.238022327423096,,
136950,11.564144134521484,0.05,-4.019601345062256,,
137000,13.383769035339355,0.05,-4.934627056121826,,
137050,9.659014701843262,0.05,-5.996816158294678,,
137100,16.19569206237793,0.05,-7.180936813354492,,
137150,4.660674571990967,0.05,-5.344315052032471,,
137200,4.431865215301514,0.05,-5.186685085296631,,
137250,15.011868476867676,0.05,-5.601577281951904,,
137300,1.9816945791244507,0.05,-6.13782262802124,,
137350,6.274730205535889,0.05,-4.927797794342041,,
137400,11.834858894348145,0.05,-5.726414203643799,,
137450,15.377177238464355,0.05,-6.478033065795898,,
137500,17.903684616088867,0.05,-5.508967876434326,,
137550,13.280367851257324,0.05,-5.94649076461792,,
137600,7.405397891998291,0.05,-5.1834282875061035,,
137650,13.860298156738281,0.05,-5.17030668258667,,
137700,5.892911911010742,0.05,-5.144838809967041,,
137750,3.310499429702759,0.05,-5.2427239418029785,,
137800,1.1536235809326172,0.05,-4.748378753662109,,
137850,6.382011413574219,0.05,-3.7558066844940186,,
137900,7.560104846954346,0.05,-5.4292521476745605,,
137950,6.3714599609375,0.05,-4.562079906463623,,
138000,5.376499652862549,0.05,-4.271552085876465,,
138050,6.973321914672852,0.05,-4.977560043334961,,
138100,13.961562156677246,0.05,-6.35136079788208,,
138150,7.598813533782959,0.05,-4.579969882965088,,
138200,8.043566703796387,0.05,-4.704707622528076,,
138250,1.2533735036849976,0.05,-4.421773910522461,,
138300,2.699260950088501,0.05,-5.636228084564209,,
138350,3.311429262161255,0.05,-4.368932723999023,,
138400,6.019832134246826,0.05,-5.007841110229492,,
138450,2.3466556072235107,0.05,-4.478848934173584,,
138500,4.971988201141357,0.05,-5.293792724609375,,
138550,9.921158790588379,0.05,-4.945267677307129,,
138600,4.365617275238037,0.05,-4.213799953460693,,
138650,0.8372432589530945,0.05,-4.664801597595215,,
138700,0.35645368695259094,0.05,-4.123544216156006,,
138750,2.3932783603668213,0.05,-4.533658504486084,,
138800,0.25833073258399963,0.05,-3.640305280685425,,
138850,3.6336402893066406,0.05,-4.809194087982178,,
138900,8.163018226623535,0.05,-6.689013957977295,,
138950,2.8067619800567627,0.05,-4.802836894989014,,
139000,8.536330223083496,0.05,-4.858166217803955,,
139050,13.30013656616211,0.05,-5.856473445892334,,
139100,6.316978454589844,0.05,-6.459804534912109,,
139150,12.800002098083496,0.05,-5.467254638671875,,
139200,0.488602876663208,0.05,-4.735345840454102,,
139250,4.157955646514893,0.05,-4.425722599029541,,
139300,0.24934355914592743,0.05,-3.305516242980957,,
139350,6.299749851226807,0.05,-4.287425994873047,,
139400,1.753261923789978,0.05,-4.895229816436768,,
139450,10.0272216796875,0.05,-4.491246700286865,,
139500,6.670125961303711,0.05,-4.951882839202881,,
139550,12.685826301574707,0.05,-4.078250885009766,,
139600,11.311219215393066,0.05,-4.552198886871338,,
139650,1.1071977615356445,0.05,-4.508791923522949,,
139700,5.010029315948486,0.05,-4.975975513458252,,
139750,5.302153587341309,0.05,-3.8915998935699463,,
139800,13.810131072998047,0.05,-6.967931747436523,,
139850,1.4932111501693726,0.05,-4.013320446014404,,
139900,20.05674934387207,0.05,-6.465843677520752,,
139950,31.72646141052246,0.05,-4.627358913421631,,
140000,1.7340255975723267,0.05,-4.6419291496276855,,
140050,24.556943893432617,0.05,-6.978270053863525,,
140100,6.317180633544922,0.05,-5.844943523406982,,
140150,18.006351470947266,0.05,-4.700994491577148,,
140200,4.540660381317139,0.05,-6.9250006675720215,,
140250,0.13750958442687988,0.05,-5.600063323974609,,
140300,11.605393409729004,0.05,-5.905082702636719,,
140350,14.325752258300781,0.05,-5.423976898193359,,
140400,9.094880104064941,0.05,-5.522491931915283,,
140450,0.22260235249996185,0.05,-4.662749290466309,,
140500,7.061560153961182,0.05,-5.964629650115967,,
140550,10.078163146972656,0.05,-7.2988600730896,,
140600,1.2981188297271729,0.05,-4.402061939239502,,
140650,6.733670711517334,0.05,-6.372408390045166,,
140700,1.0557446479797363,0.05,-5.517754077911377,,
140750,6.889246463775635,0.05,-6.406733989715576,,
140800,10.94510269165039,0.05,-4.546256065368652,,
140850,5.800697326660156,0.05,-4.0986104011535645,,
140900,4.418515682220459,0.05,-4.247684001922607,,
140950,15.622440338134766,0.05,-5.656888961791992,,
141000,6.231586933135986,0.05,-6.236911773681641,,
141050,13.84521484375,0.05,-5.445058345794678,,
141100,14.688126564025879,0.05,-4.857198238372803,,
141150,11.875694274902344,0.05,-6.079740524291992,,
141200,28.417694091796875,0.05,-6.84119176864624,,
141250,12.187381744384766,0.05,-5.244913101196289,,
141300,0.35320356488227844,0.05,-3.4995765686035156,,
141350,13.332722663879395,0.05,-5.18839693069458,,
141400,6.8621907234191895,0.05,-6.58749532699585,,
141450,19.813190460205078,0.05,-5.950124263763428,,
141500,6.886765956878662,0.05,-4.265859603881836,,
141550,4.226365566253662,0.05,-4.5222015380859375,,
141600,17.56781578063965,0.05,-5.564769744873047,,
141650,14.176239967346191,0.05,-4.43455171585083,,
141700,11.29828929901123,0.05,-6.071197032928467,,
141750,1.9740279912948608,0.05,-5.290898323059082,,
141800,16.936655044555664,0.05,-5.858874797821045,,
141850,0.3499443531036377,0.05,-3.808394193649292,,
141900,13.925498962402344,0.05,-5.077132701873779,,
141950,3.774949789047241,0.05,-4.475344181060791,,
142000,4.731534481048584,0.05,-4.8616156578063965,,
142050,5.337950229644775,0.05,-4.4612717628479,,
142100,9.190746307373047,0.05,-4.140462875366211,,
142150,9.85141658782959,0.05,-4.794915199279785,,
142200,5.1452860832214355,0.05,-6.056461811065674,,
142250,1.5448368787765503,0.05,-5.64861536026001,,
142300,9.243645668029785,0.05,-5.118194580078125,,
142350,4.91984224319458,0.05,-4.0166096687316895,,
142400,12.259876251220703,0.05,-7.019105911254883,,
142450,4.601471900939941,0.05,-5.896249771118164,,
142500,15.388033866882324,0.05,-4.762417316436768,,
142550,8.938397407531738,0.05,-4.7911295890808105,,
142600,11.294938087463379,0.05,-5.161270618438721,,
142650,2.233997344970703,0.05,-4.613562107086182,,
142700,8.9816312789917,0.05,-5.011358261108398,,
142750,3.075037717819214,0.05,-5.791795253753662,,
142800,20.312822341918945,0.05,-6.181980609893799,,
142850,17.394346237182617,0.05,-4.5923075675964355,,
142900,5.627445697784424,0.05,-5.239350318908691,,
142950,11.08145809173584,0.05,-4.056779384613037,,
143000,21.103229522705078,0.05,-6.061401844024658,,
143050,0.49532175064086914,0.05,-5.074246883392334,,
143100,7.772552967071533,0.05,-5.177139759063721,,
143150,13.166241645812988,0.05,-4.984289646148682,,
143200,1.53242027759552,0.05,-4.398397445678711,,
143250,4.837518215179443,0.05,-4.3972344398498535,,
143300,5.563724517822266,0.05,-6.621998310089111,,
143350,4.966200828552246,0.05,-3.9517886638641357,,
143400,11.065547943115234,0.05,-6.983140468597412,,
143450,0.7804260849952698,0.05,-5.274700164794922,,
143500,17.984375,0.05,-5.749556064605713,,
143550,23.047155380249023,0.05,-6.50302267074585,,
143600,19.693092346191406,0.05,-5.659610271453857,,
143650,21.083189010620117,0.05,-4.504997730255127,,
143700,1.5944323539733887,0.05,-4.838805675506592,,
143750,17.460968017578125,0.05,-6.889185428619385,,
143800,0.7548386454582214,0.05,-4.629251003265381,,
143850,12.255415916442871,0.05,-6.938413143157959,,
143900,3.38006591796875,0.05,-7.101617336273193,,
143950,15.968029975891113,0.05,-5.868938446044922,,
144000,28.076108932495117,0.05,-4.923847675323486,,
144050,0.38873645663261414,0.05,-4.831749439239502,,
144100,18.081628799438477,0.05,-6.750223159790039,,
144150,21.745323181152344,0.05,-5.8868231773376465,,
144200,16.519527435302734,0.05,-5.550291538238525,,
144250,9.659167289733887,0.05,-5.360523700714111,,
144300,8.861608505249023,0.05,-4.223564624786377,,
144350,15.425480842590332,0.05,-5.3526082038879395,,
144400,9.32280445098877,0.05,-5.944539546966553,,
144450,29.302701950073242,0.05,-5.3865814208984375,,
144500,9.420618057250977,0.05,-5.051750183105469,,
144550,6.324306488037109,0.05,-4.668345928192139,,
144600,5.529453754425049,0.05,-4.0298542976379395,,
144650,5.646181106567383,0.05,-4.313972473144531,,
144700,9.898458480834961,0.05,-5.222866058349609,,
144750,9.649382591247559,0.05,-5.294378757476807,,
144800,11.769402503967285,0.05,-4.487844467163086,,
144850,14.687748908996582,0.05,-6.832527160644531,,
144900,2.9400415420532227,0.05,-4.725454807281494,,
144950,0.519366979598999,0.05,-4.697880268096924,,
145000,11.666191101074219,0.05,-5.375280380249023,,
145050,4.16979455947876,0.05,-4.373396396636963,,
145100,6.897456645965576,0.05,-4.882587909698486,,
145150,14.849772453308105,0.05,-4.372478008270264,,
145200,0.9249622821807861,0.05,-4.454542636871338,,
145250,7.743162631988525,0.05,-4.751694679260254,,
145300,4.175436496734619,0.05,-5.390467166900635,,
145350,7.237495422363281,0.05,-4.206014156341553,,
145400,8.915582656860352,0.05,-4.9753642082214355,,
145450,0.4433974325656891,0.05,-3.614058494567871,,
145500,16.819541931152344,0.05,-4.9123921394348145,,
145550,1.4350838661193848,0.05,-5.171626567840576,,
145600,10.828479766845703,0.05,-5.3626580238342285,,
145650,7.40220832824707,0.05,-4.066858291625977,,
145700,1.56499183177948,0.05,-5.125147819519043,,
145750,6.151304244995117,0.05,-5.423437118530273,,
145800,0.25176000595092773,0.05,-5.169758319854736,,
145850,8.959012031555176,0.05,-4.440994739532471,,
145900,0.4583425223827362,0.05,-4.332396030426025,,
145950,4.855160236358643,0.05,-5.438844680786133,,
146000,6.038947582244873,0.05,-4.141678333282471,,
146050,6.9315924644470215,0.05,-5.408650875091553,,
146100,4.016050338745117,0.05,-6.383733749389648,,
146150,8.194926261901855,0.05,-3.9662210941314697,,
146200,0.44229820370674133,0.05,-4.588753700256348,,
146250,0.7840917110443115,0.05,-3.9820117950439453,,
146300,7.714306354522705,0.05,-4.988003253936768,,
146350,3.307013511657715,0.05,-4.856171131134033,,
146400,3.0129082202911377,0.05,-5.243093967437744,,
146450,7.025538921356201,0.05,-4.951331615447998,,
146500,4.578790187835693,0.05,-5.243434906005859,,
146550,23.590482711791992,0.05,-5.8321213722229,,
146600,20.818445205688477,0.05,-5.707757949829102,,
146650,11.537132263183594,0.05,-5.747272491455078,,
146700,0.6611337065696716,0.05,-4.1028642654418945,,
146750,1.6137276887893677,0.05,-4.917956829071045,,
146800,6.634968280792236,0.05,-4.727025508880615,,
146850,6.46919584274292,0.05,-4.321014881134033,,
146900,7.4134840965271,0.05,-5.51291036605835,,
146950,4.38306999206543,0.05,-4.029635906219482,,
147000,5.989528656005859,0.05,-4.653234958648682,,
147050,1.3347282409667969,0.05,-4.362053871154785,,
147100,0.1981666535139084,0.05,-3.869025468826294,,
147150,5.738973617553711,0.05,-6.769118785858154,,
147200,6.132456302642822,0.05,-4.3969407081604,,
147250,16.877588272094727,0.05,-4.856884479522705,,
147300,1.1784824132919312,0.05,-4.417635917663574,,
147350,5.680152416229248,0.05,-4.942810535430908,,
147400,8.533621788024902,0.05,-4.72703742980957,,
147450,5.6364617347717285,0.05,-5.0570244789123535,,
147500,0.3668031692504883,0.05,-4.167970180511475,,
147550,6.769359588623047,0.05,-4.403932571411133,,
147600,5.419553279876709,0.05,-4.342034816741943,,
147650,4.5063958168029785,0.05,-5.208387851715088,,
147700,8.860127449035645,0.05,-4.663108825683594,,
147750,3.860586404800415,0.05,-3.980135917663574,,
147800,0.8208858966827393,0.05,-4.756178379058838,,
147850,4.980796813964844,0.05,-4.778694152832031,,
147900,6.585020542144775,0.05,-5.292837619781494,,
147950,4.462042331695557,0.05,-4.226245403289795,,
148000,17.57628631591797,0.05,-6.010135650634766,,
148050,6.418127536773682,0.05,-5.245804786682129,,
148100,7.504665374755859,0.05,-3.969135284423828,,
148150,1.952799916267395,0.05,-4.487231731414795,,
148200,6.54640007019043,0.05,-5.295116901397705,,
148250,0.7002174854278564,0.05,-3.9631054401397705,,
148300,0.24921201169490814,0.05,-4.92854642868042,,
148350,9.441722869873047,0.05,-4.7747273445129395,,
148400,1.4672108888626099,0.05,-4.319422245025635,,
148450,0.7013168334960938,0.05,-4.462857723236084,,
148500,9.769262313842773,0.05,-5.761318206787109,,
148550,17.807313919067383,0.05,-4.880394458770752,,
148600,12.228862762451172,0.05,-4.578639030456543,,
148650,5.914817810058594,0.05,-3.6560733318328857,,
148700,6.065223217010498,0.05,-4.83977746963501,,
148750,6.951178073883057,0.05,-5.64175271987915,,
148800,14.16308307647705,0.05,-5.613980770111084,,
148850,7.194766521453857,0.05,-6.011808395385742,,
148900,9.30454158782959,0.05,-4.056441783905029,,
148950,0.719593346118927,0.05,-6.8232035636901855,,
149000,4.177048206329346,0.05,-5.064065456390381,,
149050,14.861491203308105,0.05,-4.6665472984313965,,
149100,12.433338165283203,0.05,-4.211159706115723,,
149150,8.43572998046875,0.05,-5.028221607208252,,
149200,4.444651126861572,0.05,-5.330874919891357,,
149250,1.3422279357910156,0.05,-4.022845268249512,,
149300,1.417668342590332,0.05,-5.04757022857666,,
149350,8.858125686645508,0.05,-5.33349609375,,
149400,17.049488067626953,0.05,-5.988039493560791,,
149450,6.197246551513672,0.05,-6.1070733070373535,,
149500,5.861700534820557,0.05,-5.021759033203125,,
149550,8.187614440917969,0.05,-4.45842170715332,,
149600,16.522476196289062,0.05,-4.706507205963135,,
149650,0.5771862268447876,0.05,-5.035355567932129,,
149700,8.084144592285156,0.05,-4.763490200042725,,
149750,1.8189247846603394,0.05,-3.8979480266571045,,
149800,5.320448398590088,0.05,-4.117366313934326,,
149850,12.234565734863281,0.05,-3.2215187549591064,,
149900,3.445819616317749,0.05,-5.295918941497803,,
149950,0.7505608201026917,0.05,-4.117336273193359,,
150000,1.081555962562561,0.05,-4.4813714027404785,-0.5862612221634039,26.933333333333337
150050,22.4923152923584,0.05,-4.966669082641602,,
150100,5.543604373931885,0.05,-3.889941930770874,,
150150,17.473522186279297,0.05,-4.605762958526611,,
150200,1.0988675355911255,0.05,-4.812880039215088,,
150250,5.886693477630615,0.05,-4.1869096755981445,,
150300,0.6113047003746033,0.05,-4.030457496643066,,
150350,8.39181900024414,0.05,-5.141578197479248,,
150400,9.832478523254395,0.05,-5.300159931182861,,
150450,1.1708124876022339,0.05,-4.404611587524414,,
150500,16.760000228881836,0.05,-5.803382873535156,,
150550,7.761070728302002,0.05,-3.4922659397125244,,
150600,11.60771656036377,0.05,-3.997403144836426,,
150650,24.093650817871094,0.05,-5.72944450378418,,
150700,14.621874809265137,0.05,-5.301310062408447,,
150750,3.896965265274048,0.05,-3.889235496520996,,
150800,5.081281661987305,0.05,-6.200074672698975,,
150850,0.27075764536857605,0.05,-3.738117218017578,,
150900,15.507603645324707,0.05,-4.9985671043396,,
150950,19.77232551574707,0.05,-5.255980014801025,,
151000,5.479251861572266,0.05,-4.854471206665039,,
151050,4.288781642913818,0.05,-5.993028163909912,,
151100,5.494261264801025,0.05,-4.974517822265625,,
151150,2.828033208847046,0.05,-5.529478073120117,,
151200,4.932137966156006,0.05,-4.85398530960083,,
151250,12.545619010925293,0.05,-4.8957839012146,,
151300,21.816858291625977,0.05,-5.153718948364258,,
151350,6.314693927764893,0.05,-4.222696781158447,,
151400,12.927578926086426,0.05,-5.346489429473877,,
151450,9.280562400817871,0.05,-6.288415908813477,,
151500,11.283873558044434,0.05,-5.188852787017822,,
151550,11.79275131225586,0.05,-5.9511260986328125,,
151600,18.88909339904785,0.05,-3.7673213481903076,,
151650,4.953469753265381,0.05,-5.552579402923584,,
151700,1.174211859703064,0.05,-5.26861047744751,,
151750,2.5720088481903076,0.05,-5.299127101898193,,
151800,0.09592980891466141,0.05,-3.4606616497039795,,
151850,7.096367359161377,0.05,-5.673149585723877,,
151900,3.422013282775879,0.05,-4.979548931121826,,
151950,5.244191646575928,0.05,-6.629748821258545,,
152000,15.593829154968262,0.05,-4.7744221687316895,,
152050,11.846771240234375,0.05,-4.220853805541992,,
152100,12.82024097442627,0.05,-4.835506916046143,,
152150,4.242084503173828,0.05,-4.5885844230651855,,
152200,13.496962547302246,0.05,-5.414601802825928,,
152250,10.277020454406738,0.05,-5.260490417480469,,
152300,1.4644956588745117,0.05,-5.5758442878723145,,
152350,4.210110187530518,0.05,-4.152612686157227,,
152400,5.314267635345459,0.05,-4.953977108001709,,
152450,14.8550443649292,0.05,-4.775706768035889,,
152500,1.4865657091140747,0.05,-5.087469577789307,,
152550,5.091507434844971,0.05,-4.498746395111084,,
152600,22.661684036254883,0.05,-5.271803379058838,,
152650,3.6730525493621826,0.05,-3.7603986263275146,,
152700,5.6961750984191895,0.05,-3.655513048171997,,
152750,8.523240089416504,0.05,-5.940245151519775,,
152800,1.8000558614730835,0.05,-4.345114707946777,,
152850,2.3063461780548096,0.05,-4.51478910446167,,
152900,19.547292709350586,0.05,-5.139022350311279,,
152950,9.32481861114502,0.05,-5.099582672119141,,
153000,1.0058850049972534,0.05,-3.985008478164673,,
153050,0.6968057751655579,0.05,-4.428469657897949,,
153100,15.34409236907959,0.05,-5.288312911987305,,
153150,3.704244613647461,0.05,-7.001941680908203,,
153200,20.682964324951172,0.05,-4.625546455383301,,
153250,19.594131469726562,0.05,-3.6475989818573,,
153300,7.157663822174072,0.05,-5.036851406097412,,
153350,2.760624647140503,0.05,-5.602993488311768,,
153400,3.336461067199707,0.05,-5.163245677947998,,
153450,2.1034162044525146,0.05,-4.596161365509033,,
153500,0.6875188946723938,0.05,-4.887895107269287,,
153550,5.137391567230225,0.05,-4.348354339599609,,
153600,6.256943225860596,0.05,-5.878541469573975,,
153650,2.0404763221740723,0.05,-4.716564655303955,,
153700,0.20415057241916656,0.05,-3.316981554031372,,
153750,5.099483489990234,0.05,-3.500223159790039,,
153800,2.677140474319458,0.05,-4.95038366317749,,
153850,5.675455093383789,0.05,-4.319023609161377,,
153900,3.139153242111206,0.05,-5.09533166885376,,
153950,10.925681114196777,0.05,-4.409470081329346,,
154000,5.238114833831787,0.05,-5.150346755981445,,
154050,1.599063515663147,0.05,-4.488004207611084,,
154100,6.457889556884766,0.05,-4.173035621643066,,
154150,5.076672077178955,0.05,-5.235992431640625,,
154200,8.680442810058594,0.05,-5.94027853012085,,
154250,3.8229424953460693,0.05,-4.542884349822998,,
154300,6.221205234527588,0.05,-4.0472731590271,,
154350,8.831120491027832,0.05,-5.143615245819092,,
154400,2.3634872436523438,0.05,-4.7137274742126465,,
154450,0.22470508515834808,0.05,-2.6770458221435547,,
154500,4.530419826507568,0.05,-5.354551792144775,,
154550,0.5497915148735046,0.05,-4.3210673332214355,,
154600,11.025016784667969,0.05,-6.344386577606201,,
154650,5.872955322265625,0.05,-5.135023593902588,,
154700,6.282751560211182,0.05,-5.165243625640869,,
154750,7.180298328399658,0.05,-6.007061004638672,,
154800,19.654808044433594,0.05,-4.362878799438477,,
154850,18.169981002807617,0.05,-5.983365535736084,,
154900,9.030243873596191,0.05,-5.769069671630859,,
154950,4.752348899841309,0.05,-4.779514789581299,,
155000,8.757380485534668,0.05,-4.912761211395264,,
155050,3.663877487182617,0.05,-4.8185272216796875,,
155100,8.336949348449707,0.05,-5.177693843841553,,
155150,7.749420642852783,0.05,-5.385843753814697,,
155200,0.4480317533016205,0.05,-4.042001247406006,,
155250,11.55405330657959,0.05,-5.411167144775391,,
155300,29.321252822875977,0.05,-4.955102443695068,,
155350,4.373928546905518,0.05,-5.199787616729736,,
155400,4.681528091430664,0.05,-4.531610012054443,,
155450,6.410236835479736,0.05,-7.2009501457214355,,
155500,11.815089225769043,0.05,-4.839877128601074,,
155550,0.4958229064941406,0.05,-4.399182319641113,,
155600,27.28708839416504,0.05,-6.808287143707275,,
155650,5.196104526519775,0.05,-5.295810222625732,,
155700,14.751749992370605,0.05,-4.31593656539917,,
155750,6.727619171142578,0.05,-5.719203472137451,,
155800,6.6691718101501465,0.05,-6.2153000831604,,
155850,16.389320373535156,0.05,-5.957098484039307,,
155900,10.59642219543457,0.05,-5.80095911026001,,
155950,2.6710119247436523,0.05,-4.249486923217773,,
156000,8.144732475280762,0.05,-4.027097225189209,,
156050,0.6317288279533386,0.05,-4.78619909286499,,
156100,4.746509552001953,0.05,-4.593890190124512,,
156150,4.851511478424072,0.05,-4.358958721160889,,
156200,11.154869079589844,0.05,-5.941450595855713,,
156250,7.097684383392334,0.05,-5.0994038581848145,,
156300,16.85285186767578,0.05,-6.411991596221924,,
156350,10.216973304748535,0.05,-7.586627960205078,,
156400,13.242289543151855,0.05,-4.864511966705322,,
156450,0.989640474319458,0.05,-4.005548477172852,,
156500,17.04035186767578,0.05,-5.421874523162842,,
156550,7.432245254516602,0.05,-4.848800182342529,,
156600,6.557100772857666,0.05,-5.417595386505127,,
156650,13.744879722595215,0.05,-5.001018047332764,,
156700,10.590922355651855,0.05,-4.753839015960693,,
156750,9.170435905456543,0.05,-5.377468585968018,,
156800,7.72287130355835,0.05,-4.446028232574463,,
156850,4.591947078704834,0.05,-4.5803704261779785,,
156900,13.896016120910645,0.05,-4.583101749420166,,
156950,0.6696851849555969,0.05,-4.459173679351807,,
157000,15.83868408203125,0.05,-3.614260673522949,,
157050,8.349345207214355,0.05,-5.84075927734375,,
157100,1.8824872970581055,0.05,-5.256822109222412,,
157150,7.401479721069336,0.05,-4.734748363494873,,
157200,6.584705352783203,0.05,-4.285632610321045,,
157250,3.5109920501708984,0.05,-4.9514546394348145,,
157300,4.835750579833984,0.05,-4.720326900482178,,
157350,9.026378631591797,0.05,-6.19582986831665,,
157400,5.223265171051025,0.05,-3.8089311122894287,,
157450,1.474003791809082,0.05,-5.074657440185547,,
157500,3.3738043308258057,0.05,-4.529747009277344,,
157550,1.233587384223938,0.05,-5.812839508056641,,
157600,1.4890365600585938,0.05,-4.3648152351379395,,
157650,4.8652873039245605,0.05,-4.89609956741333,,
157700,1.0554157495498657,0.05,-5.619062423706055,,
157750,8.836526870727539,0.05,-4.385892391204834,,
157800,4.486510753631592,0.05,-4.196201801300049,,
157850,0.5729316473007202,0.05,-4.925795555114746,,
157900,0.5399392247200012,0.05,-4.430443286895752,,
157950,11.933208465576172,0.05,-5.1483683586120605,,
158000,1.3403801918029785,0.05,-4.102704048156738,,
158050,1.8832119703292847,0.05,-5.149526596069336,,
158100,6.239987850189209,0.05,-4.537886619567871,,
158150,6.781590938568115,0.05,-4.979351043701172,,
158200,4.9051103591918945,0.05,-4.540473461151123,,
158250,7.6607232093811035,0.05,-4.473178863525391,,
158300,1.2851897478103638,0.05,-4.217957973480225,,
158350,2.218421697616577,0.05,-4.317870616912842,,
158400,6.0359039306640625,0.05,-4.9339704513549805,,
158450,3.6517114639282227,0.05,-4.349175453186035,,
158500,5.526322841644287,0.05,-4.267900466918945,,
158550,6.616756439208984,0.05,-6.3835320472717285,,
158600,3.924973726272583,0.05,-4.276065826416016,,
158650,24.192541122436523,0.05,-6.8464741706848145,,
158700,11.640899658203125,0.05,-4.731029987335205,,
158750,5.437098026275635,0.05,-5.185814380645752,,
158800,0.5185189247131348,0.05,-6.211013317108154,,
158850,3.9104068279266357,0.05,-3.2077224254608154,,
158900,2.6627304553985596,0.05,-4.603193759918213,,
158950,5.458735942840576,0.05,-5.820886611938477,,
159000,3.7788245677948,0.05,-4.225510120391846,,
159050,15.235122680664062,0.05,-4.260437965393066,,
159100,19.275524139404297,0.05,-5.450313091278076,,
159150,0.7974578738212585,0.05,-4.722827434539795,,
159200,15.16614818572998,0.05,-5.416200160980225,,
159250,1.2707594633102417,0.05,-5.741311550140381,,
159300,14.878888130187988,0.05,-5.025644779205322,,
159350,0.3413871228694916,0.05,-4.683085918426514,,
159400,18.57072639465332,0.05,-5.71721076965332,,
159450,0.2937832474708557,0.05,-4.3839030265808105,,
159500,6.134109973907471,0.05,-7.300380706787109,,
159550,8.282876014709473,0.05,-4.405872821807861,,
159600,22.85443878173828,0.05,-4.848212242126465,,
159650,12.400538444519043,0.05,-5.697696685791016,,
159700,6.603849411010742,0.05,-5.810769557952881,,
159750,1.480155110359192,0.05,-4.083400249481201,,
159800,1.6026333570480347,0.05,-5.647367477416992,,
159850,8.279728889465332,0.05,-5.764770030975342,,
159900,12.057263374328613,0.05,-6.850474834442139,,
159950,4.911752223968506,0.05,-6.095621585845947,,
160000,5.747190475463867,0.05,-4.373061656951904,,
160050,13.850860595703125,0.05,-5.9146270751953125,,
160100,0.989555299282074,0.05,-4.1949782371521,,
160150,15.58599853515625,0.05,-6.834163665771484,,
160200,11.053256034851074,0.05,-5.646647930145264,,
160250,0.7378299236297607,0.05,-4.01003885269165,,
160300,7.133335590362549,0.05,-4.449256420135498,,
160350,3.928828239440918,0.05,-4.770010948181152,,
160400,2.502690553665161,0.05,-4.399535179138184,,
160450,3.819890022277832,0.05,-4.731307506561279,,
160500,4.811285018920898,0.05,-4.252869129180908,,
160550,1.1989961862564087,0.05,-4.518004894256592,,
160600,0.2916060984134674,0.05,-3.9681930541992188,,
160650,4.089887619018555,0.05,-6.39636754989624,,
160700,14.515769004821777,0.05,-5.041197299957275,,
160750,7.90957498550415,0.05,-5.470818042755127,,
160800,1.5132383108139038,0.05,-5.368818283081055,,
160850,7.976398944854736,0.05,-4.461141586303711,,
160900,0.8047294020652771,0.05,-5.2335662841796875,,
160950,5.343606948852539,0.05,-5.487684726715088,,
161000,5.751323699951172,0.05,-4.614316940307617,,
161050,0.5516776442527771,0.05,-4.249654293060303,,
161100,1.1453510522842407,0.05,-5.633232593536377,,
161150,3.3586761951446533,0.05,-5.4586334228515625,,
161200,5.6640167236328125,0.05,-5.384010314941406,,
161250,5.7088494300842285,0.05,-3.3201210498809814,,
161300,0.5089003443717957,0.05,-4.964049339294434,,
161350,10.341357231140137,0.05,-4.3215813636779785,,
161400,25.05385398864746,0.05,-6.09368896484375,,
161450,0.6976816654205322,0.05,-5.225119113922119,,
161500,6.2209343910217285,0.05,-4.4044671058654785,,
161550,16.046804428100586,0.05,-5.058085918426514,,
161600,10.446802139282227,0.05,-5.696586608886719,,
161650,6.492649078369141,0.05,-6.262981414794922,,
161700,13.17917537689209,0.05,-4.903242111206055,,
161750,1.85812509059906,0.05,-4.6802191734313965,,
161800,12.412383079528809,0.05,-5.730770111083984,,
161850,17.351343154907227,0.05,-4.698951721191406,,
161900,7.119739055633545,0.05,-4.361115455627441,,
161950,12.678016662597656,0.05,-8.28239917755127,,
162000,18.459325790405273,0.05,-6.129006862640381,,
162050,1.4248336553573608,0.05,-6.110992908477783,,
162100,5.747580051422119,0.05,-5.55266809463501,,
162150,1.5288761854171753,0.05,-5.15265417098999,,
162200,0.6405665874481201,0.05,-5.464271545410156,,
162250,6.712931156158447,0.05,-5.709447383880615,,
162300,9.208708763122559,0.05,-6.2983078956604,,
162350,0.30671748518943787,0.05,-5.771946430206299,,
162400,0.3579072952270508,0.05,-5.905836582183838,,
162450,12.982378959655762,0.05,-6.148443222045898,,
162500,13.033488273620605,0.05,-5.251891613006592,,
162550,5.701375961303711,0.05,-6.187122344970703,,
162600,0.5873249173164368,0.05,-4.905422687530518,,
162650,0.6870057582855225,0.05,-4.874175548553467,,
162700,17.557647705078125,0.05,-7.858161449432373,,
162750,1.5777708292007446,0.05,-5.486955165863037,,
162800,23.194379806518555,0.05,-5.056663513183594,,
162850,0.4998891055583954,0.05,-4.833017349243164,,
162900,8.521946907043457,0.05,-6.481910705566406,,
162950,14.38120174407959,0.05,-5.952826023101807,,
163000,6.344239711761475,0.05,-5.221079349517822,,
163050,0.830517053604126,0.05,-5.447319507598877,,
163100,0.45717695355415344,0.05,-3.491122007369995,,
163150,2.657982110977173,0.05,-5.206229209899902,,
163200,21.882688522338867,0.05,-6.360269546508789,,
163250,1.5996640920639038,0.05,-6.161538600921631,,
163300,27.391847610473633,0.05,-5.705476760864258,,
163350,4.721862316131592,0.05,-5.672584056854248,,
163400,5.933748245239258,0.05,-7.433694839477539,,
163450,14.410202980041504,0.05,-6.28100061416626,,
163500,7.455970287322998,0.05,-5.200001239776611,,
163550,16.002506256103516,0.05,-5.004478931427002,,
163600,16.93232536315918,0.05,-6.8010735511779785,,
163650,0.5950708389282227,0.05,-4.905566692352295,,
163700,8.313092231750488,0.05,-4.568849086761475,,
163750,10.932685852050781,0.05,-6.072253704071045,,
163800,10.87420654296875,0.05,-6.862355709075928,,
163850,9.414725303649902,0.05,-6.039012908935547,,
163900,11.797240257263184,0.05,-5.848745346069336,,
163950,0.7738972306251526,0.05,-5.332462787628174,,
164000,11.628682136535645,0.05,-6.756932735443115,,
164050,12.37267780303955,0.05,-5.46647310256958,,
164100,12.842301368713379,0.05,-4.50282096862793,,
164150,2.374260187149048,0.05,-4.73443078994751,,
164200,0.7747499346733093,0.05,-4.012024879455566,,
164250,10.861062049865723,0.05,-5.098325252532959,,
164300,6.67811393737793,0.05,-4.766778469085693,,
164350,4.181265830993652,0.05,-4.749711990356445,,
164400,11.064102172851562,0.05,-5.030691146850586,,
164450,8.141888618469238,0.05,-4.499970436096191,,
164500,10.552157402038574,0.05,-5.492096424102783,,
164550,13.451321601867676,0.05,-5.608814239501953,,
164600,9.018925666809082,0.05,-5.935470104217529,,
164650,9.552403450012207,0.05,-6.3335795402526855,,
164700,6.508288860321045,0.05,-4.711874008178711,,
164750,9.155750274658203,0.05,-5.731570720672607,,
164800,3.399245262145996,0.05,-4.979452610015869,,
164850,9.673737525939941,0.05,-7.087063312530518,,
164900,3.235234498977661,0.05,-6.755356311798096,,
164950,5.985136032104492,0.05,-5.498137950897217,,
165000,8.937498092651367,0.05,-6.189632415771484,,
165050,4.724612712860107,0.05,-5.077331066131592,,
165100,0.7582233548164368,0.05,-5.004106044769287,,
165150,1.3340893983840942,0.05,-5.484470844268799,,
165200,3.9299917221069336,0.05,-5.639133930206299,,
165250,5.492313385009766,0.05,-5.726737976074219,,
165300,7.0458083152771,0.05,-6.855785369873047,,
165350,11.914031982421875,0.05,-6.861220836639404,,
165400,13.496623992919922,0.05,-6.329095363616943,,
165450,1.1897372007369995,0.05,-6.1371169090271,,
165500,3.5189027786254883,0.05,-5.667716979980469,,
165550,3.8815698623657227,0.05,-5.740091323852539,,
165600,0.6637499928474426,0.05,-5.609537601470947,,
165650,5.519331455230713,0.05,-4.635384559631348,,
165700,0.4000779092311859,0.05,-5.127725124359131,,
165750,0.40236732363700867,0.05,-5.002543926239014,,
165800,1.2162705659866333,0.05,-4.829692363739014,,
165850,13.367683410644531,0.05,-6.546571254730225,,
165900,8.288971900939941,0.05,-4.742074012756348,,
165950,14.49742603302002,0.05,-5.853908538818359,,
166000,7.283269882202148,0.05,-6.162196636199951,,
166050,8.712333679199219,0.05,-4.564311504364014,,
166100,9.514044761657715,0.05,-5.325690269470215,,
166150,12.159294128417969,0.05,-5.554562091827393,,
166200,18.574655532836914,0.05,-5.187078475952148,,
166250,14.350090026855469,0.05,-4.891971111297607,,
166300,6.106189727783203,0.05,-4.892159938812256,,
166350,0.2963925898075104,0.05,-3.871155023574829,,
166400,7.720982074737549,0.05,-7.206279754638672,,
166450,13.8991060256958,0.05,-5.949556827545166,,
166500,10.681777954101562,0.05,-5.712795734405518,,
166550,3.614633798599243,0.05,-5.49810266494751,,
166600,4.200150012969971,0.05,-4.473412036895752,,
166650,12.829716682434082,0.05,-6.3635430335998535,,
166700,8.236435890197754,0.05,-5.669112682342529,,
166750,0.8163178563117981,0.05,-4.926224708557129,,
166800,0.3604084253311157,0.05,-6.162282466888428,,
166850,17.71220588684082,0.05,-7.116559982299805,,
166900,0.7177345752716064,0.05,-4.871889114379883,,
166950,13.268631935119629,0.05,-6.814709186553955,,
167000,1.0921565294265747,0.05,-5.075377941131592,,
167050,0.6955185532569885,0.05,-6.303069591522217,,
167100,9.744990348815918,0.05,-5.447954177856445,,
167150,11.24285888671875,0.05,-5.3734612464904785,,
167200,9.02006721496582,0.05,-4.298198699951172,,
167250,3.7025279998779297,0.05,-6.413640975952148,,
167300,8.77843952178955,0.05,-6.907273769378662,,
167350,7.245617389678955,0.05,-5.2994866371154785,,
167400,2.871424674987793,0.05,-5.123168468475342,,
167450,5.654122829437256,0.05,-7.0179762840271,,
167500,5.846858501434326,0.05,-4.875880718231201,,
167550,5.914264678955078,0.05,-5.452856540679932,,
167600,2.7602479457855225,0.05,-4.747829914093018,,
167650,1.0449951887130737,0.05,-4.992842197418213,,
167700,6.335639476776123,0.05,-4.580417156219482,,
167750,16.06174087524414,0.05,-6.182321548461914,,
167800,8.324661254882812,0.05,-5.259472846984863,,
167850,2.3417582511901855,0.05,-4.956295967102051,,
167900,5.093032360076904,0.05,-5.657041072845459,,
167950,7.795956134796143,0.05,-4.304245471954346,,
168000,1.2202608585357666,0.05,-4.338148593902588,,
168050,5.75768518447876,0.05,-4.996184825897217,,
168100,10.16130542755127,0.05,-7.173421382904053,,
168150,3.727156639099121,0.05,-5.500620365142822,,
168200,13.590194702148438,0.05,-5.535364151000977,,
168250,14.402207374572754,0.05,-5.936699390411377,,
168300,0.8457334637641907,0.05,-6.684629440307617,,
168350,20.1709041595459,0.05,-6.675443172454834,,
168400,4.300141334533691,0.05,-5.505330562591553,,
168450,9.13343334197998,0.05,-4.609189987182617,,
168500,1.1748547554016113,0.05,-5.307587146759033,,
168550,7.661414623260498,0.05,-5.66352653503418,,
168600,4.65028190612793,0.05,-5.55817985534668,,
168650,8.945984840393066,0.05,-4.869976043701172,,
168700,9.052830696105957,0.05,-4.6190714836120605,,
168750,2.6339056491851807,0.05,-5.382874011993408,,
168800,1.3823633193969727,0.05,-5.666500568389893,,
168850,28.286521911621094,0.05,-5.787603378295898,,
168900,8.694148063659668,0.05,-5.027883529663086,,
168950,18.499122619628906,0.05,-5.355770587921143,,
169000,6.497837066650391,0.05,-4.266058444976807,,
169050,7.186196804046631,0.05,-5.642866611480713,,
169100,0.796052873134613,0.05,-4.626427173614502,,
169150,0.5593689680099487,0.05,-5.462657451629639,,
169200,7.158379077911377,0.05,-4.826894760131836,,
169250,8.588614463806152,0.05,-5.767065525054932,,
169300,10.753798484802246,0.05,-5.203975677490234,,
169350,1.195818543434143,0.05,-3.8259470462799072,,
169400,14.509086608886719,0.05,-4.950608730316162,,
169450,5.938074111938477,0.05,-6.407968997955322,,
169500,4.208328723907471,0.05,-6.968788146972656,,
169550,10.957707405090332,0.05,-5.468760013580322,,
169600,3.797578811645508,0.05,-5.670339107513428,,
169650,13.63240909576416,0.05,-5.9648284912109375,,
169700,18.452669143676758,0.05,-5.38189697265625,,
169750,3.9517173767089844,0.05,-5.957200527191162,,
169800,5.5465617179870605,0.05,-3.90613055229187,,
169850,0.39777347445487976,0.05,-5.1761651039123535,,
169900,1.347920536994934,0.05,-4.60598611831665,,
169950,12.09536361694336,0.05,-5.775167465209961,,
170000,0.3783736228942871,0.05,-5.694756031036377,,
170050,45.69355773925781,0.05,-6.9734320640563965,,
170100,10.45632266998291,0.05,-5.892711639404297,,
170150,19.304014205932617,0.05,-4.832117557525635,,
170200,2.1396243572235107,0.05,-4.995790481567383,,
170250,9.30837345123291,0.05,-6.283718109130859,,
170300,7.911060333251953,0.05,-4.59438419342041,,
170350,15.837298393249512,0.05,-4.351617336273193,,
170400,1.6378756761550903,0.05,-5.09053373336792,,
170450,18.865421295166016,0.05,-4.504661560058594,,
170500,6.368175506591797,0.05,-4.749829292297363,,
170550,8.338743209838867,0.05,-4.620524883270264,,
170600,0.38930562138557434,0.05,-3.9941797256469727,,
170650,0.5037150979042053,0.05,-5.583370208740234,,
170700,0.47156110405921936,0.05,-4.193857192993164,,
170750,4.563982009887695,0.05,-5.941503047943115,,
170800,21.107728958129883,0.05,-5.932714939117432,,
170850,8.148655891418457,0.05,-5.780599594116211,,
170900,22.216585159301758,0.05,-4.695827007293701,,
170950,4.530973434448242,0.05,-3.9902801513671875,,
171000,1.8773249387741089,0.05,-4.153209209442139,,
171050,16.553293228149414,0.05,-4.9682440757751465,,
171100,14.462380409240723,0.05,-5.6220269203186035,,
171150,22.7518367767334,0.05,-6.726990222930908,,
171200,7.467609882354736,0.05,-5.166464328765869,,
171250,16.30459976196289,0.05,-4.704413890838623,,
171300,5.759159088134766,0.05,-5.309579849243164,,
171350,6.296213150024414,0.05,-6.34423303604126,,
171400,4.034151554107666,0.05,-5.3401055335998535,,
171450,4.530439853668213,0.05,-5.724124431610107,,
171500,14.905442237854004,0.05,-5.101359844207764,,
171550,5.264782428741455,0.05,-5.165069103240967,,
171600,0.48977088928222656,0.05,-5.1346306800842285,,
171650,14.176750183105469,0.05,-4.718493461608887,,
171700,0.5414910912513733,0.05,-4.799441814422607,,
171750,28.88960075378418,0.05,-6.329927921295166,,
171800,3.5318679809570312,0.05,-4.002665996551514,,
171850,11.614665031433105,0.05,-5.894191265106201,,
171900,4.441917896270752,0.05,-5.305535316467285,,
171950,8.980130195617676,0.05,-6.419456481933594,,
172000,8.193610191345215,0.05,-6.731678009033203,,
172050,4.211033821105957,0.05,-3.9486770629882812,,
172100,3.573411226272583,0.05,-5.019263744354248,,
172150,2.5402443408966064,0.05,-4.477261066436768,,
172200,0.8584715723991394,0.05,-4.497337818145752,,
172250,0.4682061970233917,0.05,-5.6256184577941895,,
172300,14.384385108947754,0.05,-4.682343482971191,,
172350,7.936840057373047,0.05,-3.8140933513641357,,
172400,0.776999294757843,0.05,-5.54468297958374,,
172450,3.3281428813934326,0.05,-3.8917086124420166,,
172500,8.372231483459473,0.05,-5.4122233390808105,,
172550,2.711139678955078,0.05,-4.723921298980713,,
172600,0.36588791012763977,0.05,-4.158962726593018,,
172650,1.2477021217346191,0.05,-4.884273052215576,,
172700,6.2986016273498535,0.05,-4.753579616546631,,
172750,6.184452056884766,0.05,-6.717757701873779,,
172800,1.6718311309814453,0.05,-4.42887020111084,,
172850,0.21233761310577393,0.05,-4.4986748695373535,,
172900,6.010862350463867,0.05,-4.946822643280029,,
172950,0.3128094971179962,0.05,-4.47619104385376,,
173000,22.32914924621582,0.05,-6.137168884277344,,
173050,17.173959732055664,0.05,-6.712003231048584,,
173100,24.105398178100586,0.05,-5.083588123321533,,
173150,9.826432228088379,0.05,-5.857273101806641,,
173200,5.983997344970703,0.05,-5.029246807098389,,
173250,14.017956733703613,0.05,-6.486876010894775,,
173300,0.8847183585166931,0.05,-4.308185577392578,,
173350,2.4709033966064453,0.05,-6.3308939933776855,,
173400,1.482590675354004,0.05,-5.692928314208984,,
173450,25.56507682800293,0.05,-6.275096416473389,,
173500,8.723560333251953,0.05,-4.900083065032959,,
173550,3.2531280517578125,0.05,-5.412277698516846,,
173600,3.3620450496673584,0.05,-6.111165523529053,,
173650,9.839919090270996,0.05,-5.889235973358154,,
173700,2.898949384689331,0.05,-6.129488468170166,,
173750,1.4703723192214966,0.05,-4.907894611358643,,
173800,7.172099590301514,0.05,-6.289949417114258,,
173850,2.639049768447876,0.05,-4.221983432769775,,
173900,1.6205452680587769,0.05,-4.189598560333252,,
173950,0.6404410004615784,0.05,-4.561903476715088,,
174000,6.107826232910156,0.05,-5.693127155303955,,
174050,8.559069633483887,0.05,-5.676737308502197,,
174100,0.9585148692131042,0.05,-3.9922826290130615,,
174150,5.504782199859619,0.05,-4.5150251388549805,,
174200,14.99470043182373,0.05,-6.174875736236572,,
174250,9.635931968688965,0.05,-6.27881383895874,,
174300,13.257905006408691,0.05,-5.089379787445068,,
174350,6.932868480682373,0.05,-6.510590076446533,,
174400,1.3276172876358032,0.05,-4.916200160980225,,
174450,1.5230493545532227,0.05,-5.015574932098389,,
174500,11.466322898864746,0.05,-6.019785404205322,,
174550,14.69286823272705,0.05,-6.0400238037109375,,
174600,14.380638122558594,0.05,-5.950470447540283,,
174650,0.7105908989906311,0.05,-5.680882930755615,,
174700,16.100914001464844,0.05,-5.560919284820557,,
174750,4.735823154449463,0.05,-4.311611652374268,,
174800,28.453737258911133,0.05,-5.509772777557373,,
174850,9.248805046081543,0.05,-4.686601161956787,,
174900,5.693685054779053,0.05,-2.955981492996216,,
174950,7.856996536254883,0.05,-6.146623134613037,,
175000,1.967374324798584,0.05,-5.293477535247803,-1.1339707101818148,37.06666666666667
175050,7.68783712387085,0.05,-5.14019250869751,,
175100,3.162386655807495,0.05,-4.405942440032959,,
175150,1.6401982307434082,0.05,-4.618373394012451,,
175200,8.269298553466797,0.05,-4.324525833129883,,
175250,16.360464096069336,0.05,-5.211645603179932,,
175300,22.38075065612793,0.05,-5.578643798828125,,
175350,9.660898208618164,0.05,-5.673671245574951,,
175400,6.11132287979126,0.05,-5.002298831939697,,
175450,1.3326661586761475,0.05,-4.6363959312438965,,
175500,3.7761518955230713,0.05,-4.834362506866455,,
175550,0.542628288269043,0.05,-4.763618469238281,,
175600,19.9974308013916,0.05,-5.873706817626953,,
175650,12.976885795593262,0.05,-6.202320575714111,,
175700,1.1318467855453491,0.05,-6.519052982330322,,
175750,14.988728523254395,0.05,-4.961329936981201,,
175800,29.140899658203125,0.05,-5.1181159019470215,,
175850,9.328168869018555,0.05,-3.8171768188476562,,
175900,12.418131828308105,0.05,-4.546718597412109,,
175950,1.027726411819458,0.05,-5.080478191375732,,
176000,1.1736395359039307,0.05,-6.447795867919922,,
176050,0.7384416460990906,0.05,-5.975347518920898,,
176100,13.602032661437988,0.05,-6.138910293579102,,
176150,14.701176643371582,0.05,-7.295358180999756,,
176200,5.485149383544922,0.05,-5.975200176239014,,
176250,7.696884632110596,0.05,-6.443478107452393,,
176300,1.0707365274429321,0.05,-4.648848056793213,,
176350,12.820218086242676,0.05,-4.252913475036621,,
176400,4.18343448638916,0.05,-5.543381214141846,,
176450,22.78753662109375,0.05,-5.322081089019775,,
176500,15.4462308883667,0.05,-7.438582897186279,,
176550,2.59834885597229,0.05,-6.103887557983398,,
176600,0.6942963004112244,0.05,-5.438302993774414,,
176650,13.17406940460205,0.05,-7.2504706382751465,,
176700,1.2456425428390503,0.05,-5.6375346183776855,,
176750,13.009047508239746,0.05,-7.4806647300720215,,
176800,9.72441291809082,0.05,-5.49483060836792,,
176850,16.232999801635742,0.05,-5.897237300872803,,
176900,21.65657615661621,0.05,-6.457756519317627,,
176950,6.861970901489258,0.05,-6.6124444007873535,,
177000,22.067747116088867,0.05,-6.320406436920166,,
177050,15.146077156066895,0.05,-5.895392894744873,,
177100,6.450693130493164,0.05,-4.718533992767334,,
177150,20.3367919921875,0.05,-5.765157222747803,,
177200,0.6010288596153259,0.05,-5.28030252456665,,
177250,5.211341381072998,0.05,-5.0977911949157715,,
177300,10.292211532592773,0.05,-5.861184597015381,,
177350,14.9784517288208,0.05,-5.726428508758545,,
177400,7.738142013549805,0.05,-6.12351655960083,,
177450,28.22138786315918,0.05,-6.290887832641602,,
177500,4.086659908294678,0.05,-5.089300155639648,,
177550,11.740878105163574,0.05,-4.853580951690674,,
177600,6.537067413330078,0.05,-4.9784135818481445,,
177650,28.921903610229492,0.05,-6.370842456817627,,
177700,10.046897888183594,0.05,-5.276489734649658,,
177750,14.369891166687012,0.05,-4.311501979827881,,
177800,10.50171947479248,0.05,-6.441401958465576,,
177850,0.6118082404136658,0.05,-5.659430980682373,,
177900,2.34268856048584,0.05,-6.957693576812744,,
177950,10.55880069732666,0.05,-5.054080486297607,,
178000,19.468502044677734,0.05,-5.353420257568359,,
178050,5.779249668121338,0.05,-5.984655857086182,,
178100,4.8805623054504395,0.05,-6.262174129486084,,
178150,18.46634292602539,0.05,-5.798248767852783,,
178200,4.7174248695373535,0.05,-5.751530170440674,,
178250,1.0062507390975952,0.05,-5.19911527633667,,
178300,0.6457416415214539,0.05,-4.394664287567139,,
178350,11.489104270935059,0.05,-4.431486129760742,,
178400,6.532973766326904,0.05,-4.969357967376709,,
178450,0.778134822845459,0.05,-6.288259983062744,,
178500,3.084878921508789,0.05,-4.900595664978027,,
178550,13.628052711486816,0.05,-6.255106449127197,,
178600,7.833152770996094,0.05,-6.236799716949463,,
178650,15.434837341308594,0.05,-4.960941791534424,,
178700,22.55974769592285,0.05,-7.087398529052734,,
178750,5.954878330230713,0.05,-4.362772464752197,,
178800,0.1187426745891571,0.05,-4.382898807525635,,
178850,18.883811950683594,0.05,-7.142244338989258,,
178900,14.348224639892578,0.05,-7.047378063201904,,
178950,6.359176158905029,0.05,-6.332607746124268,,
179000,5.267800331115723,0.05,-6.637866973876953,,
179050,4.517509937286377,0.05,-6.637101650238037,,
179100,11.519908905029297,0.05,-5.460965633392334,,
179150,7.740281581878662,0.05,-6.0415472984313965,,
179200,13.331367492675781,0.05,-5.01624870300293,,
179250,21.998620986938477,0.05,-7.88335657119751,,
179300,1.0546891689300537,0.05,-4.118447303771973,,
179350,4.548282146453857,0.05,-6.200562953948975,,
179400,11.678885459899902,0.05,-6.11328125,,
179450,8.912837028503418,0.05,-5.729801654815674,,
179500,12.971148490905762,0.05,-7.28447961807251,,
179550,5.847927570343018,0.05,-5.452075481414795,,
179600,33.50851821899414,0.05,-4.8951945304870605,,
179650,0.5366035103797913,0.05,-5.160530090332031,,
179700,10.68057632446289,0.05,-6.261638164520264,,
179750,0.5548705458641052,0.05,-5.356853008270264,,
179800,13.359809875488281,0.05,-5.911919116973877,,
179850,7.793872833251953,0.05,-5.367857456207275,,
179900,0.6430126428604126,0.05,-4.971726417541504,,
179950,16.725751876831055,0.05,-5.923124313354492,,
180000,6.584705352783203,0.05,-6.132689952850342,,
180050,19.160524368286133,0.05,-6.122622966766357,,
180100,12.613179206848145,0.05,-5.754384517669678,,
180150,0.7825334072113037,0.05,-4.814716815948486,,
180200,0.5283599495887756,0.05,-4.723255634307861,,
180250,3.5228519439697266,0.05,-7.033320903778076,,
180300,7.155676364898682,0.05,-5.4908318519592285,,
180350,1.1922837495803833,0.05,-5.4406561851501465,,
180400,1.6546064615249634,0.05,-5.3455891609191895,,
180450,9.116291999816895,0.05,-5.934149265289307,,
180500,8.2932767868042,0.05,-5.908026218414307,,
180550,1.128487229347229,0.05,-5.69410514831543,,
180600,5.692142486572266,0.05,-4.632344722747803,,
180650,8.678435325622559,0.05,-5.8888840675354,,
180700,1.9124726057052612,0.05,-5.677356243133545,,
180750,1.2500386238098145,0.05,-4.920027732849121,,
180800,22.676321029663086,0.05,-4.780191898345947,,
180850,21.445833206176758,0.05,-6.466733932495117,,
180900,7.208713531494141,0.05,-4.846931457519531,,
180950,2.540976047515869,0.05,-3.974597215652466,,
181000,9.55229663848877,0.05,-5.768552780151367,,
181050,5.912520885467529,0.05,-6.339094638824463,,
181100,0.7118337750434875,0.05,-4.83003044128418,,
181150,3.6018354892730713,0.05,-5.602755069732666,,
181200,0.8911218643188477,0.05,-7.536803722381592,,
181250,8.567745208740234,0.05,-5.7374138832092285,,
181300,8.03258991241455,0.05,-4.606553077697754,,
181350,8.184006690979004,0.05,-5.295542240142822,,
181400,13.370081901550293,0.05,-5.18686056137085,,
181450,7.5030293464660645,0.05,-5.739657878875732,,
181500,1.2535980939865112,0.05,-4.983911037445068,,
181550,4.201913356781006,0.05,-5.975874423980713,,
181600,5.325489521026611,0.05,-4.310405731201172,,
181650,0.2865775525569916,0.05,-4.712527751922607,,
181700,1.025333285331726,0.05,-5.3085713386535645,,
181750,10.287091255187988,0.05,-4.887612342834473,,
181800,5.5171895027160645,0.05,-5.8436737060546875,,
181850,10.383038520812988,0.05,-5.832563877105713,,
181900,5.932223796844482,0.05,-5.620424270629883,,
181950,7.466920852661133,0.05,-4.018727779388428,,
182000,9.341218948364258,0.05,-5.224258899688721,,
182050,13.337158203125,0.05,-5.792385101318359,,
182100,8.672637939453125,0.05,-5.705484867095947,,
182150,9.851449966430664,0.05,-7.080734729766846,,
182200,10.772185325622559,0.05,-6.844851970672607,,
182250,0.21444891393184662,0.05,-5.242667198181152,,
182300,4.867221832275391,0.05,-4.896406173706055,,
182350,8.180083274841309,0.05,-6.170126438140869,,
182400,13.797600746154785,0.05,-5.768821716308594,,
182450,8.215733528137207,0.05,-5.689060211181641,,
182500,3.381472587585449,0.05,-4.977870941162109,,
182550,14.097308158874512,0.05,-6.561233043670654,,
182600,6.815784931182861,0.05,-5.606663227081299,,
182650,0.752199113368988,0.05,-5.561392307281494,,
182700,8.372746467590332,0.05,-4.578868389129639,,
182750,0.8042421340942383,0.05,-6.013479232788086,,
182800,10.410158157348633,0.05,-6.01492166519165,,
182850,13.271988868713379,0.05,-5.4852118492126465,,
182900,8.590683937072754,0.05,-6.224893093109131,,
182950,10.007115364074707,0.05,-5.610504150390625,,
183000,0.19253234565258026,0.05,-5.403749942779541,,
183050,15.668864250183105,0.05,-5.083034992218018,,
183100,10.677596092224121,0.05,-5.229645729064941,,
183150,3.0667026042938232,0.05,-4.756772518157959,,
183200,18.00446128845215,0.05,-5.949653148651123,,
183250,12.464767456054688,0.05,-6.620214939117432,,
183300,2.529557943344116,0.05,-5.653816223144531,,
183350,2.8202340602874756,0.05,-4.671359539031982,,
183400,8.123420715332031,0.05,-5.2559428215026855,,
183450,3.6343443393707275,0.05,-4.93913459777832,,
183500,4.701751232147217,0.05,-5.579669952392578,,
183550,4.3027143478393555,0.05,-6.3460774421691895,,
183600,5.734837055206299,0.05,-4.884853839874268,,
183650,11.769721031188965,0.05,-5.582543849945068,,
183700,6.677914142608643,0.05,-6.767192840576172,,
183750,1.5508886575698853,0.05,-5.173712253570557,,
183800,8.996947288513184,0.05,-5.3351826667785645,,
183850,2.2944819927215576,0.05,-4.747896194458008,,
183900,6.043507099151611,0.05,-6.635075092315674,,
183950,20.495933532714844,0.05,-6.8472113609313965,,
184000,4.626633167266846,0.05,-4.569962024688721,,
184050,14.46635913848877,0.05,-6.3308491706848145,,
184100,1.5620464086532593,0.05,-4.763101577758789,,
184150,17.617578506469727,0.05,-6.3463664054870605,,
184200,12.676941871643066,0.05,-5.64445686340332,,
184250,7.960699558258057,0.05,-8.1705904006958,,
184300,25.258750915527344,0.05,-5.644090175628662,,
184350,3.002290964126587,0.05,-6.479689121246338,,
184400,1.535047173500061,0.05,-4.618008136749268,,
184450,2.0080699920654297,0.05,-6.284284591674805,,
184500,27.887460708618164,0.05,-8.207183837890625,,
184550,8.989598274230957,0.05,-5.5692620277404785,,
184600,19.15074920654297,0.05,-5.955265045166016,,
184650,5.355945110321045,0.05,-6.2157301902771,,
184700,4.866185665130615,0.05,-4.949240207672119,,
184750,20.557157516479492,0.05,-5.771665573120117,,
184800,0.7049474120140076,0.05,-6.14825439453125,,
184850,0.3516506254673004,0.05,-4.247446060180664,,
184900,16.346473693847656,0.05,-8.095256805419922,,
184950,6.7057623863220215,0.05,-4.6786675453186035,,
185000,25.586069107055664,0.05,-6.006141662597656,,
185050,0.8892170786857605,0.05,-5.215026378631592,,
185100,5.863979339599609,0.05,-5.229265213012695,,
185150,7.264104843139648,0.05,-5.832057476043701,,
185200,0.9929525852203369,0.05,-5.209439754486084,,
185250,32.38070297241211,0.05,-8.7254056930542,,
185300,6.289290904998779,0.05,-7.727580547332764,,
185350,19.905256271362305,0.05,-6.964488983154297,,
185400,12.108231544494629,0.05,-4.894789218902588,,
185450,11.939461708068848,0.05,-5.257617950439453,,
185500,3.05792498588562,0.05,-4.806252956390381,,
185550,13.661506652832031,0.05,-5.617013454437256,,
185600,14.975040435791016,0.05,-5.958332061767578,,
185650,8.442041397094727,0.05,-5.0726094245910645,,
185700,0.28847846388816833,0.05,-4.121602535247803,,
185750,0.5720683932304382,0.05,-5.279892444610596,,
185800,3.721412420272827,0.05,-4.446381568908691,,
185850,0.9724084734916687,0.05,-5.529061794281006,,
185900,12.181466102600098,0.05,-5.781169414520264,,
185950,11.649349212646484,0.05,-5.897916793823242,,
186000,17.266592025756836,0.05,-5.37001371383667,,
186050,6.707498550415039,0.05,-4.760687828063965,,
186100,7.756584644317627,0.05,-4.846517086029053,,
186150,7.7169413566589355,0.05,-4.378756999969482,,
186200,0.693562924861908,0.05,-5.196700572967529,,
186250,12.093873023986816,0.05,-4.768317699432373,,
186300,10.587336540222168,0.05,-6.322786331176758,,
186350,7.83806037902832,0.05,-6.757991313934326,,
186400,7.499424457550049,0.05,-6.329010486602783,,
186450,6.624956130981445,0.05,-5.6345367431640625,,
186500,16.14200782775879,0.05,-5.569513320922852,,
186550,7.884559154510498,0.05,-5.734833240509033,,
186600,5.990627288818359,0.05,-5.298868179321289,,
186650,0.7619789242744446,0.05,-4.8910441398620605,,
186700,12.578503608703613,0.05,-6.086352825164795,,
186750,16.363039016723633,0.05,-5.371618747711182,,
186800,4.893519878387451,0.05,-5.284310340881348,,
186850,8.89215087890625,0.05,-6.025332927703857,,
186900,17.953771591186523,0.05,-6.191714763641357,,
186950,9.395527839660645,0.05,-3.586609125137329,,
187000,23.713783264160156,0.05,-5.308354377746582,,
187050,1.812562346458435,0.05,-6.215072154998779,,
187100,1.7343989610671997,0.05,-5.028960704803467,,
187150,0.8338403701782227,0.05,-4.490446090698242,,
187200,0.9601196646690369,0.05,-5.770498752593994,,
187250,12.373050689697266,0.05,-5.494584560394287,,
187300,0.49510884284973145,0.05,-6.869551181793213,,
187350,7.215246677398682,0.05,-5.461877346038818,,
187400,15.906604766845703,0.05,-6.452367782592773,,
187450,9.035442352294922,0.05,-5.742643356323242,,
187500,0.7129960656166077,0.05,-5.2077765464782715,,
187550,3.64682936668396,0.05,-5.341691970825195,,
187600,7.464357376098633,0.05,-6.276071071624756,,
187650,18.885787963867188,0.05,-5.8229146003723145,,
187700,0.6803408265113831,0.05,-4.681262969970703,,
187750,4.037031650543213,0.05,-4.851258754730225,,
187800,4.381001949310303,0.05,-5.7865142822265625,,
187850,2.628598213195801,0.05,-5.542515277862549,,
187900,6.945161819458008,0.05,-5.683977127075195,,
187950,2.3622629642486572,0.05,-5.857072353363037,,
188000,8.681181907653809,0.05,-5.104740142822266,,
188050,1.3390058279037476,0.05,-5.2717719078063965,,
188100,2.9825527667999268,0.05,-4.909938335418701,,
188150,27.15912437438965,0.05,-5.730162143707275,,
188200,3.044667959213257,0.05,-4.195258617401123,,
188250,0.5362643599510193,0.05,-4.379594326019287,,
188300,1.3387857675552368,0.05,-5.263499736785889,,
188350,1.2557755708694458,0.05,-5.463468551635742,,
188400,8.56735610961914,0.05,-6.756265640258789,,
188450,4.06287956237793,0.05,-4.965215682983398,,
188500,21.851625442504883,0.05,-6.06732702255249,,
188550,17.685701370239258,0.05,-5.413257122039795,,
188600,13.785717010498047,0.05,-4.927407741546631,,
188650,14.519030570983887,0.05,-5.660732269287109,,
188700,7.918533802032471,0.05,-5.559911251068115,,
188750,1.2486920356750488,0.05,-4.866237163543701,,
188800,3.4195401668548584,0.05,-4.942418098449707,,
188850,2.4208431243896484,0.05,-4.9811930656433105,,
188900,5.1631035804748535,0.05,-5.285268306732178,,
188950,6.785401821136475,0.05,-4.8339524269104,,
189000,2.8443603515625,0.05,-5.371182918548584,,
189050,7.41904878616333,0.05,-5.335502624511719,,
189100,1.556808590888977,0.05,-5.026522159576416,,
189150,11.341195106506348,0.05,-6.2164177894592285,,
189200,11.49386215209961,0.05,-5.877913951873779,,
189250,13.33355712890625,0.05,-5.829948902130127,,
189300,7.690145015716553,0.05,-6.432178497314453,,
189350,9.595873832702637,0.05,-5.4954400062561035,,
189400,4.681542873382568,0.05,-4.1742377281188965,,
189450,5.737926006317139,0.05,-5.244873523712158,,
189500,5.141144275665283,0.05,-5.64685583114624,,
189550,12.411823272705078,0.05,-6.030441761016846,,
189600,18.059274673461914,0.05,-6.688694000244141,,
189650,0.2679802477359772,0.05,-4.744390964508057,,
189700,23.792579650878906,0.05,-5.963924407958984,,
189750,6.829658508300781,0.05,-5.80987548828125,,
189800,6.943624496459961,0.05,-4.387463569641113,,
189850,13.341364860534668,0.05,-6.584695816040039,,
189900,1.2050503492355347,0.05,-4.824979305267334,,
189950,9.310368537902832,0.05,-6.159844875335693,,
190000,0.4976828992366791,0.05,-4.795858860015869,,
190050,3.746326208114624,0.05,-5.428750991821289,,
190100,7.057491302490234,0.05,-4.650817394256592,,
190150,7.551069259643555,0.05,-5.6747212409973145,,
190200,6.138272762298584,0.05,-5.162069320678711,,
190250,5.465721607208252,0.05,-5.5535736083984375,,
190300,6.765683650970459,0.05,-5.123328685760498,,
190350,2.7329111099243164,0.05,-5.662786483764648,,
190400,13.463092803955078,0.05,-5.11893892288208,,
190450,9.256542205810547,0.05,-5.605562686920166,,
190500,9.762495994567871,0.05,-6.150360107421875,,
190550,1.6524585485458374,0.05,-4.658095359802246,,
190600,1.378405213356018,0.05,-5.414679050445557,,
190650,3.223407745361328,0.05,-6.376028537750244,,
190700,2.9122836589813232,0.05,-4.3515801429748535,,
190750,12.936023712158203,0.05,-6.17423677444458,,
190800,18.551965713500977,0.05,-5.319111347198486,,
190850,6.9863457679748535,0.05,-5.183136463165283,,
190900,4.442733287811279,0.05,-4.804775714874268,,
190950,11.81270980834961,0.05,-4.525623798370361,,
191000,11.696011543273926,0.05,-6.182871341705322,,
191050,20.357059478759766,0.05,-6.948585510253906,,
191100,3.9347221851348877,0.05,-5.166897296905518,,
191150,0.18958580493927002,0.05,-4.268718242645264,,
191200,4.911722183227539,0.05,-6.681849002838135,,
191250,14.67868709564209,0.05,-5.320947170257568,,
191300,14.863125801086426,0.05,-5.507169723510742,,
191350,7.205148220062256,0.05,-6.1841864585876465,,
191400,7.289072036743164,0.05,-4.699757099151611,,
191450,10.646029472351074,0.05,-6.836667537689209,,
191500,0.28018924593925476,0.05,-4.511694431304932,,
191550,8.242653846740723,0.05,-5.040530681610107,,
191600,17.765758514404297,0.05,-6.096197605133057,,
191650,11.109387397766113,0.05,-5.008481979370117,,
191700,8.993245124816895,0.05,-6.650636672973633,,
191750,11.895930290222168,0.05,-5.730638027191162,,
191800,1.7408937215805054,0.05,-6.124277114868164,,
191850,5.954599857330322,0.05,-5.6908440589904785,,
191900,14.606029510498047,0.05,-5.9271016120910645,,
191950,8.367770195007324,0.05,-4.546811103820801,,
192000,25.24286460876465,0.05,-8.104504585266113,,
192050,6.384611129760742,0.05,-4.847187042236328,,
192100,16.68030548095703,0.05,-5.499917507171631,,
192150,18.423215866088867,0.05,-4.980679035186768,,
192200,9.252655982971191,0.05,-6.811039447784424,,
192250,8.556875228881836,0.05,-5.614292144775391,,
192300,7.441003322601318,0.05,-6.108772277832031,,
192350,0.6122758984565735,0.05,-5.671162128448486,,
192400,3.7123966217041016,0.05,-6.33565092086792,,
192450,5.501270294189453,0.05,-8.066821098327637,,
192500,9.252020835876465,0.05,-5.102159023284912,,
192550,1.3936010599136353,0.05,-5.703239917755127,,
192600,9.918710708618164,0.05,-6.202373504638672,,
192650,14.607735633850098,0.05,-4.916371822357178,,
192700,17.313390731811523,0.05,-4.568032741546631,,
192750,16.27296257019043,0.05,-5.849837779998779,,
192800,6.4402337074279785,0.05,-5.432307720184326,,
192850,12.78133773803711,0.05,-5.262173175811768,,
192900,3.508171319961548,0.05,-7.278120517730713,,
192950,12.080206871032715,0.05,-5.084181308746338,,
193000,11.207377433776855,0.05,-6.32267427444458,,
193050,8.187729835510254,0.05,-6.114203929901123,,
193100,5.427614688873291,0.05,-4.921993255615234,,
193150,0.6737396121025085,0.05,-5.239054203033447,,
193200,4.878449440002441,0.05,-5.220090389251709,,
193250,2.6770999431610107,0.05,-5.309989929199219,,
193300,5.183130264282227,0.05,-5.063358783721924,,
193350,11.759346008300781,0.05,-5.620769500732422,,
193400,8.389222145080566,0.05,-6.159893035888672,,
193450,4.9601664543151855,0.05,-6.936426162719727,,
193500,2.944969892501831,0.05,-5.398309230804443,,
193550,7.596099376678467,0.05,-5.418273448944092,,
193600,2.5083296298980713,0.05,-5.046436309814453,,
193650,7.236381530761719,0.05,-5.10526704788208,,
193700,5.275866508483887,0.05,-5.8077616691589355,,
193750,1.160248041152954,0.05,-5.62251615524292,,
193800,12.505108833312988,0.05,-6.6577606201171875,,
193850,12.6486177444458,0.05,-5.526672840118408,,
193900,8.333048820495605,0.05,-4.344847679138184,,
193950,1.0664392709732056,0.05,-5.426151752471924,,
194000,10.92874526977539,0.05,-4.680115699768066,,
194050,4.544390678405762,0.05,-4.629201889038086,,
194100,0.8337595462799072,0.05,-5.292334079742432,,
194150,3.906024694442749,0.05,-5.102525234222412,,
194200,15.088306427001953,0.05,-4.807220935821533,,
194250,1.9024949073791504,0.05,-5.400577545166016,,
194300,6.887437343597412,0.05,-4.702061176300049,,
194350,15.629615783691406,0.05,-6.513247966766357,,
194400,6.614444732666016,0.05,-4.757270336151123,,
194450,6.100478649139404,0.05,-4.744024753570557,,
194500,9.835699081420898,0.05,-5.793803691864014,,
194550,7.539599895477295,0.05,-5.083310604095459,,
194600,0.6368679404258728,0.05,-5.169689655303955,,
194650,12.803893089294434,0.05,-4.991844177246094,,
194700,6.481510162353516,0.05,-3.9096672534942627,,
194750,6.710236072540283,0.05,-6.317220211029053,,
194800,8.41450309753418,0.05,-5.88535737991333,,
194850,6.1164116859436035,0.05,-5.425142765045166,,
194900,16.95283317565918,0.05,-5.832162380218506,,
194950,4.5091328620910645,0.05,-6.234096527099609,,
195000,0.9449496865272522,0.05,-5.092134475708008,,
195050,3.971283197402954,0.05,-5.130310535430908,,
195100,1.059540867805481,0.05,-5.678594589233398,,
195150,7.066671371459961,0.05,-6.042588710784912,,
195200,3.0809898376464844,0.05,-4.971536159515381,,
195250,11.676344871520996,0.05,-5.5733256340026855,,
195300,8.478075981140137,0.05,-5.175720691680908,,
195350,9.6507568359375,0.05,-5.74647331237793,,
195400,1.1987496614456177,0.05,-4.334284782409668,,
195450,5.465576171875,0.05,-4.836733818054199,,
195500,9.369208335876465,0.05,-5.076251983642578,,
195550,8.950369834899902,0.05,-4.7228193283081055,,
195600,14.805825233459473,0.05,-5.624877452850342,,
195650,4.320111274719238,0.05,-5.2979631423950195,,
195700,0.979699432849884,0.05,-6.564863681793213,,
195750,0.47546306252479553,0.05,-4.406446933746338,,
195800,6.642833709716797,0.05,-6.0813164710998535,,
195850,3.662529706954956,0.05,-4.984986782073975,,
195900,5.674605846405029,0.05,-5.5461039543151855,,
195950,2.0272457599639893,0.05,-4.8948869705200195,,
196000,0.6185731291770935,0.05,-5.888146877288818,,
196050,6.056619167327881,0.05,-5.6733078956604,,
196100,19.680116653442383,0.05,-6.275536060333252,,
196150,7.043944835662842,0.05,-4.450350761413574,,
196200,7.507215976715088,0.05,-5.973360538482666,,
196250,1.483756422996521,0.05,-5.755429744720459,,
196300,0.8460590839385986,0.05,-5.683307647705078,,
196350,3.374056577682495,0.05,-5.891367435455322,,
196400,7.788572311401367,0.05,-5.317747592926025,,
196450,6.940876007080078,0.05,-4.987403392791748,,
196500,10.680366516113281,0.05,-5.576601505279541,,
196550,4.895473957061768,0.05,-5.605665683746338,,
196600,4.425096035003662,0.05,-5.301188945770264,,
196650,6.808955669403076,0.05,-5.923025131225586,,
196700,4.54987907409668,0.05,-5.736669540405273,,
196750,7.665950775146484,0.05,-6.836785793304443,,
196800,4.522281169891357,0.05,-4.60593843460083,,
196850,6.150269031524658,0.05,-5.194756984710693,,
196900,1.9432610273361206,0.05,-5.642110347747803,,
196950,4.393326282501221,0.05,-4.774592876434326,,
197000,5.386451244354248,0.05,-5.712259292602539,,
197050,7.207649230957031,0.05,-5.542159557342529,,
197100,11.403617858886719,0.05,-5.293928146362305,,
197150,1.0794299840927124,0.05,-4.6498332023620605,,
197200,1.6824334859848022,0.05,-4.862564563751221,,
197250,2.5151333808898926,0.05,-5.7114386558532715,,
197300,2.058748960494995,0.05,-4.645293712615967,,
197350,1.8339757919311523,0.05,-4.764624118804932,,
197400,3.1435699462890625,0.05,-6.010917663574219,,
197450,1.8147668838500977,0.05,-4.638295650482178,,
197500,3.570429801940918,0.05,-5.497012615203857,,
197550,2.3245365619659424,0.05,-5.354714870452881,,
197600,4.059258460998535,0.05,-5.790018081665039,,
197650,17.885038375854492,0.05,-6.422860622406006,,
197700,6.385711193084717,0.05,-5.620548248291016,,
197750,10.204768180847168,0.05,-5.116261005401611,,
197800,7.885614395141602,0.05,-5.002719879150391,,
197850,11.012040138244629,0.05,-5.788986682891846,,
197900,18.84836769104004,0.05,-5.545724391937256,,
197950,9.78308391571045,0.05,-5.161985874176025,,
198000,9.239914894104004,0.05,-5.014481544494629,,
198050,1.0831130743026733,0.05,-7.032189846038818,,
198100,10.818347930908203,0.05,-5.123142719268799,,
198150,4.4294514656066895,0.05,-5.77650260925293,,
198200,0.5712527632713318,0.05,-3.937344789505005,,
198250,7.754850387573242,0.05,-7.13917875289917,,
198300,4.735732555389404,0.05,-5.818050861358643,,
198350,15.490726470947266,0.05,-5.8890228271484375,,
198400,7.110923767089844,0.05,-4.481076717376709,,
198450,3.712996244430542,0.05,-4.803473949432373,,
198500,12.973968505859375,0.05,-3.841289758682251,,
198550,14.055534362792969,0.05,-5.552051067352295,,
198600,9.361743927001953,0.05,-5.815618515014648,,
198650,1.6646684408187866,0.05,-4.51501989364624,,
198700,2.316124677658081,0.05,-3.8746442794799805,,
198750,2.032487154006958,0.05,-4.698118686676025,,
198800,2.062814950942993,0.05,-4.646554470062256,,
198850,1.7661231756210327,0.05,-5.244141101837158,,
198900,7.006864547729492,0.05,-4.737839698791504,,
198950,2.931730270385742,0.05,-4.7972259521484375,,
199000,6.310133457183838,0.05,-3.888709306716919,,
199050,10.159907341003418,0.05,-5.682669162750244,,
199100,9.269089698791504,0.05,-5.589809894561768,,
199150,8.224918365478516,0.05,-6.335770130157471,,
199200,0.6953724026679993,0.05,-4.747585296630859,,
199250,8.200982093811035,0.05,-5.791839599609375,,
199300,3.2525699138641357,0.05,-4.661698818206787,,
199350,0.6617315411567688,0.05,-6.02092170715332,,
199400,5.1428751945495605,0.05,-4.794469356536865,,
199450,4.758090496063232,0.05,-5.983985424041748,,
199500,7.498067378997803,0.05,-6.055431365966797,,
199550,6.446855545043945,0.05,-5.119687557220459,,
199600,2.225224733352661,0.05,-4.506660461425781,,
199650,12.45814037322998,0.05,-5.723083019256592,,
199700,14.666625022888184,0.05,-4.787985801696777,,
199750,1.3436182737350464,0.05,-5.0248517990112305,,
199800,0.9122419357299805,0.05,-5.213083744049072,,
199850,4.487681865692139,0.05,-4.9794440269470215,,
199900,3.091017007827759,0.05,-4.969152450561523,,
199950,4.915711879730225,0.05,-5.695962429046631,,
200000,1.1067875623703003,0.05,-4.9039435386657715,-0.8990129816069489,34.93333333333333
200050,1.9460572004318237,0.05,-4.850292682647705,,
200100,20.520305633544922,0.05,-4.7683186531066895,,
200150,3.3844058513641357,0.05,-4.30019474029541,,
200200,0.5974145531654358,0.05,-4.306037902832031,,
200250,3.8258469104766846,0.05,-5.304187774658203,,
200300,7.192999362945557,0.05,-5.694190502166748,,
200350,4.9292216300964355,0.05,-4.208104610443115,,
200400,2.5615947246551514,0.05,-4.261934757232666,,
200450,6.353635311126709,0.05,-3.885831117630005,,
200500,0.21576209366321564,0.05,-3.424764633178711,,
200550,8.5860595703125,0.05,-5.278878688812256,,
200600,2.2193799018859863,0.05,-6.433831691741943,,
200650,0.2483607530593872,0.05,-4.267450332641602,,
200700,7.549142360687256,0.05,-4.081542491912842,,
200750,5.952641010284424,0.05,-4.379153728485107,,
200800,15.575057029724121,0.05,-4.44256067276001,,
200850,8.83084774017334,0.05,-4.847014904022217,,
200900,21.986122131347656,0.05,-7.431703090667725,,
200950,2.692469358444214,0.05,-5.545986652374268,,
201000,5.678966522216797,0.05,-4.054543495178223,,
201050,0.18530414998531342,0.05,-5.256007194519043,,
201100,4.613193511962891,0.05,-4.947359561920166,,
201150,0.6215803027153015,0.05,-4.240041255950928,,
201200,1.0014004707336426,0.05,-3.3032000064849854,,
201250,3.6421496868133545,0.05,-4.3684468269348145,,
201300,6.0998005867004395,0.05,-5.252901077270508,,
201350,18.820667266845703,0.05,-5.459476947784424,,
201400,6.595148086547852,0.05,-4.642141342163086,,
201450,0.5094432234764099,0.05,-4.020641803741455,,
201500,3.046510696411133,0.05,-5.154275894165039,,
201550,11.772828102111816,0.05,-4.440606594085693,,
201600,1.2220433950424194,0.05,-5.284438610076904,,
201650,4.225069522857666,0.05,-5.295859336853027,,
201700,18.88426971435547,0.05,-3.991819381713867,,
201750,6.808237552642822,0.05,-5.173333168029785,,
201800,25.515058517456055,0.05,-5.694629192352295,,
201850,0.7508862018585205,0.05,-3.255864381790161,,
201900,6.8740363121032715,0.05,-6.871761322021484,,
201950,12.510189056396484,0.05,-5.203378200531006,,
202000,3.5199244022369385,0.05,-4.590615749359131,,
202050,1.1411538124084473,0.05,-5.614774227142334,,
202100,23.625253677368164,0.05,-6.587226867675781,,
202150,8.352007865905762,0.05,-6.023227214813232,,
202200,2.177995443344116,0.05,-4.651322841644287,,
202250,5.293182849884033,0.05,-4.160328388214111,,
202300,6.803349018096924,0.05,-5.050019264221191,,
202350,1.3899160623550415,0.05,-5.195074558258057,,
202400,12.014161109924316,0.05,-4.408755302429199,,
202450,0.5659789443016052,0.05,-4.595828056335449,,
202500,7.827640533447266,0.05,-5.386186122894287,,
202550,8.098193168640137,0.05,-4.348918914794922,,
202600,24.22572135925293,0.05,-6.112756252288818,,
202650,4.763589859008789,0.05,-6.671207427978516,,
202700,0.8769950270652771,0.05,-4.842080593109131,,
202750,4.690734386444092,0.05,-5.106998920440674,,
202800,9.583121299743652,0.05,-5.1341872215271,,
202850,8.470773696899414,0.05,-4.524477481842041,,
202900,12.314132690429688,0.05,-4.3138556480407715,,
202950,5.947036266326904,0.05,-4.9197211265563965,,
203000,0.14860960841178894,0.05,-4.671886920928955,,
203050,0.6101248264312744,0.05,-4.295816898345947,,
203100,0.7592647671699524,0.05,-4.501607418060303,,
203150,11.515238761901855,0.05,-4.805860996246338,,
203200,11.946208000183105,0.05,-6.145338535308838,,
203250,2.853689193725586,0.05,-5.952361583709717,,
203300,15.283470153808594,0.05,-5.117089748382568,,
203350,16.04533576965332,0.05,-5.338289737701416,,
203400,11.302799224853516,0.05,-5.486715793609619,,
203450,4.714151382446289,0.05,-4.976998805999756,,
203500,0.808014452457428,0.05,-4.631282329559326,,
203550,7.88953161239624,0.05,-4.2225141525268555,,
203600,9.802546501159668,0.05,-4.47972297668457,,
203650,4.664559841156006,0.05,-5.538349151611328,,
203700,16.858999252319336,0.05,-4.761351585388184,,
203750,0.5513463616371155,0.05,-3.8559815883636475,,
203800,10.080721855163574,0.05,-5.462780475616455,,
203850,0.5233072638511658,0.05,-4.0193610191345215,,
203900,0.42936062812805176,0.05,-4.794291019439697,,
203950,5.3557047843933105,0.05,-4.420687675476074,,
204000,0.41075459122657776,0.05,-4.34663200378418,,
204050,14.765992164611816,0.05,-5.176120281219482,,
204100,6.211048126220703,0.05,-3.7699687480926514,,
204150,0.83439701795578,0.05,-5.234033107757568,,
204200,9.362288475036621,0.05,-5.692094802856445,,
204250,8.833218574523926,0.05,-5.28944206237793,,
204300,7.896973133087158,0.05,-6.146193027496338,,
204350,0.3779067099094391,0.05,-4.151243686676025,,
204400,12.772171974182129,0.05,-5.713087558746338,,
204450,11.976558685302734,0.05,-4.7287421226501465,,
204500,6.361644268035889,0.05,-5.6608452796936035,,
204550,0.4149971008300781,0.05,-4.2194905281066895,,
204600,14.41778564453125,0.05,-5.237672328948975,,
204650,7.554870128631592,0.05,-4.321359157562256,,
204700,5.30700159072876,0.05,-5.424987316131592,,
204750,8.1803560256958,0.05,-6.2626824378967285,,
204800,9.840365409851074,0.05,-4.951591491699219,,
204850,29.2861270904541,0.05,-4.899759769439697,,
204900,8.228504180908203,0.05,-5.163995265960693,,
204950,0.9203692078590393,0.05,-4.963844299316406,,
205000,8.02885913848877,0.05,-5.885592937469482,,
205050,3.4269001483917236,0.05,-5.638512134552002,,
205100,9.793562889099121,0.05,-4.701816082000732,,
205150,10.948412895202637,0.05,-6.821130275726318,,
205200,7.815330505371094,0.05,-4.337153434753418,,
205250,7.318221569061279,0.05,-6.224766254425049,,
205300,9.853109359741211,0.05,-5.766212463378906,,
205350,0.824390709400177,0.05,-4.209782600402832,,
205400,2.5176820755004883,0.05,-4.861570358276367,,
205450,10.812508583068848,0.05,-4.534681797027588,,
205500,0.5405973196029663,0.05,-5.387526988983154,,
205550,1.2018953561782837,0.05,-5.810636520385742,,
205600,19.773029327392578,0.05,-6.042533874511719,,
205650,7.610591888427734,0.05,-4.924529552459717,,
205700,4.851208209991455,0.05,-5.630939960479736,,
205750,1.6493316888809204,0.05,-6.886101245880127,,
205800,8.860505104064941,0.05,-5.211265563964844,,
205850,7.75720739364624,0.05,-5.265310764312744,,
205900,1.0324416160583496,0.05,-5.223598957061768,,
205950,14.119677543640137,0.05,-6.777540683746338,,
206000,6.7693610191345215,0.05,-4.647127628326416,,
206050,14.890599250793457,0.05,-4.726675510406494,,
206100,3.465869665145874,0.05,-4.845692157745361,,
206150,17.616823196411133,0.05,-4.936013698577881,,
206200,11.58269214630127,0.05,-5.394004821777344,,
206250,9.0120849609375,0.05,-5.536942958831787,,
206300,3.9746484756469727,0.05,-3.860365867614746,,
206350,6.655064105987549,0.05,-4.550827503204346,,
206400,4.525051593780518,0.05,-3.9580345153808594,,
206450,1.7613592147827148,0.05,-4.875091075897217,,
206500,1.486128807067871,0.05,-4.842855930328369,,
206550,4.212854385375977,0.05,-4.934101581573486,,
206600,5.538154125213623,0.05,-4.510919094085693,,
206650,8.445528984069824,0.05,-4.776381492614746,,
206700,0.6238436698913574,0.05,-4.1561970710754395,,
206750,12.308417320251465,0.05,-5.753219127655029,,
206800,26.658937454223633,0.05,-7.333316802978516,,
206850,8.95556640625,0.05,-5.492415904998779,,
206900,16.06032371520996,0.05,-4.441455364227295,,
206950,4.4058308601379395,0.05,-6.034450531005859,,
207000,18.517478942871094,0.05,-6.649415969848633,,
207050,2.6226320266723633,0.05,-4.575186252593994,,
207100,0.42129018902778625,0.05,-4.17949104309082,,
207150,0.8440022468566895,0.05,-5.070076942443848,,
207200,9.39393424987793,0.05,-5.733644008636475,,
207250,15.350921630859375,0.05,-3.519674062728882,,
207300,16.143848419189453,0.05,-5.444666385650635,,
207350,15.082846641540527,0.05,-5.4955058097839355,,
207400,1.1169911623001099,0.05,-6.554775714874268,,
207450,8.563031196594238,0.05,-4.748583793640137,,
207500,11.961405754089355,0.05,-4.4459662437438965,,
207550,12.700209617614746,0.05,-5.182216167449951,,
207600,9.713236808776855,0.05,-4.997753143310547,,
207650,7.651054382324219,0.05,-3.557202100753784,,
207700,4.292337894439697,0.05,-4.957840919494629,,
207750,8.100689888000488,0.05,-4.449373245239258,,
207800,0.43824711441993713,0.05,-4.656184196472168,,
207850,15.739459037780762,0.05,-3.611095428466797,,
207900,4.406904697418213,0.05,-4.262986660003662,,
207950,12.870162010192871,0.05,-6.372313976287842,,
208000,6.258328914642334,0.05,-3.5956647396087646,,
208050,13.935962677001953,0.05,-5.480411529541016,,
208100,0.40663495659828186,0.05,-4.304912090301514,,
208150,1.6223187446594238,0.05,-4.45368766784668,,
208200,1.3792859315872192,0.05,-5.254446506500244,,
208250,2.289334297180176,0.05,-5.005900859832764,,
208300,8.901759147644043,0.05,-5.419442653656006,,
208350,30.033538818359375,0.05,-5.578826427459717,,
208400,16.094772338867188,0.05,-5.821218967437744,,
208450,19.860754013061523,0.05,-5.412090301513672,,
208500,3.00168776512146,0.05,-4.679065227508545,,
208550,8.666117668151855,0.05,-5.462911128997803,,
208600,9.879049301147461,0.05,-5.610254764556885,,
208650,6.339131832122803,0.05,-4.425171852111816,,
208700,4.995118618011475,0.05,-5.635368347167969,,
208750,7.122041702270508,0.05,-5.686360836029053,,
208800,0.9615285992622375,0.05,-5.707472324371338,,
208850,0.4545672833919525,0.05,-4.080783843994141,,
208900,15.46630859375,0.05,-6.0226898193359375,,
208950,14.023940086364746,0.05,-6.38319730758667,,
209000,5.389289379119873,0.05,-4.642825603485107,,
209050,2.5863912105560303,0.05,-6.226478099822998,,
209100,18.084836959838867,0.05,-5.349619388580322,,
209150,8.16822624206543,0.05,-5.564298629760742,,
209200,15.210806846618652,0.05,-6.395312786102295,,
209250,18.86282730102539,0.05,-4.968419551849365,,
209300,15.251429557800293,0.05,-5.589309215545654,,
209350,0.18316741287708282,0.05,-4.722132682800293,,
209400,13.15998363494873,0.05,-6.682029724121094,,
209450,10.082354545593262,0.05,-6.612817287445068,,
209500,14.593195915222168,0.05,-4.796459674835205,,
209550,4.878994464874268,0.05,-3.824414014816284,,
209600,9.303248405456543,0.05,-4.936193466186523,,
209650,13.206337928771973,0.05,-5.1814799308776855,,
209700,8.53003978729248,0.05,-5.818753719329834,,
209750,13.056897163391113,0.05,-4.698080539703369,,
209800,9.717307090759277,0.05,-6.02923059463501,,
209850,12.9313325881958,0.05,-5.052501678466797,,
209900,7.419240474700928,0.05,-5.860111236572266,,
209950,2.192946195602417,0.05,-5.920164585113525,,
210000,4.419595241546631,0.05,-5.222888946533203,,
210050,3.6169097423553467,0.05,-5.022165298461914,,
210100,1.0274577140808105,0.05,-5.3140034675598145,,
210150,1.7253061532974243,0.05,-4.798208713531494,,
210200,0.22620688378810883,0.05,-5.060967922210693,,
210250,1.1739073991775513,0.05,-6.023726940155029,,
210300,0.5728647708892822,0.05,-3.7726075649261475,,
210350,3.94907546043396,0.05,-4.064412593841553,,
210400,6.395200252532959,0.05,-4.902567386627197,,
210450,10.78808307647705,0.05,-5.344822406768799,,
210500,10.731292724609375,0.05,-5.515014171600342,,
210550,2.2483363151550293,0.05,-6.337154388427734,,
210600,7.0668559074401855,0.05,-5.180065631866455,,
210650,4.591729640960693,0.05,-5.732936382293701,,
210700,6.018030643463135,0.05,-5.646520614624023,,
210750,7.941993713378906,0.05,-3.882767915725708,,
210800,19.088228225708008,0.05,-5.992392063140869,,
210850,16.940719604492188,0.05,-4.7999773025512695,,
210900,7.63676118850708,0.05,-6.447200298309326,,
210950,7.238412380218506,0.05,-6.252994537353516,,
211000,3.9357643127441406,0.05,-4.993180274963379,,
211050,14.097853660583496,0.05,-5.783226013183594,,
211100,32.410911560058594,0.05,-5.317299842834473,,
211150,9.64897346496582,0.05,-5.62513542175293,,
211200,5.355625629425049,0.05,-5.606414794921875,,
211250,5.021022796630859,0.05,-5.169054985046387,,
211300,0.9586281180381775,0.05,-5.273494243621826,,
211350,3.727088689804077,0.05,-5.6052117347717285,,
211400,17.729455947875977,0.05,-5.713207721710205,,
211450,4.41771936416626,0.05,-5.270377159118652,,
211500,16.605154037475586,0.05,-5.826421737670898,,
211550,11.428375244140625,0.05,-5.176858901977539,,
211600,0.12870056927204132,0.05,-4.804873943328857,,
211650,5.384859085083008,0.05,-4.357293605804443,,
211700,11.436531066894531,0.05,-5.208427906036377,,
211750,7.119690418243408,0.05,-6.040327072143555,,
211800,9.085532188415527,0.05,-4.566586971282959,,
211850,9.241397857666016,0.05,-4.6150712966918945,,
211900,1.813052773475647,0.05,-5.752432346343994,,
211950,0.7603049874305725,0.05,-4.993739128112793,,
212000,0.46386125683784485,0.05,-5.427988529205322,,
212050,3.004958391189575,0.05,-3.802236795425415,,
212100,9.559591293334961,0.05,-4.542180061340332,,
212150,0.37882962822914124,0.05,-5.168000221252441,,
212200,7.615346908569336,0.05,-4.793312072753906,,
212250,1.9208606481552124,0.05,-5.013990879058838,,
212300,11.525324821472168,0.05,-6.66120719909668,,
212350,6.288529872894287,0.05,-6.263966083526611,,
212400,7.0731635093688965,0.05,-6.304140567779541,,
212450,11.123966217041016,0.05,-5.525875568389893,,
212500,7.606454849243164,0.05,-5.464728832244873,,
212550,1.3335456848144531,0.05,-5.104480266571045,,
212600,0.54881352186203,0.05,-4.676990509033203,,
212650,0.1812182068824768,0.05,-4.461198806762695,,
212700,3.220071792602539,0.05,-3.983471632003784,,
212750,2.4083669185638428,0.05,-5.185564041137695,,
212800,14.981926918029785,0.05,-7.038452625274658,,
212850,3.4401445388793945,0.05,-6.263105392456055,,
212900,16.043920516967773,0.05,-6.026750087738037,,
212950,0.36218908429145813,0.05,-3.859633207321167,,
213000,3.319716691970825,0.05,-5.378775119781494,,
213050,14.925328254699707,0.05,-4.88763952255249,,
213100,0.41229960322380066,0.05,-4.5038628578186035,,
213150,28.56549644470215,0.05,-6.231407642364502,,
213200,11.150703430175781,0.05,-5.3747100830078125,,
213250,15.253406524658203,0.05,-4.905094146728516,,
213300,0.7640881538391113,0.05,-4.406169414520264,,
213350,23.544403076171875,0.05,-4.730923175811768,,
213400,3.6504383087158203,0.05,-6.122091770172119,,
213450,9.902586936950684,0.05,-4.79416036605835,,
213500,13.299666404724121,0.05,-6.039869785308838,,
213550,22.844636917114258,0.05,-6.137041091918945,,
213600,7.183870792388916,0.05,-6.123634338378906,,
213650,15.26541805267334,0.05,-7.315969467163086,,
213700,6.702642440795898,0.05,-5.048964500427246,,
213750,0.5882965326309204,0.05,-5.681337356567383,,
213800,9.13538932800293,0.05,-3.778733491897583,,
213850,18.409639358520508,0.05,-7.079294204711914,,
213900,11.1812162399292,0.05,-6.344640254974365,,
213950,14.405526161193848,0.05,-6.29625129699707,,
214000,1.602152705192566,0.05,-4.948206424713135,,
214050,5.241244792938232,0.05,-5.2191619873046875,,
214100,4.043691158294678,0.05,-4.904999256134033,,
214150,10.50818157196045,0.05,-4.633327960968018,,
214200,1.5122050046920776,0.05,-5.093897342681885,,
214250,8.015278816223145,0.05,-4.996612548828125,,
214300,18.722623825073242,0.05,-4.948130130767822,,
214350,21.660634994506836,0.05,-6.411426067352295,,
214400,0.6534464359283447,0.05,-4.684215068817139,,
214450,2.703165292739868,0.05,-4.9585065841674805,,
214500,8.09704875946045,0.05,-5.312106609344482,,
214550,3.552203416824341,0.05,-3.9410898685455322,,
214600,2.0765230655670166,0.05,-5.026169300079346,,
214650,29.006515502929688,0.05,-6.406625270843506,,
214700,2.9770495891571045,0.05,-4.48566198348999,,
214750,0.5621423125267029,0.05,-6.916897296905518,,
214800,9.361563682556152,0.05,-6.198338985443115,,
214850,15.306962013244629,0.05,-5.255771160125732,,
214900,3.3152992725372314,0.05,-5.202212810516357,,
214950,7.186933994293213,0.05,-6.157654285430908,,
215000,9.351494789123535,0.05,-5.239141941070557,,
215050,13.825591087341309,0.05,-5.621031284332275,,
215100,4.7277913093566895,0.05,-5.722692489624023,,
215150,8.8048677444458,0.05,-5.063073635101318,,
215200,11.442267417907715,0.05,-5.681396007537842,,
215250,0.6017547249794006,0.05,-4.665684223175049,,
215300,5.872071743011475,0.05,-6.222497940063477,,
215350,4.8484110832214355,0.05,-4.863193988800049,,
215400,4.551197528839111,0.05,-5.39042329788208,,
215450,2.8168318271636963,0.05,-4.99644660949707,,
215500,14.715706825256348,0.05,-5.867921352386475,,
215550,12.43887710571289,0.05,-4.335728168487549,,
215600,4.058102130889893,0.05,-5.334482192993164,,
215650,0.4826434850692749,0.05,-3.676400899887085,,
215700,8.903605461120605,0.05,-5.997705459594727,,
215750,2.971013307571411,0.05,-4.772004127502441,,
215800,7.461625576019287,0.05,-6.096608638763428,,
215850,6.790439605712891,0.05,-5.577944278717041,,
215900,6.768648147583008,0.05,-4.966551780700684,,
215950,7.758382320404053,0.05,-5.828174591064453,,
216000,10.627662658691406,0.05,-4.500924110412598,,
216050,1.6549715995788574,0.05,-5.225005626678467,,
216100,10.747477531433105,0.05,-7.411075592041016,,
216150,14.176948547363281,0.05,-4.391625881195068,,
216200,5.892310619354248,0.05,-5.814306735992432,,
216250,4.76554536819458,0.05,-5.537763595581055,,
216300,2.0127456188201904,0.05,-4.374488353729248,,
216350,8.086899757385254,0.05,-5.719560146331787,,
216400,4.794796466827393,0.05,-4.081101894378662,,
216450,10.399028778076172,0.05,-4.876086235046387,,
216500,1.323217749595642,0.05,-6.319223880767822,,
216550,20.720794677734375,0.05,-5.519893646240234,,
216600,4.9890546798706055,0.05,-5.03407621383667,,
216650,2.141824960708618,0.05,-5.796687602996826,,
216700,8.501616477966309,0.05,-5.66345739364624,,
216750,0.8086991310119629,0.05,-4.4697585105896,,
216800,3.301907539367676,0.05,-4.865698337554932,,
216850,5.809176921844482,0.05,-5.294792652130127,,
216900,2.285485029220581,0.05,-7.008238315582275,,
216950,16.381160736083984,0.05,-5.254822254180908,,
217000,22.768875122070312,0.05,-5.1635661125183105,,
217050,8.464728355407715,0.05,-5.917547225952148,,
217100,8.72242259979248,0.05,-5.326059341430664,,
217150,11.0262451171875,0.05,-5.376641750335693,,
217200,0.5327933430671692,0.05,-4.917179584503174,,
217250,25.79319190979004,0.05,-7.324386119842529,,
217300,30.521333694458008,0.05,-7.694026470184326,,
217350,11.470023155212402,0.05,-6.440939426422119,,
217400,21.226511001586914,0.05,-6.649960041046143,,
217450,22.43492889404297,0.05,-6.16262674331665,,
217500,20.704195022583008,0.05,-5.527377605438232,,
217550,6.922390460968018,0.05,-4.1532816886901855,,
217600,9.361244201660156,0.05,-6.075191974639893,,
217650,9.832390785217285,0.05,-4.773035049438477,,
217700,5.395822525024414,0.05,-5.095597743988037,,
217750,7.224385738372803,0.05,-5.387258052825928,,
217800,2.950873374938965,0.05,-3.9474592208862305,,
217850,17.916933059692383,0.05,-4.346951007843018,,
217900,0.9838962554931641,0.05,-6.238862991333008,,
217950,2.2103090286254883,0.05,-6.526741027832031,,
218000,12.263248443603516,0.05,-5.349546432495117,,
218050,4.701927661895752,0.05,-5.477907180786133,,
218100,9.564193725585938,0.05,-4.400845050811768,,
218150,0.9493663907051086,0.05,-4.616450309753418,,
218200,0.6469184756278992,0.05,-5.244850158691406,,
218250,7.217998504638672,0.05,-5.1546173095703125,,
218300,1.9331163167953491,0.05,-6.174488067626953,,
218350,14.469802856445312,0.05,-5.0296478271484375,,
218400,6.16546106338501,0.05,-3.87787127494812,,
218450,1.6296648979187012,0.05,-5.756197452545166,,
218500,15.61069107055664,0.05,-5.547173976898193,,
218550,23.71587371826172,0.05,-5.931791305541992,,
218600,15.01313304901123,0.05,-5.474710941314697,,
218650,7.319035053253174,0.05,-5.393958568572998,,
218700,0.5718978047370911,0.05,-4.97451114654541,,
218750,8.288657188415527,0.05,-5.833850860595703,,
218800,3.4541759490966797,0.05,-4.94277811050415,,
218850,0.6192830801010132,0.05,-4.661953449249268,,
218900,11.717536926269531,0.05,-6.2734694480896,,
218950,2.526787519454956,0.05,-4.273963451385498,,
219000,28.505409240722656,0.05,-6.441229343414307,,
219050,1.5482558012008667,0.05,-5.548851490020752,,
219100,4.276350021362305,0.05,-4.693905830383301,,
219150,10.031176567077637,0.05,-4.6836628913879395,,
219200,6.833866596221924,0.05,-4.574373722076416,,
219250,8.849255561828613,0.05,-4.533877849578857,,
219300,0.17367403209209442,0.05,-4.8619794845581055,,
219350,2.7938663959503174,0.05,-5.456809997558594,,
219400,9.873833656311035,0.05,-4.953788757324219,,
219450,0.5791952610015869,0.05,-4.306794166564941,,
219500,0.7928874492645264,0.05,-4.788844585418701,,
219550,6.523457050323486,0.05,-4.747167110443115,,
219600,1.1452990770339966,0.05,-6.005099773406982,,
219650,7.681908130645752,0.05,-5.339111328125,,
219700,7.593423366546631,0.05,-3.9640560150146484,,
219750,15.504722595214844,0.05,-4.288522243499756,,
219800,7.814999103546143,0.05,-4.798187732696533,,
219850,18.88157081604004,0.05,-5.55072546005249,,
219900,1.34230375289917,0.05,-5.196412563323975,,
219950,0.23004169762134552,0.05,-4.700515270233154,,
220000,17.569080352783203,0.05,-6.801811695098877,,
220050,3.9719104766845703,0.05,-4.653680324554443,,
220100,3.386763572692871,0.05,-6.3186492919921875,,
220150,24.68762969970703,0.05,-6.263952732086182,,
220200,13.416827201843262,0.05,-5.1701130867004395,,
220250,18.92650604248047,0.05,-6.149133205413818,,
220300,15.840644836425781,0.05,-4.496806621551514,,
220350,18.262720108032227,0.05,-5.548154354095459,,
220400,16.068161010742188,0.05,-4.726390361785889,,
220450,0.4546304941177368,0.05,-4.800660133361816,,
220500,10.035958290100098,0.05,-4.045799732208252,,
220550,0.6892618536949158,0.05,-4.741330623626709,,
220600,1.6568018198013306,0.05,-5.65108060836792,,
220650,16.307153701782227,0.05,-5.113830089569092,,
220700,20.070539474487305,0.05,-4.004915237426758,,
220750,0.6860241889953613,0.05,-5.154135227203369,,
220800,1.4421690702438354,0.05,-4.521711349487305,,
220850,22.310590744018555,0.05,-6.67262077331543,,
220900,0.7192479968070984,0.05,-5.142902851104736,,
220950,23.77263069152832,0.05,-4.924561023712158,,
221000,9.103652954101562,0.05,-6.922945022583008,,
221050,0.7963729500770569,0.05,-3.8822152614593506,,
221100,1.439691185951233,0.05,-5.100761890411377,,
221150,2.9131877422332764,0.05,-5.688962936401367,,
221200,11.303929328918457,0.05,-5.136885166168213,,
221250,10.44388198852539,0.05,-5.635217189788818,,
221300,8.697769165039062,0.05,-4.948742866516113,,
221350,0.4105648100376129,0.05,-5.636294841766357,,
221400,9.247293472290039,0.05,-7.22294282913208,,
221450,2.366626262664795,0.05,-5.678886413574219,,
221500,10.635165214538574,0.05,-5.435840129852295,,
221550,2.656684637069702,0.05,-5.5468525886535645,,
221600,13.344921112060547,0.05,-4.228634357452393,,
221650,23.787582397460938,0.05,-4.1550211906433105,,
221700,1.0206042528152466,0.05,-5.8779778480529785,,
221750,4.364138126373291,0.05,-4.746358871459961,,
221800,12.137553215026855,0.05,-5.677481174468994,,
221850,10.08734130859375,0.05,-4.82236385345459,,
221900,14.33286190032959,0.05,-4.996333599090576,,
221950,9.32103157043457,0.05,-4.92173433303833,,
222000,3.487898826599121,0.05,-3.8618011474609375,,
222050,6.5378899574279785,0.05,-6.6986403465271,,
222100,10.340486526489258,0.05,-6.474568843841553,,
222150,19.81328582763672,0.05,-5.167976379394531,,
222200,15.004992485046387,0.05,-5.992740631103516,,
222250,1.9894646406173706,0.05,-4.971302509307861,,
222300,9.776848793029785,0.05,-5.565086364746094,,
222350,5.882609844207764,0.05,-4.623531818389893,,
222400,13.757424354553223,0.05,-5.060730457305908,,
222450,6.994466304779053,0.05,-5.5632452964782715,,
222500,4.038629055023193,0.05,-5.301670551300049,,
222550,3.652522087097168,0.05,-4.577680587768555,,
222600,12.847732543945312,0.05,-5.029825210571289,,
222650,14.705212593078613,0.05,-5.201095104217529,,
222700,3.421434164047241,0.05,-4.56099271774292,,
222750,15.93125057220459,0.05,-5.564085483551025,,
222800,7.227418422698975,0.05,-5.836309909820557,,
222850,0.9362331032752991,0.05,-4.983756065368652,,
222900,6.735692501068115,0.05,-4.854310989379883,,
222950,0.5535675883293152,0.05,-4.645899295806885,,
223000,10.37539291381836,0.05,-4.078543663024902,,
223050,8.690945625305176,0.05,-5.371011257171631,,
223100,3.953437566757202,0.05,-5.981256008148193,,
223150,1.1726959943771362,0.05,-5.35150146484375,,
223200,5.459197998046875,0.05,-4.304749011993408,,
223250,2.020472288131714,0.05,-4.76600980758667,,
223300,2.033496618270874,0.05,-5.710659027099609,,
223350,1.5148988962173462,0.05,-6.6809983253479,,
223400,6.031303882598877,0.05,-4.986321926116943,,
223450,1.9978967905044556,0.05,-5.413796901702881,,
223500,16.69708824157715,0.05,-6.061316967010498,,
223550,5.605413436889648,0.05,-5.463207721710205,,
223600,7.75424337387085,0.05,-6.162851810455322,,
223650,2.469449043273926,0.05,-6.288837909698486,,
223700,17.332990646362305,0.05,-6.833244800567627,,
223750,3.145334243774414,0.05,-5.43905782699585,,
223800,0.562146008014679,0.05,-6.525637149810791,,
223850,11.224990844726562,0.05,-5.480247497558594,,
223900,0.6985717415809631,0.05,-6.863918304443359,,
223950,3.977173089981079,0.05,-5.341390609741211,,
224000,27.91822052001953,0.05,-6.151906490325928,,
224050,7.010006427764893,0.05,-6.86017370223999,,
224100,19.354106903076172,0.05,-5.8678669929504395,,
224150,2.876020669937134,0.05,-6.145092010498047,,
224200,13.2959566116333,0.05,-4.456342697143555,,
224250,10.879204750061035,0.05,-7.327409744262695,,
224300,14.271599769592285,0.05,-5.3221282958984375,,
224350,22.86793327331543,0.05,-6.811767578125,,
224400,1.9556347131729126,0.05,-7.001253604888916,,
224450,0.62932950258255,0.05,-4.515316486358643,,
224500,0.876919686794281,0.05,-5.8840250968933105,,
224550,1.805824637413025,0.05,-4.821834564208984,,
224600,6.250349521636963,0.05,-4.31752872467041,,
224650,2.1496222019195557,0.05,-5.654791355133057,,
224700,2.348891019821167,0.05,-6.137372970581055,,
224750,1.3259536027908325,0.05,-7.4662017822265625,,
224800,0.5487180352210999,0.05,-6.237082004547119,,
224850,6.993770599365234,0.05,-4.694089412689209,,
224900,0.2287144809961319,0.05,-3.989182233810425,,
224950,17.13844108581543,0.05,-4.3524956703186035,,
225000,0.9521982073783875,0.05,-5.894045352935791,-1.4820486937581154,42.93333333333333
225050,0.6368536949157715,0.05,-4.610621929168701,,
225100,3.1238086223602295,0.05,-5.397764205932617,,
225150,18.144573211669922,0.05,-4.257004261016846,,
225200,6.773435115814209,0.05,-4.534692287445068,,
225250,13.147345542907715,0.05,-5.919227600097656,,
225300,1.6848444938659668,0.05,-5.572824954986572,,
225350,19.441917419433594,0.05,-4.736942291259766,,
225400,8.067963600158691,0.05,-4.924325466156006,,
225450,7.891761779785156,0.05,-5.051969051361084,,
225500,3.1421420574188232,0.05,-6.009583950042725,,
225550,5.547935485839844,0.05,-5.228688716888428,,
225600,0.4802933633327484,0.05,-5.0845794677734375,,
225650,5.561366558074951,0.05,-5.590625762939453,,
225700,10.938754081726074,0.05,-5.629718780517578,,
225750,4.811866283416748,0.05,-4.655267238616943,,
225800,0.8566796183586121,0.05,-4.947610378265381,,
225850,0.1265595406293869,0.05,-3.871891975402832,,
225900,3.864809036254883,0.05,-5.018270015716553,,
225950,4.856607913970947,0.05,-4.514692783355713,,
226000,7.305797576904297,0.05,-5.464158535003662,,
226050,4.632411479949951,0.05,-4.621668338775635,,
226100,3.5553829669952393,0.05,-5.58021879196167,,
226150,10.016413688659668,0.05,-4.986593246459961,,
226200,1.9256261587142944,0.05,-5.540029525756836,,
226250,0.5925907492637634,0.05,-4.779784679412842,,
226300,12.299530029296875,0.05,-6.123691082000732,,
226350,0.3937935531139374,0.05,-4.4817118644714355,,
226400,0.6405967473983765,0.05,-4.374867916107178,,
226450,12.209635734558105,0.05,-3.9422266483306885,,
226500,1.4280328750610352,0.05,-4.185166835784912,,
226550,15.19707202911377,0.05,-4.986655235290527,,
226600,4.532718181610107,0.05,-5.724536895751953,,
226650,17.606061935424805,0.05,-4.89617395401001,,
226700,2.907963514328003,0.05,-4.8796305656433105,,
226750,1.4570426940917969,0.05,-4.750960826873779,,
226800,2.527552366256714,0.05,-6.592647552490234,,
226850,5.56301736831665,0.05,-4.508822917938232,,
226900,11.62738037109375,0.05,-5.176011562347412,,
226950,4.482596397399902,0.05,-4.266520023345947,,
227000,17.08006477355957,0.05,-5.334658145904541,,
227050,8.233724594116211,0.05,-5.197373867034912,,
227100,13.4845552444458,0.05,-5.263935089111328,,
227150,0.9923961758613586,0.05,-4.287303924560547,,
227200,14.540751457214355,0.05,-4.6861701011657715,,
227250,9.740227699279785,0.05,-5.043693542480469,,
227300,5.2265191078186035,0.05,-3.876903533935547,,
227350,2.6730308532714844,0.05,-4.556845188140869,,
227400,9.742753028869629,0.05,-4.779368877410889,,
227450,1.6046251058578491,0.05,-4.8239264488220215,,
227500,3.281477689743042,0.05,-5.187323570251465,,
227550,2.709630012512207,0.05,-4.5633864402771,,
227600,0.840365469455719,0.05,-5.489936351776123,,
227650,2.091625690460205,0.05,-4.7290425300598145,,
227700,0.7076672911643982,0.05,-5.2359299659729,,
227750,4.490527629852295,0.05,-6.163089275360107,,
227800,4.784924507141113,0.05,-4.3565592765808105,,
227850,5.7211079597473145,0.05,-6.129336833953857,,
227900,0.8977789282798767,0.05,-4.899877548217773,,
227950,3.0351505279541016,0.05,-4.276157855987549,,
228000,3.7767651081085205,0.05,-5.729886531829834,,
228050,17.117589950561523,0.05,-5.5599822998046875,,
228100,2.6317882537841797,0.05,-5.266300201416016,,
228150,17.451766967773438,0.05,-7.253727436065674,,
228200,12.295367240905762,0.05,-4.441808700561523,,
228250,9.691920280456543,0.05,-5.035567760467529,,
228300,3.584280014038086,0.05,-4.762623310089111,,
228350,0.5890337824821472,0.05,-5.4325408935546875,,
228400,3.0889461040496826,0.05,-4.887699604034424,,
228450,0.47733208537101746,0.05,-4.058002948760986,,
228500,0.4997028112411499,0.05,-4.532406330108643,,
228550,0.38877952098846436,0.05,-5.404080867767334,,
228600,0.5651172399520874,0.05,-5.149843692779541,,
228650,7.6640753746032715,0.05,-4.259829998016357,,
228700,0.23492242395877838,0.05,-4.397878170013428,,
228750,3.967426061630249,0.05,-6.266677379608154,,
228800,0.340274840593338,0.05,-5.351043224334717,,
228850,10.259687423706055,0.05,-4.893160820007324,,
228900,5.930070400238037,0.05,-7.4209747314453125,,
228950,13.040328979492188,0.05,-5.531300067901611,,
229000,28.966867446899414,0.05,-6.182950973510742,,
229050,5.841414928436279,0.05,-6.564239025115967,,
229100,15.270645141601562,0.05,-6.151454925537109,,
229150,3.56644606590271,0.05,-4.993051528930664,,
229200,5.78992223739624,0.05,-5.804527759552002,,
229250,1.4810118675231934,0.05,-5.466030120849609,,
229300,17.424840927124023,0.05,-4.715419769287109,,
229350,4.864818096160889,0.05,-4.894028186798096,,
229400,0.37499499320983887,0.05,-3.9081380367279053,,
229450,11.094491004943848,0.05,-6.851800441741943,,
229500,0.5017682909965515,0.05,-5.976306438446045,,
229550,2.748029947280884,0.05,-5.005295276641846,,
229600,12.994735717773438,0.05,-5.650641918182373,,
229650,1.6201114654541016,0.05,-6.0707831382751465,,
229700,2.526747941970825,0.05,-5.103293418884277,,
229750,0.13398388028144836,0.05,-4.813320636749268,,
229800,5.718223571777344,0.05,-4.795146465301514,,
229850,2.6842315196990967,0.05,-5.805509567260742,,
229900,18.31014060974121,0.05,-5.778836727142334,,
229950,0.38548097014427185,0.05,-4.799166202545166,,
230000,1.8429394960403442,0.05,-6.6957244873046875,,
230050,4.391585350036621,0.05,-5.4474358558654785,,
230100,1.6869010925292969,0.05,-5.350192546844482,,
230150,1.2758585214614868,0.05,-6.237373352050781,,
230200,9.519349098205566,0.05,-6.836497783660889,,
230250,10.092082023620605,0.05,-5.409204959869385,,
230300,5.350771427154541,0.05,-5.191438674926758,,
230350,3.528311014175415,0.05,-5.622426986694336,,
230400,4.290091037750244,0.05,-4.337756633758545,,
230450,0.2549208700656891,0.05,-4.52618932723999,,
230500,4.287547588348389,0.05,-4.9913649559021,,
230550,7.742041110992432,0.05,-5.243957996368408,,
230600,13.845181465148926,0.05,-4.541955471038818,,
230650,14.903098106384277,0.05,-6.109048843383789,,
230700,10.461478233337402,0.05,-4.944491863250732,,
230750,5.750558853149414,0.05,-4.616648197174072,,
230800,10.869378089904785,0.05,-5.816366672515869,,
230850,1.2361584901809692,0.05,-5.731573581695557,,
230900,4.574867248535156,0.05,-5.05867338180542,,
230950,2.450112819671631,0.05,-5.035707950592041,,
231000,0.9671339988708496,0.05,-5.035264015197754,,
231050,0.7605555653572083,0.05,-5.2847514152526855,,
231100,14.245555877685547,0.05,-5.907547473907471,,
231150,1.7825007438659668,0.05,-6.301759243011475,,
231200,12.0789155960083,0.05,-7.023866176605225,,
231250,1.2104535102844238,0.05,-5.276861190795898,,
231300,10.612369537353516,0.05,-5.364230632781982,,
231350,6.648366451263428,0.05,-3.886521100997925,,
231400,0.792079746723175,0.05,-4.0431952476501465,,
231450,0.4366050958633423,0.05,-4.866291522979736,,
231500,0.19684571027755737,0.05,-4.067666053771973,,
231550,4.880129814147949,0.05,-5.541921615600586,,
231600,3.992985486984253,0.05,-4.925934314727783,,
231650,7.811825275421143,0.05,-3.99826979637146,,
231700,0.5379205346107483,0.05,-4.777024269104004,,
231750,10.284687042236328,0.05,-3.994821548461914,,
231800,0.35355818271636963,0.05,-5.228503704071045,,
231850,0.9089334607124329,0.05,-5.2575578689575195,,
231900,1.0426665544509888,0.05,-6.805483341217041,,
231950,0.5530380010604858,0.05,-4.785229682922363,,
232000,6.174205780029297,0.05,-4.9173431396484375,,
232050,7.958583354949951,0.05,-4.489543437957764,,
232100,19.114200592041016,0.05,-5.8993682861328125,,
232150,13.650691986083984,0.05,-5.0571746826171875,,
232200,15.818618774414062,0.05,-5.353770732879639,,
232250,3.899736166000366,0.05,-4.593925952911377,,
232300,0.2203197479248047,0.05,-4.690707206726074,,
232350,8.662468910217285,0.05,-5.824037551879883,,
232400,2.7305479049682617,0.05,-6.802772045135498,,
232450,0.4501858055591583,0.05,-4.924652576446533,,
232500,0.6825488209724426,0.05,-5.9253153800964355,,
232550,2.3977787494659424,0.05,-4.27722692489624,,
232600,0.714657723903656,0.05,-4.156036853790283,,
232650,7.040665149688721,0.05,-5.016140460968018,,
232700,12.657333374023438,0.05,-6.386483669281006,,
232750,6.874980926513672,0.05,-5.874563217163086,,
232800,19.000030517578125,0.05,-6.021500110626221,,
232850,0.48110195994377136,0.05,-6.574018955230713,,
232900,0.6688129305839539,0.05,-4.097439289093018,,
232950,2.2461931705474854,0.05,-4.714894771575928,,
233000,14.729961395263672,0.05,-4.602620601654053,,
233050,0.7185451984405518,0.05,-4.9422926902771,,
233100,0.33614620566368103,0.05,-4.470411777496338,,
233150,2.592280149459839,0.05,-5.0438103675842285,,
233200,5.762470722198486,0.05,-4.434167385101318,,
233250,6.062868595123291,0.05,-5.1846489906311035,,
233300,11.660873413085938,0.05,-5.614645004272461,,
233350,1.6878366470336914,0.05,-4.733709812164307,,
233400,9.323468208312988,0.05,-5.386727809906006,,
233450,2.48598313331604,0.05,-4.426135063171387,,
233500,7.625999927520752,0.05,-4.654881954193115,,
233550,6.908710956573486,0.05,-6.051738262176514,,
233600,3.870758295059204,0.05,-4.974264621734619,,
233650,4.1556854248046875,0.05,-4.43318510055542,,
233700,1.8170877695083618,0.05,-5.183584690093994,,
233750,0.8179121017456055,0.05,-4.384312152862549,,
233800,2.217848777770996,0.05,-5.096298694610596,,
233850,1.4420920610427856,0.05,-4.672252655029297,,
233900,11.565585136413574,0.05,-5.313167572021484,,
233950,0.6285256147384644,0.05,-5.1670942306518555,,
234000,0.3246172070503235,0.05,-4.804269313812256,,
234050,11.640472412109375,0.05,-6.122542858123779,,
234100,6.745850086212158,0.05,-5.094102382659912,,
234150,14.276409149169922,0.05,-6.331968307495117,,
234200,9.42426586151123,0.05,-4.523468494415283,,
234250,0.5050283074378967,0.05,-4.674697399139404,,
234300,37.25104904174805,0.05,-5.887199401855469,,
234350,3.2872297763824463,0.05,-5.357670307159424,,
234400,7.9308905601501465,0.05,-4.798336982727051,,
234450,5.979334354400635,0.05,-4.434506893157959,,
234500,13.742671012878418,0.05,-6.661473751068115,,
234550,0.4397861063480377,0.05,-4.035460472106934,,
234600,22.864450454711914,0.05,-5.302318096160889,,
234650,3.235685110092163,0.05,-4.717798233032227,,
234700,1.302121639251709,0.05,-5.789005756378174,,
234750,19.650209426879883,0.05,-6.198828220367432,,
234800,3.322960615158081,0.05,-4.383303165435791,,
234850,7.568656921386719,0.05,-5.73762845993042,,
234900,16.23712730407715,0.05,-6.405078411102295,,
234950,1.2315376996994019,0.05,-3.8572075366973877,,
235000,13.720279693603516,0.05,-5.622627258300781,,
235050,22.664461135864258,0.05,-6.501894474029541,,
235100,0.4328782856464386,0.05,-4.6644206047058105,,
235150,2.1324784755706787,0.05,-5.808155536651611,,
235200,17.6966609954834,0.05,-5.8419952392578125,,
235250,11.721908569335938,0.05,-6.341392993927002,,
235300,7.590493679046631,0.05,-5.675938129425049,,
235350,2.0616743564605713,0.05,-5.457391262054443,,
235400,2.596961498260498,0.05,-6.577956676483154,,
235450,14.253459930419922,0.05,-4.6163554191589355,,
235500,4.1799092292785645,0.05,-5.261649131774902,,
235550,5.502397060394287,0.05,-7.002017974853516,,
235600,1.4920574426651,0.05,-4.730716705322266,,
235650,0.2758989632129669,0.05,-5.995472431182861,,
235700,23.145370483398438,0.05,-7.481808185577393,,
235750,2.2476608753204346,0.05,-5.647215366363525,,
235800,3.821856737136841,0.05,-5.5291428565979,,
235850,7.715783596038818,0.05,-3.8568508625030518,,
235900,0.8304590582847595,0.05,-4.375067234039307,,
235950,0.30578163266181946,0.05,-4.247069835662842,,
236000,0.6256622672080994,0.05,-6.049988269805908,,
236050,2.17798113822937,0.05,-4.3221049308776855,,
236100,15.802299499511719,0.05,-5.697734832763672,,
236150,2.998249053955078,0.05,-5.601678371429443,,
236200,0.6371576189994812,0.05,-4.830582141876221,,
236250,0.49219027161598206,0.05,-6.2760910987854,,
236300,0.33395740389823914,0.05,-6.298465251922607,,
236350,12.317970275878906,0.05,-5.96110725402832,,
236400,16.77100944519043,0.05,-5.787257671356201,,
236450,2.0068812370300293,0.05,-6.734676837921143,,
236500,0.5190244317054749,0.05,-4.998438358306885,,
236550,1.9033780097961426,0.05,-4.962607383728027,,
236600,13.514205932617188,0.05,-7.050013065338135,,
236650,2.5948774814605713,0.05,-4.730741024017334,,
236700,4.222079753875732,0.05,-6.470678806304932,,
236750,5.668198108673096,0.05,-4.101768493652344,,
236800,0.8400431275367737,0.05,-3.941432237625122,,
236850,0.6040825843811035,0.05,-4.625688076019287,,
236900,6.260589122772217,0.05,-4.732077121734619,,
236950,6.389960765838623,0.05,-4.841236591339111,,
237000,0.1195998415350914,0.05,-5.288524150848389,,
237050,10.463089942932129,0.05,-4.978971481323242,,
237100,17.44510841369629,0.05,-7.766254425048828,,
237150,23.237472534179688,0.05,-6.720133304595947,,
237200,0.27227291464805603,0.05,-5.691654205322266,,
237250,11.369030952453613,0.05,-6.108619213104248,,
237300,0.6778201460838318,0.05,-4.237771987915039,,
237350,2.3703110218048096,0.05,-6.448402404785156,,
237400,1.6405606269836426,0.05,-5.821909427642822,,
237450,2.066847562789917,0.05,-3.751291275024414,,
237500,16.63831901550293,0.05,-6.521396636962891,,
237550,2.9452292919158936,0.05,-3.5941107273101807,,
237600,0.5159590840339661,0.05,-4.997776508331299,,
237650,11.619430541992188,0.05,-7.233219623565674,,
237700,10.820441246032715,0.05,-6.501405715942383,,
237750,0.5066952109336853,0.05,-4.7971367835998535,,
237800,4.270784854888916,0.05,-5.801944732666016,,
237850,3.3850181102752686,0.05,-4.696775913238525,,
237900,2.295818328857422,0.05,-4.697638034820557,,
237950,16.264039993286133,0.05,-6.572241306304932,,
238000,9.207198143005371,0.05,-5.689149856567383,,
238050,2.61185622215271,0.05,-5.655803680419922,,
238100,14.391703605651855,0.05,-6.417768955230713,,
238150,7.063060283660889,0.05,-6.047740936279297,,
238200,12.24499797821045,0.05,-6.520120620727539,,
238250,3.1253786087036133,0.05,-7.807283401489258,,
238300,1.1687172651290894,0.05,-4.794714450836182,,
238350,8.75696086883545,0.05,-6.906596660614014,,
238400,0.4533003866672516,0.05,-5.520283222198486,,
238450,0.37529456615448,0.05,-6.274333953857422,,
238500,5.961177349090576,0.05,-4.655636310577393,,
238550,2.2586820125579834,0.05,-6.449687480926514,,
238600,1.2405896186828613,0.05,-6.622592926025391,,
238650,9.709431648254395,0.05,-5.004936695098877,,
238700,0.4834185540676117,0.05,-7.591232776641846,,
238750,1.386396050453186,0.05,-5.175459384918213,,
238800,7.533058166503906,0.05,-6.388658046722412,,
238850,3.0678598880767822,0.05,-5.963798999786377,,
238900,14.38154125213623,0.05,-6.14094352722168,,
238950,3.914893388748169,0.05,-4.995439529418945,,
239000,10.562376976013184,0.05,-5.963881969451904,,
239050,29.287200927734375,0.05,-6.475412368774414,,
239100,1.777074933052063,0.05,-7.02603006362915,,
239150,2.294952630996704,0.05,-5.879930019378662,,
239200,1.7540040016174316,0.05,-6.613361835479736,,
239250,1.4845820665359497,0.05,-5.449182033538818,,
239300,2.7593870162963867,0.05,-7.165684223175049,,
239350,5.281336307525635,0.05,-6.663537979125977,,
239400,0.6920830607414246,0.05,-7.030046463012695,,
239450,2.29514217376709,0.05,-6.8912129402160645,,
239500,15.265227317810059,0.05,-6.1379547119140625,,
239550,1.286516547203064,0.05,-6.095694065093994,,
239600,25.46149444580078,0.05,-4.990991592407227,,
239650,10.802939414978027,0.05,-6.617464065551758,,
239700,1.722800612449646,0.05,-4.447869300842285,,
239750,5.492010593414307,0.05,-5.726220607757568,,
239800,12.63640308380127,0.05,-6.725454807281494,,
239850,10.449397087097168,0.05,-5.308145523071289,,
239900,1.2855725288391113,0.05,-6.24578857421875,,
239950,30.5660457611084,0.05,-6.1725592613220215,,
240000,12.361618041992188,0.05,-4.75866174697876,,
240050,2.4576308727264404,0.05,-4.821889877319336,,
240100,0.16613413393497467,0.05,-6.166073322296143,,
240150,7.823373794555664,0.05,-5.779666900634766,,
240200,6.510965824127197,0.05,-6.3901543617248535,,
240250,11.467774391174316,0.05,-5.500600337982178,,
240300,1.5701316595077515,0.05,-5.043581485748291,,
240350,2.222947597503662,0.05,-6.714128494262695,,
240400,17.162553787231445,0.05,-5.76845121383667,,
240450,6.4061737060546875,0.05,-5.494438171386719,,
240500,17.31273078918457,0.05,-5.962404727935791,,
240550,0.12897737324237823,0.05,-4.577585220336914,,
240600,22.443689346313477,0.05,-8.051729202270508,,
240650,19.822904586791992,0.05,-4.66057014465332,,
240700,14.765167236328125,0.05,-6.307063579559326,,
240750,9.409308433532715,0.05,-5.426389217376709,,
240800,43.700164794921875,0.05,-6.541414737701416,,
240850,2.8788273334503174,0.05,-5.3635573387146,,
240900,15.058926582336426,0.05,-6.126720428466797,,
240950,13.38601016998291,0.05,-5.691141605377197,,
241000,10.249138832092285,0.05,-6.956885814666748,,
241050,29.72762107849121,0.05,-6.40101957321167,,
241100,1.115904688835144,0.05,-5.274363040924072,,
241150,6.045740127563477,0.05,-5.005925178527832,,
241200,2.0993618965148926,0.05,-4.2214555740356445,,
241250,19.399879455566406,0.05,-5.196237564086914,,
241300,1.582535743713379,0.05,-4.933535099029541,,
241350,1.7912980318069458,0.05,-5.423022747039795,,
241400,17.555429458618164,0.05,-6.878416061401367,,
241450,9.359280586242676,0.05,-6.606852054595947,,
241500,16.2878360748291,0.05,-5.608406066894531,,
241550,4.94106912612915,0.05,-6.204736709594727,,
241600,8.383415222167969,0.05,-6.816714763641357,,
241650,3.357912063598633,0.05,-7.739936828613281,,
241700,26.2492618560791,0.05,-6.119930744171143,,
241750,0.25768452882766724,0.05,-4.570273399353027,,
241800,1.525851845741272,0.05,-6.019529819488525,,
241850,1.9270247220993042,0.05,-5.106095314025879,,
241900,10.816421508789062,0.05,-5.938676357269287,,
241950,1.0511984825134277,0.05,-4.114473819732666,,
242000,10.094598770141602,0.05,-6.976465702056885,,
242050,4.784713268280029,0.05,-6.618636608123779,,
242100,1.7998851537704468,0.05,-7.019043445587158,,
242150,22.29115867614746,0.05,-6.074432849884033,,
242200,1.7415332794189453,0.05,-6.002969741821289,,
242250,2.5666401386260986,0.05,-6.4936347007751465,,
242300,8.90639877319336,0.05,-7.849052906036377,,
242350,12.837146759033203,0.05,-5.8266143798828125,,
242400,0.9432151913642883,0.05,-6.321846008300781,,
242450,2.05869197845459,0.05,-5.698129177093506,,
242500,24.325830459594727,0.05,-5.874057769775391,,
242550,10.744560241699219,0.05,-7.144466876983643,,
242600,26.951873779296875,0.05,-6.619049072265625,,
242650,0.8748515248298645,0.05,-5.048923015594482,,
242700,11.404162406921387,0.05,-5.578301906585693,,
242750,8.308178901672363,0.05,-6.10842752456665,,
242800,3.9874446392059326,0.05,-4.07628059387207,,
242850,14.573765754699707,0.05,-5.5295891761779785,,
242900,0.26584818959236145,0.05,-4.272590160369873,,
242950,0.3785367012023926,0.05,-6.2408833503723145,,
243000,24.337203979492188,0.05,-6.069738388061523,,
243050,8.38439655303955,0.05,-4.452205181121826,,
243100,19.704233169555664,0.05,-6.342510223388672,,
243150,1.3795485496520996,0.05,-5.884250164031982,,
243200,3.380312919616699,0.05,-6.6103973388671875,,
243250,3.49756121635437,0.05,-6.341324329376221,,
243300,0.648749053478241,0.05,-6.127872943878174,,
243350,1.92341148853302,0.05,-5.358609676361084,,
243400,31.62211036682129,0.05,-7.073551177978516,,
243450,18.977441787719727,0.05,-4.537770748138428,,
243500,1.8061798810958862,0.05,-4.811893939971924,,
243550,5.60096549987793,0.05,-5.0866875648498535,,
243600,3.929286241531372,0.05,-6.099145412445068,,
243650,6.119956970214844,0.05,-4.7776665687561035,,
243700,13.582337379455566,0.05,-8.37709903717041,,
243750,12.59945297241211,0.05,-5.317368507385254,,
243800,2.519287347793579,0.05,-7.089700698852539,,
243850,3.2505218982696533,0.05,-5.1740031242370605,,
243900,12.856292724609375,0.05,-6.3041672706604,,
243950,13.439480781555176,0.05,-5.708214282989502,,
244000,2.1603782176971436,0.05,-4.325381755828857,,
244050,13.095111846923828,0.05,-5.630693435668945,,
244100,17.918394088745117,0.05,-5.695773601531982,,
244150,0.3037968575954437,0.05,-5.181399822235107,,
244200,6.569118022918701,0.05,-5.068205833435059,,
244250,6.065352916717529,0.05,-5.467167377471924,,
244300,11.756763458251953,0.05,-7.026481628417969,,
244350,10.217061996459961,0.05,-5.151966094970703,,
244400,8.33648681640625,0.05,-6.889554500579834,,
244450,12.705147743225098,0.05,-6.08041524887085,,
244500,1.3573250770568848,0.05,-6.697485446929932,,
244550,28.21105194091797,0.05,-5.532230377197266,,
244600,14.053459167480469,0.05,-5.7378315925598145,,
244650,23.38860511779785,0.05,-7.075328350067139,,
244700,14.282788276672363,0.05,-6.347370147705078,,
244750,24.64887237548828,0.05,-6.004064083099365,,
244800,4.000535011291504,0.05,-5.161169528961182,,
244850,21.671653747558594,0.05,-5.28587007522583,,
244900,0.94921875,0.05,-4.313591480255127,,
244950,0.5663278698921204,0.05,-4.1530375480651855,,
245000,15.0874605178833,0.05,-5.5679545402526855,,
245050,1.6153098344802856,0.05,-5.798368453979492,,
245100,0.6200881600379944,0.05,-5.8726325035095215,,
245150,9.209267616271973,0.05,-5.213039398193359,,
245200,1.3229809999465942,0.05,-5.008108615875244,,
245250,34.085697174072266,0.05,-6.064229965209961,,
245300,3.4761457443237305,0.05,-4.345502853393555,,
245350,15.495055198669434,0.05,-5.4481892585754395,,
245400,6.582891941070557,0.05,-5.6969428062438965,,
245450,12.136852264404297,0.05,-5.968474864959717,,
245500,0.1588464230298996,0.05,-4.469240188598633,,
245550,9.593873023986816,0.05,-4.965198993682861,,
245600,51.109710693359375,0.05,-5.669626712799072,,
245650,0.8059508800506592,0.05,-4.689426898956299,,
245700,18.73990249633789,0.05,-6.356645107269287,,
245750,3.622755765914917,0.05,-4.238036632537842,,
245800,9.393097877502441,0.05,-5.164222717285156,,
245850,0.9920035004615784,0.05,-5.0454325675964355,,
245900,10.995697021484375,0.05,-5.827682018280029,,
245950,6.775417327880859,0.05,-7.000129222869873,,
246000,9.8489351272583,0.05,-5.489959716796875,,
246050,10.236132621765137,0.05,-5.6939873695373535,,
246100,0.2965528666973114,0.05,-4.190733909606934,,
246150,12.880729675292969,0.05,-4.630556106567383,,
246200,0.311981737613678,0.05,-4.722598075866699,,
246250,3.341517448425293,0.05,-6.004768371582031,,
246300,19.054533004760742,0.05,-7.013485431671143,,
246350,6.311777591705322,0.05,-6.412050724029541,,
246400,0.34406042098999023,0.05,-4.29008150100708,,
246450,1.5201884508132935,0.05,-5.981665134429932,,
246500,17.37352180480957,0.05,-4.503964900970459,,
246550,0.5643890500068665,0.05,-5.035236835479736,,
246600,13.022139549255371,0.05,-5.070963382720947,,
246650,0.47696980834007263,0.05,-4.971940994262695,,
246700,2.540942430496216,0.05,-5.90807580947876,,
246750,7.521587371826172,0.05,-3.851027727127075,,
246800,5.278881072998047,0.05,-5.877355098724365,,
246850,16.22935676574707,0.05,-5.8240838050842285,,
246900,5.125664710998535,0.05,-5.520479202270508,,
246950,0.5354849696159363,0.05,-5.474765300750732,,
247000,1.2634118795394897,0.05,-4.547980308532715,,
247050,5.567155361175537,0.05,-4.889039039611816,,
247100,21.829193115234375,0.05,-5.604639053344727,,
247150,9.693807601928711,0.05,-4.933038711547852,,
247200,0.7966992855072021,0.05,-6.143740177154541,,
247250,33.787254333496094,0.05,-6.834725856781006,,
247300,1.2792879343032837,0.05,-5.292944431304932,,
247350,5.799719333648682,0.05,-7.9833526611328125,,
247400,20.954967498779297,0.05,-6.16859769821167,,
247450,4.174855709075928,0.05,-5.46701192855835,,
247500,0.8172013163566589,0.05,-5.448467254638672,,
247550,10.777535438537598,0.05,-6.6456298828125,,
247600,1.5248137712478638,0.05,-4.470620632171631,,
247650,1.3327784538269043,0.05,-5.064552307128906,,
247700,0.4877992868423462,0.05,-4.691614627838135,,
247750,1.547887921333313,0.05,-5.957759857177734,,
247800,0.554908812046051,0.05,-4.152138710021973,,
247850,21.587730407714844,0.05,-6.213531970977783,,
247900,3.1727001667022705,0.05,-5.535849094390869,,
247950,21.599733352661133,0.05,-5.905816555023193,,
248000,21.96238136291504,0.05,-7.335320949554443,,
248050,1.9066715240478516,0.05,-8.11755657196045,,
248100,13.75424575805664,0.05,-8.363053321838379,,
248150,3.8098032474517822,0.05,-5.694651126861572,,
248200,5.061375141143799,0.05,-6.4435200691223145,,
248250,19.253755569458008,0.05,-6.277700424194336,,
248300,2.592191457748413,0.05,-5.028641700744629,,
248350,0.5403474569320679,0.05,-5.49237060546875,,
248400,3.498518705368042,0.05,-6.147444248199463,,
248450,3.7194607257843018,0.05,-4.937864780426025,,
248500,0.4427858889102936,0.05,-5.898463726043701,,
248550,20.191226959228516,0.05,-6.2911224365234375,,
248600,16.15471076965332,0.05,-7.085226058959961,,
248650,6.5869293212890625,0.05,-6.823150157928467,,
248700,20.433975219726562,0.05,-6.618960857391357,,
248750,13.083252906799316,0.05,-5.056814670562744,,
248800,4.0226640701293945,0.05,-5.6357245445251465,,
248850,5.656004428863525,0.05,-5.471321105957031,,
248900,11.55313777923584,0.05,-6.243587970733643,,
248950,12.588103294372559,0.05,-6.438363552093506,,
249000,36.27633285522461,0.05,-4.925052165985107,,
249050,6.768747806549072,0.05,-5.596315383911133,,
249100,9.541529655456543,0.05,-4.273853778839111,,
249150,14.806480407714844,0.05,-6.699968338012695,,
249200,7.012462615966797,0.05,-5.241842746734619,,
249250,9.996211051940918,0.05,-5.373556613922119,,
249300,0.5306739211082458,0.05,-4.205862998962402,,
249350,12.507315635681152,0.05,-6.20105504989624,,
249400,26.863603591918945,0.05,-6.006886005401611,,
249450,9.624505043029785,0.05,-4.752918720245361,,
249500,0.7895509600639343,0.05,-4.431778430938721,,
249550,12.309306144714355,0.05,-5.699626922607422,,
249600,21.166147232055664,0.05,-5.5369439125061035,,
249650,1.7090498208999634,0.05,-4.506834983825684,,
249700,8.79884147644043,0.05,-5.529266357421875,,
249750,1.3512707948684692,0.05,-4.513004779815674,,
249800,2.851607084274292,0.05,-5.225754261016846,,
249850,0.7732322216033936,0.05,-6.231377124786377,,
249900,3.877200126647949,0.05,-5.489051342010498,,
249950,23.127683639526367,0.05,-6.93163537979126,,
250000,0.4974958896636963,0.05,-4.832805156707764,-0.838061805749859,29.066666666666663
250050,4.3952317237854,0.05,-5.647623538970947,,
250100,5.31961727142334,0.05,-4.2218918800354,,
250150,0.7895031571388245,0.05,-5.2810587882995605,,
250200,0.28781041502952576,0.05,-5.463409900665283,,
250250,0.8334668278694153,0.05,-5.695790767669678,,
250300,11.776062965393066,0.05,-5.059488296508789,,
250350,5.923637390136719,0.05,-5.798349380493164,,
250400,0.11728045344352722,0.05,-3.538132429122925,,
250450,1.92113196849823,0.05,-6.726165771484375,,
250500,1.3813616037368774,0.05,-4.81865930557251,,
250550,8.209186553955078,0.05,-5.707782745361328,,
250600,6.564357757568359,0.05,-4.876604080200195,,
250650,6.307724475860596,0.05,-6.089494705200195,,
250700,1.9544466733932495,0.05,-4.513082504272461,,
250750,0.8154427409172058,0.05,-6.130918502807617,,
250800,1.2694514989852905,0.05,-4.733279228210449,,
250850,3.3137266635894775,0.05,-5.1203131675720215,,
250900,3.6039106845855713,0.05,-6.173215866088867,,
250950,2.2465360164642334,0.05,-6.655467510223389,,
251000,12.307051658630371,0.05,-4.334249973297119,,
251050,3.7111918926239014,0.05,-4.727754592895508,,
251100,3.4161384105682373,0.05,-5.763950347900391,,
251150,18.653593063354492,0.05,-4.703258991241455,,
251200,0.826651394367218,0.05,-6.310557842254639,,
251250,7.846725940704346,0.05,-4.6618571281433105,,
251300,20.747434616088867,0.05,-4.61165189743042,,
251350,0.3852042853832245,0.05,-4.684357643127441,,
251400,11.740765571594238,0.05,-6.044185638427734,,
251450,13.23582935333252,0.05,-6.906639099121094,,
251500,1.3189164400100708,0.05,-4.550612926483154,,
251550,0.6287314295768738,0.05,-5.6240973472595215,,
251600,0.25493597984313965,0.05,-4.009433269500732,,
251650,13.729488372802734,0.05,-5.291856288909912,,
251700,8.01339054107666,0.05,-5.6595988273620605,,
251750,9.764885902404785,0.05,-5.184879779815674,,
251800,0.449724406003952,0.05,-5.23916482925415,,
251850,10.57394027709961,0.05,-7.183269500732422,,
251900,0.9618296027183533,0.05,-5.471059322357178,,
251950,21.875093460083008,0.05,-6.973435878753662,,
252000,0.44990238547325134,0.05,-4.680160045623779,,
252050,8.859862327575684,0.05,-6.088393688201904,,
252100,4.777705669403076,0.05,-5.407670974731445,,
252150,0.9059489369392395,0.05,-5.5564656257629395,,
252200,3.4816532135009766,0.05,-3.7606210708618164,,
252250,1.2671903371810913,0.05,-5.883604526519775,,
252300,7.806205749511719,0.05,-5.386978626251221,,
252350,13.087371826171875,0.05,-4.3498854637146,,
252400,0.5607911944389343,0.05,-4.255944728851318,,
252450,8.189937591552734,0.05,-4.606077194213867,,
252500,6.288002014160156,0.05,-4.792623996734619,,
252550,11.7857027053833,0.05,-4.944118976593018,,
252600,10.447083473205566,0.05,-5.203169345855713,,
252650,3.381256103515625,0.05,-4.196056365966797,,
252700,14.554786682128906,0.05,-4.6269612312316895,,
252750,1.8342618942260742,0.05,-5.710385799407959,,
252800,26.99294090270996,0.05,-5.0621771812438965,,
252850,0.059502582997083664,0.05,-3.80303692817688,,
252900,20.720190048217773,0.05,-5.382258892059326,,
252950,1.8381882905960083,0.05,-4.664089202880859,,
253000,7.397487163543701,0.05,-5.989118576049805,,
253050,11.836273193359375,0.05,-6.174940586090088,,
253100,0.8714107871055603,0.05,-4.46610689163208,,
253150,15.366133689880371,0.05,-4.771210193634033,,
253200,22.90045166015625,0.05,-5.888681411743164,,
253250,1.2132028341293335,0.05,-5.246264934539795,,
253300,11.675399780273438,0.05,-6.460423946380615,,
253350,7.683314800262451,0.05,-5.095295429229736,,
253400,1.2969082593917847,0.05,-5.823090076446533,,
253450,0.6952103972434998,0.05,-5.999408721923828,,
253500,8.270813941955566,0.05,-5.01715612411499,,
253550,5.469219207763672,0.05,-5.0507683753967285,,
253600,10.48555850982666,0.05,-4.1976237297058105,,
253650,12.380860328674316,0.05,-5.885979175567627,,
253700,1.2236199378967285,0.05,-4.281263828277588,,
253750,11.863845825195312,0.05,-5.541076183319092,,
253800,11.467663764953613,0.05,-6.485289096832275,,
253850,4.913754940032959,0.05,-6.060596942901611,,
253900,13.584742546081543,0.05,-5.2356858253479,,
253950,17.26136589050293,0.05,-7.101367950439453,,
254000,3.2141430377960205,0.05,-4.558497905731201,,
254050,10.611113548278809,0.05,-5.86358642578125,,
254100,16.490924835205078,0.05,-6.0805344581604,,
254150,6.196212291717529,0.05,-5.118826866149902,,
254200,13.600135803222656,0.05,-7.003467559814453,,
254250,0.35201311111450195,0.05,-7.343810558319092,,
254300,12.945518493652344,0.05,-6.659095287322998,,
254350,0.7991728186607361,0.05,-5.533819198608398,,
254400,21.210546493530273,0.05,-6.63608980178833,,
254450,6.335353851318359,0.05,-6.199077606201172,,
254500,4.825038433074951,0.05,-5.95946741104126,,
254550,0.9004049301147461,0.05,-4.498489856719971,,
254600,5.9159932136535645,0.05,-6.434282302856445,,
254650,0.5375406742095947,0.05,-4.596558094024658,,
254700,0.8351450562477112,0.05,-4.850569248199463,,
254750,0.49130359292030334,0.05,-5.284552097320557,,
254800,9.881195068359375,0.05,-5.361583709716797,,
254850,6.782433986663818,0.05,-4.555884838104248,,
254900,0.5163404941558838,0.05,-4.8543829917907715,,
254950,2.300612449645996,0.05,-5.646250247955322,,
255000,9.301652908325195,0.05,-4.082855701446533,,
255050,23.019777297973633,0.05,-5.500148773193359,,
255100,14.416851997375488,0.05,-4.970773220062256,,
255150,9.855818748474121,0.05,-6.577188014984131,,
255200,19.212282180786133,0.05,-5.632961273193359,,
255250,8.943695068359375,0.05,-5.105795860290527,,
255300,1.6210137605667114,0.05,-4.716605186462402,,
255350,10.747771263122559,0.05,-4.921985626220703,,
255400,0.6008166670799255,0.05,-5.729259490966797,,
255450,0.2833883464336395,0.05,-4.564280033111572,,
255500,0.43611249327659607,0.05,-4.153504848480225,,
255550,6.522572040557861,0.05,-3.637827157974243,,
255600,1.1838178634643555,0.05,-4.908799648284912,,
255650,31.979944229125977,0.05,-5.092071056365967,,
255700,23.65656280517578,0.05,-7.252999782562256,,
255750,10.90115737915039,0.05,-4.551669120788574,,
255800,15.050765037536621,0.05,-6.21334981918335,,
255850,22.25425148010254,0.05,-6.805633544921875,,
255900,0.2741902768611908,0.05,-3.6957151889801025,,
255950,42.618839263916016,0.05,-6.312567234039307,,
256000,25.065757751464844,0.05,-6.6987786293029785,,
256050,3.0647566318511963,0.05,-3.551424264907837,,
256100,0.6146267652511597,0.05,-4.493407726287842,,
256150,16.261384963989258,0.05,-4.338912010192871,,
256200,8.184561729431152,0.05,-6.602593898773193,,
256250,13.856246948242188,0.05,-6.318075656890869,,
256300,0.9084422588348389,0.05,-5.267964839935303,,
256350,17.184030532836914,0.05,-5.491143703460693,,
256400,14.951926231384277,0.05,-6.677987575531006,,
256450,3.4893620014190674,0.05,-4.610232353210449,,
256500,1.3936127424240112,0.05,-5.286039352416992,,
256550,0.337703138589859,0.05,-4.8258957862854,,
256600,18.228925704956055,0.05,-5.3333353996276855,,
256650,0.6213474869728088,0.05,-6.029415607452393,,
256700,0.950046718120575,0.05,-5.039796829223633,,
256750,0.6078402996063232,0.05,-5.632421970367432,,
256800,19.370115280151367,0.05,-5.136908054351807,,
256850,3.4234695434570312,0.05,-4.312333106994629,,
256900,23.957244873046875,0.05,-4.672187805175781,,
256950,17.51946258544922,0.05,-5.741682529449463,,
257000,2.5260205268859863,0.05,-4.886318206787109,,
257050,19.59311866760254,0.05,-7.004087448120117,,
257100,1.5030587911605835,0.05,-6.466172695159912,,
257150,14.137738227844238,0.05,-7.596881866455078,,
257200,22.1368408203125,0.05,-4.975666046142578,,
257250,21.450410842895508,0.05,-6.806344985961914,,
257300,0.4371088743209839,0.05,-5.41792106628418,,
257350,5.034156322479248,0.05,-5.869969844818115,,
257400,2.315919876098633,0.05,-4.853515625,,
257450,0.598133385181427,0.05,-5.12916898727417,,
257500,7.111900329589844,0.05,-4.694396495819092,,
257550,5.350694179534912,0.05,-5.271930694580078,,
257600,1.4842849969863892,0.05,-4.569178104400635,,
257650,5.025985240936279,0.05,-4.338641166687012,,
257700,8.481088638305664,0.05,-4.146205902099609,,
257750,0.20444156229496002,0.05,-4.512331008911133,,
257800,10.151058197021484,0.05,-4.418920993804932,,
257850,16.985313415527344,0.05,-4.925236225128174,,
257900,11.179508209228516,0.05,-3.889228105545044,,
257950,0.42561134696006775,0.05,-6.317450046539307,,
258000,1.9855213165283203,0.05,-5.732008457183838,,
258050,8.000479698181152,0.05,-5.881974697113037,,
258100,0.4234299659729004,0.05,-6.097798824310303,,
258150,0.6451682448387146,0.05,-6.546254634857178,,
258200,0.4542589485645294,0.05,-4.6630072593688965,,
258250,10.100506782531738,0.05,-5.099385738372803,,
258300,8.817681312561035,0.05,-4.98555326461792,,
258350,2.171832323074341,0.05,-5.575923919677734,,
258400,0.7804866433143616,0.05,-5.262857437133789,,
258450,7.986110687255859,0.05,-4.989292144775391,,
258500,0.2648555338382721,0.05,-5.002370834350586,,
258550,3.3957607746124268,0.05,-5.492063522338867,,
258600,1.9725803136825562,0.05,-4.8174333572387695,,
258650,10.741374015808105,0.05,-6.286640167236328,,
258700,6.002460956573486,0.05,-4.289302349090576,,
258750,14.850074768066406,0.05,-3.481799364089966,,
258800,10.078230857849121,0.05,-5.623016834259033,,
258850,15.81303882598877,0.05,-5.617491245269775,,
258900,6.90656852722168,0.05,-5.763849258422852,,
258950,26.637548446655273,0.05,-6.194798946380615,,
259000,14.79150390625,0.05,-5.236948490142822,,
259050,11.389083862304688,0.05,-6.209070205688477,,
259100,23.249391555786133,0.05,-6.044063568115234,,
259150,0.18726617097854614,0.05,-4.0851850509643555,,
259200,10.008566856384277,0.05,-5.370916366577148,,
259250,20.97824478149414,0.05,-5.347763538360596,,
259300,1.1148477792739868,0.05,-6.469029903411865,,
259350,19.512126922607422,0.05,-4.475763320922852,,
259400,21.334203720092773,0.05,-6.1170654296875,,
259450,8.007214546203613,0.05,-5.6139750480651855,,
259500,13.505477905273438,0.05,-5.474426746368408,,
259550,6.161041736602783,0.05,-4.3607892990112305,,
259600,2.5543439388275146,0.05,-6.166191101074219,,
259650,32.79025650024414,0.05,-5.412345886230469,,
259700,8.89371109008789,0.05,-4.174716472625732,,
259750,2.6963279247283936,0.05,-4.859963893890381,,
259800,9.695847511291504,0.05,-6.43531608581543,,
259850,21.678810119628906,0.05,-4.604445457458496,,
259900,17.215267181396484,0.05,-5.315383434295654,,
259950,1.8060554265975952,0.05,-4.549218654632568,,
260000,13.041637420654297,0.05,-5.338097095489502,,
260050,22.19609832763672,0.05,-4.730144500732422,,
260100,5.517498016357422,0.05,-4.987452507019043,,
260150,26.950021743774414,0.05,-5.772073268890381,,
260200,8.086216926574707,0.05,-4.735241889953613,,
260250,7.823772430419922,0.05,-5.452541351318359,,
260300,15.818938255310059,0.05,-5.158490180969238,,
260350,1.0158244371414185,0.05,-4.84031343460083,,
260400,0.23256027698516846,0.05,-5.656330585479736,,
260450,20.11922264099121,0.05,-5.482587814331055,,
260500,13.046546936035156,0.05,-6.035502910614014,,
260550,10.521254539489746,0.05,-4.802160263061523,,
260600,9.948613166809082,0.05,-4.577364444732666,,
260650,5.70242166519165,0.05,-4.02692174911499,,
260700,16.9667911529541,0.05,-5.944433689117432,,
260750,0.7064588665962219,0.05,-3.8261451721191406,,
260800,6.201109409332275,0.05,-5.371148586273193,,
260850,9.72504711151123,0.05,-5.912937641143799,,
260900,1.869521141052246,0.05,-5.112892150878906,,
260950,0.4518217146396637,0.05,-5.766918659210205,,
261000,0.23280425369739532,0.05,-5.853914737701416,,
261050,1.5055023431777954,0.05,-4.991791248321533,,
261100,12.455490112304688,0.05,-4.391099452972412,,
261150,11.164280891418457,0.05,-5.630744934082031,,
261200,7.143209934234619,0.05,-4.786945819854736,,
261250,1.7057753801345825,0.05,-4.887022495269775,,
261300,6.712440013885498,0.05,-4.477433681488037,,
261350,10.92479419708252,0.05,-6.0793375968933105,,
261400,9.433768272399902,0.05,-5.822059154510498,,
261450,9.472288131713867,0.05,-5.141580581665039,,
261500,6.734830856323242,0.05,-4.672666549682617,,
261550,0.37782034277915955,0.05,-4.708833694458008,,
261600,8.95896053314209,0.05,-5.04600715637207,,
261650,12.391839027404785,0.05,-5.755886077880859,,
261700,7.234067440032959,0.05,-5.261215686798096,,
261750,18.221744537353516,0.05,-5.310150623321533,,
261800,3.618358612060547,0.05,-5.24897575378418,,
261850,3.3039186000823975,0.05,-4.386311054229736,,
261900,0.44115862250328064,0.05,-4.163528919219971,,
261950,2.090880870819092,0.05,-4.974195957183838,,
262000,1.128275752067566,0.05,-6.322750568389893,,
262050,4.311035633087158,0.05,-5.299635410308838,,
262100,8.868226051330566,0.05,-5.290393352508545,,
262150,9.745882987976074,0.05,-6.072498321533203,,
262200,0.7323659062385559,0.05,-4.621060371398926,,
262250,0.7419722676277161,0.05,-4.698353290557861,,
262300,0.1936960369348526,0.05,-4.511189937591553,,
262350,0.45498189330101013,0.05,-4.272188663482666,,
262400,10.014888763427734,0.05,-5.460697650909424,,
262450,14.95710277557373,0.05,-6.108479976654053,,
262500,16.25388526916504,0.05,-6.07896614074707,,
262550,0.8353991508483887,0.05,-6.659310817718506,,
262600,5.115416049957275,0.05,-7.555012226104736,,
262650,10.667850494384766,0.05,-5.004533290863037,,
262700,8.662866592407227,0.05,-5.704686641693115,,
262750,1.6397475004196167,0.05,-6.996438980102539,,
262800,5.09935998916626,0.05,-6.460258483886719,,
262850,7.200319766998291,0.05,-5.369039535522461,,
262900,14.96254825592041,0.05,-5.999883651733398,,
262950,31.7512264251709,0.05,-6.586741924285889,,
263000,10.107059478759766,0.05,-4.633132457733154,,
263050,1.1162763833999634,0.05,-4.250166416168213,,
263100,0.3588320314884186,0.05,-4.630820274353027,,
263150,9.804092407226562,0.05,-4.476163864135742,,
263200,12.289887428283691,0.05,-4.909679889678955,,
263250,1.1898411512374878,0.05,-6.895524501800537,,
263300,39.27912521362305,0.05,-7.762977600097656,,
263350,10.841126441955566,0.05,-5.365715026855469,,
263400,0.4493168294429779,0.05,-4.2658820152282715,,
263450,2.0506765842437744,0.05,-6.457894802093506,,
263500,37.890682220458984,0.05,-6.798816680908203,,
263550,19.924346923828125,0.05,-6.20374059677124,,
263600,26.706113815307617,0.05,-5.960302829742432,,
263650,13.737627983093262,0.05,-4.400553226470947,,
263700,1.3574905395507812,0.05,-5.565742492675781,,
263750,9.698814392089844,0.05,-4.431167125701904,,
263800,17.242712020874023,0.05,-5.802413463592529,,
263850,0.7838878035545349,0.05,-5.485992431640625,,
263900,11.973889350891113,0.05,-3.8541784286499023,,
263950,13.161632537841797,0.05,-6.937402725219727,,
264000,5.675470352172852,0.05,-5.793243408203125,,
264050,23.085250854492188,0.05,-5.527024745941162,,
264100,0.9495663642883301,0.05,-5.3400559425354,,
264150,12.6107177734375,0.05,-8.238106727600098,,
264200,6.865179538726807,0.05,-5.253831386566162,,
264250,0.42843881249427795,0.05,-5.087348937988281,,
264300,0.8086385726928711,0.05,-6.0812811851501465,,
264350,0.5924032330513,0.05,-4.5606794357299805,,
264400,0.2701800763607025,0.05,-5.418855667114258,,
264450,5.113359451293945,0.05,-5.517022609710693,,
264500,15.011616706848145,0.05,-4.6708664894104,,
264550,1.11670982837677,0.05,-4.30371618270874,,
264600,26.830528259277344,0.05,-6.059577465057373,,
264650,24.702178955078125,0.05,-9.545114517211914,,
264700,0.79902583360672,0.05,-4.85399866104126,,
264750,5.277923107147217,0.05,-6.66672945022583,,
264800,14.290514945983887,0.05,-4.5683674812316895,,
264850,10.80752182006836,0.05,-4.68304443359375,,
264900,1.1275718212127686,0.05,-5.369814395904541,,
264950,15.424072265625,0.05,-6.092899799346924,,
265000,0.8077757358551025,0.05,-4.0784711837768555,,
265050,15.699040412902832,0.05,-5.60961389541626,,
265100,1.0462137460708618,0.05,-3.999232530593872,,
265150,9.47986888885498,0.05,-4.076378345489502,,
265200,23.07273292541504,0.05,-5.1252312660217285,,
265250,14.873725891113281,0.05,-4.330859661102295,,
265300,7.279430866241455,0.05,-6.1382575035095215,,
265350,12.760986328125,0.05,-4.974928379058838,,
265400,11.52895450592041,0.05,-6.4306206703186035,,
265450,4.163532733917236,0.05,-5.098855972290039,,
265500,17.786375045776367,0.05,-6.634820461273193,,
265550,1.9731402397155762,0.05,-5.472843647003174,,
265600,0.4747840166091919,0.05,-5.046228885650635,,
265650,9.637808799743652,0.05,-4.611825466156006,,
265700,6.081165790557861,0.05,-4.805566787719727,,
265750,5.907711029052734,0.05,-6.204281330108643,,
265800,19.5434513092041,0.05,-5.716440677642822,,
265850,2.302548408508301,0.05,-4.278106212615967,,
265900,4.009671211242676,0.05,-4.697754383087158,,
265950,11.897446632385254,0.05,-7.7268147468566895,,
266000,24.39166831970215,0.05,-5.0090436935424805,,
266050,25.71697998046875,0.05,-4.818419933319092,,
266100,21.22092628479004,0.05,-7.148723602294922,,
266150,4.035575866699219,0.05,-5.82940673828125,,
266200,12.546283721923828,0.05,-4.970363616943359,,
266250,4.075587749481201,0.05,-3.4918620586395264,,
266300,9.231289863586426,0.05,-4.886173725128174,,
266350,27.940610885620117,0.05,-5.799191951751709,,
266400,25.77269172668457,0.05,-5.306638240814209,,
266450,9.054226875305176,0.05,-4.798478603363037,,
266500,31.03913116455078,0.05,-5.93230676651001,,
266550,0.42149877548217773,0.05,-5.464738368988037,,
266600,0.9485054612159729,0.05,-7.216747283935547,,
266650,14.570219993591309,0.05,-5.294229507446289,,
266700,13.551128387451172,0.05,-4.7281494140625,,
266750,13.264559745788574,0.05,-5.070098876953125,,
266800,2.7886264324188232,0.05,-5.83134651184082,,
266850,19.826581954956055,0.05,-4.4975433349609375,,
266900,5.7286152839660645,0.05,-6.330186367034912,,
266950,3.0627975463867188,0.05,-4.455575942993164,,
267000,0.6028314828872681,0.05,-4.523381233215332,,
267050,21.19797134399414,0.05,-5.3088603019714355,,
267100,30.733369827270508,0.05,-5.194231033325195,,
267150,0.24856407940387726,0.05,-3.439915657043457,,
267200,9.898756980895996,0.05,-6.136641979217529,,
267250,1.7798622846603394,0.05,-4.968630313873291,,
267300,18.719038009643555,0.05,-5.183226108551025,,
267350,16.30759620666504,0.05,-7.5570197105407715,,
267400,3.82861590385437,0.05,-4.875380039215088,,
267450,16.234664916992188,0.05,-5.1598219871521,,
267500,7.837881565093994,0.05,-5.17689847946167,,
267550,50.08501052856445,0.05,-6.445828914642334,,
267600,1.7005144357681274,0.05,-4.938206195831299,,
267650,2.249769449234009,0.05,-4.502622127532959,,
267700,8.486088752746582,0.05,-5.284515857696533,,
267750,11.013724327087402,0.05,-6.3341522216796875,,
267800,0.5408445000648499,0.05,-5.070933818817139,,
267850,13.412662506103516,0.05,-4.458061218261719,,
267900,3.1965436935424805,0.05,-3.701779365539551,,
267950,16.2923583984375,0.05,-5.446696758270264,,
268000,17.552974700927734,0.05,-4.678892612457275,,
268050,7.926290988922119,0.05,-6.067139148712158,,
268100,0.7219338417053223,0.05,-3.914008855819702,,
268150,2.148759603500366,0.05,-5.640997409820557,,
268200,10.450525283813477,0.05,-7.989373683929443,,
268250,16.07208251953125,0.05,-6.2618584632873535,,
268300,0.41389426589012146,0.05,-4.20235538482666,,
268350,0.3109097182750702,0.05,-4.145341396331787,,
268400,1.3482052087783813,0.05,-6.768117427825928,,
268450,3.197556257247925,0.05,-5.154275417327881,,
268500,1.730263113975525,0.05,-6.277099609375,,
268550,11.97362995147705,0.05,-6.0119404792785645,,
268600,1.2841628789901733,0.05,-4.657698154449463,,
268650,1.1032909154891968,0.05,-4.419959545135498,,
268700,6.030475616455078,0.05,-4.806617259979248,,
268750,1.6633820533752441,0.05,-5.26999044418335,,
268800,3.0584964752197266,0.05,-4.2748236656188965,,
268850,4.851724624633789,0.05,-5.322397232055664,,
268900,2.901271104812622,0.05,-5.949533462524414,,
268950,15.388198852539062,0.05,-5.685832500457764,,
269000,11.6722412109375,0.05,-5.473723888397217,,
269050,4.812314510345459,0.05,-5.592296123504639,,
269100,20.587705612182617,0.05,-5.117471218109131,,
269150,12.90268611907959,0.05,-7.362279415130615,,
269200,24.95631217956543,0.05,-6.327299118041992,,
269250,9.503327369689941,0.05,-4.627007007598877,,
269300,15.202179908752441,0.05,-4.9686970710754395,,
269350,20.17835807800293,0.05,-6.651985168457031,,
269400,39.027374267578125,0.05,-5.629899501800537,,
269450,13.043392181396484,0.05,-5.800102233886719,,
269500,22.52874183654785,0.05,-5.250631809234619,,
269550,13.76180362701416,0.05,-6.117412090301514,,
269600,9.307931900024414,0.05,-5.7497382164001465,,
269650,12.340377807617188,0.05,-6.200669765472412,,
269700,19.63180923461914,0.05,-4.708528995513916,,
269750,26.26612091064453,0.05,-5.306217193603516,,
269800,17.772382736206055,0.05,-4.718725681304932,,
269850,14.582615852355957,0.05,-4.713188171386719,,
269900,2.303734064102173,0.05,-5.727370738983154,,
269950,0.50564044713974,0.05,-3.980280637741089,,
270000,15.931593894958496,0.05,-4.99449348449707,,
270050,10.720364570617676,0.05,-6.93594217300415,,
270100,2.9666364192962646,0.05,-5.433984279632568,,
270150,10.222678184509277,0.05,-4.371884822845459,,
270200,16.532264709472656,0.05,-4.445228099822998,,
270250,5.362917423248291,0.05,-4.861262798309326,,
270300,0.2150917500257492,0.05,-3.6966171264648438,,
270350,3.9499166011810303,0.05,-6.106977939605713,,
270400,1.344232201576233,0.05,-4.435969829559326,,
270450,1.417410969734192,0.05,-3.9248178005218506,,
270500,8.7611083984375,0.05,-7.797645568847656,,
270550,35.401493072509766,0.05,-6.506124019622803,,
270600,19.66961669921875,0.05,-6.491443157196045,,
270650,7.482942581176758,0.05,-5.4534220695495605,,
270700,38.96059036254883,0.05,-5.971994876861572,,
270750,21.347984313964844,0.05,-5.698955059051514,,
270800,17.892118453979492,0.05,-5.1717119216918945,,
270850,0.31695181131362915,0.05,-4.612189769744873,,
270900,0.9290948510169983,0.05,-4.983353137969971,,
270950,10.274617195129395,0.05,-6.716663837432861,,
271000,10.039461135864258,0.05,-6.493688106536865,,
271050,17.956012725830078,0.05,-7.844651699066162,,
271100,6.1070780754089355,0.05,-5.7410736083984375,,
271150,2.983738660812378,0.05,-7.566172122955322,,
271200,1.1723333597183228,0.05,-6.086820602416992,,
271250,5.501986026763916,0.05,-4.824584484100342,,
271300,9.394280433654785,0.05,-6.181446075439453,,
271350,0.5069313645362854,0.05,-5.1966705322265625,,
271400,19.991548538208008,0.05,-6.1357855796813965,,
271450,0.735588550567627,0.05,-5.2983622550964355,,
271500,9.838215827941895,0.05,-4.870209217071533,,
271550,8.291450500488281,0.05,-5.785297870635986,,
271600,8.137834548950195,0.05,-4.752192974090576,,
271650,12.233531951904297,0.05,-4.20876932144165,,
271700,6.704471588134766,0.05,-5.765928745269775,,
271750,8.944396018981934,0.05,-4.961902141571045,,
271800,28.17595672607422,0.05,-5.9405999183654785,,
271850,0.2553289234638214,0.05,-6.393070697784424,,
271900,1.2077571153640747,0.05,-5.56338357925415,,
271950,11.442185401916504,0.05,-6.8507771492004395,,
272000,0.24137061834335327,0.05,-4.968757152557373,,
272050,14.11443042755127,0.05,-6.089919567108154,,
272100,1.3149991035461426,0.05,-5.172926902770996,,
272150,0.8244514465332031,0.05,-6.480112552642822,,
272200,26.684494018554688,0.05,-4.4984002113342285,,
272250,8.545636177062988,0.05,-5.729270935058594,,
272300,23.455121994018555,0.05,-5.517423152923584,,
272350,0.31748369336128235,0.05,-6.300666332244873,,
272400,17.017440795898438,0.05,-6.237438201904297,,
272450,15.708691596984863,0.05,-5.359422206878662,,
272500,14.660767555236816,0.05,-6.563941955566406,,
272550,13.210662841796875,0.05,-5.262168884277344,,
272600,25.03630828857422,0.05,-6.087316036224365,,
272650,15.433110237121582,0.05,-6.527550220489502,,
272700,13.780014038085938,0.05,-6.106716156005859,,
272750,0.757082462310791,0.05,-6.442590713500977,,
272800,3.9163999557495117,0.05,-5.417269229888916,,
272850,0.8078002333641052,0.05,-4.974431991577148,,
272900,0.8723613619804382,0.05,-5.723390102386475,,
272950,0.8079012036323547,0.05,-5.120777606964111,,
273000,13.398651123046875,0.05,-6.805345058441162,,
273050,25.776397705078125,0.05,-7.803124904632568,,
273100,2.845505475997925,0.05,-6.055623531341553,,
273150,27.660734176635742,0.05,-4.439583778381348,,
273200,1.0712671279907227,0.05,-6.330854892730713,,
273250,22.302396774291992,0.05,-5.623220920562744,,
273300,3.993692398071289,0.05,-6.187835216522217,,
273350,14.125672340393066,0.05,-5.366998672485352,,
273400,30.85511016845703,0.05,-4.942573070526123,,
273450,8.667829513549805,0.05,-6.0515899658203125,,
273500,25.183313369750977,0.05,-6.274168491363525,,
273550,15.327727317810059,0.05,-7.256916046142578,,
273600,5.45856237411499,0.05,-6.89995813369751,,
273650,8.412067413330078,0.05,-5.4349284172058105,,
273700,3.317890167236328,0.05,-5.70228385925293,,
273750,12.095932960510254,0.05,-5.202426910400391,,
273800,11.875407218933105,0.05,-6.2771782875061035,,
273850,3.8650009632110596,0.05,-5.872150897979736,,
273900,10.95632266998291,0.05,-3.6494762897491455,,
273950,13.278369903564453,0.05,-5.706821441650391,,
274000,1.0851579904556274,0.05,-4.963372230529785,,
274050,1.0279632806777954,0.05,-4.9245171546936035,,
274100,10.066200256347656,0.05,-7.583442687988281,,
274150,0.24557934701442719,0.05,-3.7693681716918945,,
274200,16.28227424621582,0.05,-6.034786224365234,,
274250,20.363218307495117,0.05,-5.293529033660889,,
274300,1.8219376802444458,0.05,-6.051341533660889,,
274350,32.77133560180664,0.05,-7.113667964935303,,
274400,0.5544226765632629,0.05,-6.661515712738037,,
274450,17.08149528503418,0.05,-7.034120082855225,,
274500,2.570941209793091,0.05,-6.310308933258057,,
274550,3.2663509845733643,0.05,-6.184299945831299,,
274600,11.484219551086426,0.05,-6.4441819190979,,
274650,0.5579760670661926,0.05,-6.462027072906494,,
274700,14.996170997619629,0.05,-5.263892650604248,,
274750,17.76952362060547,0.05,-5.302493572235107,,
274800,32.35307693481445,0.05,-6.183877468109131,,
274850,3.1013002395629883,0.05,-6.015161037445068,,
274900,0.833292543888092,0.05,-5.842045307159424,,
274950,6.757315158843994,0.05,-4.818500995635986,,
275000,1.9968801736831665,0.05,-6.92699670791626,-1.1306832943101701,36.13333333333334
275050,14.928184509277344,0.05,-7.1142449378967285,,
275100,12.079506874084473,0.05,-5.250875473022461,,
275150,17.632476806640625,0.05,-7.000428676605225,,
275200,2.7685811519622803,0.05,-7.148730754852295,,
275250,7.235841751098633,0.05,-5.285614013671875,,
275300,15.850207328796387,0.05,-4.240087985992432,,
275350,1.8623310327529907,0.05,-6.36787223815918,,
275400,4.8870673179626465,0.05,-5.745486736297607,,
275450,0.9068576693534851,0.05,-6.8617262840271,,
275500,6.369696140289307,0.05,-5.9610819816589355,,
275550,6.3139519691467285,0.05,-6.363767623901367,,
275600,0.17323994636535645,0.05,-4.514130115509033,,
275650,17.97979164123535,0.05,-5.177892208099365,,
275700,11.227641105651855,0.05,-5.114965915679932,,
275750,0.4223153293132782,0.05,-5.5780348777771,,
275800,4.695401668548584,0.05,-4.9914870262146,,
275850,5.968616008758545,0.05,-5.105864524841309,,
275900,17.660329818725586,0.05,-5.978787899017334,,
275950,0.40463411808013916,0.05,-4.8251776695251465,,
276000,0.8603990077972412,0.05,-5.882606506347656,,
276050,8.992905616760254,0.05,-6.11604642868042,,
276100,34.226314544677734,0.05,-6.908056259155273,,
276150,8.138886451721191,0.05,-5.592971324920654,,
276200,2.164095878601074,0.05,-7.298011779785156,,
276250,0.6384544968605042,0.05,-4.4896416664123535,,
276300,3.0486221313476562,0.05,-5.309220790863037,,
276350,4.860592365264893,0.05,-5.357505798339844,,
276400,15.106330871582031,0.05,-7.480850696563721,,
276450,24.97780418395996,0.05,-6.6911301612854,,
276500,10.52429485321045,0.05,-7.301428318023682,,
276550,13.641132354736328,0.05,-6.159893035888672,,
276600,33.50288009643555,0.05,-7.296770095825195,,
276650,15.238059997558594,0.05,-4.550542831420898,,
276700,8.116507530212402,0.05,-4.539538860321045,,
276750,12.947649955749512,0.05,-6.486269474029541,,
276800,4.856915473937988,0.05,-6.23150634765625,,
276850,7.1030049324035645,0.05,-4.751183986663818,,
276900,0.45494505763053894,0.05,-4.04213809967041,,
276950,27.46820068359375,0.05,-7.3133063316345215,,
277000,2.976259231567383,0.05,-6.195654392242432,,
277050,0.48317310214042664,0.05,-5.458664417266846,,
277100,6.591543674468994,0.05,-4.917003154754639,,
277150,0.5612429976463318,0.05,-6.276435852050781,,
277200,10.582247734069824,0.05,-6.062551975250244,,
277250,11.558520317077637,0.05,-4.87285852432251,,
277300,27.966123580932617,0.05,-5.876537799835205,,
277350,17.429841995239258,0.05,-6.85283899307251,,
277400,0.10733740776777267,0.05,-4.536135196685791,,
277450,23.690500259399414,0.05,-5.876842975616455,,
277500,18.92634391784668,0.05,-5.745038986206055,,
277550,18.403345108032227,0.05,-4.12103796005249,,
277600,16.068819046020508,0.05,-4.585155963897705,,
277650,18.366113662719727,0.05,-6.106948375701904,,
277700,2.964488983154297,0.05,-7.2527947425842285,,
277750,6.898232936859131,0.05,-6.747741222381592,,
277800,5.686360836029053,0.05,-7.04467248916626,,
277850,14.391459465026855,0.05,-5.272439002990723,,
277900,45.03433609008789,0.05,-5.924325466156006,,
277950,19.411479949951172,0.05,-6.424860000610352,,
278000,5.575671672821045,0.05,-5.873800277709961,,
278050,2.229739189147949,0.05,-7.080145359039307,,
278100,13.970824241638184,0.05,-4.892269134521484,,
278150,36.7387809753418,0.05,-7.802608013153076,,
278200,11.09710693359375,0.05,-5.116725444793701,,
278250,39.91082000732422,0.05,-5.565684795379639,,
278300,9.062323570251465,0.05,-6.983983993530273,,
278350,13.930091857910156,0.05,-6.557031631469727,,
278400,2.631760835647583,0.05,-4.9902167320251465,,
278450,8.747238159179688,0.05,-5.218755722045898,,
278500,19.64569664001465,0.05,-7.15806770324707,,
278550,1.2907363176345825,0.05,-4.6262898445129395,,
278600,0.9647453427314758,0.05,-5.420742034912109,,
278650,1.0945888757705688,0.05,-4.174088001251221,,
278700,3.5930614471435547,0.05,-6.693908214569092,,
278750,17.05754280090332,0.05,-5.939952850341797,,
278800,64.18779754638672,0.05,-7.25615119934082,,
278850,1.043991208076477,0.05,-5.2124810218811035,,
278900,0.38821008801460266,0.05,-5.193708896636963,,
278950,1.7064642906188965,0.05,-5.986515522003174,,
279000,4.814006328582764,0.05,-7.238091945648193,,
279050,12.993067741394043,0.05,-5.087459564208984,,
279100,8.212989807128906,0.05,-6.5411834716796875,,
279150,2.980492353439331,0.05,-7.5465874671936035,,
279200,1.691156029701233,0.05,-7.081641674041748,,
279250,37.43321228027344,0.05,-5.252781391143799,,
279300,2.3894202709198,0.05,-4.345180988311768,,
279350,20.387144088745117,0.05,-6.466413974761963,,
279400,15.70377254486084,0.05,-5.472452163696289,,
279450,2.5126426219940186,0.05,-9.928524017333984,,
279500,7.0663933753967285,0.05,-6.721944808959961,,
279550,21.13267707824707,0.05,-7.307246685028076,,
279600,5.952443599700928,0.05,-6.928330898284912,,
279650,2.4625890254974365,0.05,-4.65505838394165,,
279700,45.85420608520508,0.05,-7.55427360534668,,
279750,0.5877430438995361,0.05,-5.157368183135986,,
279800,17.396535873413086,0.05,-5.957696437835693,,
279850,4.103538990020752,0.05,-6.0660929679870605,,
279900,5.235799312591553,0.05,-5.180200099945068,,
279950,4.3524603843688965,0.05,-8.35381031036377,,
280000,17.85475730895996,0.05,-7.009446620941162,,
280050,6.990531921386719,0.05,-7.8581976890563965,,
280100,1.1410847902297974,0.05,-4.429945468902588,,
280150,36.290828704833984,0.05,-5.438870906829834,,
280200,20.98105239868164,0.05,-5.828965663909912,,
280250,1.919948935508728,0.05,-6.904436111450195,,
280300,2.351144552230835,0.05,-4.733654499053955,,
280350,25.686447143554688,0.05,-8.59988021850586,,
280400,1.2356880903244019,0.05,-7.014950275421143,,
280450,20.8167667388916,0.05,-7.301780700683594,,
280500,1.2362885475158691,0.05,-6.510317325592041,,
280550,12.227009773254395,0.05,-8.022944450378418,,
280600,3.2302074432373047,0.05,-6.138822078704834,,
280650,25.421615600585938,0.05,-5.685568332672119,,
280700,1.039340853691101,0.05,-5.320231914520264,,
280750,3.582977294921875,0.05,-5.179960250854492,,
280800,0.3408999443054199,0.05,-4.50151252746582,,
280850,22.67329978942871,0.05,-6.343132019042969,,
280900,21.81221580505371,0.05,-6.2201828956604,,
280950,4.2118611335754395,0.05,-8.077095985412598,,
281000,2.944119691848755,0.05,-5.217618465423584,,
281050,1.2221547365188599,0.05,-5.042238235473633,,
281100,2.020752429962158,0.05,-4.258767604827881,,
281150,13.593341827392578,0.05,-6.077839374542236,,
281200,11.208949089050293,0.05,-5.794074535369873,,
281250,30.799407958984375,0.05,-5.293969631195068,,
281300,18.195425033569336,0.05,-5.139430046081543,,
281350,2.867053270339966,0.05,-4.3753180503845215,,
281400,56.199066162109375,0.05,-8.983824729919434,,
281450,6.541519641876221,0.05,-5.344446659088135,,
281500,5.428677082061768,0.05,-6.588071823120117,,
281550,11.855643272399902,0.05,-6.281994342803955,,
281600,0.8420125842094421,0.05,-5.852542877197266,,
281650,10.661209106445312,0.05,-5.165513038635254,,
281700,8.197725296020508,0.05,-5.126944065093994,,
281750,0.9173251986503601,0.05,-4.912714004516602,,
281800,16.339406967163086,0.05,-5.605508804321289,,
281850,0.7784295678138733,0.05,-5.874037265777588,,
281900,0.23283642530441284,0.05,-3.8112828731536865,,
281950,5.074234962463379,0.05,-6.860291957855225,,
282000,0.5315893292427063,0.05,-4.4884114265441895,,
282050,1.005370855331421,0.05,-6.103221416473389,,
282100,24.436185836791992,0.05,-6.270355224609375,,
282150,3.8555829524993896,0.05,-6.106027126312256,,
282200,25.21300506591797,0.05,-6.517512798309326,,
282250,11.918601036071777,0.05,-6.381757736206055,,
282300,28.168176651000977,0.05,-6.254741668701172,,
282350,7.3282952308654785,0.05,-5.053377628326416,,
282400,27.0644588470459,0.05,-8.147064208984375,,
282450,23.506500244140625,0.05,-6.718349456787109,,
282500,14.65604305267334,0.05,-4.530772686004639,,
282550,42.86806106567383,0.05,-8.549775123596191,,
282600,0.9262915253639221,0.05,-5.3776092529296875,,
282650,9.331259727478027,0.05,-5.725982189178467,,
282700,17.799543380737305,0.05,-6.486783504486084,,
282750,3.716062545776367,0.05,-5.769939422607422,,
282800,4.286283016204834,0.05,-4.517904281616211,,
282850,0.8330774307250977,0.05,-7.245969295501709,,
282900,13.899810791015625,0.05,-6.827672481536865,,
282950,12.095797538757324,0.05,-6.479873180389404,,
283000,8.351412773132324,0.05,-9.568802833557129,,
283050,0.8542925715446472,0.05,-4.931326866149902,,
283100,11.860821723937988,0.05,-4.4768500328063965,,
283150,5.3806681632995605,0.05,-5.166943073272705,,
283200,31.50968360900879,0.05,-5.47986364364624,,
283250,2.3024256229400635,0.05,-5.411798000335693,,
283300,1.1151305437088013,0.05,-5.2049736976623535,,
283350,17.605119705200195,0.05,-6.112699031829834,,
283400,7.093865871429443,0.05,-7.76985502243042,,
283450,22.54022979736328,0.05,-5.45182991027832,,
283500,0.5800568461418152,0.05,-3.949979782104492,,
283550,21.943246841430664,0.05,-6.654416561126709,,
283600,0.8758249282836914,0.05,-5.0176920890808105,,
283650,18.660093307495117,0.05,-7.903495788574219,,
283700,33.12411117553711,0.05,-4.921605587005615,,
283750,4.125820636749268,0.05,-5.554680347442627,,
283800,49.789485931396484,0.05,-5.794393062591553,,
283850,15.19037914276123,0.05,-5.204036712646484,,
283900,17.790359497070312,0.05,-4.585272312164307,,
283950,13.216994285583496,0.05,-5.5765814781188965,,
284000,3.461862564086914,0.05,-4.940385341644287,,
284050,0.730466902256012,0.05,-4.718742847442627,,
284100,12.47978687286377,0.05,-4.857485294342041,,
284150,3.885321855545044,0.05,-5.0928730964660645,,
284200,0.45124170184135437,0.05,-4.073280334472656,,
284250,15.657164573669434,0.05,-7.1253342628479,,
284300,31.93021583557129,0.05,-5.2458367347717285,,
284350,13.362364768981934,0.05,-7.040215969085693,,
284400,4.209343910217285,0.05,-4.324884414672852,,
284450,5.32130241394043,0.05,-3.7541425228118896,,
284500,21.09821891784668,0.05,-5.984762668609619,,
284550,31.26515007019043,0.05,-7.139202117919922,,
284600,0.5595018267631531,0.05,-6.275926113128662,,
284650,26.070632934570312,0.05,-6.017147064208984,,
284700,0.32633936405181885,0.05,-4.290694713592529,,
284750,25.575653076171875,0.05,-5.406942844390869,,
284800,21.70216941833496,0.05,-9.064362525939941,,
284850,11.426180839538574,0.05,-3.8935635089874268,,
284900,0.907015323638916,0.05,-5.889656066894531,,
284950,44.5091438293457,0.05,-5.642143249511719,,
285000,21.67705726623535,0.05,-6.663736820220947,,
285050,1.708284854888916,0.05,-6.7598490715026855,,
285100,1.8247466087341309,0.05,-5.463698863983154,,
285150,35.73969268798828,0.05,-6.449346542358398,,
285200,13.847564697265625,0.05,-7.955857753753662,,
285250,28.38846778869629,0.05,-5.864248752593994,,
285300,11.808077812194824,0.05,-6.1777825355529785,,
285350,7.360218048095703,0.05,-6.135923862457275,,
285400,29.061433792114258,0.05,-6.340837478637695,,
285450,3.1869986057281494,0.05,-6.855729579925537,,
285500,11.491719245910645,0.05,-6.807727336883545,,
285550,2.925891637802124,0.05,-6.378228664398193,,
285600,2.4235477447509766,0.05,-4.512091159820557,,
285650,0.3283042013645172,0.05,-4.511267185211182,,
285700,9.81460952758789,0.05,-5.351970672607422,,
285750,0.8391516804695129,0.05,-5.6392998695373535,,
285800,16.078088760375977,0.05,-4.369882106781006,,
285850,1.753238558769226,0.05,-5.879607677459717,,
285900,1.1002074480056763,0.05,-6.322317600250244,,
285950,16.44960594177246,0.05,-4.781722545623779,,
286000,4.588608264923096,0.05,-6.422786712646484,,
286050,20.830177307128906,0.05,-4.798354625701904,,
286100,28.58799934387207,0.05,-6.7085185050964355,,
286150,5.8335113525390625,0.05,-9.562134742736816,,
286200,4.915731430053711,0.05,-4.996652126312256,,
286250,5.213022708892822,0.05,-7.928951263427734,,
286300,37.11117172241211,0.05,-5.063645839691162,,
286350,14.35457992553711,0.05,-6.346538066864014,,
286400,0.7714057564735413,0.05,-5.862547397613525,,
286450,20.539087295532227,0.05,-5.356492519378662,,
286500,9.892255783081055,0.05,-4.870645999908447,,
286550,19.178739547729492,0.05,-7.437158107757568,,
286600,15.432223320007324,0.05,-5.705450534820557,,
286650,20.71624183654785,0.05,-4.0692524909973145,,
286700,0.47602733969688416,0.05,-6.127684116363525,,
286750,19.231258392333984,0.05,-7.67333459854126,,
286800,6.179180145263672,0.05,-4.809361934661865,,
286850,22.122758865356445,0.05,-7.299279689788818,,
286900,2.748159170150757,0.05,-5.418995380401611,,
286950,20.522249221801758,0.05,-6.925245761871338,,
287000,7.870000839233398,0.05,-5.746751308441162,,
287050,15.310172080993652,0.05,-6.248501300811768,,
287100,15.573127746582031,0.05,-6.379386901855469,,
287150,25.085800170898438,0.05,-5.694850921630859,,
287200,4.472064018249512,0.05,-5.124338150024414,,
287250,34.68642807006836,0.05,-5.439197540283203,,
287300,28.3605899810791,0.05,-7.318914890289307,,
287350,0.9438155293464661,0.05,-5.359229564666748,,
287400,6.587419509887695,0.05,-5.803445339202881,,
287450,52.4357795715332,0.05,-7.236634731292725,,
287500,6.3229079246521,0.05,-6.173437595367432,,
287550,1.1180747747421265,0.05,-6.257894515991211,,
287600,1.46827232837677,0.05,-5.069085597991943,,
287650,6.237577438354492,0.05,-5.084164619445801,,
287700,1.8797727823257446,0.05,-5.16610860824585,,
287750,2.2090137004852295,0.05,-5.932668209075928,,
287800,16.398082733154297,0.05,-7.693118572235107,,
287850,1.5199427604675293,0.05,-6.965086460113525,,
287900,19.125717163085938,0.05,-8.04787540435791,,
287950,2.040395975112915,0.05,-6.063657283782959,,
288000,17.41401481628418,0.05,-6.330846309661865,,
288050,28.09486961364746,0.05,-7.738954067230225,,
288100,32.52545928955078,0.05,-8.493772506713867,,
288150,46.445159912109375,0.05,-7.4441914558410645,,
288200,4.624087333679199,0.05,-6.555464267730713,,
288250,51.330440521240234,0.05,-6.93230676651001,,
288300,4.984385967254639,0.05,-6.386727809906006,,
288350,13.393078804016113,0.05,-5.944883823394775,,
288400,26.193994522094727,0.05,-7.502504348754883,,
288450,23.59332275390625,0.05,-5.760906219482422,,
288500,9.086398124694824,0.05,-5.533213138580322,,
288550,13.549995422363281,0.05,-6.327681064605713,,
288600,10.170140266418457,0.05,-6.204537868499756,,
288650,2.1180007457733154,0.05,-5.230531215667725,,
288700,13.125991821289062,0.05,-5.0658650398254395,,
288750,0.4672689735889435,0.05,-5.176565647125244,,
288800,3.1587722301483154,0.05,-5.070371627807617,,
288850,0.9841566681861877,0.05,-6.003724575042725,,
288900,12.084446907043457,0.05,-6.873549938201904,,
288950,2.913249969482422,0.05,-5.53571891784668,,
289000,19.398340225219727,0.05,-8.305058479309082,,
289050,6.809451580047607,0.05,-6.708340167999268,,
289100,30.420974731445312,0.05,-6.176675319671631,,
289150,10.463181495666504,0.05,-6.777820110321045,,
289200,14.908852577209473,0.05,-6.506391525268555,,
289250,1.0341111421585083,0.05,-6.137004375457764,,
289300,16.650033950805664,0.05,-6.349646091461182,,
289350,23.9426326751709,0.05,-5.816039562225342,,
289400,13.978734016418457,0.05,-6.53224515914917,,
289450,12.727322578430176,0.05,-7.121929168701172,,
289500,15.837815284729004,0.05,-6.100949764251709,,
289550,15.648818016052246,0.05,-6.860509872436523,,
289600,32.72879409790039,0.05,-6.262692928314209,,
289650,5.798563003540039,0.05,-7.922937870025635,,
289700,16.55250358581543,0.05,-6.638976573944092,,
289750,5.33206033706665,0.05,-6.023590564727783,,
289800,12.287242889404297,0.05,-4.887880325317383,,
289850,0.49447527527809143,0.05,-4.331367015838623,,
289900,8.02873706817627,0.05,-6.880203723907471,,
289950,3.542694091796875,0.05,-5.288173198699951,,
290000,1.1897789239883423,0.05,-5.482340335845947,,
290050,28.6900691986084,0.05,-6.688384532928467,,
290100,0.26883664727211,0.05,-5.488876819610596,,
290150,3.2770023345947266,0.05,-5.369258403778076,,
290200,21.751935958862305,0.05,-7.334911823272705,,
290250,12.323752403259277,0.05,-4.952714443206787,,
290300,8.382563591003418,0.05,-5.112311840057373,,
290350,27.70765495300293,0.05,-7.173647403717041,,
290400,1.1619571447372437,0.05,-6.524272918701172,,
290450,0.3440570831298828,0.05,-6.156849384307861,,
290500,4.889083385467529,0.05,-5.537792682647705,,
290550,1.1863863468170166,0.05,-4.564239025115967,,
290600,0.505462110042572,0.05,-7.001628398895264,,
290650,15.483942985534668,0.05,-4.258663177490234,,
290700,6.999284267425537,0.05,-4.568628311157227,,
290750,24.605993270874023,0.05,-6.181016445159912,,
290800,11.896586418151855,0.05,-6.561242580413818,,
290850,0.6967363953590393,0.05,-5.062005996704102,,
290900,4.099155902862549,0.05,-5.439972400665283,,
290950,1.3311046361923218,0.05,-5.9112114906311035,,
291000,18.34672737121582,0.05,-5.385348796844482,,
291050,0.9607326984405518,0.05,-5.473596096038818,,
291100,15.454861640930176,0.05,-7.659092426300049,,
291150,4.324835300445557,0.05,-4.311544418334961,,
291200,18.109018325805664,0.05,-4.978219032287598,,
291250,18.23368263244629,0.05,-5.637632846832275,,
291300,9.576274871826172,0.05,-7.059847354888916,,
291350,2.6278672218322754,0.05,-5.603382110595703,,
291400,6.947761535644531,0.05,-5.344777584075928,,
291450,11.794970512390137,0.05,-6.056434631347656,,
291500,0.6440330147743225,0.05,-5.547643661499023,,
291550,5.648769378662109,0.05,-6.387780666351318,,
291600,0.4571027457714081,0.05,-5.123237133026123,,
291650,1.749912142753601,0.05,-5.9758477210998535,,
291700,12.277137756347656,0.05,-5.878734111785889,,
291750,13.840775489807129,0.05,-5.036454677581787,,
291800,15.838902473449707,0.05,-4.696077823638916,,
291850,23.1903018951416,0.05,-7.001990795135498,,
291900,0.9883787631988525,0.05,-5.403889179229736,,
291950,4.068458557128906,0.05,-5.349329471588135,,
292000,13.005484580993652,0.05,-7.229227542877197,,
292050,37.469871520996094,0.05,-7.234832286834717,,
292100,18.232574462890625,0.05,-7.184793949127197,,
292150,16.0317440032959,0.05,-9.61011028289795,,
292200,0.7778595089912415,0.05,-7.032148361206055,,
292250,11.799323081970215,0.05,-5.707857608795166,,
292300,0.16246289014816284,0.05,-6.020910739898682,,
292350,16.895383834838867,0.05,-5.810317516326904,,
292400,33.23587417602539,0.05,-5.983015537261963,,
292450,0.805010974407196,0.05,-5.19033670425415,,
292500,17.812772750854492,0.05,-6.739380359649658,,
292550,2.3538873195648193,0.05,-5.689065456390381,,
292600,18.240690231323242,0.05,-7.690759658813477,,
292650,1.4907065629959106,0.05,-6.144552707672119,,
292700,28.875097274780273,0.05,-6.900529384613037,,
292750,5.143695831298828,0.05,-5.323913097381592,,
292800,1.4560465812683105,0.05,-4.2723307609558105,,
292850,1.820448875427246,0.05,-6.451447010040283,,
292900,1.636433720588684,0.05,-4.889011859893799,,
292950,0.6136149764060974,0.05,-5.3817901611328125,,
293000,16.56466293334961,0.05,-6.204861164093018,,
293050,9.585312843322754,0.05,-6.190694808959961,,
293100,15.889986991882324,0.05,-5.683036804199219,,
293150,7.519326686859131,0.05,-8.431666374206543,,
293200,7.351314067840576,0.05,-5.680730819702148,,
293250,11.163420677185059,0.05,-5.642519474029541,,
293300,3.098881721496582,0.05,-7.2904276847839355,,
293350,1.675885796546936,0.05,-5.920435428619385,,
293400,0.5593695640563965,0.05,-5.223487377166748,,
293450,17.076412200927734,0.05,-5.638754367828369,,
293500,1.5334277153015137,0.05,-7.487445831298828,,
293550,2.1805551052093506,0.05,-5.107909202575684,,
293600,33.8609619140625,0.05,-7.687204837799072,,
293650,12.58950424194336,0.05,-5.570716857910156,,
293700,12.814356803894043,0.05,-6.079403400421143,,
293750,14.229122161865234,0.05,-5.595684051513672,,
293800,3.9389851093292236,0.05,-7.396728992462158,,
293850,9.72032356262207,0.05,-6.008981227874756,,
293900,10.259791374206543,0.05,-6.083826065063477,,
293950,0.7441505789756775,0.05,-6.439114093780518,,
294000,3.027143716812134,0.05,-4.865713596343994,,
294050,1.712638258934021,0.05,-7.319696426391602,,
294100,8.185477256774902,0.05,-4.7423930168151855,,
294150,1.2727807760238647,0.05,-6.247287750244141,,
294200,11.289039611816406,0.05,-6.093730926513672,,
294250,11.276251792907715,0.05,-6.65507173538208,,
294300,15.449795722961426,0.05,-5.305369853973389,,
294350,5.037354469299316,0.05,-4.530608177185059,,
294400,3.024303436279297,0.05,-5.473945140838623,,
294450,0.3237954080104828,0.05,-5.179939270019531,,
294500,6.628485202789307,0.05,-6.481939792633057,,
294550,21.169450759887695,0.05,-5.9931769371032715,,
294600,25.1115665435791,0.05,-6.788398265838623,,
294650,2.35012149810791,0.05,-7.551655292510986,,
294700,3.906322479248047,0.05,-4.972649097442627,,
294750,18.699556350708008,0.05,-7.1877217292785645,,
294800,12.657624244689941,0.05,-6.130797863006592,,
294850,20.92371368408203,0.05,-6.676072597503662,,
294900,0.4374501407146454,0.05,-4.3357834815979,,
294950,1.1200772523880005,0.05,-6.013635635375977,,
295000,13.555577278137207,0.05,-7.302300930023193,,
295050,0.4821563959121704,0.05,-7.5217204093933105,,
295100,13.176368713378906,0.05,-4.310546875,,
295150,2.479360818862915,0.05,-6.582888126373291,,
295200,0.7913761734962463,0.05,-5.5949578285217285,,
295250,27.700162887573242,0.05,-5.724721908569336,,
295300,32.92704772949219,0.05,-6.534524917602539,,
295350,9.912764549255371,0.05,-5.481235980987549,,
295400,5.349508285522461,0.05,-5.513059616088867,,
295450,11.347533226013184,0.05,-7.552553176879883,,
295500,8.817675590515137,0.05,-7.288295269012451,,
295550,23.256242752075195,0.05,-5.3021321296691895,,
295600,11.841166496276855,0.05,-5.1584367752075195,,
295650,17.68585777282715,0.05,-7.508430004119873,,
295700,34.496883392333984,0.05,-5.340669631958008,,
295750,11.788664817810059,0.05,-5.583784580230713,,
295800,49.835113525390625,0.05,-6.697702407836914,,
295850,0.09775752574205399,0.05,-4.439774036407471,,
295900,15.711642265319824,0.05,-7.099440097808838,,
295950,0.4143020212650299,0.05,-4.193080425262451,,
296000,21.848649978637695,0.05,-6.485504627227783,,
296050,29.366640090942383,0.05,-6.752138614654541,,
296100,20.111005783081055,0.05,-5.759680271148682,,
296150,18.573122024536133,0.05,-6.213716506958008,,
296200,18.854848861694336,0.05,-5.157769680023193,,
296250,19.37129020690918,0.05,-7.999551296234131,,
296300,1.1039484739303589,0.05,-5.046349048614502,,
296350,1.1280312538146973,0.05,-6.68017578125,,
296400,29.79467010498047,0.05,-6.839400768280029,,
296450,14.799372673034668,0.05,-6.000192165374756,,
296500,11.928120613098145,0.05,-7.774299144744873,,
296550,12.239276885986328,0.05,-6.11008882522583,,
296600,15.109091758728027,0.05,-6.669217586517334,,
296650,10.606202125549316,0.05,-5.6416144371032715,,
296700,11.453997611999512,0.05,-4.349727630615234,,
296750,9.64805793762207,0.05,-4.083970546722412,,
296800,1.56407630443573,0.05,-5.369798183441162,,
296850,8.708693504333496,0.05,-6.055955410003662,,
296900,10.06966495513916,0.05,-6.753743648529053,,
296950,1.2176247835159302,0.05,-6.09050178527832,,
297000,13.08542251586914,0.05,-5.089684963226318,,
297050,4.9631547927856445,0.05,-6.612414836883545,,
297100,10.214936256408691,0.05,-4.713412284851074,,
297150,0.5879279375076294,0.05,-4.708752155303955,,
297200,5.237217426300049,0.05,-6.177055358886719,,
297250,3.027639150619507,0.05,-6.172366619110107,,
297300,11.746928215026855,0.05,-5.915186405181885,,
297350,22.72260284423828,0.05,-5.783026218414307,,
297400,10.44382381439209,0.05,-8.540387153625488,,
297450,1.0975942611694336,0.05,-6.46478271484375,,
297500,0.8978743553161621,0.05,-4.930535793304443,,
297550,3.825639486312866,0.05,-7.14525032043457,,
297600,27.632904052734375,0.05,-6.132333755493164,,
297650,5.305509090423584,0.05,-5.307976245880127,,
297700,4.7013421058654785,0.05,-5.072078227996826,,
297750,1.6079365015029907,0.05,-5.5550079345703125,,
297800,17.517959594726562,0.05,-7.127089023590088,,
297850,9.945943832397461,0.05,-4.848272800445557,,
297900,10.490508079528809,0.05,-5.803974151611328,,
297950,12.093391418457031,0.05,-6.922475814819336,,
298000,1.7619647979736328,0.05,-6.0890350341796875,,
298050,11.394133567810059,0.05,-5.360862731933594,,
298100,7.253119945526123,0.05,-5.824901580810547,,
298150,13.383515357971191,0.05,-5.041860103607178,,
298200,2.964460611343384,0.05,-5.932708263397217,,
298250,1.8493605852127075,0.05,-5.304409503936768,,
298300,1.8889909982681274,0.05,-5.5844407081604,,
298350,20.714662551879883,0.05,-5.420063495635986,,
298400,16.199769973754883,0.05,-5.797031879425049,,
298450,0.6747987270355225,0.05,-5.7904791831970215,,
298500,10.096440315246582,0.05,-6.454535961151123,,
298550,1.9248872995376587,0.05,-6.476102352142334,,
298600,10.578690528869629,0.05,-5.86244010925293,,
298650,16.230268478393555,0.05,-5.040309429168701,,
298700,8.173835754394531,0.05,-6.315329074859619,,
298750,28.296964645385742,0.05,-7.932746410369873,,
298800,6.633838176727295,0.05,-6.144124507904053,,
298850,2.455202341079712,0.05,-5.70887565612793,,
298900,7.361019611358643,0.05,-6.349775314331055,,
298950,0.9650006294250488,0.05,-4.945590972900391,,
299000,0.5736481547355652,0.05,-6.704418182373047,,
299050,4.9203619956970215,0.05,-5.960748195648193,,
299100,16.387279510498047,0.05,-7.754688739776611,,
299150,3.558417558670044,0.05,-7.758110046386719,,
299200,9.247501373291016,0.05,-7.234872817993164,,
299250,15.248133659362793,0.05,-6.356739044189453,,
299300,1.1667518615722656,0.05,-6.3090434074401855,,
299350,1.084527850151062,0.05,-5.968084335327148,,
299400,19.95115089416504,0.05,-5.667443752288818,,
299450,1.6063694953918457,0.05,-5.87844705581665,,
299500,3.9140427112579346,0.05,-5.947357177734375,,
299550,15.326797485351562,0.05,-7.70065450668335,,
299600,4.984353065490723,0.05,-5.03475284576416,,
299650,2.401679754257202,0.05,-5.352993488311768,,
299700,2.532053232192993,0.05,-6.540602207183838,,
299750,0.3147215247154236,0.05,-5.0076212882995605,,
299800,2.4700934886932373,0.05,-4.800288677215576,,
299850,0.7348441481590271,0.05,-5.8810553550720215,,
299900,0.9711683392524719,0.05,-6.213796138763428,,
299950,19.513425827026367,0.05,-7.028108596801758,,
