cell,seed,probe,step,val_viol
bcsdhppo_full_safetyoff,0,1,26624.0,32.66666666666666
bcsdhppo_full_safetyoff,0,2,51200.0,33.7
bcsdhppo_full_safetyoff,0,3,75776.0,33.0
bcsdhppo_full_safetyoff,0,4,100352.0,32.9
bcsdhppo_full_safetyoff,0,5,126976.0,34.333333333333336
bcsdhppo_full_safetyoff,0,6,151552.0,34.46666666666666
bcsdhppo_full_safetyoff,0,7,176128.0,34.1
bcsdhppo_full_safetyoff,0,8,200704.0,34.766666666666666
bcsdhppo_full_safetyoff,0,9,225280.0,36.333333333333336
bcsdhppo_full_safetyoff,0,10,251904.0,34.666666666666664
bcsdhppo_full_safetyoff,0,11,276480.0,37.56666666666666
bcsdhppo_full_safetyoff,0,12,301056.0,36.13333333333333
bcsdhppo_full_safetyoff,10,1,26624.0,30.066666666666663
bcsdhppo_full_safetyoff,10,2,51200.0,31.5
bcsdhppo_full_safetyoff,10,3,75776.0,32.666666666666664
bcsdhppo_full_safetyoff,10,4,100352.0,32.9
bcsdhppo_full_safetyoff,10,5,126976.0,41.0
bcsdhppo_full_safetyoff,10,6,151552.0,34.53333333333333
bcsdhppo_full_safetyoff,10,7,176128.0,32.166666666666664
bcsdhppo_full_safetyoff,10,8,200704.0,33.1
bcsdhppo_full_safetyoff,10,9,225280.0,35.86666666666666
bcsdhppo_full_safetyoff,10,10,251904.0,35.833333333333336
bcsdhppo_full_safetyoff,10,11,276480.0,34.06666666666666
bcsdhppo_full_safetyoff,10,12,301056.0,34.66666666666667
bcsdhppo_full_safetyoff,11,1,26624.0,31.9
bcsdhppo_full_safetyoff,11,2,51200.0,35.7
bcsdhppo_full_safetyoff,11,3,75776.0,35.06666666666666
bcsdhppo_full_safetyoff,11,4,100352.0,36.56666666666666
bcsdhppo_full_safetyoff,11,5,126976.0,40.23333333333333
bcsdhppo_full_safetyoff,11,6,151552.0,37.56666666666666
bcsdhppo_full_safetyoff,11,7,176128.0,36.76666666666667
bcsdhppo_full_safetyoff,11,8,200704.0,37.03333333333333
bcsdhppo_full_safetyoff,11,9,225280.0,36.0
bcsdhppo_full_safetyoff,11,10,251904.0,39.2
bcsdhppo_full_safetyoff,11,11,276480.0,36.73333333333333
bcsdhppo_full_safetyoff,11,12,301056.0,35.766666666666666
bcsdhppo_full_safetyoff,12,1,26624.0,34.96666666666666
bcsdhppo_full_safetyoff,12,2,51200.0,35.266666666666666
bcsdhppo_full_safetyoff,12,3,75776.0,35.333333333333336
bcsdhppo_full_safetyoff,12,4,100352.0,36.86666666666667
bcsdhppo_full_safetyoff,12,5,126976.0,36.9
bcsdhppo_full_safetyoff,12,6,151552.0,37.63333333333333
bcsdhppo_full_safetyoff,12,7,176128.0,35.766666666666666
bcsdhppo_full_safetyoff,12,8,200704.0,37.3
bcsdhppo_full_safetyoff,12,9,225280.0,37.26666666666667
bcsdhppo_full_safetyoff,12,10,251904.0,37.53333333333333
bcsdhppo_full_safetyoff,12,11,276480.0,37.4
bcsdhppo_full_safetyoff,12,12,301056.0,37.9
bcsdhppo_full_safetyoff,13,1,26624.0,29.13333333333334
bcsdhppo_full_safetyoff,13,2,51200.0,29.03333333333333
bcsdhppo_full_safetyoff,13,3,75776.0,30.4
bcsdhppo_full_safetyoff,13,4,100352.0,31.7
bcsdhppo_full_safetyoff,13,5,126976.0,31.33333333333333
bcsdhppo_full_safetyoff,13,6,151552.0,32.2
bcsdhppo_full_safetyoff,13,7,176128.0,32.93333333333333
bcsdhppo_full_safetyoff,13,8,200704.0,31.7
bcsdhppo_full_safetyoff,13,9,225280.0,33.300000000000004
bcsdhppo_full_safetyoff,13,10,251904.0,32.96666666666666
bcsdhppo_full_safetyoff,13,11,276480.0,32.93333333333333
bcsdhppo_full_safetyoff,13,12,301056.0,32.06666666666666
bcsdhppo_full_safetyoff,14,1,26624.0,27.9
bcsdhppo_full_safetyoff,14,2,51200.0,28.7
bcsdhppo_full_safetyoff,14,3,75776.0,30.266666666666666
bcsdhppo_full_safetyoff,14,4,100352.0,31.166666666666664
bcsdhppo_full_safetyoff,14,5,126976.0,40.06666666666666
bcsdhppo_full_safetyoff,14,6,151552.0,40.43333333333333
bcsdhppo_full_safetyoff,14,7,176128.0,45.76666666666666
bcsdhppo_full_safetyoff,14,8,200704.0,35.73333333333333
bcsdhppo_full_safetyoff,14,9,225280.0,32.26666666666667
bcsdhppo_full_safetyoff,14,10,251904.0,32.46666666666666
bcsdhppo_full_safetyoff,14,11,276480.0,31.5
bcsdhppo_full_safetyoff,14,12,301056.0,45.133333333333326
bcsdhppo_full_safetyoff,15,1,26624.0,30.133333333333333
bcsdhppo_full_safetyoff,15,2,51200.0,31.33333333333333
bcsdhppo_full_safetyoff,15,3,75776.0,30.3
bcsdhppo_full_safetyoff,15,4,100352.0,30.166666666666664
bcsdhppo_full_safetyoff,15,5,126976.0,30.7
bcsdhppo_full_safetyoff,15,6,151552.0,31.2
bcsdhppo_full_safetyoff,15,7,176128.0,31.066666666666663
bcsdhppo_full_safetyoff,15,8,200704.0,32.300000000000004
bcsdhppo_full_safetyoff,15,9,225280.0,32.56666666666666
bcsdhppo_full_safetyoff,15,10,251904.0,32.800000000000004
bcsdhppo_full_safetyoff,15,11,276480.0,32.86666666666666
bcsdhppo_full_safetyoff,15,12,301056.0,33.800000000000004
bcsdhppo_full_safetyoff,16,1,26624.0,27.43333333333333
bcsdhppo_full_safetyoff,16,2,51200.0,28.066666666666663
bcsdhppo_full_safetyoff,16,3,75776.0,28.366666666666664
bcsdhppo_full_safetyoff,16,4,100352.0,28.23333333333333
bcsdhppo_full_safetyoff,16,5,126976.0,29.3
bcsdhppo_full_safetyoff,16,6,151552.0,28.766666666666666
bcsdhppo_full_safetyoff,16,7,176128.0,28.3
bcsdhppo_full_safetyoff,16,8,200704.0,29.366666666666664
bcsdhppo_full_safetyoff,16,9,225280.0,31.33333333333333
bcsdhppo_full_safetyoff,16,10,251904.0,32.86666666666666
bcsdhppo_full_safetyoff,16,11,276480.0,29.933333333333334
bcsdhppo_full_safetyoff,16,12,301056.0,30.43333333333333
bcsdhppo_full_safetyoff,17,1,26624.0,31.233333333333324
bcsdhppo_full_safetyoff,17,2,51200.0,31.73333333333333
bcsdhppo_full_safetyoff,17,3,75776.0,32.2
bcsdhppo_full_safetyoff,17,4,100352.0,33.233333333333334
bcsdhppo_full_safetyoff,17,5,126976.0,34.766666666666666
bcsdhppo_full_safetyoff,17,6,151552.0,37.6
bcsdhppo_full_safetyoff,17,7,176128.0,40.99999999999999
bcsdhppo_full_safetyoff,17,8,200704.0,35.2
bcsdhppo_full_safetyoff,17,9,225280.0,41.79999999999999
bcsdhppo_full_safetyoff,17,10,251904.0,48.93333333333332
bcsdhppo_full_safetyoff,17,11,276480.0,33.800000000000004
bcsdhppo_full_safetyoff,17,12,301056.0,37.86666666666667
bcsdhppo_full_safetyoff,18,1,26624.0,27.46666666666666
bcsdhppo_full_safetyoff,18,2,51200.0,27.6
bcsdhppo_full_safetyoff,18,3,75776.0,27.83333333333333
bcsdhppo_full_safetyoff,18,4,100352.0,28.33333333333333
bcsdhppo_full_safetyoff,18,5,126976.0,29.633333333333333
bcsdhppo_full_safetyoff,18,6,151552.0,29.23333333333333
bcsdhppo_full_safetyoff,18,7,176128.0,31.533333333333324
bcsdhppo_full_safetyoff,18,8,200704.0,33.93333333333333
bcsdhppo_full_safetyoff,18,9,225280.0,29.33333333333334
bcsdhppo_full_safetyoff,18,10,251904.0,27.96666666666666
bcsdhppo_full_safetyoff,18,11,276480.0,28.46666666666666
bcsdhppo_full_safetyoff,18,12,301056.0,29.6
bcsdhppo_full_safetyoff,19,1,26624.0,37.133333333333326
bcsdhppo_full_safetyoff,19,2,51200.0,38.2
bcsdhppo_full_safetyoff,19,3,75776.0,37.66666666666666
bcsdhppo_full_safetyoff,19,4,100352.0,38.0
bcsdhppo_full_safetyoff,19,5,126976.0,41.2
bcsdhppo_full_safetyoff,19,6,151552.0,40.66666666666666
bcsdhppo_full_safetyoff,19,7,176128.0,41.16666666666667
bcsdhppo_full_safetyoff,19,8,200704.0,40.13333333333333
bcsdhppo_full_safetyoff,19,9,225280.0,43.6
bcsdhppo_full_safetyoff,19,10,251904.0,52.400000000000006
bcsdhppo_full_safetyoff,19,11,276480.0,52.7
bcsdhppo_full_safetyoff,19,12,301056.0,41.86666666666666
bcsdhppo_full_safetyoff,1,1,26624.0,30.36666666666667
bcsdhppo_full_safetyoff,1,2,51200.0,30.166666666666664
bcsdhppo_full_safetyoff,1,3,75776.0,31.13333333333333
bcsdhppo_full_safetyoff,1,4,100352.0,31.23333333333333
bcsdhppo_full_safetyoff,1,5,126976.0,33.86666666666666
bcsdhppo_full_safetyoff,1,6,151552.0,32.56666666666666
bcsdhppo_full_safetyoff,1,7,176128.0,32.96666666666666
bcsdhppo_full_safetyoff,1,8,200704.0,32.53333333333333
bcsdhppo_full_safetyoff,1,9,225280.0,32.733333333333334
bcsdhppo_full_safetyoff,1,10,251904.0,32.0
bcsdhppo_full_safetyoff,1,11,276480.0,33.46666666666666
bcsdhppo_full_safetyoff,1,12,301056.0,33.46666666666666
bcsdhppo_full_safetyoff,2,1,26624.0,32.800000000000004
bcsdhppo_full_safetyoff,2,2,51200.0,33.0
bcsdhppo_full_safetyoff,2,3,75776.0,33.43333333333334
bcsdhppo_full_safetyoff,2,4,100352.0,33.36666666666666
bcsdhppo_full_safetyoff,2,5,126976.0,39.33333333333333
bcsdhppo_full_safetyoff,2,6,151552.0,37.83333333333332
bcsdhppo_full_safetyoff,2,7,176128.0,33.76666666666666
bcsdhppo_full_safetyoff,2,8,200704.0,36.13333333333333
bcsdhppo_full_safetyoff,2,9,225280.0,36.53333333333333
bcsdhppo_full_safetyoff,2,10,251904.0,36.86666666666667
bcsdhppo_full_safetyoff,2,11,276480.0,35.06666666666666
bcsdhppo_full_safetyoff,2,12,301056.0,37.46666666666666
bcsdhppo_full_safetyoff,3,1,26624.0,28.366666666666667
bcsdhppo_full_safetyoff,3,2,51200.0,28.5
bcsdhppo_full_safetyoff,3,3,75776.0,28.866666666666664
bcsdhppo_full_safetyoff,3,4,100352.0,29.06666666666667
bcsdhppo_full_safetyoff,3,5,126976.0,28.1
bcsdhppo_full_safetyoff,3,6,151552.0,29.33333333333334
bcsdhppo_full_safetyoff,3,7,176128.0,30.06666666666667
bcsdhppo_full_safetyoff,3,8,200704.0,28.866666666666667
bcsdhppo_full_safetyoff,3,9,225280.0,29.46666666666666
bcsdhppo_full_safetyoff,3,10,251904.0,36.7
bcsdhppo_full_safetyoff,3,11,276480.0,32.06666666666666
bcsdhppo_full_safetyoff,3,12,301056.0,44.2
bcsdhppo_full_safetyoff,4,1,26624.0,37.1
bcsdhppo_full_safetyoff,4,2,51200.0,37.5
bcsdhppo_full_safetyoff,4,3,75776.0,37.3
bcsdhppo_full_safetyoff,4,4,100352.0,37.93333333333334
bcsdhppo_full_safetyoff,4,5,126976.0,51.43333333333333
bcsdhppo_full_safetyoff,4,6,151552.0,38.03333333333333
bcsdhppo_full_safetyoff,4,7,176128.0,39.8
bcsdhppo_full_safetyoff,4,8,200704.0,38.73333333333333
bcsdhppo_full_safetyoff,4,9,225280.0,39.73333333333333
bcsdhppo_full_safetyoff,4,10,251904.0,44.46666666666667
bcsdhppo_full_safetyoff,4,11,276480.0,42.43333333333334
bcsdhppo_full_safetyoff,4,12,301056.0,40.56666666666666
bcsdhppo_full_safetyoff,5,1,26624.0,31.066666666666663
bcsdhppo_full_safetyoff,5,2,51200.0,31.033333333333328
bcsdhppo_full_safetyoff,5,3,75776.0,33.46666666666666
bcsdhppo_full_safetyoff,5,4,100352.0,42.7
bcsdhppo_full_safetyoff,5,5,126976.0,36.13333333333333
bcsdhppo_full_safetyoff,5,6,151552.0,31.333333333333336
bcsdhppo_full_safetyoff,5,7,176128.0,34.766666666666666
bcsdhppo_full_safetyoff,5,8,200704.0,34.93333333333334
bcsdhppo_full_safetyoff,5,9,225280.0,49.23333333333333
bcsdhppo_full_safetyoff,5,10,251904.0,42.133333333333326
bcsdhppo_full_safetyoff,5,11,276480.0,36.1
bcsdhppo_full_safetyoff,5,12,301056.0,37.0
bcsdhppo_full_safetyoff,6,1,26624.0,28.46666666666666
bcsdhppo_full_safetyoff,6,2,51200.0,28.866666666666664
bcsdhppo_full_safetyoff,6,3,75776.0,35.666666666666664
bcsdhppo_full_safetyoff,6,4,100352.0,39.06666666666666
bcsdhppo_full_safetyoff,6,5,126976.0,44.93333333333332
bcsdhppo_full_safetyoff,6,6,151552.0,43.49999999999999
bcsdhppo_full_safetyoff,6,7,176128.0,42.133333333333326
bcsdhppo_full_safetyoff,6,8,200704.0,40.8
bcsdhppo_full_safetyoff,6,9,225280.0,43.03333333333333
bcsdhppo_full_safetyoff,6,10,251904.0,35.666666666666664
bcsdhppo_full_safetyoff,6,11,276480.0,33.53333333333333
bcsdhppo_full_safetyoff,6,12,301056.0,43.266666666666666
bcsdhppo_full_safetyoff,7,1,26624.0,32.13333333333333
bcsdhppo_full_safetyoff,7,2,51200.0,31.66666666666667
bcsdhppo_full_safetyoff,7,3,75776.0,33.1
bcsdhppo_full_safetyoff,7,4,100352.0,33.5
bcsdhppo_full_safetyoff,7,5,126976.0,36.2
bcsdhppo_full_safetyoff,7,6,151552.0,35.06666666666666
bcsdhppo_full_safetyoff,7,7,176128.0,35.2
bcsdhppo_full_safetyoff,7,8,200704.0,38.46666666666666
bcsdhppo_full_safetyoff,7,9,225280.0,35.43333333333333
bcsdhppo_full_safetyoff,7,10,251904.0,34.63333333333333
bcsdhppo_full_safetyoff,7,11,276480.0,34.03333333333333
bcsdhppo_full_safetyoff,7,12,301056.0,35.666666666666664
bcsdhppo_full_safetyoff,8,1,26624.0,36.266666666666666
bcsdhppo_full_safetyoff,8,2,51200.0,36.7
bcsdhppo_full_safetyoff,8,3,75776.0,36.73333333333333
bcsdhppo_full_safetyoff,8,4,100352.0,37.7
bcsdhppo_full_safetyoff,8,5,126976.0,37.6
bcsdhppo_full_safetyoff,8,6,151552.0,38.1
bcsdhppo_full_safetyoff,8,7,176128.0,39.13333333333334
bcsdhppo_full_safetyoff,8,8,200704.0,39.63333333333334
bcsdhppo_full_safetyoff,8,9,225280.0,40.86666666666666
bcsdhppo_full_safetyoff,8,10,251904.0,40.73333333333333
bcsdhppo_full_safetyoff,8,11,276480.0,42.7
bcsdhppo_full_safetyoff,8,12,301056.0,42.7
bcsdhppo_full_safetyoff,9,1,26624.0,28.266666666666666
bcsdhppo_full_safetyoff,9,2,51200.0,28.23333333333333
bcsdhppo_full_safetyoff,9,3,75776.0,28.83333333333333
bcsdhppo_full_safetyoff,9,4,100352.0,28.33333333333334
bcsdhppo_full_safetyoff,9,5,126976.0,28.6
bcsdhppo_full_safetyoff,9,6,151552.0,28.53333333333334
bcsdhppo_full_safetyoff,9,7,176128.0,31.5
bcsdhppo_full_safetyoff,9,8,200704.0,32.666666666666664
bcsdhppo_full_safetyoff,9,9,225280.0,31.033333333333328
bcsdhppo_full_safetyoff,9,10,251904.0,29.46666666666667
bcsdhppo_full_safetyoff,9,11,276480.0,29.966666666666665
bcsdhppo_full_safetyoff,9,12,301056.0,31.53333333333333
bcsdhppo_full_safetyon,0,1,26624.0,32.13333333333333
bcsdhppo_full_safetyon,0,2,51200.0,32.63333333333334
bcsdhppo_full_safetyon,0,3,75776.0,32.300000000000004
bcsdhppo_full_safetyon,0,4,100352.0,32.26666666666666
bcsdhppo_full_safetyon,0,5,126976.0,32.4
bcsdhppo_full_safetyon,0,6,151552.0,32.93333333333333
bcsdhppo_full_safetyon,0,7,176128.0,32.56666666666666
bcsdhppo_full_safetyon,0,8,200704.0,32.733333333333334
bcsdhppo_full_safetyon,0,9,225280.0,33.56666666666666
bcsdhppo_full_safetyon,0,10,251904.0,33.233333333333334
bcsdhppo_full_safetyon,0,11,276480.0,33.2
bcsdhppo_full_safetyon,0,12,301056.0,33.166666666666664
bcsdhppo_full_safetyon,10,1,26624.0,29.8
bcsdhppo_full_safetyon,10,2,51200.0,29.833333333333336
bcsdhppo_full_safetyon,10,3,75776.0,29.8
bcsdhppo_full_safetyon,10,4,100352.0,29.7
bcsdhppo_full_safetyon,10,5,126976.0,30.9
bcsdhppo_full_safetyon,10,6,151552.0,31.566666666666663
bcsdhppo_full_safetyon,10,7,176128.0,30.5
bcsdhppo_full_safetyon,10,8,200704.0,30.366666666666664
bcsdhppo_full_safetyon,10,9,225280.0,30.43333333333333
bcsdhppo_full_safetyon,10,10,251904.0,30.866666666666664
bcsdhppo_full_safetyon,10,11,276480.0,30.7
bcsdhppo_full_safetyon,10,12,301056.0,31.333333333333336
bcsdhppo_full_safetyon,11,1,26624.0,31.133333333333336
bcsdhppo_full_safetyon,11,2,51200.0,31.066666666666663
bcsdhppo_full_safetyon,11,3,75776.0,31.1
bcsdhppo_full_safetyon,11,4,100352.0,31.33333333333333
bcsdhppo_full_safetyon,11,5,126976.0,31.266666666666666
bcsdhppo_full_safetyon,11,6,151552.0,31.76666666666667
bcsdhppo_full_safetyon,11,7,176128.0,31.8
bcsdhppo_full_safetyon,11,8,200704.0,32.13333333333333
bcsdhppo_full_safetyon,11,9,225280.0,31.93333333333333
bcsdhppo_full_safetyon,11,10,251904.0,32.63333333333334
bcsdhppo_full_safetyon,11,11,276480.0,32.166666666666664
bcsdhppo_full_safetyon,11,12,301056.0,32.766666666666666
bcsdhppo_full_safetyon,12,1,26624.0,33.96666666666666
bcsdhppo_full_safetyon,12,2,51200.0,33.86666666666666
bcsdhppo_full_safetyon,12,3,75776.0,34.233333333333334
bcsdhppo_full_safetyon,12,4,100352.0,34.233333333333334
bcsdhppo_full_safetyon,12,5,126976.0,34.53333333333333
bcsdhppo_full_safetyon,12,6,151552.0,34.4
bcsdhppo_full_safetyon,12,7,176128.0,34.599999999999994
bcsdhppo_full_safetyon,12,8,200704.0,34.93333333333333
bcsdhppo_full_safetyon,12,9,225280.0,35.2
bcsdhppo_full_safetyon,12,10,251904.0,36.333333333333336
bcsdhppo_full_safetyon,12,11,276480.0,36.0
bcsdhppo_full_safetyon,12,12,301056.0,35.83333333333334
bcsdhppo_full_safetyon,13,1,26624.0,28.3
bcsdhppo_full_safetyon,13,2,51200.0,28.266666666666666
bcsdhppo_full_safetyon,13,3,75776.0,28.6
bcsdhppo_full_safetyon,13,4,100352.0,29.46666666666667
bcsdhppo_full_safetyon,13,5,126976.0,29.433333333333334
bcsdhppo_full_safetyon,13,6,151552.0,28.633333333333333
bcsdhppo_full_safetyon,13,7,176128.0,29.26666666666667
bcsdhppo_full_safetyon,13,8,200704.0,29.33333333333333
bcsdhppo_full_safetyon,13,9,225280.0,28.8
bcsdhppo_full_safetyon,13,10,251904.0,28.83333333333333
bcsdhppo_full_safetyon,13,11,276480.0,28.933333333333337
bcsdhppo_full_safetyon,13,12,301056.0,28.733333333333334
bcsdhppo_full_safetyon,14,1,26624.0,26.96666666666666
bcsdhppo_full_safetyon,14,2,51200.0,27.03333333333334
bcsdhppo_full_safetyon,14,3,75776.0,27.3
bcsdhppo_full_safetyon,14,4,100352.0,27.333333333333336
bcsdhppo_full_safetyon,14,5,126976.0,27.700000000000003
bcsdhppo_full_safetyon,14,6,151552.0,27.933333333333334
bcsdhppo_full_safetyon,14,7,176128.0,28.2
bcsdhppo_full_safetyon,14,8,200704.0,28.83333333333333
bcsdhppo_full_safetyon,14,9,225280.0,28.96666666666666
bcsdhppo_full_safetyon,14,10,251904.0,28.933333333333334
bcsdhppo_full_safetyon,14,11,276480.0,29.93333333333334
bcsdhppo_full_safetyon,14,12,301056.0,29.666666666666664
bcsdhppo_full_safetyon,15,1,26624.0,28.866666666666667
bcsdhppo_full_safetyon,15,2,51200.0,28.83333333333333
bcsdhppo_full_safetyon,15,3,75776.0,29.63333333333334
bcsdhppo_full_safetyon,15,4,100352.0,29.83333333333334
bcsdhppo_full_safetyon,15,5,126976.0,30.43333333333333
bcsdhppo_full_safetyon,15,6,151552.0,31.4
bcsdhppo_full_safetyon,15,7,176128.0,30.6
bcsdhppo_full_safetyon,15,8,200704.0,31.1
bcsdhppo_full_safetyon,15,9,225280.0,31.466666666666665
bcsdhppo_full_safetyon,15,10,251904.0,32.2
bcsdhppo_full_safetyon,15,11,276480.0,31.5
bcsdhppo_full_safetyon,15,12,301056.0,31.33333333333333
bcsdhppo_full_safetyon,16,1,26624.0,25.866666666666667
bcsdhppo_full_safetyon,16,2,51200.0,26.06666666666666
bcsdhppo_full_safetyon,16,3,75776.0,26.4
bcsdhppo_full_safetyon,16,4,100352.0,26.13333333333333
bcsdhppo_full_safetyon,16,5,126976.0,26.26666666666666
bcsdhppo_full_safetyon,16,6,151552.0,26.36666666666666
bcsdhppo_full_safetyon,16,7,176128.0,26.4
bcsdhppo_full_safetyon,16,8,200704.0,26.96666666666666
bcsdhppo_full_safetyon,16,9,225280.0,27.3
bcsdhppo_full_safetyon,16,10,251904.0,28.233333333333334
bcsdhppo_full_safetyon,16,11,276480.0,28.7
bcsdhppo_full_safetyon,16,12,301056.0,28.6
bcsdhppo_full_safetyon,17,1,26624.0,30.666666666666664
bcsdhppo_full_safetyon,17,2,51200.0,30.533333333333328
bcsdhppo_full_safetyon,17,3,75776.0,30.63333333333333
bcsdhppo_full_safetyon,17,4,100352.0,30.666666666666664
bcsdhppo_full_safetyon,17,5,126976.0,30.533333333333328
bcsdhppo_full_safetyon,17,6,151552.0,30.73333333333333
bcsdhppo_full_safetyon,17,7,176128.0,30.63333333333333
bcsdhppo_full_safetyon,17,8,200704.0,30.93333333333333
bcsdhppo_full_safetyon,17,9,225280.0,31.033333333333328
bcsdhppo_full_safetyon,17,10,251904.0,31.266666666666666
bcsdhppo_full_safetyon,17,11,276480.0,31.666666666666664
bcsdhppo_full_safetyon,17,12,301056.0,31.43333333333333
bcsdhppo_full_safetyon,18,1,26624.0,26.13333333333333
bcsdhppo_full_safetyon,18,2,51200.0,26.46666666666666
bcsdhppo_full_safetyon,18,3,75776.0,26.5
bcsdhppo_full_safetyon,18,4,100352.0,26.6
bcsdhppo_full_safetyon,18,5,126976.0,26.83333333333333
bcsdhppo_full_safetyon,18,6,151552.0,27.133333333333333
bcsdhppo_full_safetyon,18,7,176128.0,27.4
bcsdhppo_full_safetyon,18,8,200704.0,26.73333333333333
bcsdhppo_full_safetyon,18,9,225280.0,27.933333333333334
bcsdhppo_full_safetyon,18,10,251904.0,27.66666666666666
bcsdhppo_full_safetyon,18,11,276480.0,27.83333333333333
bcsdhppo_full_safetyon,18,12,301056.0,28.03333333333333
bcsdhppo_full_safetyon,19,1,26624.0,36.5
bcsdhppo_full_safetyon,19,2,51200.0,36.53333333333334
bcsdhppo_full_safetyon,19,3,75776.0,36.5
bcsdhppo_full_safetyon,19,4,100352.0,36.86666666666667
bcsdhppo_full_safetyon,19,5,126976.0,37.23333333333333
bcsdhppo_full_safetyon,19,6,151552.0,37.1
bcsdhppo_full_safetyon,19,7,176128.0,37.4
bcsdhppo_full_safetyon,19,8,200704.0,37.9
bcsdhppo_full_safetyon,19,9,225280.0,37.86666666666667
bcsdhppo_full_safetyon,19,10,251904.0,38.0
bcsdhppo_full_safetyon,19,11,276480.0,38.4
bcsdhppo_full_safetyon,19,12,301056.0,38.4
bcsdhppo_full_safetyon,1,1,26624.0,29.866666666666664
bcsdhppo_full_safetyon,1,2,51200.0,29.5
bcsdhppo_full_safetyon,1,3,75776.0,30.533333333333328
bcsdhppo_full_safetyon,1,4,100352.0,30.866666666666664
bcsdhppo_full_safetyon,1,5,126976.0,31.6
bcsdhppo_full_safetyon,1,6,151552.0,31.8
bcsdhppo_full_safetyon,1,7,176128.0,31.966666666666672
bcsdhppo_full_safetyon,1,8,200704.0,31.7
bcsdhppo_full_safetyon,1,9,225280.0,32.2
bcsdhppo_full_safetyon,1,10,251904.0,32.63333333333333
bcsdhppo_full_safetyon,1,11,276480.0,32.4
bcsdhppo_full_safetyon,1,12,301056.0,32.66666666666666
bcsdhppo_full_safetyon,2,1,26624.0,32.36666666666666
bcsdhppo_full_safetyon,2,2,51200.0,32.66666666666666
bcsdhppo_full_safetyon,2,3,75776.0,32.6
bcsdhppo_full_safetyon,2,4,100352.0,32.83333333333333
bcsdhppo_full_safetyon,2,5,126976.0,33.300000000000004
bcsdhppo_full_safetyon,2,6,151552.0,33.6
bcsdhppo_full_safetyon,2,7,176128.0,33.166666666666664
bcsdhppo_full_safetyon,2,8,200704.0,33.4
bcsdhppo_full_safetyon,2,9,225280.0,33.666666666666664
bcsdhppo_full_safetyon,2,10,251904.0,33.63333333333333
bcsdhppo_full_safetyon,2,11,276480.0,33.46666666666666
bcsdhppo_full_safetyon,2,12,301056.0,33.4
bcsdhppo_full_safetyon,3,1,26624.0,27.46666666666666
bcsdhppo_full_safetyon,3,2,51200.0,27.53333333333334
bcsdhppo_full_safetyon,3,3,75776.0,27.83333333333334
bcsdhppo_full_safetyon,3,4,100352.0,27.933333333333334
bcsdhppo_full_safetyon,3,5,126976.0,27.6
bcsdhppo_full_safetyon,3,6,151552.0,27.86666666666666
bcsdhppo_full_safetyon,3,7,176128.0,28.03333333333333
bcsdhppo_full_safetyon,3,8,200704.0,28.1
bcsdhppo_full_safetyon,3,9,225280.0,27.800000000000004
bcsdhppo_full_safetyon,3,10,251904.0,28.1
bcsdhppo_full_safetyon,3,11,276480.0,28.2
bcsdhppo_full_safetyon,3,12,301056.0,28.766666666666666
bcsdhppo_full_safetyon,4,1,26624.0,36.13333333333334
bcsdhppo_full_safetyon,4,2,51200.0,36.36666666666667
bcsdhppo_full_safetyon,4,3,75776.0,36.36666666666667
bcsdhppo_full_safetyon,4,4,100352.0,36.16666666666666
bcsdhppo_full_safetyon,4,5,126976.0,36.7
bcsdhppo_full_safetyon,4,6,151552.0,36.53333333333333
bcsdhppo_full_safetyon,4,7,176128.0,36.6
bcsdhppo_full_safetyon,4,8,200704.0,36.73333333333333
bcsdhppo_full_safetyon,4,9,225280.0,36.66666666666666
bcsdhppo_full_safetyon,4,10,251904.0,36.93333333333333
bcsdhppo_full_safetyon,4,11,276480.0,36.66666666666666
bcsdhppo_full_safetyon,4,12,301056.0,37.13333333333333
bcsdhppo_full_safetyon,5,1,26624.0,28.9
bcsdhppo_full_safetyon,5,2,51200.0,29.066666666666663
bcsdhppo_full_safetyon,5,3,75776.0,29.06666666666667
bcsdhppo_full_safetyon,5,4,100352.0,29.13333333333334
bcsdhppo_full_safetyon,5,5,126976.0,28.666666666666668
bcsdhppo_full_safetyon,5,6,151552.0,28.933333333333337
bcsdhppo_full_safetyon,5,7,176128.0,29.9
bcsdhppo_full_safetyon,5,8,200704.0,29.46666666666667
bcsdhppo_full_safetyon,5,9,225280.0,30.36666666666667
bcsdhppo_full_safetyon,5,10,251904.0,32.13333333333333
bcsdhppo_full_safetyon,5,11,276480.0,30.7
bcsdhppo_full_safetyon,5,12,301056.0,31.2
bcsdhppo_full_safetyon,6,1,26624.0,28.46666666666667
bcsdhppo_full_safetyon,6,2,51200.0,28.4
bcsdhppo_full_safetyon,6,3,75776.0,28.7
bcsdhppo_full_safetyon,6,4,100352.0,28.76666666666667
bcsdhppo_full_safetyon,6,5,126976.0,29.06666666666667
bcsdhppo_full_safetyon,6,6,151552.0,29.066666666666663
bcsdhppo_full_safetyon,6,7,176128.0,29.03333333333333
bcsdhppo_full_safetyon,6,8,200704.0,29.3
bcsdhppo_full_safetyon,6,9,225280.0,29.233333333333334
bcsdhppo_full_safetyon,6,10,251904.0,29.43333333333334
bcsdhppo_full_safetyon,6,11,276480.0,29.866666666666664
bcsdhppo_full_safetyon,6,12,301056.0,29.83333333333334
bcsdhppo_full_safetyon,7,1,26624.0,31.73333333333333
bcsdhppo_full_safetyon,7,2,51200.0,32.0
bcsdhppo_full_safetyon,7,3,75776.0,31.9
bcsdhppo_full_safetyon,7,4,100352.0,31.7
bcsdhppo_full_safetyon,7,5,126976.0,31.6
bcsdhppo_full_safetyon,7,6,151552.0,31.566666666666663
bcsdhppo_full_safetyon,7,7,176128.0,31.9
bcsdhppo_full_safetyon,7,8,200704.0,32.03333333333333
bcsdhppo_full_safetyon,7,9,225280.0,32.300000000000004
bcsdhppo_full_safetyon,7,10,251904.0,32.36666666666666
bcsdhppo_full_safetyon,7,11,276480.0,32.733333333333334
bcsdhppo_full_safetyon,7,12,301056.0,33.6
bcsdhppo_full_safetyon,8,1,26624.0,36.6
bcsdhppo_full_safetyon,8,2,51200.0,36.4
bcsdhppo_full_safetyon,8,3,75776.0,36.43333333333334
bcsdhppo_full_safetyon,8,4,100352.0,36.5
bcsdhppo_full_safetyon,8,5,126976.0,36.73333333333333
bcsdhppo_full_safetyon,8,6,151552.0,36.53333333333333
bcsdhppo_full_safetyon,8,7,176128.0,36.66666666666666
bcsdhppo_full_safetyon,8,8,200704.0,37.3
bcsdhppo_full_safetyon,8,9,225280.0,37.4
bcsdhppo_full_safetyon,8,10,251904.0,37.3
bcsdhppo_full_safetyon,8,11,276480.0,37.66666666666666
bcsdhppo_full_safetyon,8,12,301056.0,37.53333333333333
bcsdhppo_full_safetyon,9,1,26624.0,27.33333333333333
bcsdhppo_full_safetyon,9,2,51200.0,27.733333333333334
bcsdhppo_full_safetyon,9,3,75776.0,28.03333333333333
bcsdhppo_full_safetyon,9,4,100352.0,28.03333333333333
bcsdhppo_full_safetyon,9,5,126976.0,27.66666666666666
bcsdhppo_full_safetyon,9,6,151552.0,27.66666666666666
bcsdhppo_full_safetyon,9,7,176128.0,28.2
bcsdhppo_full_safetyon,9,8,200704.0,27.86666666666666
bcsdhppo_full_safetyon,9,9,225280.0,27.866666666666667
bcsdhppo_full_safetyon,9,10,251904.0,27.86666666666666
bcsdhppo_full_safetyon,9,11,276480.0,27.9
bcsdhppo_full_safetyon,9,12,301056.0,27.83333333333333
ddqn_aug_subsample_safetyoff,0,1,24999.0,53.0
ddqn_aug_subsample_safetyoff,0,2,49999.0,52.8
ddqn_aug_subsample_safetyoff,0,3,74999.0,49.49999999999999
ddqn_aug_subsample_safetyoff,0,4,99999.0,39.23333333333333
ddqn_aug_subsample_safetyoff,0,5,124999.0,38.63333333333333
ddqn_aug_subsample_safetyoff,0,6,149999.0,37.7
ddqn_aug_subsample_safetyoff,0,7,174999.0,37.3
ddqn_aug_subsample_safetyoff,0,8,199999.0,39.0
ddqn_aug_subsample_safetyoff,0,9,224999.0,38.36666666666667
ddqn_aug_subsample_safetyoff,0,10,249999.0,36.73333333333333
ddqn_aug_subsample_safetyoff,0,11,274999.0,36.23333333333333
ddqn_aug_subsample_safetyoff,0,12,299999.0,37.46666666666666
ddqn_aug_subsample_safetyoff,1,1,24999.0,51.8
ddqn_aug_subsample_safetyoff,1,2,49999.0,50.43333333333333
ddqn_aug_subsample_safetyoff,1,3,74999.0,45.9
ddqn_aug_subsample_safetyoff,1,4,99999.0,41.16666666666666
ddqn_aug_subsample_safetyoff,1,5,124999.0,38.7
ddqn_aug_subsample_safetyoff,1,6,149999.0,38.43333333333333
ddqn_aug_subsample_safetyoff,1,7,174999.0,35.86666666666667
ddqn_aug_subsample_safetyoff,1,8,199999.0,37.4
ddqn_aug_subsample_safetyoff,1,9,224999.0,33.766666666666666
ddqn_aug_subsample_safetyoff,1,10,249999.0,34.300000000000004
ddqn_aug_subsample_safetyoff,1,11,274999.0,33.53333333333334
ddqn_aug_subsample_safetyoff,1,12,299999.0,34.0
ddqn_aug_subsample_safetyoff,10,1,24999.0,50.49999999999999
ddqn_aug_subsample_safetyoff,10,2,49999.0,50.09999999999999
ddqn_aug_subsample_safetyoff,10,3,74999.0,45.03333333333333
ddqn_aug_subsample_safetyoff,10,4,99999.0,39.1
ddqn_aug_subsample_safetyoff,10,5,124999.0,36.03333333333333
ddqn_aug_subsample_safetyoff,10,6,149999.0,33.36666666666666
ddqn_aug_subsample_safetyoff,10,7,174999.0,34.23333333333333
ddqn_aug_subsample_safetyoff,10,8,199999.0,33.6
ddqn_aug_subsample_safetyoff,10,9,224999.0,32.96666666666666
ddqn_aug_subsample_safetyoff,10,10,249999.0,32.23333333333333
ddqn_aug_subsample_safetyoff,10,11,274999.0,33.06666666666666
ddqn_aug_subsample_safetyoff,10,12,299999.0,33.2
ddqn_aug_subsample_safetyoff,11,1,24999.0,52.26666666666666
ddqn_aug_subsample_safetyoff,11,2,49999.0,51.93333333333332
ddqn_aug_subsample_safetyoff,11,3,74999.0,51.4
ddqn_aug_subsample_safetyoff,11,4,99999.0,48.23333333333333
ddqn_aug_subsample_safetyoff,11,5,124999.0,37.26666666666667
ddqn_aug_subsample_safetyoff,11,6,149999.0,36.13333333333333
ddqn_aug_subsample_safetyoff,11,7,174999.0,35.6
ddqn_aug_subsample_safetyoff,11,8,199999.0,34.5
ddqn_aug_subsample_safetyoff,11,9,224999.0,34.93333333333334
ddqn_aug_subsample_safetyoff,11,10,249999.0,34.166666666666664
ddqn_aug_subsample_safetyoff,11,11,274999.0,34.53333333333334
ddqn_aug_subsample_safetyoff,11,12,299999.0,33.800000000000004
ddqn_aug_subsample_safetyoff,12,1,24999.0,54.133333333333326
ddqn_aug_subsample_safetyoff,12,2,49999.0,53.46666666666666
ddqn_aug_subsample_safetyoff,12,3,74999.0,52.76666666666665
ddqn_aug_subsample_safetyoff,12,4,99999.0,49.266666666666666
ddqn_aug_subsample_safetyoff,12,5,124999.0,42.46666666666666
ddqn_aug_subsample_safetyoff,12,6,149999.0,41.36666666666666
ddqn_aug_subsample_safetyoff,12,7,174999.0,36.4
ddqn_aug_subsample_safetyoff,12,8,199999.0,36.9
ddqn_aug_subsample_safetyoff,12,9,224999.0,38.16666666666667
ddqn_aug_subsample_safetyoff,12,10,249999.0,40.2
ddqn_aug_subsample_safetyoff,12,11,274999.0,37.56666666666666
ddqn_aug_subsample_safetyoff,12,12,299999.0,38.66666666666666
ddqn_aug_subsample_safetyoff,13,1,24999.0,50.0
ddqn_aug_subsample_safetyoff,13,2,49999.0,49.53333333333333
ddqn_aug_subsample_safetyoff,13,3,74999.0,43.93333333333332
ddqn_aug_subsample_safetyoff,13,4,99999.0,33.26666666666666
ddqn_aug_subsample_safetyoff,13,5,124999.0,35.833333333333336
ddqn_aug_subsample_safetyoff,13,6,149999.0,33.5
ddqn_aug_subsample_safetyoff,13,7,174999.0,32.1
ddqn_aug_subsample_safetyoff,13,8,199999.0,34.333333333333336
ddqn_aug_subsample_safetyoff,13,9,224999.0,32.46666666666666
ddqn_aug_subsample_safetyoff,13,10,249999.0,33.13333333333333
ddqn_aug_subsample_safetyoff,13,11,274999.0,31.6
ddqn_aug_subsample_safetyoff,13,12,299999.0,31.6
ddqn_aug_subsample_safetyoff,14,1,24999.0,48.76666666666666
ddqn_aug_subsample_safetyoff,14,2,49999.0,48.6
ddqn_aug_subsample_safetyoff,14,3,74999.0,48.6
ddqn_aug_subsample_safetyoff,14,4,99999.0,37.66666666666666
ddqn_aug_subsample_safetyoff,14,5,124999.0,35.099999999999994
ddqn_aug_subsample_safetyoff,14,6,149999.0,33.13333333333334
ddqn_aug_subsample_safetyoff,14,7,174999.0,30.53333333333333
ddqn_aug_subsample_safetyoff,14,8,199999.0,28.9
ddqn_aug_subsample_safetyoff,14,9,224999.0,30.73333333333333
ddqn_aug_subsample_safetyoff,14,10,249999.0,30.13333333333334
ddqn_aug_subsample_safetyoff,14,11,274999.0,30.466666666666665
ddqn_aug_subsample_safetyoff,14,12,299999.0,29.166666666666664
ddqn_aug_subsample_safetyoff,15,1,24999.0,50.36666666666666
ddqn_aug_subsample_safetyoff,15,2,49999.0,49.16666666666666
ddqn_aug_subsample_safetyoff,15,3,74999.0,49.89999999999999
ddqn_aug_subsample_safetyoff,15,4,99999.0,47.06666666666666
ddqn_aug_subsample_safetyoff,15,5,124999.0,44.23333333333333
ddqn_aug_subsample_safetyoff,15,6,149999.0,37.7
ddqn_aug_subsample_safetyoff,15,7,174999.0,34.233333333333334
ddqn_aug_subsample_safetyoff,15,8,199999.0,35.13333333333333
ddqn_aug_subsample_safetyoff,15,9,224999.0,33.0
ddqn_aug_subsample_safetyoff,15,10,249999.0,31.83333333333333
ddqn_aug_subsample_safetyoff,15,11,274999.0,32.5
ddqn_aug_subsample_safetyoff,15,12,299999.0,31.73333333333333
ddqn_aug_subsample_safetyoff,16,1,24999.0,49.16666666666666
ddqn_aug_subsample_safetyoff,16,2,49999.0,47.13333333333333
ddqn_aug_subsample_safetyoff,16,3,74999.0,37.23333333333333
ddqn_aug_subsample_safetyoff,16,4,99999.0,33.166666666666664
ddqn_aug_subsample_safetyoff,16,5,124999.0,32.96666666666667
ddqn_aug_subsample_safetyoff,16,6,149999.0,31.266666666666666
ddqn_aug_subsample_safetyoff,16,7,174999.0,30.03333333333333
ddqn_aug_subsample_safetyoff,16,8,199999.0,28.366666666666667
ddqn_aug_subsample_safetyoff,16,9,224999.0,28.9
ddqn_aug_subsample_safetyoff,16,10,249999.0,28.866666666666664
ddqn_aug_subsample_safetyoff,16,11,274999.0,29.166666666666668
ddqn_aug_subsample_safetyoff,16,12,299999.0,28.53333333333334
ddqn_aug_subsample_safetyoff,17,1,24999.0,50.63333333333333
ddqn_aug_subsample_safetyoff,17,2,49999.0,50.13333333333332
ddqn_aug_subsample_safetyoff,17,3,74999.0,50.56666666666666
ddqn_aug_subsample_safetyoff,17,4,99999.0,38.56666666666666
ddqn_aug_subsample_safetyoff,17,5,124999.0,34.96666666666666
ddqn_aug_subsample_safetyoff,17,6,149999.0,34.5
ddqn_aug_subsample_safetyoff,17,7,174999.0,34.56666666666667
ddqn_aug_subsample_safetyoff,17,8,199999.0,35.36666666666666
ddqn_aug_subsample_safetyoff,17,9,224999.0,35.6
ddqn_aug_subsample_safetyoff,17,10,249999.0,34.26666666666666
ddqn_aug_subsample_safetyoff,17,11,274999.0,35.13333333333334
ddqn_aug_subsample_safetyoff,17,12,299999.0,34.0
ddqn_aug_subsample_safetyoff,18,1,24999.0,47.93333333333333
ddqn_aug_subsample_safetyoff,18,2,49999.0,47.99999999999999
ddqn_aug_subsample_safetyoff,18,3,74999.0,29.766666666666666
ddqn_aug_subsample_safetyoff,18,4,99999.0,37.33333333333333
ddqn_aug_subsample_safetyoff,18,5,124999.0,33.43333333333333
ddqn_aug_subsample_safetyoff,18,6,149999.0,31.6
ddqn_aug_subsample_safetyoff,18,7,174999.0,32.33333333333333
ddqn_aug_subsample_safetyoff,18,8,199999.0,29.83333333333333
ddqn_aug_subsample_safetyoff,18,9,224999.0,30.93333333333333
ddqn_aug_subsample_safetyoff,18,10,249999.0,29.73333333333333
ddqn_aug_subsample_safetyoff,18,11,274999.0,29.9
ddqn_aug_subsample_safetyoff,18,12,299999.0,30.0
ddqn_aug_subsample_safetyoff,19,1,24999.0,54.93333333333332
ddqn_aug_subsample_safetyoff,19,2,49999.0,54.133333333333326
ddqn_aug_subsample_safetyoff,19,3,74999.0,52.2
ddqn_aug_subsample_safetyoff,19,4,99999.0,53.93333333333332
ddqn_aug_subsample_safetyoff,19,5,124999.0,47.46666666666666
ddqn_aug_subsample_safetyoff,19,6,149999.0,49.66666666666667
ddqn_aug_subsample_safetyoff,19,7,174999.0,43.63333333333333
ddqn_aug_subsample_safetyoff,19,8,199999.0,42.2
ddqn_aug_subsample_safetyoff,19,9,224999.0,40.8
ddqn_aug_subsample_safetyoff,19,10,249999.0,40.266666666666666
ddqn_aug_subsample_safetyoff,19,11,274999.0,39.36666666666667
ddqn_aug_subsample_safetyoff,19,12,299999.0,40.3
ddqn_aug_subsample_safetyoff,2,1,24999.0,53.66666666666667
ddqn_aug_subsample_safetyoff,2,2,49999.0,52.3
ddqn_aug_subsample_safetyoff,2,3,74999.0,52.23333333333332
ddqn_aug_subsample_safetyoff,2,4,99999.0,37.9
ddqn_aug_subsample_safetyoff,2,5,124999.0,35.43333333333333
ddqn_aug_subsample_safetyoff,2,6,149999.0,38.76666666666666
ddqn_aug_subsample_safetyoff,2,7,174999.0,37.2
ddqn_aug_subsample_safetyoff,2,8,199999.0,35.333333333333336
ddqn_aug_subsample_safetyoff,2,9,224999.0,35.099999999999994
ddqn_aug_subsample_safetyoff,2,10,249999.0,34.9
ddqn_aug_subsample_safetyoff,2,11,274999.0,34.1
ddqn_aug_subsample_safetyoff,2,12,299999.0,36.13333333333333
ddqn_aug_subsample_safetyoff,3,1,24999.0,48.29999999999999
ddqn_aug_subsample_safetyoff,3,2,49999.0,48.86666666666666
ddqn_aug_subsample_safetyoff,3,3,74999.0,49.1
ddqn_aug_subsample_safetyoff,3,4,99999.0,34.733333333333334
ddqn_aug_subsample_safetyoff,3,5,124999.0,35.13333333333333
ddqn_aug_subsample_safetyoff,3,6,149999.0,32.300000000000004
ddqn_aug_subsample_safetyoff,3,7,174999.0,31.2
ddqn_aug_subsample_safetyoff,3,8,199999.0,32.03333333333333
ddqn_aug_subsample_safetyoff,3,9,224999.0,31.5
ddqn_aug_subsample_safetyoff,3,10,249999.0,33.5
ddqn_aug_subsample_safetyoff,3,11,274999.0,32.46666666666666
ddqn_aug_subsample_safetyoff,3,12,299999.0,31.33333333333333
ddqn_aug_subsample_safetyoff,4,1,24999.0,54.36666666666666
ddqn_aug_subsample_safetyoff,4,2,49999.0,54.3
ddqn_aug_subsample_safetyoff,4,3,74999.0,51.69999999999999
ddqn_aug_subsample_safetyoff,4,4,99999.0,39.9
ddqn_aug_subsample_safetyoff,4,5,124999.0,41.9
ddqn_aug_subsample_safetyoff,4,6,149999.0,41.53333333333333
ddqn_aug_subsample_safetyoff,4,7,174999.0,40.63333333333333
ddqn_aug_subsample_safetyoff,4,8,199999.0,38.13333333333333
ddqn_aug_subsample_safetyoff,4,9,224999.0,38.7
ddqn_aug_subsample_safetyoff,4,10,249999.0,39.36666666666667
ddqn_aug_subsample_safetyoff,4,11,274999.0,41.39999999999999
ddqn_aug_subsample_safetyoff,4,12,299999.0,38.96666666666667
ddqn_aug_subsample_safetyoff,5,1,24999.0,50.39999999999999
ddqn_aug_subsample_safetyoff,5,2,49999.0,49.89999999999999
ddqn_aug_subsample_safetyoff,5,3,74999.0,43.43333333333332
ddqn_aug_subsample_safetyoff,5,4,99999.0,37.53333333333333
ddqn_aug_subsample_safetyoff,5,5,124999.0,33.900000000000006
ddqn_aug_subsample_safetyoff,5,6,149999.0,37.56666666666666
ddqn_aug_subsample_safetyoff,5,7,174999.0,34.56666666666666
ddqn_aug_subsample_safetyoff,5,8,199999.0,33.900000000000006
ddqn_aug_subsample_safetyoff,5,9,224999.0,32.43333333333332
ddqn_aug_subsample_safetyoff,5,10,249999.0,32.86666666666666
ddqn_aug_subsample_safetyoff,5,11,274999.0,34.26666666666666
ddqn_aug_subsample_safetyoff,5,12,299999.0,33.1
ddqn_aug_subsample_safetyoff,6,1,24999.0,49.46666666666666
ddqn_aug_subsample_safetyoff,6,2,49999.0,49.83333333333332
ddqn_aug_subsample_safetyoff,6,3,74999.0,49.8
ddqn_aug_subsample_safetyoff,6,4,99999.0,45.133333333333326
ddqn_aug_subsample_safetyoff,6,5,124999.0,33.166666666666664
ddqn_aug_subsample_safetyoff,6,6,149999.0,33.0
ddqn_aug_subsample_safetyoff,6,7,174999.0,32.46666666666666
ddqn_aug_subsample_safetyoff,6,8,199999.0,32.5
ddqn_aug_subsample_safetyoff,6,9,224999.0,31.833333333333325
ddqn_aug_subsample_safetyoff,6,10,249999.0,32.56666666666666
ddqn_aug_subsample_safetyoff,6,11,274999.0,31.73333333333333
ddqn_aug_subsample_safetyoff,6,12,299999.0,32.166666666666664
ddqn_aug_subsample_safetyoff,7,1,24999.0,52.26666666666666
ddqn_aug_subsample_safetyoff,7,2,49999.0,51.63333333333333
ddqn_aug_subsample_safetyoff,7,3,74999.0,50.76666666666666
ddqn_aug_subsample_safetyoff,7,4,99999.0,48.33333333333333
ddqn_aug_subsample_safetyoff,7,5,124999.0,42.83333333333332
ddqn_aug_subsample_safetyoff,7,6,149999.0,40.833333333333336
ddqn_aug_subsample_safetyoff,7,7,174999.0,38.53333333333334
ddqn_aug_subsample_safetyoff,7,8,199999.0,38.76666666666666
ddqn_aug_subsample_safetyoff,7,9,224999.0,37.66666666666666
ddqn_aug_subsample_safetyoff,7,10,249999.0,37.73333333333333
ddqn_aug_subsample_safetyoff,7,11,274999.0,35.53333333333334
ddqn_aug_subsample_safetyoff,7,12,299999.0,36.7
ddqn_aug_subsample_safetyoff,8,1,24999.0,56.46666666666667
ddqn_aug_subsample_safetyoff,8,2,49999.0,55.13333333333333
ddqn_aug_subsample_safetyoff,8,3,74999.0,55.50000000000001
ddqn_aug_subsample_safetyoff,8,4,99999.0,54.633333333333326
ddqn_aug_subsample_safetyoff,8,5,124999.0,49.23333333333332
ddqn_aug_subsample_safetyoff,8,6,149999.0,43.6
ddqn_aug_subsample_safetyoff,8,7,174999.0,41.266666666666666
ddqn_aug_subsample_safetyoff,8,8,199999.0,41.0
ddqn_aug_subsample_safetyoff,8,9,224999.0,38.33333333333333
ddqn_aug_subsample_safetyoff,8,10,249999.0,37.6
ddqn_aug_subsample_safetyoff,8,11,274999.0,40.53333333333333
ddqn_aug_subsample_safetyoff,8,12,299999.0,39.73333333333333
ddqn_aug_subsample_safetyoff,9,1,24999.0,48.99999999999999
ddqn_aug_subsample_safetyoff,9,2,49999.0,49.03333333333333
ddqn_aug_subsample_safetyoff,9,3,74999.0,40.1
ddqn_aug_subsample_safetyoff,9,4,99999.0,34.666666666666664
ddqn_aug_subsample_safetyoff,9,5,124999.0,33.166666666666664
ddqn_aug_subsample_safetyoff,9,6,149999.0,32.86666666666666
ddqn_aug_subsample_safetyoff,9,7,174999.0,33.96666666666666
ddqn_aug_subsample_safetyoff,9,8,199999.0,31.03333333333333
ddqn_aug_subsample_safetyoff,9,9,224999.0,30.23333333333334
ddqn_aug_subsample_safetyoff,9,10,249999.0,30.83333333333333
ddqn_aug_subsample_safetyoff,9,11,274999.0,29.56666666666667
ddqn_aug_subsample_safetyoff,9,12,299999.0,32.13333333333333
ddqn_aug_subsample_safetyon,0,1,24999.0,43.49999999999999
ddqn_aug_subsample_safetyon,0,2,49999.0,42.266666666666666
ddqn_aug_subsample_safetyon,0,3,74999.0,36.83333333333333
ddqn_aug_subsample_safetyon,0,4,99999.0,33.900000000000006
ddqn_aug_subsample_safetyon,0,5,124999.0,37.5
ddqn_aug_subsample_safetyon,0,6,149999.0,34.26666666666666
ddqn_aug_subsample_safetyon,0,7,174999.0,38.13333333333333
ddqn_aug_subsample_safetyon,0,8,199999.0,42.1
ddqn_aug_subsample_safetyon,0,9,224999.0,41.4
ddqn_aug_subsample_safetyon,0,10,249999.0,41.03333333333333
ddqn_aug_subsample_safetyon,0,11,274999.0,36.23333333333334
ddqn_aug_subsample_safetyon,0,12,299999.0,38.03333333333333
ddqn_aug_subsample_safetyon,1,1,24999.0,39.23333333333333
ddqn_aug_subsample_safetyon,1,2,49999.0,31.066666666666663
ddqn_aug_subsample_safetyon,1,3,74999.0,38.06666666666666
ddqn_aug_subsample_safetyon,1,4,99999.0,33.0
ddqn_aug_subsample_safetyon,1,5,124999.0,31.73333333333333
ddqn_aug_subsample_safetyon,1,6,149999.0,32.4
ddqn_aug_subsample_safetyon,1,7,174999.0,30.866666666666664
ddqn_aug_subsample_safetyon,1,8,199999.0,30.93333333333333
ddqn_aug_subsample_safetyon,1,9,224999.0,31.666666666666664
ddqn_aug_subsample_safetyon,1,10,249999.0,31.766666666666666
ddqn_aug_subsample_safetyon,1,11,274999.0,31.333333333333336
ddqn_aug_subsample_safetyon,1,12,299999.0,31.433333333333337
ddqn_aug_subsample_safetyon,10,1,24999.0,36.06666666666666
ddqn_aug_subsample_safetyon,10,2,49999.0,39.83333333333333
ddqn_aug_subsample_safetyon,10,3,74999.0,31.066666666666663
ddqn_aug_subsample_safetyon,10,4,99999.0,30.966666666666665
ddqn_aug_subsample_safetyon,10,5,124999.0,35.6
ddqn_aug_subsample_safetyon,10,6,149999.0,31.06666666666667
ddqn_aug_subsample_safetyon,10,7,174999.0,31.53333333333333
ddqn_aug_subsample_safetyon,10,8,199999.0,32.93333333333334
ddqn_aug_subsample_safetyon,10,9,224999.0,37.16666666666666
ddqn_aug_subsample_safetyon,10,10,249999.0,30.9
ddqn_aug_subsample_safetyon,10,11,274999.0,34.86666666666666
ddqn_aug_subsample_safetyon,10,12,299999.0,29.566666666666663
ddqn_aug_subsample_safetyon,11,1,24999.0,44.8
ddqn_aug_subsample_safetyon,11,2,49999.0,44.33333333333332
ddqn_aug_subsample_safetyon,11,3,74999.0,41.0
ddqn_aug_subsample_safetyon,11,4,99999.0,40.6
ddqn_aug_subsample_safetyon,11,5,124999.0,36.86666666666667
ddqn_aug_subsample_safetyon,11,6,149999.0,32.33333333333333
ddqn_aug_subsample_safetyon,11,7,174999.0,33.53333333333333
ddqn_aug_subsample_safetyon,11,8,199999.0,32.166666666666664
ddqn_aug_subsample_safetyon,11,9,224999.0,34.73333333333334
ddqn_aug_subsample_safetyon,11,10,249999.0,32.333333333333336
ddqn_aug_subsample_safetyon,11,11,274999.0,32.300000000000004
ddqn_aug_subsample_safetyon,11,12,299999.0,32.26666666666666
ddqn_aug_subsample_safetyon,12,1,24999.0,46.36666666666665
ddqn_aug_subsample_safetyon,12,2,49999.0,41.9
ddqn_aug_subsample_safetyon,12,3,74999.0,41.4
ddqn_aug_subsample_safetyon,12,4,99999.0,42.56666666666666
ddqn_aug_subsample_safetyon,12,5,124999.0,34.833333333333336
ddqn_aug_subsample_safetyon,12,6,149999.0,34.26666666666666
ddqn_aug_subsample_safetyon,12,7,174999.0,34.666666666666664
ddqn_aug_subsample_safetyon,12,8,199999.0,35.3
ddqn_aug_subsample_safetyon,12,9,224999.0,35.166666666666664
ddqn_aug_subsample_safetyon,12,10,249999.0,35.833333333333336
ddqn_aug_subsample_safetyon,12,11,274999.0,34.766666666666666
ddqn_aug_subsample_safetyon,12,12,299999.0,35.166666666666664
ddqn_aug_subsample_safetyon,13,1,24999.0,35.73333333333333
ddqn_aug_subsample_safetyon,13,2,49999.0,37.266666666666666
ddqn_aug_subsample_safetyon,13,3,74999.0,34.73333333333334
ddqn_aug_subsample_safetyon,13,4,99999.0,28.766666666666666
ddqn_aug_subsample_safetyon,13,5,124999.0,29.866666666666664
ddqn_aug_subsample_safetyon,13,6,149999.0,34.233333333333334
ddqn_aug_subsample_safetyon,13,7,174999.0,30.166666666666664
ddqn_aug_subsample_safetyon,13,8,199999.0,30.799999999999997
ddqn_aug_subsample_safetyon,13,9,224999.0,30.1
ddqn_aug_subsample_safetyon,13,10,249999.0,29.86666666666667
ddqn_aug_subsample_safetyon,13,11,274999.0,30.33333333333333
ddqn_aug_subsample_safetyon,13,12,299999.0,32.63333333333333
ddqn_aug_subsample_safetyon,14,1,24999.0,43.99999999999999
ddqn_aug_subsample_safetyon,14,2,49999.0,35.36666666666666
ddqn_aug_subsample_safetyon,14,3,74999.0,39.66666666666666
ddqn_aug_subsample_safetyon,14,4,99999.0,37.633333333333326
ddqn_aug_subsample_safetyon,14,5,124999.0,29.4
ddqn_aug_subsample_safetyon,14,6,149999.0,31.1
ddqn_aug_subsample_safetyon,14,7,174999.0,29.03333333333333
ddqn_aug_subsample_safetyon,14,8,199999.0,28.766666666666666
ddqn_aug_subsample_safetyon,14,9,224999.0,29.766666666666666
ddqn_aug_subsample_safetyon,14,10,249999.0,28.2
ddqn_aug_subsample_safetyon,14,11,274999.0,27.766666666666666
ddqn_aug_subsample_safetyon,14,12,299999.0,28.96666666666666
ddqn_aug_subsample_safetyon,15,1,24999.0,43.73333333333333
ddqn_aug_subsample_safetyon,15,2,49999.0,30.766666666666666
ddqn_aug_subsample_safetyon,15,3,74999.0,31.23333333333333
ddqn_aug_subsample_safetyon,15,4,99999.0,39.43333333333333
ddqn_aug_subsample_safetyon,15,5,124999.0,31.7
ddqn_aug_subsample_safetyon,15,6,149999.0,34.533333333333324
ddqn_aug_subsample_safetyon,15,7,174999.0,34.93333333333333
ddqn_aug_subsample_safetyon,15,8,199999.0,30.666666666666664
ddqn_aug_subsample_safetyon,15,9,224999.0,30.766666666666666
ddqn_aug_subsample_safetyon,15,10,249999.0,33.233333333333334
ddqn_aug_subsample_safetyon,15,11,274999.0,32.93333333333333
ddqn_aug_subsample_safetyon,15,12,299999.0,30.83333333333333
ddqn_aug_subsample_safetyon,16,1,24999.0,42.66666666666666
ddqn_aug_subsample_safetyon,16,2,49999.0,38.73333333333333
ddqn_aug_subsample_safetyon,16,3,74999.0,35.266666666666666
ddqn_aug_subsample_safetyon,16,4,99999.0,31.53333333333333
ddqn_aug_subsample_safetyon,16,5,124999.0,34.93333333333333
ddqn_aug_subsample_safetyon,16,6,149999.0,29.666666666666664
ddqn_aug_subsample_safetyon,16,7,174999.0,29.3
ddqn_aug_subsample_safetyon,16,8,199999.0,29.133333333333333
ddqn_aug_subsample_safetyon,16,9,224999.0,32.766666666666666
ddqn_aug_subsample_safetyon,16,10,249999.0,26.83333333333333
ddqn_aug_subsample_safetyon,16,11,274999.0,27.6
ddqn_aug_subsample_safetyon,16,12,299999.0,27.3
ddqn_aug_subsample_safetyon,17,1,24999.0,46.53333333333333
ddqn_aug_subsample_safetyon,17,2,49999.0,41.633333333333326
ddqn_aug_subsample_safetyon,17,3,74999.0,31.73333333333333
ddqn_aug_subsample_safetyon,17,4,99999.0,34.43333333333333
ddqn_aug_subsample_safetyon,17,5,124999.0,32.63333333333333
ddqn_aug_subsample_safetyon,17,6,149999.0,37.2
ddqn_aug_subsample_safetyon,17,7,174999.0,31.93333333333333
ddqn_aug_subsample_safetyon,17,8,199999.0,32.2
ddqn_aug_subsample_safetyon,17,9,224999.0,31.7
ddqn_aug_subsample_safetyon,17,10,249999.0,31.63333333333333
ddqn_aug_subsample_safetyon,17,11,274999.0,31.93333333333333
ddqn_aug_subsample_safetyon,17,12,299999.0,32.06666666666667
ddqn_aug_subsample_safetyon,18,1,24999.0,45.76666666666666
ddqn_aug_subsample_safetyon,18,2,49999.0,44.03333333333333
ddqn_aug_subsample_safetyon,18,3,74999.0,36.06666666666666
ddqn_aug_subsample_safetyon,18,4,99999.0,38.13333333333333
ddqn_aug_subsample_safetyon,18,5,124999.0,36.96666666666666
ddqn_aug_subsample_safetyon,18,6,149999.0,28.000000000000004
ddqn_aug_subsample_safetyon,18,7,174999.0,31.13333333333333
ddqn_aug_subsample_safetyon,18,8,199999.0,35.4
ddqn_aug_subsample_safetyon,18,9,224999.0,33.96666666666666
ddqn_aug_subsample_safetyon,18,10,249999.0,28.8
ddqn_aug_subsample_safetyon,18,11,274999.0,29.066666666666663
ddqn_aug_subsample_safetyon,18,12,299999.0,28.933333333333334
ddqn_aug_subsample_safetyon,19,1,24999.0,48.1
ddqn_aug_subsample_safetyon,19,2,49999.0,43.33333333333333
ddqn_aug_subsample_safetyon,19,3,74999.0,38.03333333333333
ddqn_aug_subsample_safetyon,19,4,99999.0,39.43333333333333
ddqn_aug_subsample_safetyon,19,5,124999.0,43.53333333333333
ddqn_aug_subsample_safetyon,19,6,149999.0,44.8
ddqn_aug_subsample_safetyon,19,7,174999.0,39.6
ddqn_aug_subsample_safetyon,19,8,199999.0,40.96666666666666
ddqn_aug_subsample_safetyon,19,9,224999.0,38.86666666666667
ddqn_aug_subsample_safetyon,19,10,249999.0,37.9
ddqn_aug_subsample_safetyon,19,11,274999.0,40.2
ddqn_aug_subsample_safetyon,19,12,299999.0,37.43333333333332
ddqn_aug_subsample_safetyon,2,1,24999.0,43.53333333333333
ddqn_aug_subsample_safetyon,2,2,49999.0,36.4
ddqn_aug_subsample_safetyon,2,3,74999.0,34.9
ddqn_aug_subsample_safetyon,2,4,99999.0,34.2
ddqn_aug_subsample_safetyon,2,5,124999.0,35.666666666666664
ddqn_aug_subsample_safetyon,2,6,149999.0,33.96666666666666
ddqn_aug_subsample_safetyon,2,7,174999.0,35.4
ddqn_aug_subsample_safetyon,2,8,199999.0,36.06666666666666
ddqn_aug_subsample_safetyon,2,9,224999.0,37.06666666666666
ddqn_aug_subsample_safetyon,2,10,249999.0,34.300000000000004
ddqn_aug_subsample_safetyon,2,11,274999.0,33.76666666666666
ddqn_aug_subsample_safetyon,2,12,299999.0,39.8
ddqn_aug_subsample_safetyon,3,1,24999.0,41.6
ddqn_aug_subsample_safetyon,3,2,49999.0,35.53333333333333
ddqn_aug_subsample_safetyon,3,3,74999.0,29.666666666666664
ddqn_aug_subsample_safetyon,3,4,99999.0,29.56666666666667
ddqn_aug_subsample_safetyon,3,5,124999.0,28.133333333333333
ddqn_aug_subsample_safetyon,3,6,149999.0,28.866666666666664
ddqn_aug_subsample_safetyon,3,7,174999.0,28.8
ddqn_aug_subsample_safetyon,3,8,199999.0,28.33333333333333
ddqn_aug_subsample_safetyon,3,9,224999.0,28.3
ddqn_aug_subsample_safetyon,3,10,249999.0,28.233333333333334
ddqn_aug_subsample_safetyon,3,11,274999.0,28.7
ddqn_aug_subsample_safetyon,3,12,299999.0,30.966666666666665
ddqn_aug_subsample_safetyon,4,1,24999.0,50.03333333333333
ddqn_aug_subsample_safetyon,4,2,49999.0,45.43333333333333
ddqn_aug_subsample_safetyon,4,3,74999.0,38.3
ddqn_aug_subsample_safetyon,4,4,99999.0,40.7
ddqn_aug_subsample_safetyon,4,5,124999.0,42.43333333333333
ddqn_aug_subsample_safetyon,4,6,149999.0,39.66666666666666
ddqn_aug_subsample_safetyon,4,7,174999.0,38.46666666666666
ddqn_aug_subsample_safetyon,4,8,199999.0,39.43333333333334
ddqn_aug_subsample_safetyon,4,9,224999.0,37.833333333333336
ddqn_aug_subsample_safetyon,4,10,249999.0,39.76666666666666
ddqn_aug_subsample_safetyon,4,11,274999.0,38.5
ddqn_aug_subsample_safetyon,4,12,299999.0,37.06666666666666
ddqn_aug_subsample_safetyon,5,1,24999.0,42.3
ddqn_aug_subsample_safetyon,5,2,49999.0,30.03333333333333
ddqn_aug_subsample_safetyon,5,3,74999.0,34.56666666666666
ddqn_aug_subsample_safetyon,5,4,99999.0,34.166666666666664
ddqn_aug_subsample_safetyon,5,5,124999.0,30.23333333333334
ddqn_aug_subsample_safetyon,5,6,149999.0,34.0
ddqn_aug_subsample_safetyon,5,7,174999.0,30.8
ddqn_aug_subsample_safetyon,5,8,199999.0,33.53333333333334
ddqn_aug_subsample_safetyon,5,9,224999.0,32.166666666666664
ddqn_aug_subsample_safetyon,5,10,249999.0,34.833333333333336
ddqn_aug_subsample_safetyon,5,11,274999.0,30.1
ddqn_aug_subsample_safetyon,5,12,299999.0,29.53333333333333
ddqn_aug_subsample_safetyon,6,1,24999.0,40.1
ddqn_aug_subsample_safetyon,6,2,49999.0,40.03333333333333
ddqn_aug_subsample_safetyon,6,3,74999.0,29.966666666666665
ddqn_aug_subsample_safetyon,6,4,99999.0,34.03333333333333
ddqn_aug_subsample_safetyon,6,5,124999.0,31.566666666666663
ddqn_aug_subsample_safetyon,6,6,149999.0,38.96666666666666
ddqn_aug_subsample_safetyon,6,7,174999.0,33.83333333333333
ddqn_aug_subsample_safetyon,6,8,199999.0,36.43333333333333
ddqn_aug_subsample_safetyon,6,9,224999.0,29.6
ddqn_aug_subsample_safetyon,6,10,249999.0,33.93333333333333
ddqn_aug_subsample_safetyon,6,11,274999.0,40.8
ddqn_aug_subsample_safetyon,6,12,299999.0,36.8
ddqn_aug_subsample_safetyon,7,1,24999.0,44.23333333333333
ddqn_aug_subsample_safetyon,7,2,49999.0,35.86666666666666
ddqn_aug_subsample_safetyon,7,3,74999.0,35.766666666666666
ddqn_aug_subsample_safetyon,7,4,99999.0,33.6
ddqn_aug_subsample_safetyon,7,5,124999.0,39.96666666666666
ddqn_aug_subsample_safetyon,7,6,149999.0,37.2
ddqn_aug_subsample_safetyon,7,7,174999.0,33.26666666666666
ddqn_aug_subsample_safetyon,7,8,199999.0,34.2
ddqn_aug_subsample_safetyon,7,9,224999.0,32.63333333333334
ddqn_aug_subsample_safetyon,7,10,249999.0,35.03333333333334
ddqn_aug_subsample_safetyon,7,11,274999.0,33.76666666666666
ddqn_aug_subsample_safetyon,7,12,299999.0,34.5
ddqn_aug_subsample_safetyon,8,1,24999.0,46.3
ddqn_aug_subsample_safetyon,8,2,49999.0,49.9
ddqn_aug_subsample_safetyon,8,3,74999.0,42.1
ddqn_aug_subsample_safetyon,8,4,99999.0,37.96666666666667
ddqn_aug_subsample_safetyon,8,5,124999.0,37.53333333333333
ddqn_aug_subsample_safetyon,8,6,149999.0,39.33333333333333
ddqn_aug_subsample_safetyon,8,7,174999.0,41.266666666666666
ddqn_aug_subsample_safetyon,8,8,199999.0,37.833333333333336
ddqn_aug_subsample_safetyon,8,9,224999.0,42.13333333333333
ddqn_aug_subsample_safetyon,8,10,249999.0,42.83333333333332
ddqn_aug_subsample_safetyon,8,11,274999.0,37.7
ddqn_aug_subsample_safetyon,8,12,299999.0,38.36666666666667
ddqn_aug_subsample_safetyon,9,1,24999.0,42.36666666666666
ddqn_aug_subsample_safetyon,9,2,49999.0,36.16666666666666
ddqn_aug_subsample_safetyon,9,3,74999.0,34.43333333333333
ddqn_aug_subsample_safetyon,9,4,99999.0,29.433333333333334
ddqn_aug_subsample_safetyon,9,5,124999.0,32.06666666666666
ddqn_aug_subsample_safetyon,9,6,149999.0,33.26666666666666
ddqn_aug_subsample_safetyon,9,7,174999.0,30.866666666666664
ddqn_aug_subsample_safetyon,9,8,199999.0,29.1
ddqn_aug_subsample_safetyon,9,9,224999.0,29.966666666666665
ddqn_aug_subsample_safetyon,9,10,249999.0,29.7
ddqn_aug_subsample_safetyon,9,11,274999.0,29.066666666666663
ddqn_aug_subsample_safetyon,9,12,299999.0,31.86666666666667
ddqn_full_safetyoff,0,1,24999.0,53.13333333333332
ddqn_full_safetyoff,0,2,49999.0,52.7
ddqn_full_safetyoff,0,3,74999.0,48.99999999999999
ddqn_full_safetyoff,0,4,99999.0,47.79999999999999
ddqn_full_safetyoff,0,5,124999.0,47.16666666666666
ddqn_full_safetyoff,0,6,149999.0,49.06666666666666
ddqn_full_safetyoff,0,7,174999.0,48.53333333333333
ddqn_full_safetyoff,0,8,199999.0,49.6
ddqn_full_safetyoff,0,9,224999.0,50.03333333333333
ddqn_full_safetyoff,0,10,249999.0,48.23333333333333
ddqn_full_safetyoff,0,11,274999.0,51.53333333333333
ddqn_full_safetyoff,0,12,299999.0,47.96666666666666
ddqn_full_safetyoff,1,1,24999.0,53.0
ddqn_full_safetyoff,1,2,49999.0,51.43333333333333
ddqn_full_safetyoff,1,3,74999.0,49.633333333333326
ddqn_full_safetyoff,1,4,99999.0,47.133333333333326
ddqn_full_safetyoff,1,5,124999.0,45.93333333333332
ddqn_full_safetyoff,1,6,149999.0,45.4
ddqn_full_safetyoff,1,7,174999.0,45.3
ddqn_full_safetyoff,1,8,199999.0,45.6
ddqn_full_safetyoff,1,9,224999.0,47.7
ddqn_full_safetyoff,1,10,249999.0,48.06666666666666
ddqn_full_safetyoff,1,11,274999.0,47.43333333333333
ddqn_full_safetyoff,1,12,299999.0,46.06666666666666
ddqn_full_safetyoff,10,1,24999.0,50.89999999999999
ddqn_full_safetyoff,10,2,49999.0,50.89999999999999
ddqn_full_safetyoff,10,3,74999.0,49.7
ddqn_full_safetyoff,10,4,99999.0,49.39999999999999
ddqn_full_safetyoff,10,5,124999.0,51.79999999999999
ddqn_full_safetyoff,10,6,149999.0,49.89999999999999
ddqn_full_safetyoff,10,7,174999.0,48.93333333333333
ddqn_full_safetyoff,10,8,199999.0,47.2
ddqn_full_safetyoff,10,9,224999.0,45.13333333333333
ddqn_full_safetyoff,10,10,249999.0,43.33333333333332
ddqn_full_safetyoff,10,11,274999.0,45.2
ddqn_full_safetyoff,10,12,299999.0,44.46666666666667
ddqn_full_safetyoff,11,1,24999.0,51.6
ddqn_full_safetyoff,11,2,49999.0,49.43333333333333
ddqn_full_safetyoff,11,3,74999.0,50.8
ddqn_full_safetyoff,11,4,99999.0,48.1
ddqn_full_safetyoff,11,5,124999.0,46.56666666666666
ddqn_full_safetyoff,11,6,149999.0,43.6
ddqn_full_safetyoff,11,7,174999.0,49.1
ddqn_full_safetyoff,11,8,199999.0,44.56666666666666
ddqn_full_safetyoff,11,9,224999.0,40.5
ddqn_full_safetyoff,11,10,249999.0,50.13333333333333
ddqn_full_safetyoff,11,11,274999.0,41.63333333333333
ddqn_full_safetyoff,11,12,299999.0,46.7
ddqn_full_safetyoff,12,1,24999.0,54.99999999999999
ddqn_full_safetyoff,12,2,49999.0,52.19999999999999
ddqn_full_safetyoff,12,3,74999.0,53.13333333333332
ddqn_full_safetyoff,12,4,99999.0,48.0
ddqn_full_safetyoff,12,5,124999.0,43.33333333333333
ddqn_full_safetyoff,12,6,149999.0,45.26666666666666
ddqn_full_safetyoff,12,7,174999.0,50.49999999999999
ddqn_full_safetyoff,12,8,199999.0,50.66666666666666
ddqn_full_safetyoff,12,9,224999.0,50.43333333333333
ddqn_full_safetyoff,12,10,249999.0,45.7
ddqn_full_safetyoff,12,11,274999.0,50.06666666666666
ddqn_full_safetyoff,12,12,299999.0,49.133333333333326
ddqn_full_safetyoff,13,1,24999.0,50.83333333333333
ddqn_full_safetyoff,13,2,49999.0,48.33333333333333
ddqn_full_safetyoff,13,3,74999.0,47.83333333333333
ddqn_full_safetyoff,13,4,99999.0,51.73333333333333
ddqn_full_safetyoff,13,5,124999.0,46.6
ddqn_full_safetyoff,13,6,149999.0,43.49999999999999
ddqn_full_safetyoff,13,7,174999.0,41.73333333333333
ddqn_full_safetyoff,13,8,199999.0,45.83333333333333
ddqn_full_safetyoff,13,9,224999.0,36.0
ddqn_full_safetyoff,13,10,249999.0,46.633333333333326
ddqn_full_safetyoff,13,11,274999.0,45.93333333333332
ddqn_full_safetyoff,13,12,299999.0,45.23333333333333
ddqn_full_safetyoff,14,1,24999.0,48.46666666666666
ddqn_full_safetyoff,14,2,49999.0,47.36666666666666
ddqn_full_safetyoff,14,3,74999.0,47.53333333333333
ddqn_full_safetyoff,14,4,99999.0,49.53333333333333
ddqn_full_safetyoff,14,5,124999.0,46.76666666666666
ddqn_full_safetyoff,14,6,149999.0,46.96666666666666
ddqn_full_safetyoff,14,7,174999.0,46.633333333333326
ddqn_full_safetyoff,14,8,199999.0,47.633333333333326
ddqn_full_safetyoff,14,9,224999.0,39.46666666666666
ddqn_full_safetyoff,14,10,249999.0,37.49999999999999
ddqn_full_safetyoff,14,11,274999.0,40.766666666666666
ddqn_full_safetyoff,14,12,299999.0,36.66666666666666
ddqn_full_safetyoff,15,1,24999.0,47.66666666666666
ddqn_full_safetyoff,15,2,49999.0,48.43333333333333
ddqn_full_safetyoff,15,3,74999.0,48.56666666666666
ddqn_full_safetyoff,15,4,99999.0,48.16666666666666
ddqn_full_safetyoff,15,5,124999.0,47.8
ddqn_full_safetyoff,15,6,149999.0,46.833333333333336
ddqn_full_safetyoff,15,7,174999.0,46.06666666666666
ddqn_full_safetyoff,15,8,199999.0,47.53333333333333
ddqn_full_safetyoff,15,9,224999.0,50.29999999999999
ddqn_full_safetyoff,15,10,249999.0,48.633333333333326
ddqn_full_safetyoff,15,11,274999.0,50.5
ddqn_full_safetyoff,15,12,299999.0,41.36666666666666
ddqn_full_safetyoff,16,1,24999.0,48.633333333333326
ddqn_full_safetyoff,16,2,49999.0,47.8
ddqn_full_safetyoff,16,3,74999.0,49.766666666666666
ddqn_full_safetyoff,16,4,99999.0,47.56666666666666
ddqn_full_safetyoff,16,5,124999.0,46.46666666666666
ddqn_full_safetyoff,16,6,149999.0,48.03333333333333
ddqn_full_safetyoff,16,7,174999.0,45.9
ddqn_full_safetyoff,16,8,199999.0,47.93333333333333
ddqn_full_safetyoff,16,9,224999.0,46.133333333333326
ddqn_full_safetyoff,16,10,249999.0,42.5
ddqn_full_safetyoff,16,11,274999.0,33.233333333333334
ddqn_full_safetyoff,16,12,299999.0,39.0
ddqn_full_safetyoff,17,1,24999.0,50.83333333333333
ddqn_full_safetyoff,17,2,49999.0,50.83333333333333
ddqn_full_safetyoff,17,3,74999.0,52.46666666666666
ddqn_full_safetyoff,17,4,99999.0,49.89999999999999
ddqn_full_safetyoff,17,5,124999.0,48.39999999999999
ddqn_full_safetyoff,17,6,149999.0,42.96666666666666
ddqn_full_safetyoff,17,7,174999.0,45.8
ddqn_full_safetyoff,17,8,199999.0,50.83333333333333
ddqn_full_safetyoff,17,9,224999.0,45.73333333333333
ddqn_full_safetyoff,17,10,249999.0,40.43333333333333
ddqn_full_safetyoff,17,11,274999.0,45.1
ddqn_full_safetyoff,17,12,299999.0,38.3
ddqn_full_safetyoff,18,1,24999.0,49.2
ddqn_full_safetyoff,18,2,49999.0,48.29999999999999
ddqn_full_safetyoff,18,3,74999.0,49.29999999999999
ddqn_full_safetyoff,18,4,99999.0,46.73333333333333
ddqn_full_safetyoff,18,5,124999.0,48.96666666666666
ddqn_full_safetyoff,18,6,149999.0,47.73333333333333
ddqn_full_safetyoff,18,7,174999.0,48.1
ddqn_full_safetyoff,18,8,199999.0,46.93333333333333
ddqn_full_safetyoff,18,9,224999.0,46.93333333333333
ddqn_full_safetyoff,18,10,249999.0,48.39999999999999
ddqn_full_safetyoff,18,11,274999.0,48.33333333333333
ddqn_full_safetyoff,18,12,299999.0,45.76666666666666
ddqn_full_safetyoff,19,1,24999.0,54.73333333333332
ddqn_full_safetyoff,19,2,49999.0,53.13333333333332
ddqn_full_safetyoff,19,3,74999.0,53.7
ddqn_full_safetyoff,19,4,99999.0,50.49999999999999
ddqn_full_safetyoff,19,5,124999.0,52.03333333333332
ddqn_full_safetyoff,19,6,149999.0,50.56666666666666
ddqn_full_safetyoff,19,7,174999.0,48.86666666666667
ddqn_full_safetyoff,19,8,199999.0,48.23333333333333
ddqn_full_safetyoff,19,9,224999.0,49.43333333333334
ddqn_full_safetyoff,19,10,249999.0,51.5
ddqn_full_safetyoff,19,11,274999.0,50.93333333333333
ddqn_full_safetyoff,19,12,299999.0,50.33333333333333
ddqn_full_safetyoff,2,1,24999.0,53.1
ddqn_full_safetyoff,2,2,49999.0,50.59999999999999
ddqn_full_safetyoff,2,3,74999.0,47.43333333333334
ddqn_full_safetyoff,2,4,99999.0,47.63333333333333
ddqn_full_safetyoff,2,5,124999.0,47.46666666666666
ddqn_full_safetyoff,2,6,149999.0,49.03333333333333
ddqn_full_safetyoff,2,7,174999.0,49.43333333333332
ddqn_full_safetyoff,2,8,199999.0,52.86666666666665
ddqn_full_safetyoff,2,9,224999.0,47.266666666666666
ddqn_full_safetyoff,2,10,249999.0,51.13333333333333
ddqn_full_safetyoff,2,11,274999.0,48.86666666666667
ddqn_full_safetyoff,2,12,299999.0,48.399999999999984
ddqn_full_safetyoff,3,1,24999.0,51.03333333333333
ddqn_full_safetyoff,3,2,49999.0,50.13333333333333
ddqn_full_safetyoff,3,3,74999.0,45.83333333333333
ddqn_full_safetyoff,3,4,99999.0,48.39999999999999
ddqn_full_safetyoff,3,5,124999.0,35.4
ddqn_full_safetyoff,3,6,149999.0,37.93333333333333
ddqn_full_safetyoff,3,7,174999.0,32.6
ddqn_full_safetyoff,3,8,199999.0,38.23333333333333
ddqn_full_safetyoff,3,9,224999.0,40.63333333333333
ddqn_full_safetyoff,3,10,249999.0,36.9
ddqn_full_safetyoff,3,11,274999.0,43.89999999999999
ddqn_full_safetyoff,3,12,299999.0,37.1
ddqn_full_safetyoff,4,1,24999.0,53.56666666666665
ddqn_full_safetyoff,4,2,49999.0,54.766666666666666
ddqn_full_safetyoff,4,3,74999.0,52.8
ddqn_full_safetyoff,4,4,99999.0,53.56666666666665
ddqn_full_safetyoff,4,5,124999.0,53.39999999999999
ddqn_full_safetyoff,4,6,149999.0,48.13333333333333
ddqn_full_safetyoff,4,7,174999.0,51.26666666666666
ddqn_full_safetyoff,4,8,199999.0,46.86666666666666
ddqn_full_safetyoff,4,9,224999.0,48.633333333333326
ddqn_full_safetyoff,4,10,249999.0,51.6
ddqn_full_safetyoff,4,11,274999.0,50.2
ddqn_full_safetyoff,4,12,299999.0,53.06666666666665
ddqn_full_safetyoff,5,1,24999.0,50.9
ddqn_full_safetyoff,5,2,49999.0,50.4
ddqn_full_safetyoff,5,3,74999.0,50.23333333333333
ddqn_full_safetyoff,5,4,99999.0,50.33333333333333
ddqn_full_safetyoff,5,5,124999.0,48.0
ddqn_full_safetyoff,5,6,149999.0,47.83333333333333
ddqn_full_safetyoff,5,7,174999.0,46.16666666666666
ddqn_full_safetyoff,5,8,199999.0,45.1
ddqn_full_safetyoff,5,9,224999.0,45.56666666666666
ddqn_full_safetyoff,5,10,249999.0,45.3
ddqn_full_safetyoff,5,11,274999.0,42.96666666666666
ddqn_full_safetyoff,5,12,299999.0,39.56666666666666
ddqn_full_safetyoff,6,1,24999.0,50.53333333333333
ddqn_full_safetyoff,6,2,49999.0,49.96666666666666
ddqn_full_safetyoff,6,3,74999.0,44.133333333333326
ddqn_full_safetyoff,6,4,99999.0,45.73333333333333
ddqn_full_safetyoff,6,5,124999.0,46.53333333333333
ddqn_full_safetyoff,6,6,149999.0,47.93333333333333
ddqn_full_safetyoff,6,7,174999.0,36.06666666666666
ddqn_full_safetyoff,6,8,199999.0,39.63333333333333
ddqn_full_safetyoff,6,9,224999.0,41.66666666666666
ddqn_full_safetyoff,6,10,249999.0,47.93333333333333
ddqn_full_safetyoff,6,11,274999.0,47.19999999999999
ddqn_full_safetyoff,6,12,299999.0,39.33333333333333
ddqn_full_safetyoff,7,1,24999.0,54.33333333333332
ddqn_full_safetyoff,7,2,49999.0,52.26666666666666
ddqn_full_safetyoff,7,3,74999.0,50.03333333333333
ddqn_full_safetyoff,7,4,99999.0,44.63333333333333
ddqn_full_safetyoff,7,5,124999.0,46.400000000000006
ddqn_full_safetyoff,7,6,149999.0,39.23333333333333
ddqn_full_safetyoff,7,7,174999.0,48.16666666666666
ddqn_full_safetyoff,7,8,199999.0,40.73333333333333
ddqn_full_safetyoff,7,9,224999.0,43.93333333333333
ddqn_full_safetyoff,7,10,249999.0,45.23333333333333
ddqn_full_safetyoff,7,11,274999.0,43.33333333333333
ddqn_full_safetyoff,7,12,299999.0,46.0
ddqn_full_safetyoff,8,1,24999.0,55.1
ddqn_full_safetyoff,8,2,49999.0,54.96666666666666
ddqn_full_safetyoff,8,3,74999.0,55.03333333333333
ddqn_full_safetyoff,8,4,99999.0,53.833333333333336
ddqn_full_safetyoff,8,5,124999.0,52.36666666666666
ddqn_full_safetyoff,8,6,149999.0,47.86666666666666
ddqn_full_safetyoff,8,7,174999.0,45.06666666666666
ddqn_full_safetyoff,8,8,199999.0,43.16666666666666
ddqn_full_safetyoff,8,9,224999.0,50.53333333333333
ddqn_full_safetyoff,8,10,249999.0,48.133333333333326
ddqn_full_safetyoff,8,11,274999.0,49.3
ddqn_full_safetyoff,8,12,299999.0,49.03333333333333
ddqn_full_safetyoff,9,1,24999.0,49.83333333333332
ddqn_full_safetyoff,9,2,49999.0,48.9
ddqn_full_safetyoff,9,3,74999.0,49.6
ddqn_full_safetyoff,9,4,99999.0,50.73333333333333
ddqn_full_safetyoff,9,5,124999.0,47.73333333333333
ddqn_full_safetyoff,9,6,149999.0,47.19999999999999
ddqn_full_safetyoff,9,7,174999.0,50.46666666666666
ddqn_full_safetyoff,9,8,199999.0,46.93333333333333
ddqn_full_safetyoff,9,9,224999.0,45.53333333333333
ddqn_full_safetyoff,9,10,249999.0,46.5
ddqn_full_safetyoff,9,11,274999.0,46.633333333333326
ddqn_full_safetyoff,9,12,299999.0,46.4
ddqn_full_safetyon,0,1,24999.0,47.46666666666666
ddqn_full_safetyon,0,2,49999.0,48.03333333333333
ddqn_full_safetyon,0,3,74999.0,49.89999999999999
ddqn_full_safetyon,0,4,99999.0,41.49999999999999
ddqn_full_safetyon,0,5,124999.0,34.56666666666666
ddqn_full_safetyon,0,6,149999.0,39.7
ddqn_full_safetyon,0,7,174999.0,34.300000000000004
ddqn_full_safetyon,0,8,199999.0,34.9
ddqn_full_safetyon,0,9,224999.0,40.36666666666666
ddqn_full_safetyon,0,10,249999.0,37.3
ddqn_full_safetyon,0,11,274999.0,35.93333333333333
ddqn_full_safetyon,0,12,299999.0,41.06666666666666
ddqn_full_safetyon,1,1,24999.0,37.63333333333333
ddqn_full_safetyon,1,2,49999.0,42.5
ddqn_full_safetyon,1,3,74999.0,39.73333333333333
ddqn_full_safetyon,1,4,99999.0,46.7
ddqn_full_safetyon,1,5,124999.0,36.8
ddqn_full_safetyon,1,6,149999.0,32.06666666666667
ddqn_full_safetyon,1,7,174999.0,43.23333333333332
ddqn_full_safetyon,1,8,199999.0,39.6
ddqn_full_safetyon,1,9,224999.0,35.56666666666666
ddqn_full_safetyon,1,10,249999.0,44.43333333333333
ddqn_full_safetyon,1,11,274999.0,40.89999999999999
ddqn_full_safetyon,1,12,299999.0,35.7
ddqn_full_safetyon,10,1,24999.0,40.6
ddqn_full_safetyon,10,2,49999.0,41.266666666666666
ddqn_full_safetyon,10,3,74999.0,42.7
ddqn_full_safetyon,10,4,99999.0,41.16666666666666
ddqn_full_safetyon,10,5,124999.0,31.9
ddqn_full_safetyon,10,6,149999.0,37.0
ddqn_full_safetyon,10,7,174999.0,37.7
ddqn_full_safetyon,10,8,199999.0,34.03333333333333
ddqn_full_safetyon,10,9,224999.0,42.86666666666667
ddqn_full_safetyon,10,10,249999.0,40.400000000000006
ddqn_full_safetyon,10,11,274999.0,43.53333333333333
ddqn_full_safetyon,10,12,299999.0,47.36666666666666
ddqn_full_safetyon,11,1,24999.0,42.766666666666666
ddqn_full_safetyon,11,2,49999.0,38.83333333333333
ddqn_full_safetyon,11,3,74999.0,41.13333333333333
ddqn_full_safetyon,11,4,99999.0,34.166666666666664
ddqn_full_safetyon,11,5,124999.0,39.33333333333333
ddqn_full_safetyon,11,6,149999.0,40.93333333333333
ddqn_full_safetyon,11,7,174999.0,45.86666666666666
ddqn_full_safetyon,11,8,199999.0,43.133333333333326
ddqn_full_safetyon,11,9,224999.0,42.86666666666667
ddqn_full_safetyon,11,10,249999.0,41.96666666666666
ddqn_full_safetyon,11,11,274999.0,33.53333333333334
ddqn_full_safetyon,11,12,299999.0,38.3
ddqn_full_safetyon,12,1,24999.0,46.899999999999984
ddqn_full_safetyon,12,2,49999.0,46.96666666666666
ddqn_full_safetyon,12,3,74999.0,46.99999999999999
ddqn_full_safetyon,12,4,99999.0,42.23333333333333
ddqn_full_safetyon,12,5,124999.0,42.06666666666666
ddqn_full_safetyon,12,6,149999.0,46.46666666666666
ddqn_full_safetyon,12,7,174999.0,44.46666666666667
ddqn_full_safetyon,12,8,199999.0,48.49999999999999
ddqn_full_safetyon,12,9,224999.0,46.26666666666666
ddqn_full_safetyon,12,10,249999.0,47.53333333333333
ddqn_full_safetyon,12,11,274999.0,49.59999999999999
ddqn_full_safetyon,12,12,299999.0,43.53333333333333
ddqn_full_safetyon,13,1,24999.0,42.03333333333333
ddqn_full_safetyon,13,2,49999.0,35.29999999999999
ddqn_full_safetyon,13,3,74999.0,36.96666666666666
ddqn_full_safetyon,13,4,99999.0,36.5
ddqn_full_safetyon,13,5,124999.0,41.03333333333333
ddqn_full_safetyon,13,6,149999.0,30.466666666666665
ddqn_full_safetyon,13,7,174999.0,31.599999999999994
ddqn_full_safetyon,13,8,199999.0,44.1
ddqn_full_safetyon,13,9,224999.0,31.066666666666663
ddqn_full_safetyon,13,10,249999.0,42.266666666666666
ddqn_full_safetyon,13,11,274999.0,35.7
ddqn_full_safetyon,13,12,299999.0,43.66666666666666
ddqn_full_safetyon,14,1,24999.0,36.9
ddqn_full_safetyon,14,2,49999.0,35.06666666666666
ddqn_full_safetyon,14,3,74999.0,40.833333333333336
ddqn_full_safetyon,14,4,99999.0,42.93333333333332
ddqn_full_safetyon,14,5,124999.0,34.53333333333333
ddqn_full_safetyon,14,6,149999.0,41.6
ddqn_full_safetyon,14,7,174999.0,39.53333333333333
ddqn_full_safetyon,14,8,199999.0,40.96666666666666
ddqn_full_safetyon,14,9,224999.0,42.8
ddqn_full_safetyon,14,10,249999.0,44.53333333333333
ddqn_full_safetyon,14,11,274999.0,41.96666666666666
ddqn_full_safetyon,14,12,299999.0,38.73333333333333
ddqn_full_safetyon,15,1,24999.0,41.96666666666666
ddqn_full_safetyon,15,2,49999.0,46.13333333333333
ddqn_full_safetyon,15,3,74999.0,43.96666666666667
ddqn_full_safetyon,15,4,99999.0,38.0
ddqn_full_safetyon,15,5,124999.0,40.06666666666666
ddqn_full_safetyon,15,6,149999.0,36.03333333333333
ddqn_full_safetyon,15,7,174999.0,37.16666666666666
ddqn_full_safetyon,15,8,199999.0,42.23333333333333
ddqn_full_safetyon,15,9,224999.0,36.2
ddqn_full_safetyon,15,10,249999.0,39.8
ddqn_full_safetyon,15,11,274999.0,35.46666666666666
ddqn_full_safetyon,15,12,299999.0,35.63333333333333
ddqn_full_safetyon,16,1,24999.0,36.1
ddqn_full_safetyon,16,2,49999.0,31.3
ddqn_full_safetyon,16,3,74999.0,43.06666666666666
ddqn_full_safetyon,16,4,99999.0,32.93333333333333
ddqn_full_safetyon,16,5,124999.0,34.666666666666664
ddqn_full_safetyon,16,6,149999.0,37.7
ddqn_full_safetyon,16,7,174999.0,39.83333333333333
ddqn_full_safetyon,16,8,199999.0,33.43333333333332
ddqn_full_safetyon,16,9,224999.0,39.66666666666666
ddqn_full_safetyon,16,10,249999.0,31.666666666666664
ddqn_full_safetyon,16,11,274999.0,33.333333333333336
ddqn_full_safetyon,16,12,299999.0,30.766666666666666
ddqn_full_safetyon,17,1,24999.0,46.76666666666666
ddqn_full_safetyon,17,2,49999.0,42.266666666666666
ddqn_full_safetyon,17,3,74999.0,44.9
ddqn_full_safetyon,17,4,99999.0,42.06666666666666
ddqn_full_safetyon,17,5,124999.0,34.1
ddqn_full_safetyon,17,6,149999.0,42.2
ddqn_full_safetyon,17,7,174999.0,48.7
ddqn_full_safetyon,17,8,199999.0,43.03333333333333
ddqn_full_safetyon,17,9,224999.0,41.79999999999999
ddqn_full_safetyon,17,10,249999.0,42.73333333333332
ddqn_full_safetyon,17,11,274999.0,46.99999999999999
ddqn_full_safetyon,17,12,299999.0,34.23333333333333
ddqn_full_safetyon,18,1,24999.0,38.3
ddqn_full_safetyon,18,2,49999.0,36.6
ddqn_full_safetyon,18,3,74999.0,36.96666666666666
ddqn_full_safetyon,18,4,99999.0,34.733333333333334
ddqn_full_safetyon,18,5,124999.0,36.766666666666666
ddqn_full_safetyon,18,6,149999.0,38.6
ddqn_full_safetyon,18,7,174999.0,28.7
ddqn_full_safetyon,18,8,199999.0,41.49999999999999
ddqn_full_safetyon,18,9,224999.0,35.666666666666664
ddqn_full_safetyon,18,10,249999.0,35.53333333333333
ddqn_full_safetyon,18,11,274999.0,33.06666666666666
ddqn_full_safetyon,18,12,299999.0,44.23333333333333
ddqn_full_safetyon,19,1,24999.0,50.8
ddqn_full_safetyon,19,2,49999.0,48.7
ddqn_full_safetyon,19,3,74999.0,47.833333333333336
ddqn_full_safetyon,19,4,99999.0,48.56666666666666
ddqn_full_safetyon,19,5,124999.0,46.23333333333333
ddqn_full_safetyon,19,6,149999.0,42.53333333333333
ddqn_full_safetyon,19,7,174999.0,49.23333333333332
ddqn_full_safetyon,19,8,199999.0,48.79999999999999
ddqn_full_safetyon,19,9,224999.0,46.03333333333334
ddqn_full_safetyon,19,10,249999.0,42.6
ddqn_full_safetyon,19,11,274999.0,47.766666666666666
ddqn_full_safetyon,19,12,299999.0,47.19999999999999
ddqn_full_safetyon,2,1,24999.0,47.23333333333333
ddqn_full_safetyon,2,2,49999.0,45.4
ddqn_full_safetyon,2,3,74999.0,42.66666666666666
ddqn_full_safetyon,2,4,99999.0,44.2
ddqn_full_safetyon,2,5,124999.0,45.93333333333332
ddqn_full_safetyon,2,6,149999.0,43.6
ddqn_full_safetyon,2,7,174999.0,36.766666666666666
ddqn_full_safetyon,2,8,199999.0,39.86666666666666
ddqn_full_safetyon,2,9,224999.0,42.46666666666666
ddqn_full_safetyon,2,10,249999.0,38.66666666666666
ddqn_full_safetyon,2,11,274999.0,34.53333333333333
ddqn_full_safetyon,2,12,299999.0,43.56666666666666
ddqn_full_safetyon,3,1,24999.0,39.13333333333333
ddqn_full_safetyon,3,2,49999.0,37.23333333333333
ddqn_full_safetyon,3,3,74999.0,40.73333333333333
ddqn_full_safetyon,3,4,99999.0,38.53333333333333
ddqn_full_safetyon,3,5,124999.0,37.266666666666666
ddqn_full_safetyon,3,6,149999.0,38.56666666666666
ddqn_full_safetyon,3,7,174999.0,30.86666666666667
ddqn_full_safetyon,3,8,199999.0,34.39999999999999
ddqn_full_safetyon,3,9,224999.0,47.43333333333333
ddqn_full_safetyon,3,10,249999.0,47.33333333333333
ddqn_full_safetyon,3,11,274999.0,40.0
ddqn_full_safetyon,3,12,299999.0,44.16666666666666
ddqn_full_safetyon,4,1,24999.0,50.5
ddqn_full_safetyon,4,2,49999.0,47.46666666666666
ddqn_full_safetyon,4,3,74999.0,39.2
ddqn_full_safetyon,4,4,99999.0,51.06666666666666
ddqn_full_safetyon,4,5,124999.0,49.266666666666666
ddqn_full_safetyon,4,6,149999.0,46.79999999999999
ddqn_full_safetyon,4,7,174999.0,48.33333333333333
ddqn_full_safetyon,4,8,199999.0,47.36666666666666
ddqn_full_safetyon,4,9,224999.0,47.53333333333333
ddqn_full_safetyon,4,10,249999.0,47.83333333333333
ddqn_full_safetyon,4,11,274999.0,45.46666666666666
ddqn_full_safetyon,4,12,299999.0,45.96666666666666
ddqn_full_safetyon,5,1,24999.0,32.56666666666666
ddqn_full_safetyon,5,2,49999.0,32.1
ddqn_full_safetyon,5,3,74999.0,41.1
ddqn_full_safetyon,5,4,99999.0,32.4
ddqn_full_safetyon,5,5,124999.0,32.06666666666666
ddqn_full_safetyon,5,6,149999.0,32.5
ddqn_full_safetyon,5,7,174999.0,31.03333333333333
ddqn_full_safetyon,5,8,199999.0,35.266666666666666
ddqn_full_safetyon,5,9,224999.0,30.9
ddqn_full_safetyon,5,10,249999.0,32.13333333333333
ddqn_full_safetyon,5,11,274999.0,32.83333333333333
ddqn_full_safetyon,5,12,299999.0,31.966666666666672
ddqn_full_safetyon,6,1,24999.0,41.23333333333333
ddqn_full_safetyon,6,2,49999.0,41.36666666666666
ddqn_full_safetyon,6,3,74999.0,42.43333333333333
ddqn_full_safetyon,6,4,99999.0,41.3
ddqn_full_safetyon,6,5,124999.0,31.23333333333333
ddqn_full_safetyon,6,6,149999.0,35.93333333333334
ddqn_full_safetyon,6,7,174999.0,45.49999999999999
ddqn_full_safetyon,6,8,199999.0,35.06666666666666
ddqn_full_safetyon,6,9,224999.0,41.39999999999999
ddqn_full_safetyon,6,10,249999.0,40.56666666666666
ddqn_full_safetyon,6,11,274999.0,38.23333333333333
ddqn_full_safetyon,6,12,299999.0,32.7
ddqn_full_safetyon,7,1,24999.0,41.0
ddqn_full_safetyon,7,2,49999.0,42.56666666666666
ddqn_full_safetyon,7,3,74999.0,39.13333333333333
ddqn_full_safetyon,7,4,99999.0,48.86666666666667
ddqn_full_safetyon,7,5,124999.0,45.53333333333333
ddqn_full_safetyon,7,6,149999.0,39.5
ddqn_full_safetyon,7,7,174999.0,35.13333333333334
ddqn_full_safetyon,7,8,199999.0,36.7
ddqn_full_safetyon,7,9,224999.0,45.23333333333333
ddqn_full_safetyon,7,10,249999.0,40.833333333333336
ddqn_full_safetyon,7,11,274999.0,37.266666666666666
ddqn_full_safetyon,7,12,299999.0,40.46666666666666
ddqn_full_safetyon,8,1,24999.0,47.46666666666666
ddqn_full_safetyon,8,2,49999.0,38.93333333333333
ddqn_full_safetyon,8,3,74999.0,46.76666666666666
ddqn_full_safetyon,8,4,99999.0,50.6
ddqn_full_safetyon,8,5,124999.0,42.8
ddqn_full_safetyon,8,6,149999.0,52.33333333333332
ddqn_full_safetyon,8,7,174999.0,50.93333333333333
ddqn_full_safetyon,8,8,199999.0,42.93333333333333
ddqn_full_safetyon,8,9,224999.0,47.93333333333333
ddqn_full_safetyon,8,10,249999.0,43.0
ddqn_full_safetyon,8,11,274999.0,45.03333333333333
ddqn_full_safetyon,8,12,299999.0,44.0
ddqn_full_safetyon,9,1,24999.0,34.2
ddqn_full_safetyon,9,2,49999.0,32.83333333333333
ddqn_full_safetyon,9,3,74999.0,39.93333333333333
ddqn_full_safetyon,9,4,99999.0,41.1
ddqn_full_safetyon,9,5,124999.0,36.46666666666666
ddqn_full_safetyon,9,6,149999.0,40.83333333333333
ddqn_full_safetyon,9,7,174999.0,43.83333333333332
ddqn_full_safetyon,9,8,199999.0,37.66666666666666
ddqn_full_safetyon,9,9,224999.0,30.966666666666665
ddqn_full_safetyon,9,10,249999.0,40.2
ddqn_full_safetyon,9,11,274999.0,41.133333333333326
ddqn_full_safetyon,9,12,299999.0,38.86666666666667
ddqn_real_only_safetyoff,0,1,24999.0,51.13333333333333
ddqn_real_only_safetyoff,0,2,49999.0,50.63333333333333
ddqn_real_only_safetyoff,0,3,74999.0,49.93333333333333
ddqn_real_only_safetyoff,0,4,99999.0,53.8
ddqn_real_only_safetyoff,0,5,124999.0,46.4
ddqn_real_only_safetyoff,0,6,149999.0,46.16666666666666
ddqn_real_only_safetyoff,0,7,174999.0,40.6
ddqn_real_only_safetyoff,0,8,199999.0,49.59999999999999
ddqn_real_only_safetyoff,0,9,224999.0,37.06666666666666
ddqn_real_only_safetyoff,0,10,249999.0,40.46666666666666
ddqn_real_only_safetyoff,0,11,274999.0,39.83333333333333
ddqn_real_only_safetyoff,0,12,299999.0,39.33333333333333
ddqn_real_only_safetyoff,1,1,24999.0,53.03333333333333
ddqn_real_only_safetyoff,1,2,49999.0,50.83333333333333
ddqn_real_only_safetyoff,1,3,74999.0,50.66666666666666
ddqn_real_only_safetyoff,1,4,99999.0,40.3
ddqn_real_only_safetyoff,1,5,124999.0,35.93333333333333
ddqn_real_only_safetyoff,1,6,149999.0,37.86666666666667
ddqn_real_only_safetyoff,1,7,174999.0,38.4
ddqn_real_only_safetyoff,1,8,199999.0,35.333333333333336
ddqn_real_only_safetyoff,1,9,224999.0,38.63333333333333
ddqn_real_only_safetyoff,1,10,249999.0,32.4
ddqn_real_only_safetyoff,1,11,274999.0,40.6
ddqn_real_only_safetyoff,1,12,299999.0,39.2
ddqn_real_only_safetyoff,10,1,24999.0,51.73333333333333
ddqn_real_only_safetyoff,10,2,49999.0,50.43333333333333
ddqn_real_only_safetyoff,10,3,74999.0,51.09999999999999
ddqn_real_only_safetyoff,10,4,99999.0,39.7
ddqn_real_only_safetyoff,10,5,124999.0,41.333333333333336
ddqn_real_only_safetyoff,10,6,149999.0,41.89999999999999
ddqn_real_only_safetyoff,10,7,174999.0,39.53333333333333
ddqn_real_only_safetyoff,10,8,199999.0,36.23333333333333
ddqn_real_only_safetyoff,10,9,224999.0,48.86666666666667
ddqn_real_only_safetyoff,10,10,249999.0,40.13333333333333
ddqn_real_only_safetyoff,10,11,274999.0,42.16666666666666
ddqn_real_only_safetyoff,10,12,299999.0,43.46666666666666
ddqn_real_only_safetyoff,11,1,24999.0,51.23333333333333
ddqn_real_only_safetyoff,11,2,49999.0,51.46666666666666
ddqn_real_only_safetyoff,11,3,74999.0,47.16666666666666
ddqn_real_only_safetyoff,11,4,99999.0,46.6
ddqn_real_only_safetyoff,11,5,124999.0,46.93333333333333
ddqn_real_only_safetyoff,11,6,149999.0,40.766666666666666
ddqn_real_only_safetyoff,11,7,174999.0,37.63333333333333
ddqn_real_only_safetyoff,11,8,199999.0,47.56666666666666
ddqn_real_only_safetyoff,11,9,224999.0,35.333333333333336
ddqn_real_only_safetyoff,11,10,249999.0,37.7
ddqn_real_only_safetyoff,11,11,274999.0,43.6
ddqn_real_only_safetyoff,11,12,299999.0,43.6
ddqn_real_only_safetyoff,12,1,24999.0,57.1
ddqn_real_only_safetyoff,12,2,49999.0,51.33333333333333
ddqn_real_only_safetyoff,12,3,74999.0,43.5
ddqn_real_only_safetyoff,12,4,99999.0,48.0
ddqn_real_only_safetyoff,12,5,124999.0,47.53333333333333
ddqn_real_only_safetyoff,12,6,149999.0,39.93333333333333
ddqn_real_only_safetyoff,12,7,174999.0,44.16666666666666
ddqn_real_only_safetyoff,12,8,199999.0,46.73333333333333
ddqn_real_only_safetyoff,12,9,224999.0,43.06666666666666
ddqn_real_only_safetyoff,12,10,249999.0,45.3
ddqn_real_only_safetyoff,12,11,274999.0,45.43333333333332
ddqn_real_only_safetyoff,12,12,299999.0,44.2
ddqn_real_only_safetyoff,13,1,24999.0,50.86666666666666
ddqn_real_only_safetyoff,13,2,49999.0,44.5
ddqn_real_only_safetyoff,13,3,74999.0,45.76666666666666
ddqn_real_only_safetyoff,13,4,99999.0,46.96666666666666
ddqn_real_only_safetyoff,13,5,124999.0,45.43333333333333
ddqn_real_only_safetyoff,13,6,149999.0,35.63333333333333
ddqn_real_only_safetyoff,13,7,174999.0,35.86666666666666
ddqn_real_only_safetyoff,13,8,199999.0,34.0
ddqn_real_only_safetyoff,13,9,224999.0,37.83333333333332
ddqn_real_only_safetyoff,13,10,249999.0,29.3
ddqn_real_only_safetyoff,13,11,274999.0,46.03333333333333
ddqn_real_only_safetyoff,13,12,299999.0,33.63333333333333
ddqn_real_only_safetyoff,14,1,24999.0,49.49999999999999
ddqn_real_only_safetyoff,14,2,49999.0,48.93333333333332
ddqn_real_only_safetyoff,14,3,74999.0,48.69999999999999
ddqn_real_only_safetyoff,14,4,99999.0,44.53333333333333
ddqn_real_only_safetyoff,14,5,124999.0,33.26666666666666
ddqn_real_only_safetyoff,14,6,149999.0,34.43333333333333
ddqn_real_only_safetyoff,14,7,174999.0,45.46666666666666
ddqn_real_only_safetyoff,14,8,199999.0,35.666666666666664
ddqn_real_only_safetyoff,14,9,224999.0,33.2
ddqn_real_only_safetyoff,14,10,249999.0,36.5
ddqn_real_only_safetyoff,14,11,274999.0,39.03333333333333
ddqn_real_only_safetyoff,14,12,299999.0,32.93333333333333
ddqn_real_only_safetyoff,15,1,24999.0,49.8
ddqn_real_only_safetyoff,15,2,49999.0,49.96666666666666
ddqn_real_only_safetyoff,15,3,74999.0,50.93333333333333
ddqn_real_only_safetyoff,15,4,99999.0,46.5
ddqn_real_only_safetyoff,15,5,124999.0,48.46666666666666
ddqn_real_only_safetyoff,15,6,149999.0,46.4
ddqn_real_only_safetyoff,15,7,174999.0,48.96666666666667
ddqn_real_only_safetyoff,15,8,199999.0,48.5
ddqn_real_only_safetyoff,15,9,224999.0,46.96666666666666
ddqn_real_only_safetyoff,15,10,249999.0,47.43333333333333
ddqn_real_only_safetyoff,15,11,274999.0,46.63333333333333
ddqn_real_only_safetyoff,15,12,299999.0,44.96666666666666
ddqn_real_only_safetyoff,16,1,24999.0,50.0
ddqn_real_only_safetyoff,16,2,49999.0,49.0
ddqn_real_only_safetyoff,16,3,74999.0,50.16666666666666
ddqn_real_only_safetyoff,16,4,99999.0,45.66666666666666
ddqn_real_only_safetyoff,16,5,124999.0,36.333333333333336
ddqn_real_only_safetyoff,16,6,149999.0,34.96666666666666
ddqn_real_only_safetyoff,16,7,174999.0,41.93333333333333
ddqn_real_only_safetyoff,16,8,199999.0,46.96666666666667
ddqn_real_only_safetyoff,16,9,224999.0,38.633333333333326
ddqn_real_only_safetyoff,16,10,249999.0,34.2
ddqn_real_only_safetyoff,16,11,274999.0,44.9
ddqn_real_only_safetyoff,16,12,299999.0,30.1
ddqn_real_only_safetyoff,17,1,24999.0,51.26666666666666
ddqn_real_only_safetyoff,17,2,49999.0,52.29999999999999
ddqn_real_only_safetyoff,17,3,74999.0,44.23333333333333
ddqn_real_only_safetyoff,17,4,99999.0,34.9
ddqn_real_only_safetyoff,17,5,124999.0,45.7
ddqn_real_only_safetyoff,17,6,149999.0,47.29999999999998
ddqn_real_only_safetyoff,17,7,174999.0,35.133333333333326
ddqn_real_only_safetyoff,17,8,199999.0,33.63333333333333
ddqn_real_only_safetyoff,17,9,224999.0,49.29999999999999
ddqn_real_only_safetyoff,17,10,249999.0,49.26666666666666
ddqn_real_only_safetyoff,17,11,274999.0,36.46666666666666
ddqn_real_only_safetyoff,17,12,299999.0,34.83333333333333
ddqn_real_only_safetyoff,18,1,24999.0,47.899999999999984
ddqn_real_only_safetyoff,18,2,49999.0,47.133333333333326
ddqn_real_only_safetyoff,18,3,74999.0,41.133333333333326
ddqn_real_only_safetyoff,18,4,99999.0,37.06666666666666
ddqn_real_only_safetyoff,18,5,124999.0,32.53333333333334
ddqn_real_only_safetyoff,18,6,149999.0,41.43333333333333
ddqn_real_only_safetyoff,18,7,174999.0,36.06666666666666
ddqn_real_only_safetyoff,18,8,199999.0,39.13333333333333
ddqn_real_only_safetyoff,18,9,224999.0,38.23333333333333
ddqn_real_only_safetyoff,18,10,249999.0,42.333333333333336
ddqn_real_only_safetyoff,18,11,274999.0,34.300000000000004
ddqn_real_only_safetyoff,18,12,299999.0,35.46666666666666
ddqn_real_only_safetyoff,19,1,24999.0,54.89999999999999
ddqn_real_only_safetyoff,19,2,49999.0,56.10000000000001
ddqn_real_only_safetyoff,19,3,74999.0,60.333333333333336
ddqn_real_only_safetyoff,19,4,99999.0,48.06666666666666
ddqn_real_only_safetyoff,19,5,124999.0,51.83333333333333
ddqn_real_only_safetyoff,19,6,149999.0,45.86666666666667
ddqn_real_only_safetyoff,19,7,174999.0,45.7
ddqn_real_only_safetyoff,19,8,199999.0,45.03333333333334
ddqn_real_only_safetyoff,19,9,224999.0,42.53333333333333
ddqn_real_only_safetyoff,19,10,249999.0,40.03333333333334
ddqn_real_only_safetyoff,19,11,274999.0,36.23333333333334
ddqn_real_only_safetyoff,19,12,299999.0,44.53333333333333
ddqn_real_only_safetyoff,2,1,24999.0,53.76666666666667
ddqn_real_only_safetyoff,2,2,49999.0,53.16666666666666
ddqn_real_only_safetyoff,2,3,74999.0,51.63333333333333
ddqn_real_only_safetyoff,2,4,99999.0,47.29999999999999
ddqn_real_only_safetyoff,2,5,124999.0,51.49999999999999
ddqn_real_only_safetyoff,2,6,149999.0,46.53333333333333
ddqn_real_only_safetyoff,2,7,174999.0,46.06666666666666
ddqn_real_only_safetyoff,2,8,199999.0,47.56666666666666
ddqn_real_only_safetyoff,2,9,224999.0,35.7
ddqn_real_only_safetyoff,2,10,249999.0,50.3
ddqn_real_only_safetyoff,2,11,274999.0,48.633333333333326
ddqn_real_only_safetyoff,2,12,299999.0,41.833333333333336
ddqn_real_only_safetyoff,3,1,24999.0,50.36666666666666
ddqn_real_only_safetyoff,3,2,49999.0,49.133333333333326
ddqn_real_only_safetyoff,3,3,74999.0,47.133333333333326
ddqn_real_only_safetyoff,3,4,99999.0,41.4
ddqn_real_only_safetyoff,3,5,124999.0,39.8
ddqn_real_only_safetyoff,3,6,149999.0,41.73333333333333
ddqn_real_only_safetyoff,3,7,174999.0,40.96666666666666
ddqn_real_only_safetyoff,3,8,199999.0,31.066666666666663
ddqn_real_only_safetyoff,3,9,224999.0,41.833333333333336
ddqn_real_only_safetyoff,3,10,249999.0,41.833333333333336
ddqn_real_only_safetyoff,3,11,274999.0,31.766666666666666
ddqn_real_only_safetyoff,3,12,299999.0,45.93333333333332
ddqn_real_only_safetyoff,4,1,24999.0,55.3
ddqn_real_only_safetyoff,4,2,49999.0,53.63333333333332
ddqn_real_only_safetyoff,4,3,74999.0,53.16666666666666
ddqn_real_only_safetyoff,4,4,99999.0,50.79999999999999
ddqn_real_only_safetyoff,4,5,124999.0,48.89999999999999
ddqn_real_only_safetyoff,4,6,149999.0,47.86666666666666
ddqn_real_only_safetyoff,4,7,174999.0,49.33333333333332
ddqn_real_only_safetyoff,4,8,199999.0,47.49999999999999
ddqn_real_only_safetyoff,4,9,224999.0,49.03333333333333
ddqn_real_only_safetyoff,4,10,249999.0,48.36666666666666
ddqn_real_only_safetyoff,4,11,274999.0,46.83333333333333
ddqn_real_only_safetyoff,4,12,299999.0,51.73333333333333
ddqn_real_only_safetyoff,5,1,24999.0,50.36666666666666
ddqn_real_only_safetyoff,5,2,49999.0,49.73333333333333
ddqn_real_only_safetyoff,5,3,74999.0,48.23333333333333
ddqn_real_only_safetyoff,5,4,99999.0,48.766666666666666
ddqn_real_only_safetyoff,5,5,124999.0,48.16666666666666
ddqn_real_only_safetyoff,5,6,149999.0,51.63333333333333
ddqn_real_only_safetyoff,5,7,174999.0,48.1
ddqn_real_only_safetyoff,5,8,199999.0,48.0
ddqn_real_only_safetyoff,5,9,224999.0,46.99999999999999
ddqn_real_only_safetyoff,5,10,249999.0,46.56666666666666
ddqn_real_only_safetyoff,5,11,274999.0,50.19999999999999
ddqn_real_only_safetyoff,5,12,299999.0,46.83333333333333
ddqn_real_only_safetyoff,6,1,24999.0,51.9
ddqn_real_only_safetyoff,6,2,49999.0,51.13333333333333
ddqn_real_only_safetyoff,6,3,74999.0,50.56666666666667
ddqn_real_only_safetyoff,6,4,99999.0,50.89999999999999
ddqn_real_only_safetyoff,6,5,124999.0,48.633333333333326
ddqn_real_only_safetyoff,6,6,149999.0,46.76666666666666
ddqn_real_only_safetyoff,6,7,174999.0,35.7
ddqn_real_only_safetyoff,6,8,199999.0,33.86666666666666
ddqn_real_only_safetyoff,6,9,224999.0,37.3
ddqn_real_only_safetyoff,6,10,249999.0,34.06666666666666
ddqn_real_only_safetyoff,6,11,274999.0,31.666666666666664
ddqn_real_only_safetyoff,6,12,299999.0,38.16666666666666
ddqn_real_only_safetyoff,7,1,24999.0,54.26666666666665
ddqn_real_only_safetyoff,7,2,49999.0,52.69999999999999
ddqn_real_only_safetyoff,7,3,74999.0,50.83333333333333
ddqn_real_only_safetyoff,7,4,99999.0,58.7
ddqn_real_only_safetyoff,7,5,124999.0,47.36666666666666
ddqn_real_only_safetyoff,7,6,149999.0,43.1
ddqn_real_only_safetyoff,7,7,174999.0,46.16666666666666
ddqn_real_only_safetyoff,7,8,199999.0,44.13333333333333
ddqn_real_only_safetyoff,7,9,224999.0,41.53333333333334
ddqn_real_only_safetyoff,7,10,249999.0,43.96666666666667
ddqn_real_only_safetyoff,7,11,274999.0,46.8
ddqn_real_only_safetyoff,7,12,299999.0,40.6
ddqn_real_only_safetyoff,8,1,24999.0,53.96666666666666
ddqn_real_only_safetyoff,8,2,49999.0,54.93333333333332
ddqn_real_only_safetyoff,8,3,74999.0,53.1
ddqn_real_only_safetyoff,8,4,99999.0,55.03333333333333
ddqn_real_only_safetyoff,8,5,124999.0,52.33333333333332
ddqn_real_only_safetyoff,8,6,149999.0,39.53333333333333
ddqn_real_only_safetyoff,8,7,174999.0,51.6
ddqn_real_only_safetyoff,8,8,199999.0,48.266666666666666
ddqn_real_only_safetyoff,8,9,224999.0,52.43333333333332
ddqn_real_only_safetyoff,8,10,249999.0,39.63333333333333
ddqn_real_only_safetyoff,8,11,274999.0,36.6
ddqn_real_only_safetyoff,8,12,299999.0,42.46666666666666
ddqn_real_only_safetyoff,9,1,24999.0,48.633333333333326
ddqn_real_only_safetyoff,9,2,49999.0,48.99999999999999
ddqn_real_only_safetyoff,9,3,74999.0,47.49999999999999
ddqn_real_only_safetyoff,9,4,99999.0,47.23333333333333
ddqn_real_only_safetyoff,9,5,124999.0,45.3
ddqn_real_only_safetyoff,9,6,149999.0,46.46666666666666
ddqn_real_only_safetyoff,9,7,174999.0,48.23333333333333
ddqn_real_only_safetyoff,9,8,199999.0,44.83333333333333
ddqn_real_only_safetyoff,9,9,224999.0,44.6
ddqn_real_only_safetyoff,9,10,249999.0,45.33333333333333
ddqn_real_only_safetyoff,9,11,274999.0,44.69999999999999
ddqn_real_only_safetyoff,9,12,299999.0,44.96666666666666
ddqn_real_only_safetyon,0,1,24999.0,41.29999999999999
ddqn_real_only_safetyon,0,2,49999.0,47.266666666666666
ddqn_real_only_safetyon,0,3,74999.0,46.3
ddqn_real_only_safetyon,0,4,99999.0,46.79999999999999
ddqn_real_only_safetyon,0,5,124999.0,42.33333333333333
ddqn_real_only_safetyon,0,6,149999.0,45.2
ddqn_real_only_safetyon,0,7,174999.0,44.56666666666666
ddqn_real_only_safetyon,0,8,199999.0,42.86666666666667
ddqn_real_only_safetyon,0,9,224999.0,38.06666666666666
ddqn_real_only_safetyon,0,10,249999.0,39.73333333333333
ddqn_real_only_safetyon,0,11,274999.0,34.96666666666666
ddqn_real_only_safetyon,0,12,299999.0,34.96666666666666
ddqn_real_only_safetyon,1,1,24999.0,35.333333333333336
ddqn_real_only_safetyon,1,2,49999.0,35.46666666666666
ddqn_real_only_safetyon,1,3,74999.0,38.0
ddqn_real_only_safetyon,1,4,99999.0,40.03333333333333
ddqn_real_only_safetyon,1,5,124999.0,42.43333333333333
ddqn_real_only_safetyon,1,6,149999.0,33.733333333333334
ddqn_real_only_safetyon,1,7,174999.0,36.766666666666666
ddqn_real_only_safetyon,1,8,199999.0,33.1
ddqn_real_only_safetyon,1,9,224999.0,36.03333333333334
ddqn_real_only_safetyon,1,10,249999.0,33.2
ddqn_real_only_safetyon,1,11,274999.0,38.83333333333333
ddqn_real_only_safetyon,1,12,299999.0,42.36666666666666
ddqn_real_only_safetyon,10,1,24999.0,32.63333333333333
ddqn_real_only_safetyon,10,2,49999.0,41.633333333333326
ddqn_real_only_safetyon,10,3,74999.0,37.3
ddqn_real_only_safetyon,10,4,99999.0,39.36666666666666
ddqn_real_only_safetyon,10,5,124999.0,33.56666666666666
ddqn_real_only_safetyon,10,6,149999.0,35.633333333333326
ddqn_real_only_safetyon,10,7,174999.0,37.23333333333333
ddqn_real_only_safetyon,10,8,199999.0,40.0
ddqn_real_only_safetyon,10,9,224999.0,44.03333333333333
ddqn_real_only_safetyon,10,10,249999.0,33.96666666666666
ddqn_real_only_safetyon,10,11,274999.0,44.86666666666666
ddqn_real_only_safetyon,10,12,299999.0,37.46666666666666
ddqn_real_only_safetyon,11,1,24999.0,42.86666666666667
ddqn_real_only_safetyon,11,2,49999.0,37.66666666666666
ddqn_real_only_safetyon,11,3,74999.0,38.5
ddqn_real_only_safetyon,11,4,99999.0,32.300000000000004
ddqn_real_only_safetyon,11,5,124999.0,36.63333333333333
ddqn_real_only_safetyon,11,6,149999.0,39.56666666666666
ddqn_real_only_safetyon,11,7,174999.0,45.86666666666666
ddqn_real_only_safetyon,11,8,199999.0,48.0
ddqn_real_only_safetyon,11,9,224999.0,42.86666666666667
ddqn_real_only_safetyon,11,10,249999.0,37.36666666666667
ddqn_real_only_safetyon,11,11,274999.0,41.7
ddqn_real_only_safetyon,11,12,299999.0,41.43333333333333
ddqn_real_only_safetyon,12,1,24999.0,42.9
ddqn_real_only_safetyon,12,2,49999.0,36.93333333333333
ddqn_real_only_safetyon,12,3,74999.0,38.0
ddqn_real_only_safetyon,12,4,99999.0,43.8
ddqn_real_only_safetyon,12,5,124999.0,36.833333333333336
ddqn_real_only_safetyon,12,6,149999.0,45.63333333333333
ddqn_real_only_safetyon,12,7,174999.0,41.7
ddqn_real_only_safetyon,12,8,199999.0,42.33333333333333
ddqn_real_only_safetyon,12,9,224999.0,44.49999999999999
ddqn_real_only_safetyon,12,10,249999.0,43.16666666666666
ddqn_real_only_safetyon,12,11,274999.0,49.03333333333333
ddqn_real_only_safetyon,12,12,299999.0,41.36666666666666
ddqn_real_only_safetyon,13,1,24999.0,35.766666666666666
ddqn_real_only_safetyon,13,2,49999.0,33.300000000000004
ddqn_real_only_safetyon,13,3,74999.0,34.96666666666666
ddqn_real_only_safetyon,13,4,99999.0,41.39999999999999
ddqn_real_only_safetyon,13,5,124999.0,34.26666666666666
ddqn_real_only_safetyon,13,6,149999.0,39.7
ddqn_real_only_safetyon,13,7,174999.0,47.13333333333333
ddqn_real_only_safetyon,13,8,199999.0,39.56666666666666
ddqn_real_only_safetyon,13,9,224999.0,34.53333333333333
ddqn_real_only_safetyon,13,10,249999.0,43.03333333333333
ddqn_real_only_safetyon,13,11,274999.0,43.89999999999999
ddqn_real_only_safetyon,13,12,299999.0,41.2
ddqn_real_only_safetyon,14,1,24999.0,32.03333333333334
ddqn_real_only_safetyon,14,2,49999.0,38.633333333333326
ddqn_real_only_safetyon,14,3,74999.0,40.13333333333333
ddqn_real_only_safetyon,14,4,99999.0,47.766666666666666
ddqn_real_only_safetyon,14,5,124999.0,32.96666666666666
ddqn_real_only_safetyon,14,6,149999.0,39.2
ddqn_real_only_safetyon,14,7,174999.0,32.9
ddqn_real_only_safetyon,14,8,199999.0,34.46666666666666
ddqn_real_only_safetyon,14,9,224999.0,36.6
ddqn_real_only_safetyon,14,10,249999.0,42.266666666666666
ddqn_real_only_safetyon,14,11,274999.0,32.733333333333334
ddqn_real_only_safetyon,14,12,299999.0,29.933333333333334
ddqn_real_only_safetyon,15,1,24999.0,36.46666666666667
ddqn_real_only_safetyon,15,2,49999.0,35.7
ddqn_real_only_safetyon,15,3,74999.0,39.66666666666666
ddqn_real_only_safetyon,15,4,99999.0,42.36666666666666
ddqn_real_only_safetyon,15,5,124999.0,45.03333333333333
ddqn_real_only_safetyon,15,6,149999.0,44.46666666666667
ddqn_real_only_safetyon,15,7,174999.0,35.96666666666666
ddqn_real_only_safetyon,15,8,199999.0,33.83333333333333
ddqn_real_only_safetyon,15,9,224999.0,39.06666666666666
ddqn_real_only_safetyon,15,10,249999.0,46.93333333333333
ddqn_real_only_safetyon,15,11,274999.0,50.33333333333333
ddqn_real_only_safetyon,15,12,299999.0,36.56666666666666
ddqn_real_only_safetyon,16,1,24999.0,31.033333333333328
ddqn_real_only_safetyon,16,2,49999.0,31.466666666666665
ddqn_real_only_safetyon,16,3,74999.0,37.63333333333333
ddqn_real_only_safetyon,16,4,99999.0,39.6
ddqn_real_only_safetyon,16,5,124999.0,43.3
ddqn_real_only_safetyon,16,6,149999.0,34.73333333333334
ddqn_real_only_safetyon,16,7,174999.0,30.633333333333333
ddqn_real_only_safetyon,16,8,199999.0,36.66666666666667
ddqn_real_only_safetyon,16,9,224999.0,30.866666666666664
ddqn_real_only_safetyon,16,10,249999.0,28.1
ddqn_real_only_safetyon,16,11,274999.0,34.333333333333336
ddqn_real_only_safetyon,16,12,299999.0,39.43333333333333
ddqn_real_only_safetyon,17,1,24999.0,40.66666666666666
ddqn_real_only_safetyon,17,2,49999.0,39.633333333333326
ddqn_real_only_safetyon,17,3,74999.0,44.46666666666667
ddqn_real_only_safetyon,17,4,99999.0,43.266666666666666
ddqn_real_only_safetyon,17,5,124999.0,42.633333333333326
ddqn_real_only_safetyon,17,6,149999.0,34.56666666666666
ddqn_real_only_safetyon,17,7,174999.0,41.4
ddqn_real_only_safetyon,17,8,199999.0,45.16666666666666
ddqn_real_only_safetyon,17,9,224999.0,38.06666666666666
ddqn_real_only_safetyon,17,10,249999.0,34.13333333333334
ddqn_real_only_safetyon,17,11,274999.0,35.83333333333333
ddqn_real_only_safetyon,17,12,299999.0,38.73333333333333
ddqn_real_only_safetyon,18,1,24999.0,39.7
ddqn_real_only_safetyon,18,2,49999.0,32.9
ddqn_real_only_safetyon,18,3,74999.0,38.83333333333333
ddqn_real_only_safetyon,18,4,99999.0,31.266666666666666
ddqn_real_only_safetyon,18,5,124999.0,31.5
ddqn_real_only_safetyon,18,6,149999.0,29.5
ddqn_real_only_safetyon,18,7,174999.0,37.2
ddqn_real_only_safetyon,18,8,199999.0,31.23333333333333
ddqn_real_only_safetyon,18,9,224999.0,28.933333333333334
ddqn_real_only_safetyon,18,10,249999.0,37.5
ddqn_real_only_safetyon,18,11,274999.0,41.56666666666666
ddqn_real_only_safetyon,18,12,299999.0,40.93333333333333
ddqn_real_only_safetyon,19,1,24999.0,47.3
ddqn_real_only_safetyon,19,2,49999.0,50.33333333333333
ddqn_real_only_safetyon,19,3,74999.0,49.36666666666667
ddqn_real_only_safetyon,19,4,99999.0,43.86666666666667
ddqn_real_only_safetyon,19,5,124999.0,43.73333333333333
ddqn_real_only_safetyon,19,6,149999.0,43.56666666666666
ddqn_real_only_safetyon,19,7,174999.0,47.36666666666666
ddqn_real_only_safetyon,19,8,199999.0,45.1
ddqn_real_only_safetyon,19,9,224999.0,48.03333333333334
ddqn_real_only_safetyon,19,10,249999.0,49.266666666666666
ddqn_real_only_safetyon,19,11,274999.0,41.93333333333334
ddqn_real_only_safetyon,19,12,299999.0,42.06666666666666
ddqn_real_only_safetyon,2,1,24999.0,39.7
ddqn_real_only_safetyon,2,2,49999.0,41.266666666666666
ddqn_real_only_safetyon,2,3,74999.0,34.93333333333333
ddqn_real_only_safetyon,2,4,99999.0,36.9
ddqn_real_only_safetyon,2,5,124999.0,40.3
ddqn_real_only_safetyon,2,6,149999.0,36.53333333333333
ddqn_real_only_safetyon,2,7,174999.0,46.06666666666667
ddqn_real_only_safetyon,2,8,199999.0,35.13333333333333
ddqn_real_only_safetyon,2,9,224999.0,41.43333333333333
ddqn_real_only_safetyon,2,10,249999.0,37.16666666666666
ddqn_real_only_safetyon,2,11,274999.0,35.79999999999999
ddqn_real_only_safetyon,2,12,299999.0,37.96666666666667
ddqn_real_only_safetyon,3,1,24999.0,39.23333333333333
ddqn_real_only_safetyon,3,2,49999.0,38.96666666666666
ddqn_real_only_safetyon,3,3,74999.0,33.63333333333333
ddqn_real_only_safetyon,3,4,99999.0,36.56666666666666
ddqn_real_only_safetyon,3,5,124999.0,39.53333333333334
ddqn_real_only_safetyon,3,6,149999.0,33.96666666666666
ddqn_real_only_safetyon,3,7,174999.0,30.2
ddqn_real_only_safetyon,3,8,199999.0,40.1
ddqn_real_only_safetyon,3,9,224999.0,37.73333333333333
ddqn_real_only_safetyon,3,10,249999.0,37.66666666666667
ddqn_real_only_safetyon,3,11,274999.0,34.166666666666664
ddqn_real_only_safetyon,3,12,299999.0,42.8
ddqn_real_only_safetyon,4,1,24999.0,44.8
ddqn_real_only_safetyon,4,2,49999.0,44.73333333333333
ddqn_real_only_safetyon,4,3,74999.0,39.73333333333333
ddqn_real_only_safetyon,4,4,99999.0,42.46666666666666
ddqn_real_only_safetyon,4,5,124999.0,44.133333333333326
ddqn_real_only_safetyon,4,6,149999.0,39.0
ddqn_real_only_safetyon,4,7,174999.0,46.4
ddqn_real_only_safetyon,4,8,199999.0,50.43333333333333
ddqn_real_only_safetyon,4,9,224999.0,38.26666666666667
ddqn_real_only_safetyon,4,10,249999.0,42.73333333333332
ddqn_real_only_safetyon,4,11,274999.0,39.16666666666666
ddqn_real_only_safetyon,4,12,299999.0,54.400000000000006
ddqn_real_only_safetyon,5,1,24999.0,44.133333333333326
ddqn_real_only_safetyon,5,2,49999.0,36.06666666666667
ddqn_real_only_safetyon,5,3,74999.0,42.5
ddqn_real_only_safetyon,5,4,99999.0,36.9
ddqn_real_only_safetyon,5,5,124999.0,43.46666666666666
ddqn_real_only_safetyon,5,6,149999.0,40.0
ddqn_real_only_safetyon,5,7,174999.0,36.46666666666666
ddqn_real_only_safetyon,5,8,199999.0,37.06666666666666
ddqn_real_only_safetyon,5,9,224999.0,41.766666666666666
ddqn_real_only_safetyon,5,10,249999.0,44.03333333333333
ddqn_real_only_safetyon,5,11,274999.0,36.4
ddqn_real_only_safetyon,5,12,299999.0,43.2
ddqn_real_only_safetyon,6,1,24999.0,32.1
ddqn_real_only_safetyon,6,2,49999.0,32.03333333333334
ddqn_real_only_safetyon,6,3,74999.0,43.36666666666667
ddqn_real_only_safetyon,6,4,99999.0,31.13333333333333
ddqn_real_only_safetyon,6,5,124999.0,30.266666666666666
ddqn_real_only_safetyon,6,6,149999.0,34.599999999999994
ddqn_real_only_safetyon,6,7,174999.0,30.133333333333333
ddqn_real_only_safetyon,6,8,199999.0,32.13333333333333
ddqn_real_only_safetyon,6,9,224999.0,33.6
ddqn_real_only_safetyon,6,10,249999.0,31.066666666666663
ddqn_real_only_safetyon,6,11,274999.0,41.19999999999999
ddqn_real_only_safetyon,6,12,299999.0,38.46666666666666
ddqn_real_only_safetyon,7,1,24999.0,45.4
ddqn_real_only_safetyon,7,2,49999.0,40.1
ddqn_real_only_safetyon,7,3,74999.0,42.766666666666666
ddqn_real_only_safetyon,7,4,99999.0,42.16666666666666
ddqn_real_only_safetyon,7,5,124999.0,49.49999999999999
ddqn_real_only_safetyon,7,6,149999.0,44.5
ddqn_real_only_safetyon,7,7,174999.0,36.9
ddqn_real_only_safetyon,7,8,199999.0,36.333333333333336
ddqn_real_only_safetyon,7,9,224999.0,45.33333333333333
ddqn_real_only_safetyon,7,10,249999.0,43.36666666666667
ddqn_real_only_safetyon,7,11,274999.0,45.96666666666666
ddqn_real_only_safetyon,7,12,299999.0,38.06666666666666
ddqn_real_only_safetyon,8,1,24999.0,43.06666666666666
ddqn_real_only_safetyon,8,2,49999.0,43.53333333333333
ddqn_real_only_safetyon,8,3,74999.0,48.33333333333333
ddqn_real_only_safetyon,8,4,99999.0,51.66666666666667
ddqn_real_only_safetyon,8,5,124999.0,45.63333333333333
ddqn_real_only_safetyon,8,6,149999.0,41.23333333333333
ddqn_real_only_safetyon,8,7,174999.0,40.63333333333333
ddqn_real_only_safetyon,8,8,199999.0,41.56666666666666
ddqn_real_only_safetyon,8,9,224999.0,50.1
ddqn_real_only_safetyon,8,10,249999.0,42.23333333333333
ddqn_real_only_safetyon,8,11,274999.0,41.8
ddqn_real_only_safetyon,8,12,299999.0,46.66666666666666
ddqn_real_only_safetyon,9,1,24999.0,36.1
ddqn_real_only_safetyon,9,2,49999.0,28.866666666666664
ddqn_real_only_safetyon,9,3,74999.0,38.33333333333333
ddqn_real_only_safetyon,9,4,99999.0,33.56666666666666
ddqn_real_only_safetyon,9,5,124999.0,31.833333333333336
ddqn_real_only_safetyon,9,6,149999.0,39.633333333333326
ddqn_real_only_safetyon,9,7,174999.0,34.43333333333333
ddqn_real_only_safetyon,9,8,199999.0,30.5
ddqn_real_only_safetyon,9,9,224999.0,35.266666666666666
ddqn_real_only_safetyon,9,10,249999.0,32.03333333333334
ddqn_real_only_safetyon,9,11,274999.0,36.03333333333333
ddqn_real_only_safetyon,9,12,299999.0,45.03333333333333
dqn_aug_subsample_safetyoff,0,1,24999.0,52.63333333333332
dqn_aug_subsample_safetyoff,0,2,49999.0,52.63333333333332
dqn_aug_subsample_safetyoff,0,3,74999.0,52.3
dqn_aug_subsample_safetyoff,0,4,99999.0,42.266666666666666
dqn_aug_subsample_safetyoff,0,5,124999.0,37.53333333333333
dqn_aug_subsample_safetyoff,0,6,149999.0,38.63333333333333
dqn_aug_subsample_safetyoff,0,7,174999.0,35.333333333333336
dqn_aug_subsample_safetyoff,0,8,199999.0,36.43333333333332
dqn_aug_subsample_safetyoff,0,9,224999.0,36.333333333333336
dqn_aug_subsample_safetyoff,0,10,249999.0,35.93333333333333
dqn_aug_subsample_safetyoff,0,11,274999.0,35.63333333333333
dqn_aug_subsample_safetyoff,0,12,299999.0,37.33333333333332
dqn_aug_subsample_safetyoff,1,1,24999.0,49.96666666666666
dqn_aug_subsample_safetyoff,1,2,49999.0,50.36666666666666
dqn_aug_subsample_safetyoff,1,3,74999.0,43.3
dqn_aug_subsample_safetyoff,1,4,99999.0,36.7
dqn_aug_subsample_safetyoff,1,5,124999.0,35.63333333333333
dqn_aug_subsample_safetyoff,1,6,149999.0,35.9
dqn_aug_subsample_safetyoff,1,7,174999.0,34.26666666666666
dqn_aug_subsample_safetyoff,1,8,199999.0,33.63333333333334
dqn_aug_subsample_safetyoff,1,9,224999.0,33.76666666666666
dqn_aug_subsample_safetyoff,1,10,249999.0,33.33333333333333
dqn_aug_subsample_safetyoff,1,11,274999.0,32.96666666666666
dqn_aug_subsample_safetyoff,1,12,299999.0,33.2
dqn_aug_subsample_safetyoff,10,1,24999.0,50.76666666666666
dqn_aug_subsample_safetyoff,10,2,49999.0,49.566666666666656
dqn_aug_subsample_safetyoff,10,3,74999.0,49.1
dqn_aug_subsample_safetyoff,10,4,99999.0,49.566666666666656
dqn_aug_subsample_safetyoff,10,5,124999.0,39.36666666666666
dqn_aug_subsample_safetyoff,10,6,149999.0,33.26666666666666
dqn_aug_subsample_safetyoff,10,7,174999.0,32.56666666666666
dqn_aug_subsample_safetyoff,10,8,199999.0,32.6
dqn_aug_subsample_safetyoff,10,9,224999.0,32.6
dqn_aug_subsample_safetyoff,10,10,249999.0,33.2
dqn_aug_subsample_safetyoff,10,11,274999.0,32.7
dqn_aug_subsample_safetyoff,10,12,299999.0,32.800000000000004
dqn_aug_subsample_safetyoff,11,1,24999.0,51.5
dqn_aug_subsample_safetyoff,11,2,49999.0,50.93333333333333
dqn_aug_subsample_safetyoff,11,3,74999.0,40.46666666666667
dqn_aug_subsample_safetyoff,11,4,99999.0,34.89999999999999
dqn_aug_subsample_safetyoff,11,5,124999.0,35.06666666666667
dqn_aug_subsample_safetyoff,11,6,149999.0,34.9
dqn_aug_subsample_safetyoff,11,7,174999.0,34.53333333333334
dqn_aug_subsample_safetyoff,11,8,199999.0,34.53333333333334
dqn_aug_subsample_safetyoff,11,9,224999.0,33.93333333333333
dqn_aug_subsample_safetyoff,11,10,249999.0,34.36666666666666
dqn_aug_subsample_safetyoff,11,11,274999.0,34.266666666666666
dqn_aug_subsample_safetyoff,11,12,299999.0,35.5
dqn_aug_subsample_safetyoff,12,1,24999.0,52.43333333333332
dqn_aug_subsample_safetyoff,12,2,49999.0,53.56666666666665
dqn_aug_subsample_safetyoff,12,3,74999.0,52.43333333333332
dqn_aug_subsample_safetyoff,12,4,99999.0,49.66666666666666
dqn_aug_subsample_safetyoff,12,5,124999.0,39.73333333333333
dqn_aug_subsample_safetyoff,12,6,149999.0,40.23333333333333
dqn_aug_subsample_safetyoff,12,7,174999.0,40.43333333333333
dqn_aug_subsample_safetyoff,12,8,199999.0,39.5
dqn_aug_subsample_safetyoff,12,9,224999.0,38.86666666666666
dqn_aug_subsample_safetyoff,12,10,249999.0,37.56666666666666
dqn_aug_subsample_safetyoff,12,11,274999.0,37.53333333333333
dqn_aug_subsample_safetyoff,12,12,299999.0,38.96666666666666
dqn_aug_subsample_safetyoff,13,1,24999.0,49.43333333333332
dqn_aug_subsample_safetyoff,13,2,49999.0,49.06666666666666
dqn_aug_subsample_safetyoff,13,3,74999.0,44.86666666666666
dqn_aug_subsample_safetyoff,13,4,99999.0,34.166666666666664
dqn_aug_subsample_safetyoff,13,5,124999.0,31.866666666666667
dqn_aug_subsample_safetyoff,13,6,149999.0,31.6
dqn_aug_subsample_safetyoff,13,7,174999.0,31.566666666666663
dqn_aug_subsample_safetyoff,13,8,199999.0,33.900000000000006
dqn_aug_subsample_safetyoff,13,9,224999.0,32.06666666666666
dqn_aug_subsample_safetyoff,13,10,249999.0,31.53333333333333
dqn_aug_subsample_safetyoff,13,11,274999.0,32.1
dqn_aug_subsample_safetyoff,13,12,299999.0,31.966666666666665
dqn_aug_subsample_safetyoff,14,1,24999.0,48.93333333333332
dqn_aug_subsample_safetyoff,14,2,49999.0,48.16666666666666
dqn_aug_subsample_safetyoff,14,3,74999.0,31.033333333333328
dqn_aug_subsample_safetyoff,14,4,99999.0,30.9
dqn_aug_subsample_safetyoff,14,5,124999.0,29.966666666666665
dqn_aug_subsample_safetyoff,14,6,149999.0,30.2
dqn_aug_subsample_safetyoff,14,7,174999.0,30.233333333333327
dqn_aug_subsample_safetyoff,14,8,199999.0,30.1
dqn_aug_subsample_safetyoff,14,9,224999.0,29.9
dqn_aug_subsample_safetyoff,14,10,249999.0,29.933333333333334
dqn_aug_subsample_safetyoff,14,11,274999.0,30.966666666666665
dqn_aug_subsample_safetyoff,14,12,299999.0,29.76666666666667
dqn_aug_subsample_safetyoff,15,1,24999.0,49.2
dqn_aug_subsample_safetyoff,15,2,49999.0,49.43333333333333
dqn_aug_subsample_safetyoff,15,3,74999.0,48.86666666666666
dqn_aug_subsample_safetyoff,15,4,99999.0,47.56666666666666
dqn_aug_subsample_safetyoff,15,5,124999.0,44.133333333333326
dqn_aug_subsample_safetyoff,15,6,149999.0,37.36666666666667
dqn_aug_subsample_safetyoff,15,7,174999.0,33.36666666666666
dqn_aug_subsample_safetyoff,15,8,199999.0,33.13333333333333
dqn_aug_subsample_safetyoff,15,9,224999.0,33.4
dqn_aug_subsample_safetyoff,15,10,249999.0,31.63333333333333
dqn_aug_subsample_safetyoff,15,11,274999.0,33.83333333333333
dqn_aug_subsample_safetyoff,15,12,299999.0,31.93333333333333
dqn_aug_subsample_safetyoff,16,1,24999.0,48.1
dqn_aug_subsample_safetyoff,16,2,49999.0,47.99999999999999
dqn_aug_subsample_safetyoff,16,3,74999.0,33.2
dqn_aug_subsample_safetyoff,16,4,99999.0,29.866666666666664
dqn_aug_subsample_safetyoff,16,5,124999.0,30.6
dqn_aug_subsample_safetyoff,16,6,149999.0,29.93333333333334
dqn_aug_subsample_safetyoff,16,7,174999.0,28.5
dqn_aug_subsample_safetyoff,16,8,199999.0,28.266666666666666
dqn_aug_subsample_safetyoff,16,9,224999.0,28.8
dqn_aug_subsample_safetyoff,16,10,249999.0,28.2
dqn_aug_subsample_safetyoff,16,11,274999.0,28.53333333333333
dqn_aug_subsample_safetyoff,16,12,299999.0,28.6
dqn_aug_subsample_safetyoff,17,1,24999.0,51.16666666666666
dqn_aug_subsample_safetyoff,17,2,49999.0,51.43333333333333
dqn_aug_subsample_safetyoff,17,3,74999.0,40.06666666666666
dqn_aug_subsample_safetyoff,17,4,99999.0,40.06666666666666
dqn_aug_subsample_safetyoff,17,5,124999.0,42.86666666666667
dqn_aug_subsample_safetyoff,17,6,149999.0,35.13333333333333
dqn_aug_subsample_safetyoff,17,7,174999.0,35.56666666666666
dqn_aug_subsample_safetyoff,17,8,199999.0,36.46666666666666
dqn_aug_subsample_safetyoff,17,9,224999.0,35.36666666666666
dqn_aug_subsample_safetyoff,17,10,249999.0,33.93333333333334
dqn_aug_subsample_safetyoff,17,11,274999.0,33.6
dqn_aug_subsample_safetyoff,17,12,299999.0,34.166666666666664
dqn_aug_subsample_safetyoff,18,1,24999.0,47.89999999999999
dqn_aug_subsample_safetyoff,18,2,49999.0,49.03333333333333
dqn_aug_subsample_safetyoff,18,3,74999.0,40.23333333333333
dqn_aug_subsample_safetyoff,18,4,99999.0,36.86666666666667
dqn_aug_subsample_safetyoff,18,5,124999.0,30.5
dqn_aug_subsample_safetyoff,18,6,149999.0,32.03333333333333
dqn_aug_subsample_safetyoff,18,7,174999.0,29.566666666666663
dqn_aug_subsample_safetyoff,18,8,199999.0,28.066666666666663
dqn_aug_subsample_safetyoff,18,9,224999.0,30.33333333333333
dqn_aug_subsample_safetyoff,18,10,249999.0,30.766666666666666
dqn_aug_subsample_safetyoff,18,11,274999.0,30.266666666666666
dqn_aug_subsample_safetyoff,18,12,299999.0,29.06666666666667
dqn_aug_subsample_safetyoff,19,1,24999.0,54.33333333333332
dqn_aug_subsample_safetyoff,19,2,49999.0,53.63333333333332
dqn_aug_subsample_safetyoff,19,3,74999.0,54.133333333333326
dqn_aug_subsample_safetyoff,19,4,99999.0,51.96666666666665
dqn_aug_subsample_safetyoff,19,5,124999.0,46.9
dqn_aug_subsample_safetyoff,19,6,149999.0,43.1
dqn_aug_subsample_safetyoff,19,7,174999.0,41.16666666666666
dqn_aug_subsample_safetyoff,19,8,199999.0,41.86666666666666
dqn_aug_subsample_safetyoff,19,9,224999.0,42.16666666666667
dqn_aug_subsample_safetyoff,19,10,249999.0,41.2
dqn_aug_subsample_safetyoff,19,11,274999.0,40.86666666666667
dqn_aug_subsample_safetyoff,19,12,299999.0,40.03333333333333
dqn_aug_subsample_safetyoff,2,1,24999.0,54.400000000000006
dqn_aug_subsample_safetyoff,2,2,49999.0,52.83333333333332
dqn_aug_subsample_safetyoff,2,3,74999.0,53.39999999999999
dqn_aug_subsample_safetyoff,2,4,99999.0,35.033333333333324
dqn_aug_subsample_safetyoff,2,5,124999.0,43.96666666666667
dqn_aug_subsample_safetyoff,2,6,149999.0,36.16666666666666
dqn_aug_subsample_safetyoff,2,7,174999.0,36.13333333333333
dqn_aug_subsample_safetyoff,2,8,199999.0,36.66666666666666
dqn_aug_subsample_safetyoff,2,9,224999.0,34.83333333333333
dqn_aug_subsample_safetyoff,2,10,249999.0,34.8
dqn_aug_subsample_safetyoff,2,11,274999.0,35.166666666666664
dqn_aug_subsample_safetyoff,2,12,299999.0,35.8
dqn_aug_subsample_safetyoff,3,1,24999.0,50.06666666666666
dqn_aug_subsample_safetyoff,3,2,49999.0,49.53333333333333
dqn_aug_subsample_safetyoff,3,3,74999.0,34.53333333333334
dqn_aug_subsample_safetyoff,3,4,99999.0,31.866666666666667
dqn_aug_subsample_safetyoff,3,5,124999.0,34.666666666666664
dqn_aug_subsample_safetyoff,3,6,149999.0,30.566666666666663
dqn_aug_subsample_safetyoff,3,7,174999.0,30.0
dqn_aug_subsample_safetyoff,3,8,199999.0,31.066666666666663
dqn_aug_subsample_safetyoff,3,9,224999.0,30.566666666666663
dqn_aug_subsample_safetyoff,3,10,249999.0,31.5
dqn_aug_subsample_safetyoff,3,11,274999.0,31.23333333333333
dqn_aug_subsample_safetyoff,3,12,299999.0,30.3
dqn_aug_subsample_safetyoff,4,1,24999.0,53.63333333333332
dqn_aug_subsample_safetyoff,4,2,49999.0,50.46666666666666
dqn_aug_subsample_safetyoff,4,3,74999.0,46.96666666666666
dqn_aug_subsample_safetyoff,4,4,99999.0,44.06666666666666
dqn_aug_subsample_safetyoff,4,5,124999.0,41.3
dqn_aug_subsample_safetyoff,4,6,149999.0,41.16666666666666
dqn_aug_subsample_safetyoff,4,7,174999.0,40.53333333333334
dqn_aug_subsample_safetyoff,4,8,199999.0,39.73333333333333
dqn_aug_subsample_safetyoff,4,9,224999.0,39.8
dqn_aug_subsample_safetyoff,4,10,249999.0,38.86666666666666
dqn_aug_subsample_safetyoff,4,11,274999.0,39.2
dqn_aug_subsample_safetyoff,4,12,299999.0,39.4
dqn_aug_subsample_safetyoff,5,1,24999.0,50.46666666666666
dqn_aug_subsample_safetyoff,5,2,49999.0,50.16666666666666
dqn_aug_subsample_safetyoff,5,3,74999.0,41.5
dqn_aug_subsample_safetyoff,5,4,99999.0,35.36666666666666
dqn_aug_subsample_safetyoff,5,5,124999.0,34.86666666666666
dqn_aug_subsample_safetyoff,5,6,149999.0,36.2
dqn_aug_subsample_safetyoff,5,7,174999.0,35.49999999999999
dqn_aug_subsample_safetyoff,5,8,199999.0,34.46666666666666
dqn_aug_subsample_safetyoff,5,9,224999.0,33.13333333333333
dqn_aug_subsample_safetyoff,5,10,249999.0,33.166666666666664
dqn_aug_subsample_safetyoff,5,11,274999.0,33.900000000000006
dqn_aug_subsample_safetyoff,5,12,299999.0,32.7
dqn_aug_subsample_safetyoff,6,1,24999.0,51.03333333333333
dqn_aug_subsample_safetyoff,6,2,49999.0,50.6
dqn_aug_subsample_safetyoff,6,3,74999.0,49.266666666666666
dqn_aug_subsample_safetyoff,6,4,99999.0,42.53333333333333
dqn_aug_subsample_safetyoff,6,5,124999.0,38.33333333333333
dqn_aug_subsample_safetyoff,6,6,149999.0,32.63333333333333
dqn_aug_subsample_safetyoff,6,7,174999.0,30.766666666666666
dqn_aug_subsample_safetyoff,6,8,199999.0,30.83333333333333
dqn_aug_subsample_safetyoff,6,9,224999.0,31.333333333333336
dqn_aug_subsample_safetyoff,6,10,249999.0,32.300000000000004
dqn_aug_subsample_safetyoff,6,11,274999.0,31.33333333333333
dqn_aug_subsample_safetyoff,6,12,299999.0,31.13333333333333
dqn_aug_subsample_safetyoff,7,1,24999.0,52.46666666666665
dqn_aug_subsample_safetyoff,7,2,49999.0,52.43333333333332
dqn_aug_subsample_safetyoff,7,3,74999.0,42.06666666666666
dqn_aug_subsample_safetyoff,7,4,99999.0,39.63333333333334
dqn_aug_subsample_safetyoff,7,5,124999.0,37.23333333333333
dqn_aug_subsample_safetyoff,7,6,149999.0,34.8
dqn_aug_subsample_safetyoff,7,7,174999.0,35.0
dqn_aug_subsample_safetyoff,7,8,199999.0,37.0
dqn_aug_subsample_safetyoff,7,9,224999.0,36.2
dqn_aug_subsample_safetyoff,7,10,249999.0,34.766666666666666
dqn_aug_subsample_safetyoff,7,11,274999.0,35.4
dqn_aug_subsample_safetyoff,7,12,299999.0,35.2
dqn_aug_subsample_safetyoff,8,1,24999.0,55.2
dqn_aug_subsample_safetyoff,8,2,49999.0,55.53333333333333
dqn_aug_subsample_safetyoff,8,3,74999.0,54.633333333333326
dqn_aug_subsample_safetyoff,8,4,99999.0,49.43333333333332
dqn_aug_subsample_safetyoff,8,5,124999.0,44.73333333333333
dqn_aug_subsample_safetyoff,8,6,149999.0,40.06666666666666
dqn_aug_subsample_safetyoff,8,7,174999.0,40.1
dqn_aug_subsample_safetyoff,8,8,199999.0,40.56666666666666
dqn_aug_subsample_safetyoff,8,9,224999.0,39.93333333333332
dqn_aug_subsample_safetyoff,8,10,249999.0,40.16666666666666
dqn_aug_subsample_safetyoff,8,11,274999.0,39.53333333333333
dqn_aug_subsample_safetyoff,8,12,299999.0,39.1
dqn_aug_subsample_safetyoff,9,1,24999.0,49.33333333333333
dqn_aug_subsample_safetyoff,9,2,49999.0,49.19999999999999
dqn_aug_subsample_safetyoff,9,3,74999.0,38.66666666666666
dqn_aug_subsample_safetyoff,9,4,99999.0,34.86666666666666
dqn_aug_subsample_safetyoff,9,5,124999.0,32.53333333333333
dqn_aug_subsample_safetyoff,9,6,149999.0,32.9
dqn_aug_subsample_safetyoff,9,7,174999.0,31.5
dqn_aug_subsample_safetyoff,9,8,199999.0,31.16666666666667
dqn_aug_subsample_safetyoff,9,9,224999.0,31.86666666666667
dqn_aug_subsample_safetyoff,9,10,249999.0,30.966666666666665
dqn_aug_subsample_safetyoff,9,11,274999.0,31.5
dqn_aug_subsample_safetyoff,9,12,299999.0,31.266666666666666
dqn_aug_subsample_safetyon,0,1,24999.0,41.3
dqn_aug_subsample_safetyon,0,2,49999.0,37.16666666666666
dqn_aug_subsample_safetyon,0,3,74999.0,37.53333333333333
dqn_aug_subsample_safetyon,0,4,99999.0,36.23333333333333
dqn_aug_subsample_safetyon,0,5,124999.0,33.5
dqn_aug_subsample_safetyon,0,6,149999.0,34.06666666666666
dqn_aug_subsample_safetyon,0,7,174999.0,35.3
dqn_aug_subsample_safetyon,0,8,199999.0,36.93333333333334
dqn_aug_subsample_safetyon,0,9,224999.0,38.23333333333333
dqn_aug_subsample_safetyon,0,10,249999.0,37.4
dqn_aug_subsample_safetyon,0,11,274999.0,33.53333333333333
dqn_aug_subsample_safetyon,0,12,299999.0,34.300000000000004
dqn_aug_subsample_safetyon,1,1,24999.0,42.2
dqn_aug_subsample_safetyon,1,2,49999.0,32.1
dqn_aug_subsample_safetyon,1,3,74999.0,33.26666666666666
dqn_aug_subsample_safetyon,1,4,99999.0,32.03333333333333
dqn_aug_subsample_safetyon,1,5,124999.0,32.26666666666666
dqn_aug_subsample_safetyon,1,6,149999.0,31.7
dqn_aug_subsample_safetyon,1,7,174999.0,32.166666666666664
dqn_aug_subsample_safetyon,1,8,199999.0,31.76666666666667
dqn_aug_subsample_safetyon,1,9,224999.0,31.13333333333333
dqn_aug_subsample_safetyon,1,10,249999.0,31.53333333333333
dqn_aug_subsample_safetyon,1,11,274999.0,30.73333333333333
dqn_aug_subsample_safetyon,1,12,299999.0,33.4
dqn_aug_subsample_safetyon,10,1,24999.0,39.06666666666666
dqn_aug_subsample_safetyon,10,2,49999.0,33.46666666666667
dqn_aug_subsample_safetyon,10,3,74999.0,31.466666666666665
dqn_aug_subsample_safetyon,10,4,99999.0,31.43333333333333
dqn_aug_subsample_safetyon,10,5,124999.0,32.06666666666667
dqn_aug_subsample_safetyon,10,6,149999.0,30.5
dqn_aug_subsample_safetyon,10,7,174999.0,31.066666666666663
dqn_aug_subsample_safetyon,10,8,199999.0,30.933333333333334
dqn_aug_subsample_safetyon,10,9,224999.0,30.4
dqn_aug_subsample_safetyon,10,10,249999.0,30.666666666666664
dqn_aug_subsample_safetyon,10,11,274999.0,30.166666666666664
dqn_aug_subsample_safetyon,10,12,299999.0,30.366666666666664
dqn_aug_subsample_safetyon,11,1,24999.0,43.5
dqn_aug_subsample_safetyon,11,2,49999.0,42.06666666666666
dqn_aug_subsample_safetyon,11,3,74999.0,41.766666666666666
dqn_aug_subsample_safetyon,11,4,99999.0,43.8
dqn_aug_subsample_safetyon,11,5,124999.0,33.36666666666667
dqn_aug_subsample_safetyon,11,6,149999.0,32.83333333333333
dqn_aug_subsample_safetyon,11,7,174999.0,32.2
dqn_aug_subsample_safetyon,11,8,199999.0,31.966666666666665
dqn_aug_subsample_safetyon,11,9,224999.0,32.733333333333334
dqn_aug_subsample_safetyon,11,10,249999.0,31.666666666666664
dqn_aug_subsample_safetyon,11,11,274999.0,32.33333333333333
dqn_aug_subsample_safetyon,11,12,299999.0,31.6
dqn_aug_subsample_safetyon,12,1,24999.0,48.56666666666666
dqn_aug_subsample_safetyon,12,2,49999.0,39.66666666666666
dqn_aug_subsample_safetyon,12,3,74999.0,37.06666666666666
dqn_aug_subsample_safetyon,12,4,99999.0,37.7
dqn_aug_subsample_safetyon,12,5,124999.0,39.4
dqn_aug_subsample_safetyon,12,6,149999.0,34.233333333333334
dqn_aug_subsample_safetyon,12,7,174999.0,40.96666666666666
dqn_aug_subsample_safetyon,12,8,199999.0,35.8
dqn_aug_subsample_safetyon,12,9,224999.0,34.5
dqn_aug_subsample_safetyon,12,10,249999.0,35.5
dqn_aug_subsample_safetyon,12,11,274999.0,34.8
dqn_aug_subsample_safetyon,12,12,299999.0,35.3
dqn_aug_subsample_safetyon,13,1,24999.0,32.4
dqn_aug_subsample_safetyon,13,2,49999.0,32.5
dqn_aug_subsample_safetyon,13,3,74999.0,33.53333333333333
dqn_aug_subsample_safetyon,13,4,99999.0,32.4
dqn_aug_subsample_safetyon,13,5,124999.0,31.366666666666664
dqn_aug_subsample_safetyon,13,6,149999.0,31.033333333333328
dqn_aug_subsample_safetyon,13,7,174999.0,28.566666666666663
dqn_aug_subsample_safetyon,13,8,199999.0,29.03333333333333
dqn_aug_subsample_safetyon,13,9,224999.0,28.7
dqn_aug_subsample_safetyon,13,10,249999.0,28.999999999999996
dqn_aug_subsample_safetyon,13,11,274999.0,29.133333333333333
dqn_aug_subsample_safetyon,13,12,299999.0,29.7
dqn_aug_subsample_safetyon,14,1,24999.0,41.06666666666666
dqn_aug_subsample_safetyon,14,2,49999.0,35.9
dqn_aug_subsample_safetyon,14,3,74999.0,30.9
dqn_aug_subsample_safetyon,14,4,99999.0,33.53333333333333
dqn_aug_subsample_safetyon,14,5,124999.0,30.233333333333327
dqn_aug_subsample_safetyon,14,6,149999.0,31.033333333333328
dqn_aug_subsample_safetyon,14,7,174999.0,29.733333333333334
dqn_aug_subsample_safetyon,14,8,199999.0,28.6
dqn_aug_subsample_safetyon,14,9,224999.0,27.500000000000004
dqn_aug_subsample_safetyon,14,10,249999.0,31.1
dqn_aug_subsample_safetyon,14,11,274999.0,28.000000000000004
dqn_aug_subsample_safetyon,14,12,299999.0,30.233333333333327
dqn_aug_subsample_safetyon,15,1,24999.0,44.4
dqn_aug_subsample_safetyon,15,2,49999.0,43.33333333333333
dqn_aug_subsample_safetyon,15,3,74999.0,39.26666666666666
dqn_aug_subsample_safetyon,15,4,99999.0,31.233333333333324
dqn_aug_subsample_safetyon,15,5,124999.0,39.06666666666666
dqn_aug_subsample_safetyon,15,6,149999.0,38.13333333333333
dqn_aug_subsample_safetyon,15,7,174999.0,34.63333333333333
dqn_aug_subsample_safetyon,15,8,199999.0,35.03333333333333
dqn_aug_subsample_safetyon,15,9,224999.0,37.06666666666666
dqn_aug_subsample_safetyon,15,10,249999.0,33.7
dqn_aug_subsample_safetyon,15,11,274999.0,32.36666666666666
dqn_aug_subsample_safetyon,15,12,299999.0,32.1
dqn_aug_subsample_safetyon,16,1,24999.0,39.86666666666667
dqn_aug_subsample_safetyon,16,2,49999.0,34.1
dqn_aug_subsample_safetyon,16,3,74999.0,27.83333333333333
dqn_aug_subsample_safetyon,16,4,99999.0,27.83333333333333
dqn_aug_subsample_safetyon,16,5,124999.0,26.8
dqn_aug_subsample_safetyon,16,6,149999.0,27.16666666666666
dqn_aug_subsample_safetyon,16,7,174999.0,26.83333333333333
dqn_aug_subsample_safetyon,16,8,199999.0,28.46666666666666
dqn_aug_subsample_safetyon,16,9,224999.0,26.16666666666666
dqn_aug_subsample_safetyon,16,10,249999.0,29.7
dqn_aug_subsample_safetyon,16,11,274999.0,27.6
dqn_aug_subsample_safetyon,16,12,299999.0,26.93333333333333
dqn_aug_subsample_safetyon,17,1,24999.0,39.83333333333333
dqn_aug_subsample_safetyon,17,2,49999.0,40.16666666666666
dqn_aug_subsample_safetyon,17,3,74999.0,36.633333333333326
dqn_aug_subsample_safetyon,17,4,99999.0,32.800000000000004
dqn_aug_subsample_safetyon,17,5,124999.0,32.9
dqn_aug_subsample_safetyon,17,6,149999.0,32.13333333333333
dqn_aug_subsample_safetyon,17,7,174999.0,33.53333333333333
dqn_aug_subsample_safetyon,17,8,199999.0,34.56666666666666
dqn_aug_subsample_safetyon,17,9,224999.0,34.56666666666666
dqn_aug_subsample_safetyon,17,10,249999.0,37.4
dqn_aug_subsample_safetyon,17,11,274999.0,34.599999999999994
dqn_aug_subsample_safetyon,17,12,299999.0,35.36666666666666
dqn_aug_subsample_safetyon,18,1,24999.0,42.06666666666666
dqn_aug_subsample_safetyon,18,2,49999.0,35.03333333333333
dqn_aug_subsample_safetyon,18,3,74999.0,29.46666666666666
dqn_aug_subsample_safetyon,18,4,99999.0,29.133333333333333
dqn_aug_subsample_safetyon,18,5,124999.0,31.0
dqn_aug_subsample_safetyon,18,6,149999.0,35.0
dqn_aug_subsample_safetyon,18,7,174999.0,28.53333333333333
dqn_aug_subsample_safetyon,18,8,199999.0,30.43333333333333
dqn_aug_subsample_safetyon,18,9,224999.0,28.866666666666664
dqn_aug_subsample_safetyon,18,10,249999.0,30.33333333333333
dqn_aug_subsample_safetyon,18,11,274999.0,31.9
dqn_aug_subsample_safetyon,18,12,299999.0,29.6
dqn_aug_subsample_safetyon,19,1,24999.0,51.36666666666666
dqn_aug_subsample_safetyon,19,2,49999.0,45.26666666666666
dqn_aug_subsample_safetyon,19,3,74999.0,41.96666666666666
dqn_aug_subsample_safetyon,19,4,99999.0,41.3
dqn_aug_subsample_safetyon,19,5,124999.0,39.26666666666666
dqn_aug_subsample_safetyon,19,6,149999.0,41.36666666666666
dqn_aug_subsample_safetyon,19,7,174999.0,38.16666666666667
dqn_aug_subsample_safetyon,19,8,199999.0,43.3
dqn_aug_subsample_safetyon,19,9,224999.0,48.2
dqn_aug_subsample_safetyon,19,10,249999.0,39.36666666666666
dqn_aug_subsample_safetyon,19,11,274999.0,38.8
dqn_aug_subsample_safetyon,19,12,299999.0,38.23333333333333
dqn_aug_subsample_safetyon,2,1,24999.0,42.3
dqn_aug_subsample_safetyon,2,2,49999.0,37.3
dqn_aug_subsample_safetyon,2,3,74999.0,34.833333333333336
dqn_aug_subsample_safetyon,2,4,99999.0,37.266666666666666
dqn_aug_subsample_safetyon,2,5,124999.0,34.13333333333334
dqn_aug_subsample_safetyon,2,6,149999.0,37.9
dqn_aug_subsample_safetyon,2,7,174999.0,35.86666666666666
dqn_aug_subsample_safetyon,2,8,199999.0,35.4
dqn_aug_subsample_safetyon,2,9,224999.0,33.46666666666666
dqn_aug_subsample_safetyon,2,10,249999.0,33.5
dqn_aug_subsample_safetyon,2,11,274999.0,33.300000000000004
dqn_aug_subsample_safetyon,2,12,299999.0,37.66666666666666
dqn_aug_subsample_safetyon,3,1,24999.0,37.8
dqn_aug_subsample_safetyon,3,2,49999.0,32.46666666666666
dqn_aug_subsample_safetyon,3,3,74999.0,30.73333333333333
dqn_aug_subsample_safetyon,3,4,99999.0,29.3
dqn_aug_subsample_safetyon,3,5,124999.0,28.766666666666666
dqn_aug_subsample_safetyon,3,6,149999.0,31.3
dqn_aug_subsample_safetyon,3,7,174999.0,28.33333333333333
dqn_aug_subsample_safetyon,3,8,199999.0,29.0
dqn_aug_subsample_safetyon,3,9,224999.0,31.766666666666666
dqn_aug_subsample_safetyon,3,10,249999.0,34.7
dqn_aug_subsample_safetyon,3,11,274999.0,29.2
dqn_aug_subsample_safetyon,3,12,299999.0,34.7
dqn_aug_subsample_safetyon,4,1,24999.0,47.86666666666666
dqn_aug_subsample_safetyon,4,2,49999.0,44.39999999999999
dqn_aug_subsample_safetyon,4,3,74999.0,38.13333333333333
dqn_aug_subsample_safetyon,4,4,99999.0,38.63333333333333
dqn_aug_subsample_safetyon,4,5,124999.0,40.8
dqn_aug_subsample_safetyon,4,6,149999.0,39.33333333333333
dqn_aug_subsample_safetyon,4,7,174999.0,41.3
dqn_aug_subsample_safetyon,4,8,199999.0,40.43333333333333
dqn_aug_subsample_safetyon,4,9,224999.0,37.53333333333334
dqn_aug_subsample_safetyon,4,10,249999.0,39.93333333333333
dqn_aug_subsample_safetyon,4,11,274999.0,37.13333333333333
dqn_aug_subsample_safetyon,4,12,299999.0,39.16666666666666
dqn_aug_subsample_safetyon,5,1,24999.0,40.86666666666666
dqn_aug_subsample_safetyon,5,2,49999.0,38.8
dqn_aug_subsample_safetyon,5,3,74999.0,30.166666666666664
dqn_aug_subsample_safetyon,5,4,99999.0,30.0
dqn_aug_subsample_safetyon,5,5,124999.0,30.7
dqn_aug_subsample_safetyon,5,6,149999.0,29.9
dqn_aug_subsample_safetyon,5,7,174999.0,30.40000000000001
dqn_aug_subsample_safetyon,5,8,199999.0,30.133333333333333
dqn_aug_subsample_safetyon,5,9,224999.0,30.1
dqn_aug_subsample_safetyon,5,10,249999.0,29.9
dqn_aug_subsample_safetyon,5,11,274999.0,30.36666666666667
dqn_aug_subsample_safetyon,5,12,299999.0,30.466666666666665
dqn_aug_subsample_safetyon,6,1,24999.0,34.2
dqn_aug_subsample_safetyon,6,2,49999.0,29.26666666666667
dqn_aug_subsample_safetyon,6,3,74999.0,30.466666666666665
dqn_aug_subsample_safetyon,6,4,99999.0,30.166666666666664
dqn_aug_subsample_safetyon,6,5,124999.0,29.766666666666666
dqn_aug_subsample_safetyon,6,6,149999.0,29.833333333333336
dqn_aug_subsample_safetyon,6,7,174999.0,30.5
dqn_aug_subsample_safetyon,6,8,199999.0,32.733333333333334
dqn_aug_subsample_safetyon,6,9,224999.0,31.1
dqn_aug_subsample_safetyon,6,10,249999.0,31.5
dqn_aug_subsample_safetyon,6,11,274999.0,34.96666666666666
dqn_aug_subsample_safetyon,6,12,299999.0,35.3
dqn_aug_subsample_safetyon,7,1,24999.0,43.3
dqn_aug_subsample_safetyon,7,2,49999.0,42.06666666666666
dqn_aug_subsample_safetyon,7,3,74999.0,32.86666666666666
dqn_aug_subsample_safetyon,7,4,99999.0,34.23333333333333
dqn_aug_subsample_safetyon,7,5,124999.0,34.46666666666666
dqn_aug_subsample_safetyon,7,6,149999.0,32.66666666666666
dqn_aug_subsample_safetyon,7,7,174999.0,33.233333333333334
dqn_aug_subsample_safetyon,7,8,199999.0,32.66666666666666
dqn_aug_subsample_safetyon,7,9,224999.0,33.7
dqn_aug_subsample_safetyon,7,10,249999.0,34.93333333333334
dqn_aug_subsample_safetyon,7,11,274999.0,36.56666666666667
dqn_aug_subsample_safetyon,7,12,299999.0,33.36666666666666
dqn_aug_subsample_safetyon,8,1,24999.0,49.66666666666666
dqn_aug_subsample_safetyon,8,2,49999.0,44.9
dqn_aug_subsample_safetyon,8,3,74999.0,45.1
dqn_aug_subsample_safetyon,8,4,99999.0,46.79999999999999
dqn_aug_subsample_safetyon,8,5,124999.0,40.1
dqn_aug_subsample_safetyon,8,6,149999.0,43.43333333333333
dqn_aug_subsample_safetyon,8,7,174999.0,40.96666666666666
dqn_aug_subsample_safetyon,8,8,199999.0,40.63333333333333
dqn_aug_subsample_safetyon,8,9,224999.0,43.6
dqn_aug_subsample_safetyon,8,10,249999.0,40.33333333333333
dqn_aug_subsample_safetyon,8,11,274999.0,40.66666666666666
dqn_aug_subsample_safetyon,8,12,299999.0,37.1
dqn_aug_subsample_safetyon,9,1,24999.0,40.23333333333333
dqn_aug_subsample_safetyon,9,2,49999.0,37.46666666666666
dqn_aug_subsample_safetyon,9,3,74999.0,38.16666666666666
dqn_aug_subsample_safetyon,9,4,99999.0,32.96666666666666
dqn_aug_subsample_safetyon,9,5,124999.0,31.4
dqn_aug_subsample_safetyon,9,6,149999.0,32.03333333333334
dqn_aug_subsample_safetyon,9,7,174999.0,28.4
dqn_aug_subsample_safetyon,9,8,199999.0,30.166666666666664
dqn_aug_subsample_safetyon,9,9,224999.0,32.166666666666664
dqn_aug_subsample_safetyon,9,10,249999.0,29.63333333333334
dqn_aug_subsample_safetyon,9,11,274999.0,30.933333333333323
dqn_aug_subsample_safetyon,9,12,299999.0,30.066666666666663
dqn_full_safetyoff,0,1,24999.0,53.400000000000006
dqn_full_safetyoff,0,2,49999.0,50.13333333333333
dqn_full_safetyoff,0,3,74999.0,50.83333333333333
dqn_full_safetyoff,0,4,99999.0,48.1
dqn_full_safetyoff,0,5,124999.0,38.96666666666666
dqn_full_safetyoff,0,6,149999.0,50.23333333333333
dqn_full_safetyoff,0,7,174999.0,44.66666666666666
dqn_full_safetyoff,0,8,199999.0,39.1
dqn_full_safetyoff,0,9,224999.0,41.86666666666666
dqn_full_safetyoff,0,10,249999.0,51.56666666666666
dqn_full_safetyoff,0,11,274999.0,38.3
dqn_full_safetyoff,0,12,299999.0,36.4
dqn_full_safetyoff,1,1,24999.0,54.7
dqn_full_safetyoff,1,2,49999.0,50.36666666666666
dqn_full_safetyoff,1,3,74999.0,51.03333333333333
dqn_full_safetyoff,1,4,99999.0,48.56666666666666
dqn_full_safetyoff,1,5,124999.0,48.96666666666666
dqn_full_safetyoff,1,6,149999.0,38.36666666666667
dqn_full_safetyoff,1,7,174999.0,40.53333333333333
dqn_full_safetyoff,1,8,199999.0,47.73333333333333
dqn_full_safetyoff,1,9,224999.0,38.06666666666666
dqn_full_safetyoff,1,10,249999.0,47.766666666666666
dqn_full_safetyoff,1,11,274999.0,43.633333333333326
dqn_full_safetyoff,1,12,299999.0,37.13333333333333
dqn_full_safetyoff,10,1,24999.0,48.79999999999999
dqn_full_safetyoff,10,2,49999.0,49.86666666666667
dqn_full_safetyoff,10,3,74999.0,49.266666666666666
dqn_full_safetyoff,10,4,99999.0,49.46666666666666
dqn_full_safetyoff,10,5,124999.0,45.73333333333333
dqn_full_safetyoff,10,6,149999.0,48.06666666666666
dqn_full_safetyoff,10,7,174999.0,47.16666666666666
dqn_full_safetyoff,10,8,199999.0,33.6
dqn_full_safetyoff,10,9,224999.0,42.7
dqn_full_safetyoff,10,10,249999.0,44.1
dqn_full_safetyoff,10,11,274999.0,46.73333333333333
dqn_full_safetyoff,10,12,299999.0,39.8
dqn_full_safetyoff,11,1,24999.0,51.0
dqn_full_safetyoff,11,2,49999.0,48.86666666666667
dqn_full_safetyoff,11,3,74999.0,49.06666666666667
dqn_full_safetyoff,11,4,99999.0,50.13333333333333
dqn_full_safetyoff,11,5,124999.0,48.36666666666666
dqn_full_safetyoff,11,6,149999.0,50.26666666666666
dqn_full_safetyoff,11,7,174999.0,46.23333333333333
dqn_full_safetyoff,11,8,199999.0,40.46666666666666
dqn_full_safetyoff,11,9,224999.0,47.633333333333326
dqn_full_safetyoff,11,10,249999.0,49.93333333333332
dqn_full_safetyoff,11,11,274999.0,33.300000000000004
dqn_full_safetyoff,11,12,299999.0,41.93333333333334
dqn_full_safetyoff,12,1,24999.0,53.3
dqn_full_safetyoff,12,2,49999.0,52.900000000000006
dqn_full_safetyoff,12,3,74999.0,53.36666666666666
dqn_full_safetyoff,12,4,99999.0,52.79999999999999
dqn_full_safetyoff,12,5,124999.0,49.29999999999999
dqn_full_safetyoff,12,6,149999.0,49.266666666666666
dqn_full_safetyoff,12,7,174999.0,49.266666666666666
dqn_full_safetyoff,12,8,199999.0,49.9
dqn_full_safetyoff,12,9,224999.0,49.1
dqn_full_safetyoff,12,10,249999.0,47.46666666666666
dqn_full_safetyoff,12,11,274999.0,44.633333333333326
dqn_full_safetyoff,12,12,299999.0,43.66666666666667
dqn_full_safetyoff,13,1,24999.0,48.79999999999999
dqn_full_safetyoff,13,2,49999.0,50.19999999999999
dqn_full_safetyoff,13,3,74999.0,50.3
dqn_full_safetyoff,13,4,99999.0,50.8
dqn_full_safetyoff,13,5,124999.0,48.8
dqn_full_safetyoff,13,6,149999.0,35.86666666666667
dqn_full_safetyoff,13,7,174999.0,42.33333333333334
dqn_full_safetyoff,13,8,199999.0,44.4
dqn_full_safetyoff,13,9,224999.0,46.43333333333332
dqn_full_safetyoff,13,10,249999.0,48.36666666666666
dqn_full_safetyoff,13,11,274999.0,47.86666666666666
dqn_full_safetyoff,13,12,299999.0,46.59999999999999
dqn_full_safetyoff,14,1,24999.0,48.66666666666666
dqn_full_safetyoff,14,2,49999.0,47.19999999999999
dqn_full_safetyoff,14,3,74999.0,49.33333333333332
dqn_full_safetyoff,14,4,99999.0,44.96666666666666
dqn_full_safetyoff,14,5,124999.0,43.66666666666666
dqn_full_safetyoff,14,6,149999.0,44.633333333333326
dqn_full_safetyoff,14,7,174999.0,49.1
dqn_full_safetyoff,14,8,199999.0,44.06666666666666
dqn_full_safetyoff,14,9,224999.0,42.03333333333333
dqn_full_safetyoff,14,10,249999.0,39.4
dqn_full_safetyoff,14,11,274999.0,33.2
dqn_full_safetyoff,14,12,299999.0,32.1
dqn_full_safetyoff,15,1,24999.0,52.96666666666668
dqn_full_safetyoff,15,2,49999.0,50.73333333333333
dqn_full_safetyoff,15,3,74999.0,51.0
dqn_full_safetyoff,15,4,99999.0,48.6
dqn_full_safetyoff,15,5,124999.0,48.2
dqn_full_safetyoff,15,6,149999.0,51.63333333333333
dqn_full_safetyoff,15,7,174999.0,48.133333333333326
dqn_full_safetyoff,15,8,199999.0,40.96666666666666
dqn_full_safetyoff,15,9,224999.0,37.9
dqn_full_safetyoff,15,10,249999.0,37.3
dqn_full_safetyoff,15,11,274999.0,42.36666666666666
dqn_full_safetyoff,15,12,299999.0,45.93333333333333
dqn_full_safetyoff,16,1,24999.0,50.13333333333333
dqn_full_safetyoff,16,2,49999.0,49.03333333333333
dqn_full_safetyoff,16,3,74999.0,53.6
dqn_full_safetyoff,16,4,99999.0,46.400000000000006
dqn_full_safetyoff,16,5,124999.0,36.96666666666666
dqn_full_safetyoff,16,6,149999.0,32.733333333333334
dqn_full_safetyoff,16,7,174999.0,30.966666666666665
dqn_full_safetyoff,16,8,199999.0,35.2
dqn_full_safetyoff,16,9,224999.0,30.133333333333333
dqn_full_safetyoff,16,10,249999.0,40.36666666666666
dqn_full_safetyoff,16,11,274999.0,37.96666666666667
dqn_full_safetyoff,16,12,299999.0,33.53333333333333
dqn_full_safetyoff,17,1,24999.0,51.23333333333333
dqn_full_safetyoff,17,2,49999.0,50.43333333333332
dqn_full_safetyoff,17,3,74999.0,48.466666666666654
dqn_full_safetyoff,17,4,99999.0,46.966666666666654
dqn_full_safetyoff,17,5,124999.0,34.93333333333333
dqn_full_safetyoff,17,6,149999.0,35.4
dqn_full_safetyoff,17,7,174999.0,43.56666666666666
dqn_full_safetyoff,17,8,199999.0,32.9
dqn_full_safetyoff,17,9,224999.0,43.66666666666666
dqn_full_safetyoff,17,10,249999.0,33.56666666666666
dqn_full_safetyoff,17,11,274999.0,35.4
dqn_full_safetyoff,17,12,299999.0,35.6
dqn_full_safetyoff,18,1,24999.0,47.86666666666666
dqn_full_safetyoff,18,2,49999.0,48.73333333333333
dqn_full_safetyoff,18,3,74999.0,48.29999999999999
dqn_full_safetyoff,18,4,99999.0,47.266666666666666
dqn_full_safetyoff,18,5,124999.0,40.96666666666666
dqn_full_safetyoff,18,6,149999.0,38.5
dqn_full_safetyoff,18,7,174999.0,36.23333333333333
dqn_full_safetyoff,18,8,199999.0,35.43333333333333
dqn_full_safetyoff,18,9,224999.0,35.733333333333334
dqn_full_safetyoff,18,10,249999.0,36.4
dqn_full_safetyoff,18,11,274999.0,46.53333333333333
dqn_full_safetyoff,18,12,299999.0,29.933333333333334
dqn_full_safetyoff,19,1,24999.0,56.26666666666665
dqn_full_safetyoff,19,2,49999.0,53.46666666666666
dqn_full_safetyoff,19,3,74999.0,54.36666666666666
dqn_full_safetyoff,19,4,99999.0,50.36666666666666
dqn_full_safetyoff,19,5,124999.0,50.1
dqn_full_safetyoff,19,6,149999.0,50.8
dqn_full_safetyoff,19,7,174999.0,49.6
dqn_full_safetyoff,19,8,199999.0,43.53333333333333
dqn_full_safetyoff,19,9,224999.0,48.73333333333333
dqn_full_safetyoff,19,10,249999.0,38.66666666666666
dqn_full_safetyoff,19,11,274999.0,49.36666666666667
dqn_full_safetyoff,19,12,299999.0,46.26666666666666
dqn_full_safetyoff,2,1,24999.0,54.83333333333332
dqn_full_safetyoff,2,2,49999.0,54.66666666666666
dqn_full_safetyoff,2,3,74999.0,51.86666666666666
dqn_full_safetyoff,2,4,99999.0,53.3
dqn_full_safetyoff,2,5,124999.0,52.56666666666666
dqn_full_safetyoff,2,6,149999.0,50.46666666666666
dqn_full_safetyoff,2,7,174999.0,50.6
dqn_full_safetyoff,2,8,199999.0,46.76666666666666
dqn_full_safetyoff,2,9,224999.0,42.8
dqn_full_safetyoff,2,10,249999.0,47.46666666666666
dqn_full_safetyoff,2,11,274999.0,38.3
dqn_full_safetyoff,2,12,299999.0,49.73333333333333
dqn_full_safetyoff,3,1,24999.0,50.26666666666666
dqn_full_safetyoff,3,2,49999.0,49.83333333333333
dqn_full_safetyoff,3,3,74999.0,45.26666666666666
dqn_full_safetyoff,3,4,99999.0,45.36666666666666
dqn_full_safetyoff,3,5,124999.0,44.43333333333333
dqn_full_safetyoff,3,6,149999.0,44.1
dqn_full_safetyoff,3,7,174999.0,39.633333333333326
dqn_full_safetyoff,3,8,199999.0,40.43333333333334
dqn_full_safetyoff,3,9,224999.0,45.7
dqn_full_safetyoff,3,10,249999.0,34.4
dqn_full_safetyoff,3,11,274999.0,44.83333333333333
dqn_full_safetyoff,3,12,299999.0,39.4
dqn_full_safetyoff,4,1,24999.0,55.133333333333326
dqn_full_safetyoff,4,2,49999.0,52.46666666666665
dqn_full_safetyoff,4,3,74999.0,53.86666666666665
dqn_full_safetyoff,4,4,99999.0,48.99999999999999
dqn_full_safetyoff,4,5,124999.0,50.19999999999999
dqn_full_safetyoff,4,6,149999.0,49.16666666666666
dqn_full_safetyoff,4,7,174999.0,52.66666666666665
dqn_full_safetyoff,4,8,199999.0,47.56666666666666
dqn_full_safetyoff,4,9,224999.0,41.5
dqn_full_safetyoff,4,10,249999.0,41.86666666666666
dqn_full_safetyoff,4,11,274999.0,51.03333333333333
dqn_full_safetyoff,4,12,299999.0,38.9
dqn_full_safetyoff,5,1,24999.0,49.46666666666666
dqn_full_safetyoff,5,2,49999.0,54.06666666666665
dqn_full_safetyoff,5,3,74999.0,46.66666666666666
dqn_full_safetyoff,5,4,99999.0,46.99999999999999
dqn_full_safetyoff,5,5,124999.0,46.39999999999999
dqn_full_safetyoff,5,6,149999.0,42.83333333333332
dqn_full_safetyoff,5,7,174999.0,39.0
dqn_full_safetyoff,5,8,199999.0,44.76666666666665
dqn_full_safetyoff,5,9,224999.0,34.8
dqn_full_safetyoff,5,10,249999.0,38.03333333333333
dqn_full_safetyoff,5,11,274999.0,42.86666666666667
dqn_full_safetyoff,5,12,299999.0,41.03333333333333
dqn_full_safetyoff,6,1,24999.0,51.83333333333333
dqn_full_safetyoff,6,2,49999.0,51.13333333333333
dqn_full_safetyoff,6,3,74999.0,49.96666666666666
dqn_full_safetyoff,6,4,99999.0,49.33333333333332
dqn_full_safetyoff,6,5,124999.0,49.93333333333332
dqn_full_safetyoff,6,6,149999.0,43.69999999999999
dqn_full_safetyoff,6,7,174999.0,46.966666666666654
dqn_full_safetyoff,6,8,199999.0,45.2
dqn_full_safetyoff,6,9,224999.0,46.4
dqn_full_safetyoff,6,10,249999.0,44.6
dqn_full_safetyoff,6,11,274999.0,46.76666666666666
dqn_full_safetyoff,6,12,299999.0,47.23333333333333
dqn_full_safetyoff,7,1,24999.0,52.0
dqn_full_safetyoff,7,2,49999.0,50.76666666666666
dqn_full_safetyoff,7,3,74999.0,50.73333333333333
dqn_full_safetyoff,7,4,99999.0,50.39999999999999
dqn_full_safetyoff,7,5,124999.0,50.89999999999999
dqn_full_safetyoff,7,6,149999.0,50.59999999999999
dqn_full_safetyoff,7,7,174999.0,47.8
dqn_full_safetyoff,7,8,199999.0,40.1
dqn_full_safetyoff,7,9,224999.0,43.63333333333333
dqn_full_safetyoff,7,10,249999.0,48.43333333333333
dqn_full_safetyoff,7,11,274999.0,40.53333333333333
dqn_full_safetyoff,7,12,299999.0,48.43333333333333
dqn_full_safetyoff,8,1,24999.0,54.53333333333333
dqn_full_safetyoff,8,2,49999.0,55.400000000000006
dqn_full_safetyoff,8,3,74999.0,52.66666666666666
dqn_full_safetyoff,8,4,99999.0,56.73333333333333
dqn_full_safetyoff,8,5,124999.0,51.33333333333333
dqn_full_safetyoff,8,6,149999.0,50.19999999999999
dqn_full_safetyoff,8,7,174999.0,49.83333333333332
dqn_full_safetyoff,8,8,199999.0,46.36666666666666
dqn_full_safetyoff,8,9,224999.0,41.96666666666667
dqn_full_safetyoff,8,10,249999.0,49.23333333333332
dqn_full_safetyoff,8,11,274999.0,48.03333333333333
dqn_full_safetyoff,8,12,299999.0,50.19999999999999
dqn_full_safetyoff,9,1,24999.0,48.93333333333332
dqn_full_safetyoff,9,2,49999.0,49.23333333333332
dqn_full_safetyoff,9,3,74999.0,47.33333333333333
dqn_full_safetyoff,9,4,99999.0,47.96666666666666
dqn_full_safetyoff,9,5,124999.0,46.16666666666666
dqn_full_safetyoff,9,6,149999.0,44.76666666666666
dqn_full_safetyoff,9,7,174999.0,46.6
dqn_full_safetyoff,9,8,199999.0,34.333333333333336
dqn_full_safetyoff,9,9,224999.0,43.7
dqn_full_safetyoff,9,10,249999.0,36.86666666666667
dqn_full_safetyoff,9,11,274999.0,44.633333333333326
dqn_full_safetyoff,9,12,299999.0,43.33333333333332
dqn_full_safetyon,0,1,24999.0,46.96666666666666
dqn_full_safetyon,0,2,49999.0,45.03333333333333
dqn_full_safetyon,0,3,74999.0,42.66666666666666
dqn_full_safetyon,0,4,99999.0,42.56666666666666
dqn_full_safetyon,0,5,124999.0,42.89999999999999
dqn_full_safetyon,0,6,149999.0,43.99999999999999
dqn_full_safetyon,0,7,174999.0,40.23333333333333
dqn_full_safetyon,0,8,199999.0,42.0
dqn_full_safetyon,0,9,224999.0,45.2
dqn_full_safetyon,0,10,249999.0,45.0
dqn_full_safetyon,0,11,274999.0,44.5
dqn_full_safetyon,0,12,299999.0,49.33333333333332
dqn_full_safetyon,1,1,24999.0,40.16666666666666
dqn_full_safetyon,1,2,49999.0,47.36666666666666
dqn_full_safetyon,1,3,74999.0,40.1
dqn_full_safetyon,1,4,99999.0,39.36666666666666
dqn_full_safetyon,1,5,124999.0,37.36666666666667
dqn_full_safetyon,1,6,149999.0,36.53333333333334
dqn_full_safetyon,1,7,174999.0,31.866666666666667
dqn_full_safetyon,1,8,199999.0,36.06666666666666
dqn_full_safetyon,1,9,224999.0,35.733333333333334
dqn_full_safetyon,1,10,249999.0,33.06666666666666
dqn_full_safetyon,1,11,274999.0,39.8
dqn_full_safetyon,1,12,299999.0,45.8
dqn_full_safetyon,10,1,24999.0,46.26666666666666
dqn_full_safetyon,10,2,49999.0,39.4
dqn_full_safetyon,10,3,74999.0,44.53333333333333
dqn_full_safetyon,10,4,99999.0,43.766666666666666
dqn_full_safetyon,10,5,124999.0,46.53333333333333
dqn_full_safetyon,10,6,149999.0,40.133333333333326
dqn_full_safetyon,10,7,174999.0,37.49999999999999
dqn_full_safetyon,10,8,199999.0,33.300000000000004
dqn_full_safetyon,10,9,224999.0,33.03333333333334
dqn_full_safetyon,10,10,249999.0,36.83333333333333
dqn_full_safetyon,10,11,274999.0,41.2
dqn_full_safetyon,10,12,299999.0,36.5
dqn_full_safetyon,11,1,24999.0,40.36666666666666
dqn_full_safetyon,11,2,49999.0,32.6
dqn_full_safetyon,11,3,74999.0,45.66666666666666
dqn_full_safetyon,11,4,99999.0,35.06666666666666
dqn_full_safetyon,11,5,124999.0,43.06666666666666
dqn_full_safetyon,11,6,149999.0,37.43333333333334
dqn_full_safetyon,11,7,174999.0,36.93333333333333
dqn_full_safetyon,11,8,199999.0,34.300000000000004
dqn_full_safetyon,11,9,224999.0,42.56666666666666
dqn_full_safetyon,11,10,249999.0,41.06666666666666
dqn_full_safetyon,11,11,274999.0,46.73333333333333
dqn_full_safetyon,11,12,299999.0,34.96666666666667
dqn_full_safetyon,12,1,24999.0,47.33333333333333
dqn_full_safetyon,12,2,49999.0,43.266666666666666
dqn_full_safetyon,12,3,74999.0,48.63333333333333
dqn_full_safetyon,12,4,99999.0,44.2
dqn_full_safetyon,12,5,124999.0,48.49999999999999
dqn_full_safetyon,12,6,149999.0,50.19999999999999
dqn_full_safetyon,12,7,174999.0,47.03333333333333
dqn_full_safetyon,12,8,199999.0,52.03333333333332
dqn_full_safetyon,12,9,224999.0,47.333333333333336
dqn_full_safetyon,12,10,249999.0,48.43333333333333
dqn_full_safetyon,12,11,274999.0,50.4
dqn_full_safetyon,12,12,299999.0,39.53333333333333
dqn_full_safetyon,13,1,24999.0,35.666666666666664
dqn_full_safetyon,13,2,49999.0,41.96666666666666
dqn_full_safetyon,13,3,74999.0,42.633333333333326
dqn_full_safetyon,13,4,99999.0,44.03333333333333
dqn_full_safetyon,13,5,124999.0,39.16666666666666
dqn_full_safetyon,13,6,149999.0,37.63333333333333
dqn_full_safetyon,13,7,174999.0,47.83333333333333
dqn_full_safetyon,13,8,199999.0,38.66666666666666
dqn_full_safetyon,13,9,224999.0,33.73333333333333
dqn_full_safetyon,13,10,249999.0,38.06666666666666
dqn_full_safetyon,13,11,274999.0,35.7
dqn_full_safetyon,13,12,299999.0,40.89999999999999
dqn_full_safetyon,14,1,24999.0,42.1
dqn_full_safetyon,14,2,49999.0,33.63333333333333
dqn_full_safetyon,14,3,74999.0,43.49999999999999
dqn_full_safetyon,14,4,99999.0,38.2
dqn_full_safetyon,14,5,124999.0,35.5
dqn_full_safetyon,14,6,149999.0,40.96666666666666
dqn_full_safetyon,14,7,174999.0,45.66666666666666
dqn_full_safetyon,14,8,199999.0,32.23333333333333
dqn_full_safetyon,14,9,224999.0,38.93333333333332
dqn_full_safetyon,14,10,249999.0,35.6
dqn_full_safetyon,14,11,274999.0,35.53333333333333
dqn_full_safetyon,14,12,299999.0,34.46666666666666
dqn_full_safetyon,15,1,24999.0,45.23333333333333
dqn_full_safetyon,15,2,49999.0,43.633333333333326
dqn_full_safetyon,15,3,74999.0,44.63333333333333
dqn_full_safetyon,15,4,99999.0,41.46666666666666
dqn_full_safetyon,15,5,124999.0,43.4
dqn_full_safetyon,15,6,149999.0,40.3
dqn_full_safetyon,15,7,174999.0,39.96666666666666
dqn_full_safetyon,15,8,199999.0,36.8
dqn_full_safetyon,15,9,224999.0,41.53333333333333
dqn_full_safetyon,15,10,249999.0,30.86666666666667
dqn_full_safetyon,15,11,274999.0,35.233333333333334
dqn_full_safetyon,15,12,299999.0,35.2
dqn_full_safetyon,16,1,24999.0,36.3
dqn_full_safetyon,16,2,49999.0,28.1
dqn_full_safetyon,16,3,74999.0,34.599999999999994
dqn_full_safetyon,16,4,99999.0,31.866666666666667
dqn_full_safetyon,16,5,124999.0,35.5
dqn_full_safetyon,16,6,149999.0,29.966666666666665
dqn_full_safetyon,16,7,174999.0,36.2
dqn_full_safetyon,16,8,199999.0,38.3
dqn_full_safetyon,16,9,224999.0,32.03333333333334
dqn_full_safetyon,16,10,249999.0,31.4
dqn_full_safetyon,16,11,274999.0,34.43333333333333
dqn_full_safetyon,16,12,299999.0,28.5
dqn_full_safetyon,17,1,24999.0,41.16666666666666
dqn_full_safetyon,17,2,49999.0,32.76666666666666
dqn_full_safetyon,17,3,74999.0,44.53333333333333
dqn_full_safetyon,17,4,99999.0,35.7
dqn_full_safetyon,17,5,124999.0,44.43333333333332
dqn_full_safetyon,17,6,149999.0,43.16666666666666
dqn_full_safetyon,17,7,174999.0,44.96666666666666
dqn_full_safetyon,17,8,199999.0,45.36666666666666
dqn_full_safetyon,17,9,224999.0,45.63333333333332
dqn_full_safetyon,17,10,249999.0,35.833333333333336
dqn_full_safetyon,17,11,274999.0,43.66666666666666
dqn_full_safetyon,17,12,299999.0,45.26666666666665
dqn_full_safetyon,18,1,24999.0,34.73333333333333
dqn_full_safetyon,18,2,49999.0,32.96666666666666
dqn_full_safetyon,18,3,74999.0,29.1
dqn_full_safetyon,18,4,99999.0,29.966666666666665
dqn_full_safetyon,18,5,124999.0,29.966666666666665
dqn_full_safetyon,18,6,149999.0,32.1
dqn_full_safetyon,18,7,174999.0,35.733333333333334
dqn_full_safetyon,18,8,199999.0,44.133333333333326
dqn_full_safetyon,18,9,224999.0,35.2
dqn_full_safetyon,18,10,249999.0,33.5
dqn_full_safetyon,18,11,274999.0,29.766666666666666
dqn_full_safetyon,18,12,299999.0,39.03333333333333
dqn_full_safetyon,19,1,24999.0,43.1
dqn_full_safetyon,19,2,49999.0,41.833333333333336
dqn_full_safetyon,19,3,74999.0,43.96666666666667
dqn_full_safetyon,19,4,99999.0,41.46666666666666
dqn_full_safetyon,19,5,124999.0,49.46666666666666
dqn_full_safetyon,19,6,149999.0,48.53333333333333
dqn_full_safetyon,19,7,174999.0,48.43333333333334
dqn_full_safetyon,19,8,199999.0,47.36666666666666
dqn_full_safetyon,19,9,224999.0,43.93333333333333
dqn_full_safetyon,19,10,249999.0,41.766666666666666
dqn_full_safetyon,19,11,274999.0,48.7
dqn_full_safetyon,19,12,299999.0,44.43333333333332
dqn_full_safetyon,2,1,24999.0,44.99999999999999
dqn_full_safetyon,2,2,49999.0,42.53333333333333
dqn_full_safetyon,2,3,74999.0,43.766666666666666
dqn_full_safetyon,2,4,99999.0,45.36666666666666
dqn_full_safetyon,2,5,124999.0,45.96666666666666
dqn_full_safetyon,2,6,149999.0,36.3
dqn_full_safetyon,2,7,174999.0,45.2
dqn_full_safetyon,2,8,199999.0,42.36666666666666
dqn_full_safetyon,2,9,224999.0,48.39999999999999
dqn_full_safetyon,2,10,249999.0,38.66666666666666
dqn_full_safetyon,2,11,274999.0,47.56666666666666
dqn_full_safetyon,2,12,299999.0,44.6
dqn_full_safetyon,3,1,24999.0,37.23333333333333
dqn_full_safetyon,3,2,49999.0,36.6
dqn_full_safetyon,3,3,74999.0,40.66666666666666
dqn_full_safetyon,3,4,99999.0,29.2
dqn_full_safetyon,3,5,124999.0,37.89999999999999
dqn_full_safetyon,3,6,149999.0,40.7
dqn_full_safetyon,3,7,174999.0,39.1
dqn_full_safetyon,3,8,199999.0,29.76666666666667
dqn_full_safetyon,3,9,224999.0,44.2
dqn_full_safetyon,3,10,249999.0,48.43333333333333
dqn_full_safetyon,3,11,274999.0,40.93333333333333
dqn_full_safetyon,3,12,299999.0,43.06666666666666
dqn_full_safetyon,4,1,24999.0,51.33333333333333
dqn_full_safetyon,4,2,49999.0,48.16666666666666
dqn_full_safetyon,4,3,74999.0,41.3
dqn_full_safetyon,4,4,99999.0,49.23333333333333
dqn_full_safetyon,4,5,124999.0,48.93333333333333
dqn_full_safetyon,4,6,149999.0,40.9
dqn_full_safetyon,4,7,174999.0,48.46666666666666
dqn_full_safetyon,4,8,199999.0,44.06666666666666
dqn_full_safetyon,4,9,224999.0,44.0
dqn_full_safetyon,4,10,249999.0,41.66666666666666
dqn_full_safetyon,4,11,274999.0,44.43333333333333
dqn_full_safetyon,4,12,299999.0,44.06666666666666
dqn_full_safetyon,5,1,24999.0,36.06666666666666
dqn_full_safetyon,5,2,49999.0,40.16666666666666
dqn_full_safetyon,5,3,74999.0,41.89999999999999
dqn_full_safetyon,5,4,99999.0,37.23333333333333
dqn_full_safetyon,5,5,124999.0,45.26666666666666
dqn_full_safetyon,5,6,149999.0,35.833333333333336
dqn_full_safetyon,5,7,174999.0,37.83333333333333
dqn_full_safetyon,5,8,199999.0,38.36666666666667
dqn_full_safetyon,5,9,224999.0,35.3
dqn_full_safetyon,5,10,249999.0,32.1
dqn_full_safetyon,5,11,274999.0,38.33333333333333
dqn_full_safetyon,5,12,299999.0,36.6
dqn_full_safetyon,6,1,24999.0,39.8
dqn_full_safetyon,6,2,49999.0,40.16666666666666
dqn_full_safetyon,6,3,74999.0,39.1
dqn_full_safetyon,6,4,99999.0,41.066666666666656
dqn_full_safetyon,6,5,124999.0,40.1
dqn_full_safetyon,6,6,149999.0,34.93333333333333
dqn_full_safetyon,6,7,174999.0,42.49999999999999
dqn_full_safetyon,6,8,199999.0,31.2
dqn_full_safetyon,6,9,224999.0,36.23333333333333
dqn_full_safetyon,6,10,249999.0,39.36666666666666
dqn_full_safetyon,6,11,274999.0,40.03333333333333
dqn_full_safetyon,6,12,299999.0,45.133333333333326
dqn_full_safetyon,7,1,24999.0,36.53333333333334
dqn_full_safetyon,7,2,49999.0,47.9
dqn_full_safetyon,7,3,74999.0,45.633333333333326
dqn_full_safetyon,7,4,99999.0,38.133333333333326
dqn_full_safetyon,7,5,124999.0,46.56666666666666
dqn_full_safetyon,7,6,149999.0,36.633333333333326
dqn_full_safetyon,7,7,174999.0,32.13333333333333
dqn_full_safetyon,7,8,199999.0,36.5
dqn_full_safetyon,7,9,224999.0,33.63333333333334
dqn_full_safetyon,7,10,249999.0,46.06666666666666
dqn_full_safetyon,7,11,274999.0,44.46666666666667
dqn_full_safetyon,7,12,299999.0,39.03333333333334
dqn_full_safetyon,8,1,24999.0,45.36666666666666
dqn_full_safetyon,8,2,49999.0,46.13333333333333
dqn_full_safetyon,8,3,74999.0,50.83333333333333
dqn_full_safetyon,8,4,99999.0,50.66666666666666
dqn_full_safetyon,8,5,124999.0,54.33333333333332
dqn_full_safetyon,8,6,149999.0,54.46666666666668
dqn_full_safetyon,8,7,174999.0,41.43333333333333
dqn_full_safetyon,8,8,199999.0,44.56666666666666
dqn_full_safetyon,8,9,224999.0,43.2
dqn_full_safetyon,8,10,249999.0,49.43333333333332
dqn_full_safetyon,8,11,274999.0,51.06666666666666
dqn_full_safetyon,8,12,299999.0,49.73333333333333
dqn_full_safetyon,9,1,24999.0,36.2
dqn_full_safetyon,9,2,49999.0,41.49999999999999
dqn_full_safetyon,9,3,74999.0,30.966666666666665
dqn_full_safetyon,9,4,99999.0,43.7
dqn_full_safetyon,9,5,124999.0,37.266666666666666
dqn_full_safetyon,9,6,149999.0,44.9
dqn_full_safetyon,9,7,174999.0,39.43333333333332
dqn_full_safetyon,9,8,199999.0,41.0
dqn_full_safetyon,9,9,224999.0,32.53333333333334
dqn_full_safetyon,9,10,249999.0,34.06666666666666
dqn_full_safetyon,9,11,274999.0,40.23333333333333
dqn_full_safetyon,9,12,299999.0,33.76666666666666
dqn_real_only_safetyoff,0,1,24999.0,54.73333333333332
dqn_real_only_safetyoff,0,2,49999.0,50.36666666666666
dqn_real_only_safetyoff,0,3,74999.0,48.03333333333333
dqn_real_only_safetyoff,0,4,99999.0,45.13333333333333
dqn_real_only_safetyoff,0,5,124999.0,46.89999999999999
dqn_real_only_safetyoff,0,6,149999.0,45.76666666666666
dqn_real_only_safetyoff,0,7,174999.0,43.16666666666666
dqn_real_only_safetyoff,0,8,199999.0,41.1
dqn_real_only_safetyoff,0,9,224999.0,37.4
dqn_real_only_safetyoff,0,10,249999.0,37.83333333333332
dqn_real_only_safetyoff,0,11,274999.0,39.53333333333333
dqn_real_only_safetyoff,0,12,299999.0,37.36666666666667
dqn_real_only_safetyoff,1,1,24999.0,52.83333333333332
dqn_real_only_safetyoff,1,2,49999.0,50.99999999999999
dqn_real_only_safetyoff,1,3,74999.0,47.4
dqn_real_only_safetyoff,1,4,99999.0,50.76666666666666
dqn_real_only_safetyoff,1,5,124999.0,39.2
dqn_real_only_safetyoff,1,6,149999.0,42.96666666666666
dqn_real_only_safetyoff,1,7,174999.0,36.76666666666667
dqn_real_only_safetyoff,1,8,199999.0,38.266666666666666
dqn_real_only_safetyoff,1,9,224999.0,33.833333333333336
dqn_real_only_safetyoff,1,10,249999.0,37.13333333333333
dqn_real_only_safetyoff,1,11,274999.0,35.36666666666666
dqn_real_only_safetyoff,1,12,299999.0,35.03333333333333
dqn_real_only_safetyoff,10,1,24999.0,50.56666666666666
dqn_real_only_safetyoff,10,2,49999.0,53.06666666666666
dqn_real_only_safetyoff,10,3,74999.0,52.16666666666666
dqn_real_only_safetyoff,10,4,99999.0,49.16666666666666
dqn_real_only_safetyoff,10,5,124999.0,47.466666666666654
dqn_real_only_safetyoff,10,6,149999.0,41.7
dqn_real_only_safetyoff,10,7,174999.0,45.83333333333333
dqn_real_only_safetyoff,10,8,199999.0,40.2
dqn_real_only_safetyoff,10,9,224999.0,42.13333333333333
dqn_real_only_safetyoff,10,10,249999.0,33.833333333333336
dqn_real_only_safetyoff,10,11,274999.0,36.266666666666666
dqn_real_only_safetyoff,10,12,299999.0,36.66666666666666
dqn_real_only_safetyoff,11,1,24999.0,50.66666666666666
dqn_real_only_safetyoff,11,2,49999.0,49.7
dqn_real_only_safetyoff,11,3,74999.0,51.66666666666666
dqn_real_only_safetyoff,11,4,99999.0,48.8
dqn_real_only_safetyoff,11,5,124999.0,47.43333333333333
dqn_real_only_safetyoff,11,6,149999.0,41.266666666666666
dqn_real_only_safetyoff,11,7,174999.0,45.1
dqn_real_only_safetyoff,11,8,199999.0,36.86666666666667
dqn_real_only_safetyoff,11,9,224999.0,38.6
dqn_real_only_safetyoff,11,10,249999.0,36.03333333333333
dqn_real_only_safetyoff,11,11,274999.0,36.86666666666667
dqn_real_only_safetyoff,11,12,299999.0,38.53333333333333
dqn_real_only_safetyoff,12,1,24999.0,55.3
dqn_real_only_safetyoff,12,2,49999.0,53.13333333333332
dqn_real_only_safetyoff,12,3,74999.0,54.466666666666654
dqn_real_only_safetyoff,12,4,99999.0,51.46666666666666
dqn_real_only_safetyoff,12,5,124999.0,51.366666666666646
dqn_real_only_safetyoff,12,6,149999.0,50.76666666666666
dqn_real_only_safetyoff,12,7,174999.0,47.53333333333333
dqn_real_only_safetyoff,12,8,199999.0,43.06666666666666
dqn_real_only_safetyoff,12,9,224999.0,41.0
dqn_real_only_safetyoff,12,10,249999.0,40.833333333333336
dqn_real_only_safetyoff,12,11,274999.0,45.03333333333333
dqn_real_only_safetyoff,12,12,299999.0,47.23333333333333
dqn_real_only_safetyoff,13,1,24999.0,47.766666666666666
dqn_real_only_safetyoff,13,2,49999.0,48.266666666666666
dqn_real_only_safetyoff,13,3,74999.0,48.23333333333333
dqn_real_only_safetyoff,13,4,99999.0,46.4
dqn_real_only_safetyoff,13,5,124999.0,48.66666666666666
dqn_real_only_safetyoff,13,6,149999.0,50.63333333333334
dqn_real_only_safetyoff,13,7,174999.0,45.36666666666666
dqn_real_only_safetyoff,13,8,199999.0,42.266666666666666
dqn_real_only_safetyoff,13,9,224999.0,38.66666666666666
dqn_real_only_safetyoff,13,10,249999.0,34.46666666666666
dqn_real_only_safetyoff,13,11,274999.0,44.8
dqn_real_only_safetyoff,13,12,299999.0,33.099999999999994
dqn_real_only_safetyoff,14,1,24999.0,46.633333333333326
dqn_real_only_safetyoff,14,2,49999.0,46.83333333333333
dqn_real_only_safetyoff,14,3,74999.0,45.69999999999999
dqn_real_only_safetyoff,14,4,99999.0,45.89999999999999
dqn_real_only_safetyoff,14,5,124999.0,47.16666666666666
dqn_real_only_safetyoff,14,6,149999.0,44.46666666666667
dqn_real_only_safetyoff,14,7,174999.0,45.56666666666666
dqn_real_only_safetyoff,14,8,199999.0,47.56666666666666
dqn_real_only_safetyoff,14,9,224999.0,43.59999999999999
dqn_real_only_safetyoff,14,10,249999.0,46.3
dqn_real_only_safetyoff,14,11,274999.0,49.1
dqn_real_only_safetyoff,14,12,299999.0,38.133333333333326
dqn_real_only_safetyoff,15,1,24999.0,47.63333333333334
dqn_real_only_safetyoff,15,2,49999.0,47.56666666666666
dqn_real_only_safetyoff,15,3,74999.0,47.2
dqn_real_only_safetyoff,15,4,99999.0,46.2
dqn_real_only_safetyoff,15,5,124999.0,46.79999999999999
dqn_real_only_safetyoff,15,6,149999.0,46.2
dqn_real_only_safetyoff,15,7,174999.0,47.86666666666666
dqn_real_only_safetyoff,15,8,199999.0,46.6
dqn_real_only_safetyoff,15,9,224999.0,45.03333333333333
dqn_real_only_safetyoff,15,10,249999.0,43.266666666666666
dqn_real_only_safetyoff,15,11,274999.0,39.43333333333333
dqn_real_only_safetyoff,15,12,299999.0,43.266666666666666
dqn_real_only_safetyoff,16,1,24999.0,48.36666666666666
dqn_real_only_safetyoff,16,2,49999.0,49.2
dqn_real_only_safetyoff,16,3,74999.0,46.46666666666666
dqn_real_only_safetyoff,16,4,99999.0,32.96666666666667
dqn_real_only_safetyoff,16,5,124999.0,38.56666666666667
dqn_real_only_safetyoff,16,6,149999.0,36.266666666666666
dqn_real_only_safetyoff,16,7,174999.0,29.26666666666667
dqn_real_only_safetyoff,16,8,199999.0,29.566666666666663
dqn_real_only_safetyoff,16,9,224999.0,27.86666666666666
dqn_real_only_safetyoff,16,10,249999.0,39.53333333333333
dqn_real_only_safetyoff,16,11,274999.0,29.133333333333333
dqn_real_only_safetyoff,16,12,299999.0,29.4
dqn_real_only_safetyoff,17,1,24999.0,53.26666666666665
dqn_real_only_safetyoff,17,2,49999.0,52.966666666666654
dqn_real_only_safetyoff,17,3,74999.0,49.36666666666667
dqn_real_only_safetyoff,17,4,99999.0,46.93333333333332
dqn_real_only_safetyoff,17,5,124999.0,47.56666666666666
dqn_real_only_safetyoff,17,6,149999.0,46.46666666666666
dqn_real_only_safetyoff,17,7,174999.0,45.96666666666666
dqn_real_only_safetyoff,17,8,199999.0,45.76666666666666
dqn_real_only_safetyoff,17,9,224999.0,46.46666666666666
dqn_real_only_safetyoff,17,10,249999.0,45.03333333333333
dqn_real_only_safetyoff,17,11,274999.0,46.26666666666666
dqn_real_only_safetyoff,17,12,299999.0,44.2
dqn_real_only_safetyoff,18,1,24999.0,48.89999999999999
dqn_real_only_safetyoff,18,2,49999.0,46.93333333333333
dqn_real_only_safetyoff,18,3,74999.0,48.86666666666666
dqn_real_only_safetyoff,18,4,99999.0,47.43333333333333
dqn_real_only_safetyoff,18,5,124999.0,44.23333333333333
dqn_real_only_safetyoff,18,6,149999.0,40.8
dqn_real_only_safetyoff,18,7,174999.0,35.06666666666666
dqn_real_only_safetyoff,18,8,199999.0,35.86666666666666
dqn_real_only_safetyoff,18,9,224999.0,33.300000000000004
dqn_real_only_safetyoff,18,10,249999.0,37.63333333333333
dqn_real_only_safetyoff,18,11,274999.0,41.766666666666666
dqn_real_only_safetyoff,18,12,299999.0,34.5
dqn_real_only_safetyoff,19,1,24999.0,53.1
dqn_real_only_safetyoff,19,2,49999.0,54.633333333333326
dqn_real_only_safetyoff,19,3,74999.0,57.8
dqn_real_only_safetyoff,19,4,99999.0,50.83333333333333
dqn_real_only_safetyoff,19,5,124999.0,47.96666666666666
dqn_real_only_safetyoff,19,6,149999.0,43.76666666666667
dqn_real_only_safetyoff,19,7,174999.0,45.9
dqn_real_only_safetyoff,19,8,199999.0,45.86666666666666
dqn_real_only_safetyoff,19,9,224999.0,41.13333333333333
dqn_real_only_safetyoff,19,10,249999.0,44.53333333333334
dqn_real_only_safetyoff,19,11,274999.0,40.8
dqn_real_only_safetyoff,19,12,299999.0,38.1
dqn_real_only_safetyoff,2,1,24999.0,52.36666666666666
dqn_real_only_safetyoff,2,2,49999.0,54.39999999999999
dqn_real_only_safetyoff,2,3,74999.0,52.43333333333332
dqn_real_only_safetyoff,2,4,99999.0,48.8
dqn_real_only_safetyoff,2,5,124999.0,41.46666666666666
dqn_real_only_safetyoff,2,6,149999.0,49.96666666666666
dqn_real_only_safetyoff,2,7,174999.0,41.56666666666666
dqn_real_only_safetyoff,2,8,199999.0,36.8
dqn_real_only_safetyoff,2,9,224999.0,40.66666666666666
dqn_real_only_safetyoff,2,10,249999.0,34.833333333333336
dqn_real_only_safetyoff,2,11,274999.0,36.43333333333333
dqn_real_only_safetyoff,2,12,299999.0,44.9
dqn_real_only_safetyoff,3,1,24999.0,50.86666666666666
dqn_real_only_safetyoff,3,2,49999.0,52.13333333333332
dqn_real_only_safetyoff,3,3,74999.0,46.46666666666666
dqn_real_only_safetyoff,3,4,99999.0,35.666666666666664
dqn_real_only_safetyoff,3,5,124999.0,42.93333333333332
dqn_real_only_safetyoff,3,6,149999.0,37.2
dqn_real_only_safetyoff,3,7,174999.0,44.99999999999999
dqn_real_only_safetyoff,3,8,199999.0,39.2
dqn_real_only_safetyoff,3,9,224999.0,36.6
dqn_real_only_safetyoff,3,10,249999.0,38.56666666666666
dqn_real_only_safetyoff,3,11,274999.0,35.89999999999999
dqn_real_only_safetyoff,3,12,299999.0,40.16666666666666
dqn_real_only_safetyoff,4,1,24999.0,54.23333333333332
dqn_real_only_safetyoff,4,2,49999.0,55.60000000000001
dqn_real_only_safetyoff,4,3,74999.0,44.2
dqn_real_only_safetyoff,4,4,99999.0,44.266666666666666
dqn_real_only_safetyoff,4,5,124999.0,45.76666666666666
dqn_real_only_safetyoff,4,6,149999.0,38.33333333333333
dqn_real_only_safetyoff,4,7,174999.0,43.43333333333333
dqn_real_only_safetyoff,4,8,199999.0,39.66666666666666
dqn_real_only_safetyoff,4,9,224999.0,45.0
dqn_real_only_safetyoff,4,10,249999.0,38.43333333333333
dqn_real_only_safetyoff,4,11,274999.0,38.16666666666666
dqn_real_only_safetyoff,4,12,299999.0,39.53333333333333
dqn_real_only_safetyoff,5,1,24999.0,53.96666666666668
dqn_real_only_safetyoff,5,2,49999.0,50.06666666666666
dqn_real_only_safetyoff,5,3,74999.0,50.39999999999999
dqn_real_only_safetyoff,5,4,99999.0,51.13333333333333
dqn_real_only_safetyoff,5,5,124999.0,47.29999999999999
dqn_real_only_safetyoff,5,6,149999.0,45.33333333333333
dqn_real_only_safetyoff,5,7,174999.0,43.9
dqn_real_only_safetyoff,5,8,199999.0,32.9
dqn_real_only_safetyoff,5,9,224999.0,40.36666666666666
dqn_real_only_safetyoff,5,10,249999.0,31.566666666666663
dqn_real_only_safetyoff,5,11,274999.0,37.33333333333333
dqn_real_only_safetyoff,5,12,299999.0,36.46666666666666
dqn_real_only_safetyoff,6,1,24999.0,50.83333333333333
dqn_real_only_safetyoff,6,2,49999.0,50.19999999999999
dqn_real_only_safetyoff,6,3,74999.0,50.56666666666666
dqn_real_only_safetyoff,6,4,99999.0,37.8
dqn_real_only_safetyoff,6,5,124999.0,38.2
dqn_real_only_safetyoff,6,6,149999.0,32.03333333333334
dqn_real_only_safetyoff,6,7,174999.0,39.86666666666666
dqn_real_only_safetyoff,6,8,199999.0,43.53333333333333
dqn_real_only_safetyoff,6,9,224999.0,45.76666666666666
dqn_real_only_safetyoff,6,10,249999.0,41.6
dqn_real_only_safetyoff,6,11,274999.0,39.36666666666666
dqn_real_only_safetyoff,6,12,299999.0,43.46666666666666
dqn_real_only_safetyoff,7,1,24999.0,52.93333333333332
dqn_real_only_safetyoff,7,2,49999.0,51.53333333333333
dqn_real_only_safetyoff,7,3,74999.0,51.23333333333333
dqn_real_only_safetyoff,7,4,99999.0,50.06666666666666
dqn_real_only_safetyoff,7,5,124999.0,39.86666666666666
dqn_real_only_safetyoff,7,6,149999.0,43.0
dqn_real_only_safetyoff,7,7,174999.0,34.36666666666666
dqn_real_only_safetyoff,7,8,199999.0,40.8
dqn_real_only_safetyoff,7,9,224999.0,39.43333333333334
dqn_real_only_safetyoff,7,10,249999.0,43.3
dqn_real_only_safetyoff,7,11,274999.0,43.5
dqn_real_only_safetyoff,7,12,299999.0,41.3
dqn_real_only_safetyoff,8,1,24999.0,56.266666666666666
dqn_real_only_safetyoff,8,2,49999.0,54.133333333333326
dqn_real_only_safetyoff,8,3,74999.0,51.9
dqn_real_only_safetyoff,8,4,99999.0,48.16666666666666
dqn_real_only_safetyoff,8,5,124999.0,43.2
dqn_real_only_safetyoff,8,6,149999.0,49.266666666666666
dqn_real_only_safetyoff,8,7,174999.0,43.5
dqn_real_only_safetyoff,8,8,199999.0,46.7
dqn_real_only_safetyoff,8,9,224999.0,39.33333333333333
dqn_real_only_safetyoff,8,10,249999.0,34.633333333333326
dqn_real_only_safetyoff,8,11,274999.0,38.33333333333333
dqn_real_only_safetyoff,8,12,299999.0,36.89999999999999
dqn_real_only_safetyoff,9,1,24999.0,48.7
dqn_real_only_safetyoff,9,2,49999.0,47.133333333333326
dqn_real_only_safetyoff,9,3,74999.0,50.66666666666666
dqn_real_only_safetyoff,9,4,99999.0,45.53333333333333
dqn_real_only_safetyoff,9,5,124999.0,36.633333333333326
dqn_real_only_safetyoff,9,6,149999.0,37.06666666666666
dqn_real_only_safetyoff,9,7,174999.0,37.03333333333333
dqn_real_only_safetyoff,9,8,199999.0,34.166666666666664
dqn_real_only_safetyoff,9,9,224999.0,38.03333333333333
dqn_real_only_safetyoff,9,10,249999.0,30.83333333333333
dqn_real_only_safetyoff,9,11,274999.0,35.233333333333334
dqn_real_only_safetyoff,9,12,299999.0,31.033333333333328
dqn_real_only_safetyon,0,1,24999.0,41.6
dqn_real_only_safetyon,0,2,49999.0,36.8
dqn_real_only_safetyon,0,3,74999.0,47.53333333333333
dqn_real_only_safetyon,0,4,99999.0,50.63333333333333
dqn_real_only_safetyon,0,5,124999.0,44.1
dqn_real_only_safetyon,0,6,149999.0,44.133333333333326
dqn_real_only_safetyon,0,7,174999.0,42.4
dqn_real_only_safetyon,0,8,199999.0,39.6
dqn_real_only_safetyon,0,9,224999.0,46.26666666666666
dqn_real_only_safetyon,0,10,249999.0,34.599999999999994
dqn_real_only_safetyon,0,11,274999.0,40.7
dqn_real_only_safetyon,0,12,299999.0,36.03333333333333
dqn_real_only_safetyon,1,1,24999.0,37.93333333333333
dqn_real_only_safetyon,1,2,49999.0,34.833333333333336
dqn_real_only_safetyon,1,3,74999.0,40.36666666666666
dqn_real_only_safetyon,1,4,99999.0,39.63333333333334
dqn_real_only_safetyon,1,5,124999.0,44.76666666666666
dqn_real_only_safetyon,1,6,149999.0,39.76666666666666
dqn_real_only_safetyon,1,7,174999.0,31.36666666666667
dqn_real_only_safetyon,1,8,199999.0,37.0
dqn_real_only_safetyon,1,9,224999.0,40.6
dqn_real_only_safetyon,1,10,249999.0,32.83333333333333
dqn_real_only_safetyon,1,11,274999.0,32.1
dqn_real_only_safetyon,1,12,299999.0,34.7
dqn_real_only_safetyon,10,1,24999.0,35.0
dqn_real_only_safetyon,10,2,49999.0,33.5
dqn_real_only_safetyon,10,3,74999.0,41.7
dqn_real_only_safetyon,10,4,99999.0,32.166666666666664
dqn_real_only_safetyon,10,5,124999.0,33.733333333333334
dqn_real_only_safetyon,10,6,149999.0,32.16666666666667
dqn_real_only_safetyon,10,7,174999.0,35.06666666666666
dqn_real_only_safetyon,10,8,199999.0,35.233333333333334
dqn_real_only_safetyon,10,9,224999.0,49.86666666666667
dqn_real_only_safetyon,10,10,249999.0,32.53333333333333
dqn_real_only_safetyon,10,11,274999.0,44.5
dqn_real_only_safetyon,10,12,299999.0,43.9
dqn_real_only_safetyon,11,1,24999.0,40.833333333333336
dqn_real_only_safetyon,11,2,49999.0,36.76666666666667
dqn_real_only_safetyon,11,3,74999.0,36.6
dqn_real_only_safetyon,11,4,99999.0,35.0
dqn_real_only_safetyon,11,5,124999.0,48.16666666666666
dqn_real_only_safetyon,11,6,149999.0,39.06666666666666
dqn_real_only_safetyon,11,7,174999.0,33.56666666666666
dqn_real_only_safetyon,11,8,199999.0,34.63333333333334
dqn_real_only_safetyon,11,9,224999.0,43.96666666666667
dqn_real_only_safetyon,11,10,249999.0,34.7
dqn_real_only_safetyon,11,11,274999.0,37.1
dqn_real_only_safetyon,11,12,299999.0,43.93333333333333
dqn_real_only_safetyon,12,1,24999.0,44.96666666666666
dqn_real_only_safetyon,12,2,49999.0,44.633333333333326
dqn_real_only_safetyon,12,3,74999.0,43.56666666666666
dqn_real_only_safetyon,12,4,99999.0,43.06666666666666
dqn_real_only_safetyon,12,5,124999.0,42.46666666666666
dqn_real_only_safetyon,12,6,149999.0,39.49999999999999
dqn_real_only_safetyon,12,7,174999.0,37.46666666666666
dqn_real_only_safetyon,12,8,199999.0,42.36666666666666
dqn_real_only_safetyon,12,9,224999.0,41.46666666666666
dqn_real_only_safetyon,12,10,249999.0,38.633333333333326
dqn_real_only_safetyon,12,11,274999.0,38.7
dqn_real_only_safetyon,12,12,299999.0,42.89999999999999
dqn_real_only_safetyon,13,1,24999.0,34.7
dqn_real_only_safetyon,13,2,49999.0,33.03333333333333
dqn_real_only_safetyon,13,3,74999.0,33.4
dqn_real_only_safetyon,13,4,99999.0,45.16666666666666
dqn_real_only_safetyon,13,5,124999.0,33.26666666666666
dqn_real_only_safetyon,13,6,149999.0,34.766666666666666
dqn_real_only_safetyon,13,7,174999.0,41.99999999999999
dqn_real_only_safetyon,13,8,199999.0,33.76666666666666
dqn_real_only_safetyon,13,9,224999.0,34.73333333333334
dqn_real_only_safetyon,13,10,249999.0,32.06666666666667
dqn_real_only_safetyon,13,11,274999.0,32.166666666666664
dqn_real_only_safetyon,13,12,299999.0,29.633333333333333
dqn_real_only_safetyon,14,1,24999.0,43.23333333333332
dqn_real_only_safetyon,14,2,49999.0,36.133333333333326
dqn_real_only_safetyon,14,3,74999.0,46.133333333333326
dqn_real_only_safetyon,14,4,99999.0,32.76666666666666
dqn_real_only_safetyon,14,5,124999.0,40.26666666666666
dqn_real_only_safetyon,14,6,149999.0,33.5
dqn_real_only_safetyon,14,7,174999.0,31.63333333333333
dqn_real_only_safetyon,14,8,199999.0,32.9
dqn_real_only_safetyon,14,9,224999.0,31.933333333333323
dqn_real_only_safetyon,14,10,249999.0,42.6
dqn_real_only_safetyon,14,11,274999.0,32.33333333333333
dqn_real_only_safetyon,14,12,299999.0,34.133333333333326
dqn_real_only_safetyon,15,1,24999.0,36.63333333333333
dqn_real_only_safetyon,15,2,49999.0,34.36666666666666
dqn_real_only_safetyon,15,3,74999.0,34.7
dqn_real_only_safetyon,15,4,99999.0,43.93333333333333
dqn_real_only_safetyon,15,5,124999.0,36.7
dqn_real_only_safetyon,15,6,149999.0,33.93333333333333
dqn_real_only_safetyon,15,7,174999.0,36.5
dqn_real_only_safetyon,15,8,199999.0,34.2
dqn_real_only_safetyon,15,9,224999.0,34.7
dqn_real_only_safetyon,15,10,249999.0,40.99999999999999
dqn_real_only_safetyon,15,11,274999.0,35.833333333333336
dqn_real_only_safetyon,15,12,299999.0,38.8
dqn_real_only_safetyon,16,1,24999.0,36.2
dqn_real_only_safetyon,16,2,49999.0,32.16666666666667
dqn_real_only_safetyon,16,3,74999.0,37.2
dqn_real_only_safetyon,16,4,99999.0,28.733333333333334
dqn_real_only_safetyon,16,5,124999.0,36.9
dqn_real_only_safetyon,16,6,149999.0,37.53333333333333
dqn_real_only_safetyon,16,7,174999.0,35.099999999999994
dqn_real_only_safetyon,16,8,199999.0,31.53333333333333
dqn_real_only_safetyon,16,9,224999.0,36.33333333333334
dqn_real_only_safetyon,16,10,249999.0,30.1
dqn_real_only_safetyon,16,11,274999.0,38.83333333333333
dqn_real_only_safetyon,16,12,299999.0,31.43333333333333
dqn_real_only_safetyon,17,1,24999.0,37.66666666666666
dqn_real_only_safetyon,17,2,49999.0,39.4
dqn_real_only_safetyon,17,3,74999.0,43.93333333333332
dqn_real_only_safetyon,17,4,99999.0,39.56666666666666
dqn_real_only_safetyon,17,5,124999.0,41.1
dqn_real_only_safetyon,17,6,149999.0,39.7
dqn_real_only_safetyon,17,7,174999.0,45.26666666666666
dqn_real_only_safetyon,17,8,199999.0,44.566666666666656
dqn_real_only_safetyon,17,9,224999.0,45.66666666666666
dqn_real_only_safetyon,17,10,249999.0,45.36666666666666
dqn_real_only_safetyon,17,11,274999.0,33.900000000000006
dqn_real_only_safetyon,17,12,299999.0,37.33333333333333
dqn_real_only_safetyon,18,1,24999.0,34.23333333333333
dqn_real_only_safetyon,18,2,49999.0,38.99999999999999
dqn_real_only_safetyon,18,3,74999.0,29.3
dqn_real_only_safetyon,18,4,99999.0,38.96666666666666
dqn_real_only_safetyon,18,5,124999.0,32.26666666666666
dqn_real_only_safetyon,18,6,149999.0,36.6
dqn_real_only_safetyon,18,7,174999.0,35.79999999999999
dqn_real_only_safetyon,18,8,199999.0,32.66666666666666
dqn_real_only_safetyon,18,9,224999.0,36.96666666666666
dqn_real_only_safetyon,18,10,249999.0,36.6
dqn_real_only_safetyon,18,11,274999.0,34.233333333333334
dqn_real_only_safetyon,18,12,299999.0,29.766666666666666
dqn_real_only_safetyon,19,1,24999.0,46.73333333333333
dqn_real_only_safetyon,19,2,49999.0,48.43333333333334
dqn_real_only_safetyon,19,3,74999.0,48.2
dqn_real_only_safetyon,19,4,99999.0,47.1
dqn_real_only_safetyon,19,5,124999.0,46.66666666666666
dqn_real_only_safetyon,19,6,149999.0,43.46666666666666
dqn_real_only_safetyon,19,7,174999.0,45.86666666666666
dqn_real_only_safetyon,19,8,199999.0,43.93333333333332
dqn_real_only_safetyon,19,9,224999.0,43.99999999999999
dqn_real_only_safetyon,19,10,249999.0,52.03333333333332
dqn_real_only_safetyon,19,11,274999.0,43.16666666666666
dqn_real_only_safetyon,19,12,299999.0,48.99999999999999
dqn_real_only_safetyon,2,1,24999.0,40.7
dqn_real_only_safetyon,2,2,49999.0,39.33333333333333
dqn_real_only_safetyon,2,3,74999.0,39.93333333333334
dqn_real_only_safetyon,2,4,99999.0,37.266666666666666
dqn_real_only_safetyon,2,5,124999.0,36.83333333333333
dqn_real_only_safetyon,2,6,149999.0,39.36666666666666
dqn_real_only_safetyon,2,7,174999.0,37.73333333333333
dqn_real_only_safetyon,2,8,199999.0,39.73333333333333
dqn_real_only_safetyon,2,9,224999.0,36.86666666666667
dqn_real_only_safetyon,2,10,249999.0,36.4
dqn_real_only_safetyon,2,11,274999.0,39.06666666666666
dqn_real_only_safetyon,2,12,299999.0,37.66666666666666
dqn_real_only_safetyon,3,1,24999.0,38.73333333333333
dqn_real_only_safetyon,3,2,49999.0,36.56666666666667
dqn_real_only_safetyon,3,3,74999.0,38.9
dqn_real_only_safetyon,3,4,99999.0,43.1
dqn_real_only_safetyon,3,5,124999.0,36.66666666666666
dqn_real_only_safetyon,3,6,149999.0,32.23333333333333
dqn_real_only_safetyon,3,7,174999.0,38.33333333333333
dqn_real_only_safetyon,3,8,199999.0,37.6
dqn_real_only_safetyon,3,9,224999.0,34.333333333333336
dqn_real_only_safetyon,3,10,249999.0,33.53333333333333
dqn_real_only_safetyon,3,11,274999.0,42.29999999999999
dqn_real_only_safetyon,3,12,299999.0,37.33333333333333
dqn_real_only_safetyon,4,1,24999.0,45.83333333333333
dqn_real_only_safetyon,4,2,49999.0,46.400000000000006
dqn_real_only_safetyon,4,3,74999.0,48.49999999999999
dqn_real_only_safetyon,4,4,99999.0,48.86666666666667
dqn_real_only_safetyon,4,5,124999.0,47.9
dqn_real_only_safetyon,4,6,149999.0,46.23333333333333
dqn_real_only_safetyon,4,7,174999.0,41.53333333333334
dqn_real_only_safetyon,4,8,199999.0,46.133333333333326
dqn_real_only_safetyon,4,9,224999.0,47.13333333333334
dqn_real_only_safetyon,4,10,249999.0,44.266666666666666
dqn_real_only_safetyon,4,11,274999.0,47.06666666666666
dqn_real_only_safetyon,4,12,299999.0,45.2
dqn_real_only_safetyon,5,1,24999.0,44.36666666666667
dqn_real_only_safetyon,5,2,49999.0,38.23333333333333
dqn_real_only_safetyon,5,3,74999.0,40.766666666666666
dqn_real_only_safetyon,5,4,99999.0,49.39999999999999
dqn_real_only_safetyon,5,5,124999.0,46.73333333333333
dqn_real_only_safetyon,5,6,149999.0,46.03333333333333
dqn_real_only_safetyon,5,7,174999.0,32.733333333333334
dqn_real_only_safetyon,5,8,199999.0,42.16666666666666
dqn_real_only_safetyon,5,9,224999.0,34.13333333333333
dqn_real_only_safetyon,5,10,249999.0,41.86666666666666
dqn_real_only_safetyon,5,11,274999.0,36.73333333333333
dqn_real_only_safetyon,5,12,299999.0,36.7
dqn_real_only_safetyon,6,1,24999.0,33.06666666666666
dqn_real_only_safetyon,6,2,49999.0,39.06666666666666
dqn_real_only_safetyon,6,3,74999.0,39.76666666666666
dqn_real_only_safetyon,6,4,99999.0,40.633333333333326
dqn_real_only_safetyon,6,5,124999.0,37.46666666666666
dqn_real_only_safetyon,6,6,149999.0,31.8
dqn_real_only_safetyon,6,7,174999.0,33.033333333333324
dqn_real_only_safetyon,6,8,199999.0,36.56666666666666
dqn_real_only_safetyon,6,9,224999.0,33.7
dqn_real_only_safetyon,6,10,249999.0,38.16666666666666
dqn_real_only_safetyon,6,11,274999.0,36.96666666666666
dqn_real_only_safetyon,6,12,299999.0,38.3
dqn_real_only_safetyon,7,1,24999.0,36.766666666666666
dqn_real_only_safetyon,7,2,49999.0,36.93333333333333
dqn_real_only_safetyon,7,3,74999.0,46.43333333333333
dqn_real_only_safetyon,7,4,99999.0,38.6
dqn_real_only_safetyon,7,5,124999.0,34.599999999999994
dqn_real_only_safetyon,7,6,149999.0,39.86666666666666
dqn_real_only_safetyon,7,7,174999.0,37.7
dqn_real_only_safetyon,7,8,199999.0,44.83333333333333
dqn_real_only_safetyon,7,9,224999.0,39.06666666666666
dqn_real_only_safetyon,7,10,249999.0,39.900000000000006
dqn_real_only_safetyon,7,11,274999.0,38.66666666666666
dqn_real_only_safetyon,7,12,299999.0,42.36666666666666
dqn_real_only_safetyon,8,1,24999.0,50.89999999999999
dqn_real_only_safetyon,8,2,49999.0,52.16666666666666
dqn_real_only_safetyon,8,3,74999.0,47.833333333333336
dqn_real_only_safetyon,8,4,99999.0,47.43333333333333
dqn_real_only_safetyon,8,5,124999.0,47.13333333333333
dqn_real_only_safetyon,8,6,149999.0,42.8
dqn_real_only_safetyon,8,7,174999.0,51.16666666666666
dqn_real_only_safetyon,8,8,199999.0,41.333333333333336
dqn_real_only_safetyon,8,9,224999.0,44.66666666666666
dqn_real_only_safetyon,8,10,249999.0,48.266666666666666
dqn_real_only_safetyon,8,11,274999.0,41.266666666666666
dqn_real_only_safetyon,8,12,299999.0,45.43333333333333
dqn_real_only_safetyon,9,1,24999.0,36.6
dqn_real_only_safetyon,9,2,49999.0,38.06666666666666
dqn_real_only_safetyon,9,3,74999.0,34.36666666666666
dqn_real_only_safetyon,9,4,99999.0,39.16666666666666
dqn_real_only_safetyon,9,5,124999.0,34.06666666666666
dqn_real_only_safetyon,9,6,149999.0,39.46666666666666
dqn_real_only_safetyon,9,7,174999.0,35.2
dqn_real_only_safetyon,9,8,199999.0,33.4
dqn_real_only_safetyon,9,9,224999.0,37.49999999999999
dqn_real_only_safetyon,9,10,249999.0,30.4
dqn_real_only_safetyon,9,11,274999.0,32.7
dqn_real_only_safetyon,9,12,299999.0,42.333333333333336
ppo_aug_subsample_safetyoff,0,1,26624.0,53.93333333333333
ppo_aug_subsample_safetyoff,0,2,51200.0,52.06666666666666
ppo_aug_subsample_safetyoff,0,3,75776.0,53.16666666666666
ppo_aug_subsample_safetyoff,0,4,100352.0,52.49999999999999
ppo_aug_subsample_safetyoff,0,5,126976.0,52.46666666666666
ppo_aug_subsample_safetyoff,0,6,151552.0,53.16666666666666
ppo_aug_subsample_safetyoff,0,7,176128.0,53.16666666666666
ppo_aug_subsample_safetyoff,0,8,200704.0,52.83333333333332
ppo_aug_subsample_safetyoff,0,9,225280.0,52.73333333333332
ppo_aug_subsample_safetyoff,0,10,251904.0,52.63333333333332
ppo_aug_subsample_safetyoff,0,11,276480.0,52.56666666666666
ppo_aug_subsample_safetyoff,0,12,301056.0,53.766666666666666
ppo_aug_subsample_safetyoff,1,1,26624.0,60.53333333333333
ppo_aug_subsample_safetyoff,1,2,51200.0,63.63333333333333
ppo_aug_subsample_safetyoff,1,3,75776.0,57.63333333333334
ppo_aug_subsample_safetyoff,1,4,100352.0,56.266666666666666
ppo_aug_subsample_safetyoff,1,5,126976.0,54.53333333333333
ppo_aug_subsample_safetyoff,1,6,151552.0,52.13333333333332
ppo_aug_subsample_safetyoff,1,7,176128.0,52.76666666666666
ppo_aug_subsample_safetyoff,1,8,200704.0,50.96666666666666
ppo_aug_subsample_safetyoff,1,9,225280.0,50.76666666666666
ppo_aug_subsample_safetyoff,1,10,251904.0,50.93333333333333
ppo_aug_subsample_safetyoff,1,11,276480.0,50.39999999999999
ppo_aug_subsample_safetyoff,1,12,301056.0,49.93333333333332
ppo_aug_subsample_safetyoff,10,1,26624.0,66.39999999999999
ppo_aug_subsample_safetyoff,10,2,51200.0,66.03333333333332
ppo_aug_subsample_safetyoff,10,3,75776.0,62.33333333333333
ppo_aug_subsample_safetyoff,10,4,100352.0,55.900000000000006
ppo_aug_subsample_safetyoff,10,5,126976.0,54.266666666666666
ppo_aug_subsample_safetyoff,10,6,151552.0,55.36666666666665
ppo_aug_subsample_safetyoff,10,7,176128.0,55.76666666666665
ppo_aug_subsample_safetyoff,10,8,200704.0,54.73333333333332
ppo_aug_subsample_safetyoff,10,9,225280.0,51.03333333333333
ppo_aug_subsample_safetyoff,10,10,251904.0,49.7
ppo_aug_subsample_safetyoff,10,11,276480.0,50.6
ppo_aug_subsample_safetyoff,10,12,301056.0,50.33333333333333
ppo_aug_subsample_safetyoff,11,1,26624.0,65.46666666666667
ppo_aug_subsample_safetyoff,11,2,51200.0,64.56666666666665
ppo_aug_subsample_safetyoff,11,3,75776.0,63.66666666666666
ppo_aug_subsample_safetyoff,11,4,100352.0,63.8
ppo_aug_subsample_safetyoff,11,5,126976.0,63.69999999999999
ppo_aug_subsample_safetyoff,11,6,151552.0,63.53333333333333
ppo_aug_subsample_safetyoff,11,7,176128.0,63.66666666666666
ppo_aug_subsample_safetyoff,11,8,200704.0,63.69999999999999
ppo_aug_subsample_safetyoff,11,9,225280.0,62.2
ppo_aug_subsample_safetyoff,11,10,251904.0,62.066666666666656
ppo_aug_subsample_safetyoff,11,11,276480.0,63.96666666666666
ppo_aug_subsample_safetyoff,11,12,301056.0,64.03333333333333
ppo_aug_subsample_safetyoff,12,1,26624.0,58.26666666666666
ppo_aug_subsample_safetyoff,12,2,51200.0,54.83333333333332
ppo_aug_subsample_safetyoff,12,3,75776.0,55.133333333333326
ppo_aug_subsample_safetyoff,12,4,100352.0,56.066666666666656
ppo_aug_subsample_safetyoff,12,5,126976.0,53.53333333333333
ppo_aug_subsample_safetyoff,12,6,151552.0,56.10000000000001
ppo_aug_subsample_safetyoff,12,7,176128.0,55.49999999999999
ppo_aug_subsample_safetyoff,12,8,200704.0,55.96666666666666
ppo_aug_subsample_safetyoff,12,9,225280.0,55.93333333333332
ppo_aug_subsample_safetyoff,12,10,251904.0,55.400000000000006
ppo_aug_subsample_safetyoff,12,11,276480.0,55.766666666666666
ppo_aug_subsample_safetyoff,12,12,301056.0,53.16666666666665
ppo_aug_subsample_safetyoff,13,1,26624.0,51.2
ppo_aug_subsample_safetyoff,13,2,51200.0,49.59999999999999
ppo_aug_subsample_safetyoff,13,3,75776.0,49.66666666666666
ppo_aug_subsample_safetyoff,13,4,100352.0,49.93333333333332
ppo_aug_subsample_safetyoff,13,5,126976.0,50.06666666666666
ppo_aug_subsample_safetyoff,13,6,151552.0,50.29999999999999
ppo_aug_subsample_safetyoff,13,7,176128.0,50.13333333333333
ppo_aug_subsample_safetyoff,13,8,200704.0,50.16666666666666
ppo_aug_subsample_safetyoff,13,9,225280.0,50.26666666666666
ppo_aug_subsample_safetyoff,13,10,251904.0,50.16666666666666
ppo_aug_subsample_safetyoff,13,11,276480.0,50.33333333333333
ppo_aug_subsample_safetyoff,13,12,301056.0,49.96666666666666
ppo_aug_subsample_safetyoff,14,1,26624.0,58.09999999999999
ppo_aug_subsample_safetyoff,14,2,51200.0,50.63333333333333
ppo_aug_subsample_safetyoff,14,3,75776.0,48.93333333333332
ppo_aug_subsample_safetyoff,14,4,100352.0,49.03333333333333
ppo_aug_subsample_safetyoff,14,5,126976.0,50.56666666666666
ppo_aug_subsample_safetyoff,14,6,151552.0,48.76666666666666
ppo_aug_subsample_safetyoff,14,7,176128.0,48.79999999999999
ppo_aug_subsample_safetyoff,14,8,200704.0,48.86666666666666
ppo_aug_subsample_safetyoff,14,9,225280.0,48.53333333333333
ppo_aug_subsample_safetyoff,14,10,251904.0,48.79999999999999
ppo_aug_subsample_safetyoff,14,11,276480.0,48.633333333333326
ppo_aug_subsample_safetyoff,14,12,301056.0,48.59999999999999
ppo_aug_subsample_safetyoff,15,1,26624.0,60.566666666666656
ppo_aug_subsample_safetyoff,15,2,51200.0,49.33333333333333
ppo_aug_subsample_safetyoff,15,3,75776.0,49.46666666666666
ppo_aug_subsample_safetyoff,15,4,100352.0,49.266666666666666
ppo_aug_subsample_safetyoff,15,5,126976.0,49.53333333333333
ppo_aug_subsample_safetyoff,15,6,151552.0,49.53333333333333
ppo_aug_subsample_safetyoff,15,7,176128.0,49.76666666666666
ppo_aug_subsample_safetyoff,15,8,200704.0,49.7
ppo_aug_subsample_safetyoff,15,9,225280.0,49.9
ppo_aug_subsample_safetyoff,15,10,251904.0,49.56666666666666
ppo_aug_subsample_safetyoff,15,11,276480.0,49.33333333333332
ppo_aug_subsample_safetyoff,15,12,301056.0,49.766666666666666
ppo_aug_subsample_safetyoff,16,1,26624.0,59.133333333333326
ppo_aug_subsample_safetyoff,16,2,51200.0,60.2
ppo_aug_subsample_safetyoff,16,3,75776.0,60.4
ppo_aug_subsample_safetyoff,16,4,100352.0,60.43333333333333
ppo_aug_subsample_safetyoff,16,5,126976.0,57.566666666666656
ppo_aug_subsample_safetyoff,16,6,151552.0,56.53333333333333
ppo_aug_subsample_safetyoff,16,7,176128.0,56.26666666666667
ppo_aug_subsample_safetyoff,16,8,200704.0,55.60000000000001
ppo_aug_subsample_safetyoff,16,9,225280.0,53.36666666666666
ppo_aug_subsample_safetyoff,16,10,251904.0,49.1
ppo_aug_subsample_safetyoff,16,11,276480.0,48.06666666666666
ppo_aug_subsample_safetyoff,16,12,301056.0,47.86666666666666
ppo_aug_subsample_safetyoff,17,1,26624.0,66.56666666666665
ppo_aug_subsample_safetyoff,17,2,51200.0,66.56666666666665
ppo_aug_subsample_safetyoff,17,3,75776.0,66.63333333333333
ppo_aug_subsample_safetyoff,17,4,100352.0,66.63333333333333
ppo_aug_subsample_safetyoff,17,5,126976.0,65.03333333333332
ppo_aug_subsample_safetyoff,17,6,151552.0,65.0
ppo_aug_subsample_safetyoff,17,7,176128.0,64.96666666666667
ppo_aug_subsample_safetyoff,17,8,200704.0,64.96666666666667
ppo_aug_subsample_safetyoff,17,9,225280.0,64.96666666666667
ppo_aug_subsample_safetyoff,17,10,251904.0,64.96666666666667
ppo_aug_subsample_safetyoff,17,11,276480.0,65.0
ppo_aug_subsample_safetyoff,17,12,301056.0,64.66666666666666
ppo_aug_subsample_safetyoff,18,1,26624.0,54.06666666666668
ppo_aug_subsample_safetyoff,18,2,51200.0,48.39999999999999
ppo_aug_subsample_safetyoff,18,3,75776.0,49.16666666666666
ppo_aug_subsample_safetyoff,18,4,100352.0,49.06666666666666
ppo_aug_subsample_safetyoff,18,5,126976.0,48.59999999999999
ppo_aug_subsample_safetyoff,18,6,151552.0,48.7
ppo_aug_subsample_safetyoff,18,7,176128.0,48.66666666666666
ppo_aug_subsample_safetyoff,18,8,200704.0,48.63333333333333
ppo_aug_subsample_safetyoff,18,9,225280.0,48.6
ppo_aug_subsample_safetyoff,18,10,251904.0,48.53333333333333
ppo_aug_subsample_safetyoff,18,11,276480.0,48.53333333333333
ppo_aug_subsample_safetyoff,18,12,301056.0,48.46666666666666
ppo_aug_subsample_safetyoff,19,1,26624.0,70.69999999999999
ppo_aug_subsample_safetyoff,19,2,51200.0,73.1
ppo_aug_subsample_safetyoff,19,3,75776.0,67.83333333333333
ppo_aug_subsample_safetyoff,19,4,100352.0,67.19999999999999
ppo_aug_subsample_safetyoff,19,5,126976.0,67.89999999999999
ppo_aug_subsample_safetyoff,19,6,151552.0,67.66666666666666
ppo_aug_subsample_safetyoff,19,7,176128.0,75.03333333333333
ppo_aug_subsample_safetyoff,19,8,200704.0,79.43333333333332
ppo_aug_subsample_safetyoff,19,9,225280.0,77.66666666666666
ppo_aug_subsample_safetyoff,19,10,251904.0,79.13333333333333
ppo_aug_subsample_safetyoff,19,11,276480.0,77.13333333333333
ppo_aug_subsample_safetyoff,19,12,301056.0,71.16666666666667
ppo_aug_subsample_safetyoff,2,1,26624.0,50.73333333333333
ppo_aug_subsample_safetyoff,2,2,51200.0,53.13333333333333
ppo_aug_subsample_safetyoff,2,3,75776.0,60.633333333333326
ppo_aug_subsample_safetyoff,2,4,100352.0,58.5
ppo_aug_subsample_safetyoff,2,5,126976.0,53.33333333333332
ppo_aug_subsample_safetyoff,2,6,151552.0,52.16666666666666
ppo_aug_subsample_safetyoff,2,7,176128.0,52.0
ppo_aug_subsample_safetyoff,2,8,200704.0,52.16666666666666
ppo_aug_subsample_safetyoff,2,9,225280.0,51.96666666666666
ppo_aug_subsample_safetyoff,2,10,251904.0,52.03333333333332
ppo_aug_subsample_safetyoff,2,11,276480.0,52.03333333333332
ppo_aug_subsample_safetyoff,2,12,301056.0,51.8
ppo_aug_subsample_safetyoff,3,1,26624.0,56.56666666666668
ppo_aug_subsample_safetyoff,3,2,51200.0,56.10000000000001
ppo_aug_subsample_safetyoff,3,3,75776.0,54.96666666666668
ppo_aug_subsample_safetyoff,3,4,100352.0,52.03333333333332
ppo_aug_subsample_safetyoff,3,5,126976.0,49.633333333333326
ppo_aug_subsample_safetyoff,3,6,151552.0,49.266666666666666
ppo_aug_subsample_safetyoff,3,7,176128.0,49.09999999999999
ppo_aug_subsample_safetyoff,3,8,200704.0,48.89999999999999
ppo_aug_subsample_safetyoff,3,9,225280.0,49.09999999999999
ppo_aug_subsample_safetyoff,3,10,251904.0,48.63333333333333
ppo_aug_subsample_safetyoff,3,11,276480.0,49.09999999999999
ppo_aug_subsample_safetyoff,3,12,301056.0,48.93333333333332
ppo_aug_subsample_safetyoff,4,1,26624.0,54.766666666666666
ppo_aug_subsample_safetyoff,4,2,51200.0,53.8
ppo_aug_subsample_safetyoff,4,3,75776.0,53.7
ppo_aug_subsample_safetyoff,4,4,100352.0,54.06666666666666
ppo_aug_subsample_safetyoff,4,5,126976.0,54.0
ppo_aug_subsample_safetyoff,4,6,151552.0,53.83333333333332
ppo_aug_subsample_safetyoff,4,7,176128.0,53.66666666666666
ppo_aug_subsample_safetyoff,4,8,200704.0,53.900000000000006
ppo_aug_subsample_safetyoff,4,9,225280.0,53.19999999999999
ppo_aug_subsample_safetyoff,4,10,251904.0,54.06666666666665
ppo_aug_subsample_safetyoff,4,11,276480.0,53.86666666666665
ppo_aug_subsample_safetyoff,4,12,301056.0,53.966666666666654
ppo_aug_subsample_safetyoff,5,1,26624.0,60.766666666666666
ppo_aug_subsample_safetyoff,5,2,51200.0,59.46666666666667
ppo_aug_subsample_safetyoff,5,3,75776.0,60.1
ppo_aug_subsample_safetyoff,5,4,100352.0,59.4
ppo_aug_subsample_safetyoff,5,5,126976.0,59.33333333333333
ppo_aug_subsample_safetyoff,5,6,151552.0,53.66666666666665
ppo_aug_subsample_safetyoff,5,7,176128.0,52.5
ppo_aug_subsample_safetyoff,5,8,200704.0,52.8
ppo_aug_subsample_safetyoff,5,9,225280.0,52.46666666666666
ppo_aug_subsample_safetyoff,5,10,251904.0,50.29999999999999
ppo_aug_subsample_safetyoff,5,11,276480.0,52.46666666666666
ppo_aug_subsample_safetyoff,5,12,301056.0,52.73333333333332
ppo_aug_subsample_safetyoff,6,1,26624.0,72.2
ppo_aug_subsample_safetyoff,6,2,51200.0,61.46666666666667
ppo_aug_subsample_safetyoff,6,3,75776.0,48.633333333333326
ppo_aug_subsample_safetyoff,6,4,100352.0,49.766666666666666
ppo_aug_subsample_safetyoff,6,5,126976.0,49.49999999999999
ppo_aug_subsample_safetyoff,6,6,151552.0,49.566666666666656
ppo_aug_subsample_safetyoff,6,7,176128.0,49.49999999999999
ppo_aug_subsample_safetyoff,6,8,200704.0,49.6
ppo_aug_subsample_safetyoff,6,9,225280.0,49.49999999999999
ppo_aug_subsample_safetyoff,6,10,251904.0,49.43333333333332
ppo_aug_subsample_safetyoff,6,11,276480.0,49.63333333333332
ppo_aug_subsample_safetyoff,6,12,301056.0,49.73333333333333
ppo_aug_subsample_safetyoff,7,1,26624.0,53.93333333333332
ppo_aug_subsample_safetyoff,7,2,51200.0,50.96666666666666
ppo_aug_subsample_safetyoff,7,3,75776.0,51.13333333333333
ppo_aug_subsample_safetyoff,7,4,100352.0,52.1
ppo_aug_subsample_safetyoff,7,5,126976.0,51.46666666666665
ppo_aug_subsample_safetyoff,7,6,151552.0,49.53333333333333
ppo_aug_subsample_safetyoff,7,7,176128.0,49.633333333333326
ppo_aug_subsample_safetyoff,7,8,200704.0,48.3
ppo_aug_subsample_safetyoff,7,9,225280.0,49.8
ppo_aug_subsample_safetyoff,7,10,251904.0,49.633333333333326
ppo_aug_subsample_safetyoff,7,11,276480.0,59.53333333333333
ppo_aug_subsample_safetyoff,7,12,301056.0,52.23333333333332
ppo_aug_subsample_safetyoff,8,1,26624.0,62.3
ppo_aug_subsample_safetyoff,8,2,51200.0,64.36666666666666
ppo_aug_subsample_safetyoff,8,3,75776.0,65.13333333333333
ppo_aug_subsample_safetyoff,8,4,100352.0,65.3
ppo_aug_subsample_safetyoff,8,5,126976.0,64.66666666666667
ppo_aug_subsample_safetyoff,8,6,151552.0,66.56666666666665
ppo_aug_subsample_safetyoff,8,7,176128.0,64.33333333333333
ppo_aug_subsample_safetyoff,8,8,200704.0,64.53333333333332
ppo_aug_subsample_safetyoff,8,9,225280.0,63.26666666666666
ppo_aug_subsample_safetyoff,8,10,251904.0,62.066666666666656
ppo_aug_subsample_safetyoff,8,11,276480.0,62.46666666666666
ppo_aug_subsample_safetyoff,8,12,301056.0,63.66666666666666
ppo_aug_subsample_safetyoff,9,1,26624.0,55.26666666666667
ppo_aug_subsample_safetyoff,9,2,51200.0,50.8
ppo_aug_subsample_safetyoff,9,3,75776.0,49.0
ppo_aug_subsample_safetyoff,9,4,100352.0,47.79999999999999
ppo_aug_subsample_safetyoff,9,5,126976.0,56.00000000000001
ppo_aug_subsample_safetyoff,9,6,151552.0,49.0
ppo_aug_subsample_safetyoff,9,7,176128.0,49.4
ppo_aug_subsample_safetyoff,9,8,200704.0,49.73333333333333
ppo_aug_subsample_safetyoff,9,9,225280.0,49.16666666666666
ppo_aug_subsample_safetyoff,9,10,251904.0,49.9
ppo_aug_subsample_safetyoff,9,11,276480.0,49.0
ppo_aug_subsample_safetyoff,9,12,301056.0,49.43333333333333
ppo_aug_subsample_safetyon,0,1,26624.0,47.46666666666666
ppo_aug_subsample_safetyon,0,2,51200.0,42.03333333333333
ppo_aug_subsample_safetyon,0,3,75776.0,44.13333333333333
ppo_aug_subsample_safetyon,0,4,100352.0,44.76666666666666
ppo_aug_subsample_safetyon,0,5,126976.0,45.56666666666666
ppo_aug_subsample_safetyon,0,6,151552.0,43.43333333333332
ppo_aug_subsample_safetyon,0,7,176128.0,47.7
ppo_aug_subsample_safetyon,0,8,200704.0,48.7
ppo_aug_subsample_safetyon,0,9,225280.0,46.16666666666666
ppo_aug_subsample_safetyon,0,10,251904.0,44.8
ppo_aug_subsample_safetyon,0,11,276480.0,40.5
ppo_aug_subsample_safetyon,0,12,301056.0,37.06666666666666
ppo_aug_subsample_safetyon,1,1,26624.0,39.66666666666666
ppo_aug_subsample_safetyon,1,2,51200.0,39.46666666666666
ppo_aug_subsample_safetyon,1,3,75776.0,41.66666666666667
ppo_aug_subsample_safetyon,1,4,100352.0,40.16666666666666
ppo_aug_subsample_safetyon,1,5,126976.0,40.766666666666666
ppo_aug_subsample_safetyon,1,6,151552.0,33.53333333333333
ppo_aug_subsample_safetyon,1,7,176128.0,33.666666666666664
ppo_aug_subsample_safetyon,1,8,200704.0,38.33333333333332
ppo_aug_subsample_safetyon,1,9,225280.0,39.06666666666666
ppo_aug_subsample_safetyon,1,10,251904.0,32.53333333333333
ppo_aug_subsample_safetyon,1,11,276480.0,32.36666666666666
ppo_aug_subsample_safetyon,1,12,301056.0,34.03333333333334
ppo_aug_subsample_safetyon,10,1,26624.0,41.96666666666667
ppo_aug_subsample_safetyon,10,2,51200.0,39.5
ppo_aug_subsample_safetyon,10,3,75776.0,41.8
ppo_aug_subsample_safetyon,10,4,100352.0,43.73333333333333
ppo_aug_subsample_safetyon,10,5,126976.0,45.93333333333332
ppo_aug_subsample_safetyon,10,6,151552.0,48.96666666666666
ppo_aug_subsample_safetyon,10,7,176128.0,48.99999999999999
ppo_aug_subsample_safetyon,10,8,200704.0,50.29999999999999
ppo_aug_subsample_safetyon,10,9,225280.0,50.23333333333333
ppo_aug_subsample_safetyon,10,10,251904.0,49.89999999999999
ppo_aug_subsample_safetyon,10,11,276480.0,50.6
ppo_aug_subsample_safetyon,10,12,301056.0,48.7
ppo_aug_subsample_safetyon,11,1,26624.0,46.6
ppo_aug_subsample_safetyon,11,2,51200.0,42.06666666666667
ppo_aug_subsample_safetyon,11,3,75776.0,41.43333333333334
ppo_aug_subsample_safetyon,11,4,100352.0,42.43333333333334
ppo_aug_subsample_safetyon,11,5,126976.0,45.73333333333333
ppo_aug_subsample_safetyon,11,6,151552.0,48.73333333333333
ppo_aug_subsample_safetyon,11,7,176128.0,46.73333333333333
ppo_aug_subsample_safetyon,11,8,200704.0,48.23333333333333
ppo_aug_subsample_safetyon,11,9,225280.0,46.76666666666666
ppo_aug_subsample_safetyon,11,10,251904.0,47.5
ppo_aug_subsample_safetyon,11,11,276480.0,44.66666666666666
ppo_aug_subsample_safetyon,11,12,301056.0,41.833333333333336
ppo_aug_subsample_safetyon,12,1,26624.0,42.73333333333333
ppo_aug_subsample_safetyon,12,2,51200.0,41.8
ppo_aug_subsample_safetyon,12,3,75776.0,41.43333333333333
ppo_aug_subsample_safetyon,12,4,100352.0,40.26666666666666
ppo_aug_subsample_safetyon,12,5,126976.0,42.3
ppo_aug_subsample_safetyon,12,6,151552.0,41.23333333333333
ppo_aug_subsample_safetyon,12,7,176128.0,38.9
ppo_aug_subsample_safetyon,12,8,200704.0,36.766666666666666
ppo_aug_subsample_safetyon,12,9,225280.0,39.33333333333333
ppo_aug_subsample_safetyon,12,10,251904.0,38.56666666666666
ppo_aug_subsample_safetyon,12,11,276480.0,43.36666666666667
ppo_aug_subsample_safetyon,12,12,301056.0,43.16666666666666
ppo_aug_subsample_safetyon,13,1,26624.0,38.3
ppo_aug_subsample_safetyon,13,2,51200.0,37.03333333333333
ppo_aug_subsample_safetyon,13,3,75776.0,35.3
ppo_aug_subsample_safetyon,13,4,100352.0,32.300000000000004
ppo_aug_subsample_safetyon,13,5,126976.0,40.1
ppo_aug_subsample_safetyon,13,6,151552.0,34.233333333333334
ppo_aug_subsample_safetyon,13,7,176128.0,31.5
ppo_aug_subsample_safetyon,13,8,200704.0,32.5
ppo_aug_subsample_safetyon,13,9,225280.0,49.266666666666666
ppo_aug_subsample_safetyon,13,10,251904.0,49.73333333333333
ppo_aug_subsample_safetyon,13,11,276480.0,48.633333333333326
ppo_aug_subsample_safetyon,13,12,301056.0,48.29999999999999
ppo_aug_subsample_safetyon,14,1,26624.0,32.73333333333333
ppo_aug_subsample_safetyon,14,2,51200.0,38.96666666666666
ppo_aug_subsample_safetyon,14,3,75776.0,38.06666666666666
ppo_aug_subsample_safetyon,14,4,100352.0,38.66666666666666
ppo_aug_subsample_safetyon,14,5,126976.0,30.4
ppo_aug_subsample_safetyon,14,6,151552.0,31.5
ppo_aug_subsample_safetyon,14,7,176128.0,32.06666666666666
ppo_aug_subsample_safetyon,14,8,200704.0,31.466666666666665
ppo_aug_subsample_safetyon,14,9,225280.0,32.06666666666666
ppo_aug_subsample_safetyon,14,10,251904.0,32.06666666666666
ppo_aug_subsample_safetyon,14,11,276480.0,32.2
ppo_aug_subsample_safetyon,14,12,301056.0,33.900000000000006
ppo_aug_subsample_safetyon,15,1,26624.0,38.23333333333333
ppo_aug_subsample_safetyon,15,2,51200.0,36.1
ppo_aug_subsample_safetyon,15,3,75776.0,40.13333333333333
ppo_aug_subsample_safetyon,15,4,100352.0,35.53333333333333
ppo_aug_subsample_safetyon,15,5,126976.0,40.26666666666666
ppo_aug_subsample_safetyon,15,6,151552.0,43.2
ppo_aug_subsample_safetyon,15,7,176128.0,46.56666666666666
ppo_aug_subsample_safetyon,15,8,200704.0,45.16666666666666
ppo_aug_subsample_safetyon,15,9,225280.0,46.5
ppo_aug_subsample_safetyon,15,10,251904.0,48.1
ppo_aug_subsample_safetyon,15,11,276480.0,48.16666666666666
ppo_aug_subsample_safetyon,15,12,301056.0,48.1
ppo_aug_subsample_safetyon,16,1,26624.0,33.93333333333333
ppo_aug_subsample_safetyon,16,2,51200.0,35.63333333333333
ppo_aug_subsample_safetyon,16,3,75776.0,36.93333333333333
ppo_aug_subsample_safetyon,16,4,100352.0,38.13333333333333
ppo_aug_subsample_safetyon,16,5,126976.0,36.0
ppo_aug_subsample_safetyon,16,6,151552.0,36.46666666666667
ppo_aug_subsample_safetyon,16,7,176128.0,38.5
ppo_aug_subsample_safetyon,16,8,200704.0,37.33333333333333
ppo_aug_subsample_safetyon,16,9,225280.0,30.23333333333334
ppo_aug_subsample_safetyon,16,10,251904.0,33.2
ppo_aug_subsample_safetyon,16,11,276480.0,33.666666666666664
ppo_aug_subsample_safetyon,16,12,301056.0,37.16666666666666
ppo_aug_subsample_safetyon,17,1,26624.0,46.73333333333333
ppo_aug_subsample_safetyon,17,2,51200.0,43.49999999999999
ppo_aug_subsample_safetyon,17,3,75776.0,41.7
ppo_aug_subsample_safetyon,17,4,100352.0,40.9
ppo_aug_subsample_safetyon,17,5,126976.0,41.46666666666666
ppo_aug_subsample_safetyon,17,6,151552.0,41.5
ppo_aug_subsample_safetyon,17,7,176128.0,45.36666666666665
ppo_aug_subsample_safetyon,17,8,200704.0,48.49999999999999
ppo_aug_subsample_safetyon,17,9,225280.0,47.93333333333333
ppo_aug_subsample_safetyon,17,10,251904.0,49.03333333333333
ppo_aug_subsample_safetyon,17,11,276480.0,48.133333333333326
ppo_aug_subsample_safetyon,17,12,301056.0,44.76666666666666
ppo_aug_subsample_safetyon,18,1,26624.0,43.53333333333333
ppo_aug_subsample_safetyon,18,2,51200.0,39.06666666666666
ppo_aug_subsample_safetyon,18,3,75776.0,37.43333333333334
ppo_aug_subsample_safetyon,18,4,100352.0,39.83333333333333
ppo_aug_subsample_safetyon,18,5,126976.0,42.6
ppo_aug_subsample_safetyon,18,6,151552.0,45.1
ppo_aug_subsample_safetyon,18,7,176128.0,45.46666666666666
ppo_aug_subsample_safetyon,18,8,200704.0,45.53333333333333
ppo_aug_subsample_safetyon,18,9,225280.0,45.33333333333333
ppo_aug_subsample_safetyon,18,10,251904.0,45.9
ppo_aug_subsample_safetyon,18,11,276480.0,45.36666666666666
ppo_aug_subsample_safetyon,18,12,301056.0,44.6
ppo_aug_subsample_safetyon,19,1,26624.0,47.0
ppo_aug_subsample_safetyon,19,2,51200.0,48.333333333333336
ppo_aug_subsample_safetyon,19,3,75776.0,47.53333333333333
ppo_aug_subsample_safetyon,19,4,100352.0,46.3
ppo_aug_subsample_safetyon,19,5,126976.0,46.833333333333336
ppo_aug_subsample_safetyon,19,6,151552.0,47.79999999999999
ppo_aug_subsample_safetyon,19,7,176128.0,47.73333333333334
ppo_aug_subsample_safetyon,19,8,200704.0,48.29999999999999
ppo_aug_subsample_safetyon,19,9,225280.0,50.6
ppo_aug_subsample_safetyon,19,10,251904.0,50.03333333333333
ppo_aug_subsample_safetyon,19,11,276480.0,43.16666666666666
ppo_aug_subsample_safetyon,19,12,301056.0,46.9
ppo_aug_subsample_safetyon,2,1,26624.0,41.7
ppo_aug_subsample_safetyon,2,2,51200.0,42.73333333333333
ppo_aug_subsample_safetyon,2,3,75776.0,37.63333333333333
ppo_aug_subsample_safetyon,2,4,100352.0,41.03333333333333
ppo_aug_subsample_safetyon,2,5,126976.0,41.2
ppo_aug_subsample_safetyon,2,6,151552.0,40.66666666666666
ppo_aug_subsample_safetyon,2,7,176128.0,42.16666666666666
ppo_aug_subsample_safetyon,2,8,200704.0,44.76666666666666
ppo_aug_subsample_safetyon,2,9,225280.0,43.56666666666666
ppo_aug_subsample_safetyon,2,10,251904.0,44.13333333333333
ppo_aug_subsample_safetyon,2,11,276480.0,47.9
ppo_aug_subsample_safetyon,2,12,301056.0,48.49999999999999
ppo_aug_subsample_safetyon,3,1,26624.0,39.1
ppo_aug_subsample_safetyon,3,2,51200.0,40.36666666666666
ppo_aug_subsample_safetyon,3,3,75776.0,42.83333333333333
ppo_aug_subsample_safetyon,3,4,100352.0,42.53333333333333
ppo_aug_subsample_safetyon,3,5,126976.0,38.7
ppo_aug_subsample_safetyon,3,6,151552.0,38.7
ppo_aug_subsample_safetyon,3,7,176128.0,36.93333333333333
ppo_aug_subsample_safetyon,3,8,200704.0,31.0
ppo_aug_subsample_safetyon,3,9,225280.0,43.2
ppo_aug_subsample_safetyon,3,10,251904.0,38.9
ppo_aug_subsample_safetyon,3,11,276480.0,40.83333333333333
ppo_aug_subsample_safetyon,3,12,301056.0,46.23333333333333
ppo_aug_subsample_safetyon,4,1,26624.0,42.66666666666666
ppo_aug_subsample_safetyon,4,2,51200.0,39.0
ppo_aug_subsample_safetyon,4,3,75776.0,40.36666666666666
ppo_aug_subsample_safetyon,4,4,100352.0,39.43333333333334
ppo_aug_subsample_safetyon,4,5,126976.0,40.16666666666666
ppo_aug_subsample_safetyon,4,6,151552.0,45.2
ppo_aug_subsample_safetyon,4,7,176128.0,46.36666666666666
ppo_aug_subsample_safetyon,4,8,200704.0,47.89999999999999
ppo_aug_subsample_safetyon,4,9,225280.0,48.1
ppo_aug_subsample_safetyon,4,10,251904.0,43.766666666666666
ppo_aug_subsample_safetyon,4,11,276480.0,42.3
ppo_aug_subsample_safetyon,4,12,301056.0,41.3
ppo_aug_subsample_safetyon,5,1,26624.0,40.86666666666667
ppo_aug_subsample_safetyon,5,2,51200.0,40.33333333333333
ppo_aug_subsample_safetyon,5,3,75776.0,39.56666666666666
ppo_aug_subsample_safetyon,5,4,100352.0,39.06666666666666
ppo_aug_subsample_safetyon,5,5,126976.0,40.8
ppo_aug_subsample_safetyon,5,6,151552.0,42.99999999999999
ppo_aug_subsample_safetyon,5,7,176128.0,43.23333333333332
ppo_aug_subsample_safetyon,5,8,200704.0,41.8
ppo_aug_subsample_safetyon,5,9,225280.0,41.49999999999999
ppo_aug_subsample_safetyon,5,10,251904.0,42.03333333333333
ppo_aug_subsample_safetyon,5,11,276480.0,37.8
ppo_aug_subsample_safetyon,5,12,301056.0,31.466666666666665
ppo_aug_subsample_safetyon,6,1,26624.0,36.1
ppo_aug_subsample_safetyon,6,2,51200.0,39.8
ppo_aug_subsample_safetyon,6,3,75776.0,41.56666666666666
ppo_aug_subsample_safetyon,6,4,100352.0,43.96666666666667
ppo_aug_subsample_safetyon,6,5,126976.0,43.8
ppo_aug_subsample_safetyon,6,6,151552.0,46.06666666666666
ppo_aug_subsample_safetyon,6,7,176128.0,48.53333333333333
ppo_aug_subsample_safetyon,6,8,200704.0,48.99999999999999
ppo_aug_subsample_safetyon,6,9,225280.0,47.066666666666656
ppo_aug_subsample_safetyon,6,10,251904.0,49.16666666666666
ppo_aug_subsample_safetyon,6,11,276480.0,49.39999999999999
ppo_aug_subsample_safetyon,6,12,301056.0,49.89999999999999
ppo_aug_subsample_safetyon,7,1,26624.0,43.2
ppo_aug_subsample_safetyon,7,2,51200.0,41.86666666666666
ppo_aug_subsample_safetyon,7,3,75776.0,39.96666666666666
ppo_aug_subsample_safetyon,7,4,100352.0,38.86666666666666
ppo_aug_subsample_safetyon,7,5,126976.0,42.73333333333333
ppo_aug_subsample_safetyon,7,6,151552.0,37.56666666666666
ppo_aug_subsample_safetyon,7,7,176128.0,36.66666666666666
ppo_aug_subsample_safetyon,7,8,200704.0,35.46666666666666
ppo_aug_subsample_safetyon,7,9,225280.0,36.93333333333332
ppo_aug_subsample_safetyon,7,10,251904.0,38.53333333333334
ppo_aug_subsample_safetyon,7,11,276480.0,38.63333333333333
ppo_aug_subsample_safetyon,7,12,301056.0,37.9
ppo_aug_subsample_safetyon,8,1,26624.0,46.0
ppo_aug_subsample_safetyon,8,2,51200.0,42.8
ppo_aug_subsample_safetyon,8,3,75776.0,41.56666666666666
ppo_aug_subsample_safetyon,8,4,100352.0,40.43333333333334
ppo_aug_subsample_safetyon,8,5,126976.0,39.96666666666666
ppo_aug_subsample_safetyon,8,6,151552.0,43.9
ppo_aug_subsample_safetyon,8,7,176128.0,39.23333333333333
ppo_aug_subsample_safetyon,8,8,200704.0,42.0
ppo_aug_subsample_safetyon,8,9,225280.0,42.766666666666666
ppo_aug_subsample_safetyon,8,10,251904.0,40.0
ppo_aug_subsample_safetyon,8,11,276480.0,42.2
ppo_aug_subsample_safetyon,8,12,301056.0,41.96666666666666
ppo_aug_subsample_safetyon,9,1,26624.0,41.6
ppo_aug_subsample_safetyon,9,2,51200.0,36.56666666666666
ppo_aug_subsample_safetyon,9,3,75776.0,35.93333333333334
ppo_aug_subsample_safetyon,9,4,100352.0,36.4
ppo_aug_subsample_safetyon,9,5,126976.0,34.2
ppo_aug_subsample_safetyon,9,6,151552.0,30.666666666666664
ppo_aug_subsample_safetyon,9,7,176128.0,31.366666666666664
ppo_aug_subsample_safetyon,9,8,200704.0,31.4
ppo_aug_subsample_safetyon,9,9,225280.0,31.23333333333333
ppo_aug_subsample_safetyon,9,10,251904.0,31.0
ppo_aug_subsample_safetyon,9,11,276480.0,33.76666666666666
ppo_aug_subsample_safetyon,9,12,301056.0,34.53333333333334
ppo_full_safetyoff,0,1,26624.0,54.93333333333332
ppo_full_safetyoff,0,2,51200.0,53.3
ppo_full_safetyoff,0,3,75776.0,53.266666666666666
ppo_full_safetyoff,0,4,100352.0,52.56666666666666
ppo_full_safetyoff,0,5,126976.0,52.83333333333332
ppo_full_safetyoff,0,6,151552.0,53.1
ppo_full_safetyoff,0,7,176128.0,52.53333333333332
ppo_full_safetyoff,0,8,200704.0,51.5
ppo_full_safetyoff,0,9,225280.0,52.5
ppo_full_safetyoff,0,10,251904.0,52.06666666666666
ppo_full_safetyoff,0,11,276480.0,51.23333333333333
ppo_full_safetyoff,0,12,301056.0,49.93333333333332
ppo_full_safetyoff,1,1,26624.0,56.53333333333333
ppo_full_safetyoff,1,2,51200.0,54.0
ppo_full_safetyoff,1,3,75776.0,55.03333333333333
ppo_full_safetyoff,1,4,100352.0,55.96666666666666
ppo_full_safetyoff,1,5,126976.0,55.03333333333333
ppo_full_safetyoff,1,6,151552.0,53.900000000000006
ppo_full_safetyoff,1,7,176128.0,56.36666666666667
ppo_full_safetyoff,1,8,200704.0,60.06666666666668
ppo_full_safetyoff,1,9,225280.0,56.2
ppo_full_safetyoff,1,10,251904.0,56.49999999999999
ppo_full_safetyoff,1,11,276480.0,56.00000000000001
ppo_full_safetyoff,1,12,301056.0,55.53333333333333
ppo_full_safetyoff,10,1,26624.0,63.5
ppo_full_safetyoff,10,2,51200.0,63.3
ppo_full_safetyoff,10,3,75776.0,64.0
ppo_full_safetyoff,10,4,100352.0,62.46666666666665
ppo_full_safetyoff,10,5,126976.0,62.16666666666666
ppo_full_safetyoff,10,6,151552.0,60.66666666666667
ppo_full_safetyoff,10,7,176128.0,59.2
ppo_full_safetyoff,10,8,200704.0,60.43333333333333
ppo_full_safetyoff,10,9,225280.0,59.96666666666667
ppo_full_safetyoff,10,10,251904.0,58.8
ppo_full_safetyoff,10,11,276480.0,55.46666666666666
ppo_full_safetyoff,10,12,301056.0,55.1
ppo_full_safetyoff,11,1,26624.0,66.10000000000001
ppo_full_safetyoff,11,2,51200.0,65.26666666666665
ppo_full_safetyoff,11,3,75776.0,65.36666666666666
ppo_full_safetyoff,11,4,100352.0,65.46666666666665
ppo_full_safetyoff,11,5,126976.0,65.33333333333331
ppo_full_safetyoff,11,6,151552.0,65.33333333333331
ppo_full_safetyoff,11,7,176128.0,64.23333333333333
ppo_full_safetyoff,11,8,200704.0,65.3
ppo_full_safetyoff,11,9,225280.0,65.3
ppo_full_safetyoff,11,10,251904.0,64.1
ppo_full_safetyoff,11,11,276480.0,64.13333333333333
ppo_full_safetyoff,11,12,301056.0,64.1
ppo_full_safetyoff,12,1,26624.0,61.86666666666666
ppo_full_safetyoff,12,2,51200.0,60.33333333333333
ppo_full_safetyoff,12,3,75776.0,62.53333333333333
ppo_full_safetyoff,12,4,100352.0,59.73333333333333
ppo_full_safetyoff,12,5,126976.0,62.93333333333333
ppo_full_safetyoff,12,6,151552.0,59.2
ppo_full_safetyoff,12,7,176128.0,59.86666666666667
ppo_full_safetyoff,12,8,200704.0,57.2
ppo_full_safetyoff,12,9,225280.0,55.1
ppo_full_safetyoff,12,10,251904.0,54.2
ppo_full_safetyoff,12,11,276480.0,53.69999999999999
ppo_full_safetyoff,12,12,301056.0,53.46666666666666
ppo_full_safetyoff,13,1,26624.0,50.43333333333333
ppo_full_safetyoff,13,2,51200.0,49.89999999999999
ppo_full_safetyoff,13,3,75776.0,50.29999999999999
ppo_full_safetyoff,13,4,100352.0,50.2
ppo_full_safetyoff,13,5,126976.0,50.06666666666666
ppo_full_safetyoff,13,6,151552.0,50.19999999999999
ppo_full_safetyoff,13,7,176128.0,50.33333333333333
ppo_full_safetyoff,13,8,200704.0,50.23333333333333
ppo_full_safetyoff,13,9,225280.0,49.89999999999999
ppo_full_safetyoff,13,10,251904.0,50.16666666666666
ppo_full_safetyoff,13,11,276480.0,50.26666666666666
ppo_full_safetyoff,13,12,301056.0,50.03333333333333
ppo_full_safetyoff,14,1,26624.0,58.76666666666666
ppo_full_safetyoff,14,2,51200.0,50.19999999999999
ppo_full_safetyoff,14,3,75776.0,49.26666666666666
ppo_full_safetyoff,14,4,100352.0,48.59999999999999
ppo_full_safetyoff,14,5,126976.0,48.39999999999999
ppo_full_safetyoff,14,6,151552.0,47.633333333333326
ppo_full_safetyoff,14,7,176128.0,45.36666666666666
ppo_full_safetyoff,14,8,200704.0,45.89999999999999
ppo_full_safetyoff,14,9,225280.0,46.5
ppo_full_safetyoff,14,10,251904.0,47.66666666666666
ppo_full_safetyoff,14,11,276480.0,46.73333333333333
ppo_full_safetyoff,14,12,301056.0,46.633333333333326
ppo_full_safetyoff,15,1,26624.0,62.26666666666666
ppo_full_safetyoff,15,2,51200.0,60.53333333333333
ppo_full_safetyoff,15,3,75776.0,59.53333333333333
ppo_full_safetyoff,15,4,100352.0,60.3
ppo_full_safetyoff,15,5,126976.0,58.76666666666666
ppo_full_safetyoff,15,6,151552.0,57.66666666666666
ppo_full_safetyoff,15,7,176128.0,53.966666666666654
ppo_full_safetyoff,15,8,200704.0,53.66666666666666
ppo_full_safetyoff,15,9,225280.0,54.1
ppo_full_safetyoff,15,10,251904.0,50.46666666666666
ppo_full_safetyoff,15,11,276480.0,50.29999999999999
ppo_full_safetyoff,15,12,301056.0,49.96666666666666
ppo_full_safetyoff,16,1,26624.0,60.866666666666646
ppo_full_safetyoff,16,2,51200.0,60.66666666666666
ppo_full_safetyoff,16,3,75776.0,62.53333333333332
ppo_full_safetyoff,16,4,100352.0,59.133333333333326
ppo_full_safetyoff,16,5,126976.0,55.133333333333326
ppo_full_safetyoff,16,6,151552.0,54.50000000000001
ppo_full_safetyoff,16,7,176128.0,54.3
ppo_full_safetyoff,16,8,200704.0,54.56666666666666
ppo_full_safetyoff,16,9,225280.0,54.16666666666666
ppo_full_safetyoff,16,10,251904.0,54.400000000000006
ppo_full_safetyoff,16,11,276480.0,49.53333333333333
ppo_full_safetyoff,16,12,301056.0,47.36666666666666
ppo_full_safetyoff,17,1,26624.0,66.6
ppo_full_safetyoff,17,2,51200.0,66.46666666666665
ppo_full_safetyoff,17,3,75776.0,67.26666666666667
ppo_full_safetyoff,17,4,100352.0,68.63333333333333
ppo_full_safetyoff,17,5,126976.0,67.13333333333331
ppo_full_safetyoff,17,6,151552.0,64.56666666666665
ppo_full_safetyoff,17,7,176128.0,60.43333333333333
ppo_full_safetyoff,17,8,200704.0,57.16666666666666
ppo_full_safetyoff,17,9,225280.0,55.56666666666666
ppo_full_safetyoff,17,10,251904.0,54.633333333333326
ppo_full_safetyoff,17,11,276480.0,51.366666666666646
ppo_full_safetyoff,17,12,301056.0,51.39999999999999
ppo_full_safetyoff,18,1,26624.0,55.833333333333336
ppo_full_safetyoff,18,2,51200.0,51.13333333333333
ppo_full_safetyoff,18,3,75776.0,49.3
ppo_full_safetyoff,18,4,100352.0,48.266666666666666
ppo_full_safetyoff,18,5,126976.0,48.266666666666666
ppo_full_safetyoff,18,6,151552.0,46.79999999999999
ppo_full_safetyoff,18,7,176128.0,47.133333333333326
ppo_full_safetyoff,18,8,200704.0,47.633333333333326
ppo_full_safetyoff,18,9,225280.0,48.56666666666666
ppo_full_safetyoff,18,10,251904.0,48.36666666666666
ppo_full_safetyoff,18,11,276480.0,48.73333333333333
ppo_full_safetyoff,18,12,301056.0,48.6
ppo_full_safetyoff,19,1,26624.0,66.36666666666666
ppo_full_safetyoff,19,2,51200.0,66.26666666666665
ppo_full_safetyoff,19,3,75776.0,62.93333333333333
ppo_full_safetyoff,19,4,100352.0,62.73333333333333
ppo_full_safetyoff,19,5,126976.0,55.86666666666667
ppo_full_safetyoff,19,6,151552.0,54.133333333333326
ppo_full_safetyoff,19,7,176128.0,53.266666666666666
ppo_full_safetyoff,19,8,200704.0,50.76666666666667
ppo_full_safetyoff,19,9,225280.0,52.900000000000006
ppo_full_safetyoff,19,10,251904.0,52.5
ppo_full_safetyoff,19,11,276480.0,51.53333333333333
ppo_full_safetyoff,19,12,301056.0,52.6
ppo_full_safetyoff,2,1,26624.0,55.73333333333332
ppo_full_safetyoff,2,2,51200.0,52.53333333333332
ppo_full_safetyoff,2,3,75776.0,52.1
ppo_full_safetyoff,2,4,100352.0,52.13333333333332
ppo_full_safetyoff,2,5,126976.0,51.93333333333332
ppo_full_safetyoff,2,6,151552.0,52.16666666666666
ppo_full_safetyoff,2,7,176128.0,52.06666666666666
ppo_full_safetyoff,2,8,200704.0,52.1
ppo_full_safetyoff,2,9,225280.0,52.33333333333332
ppo_full_safetyoff,2,10,251904.0,52.56666666666666
ppo_full_safetyoff,2,11,276480.0,52.36666666666666
ppo_full_safetyoff,2,12,301056.0,52.43333333333332
ppo_full_safetyoff,3,1,26624.0,63.89999999999999
ppo_full_safetyoff,3,2,51200.0,63.83333333333333
ppo_full_safetyoff,3,3,75776.0,64.13333333333333
ppo_full_safetyoff,3,4,100352.0,63.86666666666666
ppo_full_safetyoff,3,5,126976.0,63.06666666666666
ppo_full_safetyoff,3,6,151552.0,60.9
ppo_full_safetyoff,3,7,176128.0,57.6
ppo_full_safetyoff,3,8,200704.0,54.03333333333333
ppo_full_safetyoff,3,9,225280.0,51.09999999999999
ppo_full_safetyoff,3,10,251904.0,48.399999999999984
ppo_full_safetyoff,3,11,276480.0,49.4
ppo_full_safetyoff,3,12,301056.0,49.3
ppo_full_safetyoff,4,1,26624.0,54.56666666666666
ppo_full_safetyoff,4,2,51200.0,53.69999999999999
ppo_full_safetyoff,4,3,75776.0,53.73333333333332
ppo_full_safetyoff,4,4,100352.0,54.2
ppo_full_safetyoff,4,5,126976.0,54.43333333333332
ppo_full_safetyoff,4,6,151552.0,53.23333333333332
ppo_full_safetyoff,4,7,176128.0,52.33333333333332
ppo_full_safetyoff,4,8,200704.0,51.7
ppo_full_safetyoff,4,9,225280.0,51.5
ppo_full_safetyoff,4,10,251904.0,51.16666666666666
ppo_full_safetyoff,4,11,276480.0,51.53333333333333
ppo_full_safetyoff,4,12,301056.0,49.29999999999999
ppo_full_safetyoff,5,1,26624.0,63.0
ppo_full_safetyoff,5,2,51200.0,60.33333333333333
ppo_full_safetyoff,5,3,75776.0,59.266666666666666
ppo_full_safetyoff,5,4,100352.0,59.5
ppo_full_safetyoff,5,5,126976.0,57.16666666666668
ppo_full_safetyoff,5,6,151552.0,55.43333333333332
ppo_full_safetyoff,5,7,176128.0,53.13333333333332
ppo_full_safetyoff,5,8,200704.0,51.933333333333344
ppo_full_safetyoff,5,9,225280.0,54.33333333333332
ppo_full_safetyoff,5,10,251904.0,52.26666666666666
ppo_full_safetyoff,5,11,276480.0,51.23333333333333
ppo_full_safetyoff,5,12,301056.0,48.96666666666666
ppo_full_safetyoff,6,1,26624.0,67.26666666666668
ppo_full_safetyoff,6,2,51200.0,61.93333333333334
ppo_full_safetyoff,6,3,75776.0,57.4
ppo_full_safetyoff,6,4,100352.0,55.56666666666668
ppo_full_safetyoff,6,5,126976.0,51.96666666666665
ppo_full_safetyoff,6,6,151552.0,51.96666666666665
ppo_full_safetyoff,6,7,176128.0,51.76666666666665
ppo_full_safetyoff,6,8,200704.0,52.13333333333332
ppo_full_safetyoff,6,9,225280.0,51.9
ppo_full_safetyoff,6,10,251904.0,52.0
ppo_full_safetyoff,6,11,276480.0,50.93333333333333
ppo_full_safetyoff,6,12,301056.0,49.7
ppo_full_safetyoff,7,1,26624.0,56.66666666666668
ppo_full_safetyoff,7,2,51200.0,51.7
ppo_full_safetyoff,7,3,75776.0,52.16666666666667
ppo_full_safetyoff,7,4,100352.0,51.83333333333334
ppo_full_safetyoff,7,5,126976.0,53.13333333333332
ppo_full_safetyoff,7,6,151552.0,51.53333333333333
ppo_full_safetyoff,7,7,176128.0,51.86666666666666
ppo_full_safetyoff,7,8,200704.0,54.266666666666666
ppo_full_safetyoff,7,9,225280.0,53.36666666666666
ppo_full_safetyoff,7,10,251904.0,53.16666666666667
ppo_full_safetyoff,7,11,276480.0,60.66666666666666
ppo_full_safetyoff,7,12,301056.0,57.866666666666674
ppo_full_safetyoff,8,1,26624.0,61.566666666666656
ppo_full_safetyoff,8,2,51200.0,66.46666666666665
ppo_full_safetyoff,8,3,75776.0,67.16666666666666
ppo_full_safetyoff,8,4,100352.0,67.86666666666665
ppo_full_safetyoff,8,5,126976.0,66.06666666666666
ppo_full_safetyoff,8,6,151552.0,67.19999999999999
ppo_full_safetyoff,8,7,176128.0,70.23333333333333
ppo_full_safetyoff,8,8,200704.0,68.86666666666666
ppo_full_safetyoff,8,9,225280.0,65.63333333333333
ppo_full_safetyoff,8,10,251904.0,66.10000000000001
ppo_full_safetyoff,8,11,276480.0,63.96666666666665
ppo_full_safetyoff,8,12,301056.0,62.23333333333333
ppo_full_safetyoff,9,1,26624.0,62.16666666666666
ppo_full_safetyoff,9,2,51200.0,53.53333333333333
ppo_full_safetyoff,9,3,75776.0,52.0
ppo_full_safetyoff,9,4,100352.0,52.53333333333332
ppo_full_safetyoff,9,5,126976.0,52.23333333333332
ppo_full_safetyoff,9,6,151552.0,52.5
ppo_full_safetyoff,9,7,176128.0,52.23333333333332
ppo_full_safetyoff,9,8,200704.0,51.366666666666674
ppo_full_safetyoff,9,9,225280.0,51.06666666666666
ppo_full_safetyoff,9,10,251904.0,49.73333333333333
ppo_full_safetyoff,9,11,276480.0,49.66666666666666
ppo_full_safetyoff,9,12,301056.0,49.6
ppo_full_safetyon,0,1,26624.0,43.266666666666666
ppo_full_safetyon,0,2,51200.0,45.83333333333333
ppo_full_safetyon,0,3,75776.0,43.2
ppo_full_safetyon,0,4,100352.0,39.26666666666666
ppo_full_safetyon,0,5,126976.0,41.5
ppo_full_safetyon,0,6,151552.0,37.2
ppo_full_safetyon,0,7,176128.0,36.56666666666666
ppo_full_safetyon,0,8,200704.0,37.63333333333333
ppo_full_safetyon,0,9,225280.0,43.3
ppo_full_safetyon,0,10,251904.0,42.23333333333333
ppo_full_safetyon,0,11,276480.0,37.4
ppo_full_safetyon,0,12,301056.0,38.46666666666666
ppo_full_safetyon,1,1,26624.0,38.3
ppo_full_safetyon,1,2,51200.0,38.8
ppo_full_safetyon,1,3,75776.0,39.36666666666666
ppo_full_safetyon,1,4,100352.0,40.93333333333333
ppo_full_safetyon,1,5,126976.0,37.56666666666666
ppo_full_safetyon,1,6,151552.0,33.6
ppo_full_safetyon,1,7,176128.0,34.43333333333334
ppo_full_safetyon,1,8,200704.0,32.53333333333333
ppo_full_safetyon,1,9,225280.0,35.96666666666666
ppo_full_safetyon,1,10,251904.0,36.7
ppo_full_safetyon,1,11,276480.0,40.1
ppo_full_safetyon,1,12,301056.0,43.23333333333332
ppo_full_safetyon,10,1,26624.0,44.63333333333333
ppo_full_safetyon,10,2,51200.0,37.56666666666666
ppo_full_safetyon,10,3,75776.0,34.46666666666666
ppo_full_safetyon,10,4,100352.0,32.2
ppo_full_safetyon,10,5,126976.0,32.46666666666666
ppo_full_safetyon,10,6,151552.0,32.300000000000004
ppo_full_safetyon,10,7,176128.0,32.9
ppo_full_safetyon,10,8,200704.0,32.96666666666666
ppo_full_safetyon,10,9,225280.0,33.1
ppo_full_safetyon,10,10,251904.0,34.666666666666664
ppo_full_safetyon,10,11,276480.0,33.7
ppo_full_safetyon,10,12,301056.0,33.53333333333334
ppo_full_safetyon,11,1,26624.0,45.73333333333333
ppo_full_safetyon,11,2,51200.0,37.2
ppo_full_safetyon,11,3,75776.0,39.73333333333333
ppo_full_safetyon,11,4,100352.0,43.06666666666666
ppo_full_safetyon,11,5,126976.0,43.133333333333326
ppo_full_safetyon,11,6,151552.0,45.93333333333334
ppo_full_safetyon,11,7,176128.0,42.73333333333333
ppo_full_safetyon,11,8,200704.0,46.79999999999999
ppo_full_safetyon,11,9,225280.0,46.3
ppo_full_safetyon,11,10,251904.0,42.86666666666667
ppo_full_safetyon,11,11,276480.0,42.0
ppo_full_safetyon,11,12,301056.0,41.9
ppo_full_safetyon,12,1,26624.0,48.33333333333333
ppo_full_safetyon,12,2,51200.0,46.4
ppo_full_safetyon,12,3,75776.0,45.93333333333332
ppo_full_safetyon,12,4,100352.0,46.5
ppo_full_safetyon,12,5,126976.0,45.76666666666666
ppo_full_safetyon,12,6,151552.0,47.39999999999999
ppo_full_safetyon,12,7,176128.0,48.96666666666666
ppo_full_safetyon,12,8,200704.0,47.66666666666666
ppo_full_safetyon,12,9,225280.0,47.33333333333333
ppo_full_safetyon,12,10,251904.0,44.5
ppo_full_safetyon,12,11,276480.0,47.36666666666666
ppo_full_safetyon,12,12,301056.0,50.13333333333333
ppo_full_safetyon,13,1,26624.0,36.3
ppo_full_safetyon,13,2,51200.0,36.766666666666666
ppo_full_safetyon,13,3,75776.0,36.06666666666666
ppo_full_safetyon,13,4,100352.0,31.7
ppo_full_safetyon,13,5,126976.0,30.533333333333328
ppo_full_safetyon,13,6,151552.0,32.36666666666666
ppo_full_safetyon,13,7,176128.0,31.466666666666672
ppo_full_safetyon,13,8,200704.0,30.9
ppo_full_safetyon,13,9,225280.0,33.666666666666664
ppo_full_safetyon,13,10,251904.0,44.43333333333332
ppo_full_safetyon,13,11,276480.0,35.89999999999999
ppo_full_safetyon,13,12,301056.0,36.96666666666666
ppo_full_safetyon,14,1,26624.0,36.23333333333333
ppo_full_safetyon,14,2,51200.0,38.43333333333333
ppo_full_safetyon,14,3,75776.0,42.16666666666666
ppo_full_safetyon,14,4,100352.0,40.4
ppo_full_safetyon,14,5,126976.0,39.46666666666666
ppo_full_safetyon,14,6,151552.0,36.33333333333332
ppo_full_safetyon,14,7,176128.0,38.36666666666667
ppo_full_safetyon,14,8,200704.0,38.4
ppo_full_safetyon,14,9,225280.0,33.166666666666664
ppo_full_safetyon,14,10,251904.0,41.36666666666666
ppo_full_safetyon,14,11,276480.0,38.06666666666666
ppo_full_safetyon,14,12,301056.0,40.79999999999999
ppo_full_safetyon,15,1,26624.0,41.333333333333336
ppo_full_safetyon,15,2,51200.0,38.86666666666666
ppo_full_safetyon,15,3,75776.0,41.8
ppo_full_safetyon,15,4,100352.0,44.33333333333332
ppo_full_safetyon,15,5,126976.0,44.96666666666666
ppo_full_safetyon,15,6,151552.0,45.06666666666666
ppo_full_safetyon,15,7,176128.0,45.46666666666666
ppo_full_safetyon,15,8,200704.0,45.56666666666666
ppo_full_safetyon,15,9,225280.0,48.56666666666666
ppo_full_safetyon,15,10,251904.0,48.96666666666666
ppo_full_safetyon,15,11,276480.0,48.53333333333333
ppo_full_safetyon,15,12,301056.0,47.7
ppo_full_safetyon,16,1,26624.0,39.46666666666666
ppo_full_safetyon,16,2,51200.0,42.16666666666667
ppo_full_safetyon,16,3,75776.0,42.266666666666666
ppo_full_safetyon,16,4,100352.0,42.56666666666666
ppo_full_safetyon,16,5,126976.0,42.46666666666666
ppo_full_safetyon,16,6,151552.0,43.96666666666667
ppo_full_safetyon,16,7,176128.0,44.76666666666666
ppo_full_safetyon,16,8,200704.0,43.766666666666666
ppo_full_safetyon,16,9,225280.0,45.66666666666666
ppo_full_safetyon,16,10,251904.0,45.0
ppo_full_safetyon,16,11,276480.0,46.46666666666666
ppo_full_safetyon,16,12,301056.0,47.266666666666666
ppo_full_safetyon,17,1,26624.0,38.56666666666666
ppo_full_safetyon,17,2,51200.0,38.06666666666666
ppo_full_safetyon,17,3,75776.0,42.0
ppo_full_safetyon,17,4,100352.0,43.766666666666666
ppo_full_safetyon,17,5,126976.0,44.46666666666667
ppo_full_safetyon,17,6,151552.0,45.4
ppo_full_safetyon,17,7,176128.0,48.66666666666666
ppo_full_safetyon,17,8,200704.0,50.03333333333332
ppo_full_safetyon,17,9,225280.0,51.03333333333332
ppo_full_safetyon,17,10,251904.0,50.19999999999999
ppo_full_safetyon,17,11,276480.0,49.69999999999999
ppo_full_safetyon,17,12,301056.0,51.06666666666665
ppo_full_safetyon,18,1,26624.0,39.26666666666666
ppo_full_safetyon,18,2,51200.0,37.03333333333333
ppo_full_safetyon,18,3,75776.0,37.96666666666667
ppo_full_safetyon,18,4,100352.0,38.266666666666666
ppo_full_safetyon,18,5,126976.0,41.89999999999999
ppo_full_safetyon,18,6,151552.0,42.06666666666666
ppo_full_safetyon,18,7,176128.0,41.33333333333333
ppo_full_safetyon,18,8,200704.0,42.3
ppo_full_safetyon,18,9,225280.0,45.16666666666666
ppo_full_safetyon,18,10,251904.0,45.99999999999999
ppo_full_safetyon,18,11,276480.0,48.79999999999999
ppo_full_safetyon,18,12,301056.0,47.6
ppo_full_safetyon,19,1,26624.0,47.6
ppo_full_safetyon,19,2,51200.0,46.03333333333334
ppo_full_safetyon,19,3,75776.0,44.63333333333333
ppo_full_safetyon,19,4,100352.0,46.1
ppo_full_safetyon,19,5,126976.0,45.83333333333333
ppo_full_safetyon,19,6,151552.0,46.63333333333333
ppo_full_safetyon,19,7,176128.0,49.49999999999999
ppo_full_safetyon,19,8,200704.0,47.1
ppo_full_safetyon,19,9,225280.0,46.33333333333333
ppo_full_safetyon,19,10,251904.0,48.36666666666666
ppo_full_safetyon,19,11,276480.0,49.133333333333326
ppo_full_safetyon,19,12,301056.0,51.5
ppo_full_safetyon,2,1,26624.0,39.63333333333334
ppo_full_safetyon,2,2,51200.0,41.66666666666666
ppo_full_safetyon,2,3,75776.0,43.6
ppo_full_safetyon,2,4,100352.0,43.0
ppo_full_safetyon,2,5,126976.0,44.8
ppo_full_safetyon,2,6,151552.0,45.6
ppo_full_safetyon,2,7,176128.0,45.3
ppo_full_safetyon,2,8,200704.0,44.46666666666667
ppo_full_safetyon,2,9,225280.0,39.26666666666666
ppo_full_safetyon,2,10,251904.0,39.53333333333333
ppo_full_safetyon,2,11,276480.0,40.833333333333336
ppo_full_safetyon,2,12,301056.0,35.43333333333333
ppo_full_safetyon,3,1,26624.0,40.66666666666666
ppo_full_safetyon,3,2,51200.0,40.36666666666666
ppo_full_safetyon,3,3,75776.0,40.96666666666666
ppo_full_safetyon,3,4,100352.0,41.36666666666666
ppo_full_safetyon,3,5,126976.0,39.53333333333334
ppo_full_safetyon,3,6,151552.0,39.73333333333333
ppo_full_safetyon,3,7,176128.0,42.36666666666667
ppo_full_safetyon,3,8,200704.0,40.53333333333333
ppo_full_safetyon,3,9,225280.0,38.76666666666666
ppo_full_safetyon,3,10,251904.0,33.2
ppo_full_safetyon,3,11,276480.0,37.49999999999999
ppo_full_safetyon,3,12,301056.0,43.23333333333333
ppo_full_safetyon,4,1,26624.0,44.96666666666667
ppo_full_safetyon,4,2,51200.0,43.63333333333333
ppo_full_safetyon,4,3,75776.0,48.36666666666666
ppo_full_safetyon,4,4,100352.0,46.73333333333333
ppo_full_safetyon,4,5,126976.0,47.8
ppo_full_safetyon,4,6,151552.0,47.4
ppo_full_safetyon,4,7,176128.0,49.76666666666667
ppo_full_safetyon,4,8,200704.0,50.36666666666666
ppo_full_safetyon,4,9,225280.0,53.03333333333333
ppo_full_safetyon,4,10,251904.0,50.73333333333333
ppo_full_safetyon,4,11,276480.0,42.9
ppo_full_safetyon,4,12,301056.0,41.56666666666666
ppo_full_safetyon,5,1,26624.0,39.2
ppo_full_safetyon,5,2,51200.0,42.36666666666666
ppo_full_safetyon,5,3,75776.0,41.43333333333333
ppo_full_safetyon,5,4,100352.0,43.3
ppo_full_safetyon,5,5,126976.0,43.83333333333332
ppo_full_safetyon,5,6,151552.0,43.56666666666666
ppo_full_safetyon,5,7,176128.0,44.33333333333332
ppo_full_safetyon,5,8,200704.0,45.06666666666666
ppo_full_safetyon,5,9,225280.0,44.06666666666666
ppo_full_safetyon,5,10,251904.0,45.4
ppo_full_safetyon,5,11,276480.0,46.26666666666666
ppo_full_safetyon,5,12,301056.0,47.39999999999999
ppo_full_safetyon,6,1,26624.0,32.83333333333333
ppo_full_safetyon,6,2,51200.0,36.73333333333332
ppo_full_safetyon,6,3,75776.0,37.7
ppo_full_safetyon,6,4,100352.0,40.93333333333333
ppo_full_safetyon,6,5,126976.0,42.266666666666666
ppo_full_safetyon,6,6,151552.0,47.399999999999984
ppo_full_safetyon,6,7,176128.0,48.766666666666666
ppo_full_safetyon,6,8,200704.0,44.46666666666667
ppo_full_safetyon,6,9,225280.0,39.66666666666666
ppo_full_safetyon,6,10,251904.0,41.133333333333326
ppo_full_safetyon,6,11,276480.0,43.23333333333332
ppo_full_safetyon,6,12,301056.0,32.53333333333333
ppo_full_safetyon,7,1,26624.0,42.2
ppo_full_safetyon,7,2,51200.0,43.13333333333333
ppo_full_safetyon,7,3,75776.0,40.56666666666666
ppo_full_safetyon,7,4,100352.0,42.5
ppo_full_safetyon,7,5,126976.0,44.83333333333333
ppo_full_safetyon,7,6,151552.0,44.9
ppo_full_safetyon,7,7,176128.0,44.53333333333333
ppo_full_safetyon,7,8,200704.0,46.33333333333333
ppo_full_safetyon,7,9,225280.0,44.76666666666666
ppo_full_safetyon,7,10,251904.0,47.3
ppo_full_safetyon,7,11,276480.0,50.76666666666666
ppo_full_safetyon,7,12,301056.0,49.633333333333326
ppo_full_safetyon,8,1,26624.0,47.56666666666666
ppo_full_safetyon,8,2,51200.0,47.73333333333333
ppo_full_safetyon,8,3,75776.0,46.93333333333333
ppo_full_safetyon,8,4,100352.0,45.33333333333333
ppo_full_safetyon,8,5,126976.0,46.5
ppo_full_safetyon,8,6,151552.0,47.53333333333333
ppo_full_safetyon,8,7,176128.0,47.06666666666666
ppo_full_safetyon,8,8,200704.0,48.03333333333333
ppo_full_safetyon,8,9,225280.0,50.76666666666666
ppo_full_safetyon,8,10,251904.0,50.4
ppo_full_safetyon,8,11,276480.0,50.09999999999999
ppo_full_safetyon,8,12,301056.0,50.89999999999999
ppo_full_safetyon,9,1,26624.0,38.133333333333326
ppo_full_safetyon,9,2,51200.0,36.36666666666667
ppo_full_safetyon,9,3,75776.0,38.4
ppo_full_safetyon,9,4,100352.0,41.633333333333326
ppo_full_safetyon,9,5,126976.0,40.1
ppo_full_safetyon,9,6,151552.0,44.43333333333333
ppo_full_safetyon,9,7,176128.0,45.79999999999999
ppo_full_safetyon,9,8,200704.0,45.36666666666666
ppo_full_safetyon,9,9,225280.0,42.66666666666666
ppo_full_safetyon,9,10,251904.0,46.4
ppo_full_safetyon,9,11,276480.0,45.49999999999999
ppo_full_safetyon,9,12,301056.0,40.06666666666666
ppo_real_only_safetyoff,0,1,26624.0,55.60000000000001
ppo_real_only_safetyoff,0,2,51200.0,52.56666666666666
ppo_real_only_safetyoff,0,3,75776.0,52.66666666666666
ppo_real_only_safetyoff,0,4,100352.0,52.86666666666666
ppo_real_only_safetyoff,0,5,126976.0,53.0
ppo_real_only_safetyoff,0,6,151552.0,52.89999999999999
ppo_real_only_safetyoff,0,7,176128.0,52.63333333333332
ppo_real_only_safetyoff,0,8,200704.0,52.7
ppo_real_only_safetyoff,0,9,225280.0,52.23333333333332
ppo_real_only_safetyoff,0,10,251904.0,48.1
ppo_real_only_safetyoff,0,11,276480.0,51.63333333333333
ppo_real_only_safetyoff,0,12,301056.0,48.266666666666666
ppo_real_only_safetyoff,1,1,26624.0,59.7
ppo_real_only_safetyoff,1,2,51200.0,53.83333333333332
ppo_real_only_safetyoff,1,3,75776.0,54.50000000000001
ppo_real_only_safetyoff,1,4,100352.0,52.83333333333332
ppo_real_only_safetyoff,1,5,126976.0,51.93333333333332
ppo_real_only_safetyoff,1,6,151552.0,50.09999999999999
ppo_real_only_safetyoff,1,7,176128.0,50.59999999999999
ppo_real_only_safetyoff,1,8,200704.0,50.13333333333333
ppo_real_only_safetyoff,1,9,225280.0,50.06666666666666
ppo_real_only_safetyoff,1,10,251904.0,49.266666666666666
ppo_real_only_safetyoff,1,11,276480.0,49.09999999999999
ppo_real_only_safetyoff,1,12,301056.0,50.23333333333333
ppo_real_only_safetyoff,10,1,26624.0,63.19999999999999
ppo_real_only_safetyoff,10,2,51200.0,63.66666666666666
ppo_real_only_safetyoff,10,3,75776.0,60.13333333333334
ppo_real_only_safetyoff,10,4,100352.0,56.2
ppo_real_only_safetyoff,10,5,126976.0,55.83333333333332
ppo_real_only_safetyoff,10,6,151552.0,55.93333333333332
ppo_real_only_safetyoff,10,7,176128.0,55.36666666666665
ppo_real_only_safetyoff,10,8,200704.0,54.29999999999999
ppo_real_only_safetyoff,10,9,225280.0,54.633333333333326
ppo_real_only_safetyoff,10,10,251904.0,53.56666666666666
ppo_real_only_safetyoff,10,11,276480.0,50.46666666666666
ppo_real_only_safetyoff,10,12,301056.0,49.86666666666665
ppo_real_only_safetyoff,11,1,26624.0,65.33333333333331
ppo_real_only_safetyoff,11,2,51200.0,60.06666666666667
ppo_real_only_safetyoff,11,3,75776.0,58.79999999999998
ppo_real_only_safetyoff,11,4,100352.0,57.46666666666667
ppo_real_only_safetyoff,11,5,126976.0,56.83333333333332
ppo_real_only_safetyoff,11,6,151552.0,56.43333333333332
ppo_real_only_safetyoff,11,7,176128.0,54.93333333333332
ppo_real_only_safetyoff,11,8,200704.0,56.16666666666668
ppo_real_only_safetyoff,11,9,225280.0,52.33333333333332
ppo_real_only_safetyoff,11,10,251904.0,52.16666666666666
ppo_real_only_safetyoff,11,11,276480.0,53.66666666666666
ppo_real_only_safetyoff,11,12,301056.0,54.6
ppo_real_only_safetyoff,12,1,26624.0,61.26666666666664
ppo_real_only_safetyoff,12,2,51200.0,58.66666666666666
ppo_real_only_safetyoff,12,3,75776.0,60.1
ppo_real_only_safetyoff,12,4,100352.0,54.06666666666665
ppo_real_only_safetyoff,12,5,126976.0,56.133333333333326
ppo_real_only_safetyoff,12,6,151552.0,51.366666666666646
ppo_real_only_safetyoff,12,7,176128.0,54.8
ppo_real_only_safetyoff,12,8,200704.0,53.69999999999999
ppo_real_only_safetyoff,12,9,225280.0,54.06666666666665
ppo_real_only_safetyoff,12,10,251904.0,53.93333333333332
ppo_real_only_safetyoff,12,11,276480.0,54.53333333333333
ppo_real_only_safetyoff,12,12,301056.0,53.400000000000006
ppo_real_only_safetyoff,13,1,26624.0,53.63333333333333
ppo_real_only_safetyoff,13,2,51200.0,50.76666666666666
ppo_real_only_safetyoff,13,3,75776.0,50.33333333333333
ppo_real_only_safetyoff,13,4,100352.0,50.19999999999999
ppo_real_only_safetyoff,13,5,126976.0,51.03333333333333
ppo_real_only_safetyoff,13,6,151552.0,50.89999999999999
ppo_real_only_safetyoff,13,7,176128.0,48.99999999999999
ppo_real_only_safetyoff,13,8,200704.0,49.73333333333333
ppo_real_only_safetyoff,13,9,225280.0,49.36666666666666
ppo_real_only_safetyoff,13,10,251904.0,46.93333333333333
ppo_real_only_safetyoff,13,11,276480.0,46.1
ppo_real_only_safetyoff,13,12,301056.0,46.43333333333332
ppo_real_only_safetyoff,14,1,26624.0,54.3
ppo_real_only_safetyoff,14,2,51200.0,48.96666666666666
ppo_real_only_safetyoff,14,3,75776.0,48.89999999999999
ppo_real_only_safetyoff,14,4,100352.0,49.29999999999999
ppo_real_only_safetyoff,14,5,126976.0,49.13333333333332
ppo_real_only_safetyoff,14,6,151552.0,48.86666666666666
ppo_real_only_safetyoff,14,7,176128.0,48.99999999999999
ppo_real_only_safetyoff,14,8,200704.0,49.266666666666666
ppo_real_only_safetyoff,14,9,225280.0,48.89999999999999
ppo_real_only_safetyoff,14,10,251904.0,49.1
ppo_real_only_safetyoff,14,11,276480.0,49.39999999999999
ppo_real_only_safetyoff,14,12,301056.0,49.36666666666667
ppo_real_only_safetyoff,15,1,26624.0,62.23333333333333
ppo_real_only_safetyoff,15,2,51200.0,60.466666666666654
ppo_real_only_safetyoff,15,3,75776.0,59.3
ppo_real_only_safetyoff,15,4,100352.0,54.6
ppo_real_only_safetyoff,15,5,126976.0,54.53333333333333
ppo_real_only_safetyoff,15,6,151552.0,53.03333333333333
ppo_real_only_safetyoff,15,7,176128.0,46.0
ppo_real_only_safetyoff,15,8,200704.0,46.6
ppo_real_only_safetyoff,15,9,225280.0,46.86666666666666
ppo_real_only_safetyoff,15,10,251904.0,46.23333333333333
ppo_real_only_safetyoff,15,11,276480.0,45.76666666666666
ppo_real_only_safetyoff,15,12,301056.0,45.33333333333333
ppo_real_only_safetyoff,16,1,26624.0,64.49999999999999
ppo_real_only_safetyoff,16,2,51200.0,65.4
ppo_real_only_safetyoff,16,3,75776.0,61.73333333333333
ppo_real_only_safetyoff,16,4,100352.0,60.93333333333333
ppo_real_only_safetyoff,16,5,126976.0,61.5
ppo_real_only_safetyoff,16,6,151552.0,60.23333333333333
ppo_real_only_safetyoff,16,7,176128.0,57.6
ppo_real_only_safetyoff,16,8,200704.0,53.83333333333332
ppo_real_only_safetyoff,16,9,225280.0,52.53333333333332
ppo_real_only_safetyoff,16,10,251904.0,46.6
ppo_real_only_safetyoff,16,11,276480.0,46.83333333333333
ppo_real_only_safetyoff,16,12,301056.0,45.16666666666666
ppo_real_only_safetyoff,17,1,26624.0,66.63333333333333
ppo_real_only_safetyoff,17,2,51200.0,65.03333333333332
ppo_real_only_safetyoff,17,3,75776.0,65.13333333333333
ppo_real_only_safetyoff,17,4,100352.0,66.69999999999999
ppo_real_only_safetyoff,17,5,126976.0,65.10000000000001
ppo_real_only_safetyoff,17,6,151552.0,64.96666666666667
ppo_real_only_safetyoff,17,7,176128.0,64.96666666666665
ppo_real_only_safetyoff,17,8,200704.0,64.86666666666666
ppo_real_only_safetyoff,17,9,225280.0,65.06666666666665
ppo_real_only_safetyoff,17,10,251904.0,64.96666666666667
ppo_real_only_safetyoff,17,11,276480.0,66.03333333333332
ppo_real_only_safetyoff,17,12,301056.0,65.06666666666665
ppo_real_only_safetyoff,18,1,26624.0,57.06666666666666
ppo_real_only_safetyoff,18,2,51200.0,49.06666666666666
ppo_real_only_safetyoff,18,3,75776.0,48.6
ppo_real_only_safetyoff,18,4,100352.0,48.86666666666667
ppo_real_only_safetyoff,18,5,126976.0,48.7
ppo_real_only_safetyoff,18,6,151552.0,48.93333333333333
ppo_real_only_safetyoff,18,7,176128.0,49.133333333333326
ppo_real_only_safetyoff,18,8,200704.0,48.06666666666666
ppo_real_only_safetyoff,18,9,225280.0,48.43333333333333
ppo_real_only_safetyoff,18,10,251904.0,46.7
ppo_real_only_safetyoff,18,11,276480.0,47.1
ppo_real_only_safetyoff,18,12,301056.0,47.33333333333333
ppo_real_only_safetyoff,19,1,26624.0,77.66666666666666
ppo_real_only_safetyoff,19,2,51200.0,71.5
ppo_real_only_safetyoff,19,3,75776.0,66.63333333333333
ppo_real_only_safetyoff,19,4,100352.0,64.83333333333331
ppo_real_only_safetyoff,19,5,126976.0,61.2
ppo_real_only_safetyoff,19,6,151552.0,55.73333333333332
ppo_real_only_safetyoff,19,7,176128.0,56.633333333333326
ppo_real_only_safetyoff,19,8,200704.0,56.79999999999998
ppo_real_only_safetyoff,19,9,225280.0,56.43333333333332
ppo_real_only_safetyoff,19,10,251904.0,54.900000000000006
ppo_real_only_safetyoff,19,11,276480.0,55.133333333333326
ppo_real_only_safetyoff,19,12,301056.0,55.466666666666654
ppo_real_only_safetyoff,2,1,26624.0,52.3
ppo_real_only_safetyoff,2,2,51200.0,51.06666666666666
ppo_real_only_safetyoff,2,3,75776.0,50.23333333333333
ppo_real_only_safetyoff,2,4,100352.0,51.63333333333333
ppo_real_only_safetyoff,2,5,126976.0,51.76666666666666
ppo_real_only_safetyoff,2,6,151552.0,50.33333333333333
ppo_real_only_safetyoff,2,7,176128.0,49.46666666666666
ppo_real_only_safetyoff,2,8,200704.0,49.833333333333336
ppo_real_only_safetyoff,2,9,225280.0,48.633333333333326
ppo_real_only_safetyoff,2,10,251904.0,49.36666666666666
ppo_real_only_safetyoff,2,11,276480.0,48.46666666666666
ppo_real_only_safetyoff,2,12,301056.0,47.79999999999999
ppo_real_only_safetyoff,3,1,26624.0,57.93333333333334
ppo_real_only_safetyoff,3,2,51200.0,56.3
ppo_real_only_safetyoff,3,3,75776.0,55.900000000000006
ppo_real_only_safetyoff,3,4,100352.0,56.03333333333333
ppo_real_only_safetyoff,3,5,126976.0,57.66666666666668
ppo_real_only_safetyoff,3,6,151552.0,56.43333333333332
ppo_real_only_safetyoff,3,7,176128.0,55.96666666666668
ppo_real_only_safetyoff,3,8,200704.0,55.633333333333326
ppo_real_only_safetyoff,3,9,225280.0,51.3
ppo_real_only_safetyoff,3,10,251904.0,49.66666666666666
ppo_real_only_safetyoff,3,11,276480.0,49.46666666666666
ppo_real_only_safetyoff,3,12,301056.0,49.2
ppo_real_only_safetyoff,4,1,26624.0,53.83333333333332
ppo_real_only_safetyoff,4,2,51200.0,53.83333333333332
ppo_real_only_safetyoff,4,3,75776.0,53.93333333333332
ppo_real_only_safetyoff,4,4,100352.0,54.1
ppo_real_only_safetyoff,4,5,126976.0,54.46666666666666
ppo_real_only_safetyoff,4,6,151552.0,53.43333333333332
ppo_real_only_safetyoff,4,7,176128.0,53.93333333333332
ppo_real_only_safetyoff,4,8,200704.0,53.56666666666666
ppo_real_only_safetyoff,4,9,225280.0,53.06666666666666
ppo_real_only_safetyoff,4,10,251904.0,53.06666666666666
ppo_real_only_safetyoff,4,11,276480.0,53.266666666666666
ppo_real_only_safetyoff,4,12,301056.0,50.56666666666665
ppo_real_only_safetyoff,5,1,26624.0,63.56666666666666
ppo_real_only_safetyoff,5,2,51200.0,61.0
ppo_real_only_safetyoff,5,3,75776.0,60.43333333333333
ppo_real_only_safetyoff,5,4,100352.0,59.633333333333326
ppo_real_only_safetyoff,5,5,126976.0,59.7
ppo_real_only_safetyoff,5,6,151552.0,57.86666666666667
ppo_real_only_safetyoff,5,7,176128.0,56.6
ppo_real_only_safetyoff,5,8,200704.0,56.766666666666666
ppo_real_only_safetyoff,5,9,225280.0,54.50000000000001
ppo_real_only_safetyoff,5,10,251904.0,49.06666666666666
ppo_real_only_safetyoff,5,11,276480.0,49.73333333333333
ppo_real_only_safetyoff,5,12,301056.0,48.19999999999999
ppo_real_only_safetyoff,6,1,26624.0,67.26666666666667
ppo_real_only_safetyoff,6,2,51200.0,59.1
ppo_real_only_safetyoff,6,3,75776.0,57.43333333333334
ppo_real_only_safetyoff,6,4,100352.0,53.86666666666666
ppo_real_only_safetyoff,6,5,126976.0,54.16666666666666
ppo_real_only_safetyoff,6,6,151552.0,53.2
ppo_real_only_safetyoff,6,7,176128.0,53.766666666666666
ppo_real_only_safetyoff,6,8,200704.0,51.56666666666667
ppo_real_only_safetyoff,6,9,225280.0,47.86666666666666
ppo_real_only_safetyoff,6,10,251904.0,47.93333333333333
ppo_real_only_safetyoff,6,11,276480.0,48.133333333333326
ppo_real_only_safetyoff,6,12,301056.0,49.46666666666666
ppo_real_only_safetyoff,7,1,26624.0,54.766666666666666
ppo_real_only_safetyoff,7,2,51200.0,60.899999999999984
ppo_real_only_safetyoff,7,3,75776.0,53.400000000000006
ppo_real_only_safetyoff,7,4,100352.0,61.53333333333333
ppo_real_only_safetyoff,7,5,126976.0,64.36666666666666
ppo_real_only_safetyoff,7,6,151552.0,63.866666666666646
ppo_real_only_safetyoff,7,7,176128.0,64.9
ppo_real_only_safetyoff,7,8,200704.0,65.56666666666665
ppo_real_only_safetyoff,7,9,225280.0,60.56666666666665
ppo_real_only_safetyoff,7,10,251904.0,60.76666666666666
ppo_real_only_safetyoff,7,11,276480.0,58.33333333333333
ppo_real_only_safetyoff,7,12,301056.0,56.266666666666666
ppo_real_only_safetyoff,8,1,26624.0,60.3
ppo_real_only_safetyoff,8,2,51200.0,62.73333333333333
ppo_real_only_safetyoff,8,3,75776.0,66.19999999999999
ppo_real_only_safetyoff,8,4,100352.0,65.73333333333332
ppo_real_only_safetyoff,8,5,126976.0,66.03333333333332
ppo_real_only_safetyoff,8,6,151552.0,67.83333333333333
ppo_real_only_safetyoff,8,7,176128.0,68.1
ppo_real_only_safetyoff,8,8,200704.0,68.49999999999999
ppo_real_only_safetyoff,8,9,225280.0,69.36666666666666
ppo_real_only_safetyoff,8,10,251904.0,71.43333333333332
ppo_real_only_safetyoff,8,11,276480.0,74.93333333333332
ppo_real_only_safetyoff,8,12,301056.0,60.966666666666654
ppo_real_only_safetyoff,9,1,26624.0,66.73333333333332
ppo_real_only_safetyoff,9,2,51200.0,64.66666666666666
ppo_real_only_safetyoff,9,3,75776.0,64.2
ppo_real_only_safetyoff,9,4,100352.0,63.8
ppo_real_only_safetyoff,9,5,126976.0,63.7
ppo_real_only_safetyoff,9,6,151552.0,59.96666666666667
ppo_real_only_safetyoff,9,7,176128.0,60.4
ppo_real_only_safetyoff,9,8,200704.0,57.43333333333332
ppo_real_only_safetyoff,9,9,225280.0,58.69999999999999
ppo_real_only_safetyoff,9,10,251904.0,57.33333333333333
ppo_real_only_safetyoff,9,11,276480.0,56.366666666666674
ppo_real_only_safetyoff,9,12,301056.0,51.06666666666667
ppo_real_only_safetyon,0,1,26624.0,46.2
ppo_real_only_safetyon,0,2,51200.0,45.56666666666666
ppo_real_only_safetyon,0,3,75776.0,46.33333333333333
ppo_real_only_safetyon,0,4,100352.0,43.93333333333332
ppo_real_only_safetyon,0,5,126976.0,44.43333333333332
ppo_real_only_safetyon,0,6,151552.0,43.73333333333333
ppo_real_only_safetyon,0,7,176128.0,45.2
ppo_real_only_safetyon,0,8,200704.0,49.633333333333326
ppo_real_only_safetyon,0,9,225280.0,47.83333333333333
ppo_real_only_safetyon,0,10,251904.0,50.63333333333333
ppo_real_only_safetyon,0,11,276480.0,50.39999999999999
ppo_real_only_safetyon,0,12,301056.0,45.43333333333333
ppo_real_only_safetyon,1,1,26624.0,41.56666666666666
ppo_real_only_safetyon,1,2,51200.0,37.33333333333333
ppo_real_only_safetyon,1,3,75776.0,40.1
ppo_real_only_safetyon,1,4,100352.0,43.73333333333333
ppo_real_only_safetyon,1,5,126976.0,42.36666666666666
ppo_real_only_safetyon,1,6,151552.0,42.03333333333333
ppo_real_only_safetyon,1,7,176128.0,40.46666666666666
ppo_real_only_safetyon,1,8,200704.0,43.93333333333333
ppo_real_only_safetyon,1,9,225280.0,43.7
ppo_real_only_safetyon,1,10,251904.0,41.96666666666666
ppo_real_only_safetyon,1,11,276480.0,42.766666666666666
ppo_real_only_safetyon,1,12,301056.0,40.36666666666666
ppo_real_only_safetyon,10,1,26624.0,45.0
ppo_real_only_safetyon,10,2,51200.0,40.766666666666666
ppo_real_only_safetyon,10,3,75776.0,39.26666666666666
ppo_real_only_safetyon,10,4,100352.0,41.0
ppo_real_only_safetyon,10,5,126976.0,41.333333333333336
ppo_real_only_safetyon,10,6,151552.0,40.400000000000006
ppo_real_only_safetyon,10,7,176128.0,44.86666666666666
ppo_real_only_safetyon,10,8,200704.0,40.766666666666666
ppo_real_only_safetyon,10,9,225280.0,42.6
ppo_real_only_safetyon,10,10,251904.0,38.76666666666666
ppo_real_only_safetyon,10,11,276480.0,33.76666666666666
ppo_real_only_safetyon,10,12,301056.0,34.06666666666666
ppo_real_only_safetyon,11,1,26624.0,44.266666666666666
ppo_real_only_safetyon,11,2,51200.0,42.46666666666666
ppo_real_only_safetyon,11,3,75776.0,42.2
ppo_real_only_safetyon,11,4,100352.0,45.0
ppo_real_only_safetyon,11,5,126976.0,41.5
ppo_real_only_safetyon,11,6,151552.0,42.93333333333333
ppo_real_only_safetyon,11,7,176128.0,44.99999999999999
ppo_real_only_safetyon,11,8,200704.0,46.86666666666666
ppo_real_only_safetyon,11,9,225280.0,44.13333333333333
ppo_real_only_safetyon,11,10,251904.0,40.73333333333333
ppo_real_only_safetyon,11,11,276480.0,47.266666666666666
ppo_real_only_safetyon,11,12,301056.0,48.133333333333326
ppo_real_only_safetyon,12,1,26624.0,46.73333333333333
ppo_real_only_safetyon,12,2,51200.0,43.03333333333333
ppo_real_only_safetyon,12,3,75776.0,43.03333333333333
ppo_real_only_safetyon,12,4,100352.0,40.8
ppo_real_only_safetyon,12,5,126976.0,41.39999999999999
ppo_real_only_safetyon,12,6,151552.0,42.6
ppo_real_only_safetyon,12,7,176128.0,42.83333333333333
ppo_real_only_safetyon,12,8,200704.0,40.56666666666666
ppo_real_only_safetyon,12,9,225280.0,43.133333333333326
ppo_real_only_safetyon,12,10,251904.0,45.5
ppo_real_only_safetyon,12,11,276480.0,37.83333333333333
ppo_real_only_safetyon,12,12,301056.0,42.2
ppo_real_only_safetyon,13,1,26624.0,41.83333333333333
ppo_real_only_safetyon,13,2,51200.0,43.99999999999999
ppo_real_only_safetyon,13,3,75776.0,46.33333333333333
ppo_real_only_safetyon,13,4,100352.0,48.56666666666666
ppo_real_only_safetyon,13,5,126976.0,47.7
ppo_real_only_safetyon,13,6,151552.0,47.266666666666666
ppo_real_only_safetyon,13,7,176128.0,46.46666666666666
ppo_real_only_safetyon,13,8,200704.0,47.766666666666666
ppo_real_only_safetyon,13,9,225280.0,47.766666666666666
ppo_real_only_safetyon,13,10,251904.0,47.266666666666666
ppo_real_only_safetyon,13,11,276480.0,47.23333333333333
ppo_real_only_safetyon,13,12,301056.0,48.73333333333333
ppo_real_only_safetyon,14,1,26624.0,38.66666666666666
ppo_real_only_safetyon,14,2,51200.0,43.46666666666666
ppo_real_only_safetyon,14,3,75776.0,43.53333333333333
ppo_real_only_safetyon,14,4,100352.0,45.03333333333333
ppo_real_only_safetyon,14,5,126976.0,44.133333333333326
ppo_real_only_safetyon,14,6,151552.0,43.53333333333333
ppo_real_only_safetyon,14,7,176128.0,45.06666666666666
ppo_real_only_safetyon,14,8,200704.0,46.66666666666666
ppo_real_only_safetyon,14,9,225280.0,47.7
ppo_real_only_safetyon,14,10,251904.0,48.399999999999984
ppo_real_only_safetyon,14,11,276480.0,48.66666666666666
ppo_real_only_safetyon,14,12,301056.0,49.266666666666666
ppo_real_only_safetyon,15,1,26624.0,39.63333333333334
ppo_real_only_safetyon,15,2,51200.0,36.36666666666667
ppo_real_only_safetyon,15,3,75776.0,37.0
ppo_real_only_safetyon,15,4,100352.0,31.033333333333328
ppo_real_only_safetyon,15,5,126976.0,31.866666666666667
ppo_real_only_safetyon,15,6,151552.0,31.83333333333333
ppo_real_only_safetyon,15,7,176128.0,34.233333333333334
ppo_real_only_safetyon,15,8,200704.0,35.46666666666666
ppo_real_only_safetyon,15,9,225280.0,38.23333333333333
ppo_real_only_safetyon,15,10,251904.0,44.46666666666667
ppo_real_only_safetyon,15,11,276480.0,44.56666666666666
ppo_real_only_safetyon,15,12,301056.0,39.76666666666666
ppo_real_only_safetyon,16,1,26624.0,35.266666666666666
ppo_real_only_safetyon,16,2,51200.0,36.66666666666666
ppo_real_only_safetyon,16,3,75776.0,36.73333333333333
ppo_real_only_safetyon,16,4,100352.0,37.33333333333333
ppo_real_only_safetyon,16,5,126976.0,38.26666666666668
ppo_real_only_safetyon,16,6,151552.0,40.2
ppo_real_only_safetyon,16,7,176128.0,39.13333333333333
ppo_real_only_safetyon,16,8,200704.0,38.333333333333336
ppo_real_only_safetyon,16,9,225280.0,37.56666666666666
ppo_real_only_safetyon,16,10,251904.0,41.333333333333336
ppo_real_only_safetyon,16,11,276480.0,41.43333333333333
ppo_real_only_safetyon,16,12,301056.0,41.99999999999999
ppo_real_only_safetyon,17,1,26624.0,36.0
ppo_real_only_safetyon,17,2,51200.0,36.333333333333336
ppo_real_only_safetyon,17,3,75776.0,32.5
ppo_real_only_safetyon,17,4,100352.0,33.06666666666666
ppo_real_only_safetyon,17,5,126976.0,32.86666666666666
ppo_real_only_safetyon,17,6,151552.0,36.66666666666666
ppo_real_only_safetyon,17,7,176128.0,32.800000000000004
ppo_real_only_safetyon,17,8,200704.0,32.86666666666667
ppo_real_only_safetyon,17,9,225280.0,33.36666666666666
ppo_real_only_safetyon,17,10,251904.0,32.46666666666666
ppo_real_only_safetyon,17,11,276480.0,32.800000000000004
ppo_real_only_safetyon,17,12,301056.0,33.300000000000004
ppo_real_only_safetyon,18,1,26624.0,36.66666666666666
ppo_real_only_safetyon,18,2,51200.0,36.23333333333333
ppo_real_only_safetyon,18,3,75776.0,36.53333333333333
ppo_real_only_safetyon,18,4,100352.0,35.73333333333333
ppo_real_only_safetyon,18,5,126976.0,37.99999999999999
ppo_real_only_safetyon,18,6,151552.0,40.19999999999999
ppo_real_only_safetyon,18,7,176128.0,40.53333333333333
ppo_real_only_safetyon,18,8,200704.0,39.4
ppo_real_only_safetyon,18,9,225280.0,38.36666666666667
ppo_real_only_safetyon,18,10,251904.0,40.36666666666666
ppo_real_only_safetyon,18,11,276480.0,39.4
ppo_real_only_safetyon,18,12,301056.0,38.1
ppo_real_only_safetyon,19,1,26624.0,44.83333333333333
ppo_real_only_safetyon,19,2,51200.0,49.06666666666667
ppo_real_only_safetyon,19,3,75776.0,48.8
ppo_real_only_safetyon,19,4,100352.0,48.16666666666666
ppo_real_only_safetyon,19,5,126976.0,49.06666666666666
ppo_real_only_safetyon,19,6,151552.0,49.266666666666666
ppo_real_only_safetyon,19,7,176128.0,51.56666666666666
ppo_real_only_safetyon,19,8,200704.0,52.13333333333332
ppo_real_only_safetyon,19,9,225280.0,44.03333333333333
ppo_real_only_safetyon,19,10,251904.0,42.46666666666666
ppo_real_only_safetyon,19,11,276480.0,49.23333333333333
ppo_real_only_safetyon,19,12,301056.0,44.8
ppo_real_only_safetyon,2,1,26624.0,44.16666666666666
ppo_real_only_safetyon,2,2,51200.0,45.3
ppo_real_only_safetyon,2,3,75776.0,43.53333333333333
ppo_real_only_safetyon,2,4,100352.0,46.66666666666666
ppo_real_only_safetyon,2,5,126976.0,47.23333333333333
ppo_real_only_safetyon,2,6,151552.0,50.56666666666666
ppo_real_only_safetyon,2,7,176128.0,49.06666666666666
ppo_real_only_safetyon,2,8,200704.0,52.3
ppo_real_only_safetyon,2,9,225280.0,49.3
ppo_real_only_safetyon,2,10,251904.0,50.46666666666667
ppo_real_only_safetyon,2,11,276480.0,47.39999999999999
ppo_real_only_safetyon,2,12,301056.0,49.69999999999999
ppo_real_only_safetyon,3,1,26624.0,36.29999999999999
ppo_real_only_safetyon,3,2,51200.0,35.93333333333334
ppo_real_only_safetyon,3,3,75776.0,36.766666666666666
ppo_real_only_safetyon,3,4,100352.0,32.46666666666666
ppo_real_only_safetyon,3,5,126976.0,32.83333333333333
ppo_real_only_safetyon,3,6,151552.0,31.966666666666672
ppo_real_only_safetyon,3,7,176128.0,37.1
ppo_real_only_safetyon,3,8,200704.0,38.0
ppo_real_only_safetyon,3,9,225280.0,43.36666666666667
ppo_real_only_safetyon,3,10,251904.0,35.9
ppo_real_only_safetyon,3,11,276480.0,35.9
ppo_real_only_safetyon,3,12,301056.0,44.5
ppo_real_only_safetyon,4,1,26624.0,46.63333333333333
ppo_real_only_safetyon,4,2,51200.0,46.93333333333334
ppo_real_only_safetyon,4,3,75776.0,50.13333333333333
ppo_real_only_safetyon,4,4,100352.0,51.96666666666666
ppo_real_only_safetyon,4,5,126976.0,50.36666666666666
ppo_real_only_safetyon,4,6,151552.0,51.06666666666666
ppo_real_only_safetyon,4,7,176128.0,53.66666666666666
ppo_real_only_safetyon,4,8,200704.0,54.33333333333332
ppo_real_only_safetyon,4,9,225280.0,54.46666666666666
ppo_real_only_safetyon,4,10,251904.0,54.7
ppo_real_only_safetyon,4,11,276480.0,53.89999999999999
ppo_real_only_safetyon,4,12,301056.0,51.9
ppo_real_only_safetyon,5,1,26624.0,44.06666666666666
ppo_real_only_safetyon,5,2,51200.0,42.83333333333332
ppo_real_only_safetyon,5,3,75776.0,40.7
ppo_real_only_safetyon,5,4,100352.0,38.96666666666666
ppo_real_only_safetyon,5,5,126976.0,38.86666666666667
ppo_real_only_safetyon,5,6,151552.0,34.8
ppo_real_only_safetyon,5,7,176128.0,35.73333333333334
ppo_real_only_safetyon,5,8,200704.0,40.06666666666667
ppo_real_only_safetyon,5,9,225280.0,41.43333333333334
ppo_real_only_safetyon,5,10,251904.0,44.76666666666666
ppo_real_only_safetyon,5,11,276480.0,46.1
ppo_real_only_safetyon,5,12,301056.0,45.8
ppo_real_only_safetyon,6,1,26624.0,38.53333333333334
ppo_real_only_safetyon,6,2,51200.0,38.2
ppo_real_only_safetyon,6,3,75776.0,37.6
ppo_real_only_safetyon,6,4,100352.0,40.13333333333333
ppo_real_only_safetyon,6,5,126976.0,41.99999999999999
ppo_real_only_safetyon,6,6,151552.0,44.83333333333333
ppo_real_only_safetyon,6,7,176128.0,42.63333333333333
ppo_real_only_safetyon,6,8,200704.0,40.6
ppo_real_only_safetyon,6,9,225280.0,38.36666666666667
ppo_real_only_safetyon,6,10,251904.0,42.1
ppo_real_only_safetyon,6,11,276480.0,43.33333333333332
ppo_real_only_safetyon,6,12,301056.0,38.13333333333333
ppo_real_only_safetyon,7,1,26624.0,43.73333333333333
ppo_real_only_safetyon,7,2,51200.0,43.93333333333333
ppo_real_only_safetyon,7,3,75776.0,39.43333333333334
ppo_real_only_safetyon,7,4,100352.0,39.93333333333333
ppo_real_only_safetyon,7,5,126976.0,40.2
ppo_real_only_safetyon,7,6,151552.0,38.5
ppo_real_only_safetyon,7,7,176128.0,44.4
ppo_real_only_safetyon,7,8,200704.0,48.2
ppo_real_only_safetyon,7,9,225280.0,46.89999999999999
ppo_real_only_safetyon,7,10,251904.0,46.73333333333333
ppo_real_only_safetyon,7,11,276480.0,47.96666666666666
ppo_real_only_safetyon,7,12,301056.0,43.86666666666667
ppo_real_only_safetyon,8,1,26624.0,45.7
ppo_real_only_safetyon,8,2,51200.0,46.89999999999999
ppo_real_only_safetyon,8,3,75776.0,46.53333333333333
ppo_real_only_safetyon,8,4,100352.0,45.3
ppo_real_only_safetyon,8,5,126976.0,45.26666666666666
ppo_real_only_safetyon,8,6,151552.0,48.16666666666666
ppo_real_only_safetyon,8,7,176128.0,47.93333333333333
ppo_real_only_safetyon,8,8,200704.0,46.7
ppo_real_only_safetyon,8,9,225280.0,44.1
ppo_real_only_safetyon,8,10,251904.0,45.26666666666666
ppo_real_only_safetyon,8,11,276480.0,48.8
ppo_real_only_safetyon,8,12,301056.0,49.96666666666666
ppo_real_only_safetyon,9,1,26624.0,34.2
ppo_real_only_safetyon,9,2,51200.0,32.0
ppo_real_only_safetyon,9,3,75776.0,33.9
ppo_real_only_safetyon,9,4,100352.0,32.4
ppo_real_only_safetyon,9,5,126976.0,32.06666666666666
ppo_real_only_safetyon,9,6,151552.0,30.93333333333333
ppo_real_only_safetyon,9,7,176128.0,31.7
ppo_real_only_safetyon,9,8,200704.0,31.333333333333336
ppo_real_only_safetyon,9,9,225280.0,31.13333333333333
ppo_real_only_safetyon,9,10,251904.0,31.63333333333333
ppo_real_only_safetyon,9,11,276480.0,31.466666666666665
ppo_real_only_safetyon,9,12,301056.0,32.800000000000004
ressdhppo_full_safetyoff,0,1,26624.0,32.03333333333333
ressdhppo_full_safetyoff,0,2,51200.0,32.13333333333333
ressdhppo_full_safetyoff,0,3,75776.0,32.23333333333333
ressdhppo_full_safetyoff,0,4,100352.0,32.166666666666664
ressdhppo_full_safetyoff,0,5,126976.0,32.1
ressdhppo_full_safetyoff,0,6,151552.0,32.13333333333333
ressdhppo_full_safetyoff,0,7,176128.0,32.166666666666664
ressdhppo_full_safetyoff,0,8,200704.0,31.93333333333333
ressdhppo_full_safetyoff,0,9,225280.0,31.866666666666667
ressdhppo_full_safetyoff,0,10,251904.0,31.9
ressdhppo_full_safetyoff,0,11,276480.0,32.1
ressdhppo_full_safetyoff,0,12,301056.0,31.93333333333333
ressdhppo_full_safetyoff,10,1,26624.0,29.46666666666666
ressdhppo_full_safetyoff,10,2,51200.0,29.46666666666667
ressdhppo_full_safetyoff,10,3,75776.0,29.43333333333334
ressdhppo_full_safetyoff,10,4,100352.0,29.46666666666666
ressdhppo_full_safetyoff,10,5,126976.0,29.5
ressdhppo_full_safetyoff,10,6,151552.0,29.5
ressdhppo_full_safetyoff,10,7,176128.0,29.53333333333334
ressdhppo_full_safetyoff,10,8,200704.0,29.56666666666667
ressdhppo_full_safetyoff,10,9,225280.0,29.46666666666666
ressdhppo_full_safetyoff,10,10,251904.0,29.4
ressdhppo_full_safetyoff,10,11,276480.0,29.33333333333334
ressdhppo_full_safetyoff,10,12,301056.0,29.43333333333334
ressdhppo_full_safetyoff,11,1,26624.0,30.7
ressdhppo_full_safetyoff,11,2,51200.0,30.83333333333333
ressdhppo_full_safetyoff,11,3,75776.0,30.833333333333336
ressdhppo_full_safetyoff,11,4,100352.0,30.86666666666667
ressdhppo_full_safetyoff,11,5,126976.0,30.53333333333333
ressdhppo_full_safetyoff,11,6,151552.0,30.4
ressdhppo_full_safetyoff,11,7,176128.0,30.433333333333334
ressdhppo_full_safetyoff,11,8,200704.0,30.233333333333327
ressdhppo_full_safetyoff,11,9,225280.0,30.433333333333334
ressdhppo_full_safetyoff,11,10,251904.0,30.6
ressdhppo_full_safetyoff,11,11,276480.0,30.6
ressdhppo_full_safetyoff,11,12,301056.0,30.6
ressdhppo_full_safetyoff,12,1,26624.0,33.86666666666666
ressdhppo_full_safetyoff,12,2,51200.0,33.800000000000004
ressdhppo_full_safetyoff,12,3,75776.0,33.86666666666666
ressdhppo_full_safetyoff,12,4,100352.0,33.900000000000006
ressdhppo_full_safetyoff,12,5,126976.0,33.93333333333333
ressdhppo_full_safetyoff,12,6,151552.0,33.900000000000006
ressdhppo_full_safetyoff,12,7,176128.0,33.96666666666666
ressdhppo_full_safetyoff,12,8,200704.0,33.93333333333333
ressdhppo_full_safetyoff,12,9,225280.0,33.96666666666666
ressdhppo_full_safetyoff,12,10,251904.0,33.93333333333333
ressdhppo_full_safetyoff,12,11,276480.0,33.96666666666667
ressdhppo_full_safetyoff,12,12,301056.0,34.233333333333334
ressdhppo_full_safetyoff,13,1,26624.0,27.96666666666666
ressdhppo_full_safetyoff,13,2,51200.0,27.96666666666666
ressdhppo_full_safetyoff,13,3,75776.0,28.000000000000004
ressdhppo_full_safetyoff,13,4,100352.0,28.1
ressdhppo_full_safetyoff,13,5,126976.0,28.1
ressdhppo_full_safetyoff,13,6,151552.0,28.2
ressdhppo_full_safetyoff,13,7,176128.0,28.16666666666666
ressdhppo_full_safetyoff,13,8,200704.0,28.133333333333333
ressdhppo_full_safetyoff,13,9,225280.0,28.2
ressdhppo_full_safetyoff,13,10,251904.0,28.26666666666667
ressdhppo_full_safetyoff,13,11,276480.0,28.16666666666666
ressdhppo_full_safetyoff,13,12,301056.0,28.2
ressdhppo_full_safetyoff,14,1,26624.0,27.03333333333333
ressdhppo_full_safetyoff,14,2,51200.0,26.8
ressdhppo_full_safetyoff,14,3,75776.0,27.066666666666663
ressdhppo_full_safetyoff,14,4,100352.0,27.3
ressdhppo_full_safetyoff,14,5,126976.0,27.43333333333333
ressdhppo_full_safetyoff,14,6,151552.0,27.53333333333334
ressdhppo_full_safetyoff,14,7,176128.0,27.333333333333336
ressdhppo_full_safetyoff,14,8,200704.0,27.3
ressdhppo_full_safetyoff,14,9,225280.0,27.3
ressdhppo_full_safetyoff,14,10,251904.0,27.500000000000004
ressdhppo_full_safetyoff,14,11,276480.0,27.333333333333336
ressdhppo_full_safetyoff,14,12,301056.0,27.366666666666667
ressdhppo_full_safetyoff,15,1,26624.0,28.633333333333333
ressdhppo_full_safetyoff,15,2,51200.0,28.96666666666666
ressdhppo_full_safetyoff,15,3,75776.0,29.4
ressdhppo_full_safetyoff,15,4,100352.0,29.53333333333333
ressdhppo_full_safetyoff,15,5,126976.0,29.6
ressdhppo_full_safetyoff,15,6,151552.0,29.666666666666664
ressdhppo_full_safetyoff,15,7,176128.0,29.5
ressdhppo_full_safetyoff,15,8,200704.0,29.633333333333333
ressdhppo_full_safetyoff,15,9,225280.0,29.633333333333333
ressdhppo_full_safetyoff,15,10,251904.0,29.633333333333333
ressdhppo_full_safetyoff,15,11,276480.0,29.566666666666663
ressdhppo_full_safetyoff,15,12,301056.0,29.23333333333333
ressdhppo_full_safetyoff,16,1,26624.0,25.93333333333333
ressdhppo_full_safetyoff,16,2,51200.0,25.83333333333333
ressdhppo_full_safetyoff,16,3,75776.0,25.566666666666663
ressdhppo_full_safetyoff,16,4,100352.0,25.9
ressdhppo_full_safetyoff,16,5,126976.0,25.666666666666664
ressdhppo_full_safetyoff,16,6,151552.0,25.7
ressdhppo_full_safetyoff,16,7,176128.0,25.73333333333333
ressdhppo_full_safetyoff,16,8,200704.0,25.7
ressdhppo_full_safetyoff,16,9,225280.0,25.8
ressdhppo_full_safetyoff,16,10,251904.0,25.833333333333336
ressdhppo_full_safetyoff,16,11,276480.0,25.9
ressdhppo_full_safetyoff,16,12,301056.0,25.86666666666667
ressdhppo_full_safetyoff,17,1,26624.0,30.7
ressdhppo_full_safetyoff,17,2,51200.0,31.23333333333333
ressdhppo_full_safetyoff,17,3,75776.0,30.63333333333333
ressdhppo_full_safetyoff,17,4,100352.0,30.6
ressdhppo_full_safetyoff,17,5,126976.0,30.533333333333328
ressdhppo_full_safetyoff,17,6,151552.0,30.666666666666664
ressdhppo_full_safetyoff,17,7,176128.0,30.766666666666666
ressdhppo_full_safetyoff,17,8,200704.0,30.9
ressdhppo_full_safetyoff,17,9,225280.0,30.966666666666665
ressdhppo_full_safetyoff,17,10,251904.0,31.0
ressdhppo_full_safetyoff,17,11,276480.0,31.13333333333333
ressdhppo_full_safetyoff,17,12,301056.0,30.93333333333333
ressdhppo_full_safetyoff,18,1,26624.0,25.9
ressdhppo_full_safetyoff,18,2,51200.0,26.03333333333333
ressdhppo_full_safetyoff,18,3,75776.0,26.0
ressdhppo_full_safetyoff,18,4,100352.0,26.13333333333333
ressdhppo_full_safetyoff,18,5,126976.0,26.13333333333333
ressdhppo_full_safetyoff,18,6,151552.0,26.5
ressdhppo_full_safetyoff,18,7,176128.0,26.53333333333333
ressdhppo_full_safetyoff,18,8,200704.0,26.5
ressdhppo_full_safetyoff,18,9,225280.0,27.1
ressdhppo_full_safetyoff,18,10,251904.0,27.066666666666663
ressdhppo_full_safetyoff,18,11,276480.0,27.066666666666663
ressdhppo_full_safetyoff,18,12,301056.0,26.73333333333333
ressdhppo_full_safetyoff,19,1,26624.0,37.26666666666667
ressdhppo_full_safetyoff,19,2,51200.0,37.39999999999999
ressdhppo_full_safetyoff,19,3,75776.0,36.96666666666666
ressdhppo_full_safetyoff,19,4,100352.0,36.96666666666666
ressdhppo_full_safetyoff,19,5,126976.0,36.633333333333326
ressdhppo_full_safetyoff,19,6,151552.0,36.633333333333326
ressdhppo_full_safetyoff,19,7,176128.0,36.7
ressdhppo_full_safetyoff,19,8,200704.0,36.66666666666666
ressdhppo_full_safetyoff,19,9,225280.0,36.7
ressdhppo_full_safetyoff,19,10,251904.0,36.833333333333336
ressdhppo_full_safetyoff,19,11,276480.0,37.03333333333333
ressdhppo_full_safetyoff,19,12,301056.0,36.93333333333334
ressdhppo_full_safetyoff,1,1,26624.0,29.966666666666665
ressdhppo_full_safetyoff,1,2,51200.0,29.666666666666668
ressdhppo_full_safetyoff,1,3,75776.0,29.6
ressdhppo_full_safetyoff,1,4,100352.0,29.7
ressdhppo_full_safetyoff,1,5,126976.0,29.9
ressdhppo_full_safetyoff,1,6,151552.0,29.866666666666664
ressdhppo_full_safetyoff,1,7,176128.0,29.73333333333333
ressdhppo_full_safetyoff,1,8,200704.0,29.833333333333336
ressdhppo_full_safetyoff,1,9,225280.0,29.73333333333333
ressdhppo_full_safetyoff,1,10,251904.0,30.0
ressdhppo_full_safetyoff,1,11,276480.0,29.9
ressdhppo_full_safetyoff,1,12,301056.0,29.93333333333334
ressdhppo_full_safetyoff,2,1,26624.0,31.9
ressdhppo_full_safetyoff,2,2,51200.0,31.966666666666665
ressdhppo_full_safetyoff,2,3,75776.0,32.0
ressdhppo_full_safetyoff,2,4,100352.0,32.2
ressdhppo_full_safetyoff,2,5,126976.0,32.13333333333333
ressdhppo_full_safetyoff,2,6,151552.0,32.13333333333333
ressdhppo_full_safetyoff,2,7,176128.0,32.46666666666667
ressdhppo_full_safetyoff,2,8,200704.0,32.166666666666664
ressdhppo_full_safetyoff,2,9,225280.0,32.46666666666667
ressdhppo_full_safetyoff,2,10,251904.0,32.33333333333333
ressdhppo_full_safetyoff,2,11,276480.0,32.46666666666667
ressdhppo_full_safetyoff,2,12,301056.0,32.46666666666667
ressdhppo_full_safetyoff,3,1,26624.0,27.933333333333337
ressdhppo_full_safetyoff,3,2,51200.0,27.800000000000004
ressdhppo_full_safetyoff,3,3,75776.0,27.86666666666666
ressdhppo_full_safetyoff,3,4,100352.0,27.36666666666666
ressdhppo_full_safetyoff,3,5,126976.0,27.333333333333336
ressdhppo_full_safetyoff,3,6,151552.0,27.3
ressdhppo_full_safetyoff,3,7,176128.0,27.266666666666666
ressdhppo_full_safetyoff,3,8,200704.0,27.46666666666667
ressdhppo_full_safetyoff,3,9,225280.0,27.500000000000004
ressdhppo_full_safetyoff,3,10,251904.0,27.53333333333333
ressdhppo_full_safetyoff,3,11,276480.0,27.366666666666667
ressdhppo_full_safetyoff,3,12,301056.0,27.666666666666668
ressdhppo_full_safetyoff,4,1,26624.0,36.2
ressdhppo_full_safetyoff,4,2,51200.0,36.16666666666666
ressdhppo_full_safetyoff,4,3,75776.0,36.2
ressdhppo_full_safetyoff,4,4,100352.0,36.1
ressdhppo_full_safetyoff,4,5,126976.0,35.96666666666666
ressdhppo_full_safetyoff,4,6,151552.0,36.03333333333334
ressdhppo_full_safetyoff,4,7,176128.0,36.2
ressdhppo_full_safetyoff,4,8,200704.0,36.2
ressdhppo_full_safetyoff,4,9,225280.0,36.0
ressdhppo_full_safetyoff,4,10,251904.0,36.16666666666666
ressdhppo_full_safetyoff,4,11,276480.0,35.96666666666667
ressdhppo_full_safetyoff,4,12,301056.0,35.93333333333334
ressdhppo_full_safetyoff,5,1,26624.0,29.5
ressdhppo_full_safetyoff,5,2,51200.0,29.33333333333333
ressdhppo_full_safetyoff,5,3,75776.0,29.366666666666667
ressdhppo_full_safetyoff,5,4,100352.0,29.266666666666666
ressdhppo_full_safetyoff,5,5,126976.0,29.3
ressdhppo_full_safetyoff,5,6,151552.0,29.266666666666666
ressdhppo_full_safetyoff,5,7,176128.0,29.4
ressdhppo_full_safetyoff,5,8,200704.0,29.46666666666667
ressdhppo_full_safetyoff,5,9,225280.0,29.433333333333334
ressdhppo_full_safetyoff,5,10,251904.0,29.33333333333334
ressdhppo_full_safetyoff,5,11,276480.0,29.33333333333334
ressdhppo_full_safetyoff,5,12,301056.0,29.1
ressdhppo_full_safetyoff,6,1,26624.0,28.133333333333333
ressdhppo_full_safetyoff,6,2,51200.0,28.133333333333333
ressdhppo_full_safetyoff,6,3,75776.0,28.16666666666666
ressdhppo_full_safetyoff,6,4,100352.0,28.000000000000004
ressdhppo_full_safetyoff,6,5,126976.0,27.933333333333334
ressdhppo_full_safetyoff,6,6,151552.0,28.4
ressdhppo_full_safetyoff,6,7,176128.0,28.133333333333333
ressdhppo_full_safetyoff,6,8,200704.0,28.33333333333333
ressdhppo_full_safetyoff,6,9,225280.0,28.366666666666664
ressdhppo_full_safetyoff,6,10,251904.0,28.16666666666666
ressdhppo_full_safetyoff,6,11,276480.0,28.366666666666664
ressdhppo_full_safetyoff,6,12,301056.0,28.433333333333334
ressdhppo_full_safetyoff,7,1,26624.0,32.0
ressdhppo_full_safetyoff,7,2,51200.0,32.1
ressdhppo_full_safetyoff,7,3,75776.0,32.03333333333334
ressdhppo_full_safetyoff,7,4,100352.0,32.06666666666667
ressdhppo_full_safetyoff,7,5,126976.0,32.03333333333334
ressdhppo_full_safetyoff,7,6,151552.0,32.43333333333333
ressdhppo_full_safetyoff,7,7,176128.0,32.43333333333333
ressdhppo_full_safetyoff,7,8,200704.0,31.766666666666666
ressdhppo_full_safetyoff,7,9,225280.0,31.53333333333333
ressdhppo_full_safetyoff,7,10,251904.0,31.5
ressdhppo_full_safetyoff,7,11,276480.0,31.466666666666665
ressdhppo_full_safetyoff,7,12,301056.0,31.33333333333333
ressdhppo_full_safetyoff,8,1,26624.0,36.63333333333333
ressdhppo_full_safetyoff,8,2,51200.0,37.2
ressdhppo_full_safetyoff,8,3,75776.0,36.56666666666667
ressdhppo_full_safetyoff,8,4,100352.0,36.53333333333334
ressdhppo_full_safetyoff,8,5,126976.0,36.46666666666667
ressdhppo_full_safetyoff,8,6,151552.0,36.5
ressdhppo_full_safetyoff,8,7,176128.0,36.5
ressdhppo_full_safetyoff,8,8,200704.0,36.56666666666666
ressdhppo_full_safetyoff,8,9,225280.0,36.93333333333334
ressdhppo_full_safetyoff,8,10,251904.0,36.5
ressdhppo_full_safetyoff,8,11,276480.0,36.266666666666666
ressdhppo_full_safetyoff,8,12,301056.0,36.3
ressdhppo_full_safetyoff,9,1,26624.0,28.23333333333333
ressdhppo_full_safetyoff,9,2,51200.0,28.03333333333333
ressdhppo_full_safetyoff,9,3,75776.0,28.266666666666666
ressdhppo_full_safetyoff,9,4,100352.0,28.33333333333333
ressdhppo_full_safetyoff,9,5,126976.0,28.23333333333333
ressdhppo_full_safetyoff,9,6,151552.0,28.266666666666666
ressdhppo_full_safetyoff,9,7,176128.0,28.266666666666666
ressdhppo_full_safetyoff,9,8,200704.0,28.266666666666666
ressdhppo_full_safetyoff,9,9,225280.0,28.23333333333333
ressdhppo_full_safetyoff,9,10,251904.0,28.23333333333333
ressdhppo_full_safetyoff,9,11,276480.0,28.3
ressdhppo_full_safetyoff,9,12,301056.0,28.23333333333333
ressdhppo_full_safetyon,0,1,26624.0,31.8
ressdhppo_full_safetyon,0,2,51200.0,31.9
ressdhppo_full_safetyon,0,3,75776.0,31.933333333333337
ressdhppo_full_safetyon,0,4,100352.0,31.933333333333337
ressdhppo_full_safetyon,0,5,126976.0,31.933333333333337
ressdhppo_full_safetyon,0,6,151552.0,31.9
ressdhppo_full_safetyon,0,7,176128.0,31.866666666666667
ressdhppo_full_safetyon,0,8,200704.0,31.933333333333337
ressdhppo_full_safetyon,0,9,225280.0,31.9
ressdhppo_full_safetyon,0,10,251904.0,31.766666666666666
ressdhppo_full_safetyon,0,11,276480.0,31.9
ressdhppo_full_safetyon,0,12,301056.0,32.0
ressdhppo_full_safetyon,10,1,26624.0,29.46666666666666
ressdhppo_full_safetyon,10,2,51200.0,29.23333333333333
ressdhppo_full_safetyon,10,3,75776.0,29.366666666666667
ressdhppo_full_safetyon,10,4,100352.0,29.4
ressdhppo_full_safetyon,10,5,126976.0,29.5
ressdhppo_full_safetyon,10,6,151552.0,29.566666666666663
ressdhppo_full_safetyon,10,7,176128.0,29.53333333333334
ressdhppo_full_safetyon,10,8,200704.0,29.5
ressdhppo_full_safetyon,10,9,225280.0,29.53333333333333
ressdhppo_full_safetyon,10,10,251904.0,29.166666666666664
ressdhppo_full_safetyon,10,11,276480.0,29.133333333333333
ressdhppo_full_safetyon,10,12,301056.0,29.166666666666664
ressdhppo_full_safetyon,11,1,26624.0,30.9
ressdhppo_full_safetyon,11,2,51200.0,30.9
ressdhppo_full_safetyon,11,3,75776.0,30.866666666666664
ressdhppo_full_safetyon,11,4,100352.0,30.9
ressdhppo_full_safetyon,11,5,126976.0,30.866666666666664
ressdhppo_full_safetyon,11,6,151552.0,30.9
ressdhppo_full_safetyon,11,7,176128.0,30.866666666666664
ressdhppo_full_safetyon,11,8,200704.0,30.866666666666664
ressdhppo_full_safetyon,11,9,225280.0,30.9
ressdhppo_full_safetyon,11,10,251904.0,30.9
ressdhppo_full_safetyon,11,11,276480.0,30.866666666666664
ressdhppo_full_safetyon,11,12,301056.0,30.866666666666664
ressdhppo_full_safetyon,12,1,26624.0,33.93333333333334
ressdhppo_full_safetyon,12,2,51200.0,33.93333333333334
ressdhppo_full_safetyon,12,3,75776.0,33.733333333333334
ressdhppo_full_safetyon,12,4,100352.0,33.76666666666666
ressdhppo_full_safetyon,12,5,126976.0,33.7
ressdhppo_full_safetyon,12,6,151552.0,33.7
ressdhppo_full_safetyon,12,7,176128.0,33.7
ressdhppo_full_safetyon,12,8,200704.0,33.63333333333333
ressdhppo_full_safetyon,12,9,225280.0,33.63333333333333
ressdhppo_full_safetyon,12,10,251904.0,33.666666666666664
ressdhppo_full_safetyon,12,11,276480.0,33.666666666666664
ressdhppo_full_safetyon,12,12,301056.0,33.800000000000004
ressdhppo_full_safetyon,13,1,26624.0,28.000000000000004
ressdhppo_full_safetyon,13,2,51200.0,28.000000000000004
ressdhppo_full_safetyon,13,3,75776.0,28.000000000000004
ressdhppo_full_safetyon,13,4,100352.0,27.933333333333337
ressdhppo_full_safetyon,13,5,126976.0,28.000000000000004
ressdhppo_full_safetyon,13,6,151552.0,28.000000000000004
ressdhppo_full_safetyon,13,7,176128.0,27.96666666666666
ressdhppo_full_safetyon,13,8,200704.0,27.96666666666666
ressdhppo_full_safetyon,13,9,225280.0,28.03333333333333
ressdhppo_full_safetyon,13,10,251904.0,28.000000000000004
ressdhppo_full_safetyon,13,11,276480.0,28.03333333333334
ressdhppo_full_safetyon,13,12,301056.0,28.000000000000004
ressdhppo_full_safetyon,14,1,26624.0,26.6
ressdhppo_full_safetyon,14,2,51200.0,26.83333333333333
ressdhppo_full_safetyon,14,3,75776.0,26.83333333333333
ressdhppo_full_safetyon,14,4,100352.0,26.83333333333333
ressdhppo_full_safetyon,14,5,126976.0,26.83333333333333
ressdhppo_full_safetyon,14,6,151552.0,26.83333333333333
ressdhppo_full_safetyon,14,7,176128.0,26.8
ressdhppo_full_safetyon,14,8,200704.0,26.8
ressdhppo_full_safetyon,14,9,225280.0,26.83333333333333
ressdhppo_full_safetyon,14,10,251904.0,26.866666666666667
ressdhppo_full_safetyon,14,11,276480.0,26.8
ressdhppo_full_safetyon,14,12,301056.0,26.83333333333333
ressdhppo_full_safetyon,15,1,26624.0,28.7
ressdhppo_full_safetyon,15,2,51200.0,28.666666666666664
ressdhppo_full_safetyon,15,3,75776.0,28.73333333333333
ressdhppo_full_safetyon,15,4,100352.0,28.9
ressdhppo_full_safetyon,15,5,126976.0,28.83333333333333
ressdhppo_full_safetyon,15,6,151552.0,28.866666666666664
ressdhppo_full_safetyon,15,7,176128.0,28.666666666666664
ressdhppo_full_safetyon,15,8,200704.0,28.73333333333333
ressdhppo_full_safetyon,15,9,225280.0,28.766666666666666
ressdhppo_full_safetyon,15,10,251904.0,28.6
ressdhppo_full_safetyon,15,11,276480.0,28.5
ressdhppo_full_safetyon,15,12,301056.0,28.46666666666666
ressdhppo_full_safetyon,16,1,26624.0,25.5
ressdhppo_full_safetyon,16,2,51200.0,25.53333333333333
ressdhppo_full_safetyon,16,3,75776.0,25.266666666666666
ressdhppo_full_safetyon,16,4,100352.0,25.466666666666665
ressdhppo_full_safetyon,16,5,126976.0,25.53333333333333
ressdhppo_full_safetyon,16,6,151552.0,25.56666666666667
ressdhppo_full_safetyon,16,7,176128.0,25.4
ressdhppo_full_safetyon,16,8,200704.0,25.36666666666667
ressdhppo_full_safetyon,16,9,225280.0,25.433333333333337
ressdhppo_full_safetyon,16,10,251904.0,25.433333333333337
ressdhppo_full_safetyon,16,11,276480.0,25.433333333333337
ressdhppo_full_safetyon,16,12,301056.0,25.36666666666667
ressdhppo_full_safetyon,17,1,26624.0,30.2
ressdhppo_full_safetyon,17,2,51200.0,30.366666666666664
ressdhppo_full_safetyon,17,3,75776.0,30.066666666666663
ressdhppo_full_safetyon,17,4,100352.0,30.366666666666664
ressdhppo_full_safetyon,17,5,126976.0,30.1
ressdhppo_full_safetyon,17,6,151552.0,30.366666666666664
ressdhppo_full_safetyon,17,7,176128.0,30.366666666666664
ressdhppo_full_safetyon,17,8,200704.0,30.466666666666665
ressdhppo_full_safetyon,17,9,225280.0,30.433333333333334
ressdhppo_full_safetyon,17,10,251904.0,30.433333333333334
ressdhppo_full_safetyon,17,11,276480.0,30.466666666666665
ressdhppo_full_safetyon,17,12,301056.0,30.466666666666665
ressdhppo_full_safetyon,18,1,26624.0,25.9
ressdhppo_full_safetyon,18,2,51200.0,26.03333333333333
ressdhppo_full_safetyon,18,3,75776.0,25.83333333333333
ressdhppo_full_safetyon,18,4,100352.0,25.866666666666667
ressdhppo_full_safetyon,18,5,126976.0,26.03333333333333
ressdhppo_full_safetyon,18,6,151552.0,25.866666666666667
ressdhppo_full_safetyon,18,7,176128.0,25.7
ressdhppo_full_safetyon,18,8,200704.0,25.73333333333333
ressdhppo_full_safetyon,18,9,225280.0,25.83333333333333
ressdhppo_full_safetyon,18,10,251904.0,25.866666666666667
ressdhppo_full_safetyon,18,11,276480.0,25.866666666666667
ressdhppo_full_safetyon,18,12,301056.0,26.0
ressdhppo_full_safetyon,19,1,26624.0,36.53333333333334
ressdhppo_full_safetyon,19,2,51200.0,36.53333333333334
ressdhppo_full_safetyon,19,3,75776.0,36.53333333333334
ressdhppo_full_safetyon,19,4,100352.0,36.266666666666666
ressdhppo_full_safetyon,19,5,126976.0,36.6
ressdhppo_full_safetyon,19,6,151552.0,36.56666666666666
ressdhppo_full_safetyon,19,7,176128.0,36.56666666666666
ressdhppo_full_safetyon,19,8,200704.0,36.63333333333333
ressdhppo_full_safetyon,19,9,225280.0,36.66666666666666
ressdhppo_full_safetyon,19,10,251904.0,36.7
ressdhppo_full_safetyon,19,11,276480.0,36.633333333333326
ressdhppo_full_safetyon,19,12,301056.0,36.66666666666666
ressdhppo_full_safetyon,1,1,26624.0,29.633333333333333
ressdhppo_full_safetyon,1,2,51200.0,29.633333333333333
ressdhppo_full_safetyon,1,3,75776.0,29.666666666666664
ressdhppo_full_safetyon,1,4,100352.0,29.666666666666664
ressdhppo_full_safetyon,1,5,126976.0,29.766666666666666
ressdhppo_full_safetyon,1,6,151552.0,29.53333333333333
ressdhppo_full_safetyon,1,7,176128.0,29.7
ressdhppo_full_safetyon,1,8,200704.0,29.46666666666666
ressdhppo_full_safetyon,1,9,225280.0,29.46666666666666
ressdhppo_full_safetyon,1,10,251904.0,29.46666666666667
ressdhppo_full_safetyon,1,11,276480.0,29.666666666666664
ressdhppo_full_safetyon,1,12,301056.0,29.666666666666664
ressdhppo_full_safetyon,2,1,26624.0,32.26666666666666
ressdhppo_full_safetyon,2,2,51200.0,32.2
ressdhppo_full_safetyon,2,3,75776.0,32.13333333333333
ressdhppo_full_safetyon,2,4,100352.0,32.2
ressdhppo_full_safetyon,2,5,126976.0,32.233333333333334
ressdhppo_full_safetyon,2,6,151552.0,32.26666666666666
ressdhppo_full_safetyon,2,7,176128.0,32.13333333333333
ressdhppo_full_safetyon,2,8,200704.0,32.13333333333333
ressdhppo_full_safetyon,2,9,225280.0,32.233333333333334
ressdhppo_full_safetyon,2,10,251904.0,32.06666666666666
ressdhppo_full_safetyon,2,11,276480.0,32.166666666666664
ressdhppo_full_safetyon,2,12,301056.0,32.166666666666664
ressdhppo_full_safetyon,3,1,26624.0,26.866666666666667
ressdhppo_full_safetyon,3,2,51200.0,26.86666666666666
ressdhppo_full_safetyon,3,3,75776.0,26.86666666666666
ressdhppo_full_safetyon,3,4,100352.0,26.86666666666666
ressdhppo_full_safetyon,3,5,126976.0,26.9
ressdhppo_full_safetyon,3,6,151552.0,26.9
ressdhppo_full_safetyon,3,7,176128.0,27.03333333333334
ressdhppo_full_safetyon,3,8,200704.0,26.96666666666666
ressdhppo_full_safetyon,3,9,225280.0,26.93333333333333
ressdhppo_full_safetyon,3,10,251904.0,26.833333333333336
ressdhppo_full_safetyon,3,11,276480.0,26.96666666666666
ressdhppo_full_safetyon,3,12,301056.0,27.03333333333333
ressdhppo_full_safetyon,4,1,26624.0,36.2
ressdhppo_full_safetyon,4,2,51200.0,36.2
ressdhppo_full_safetyon,4,3,75776.0,36.2
ressdhppo_full_safetyon,4,4,100352.0,36.23333333333334
ressdhppo_full_safetyon,4,5,126976.0,36.2
ressdhppo_full_safetyon,4,6,151552.0,36.3
ressdhppo_full_safetyon,4,7,176128.0,36.23333333333334
ressdhppo_full_safetyon,4,8,200704.0,36.23333333333334
ressdhppo_full_safetyon,4,9,225280.0,36.3
ressdhppo_full_safetyon,4,10,251904.0,35.89999999999999
ressdhppo_full_safetyon,4,11,276480.0,35.86666666666666
ressdhppo_full_safetyon,4,12,301056.0,35.86666666666666
ressdhppo_full_safetyon,5,1,26624.0,28.4
ressdhppo_full_safetyon,5,2,51200.0,28.366666666666667
ressdhppo_full_safetyon,5,3,75776.0,28.4
ressdhppo_full_safetyon,5,4,100352.0,28.46666666666667
ressdhppo_full_safetyon,5,5,126976.0,28.433333333333337
ressdhppo_full_safetyon,5,6,151552.0,28.266666666666666
ressdhppo_full_safetyon,5,7,176128.0,28.3
ressdhppo_full_safetyon,5,8,200704.0,28.433333333333337
ressdhppo_full_safetyon,5,9,225280.0,28.53333333333334
ressdhppo_full_safetyon,5,10,251904.0,28.566666666666663
ressdhppo_full_safetyon,5,11,276480.0,28.5
ressdhppo_full_safetyon,5,12,301056.0,28.53333333333334
ressdhppo_full_safetyon,6,1,26624.0,28.2
ressdhppo_full_safetyon,6,2,51200.0,28.03333333333334
ressdhppo_full_safetyon,6,3,75776.0,28.1
ressdhppo_full_safetyon,6,4,100352.0,28.16666666666666
ressdhppo_full_safetyon,6,5,126976.0,28.16666666666666
ressdhppo_full_safetyon,6,6,151552.0,28.16666666666666
ressdhppo_full_safetyon,6,7,176128.0,28.16666666666666
ressdhppo_full_safetyon,6,8,200704.0,28.23333333333333
ressdhppo_full_safetyon,6,9,225280.0,28.133333333333336
ressdhppo_full_safetyon,6,10,251904.0,28.266666666666666
ressdhppo_full_safetyon,6,11,276480.0,28.23333333333333
ressdhppo_full_safetyon,6,12,301056.0,28.16666666666666
ressdhppo_full_safetyon,7,1,26624.0,31.5
ressdhppo_full_safetyon,7,2,51200.0,31.53333333333333
ressdhppo_full_safetyon,7,3,75776.0,31.5
ressdhppo_full_safetyon,7,4,100352.0,31.466666666666672
ressdhppo_full_safetyon,7,5,126976.0,31.266666666666666
ressdhppo_full_safetyon,7,6,151552.0,31.466666666666672
ressdhppo_full_safetyon,7,7,176128.0,31.5
ressdhppo_full_safetyon,7,8,200704.0,31.466666666666672
ressdhppo_full_safetyon,7,9,225280.0,31.466666666666672
ressdhppo_full_safetyon,7,10,251904.0,31.5
ressdhppo_full_safetyon,7,11,276480.0,31.56666666666667
ressdhppo_full_safetyon,7,12,301056.0,31.5
ressdhppo_full_safetyon,8,1,26624.0,36.23333333333333
ressdhppo_full_safetyon,8,2,51200.0,36.1
ressdhppo_full_safetyon,8,3,75776.0,36.16666666666666
ressdhppo_full_safetyon,8,4,100352.0,36.13333333333333
ressdhppo_full_safetyon,8,5,126976.0,36.266666666666666
ressdhppo_full_safetyon,8,6,151552.0,36.13333333333333
ressdhppo_full_safetyon,8,7,176128.0,36.13333333333333
ressdhppo_full_safetyon,8,8,200704.0,36.03333333333334
ressdhppo_full_safetyon,8,9,225280.0,36.06666666666666
ressdhppo_full_safetyon,8,10,251904.0,36.13333333333334
ressdhppo_full_safetyon,8,11,276480.0,36.16666666666666
ressdhppo_full_safetyon,8,12,301056.0,36.13333333333333
ressdhppo_full_safetyon,9,1,26624.0,27.566666666666663
ressdhppo_full_safetyon,9,2,51200.0,27.53333333333333
ressdhppo_full_safetyon,9,3,75776.0,27.53333333333333
ressdhppo_full_safetyon,9,4,100352.0,27.6
ressdhppo_full_safetyon,9,5,126976.0,27.500000000000004
ressdhppo_full_safetyon,9,6,151552.0,27.6
ressdhppo_full_safetyon,9,7,176128.0,27.6
ressdhppo_full_safetyon,9,8,200704.0,27.500000000000004
ressdhppo_full_safetyon,9,9,225280.0,27.500000000000004
ressdhppo_full_safetyon,9,10,251904.0,27.33333333333333
ressdhppo_full_safetyon,9,11,276480.0,27.43333333333333
ressdhppo_full_safetyon,9,12,301056.0,27.4
sdhppo_aug_subsample_safetyoff,0,1,26624.0,52.43333333333332
sdhppo_aug_subsample_safetyoff,0,2,51200.0,52.03333333333332
sdhppo_aug_subsample_safetyoff,0,3,75776.0,53.1
sdhppo_aug_subsample_safetyoff,0,4,100352.0,52.56666666666665
sdhppo_aug_subsample_safetyoff,0,5,126976.0,52.5
sdhppo_aug_subsample_safetyoff,0,6,151552.0,52.7
sdhppo_aug_subsample_safetyoff,0,7,176128.0,52.966666666666654
sdhppo_aug_subsample_safetyoff,0,8,200704.0,52.86666666666666
sdhppo_aug_subsample_safetyoff,0,9,225280.0,53.63333333333332
sdhppo_aug_subsample_safetyoff,0,10,251904.0,53.33333333333332
sdhppo_aug_subsample_safetyoff,0,11,276480.0,53.36666666666666
sdhppo_aug_subsample_safetyoff,0,12,301056.0,53.16666666666665
sdhppo_aug_subsample_safetyoff,1,1,26624.0,56.99999999999999
sdhppo_aug_subsample_safetyoff,1,2,51200.0,52.366666666666674
sdhppo_aug_subsample_safetyoff,1,3,75776.0,56.8
sdhppo_aug_subsample_safetyoff,1,4,100352.0,59.03333333333333
sdhppo_aug_subsample_safetyoff,1,5,126976.0,71.0
sdhppo_aug_subsample_safetyoff,1,6,151552.0,71.3
sdhppo_aug_subsample_safetyoff,1,7,176128.0,64.66666666666666
sdhppo_aug_subsample_safetyoff,1,8,200704.0,56.6
sdhppo_aug_subsample_safetyoff,1,9,225280.0,56.3
sdhppo_aug_subsample_safetyoff,1,10,251904.0,55.766666666666666
sdhppo_aug_subsample_safetyoff,1,11,276480.0,51.63333333333333
sdhppo_aug_subsample_safetyoff,1,12,301056.0,51.06666666666666
sdhppo_aug_subsample_safetyoff,10,1,26624.0,62.73333333333334
sdhppo_aug_subsample_safetyoff,10,2,51200.0,64.7
sdhppo_aug_subsample_safetyoff,10,3,75776.0,63.13333333333333
sdhppo_aug_subsample_safetyoff,10,4,100352.0,60.83333333333334
sdhppo_aug_subsample_safetyoff,10,5,126976.0,62.56666666666666
sdhppo_aug_subsample_safetyoff,10,6,151552.0,61.46666666666666
sdhppo_aug_subsample_safetyoff,10,7,176128.0,62.6
sdhppo_aug_subsample_safetyoff,10,8,200704.0,61.76666666666666
sdhppo_aug_subsample_safetyoff,10,9,225280.0,59.66666666666668
sdhppo_aug_subsample_safetyoff,10,10,251904.0,61.26666666666666
sdhppo_aug_subsample_safetyoff,10,11,276480.0,61.46666666666666
sdhppo_aug_subsample_safetyoff,10,12,301056.0,59.633333333333326
sdhppo_aug_subsample_safetyoff,11,1,26624.0,61.36666666666667
sdhppo_aug_subsample_safetyoff,11,2,51200.0,59.6
sdhppo_aug_subsample_safetyoff,11,3,75776.0,60.03333333333333
sdhppo_aug_subsample_safetyoff,11,4,100352.0,60.56666666666665
sdhppo_aug_subsample_safetyoff,11,5,126976.0,60.53333333333333
sdhppo_aug_subsample_safetyoff,11,6,151552.0,59.86666666666667
sdhppo_aug_subsample_safetyoff,11,7,176128.0,57.26666666666668
sdhppo_aug_subsample_safetyoff,11,8,200704.0,57.43333333333332
sdhppo_aug_subsample_safetyoff,11,9,225280.0,54.33333333333332
sdhppo_aug_subsample_safetyoff,11,10,251904.0,53.46666666666666
sdhppo_aug_subsample_safetyoff,11,11,276480.0,52.6
sdhppo_aug_subsample_safetyoff,11,12,301056.0,54.33333333333332
sdhppo_aug_subsample_safetyoff,12,1,26624.0,60.7
sdhppo_aug_subsample_safetyoff,12,2,51200.0,61.03333333333333
sdhppo_aug_subsample_safetyoff,12,3,75776.0,63.06666666666666
sdhppo_aug_subsample_safetyoff,12,4,100352.0,62.66666666666666
sdhppo_aug_subsample_safetyoff,12,5,126976.0,63.03333333333333
sdhppo_aug_subsample_safetyoff,12,6,151552.0,63.06666666666665
sdhppo_aug_subsample_safetyoff,12,7,176128.0,61.76666666666664
sdhppo_aug_subsample_safetyoff,12,8,200704.0,58.03333333333334
sdhppo_aug_subsample_safetyoff,12,9,225280.0,56.46666666666667
sdhppo_aug_subsample_safetyoff,12,10,251904.0,56.56666666666666
sdhppo_aug_subsample_safetyoff,12,11,276480.0,54.99999999999999
sdhppo_aug_subsample_safetyoff,12,12,301056.0,56.8
sdhppo_aug_subsample_safetyoff,13,1,26624.0,49.1
sdhppo_aug_subsample_safetyoff,13,2,51200.0,49.93333333333333
sdhppo_aug_subsample_safetyoff,13,3,75776.0,50.13333333333333
sdhppo_aug_subsample_safetyoff,13,4,100352.0,50.23333333333333
sdhppo_aug_subsample_safetyoff,13,5,126976.0,50.29999999999999
sdhppo_aug_subsample_safetyoff,13,6,151552.0,49.99999999999999
sdhppo_aug_subsample_safetyoff,13,7,176128.0,50.16666666666666
sdhppo_aug_subsample_safetyoff,13,8,200704.0,50.33333333333333
sdhppo_aug_subsample_safetyoff,13,9,225280.0,50.56666666666666
sdhppo_aug_subsample_safetyoff,13,10,251904.0,50.59999999999999
sdhppo_aug_subsample_safetyoff,13,11,276480.0,50.66666666666666
sdhppo_aug_subsample_safetyoff,13,12,301056.0,50.46666666666666
sdhppo_aug_subsample_safetyoff,14,1,26624.0,59.6
sdhppo_aug_subsample_safetyoff,14,2,51200.0,48.99999999999999
sdhppo_aug_subsample_safetyoff,14,3,75776.0,48.86666666666665
sdhppo_aug_subsample_safetyoff,14,4,100352.0,48.93333333333332
sdhppo_aug_subsample_safetyoff,14,5,126976.0,49.1
sdhppo_aug_subsample_safetyoff,14,6,151552.0,49.23333333333332
sdhppo_aug_subsample_safetyoff,14,7,176128.0,49.09999999999999
sdhppo_aug_subsample_safetyoff,14,8,200704.0,49.43333333333332
sdhppo_aug_subsample_safetyoff,14,9,225280.0,48.96666666666666
sdhppo_aug_subsample_safetyoff,14,10,251904.0,48.86666666666666
sdhppo_aug_subsample_safetyoff,14,11,276480.0,48.89999999999999
sdhppo_aug_subsample_safetyoff,14,12,301056.0,49.133333333333326
sdhppo_aug_subsample_safetyoff,15,1,26624.0,55.2
sdhppo_aug_subsample_safetyoff,15,2,51200.0,54.33333333333332
sdhppo_aug_subsample_safetyoff,15,3,75776.0,54.76666666666665
sdhppo_aug_subsample_safetyoff,15,4,100352.0,50.26666666666666
sdhppo_aug_subsample_safetyoff,15,5,126976.0,50.23333333333333
sdhppo_aug_subsample_safetyoff,15,6,151552.0,49.29999999999999
sdhppo_aug_subsample_safetyoff,15,7,176128.0,49.93333333333332
sdhppo_aug_subsample_safetyoff,15,8,200704.0,49.53333333333333
sdhppo_aug_subsample_safetyoff,15,9,225280.0,49.43333333333333
sdhppo_aug_subsample_safetyoff,15,10,251904.0,49.69999999999999
sdhppo_aug_subsample_safetyoff,15,11,276480.0,49.33333333333332
sdhppo_aug_subsample_safetyoff,15,12,301056.0,49.4
sdhppo_aug_subsample_safetyoff,16,1,26624.0,61.066666666666656
sdhppo_aug_subsample_safetyoff,16,2,51200.0,61.0
sdhppo_aug_subsample_safetyoff,16,3,75776.0,60.43333333333333
sdhppo_aug_subsample_safetyoff,16,4,100352.0,60.03333333333333
sdhppo_aug_subsample_safetyoff,16,5,126976.0,61.133333333333326
sdhppo_aug_subsample_safetyoff,16,6,151552.0,56.36666666666665
sdhppo_aug_subsample_safetyoff,16,7,176128.0,55.266666666666666
sdhppo_aug_subsample_safetyoff,16,8,200704.0,54.3
sdhppo_aug_subsample_safetyoff,16,9,225280.0,51.96666666666666
sdhppo_aug_subsample_safetyoff,16,10,251904.0,49.833333333333336
sdhppo_aug_subsample_safetyoff,16,11,276480.0,49.43333333333333
sdhppo_aug_subsample_safetyoff,16,12,301056.0,47.99999999999999
sdhppo_aug_subsample_safetyoff,17,1,26624.0,64.1
sdhppo_aug_subsample_safetyoff,17,2,51200.0,63.93333333333333
sdhppo_aug_subsample_safetyoff,17,3,75776.0,64.36666666666665
sdhppo_aug_subsample_safetyoff,17,4,100352.0,63.96666666666666
sdhppo_aug_subsample_safetyoff,17,5,126976.0,63.83333333333334
sdhppo_aug_subsample_safetyoff,17,6,151552.0,61.9
sdhppo_aug_subsample_safetyoff,17,7,176128.0,61.46666666666666
sdhppo_aug_subsample_safetyoff,17,8,200704.0,56.99999999999999
sdhppo_aug_subsample_safetyoff,17,9,225280.0,55.49999999999999
sdhppo_aug_subsample_safetyoff,17,10,251904.0,55.3
sdhppo_aug_subsample_safetyoff,17,11,276480.0,54.83333333333332
sdhppo_aug_subsample_safetyoff,17,12,301056.0,52.76666666666665
sdhppo_aug_subsample_safetyoff,18,1,26624.0,55.400000000000006
sdhppo_aug_subsample_safetyoff,18,2,51200.0,55.73333333333333
sdhppo_aug_subsample_safetyoff,18,3,75776.0,51.23333333333333
sdhppo_aug_subsample_safetyoff,18,4,100352.0,49.06666666666666
sdhppo_aug_subsample_safetyoff,18,5,126976.0,49.49999999999999
sdhppo_aug_subsample_safetyoff,18,6,151552.0,49.1
sdhppo_aug_subsample_safetyoff,18,7,176128.0,48.89999999999999
sdhppo_aug_subsample_safetyoff,18,8,200704.0,48.66666666666666
sdhppo_aug_subsample_safetyoff,18,9,225280.0,48.93333333333332
sdhppo_aug_subsample_safetyoff,18,10,251904.0,48.79999999999999
sdhppo_aug_subsample_safetyoff,18,11,276480.0,48.89999999999999
sdhppo_aug_subsample_safetyoff,18,12,301056.0,48.73333333333333
sdhppo_aug_subsample_safetyoff,19,1,26624.0,65.93333333333332
sdhppo_aug_subsample_safetyoff,19,2,51200.0,63.03333333333333
sdhppo_aug_subsample_safetyoff,19,3,75776.0,58.4
sdhppo_aug_subsample_safetyoff,19,4,100352.0,60.16666666666664
sdhppo_aug_subsample_safetyoff,19,5,126976.0,60.29999999999999
sdhppo_aug_subsample_safetyoff,19,6,151552.0,59.66666666666666
sdhppo_aug_subsample_safetyoff,19,7,176128.0,60.06666666666665
sdhppo_aug_subsample_safetyoff,19,8,200704.0,61.33333333333333
sdhppo_aug_subsample_safetyoff,19,9,225280.0,62.16666666666665
sdhppo_aug_subsample_safetyoff,19,10,251904.0,61.866666666666646
sdhppo_aug_subsample_safetyoff,19,11,276480.0,61.03333333333333
sdhppo_aug_subsample_safetyoff,19,12,301056.0,61.03333333333334
sdhppo_aug_subsample_safetyoff,2,1,26624.0,53.26666666666665
sdhppo_aug_subsample_safetyoff,2,2,51200.0,53.1
sdhppo_aug_subsample_safetyoff,2,3,75776.0,52.0
sdhppo_aug_subsample_safetyoff,2,4,100352.0,52.06666666666666
sdhppo_aug_subsample_safetyoff,2,5,126976.0,51.83333333333333
sdhppo_aug_subsample_safetyoff,2,6,151552.0,52.5
sdhppo_aug_subsample_safetyoff,2,7,176128.0,52.5
sdhppo_aug_subsample_safetyoff,2,8,200704.0,52.66666666666665
sdhppo_aug_subsample_safetyoff,2,9,225280.0,52.46666666666666
sdhppo_aug_subsample_safetyoff,2,10,251904.0,52.76666666666666
sdhppo_aug_subsample_safetyoff,2,11,276480.0,52.86666666666666
sdhppo_aug_subsample_safetyoff,2,12,301056.0,52.6
sdhppo_aug_subsample_safetyoff,3,1,26624.0,61.53333333333333
sdhppo_aug_subsample_safetyoff,3,2,51200.0,58.16666666666668
sdhppo_aug_subsample_safetyoff,3,3,75776.0,57.2
sdhppo_aug_subsample_safetyoff,3,4,100352.0,57.2
sdhppo_aug_subsample_safetyoff,3,5,126976.0,56.33333333333332
sdhppo_aug_subsample_safetyoff,3,6,151552.0,56.43333333333332
sdhppo_aug_subsample_safetyoff,3,7,176128.0,56.133333333333326
sdhppo_aug_subsample_safetyoff,3,8,200704.0,55.266666666666666
sdhppo_aug_subsample_safetyoff,3,9,225280.0,53.766666666666666
sdhppo_aug_subsample_safetyoff,3,10,251904.0,52.73333333333332
sdhppo_aug_subsample_safetyoff,3,11,276480.0,51.33333333333333
sdhppo_aug_subsample_safetyoff,3,12,301056.0,50.93333333333333
sdhppo_aug_subsample_safetyoff,4,1,26624.0,54.400000000000006
sdhppo_aug_subsample_safetyoff,4,2,51200.0,54.133333333333326
sdhppo_aug_subsample_safetyoff,4,3,75776.0,53.6
sdhppo_aug_subsample_safetyoff,4,4,100352.0,53.96666666666666
sdhppo_aug_subsample_safetyoff,4,5,126976.0,53.93333333333332
sdhppo_aug_subsample_safetyoff,4,6,151552.0,54.266666666666666
sdhppo_aug_subsample_safetyoff,4,7,176128.0,53.93333333333332
sdhppo_aug_subsample_safetyoff,4,8,200704.0,53.56666666666666
sdhppo_aug_subsample_safetyoff,4,9,225280.0,53.53333333333333
sdhppo_aug_subsample_safetyoff,4,10,251904.0,53.96666666666666
sdhppo_aug_subsample_safetyoff,4,11,276480.0,54.133333333333326
sdhppo_aug_subsample_safetyoff,4,12,301056.0,53.86666666666666
sdhppo_aug_subsample_safetyoff,5,1,26624.0,61.96666666666665
sdhppo_aug_subsample_safetyoff,5,2,51200.0,60.73333333333333
sdhppo_aug_subsample_safetyoff,5,3,75776.0,59.56666666666667
sdhppo_aug_subsample_safetyoff,5,4,100352.0,59.36666666666667
sdhppo_aug_subsample_safetyoff,5,5,126976.0,61.23333333333333
sdhppo_aug_subsample_safetyoff,5,6,151552.0,53.03333333333333
sdhppo_aug_subsample_safetyoff,5,7,176128.0,52.63333333333333
sdhppo_aug_subsample_safetyoff,5,8,200704.0,53.43333333333332
sdhppo_aug_subsample_safetyoff,5,9,225280.0,50.19999999999999
sdhppo_aug_subsample_safetyoff,5,10,251904.0,50.66666666666666
sdhppo_aug_subsample_safetyoff,5,11,276480.0,50.53333333333333
sdhppo_aug_subsample_safetyoff,5,12,301056.0,50.39999999999999
sdhppo_aug_subsample_safetyoff,6,1,26624.0,58.83333333333333
sdhppo_aug_subsample_safetyoff,6,2,51200.0,49.8
sdhppo_aug_subsample_safetyoff,6,3,75776.0,49.76666666666666
sdhppo_aug_subsample_safetyoff,6,4,100352.0,49.66666666666666
sdhppo_aug_subsample_safetyoff,6,5,126976.0,49.46666666666666
sdhppo_aug_subsample_safetyoff,6,6,151552.0,49.73333333333333
sdhppo_aug_subsample_safetyoff,6,7,176128.0,49.96666666666666
sdhppo_aug_subsample_safetyoff,6,8,200704.0,49.89999999999999
sdhppo_aug_subsample_safetyoff,6,9,225280.0,49.83333333333332
sdhppo_aug_subsample_safetyoff,6,10,251904.0,50.03333333333333
sdhppo_aug_subsample_safetyoff,6,11,276480.0,49.86666666666666
sdhppo_aug_subsample_safetyoff,6,12,301056.0,50.36666666666666
sdhppo_aug_subsample_safetyoff,7,1,26624.0,57.7
sdhppo_aug_subsample_safetyoff,7,2,51200.0,51.66666666666666
sdhppo_aug_subsample_safetyoff,7,3,75776.0,50.83333333333333
sdhppo_aug_subsample_safetyoff,7,4,100352.0,59.6
sdhppo_aug_subsample_safetyoff,7,5,126976.0,50.66666666666666
sdhppo_aug_subsample_safetyoff,7,6,151552.0,53.5
sdhppo_aug_subsample_safetyoff,7,7,176128.0,54.06666666666666
sdhppo_aug_subsample_safetyoff,7,8,200704.0,51.86666666666666
sdhppo_aug_subsample_safetyoff,7,9,225280.0,52.26666666666666
sdhppo_aug_subsample_safetyoff,7,10,251904.0,52.73333333333332
sdhppo_aug_subsample_safetyoff,7,11,276480.0,52.36666666666666
sdhppo_aug_subsample_safetyoff,7,12,301056.0,51.6
sdhppo_aug_subsample_safetyoff,8,1,26624.0,59.36666666666667
sdhppo_aug_subsample_safetyoff,8,2,51200.0,60.0
sdhppo_aug_subsample_safetyoff,8,3,75776.0,58.9
sdhppo_aug_subsample_safetyoff,8,4,100352.0,63.49999999999999
sdhppo_aug_subsample_safetyoff,8,5,126976.0,63.0
sdhppo_aug_subsample_safetyoff,8,6,151552.0,62.133333333333326
sdhppo_aug_subsample_safetyoff,8,7,176128.0,63.43333333333333
sdhppo_aug_subsample_safetyoff,8,8,200704.0,63.43333333333333
sdhppo_aug_subsample_safetyoff,8,9,225280.0,62.46666666666665
sdhppo_aug_subsample_safetyoff,8,10,251904.0,62.93333333333333
sdhppo_aug_subsample_safetyoff,8,11,276480.0,65.26666666666665
sdhppo_aug_subsample_safetyoff,8,12,301056.0,63.39999999999999
sdhppo_aug_subsample_safetyoff,9,1,26624.0,66.5
sdhppo_aug_subsample_safetyoff,9,2,51200.0,67.06666666666666
sdhppo_aug_subsample_safetyoff,9,3,75776.0,64.73333333333332
sdhppo_aug_subsample_safetyoff,9,4,100352.0,64.9
sdhppo_aug_subsample_safetyoff,9,5,126976.0,58.133333333333326
sdhppo_aug_subsample_safetyoff,9,6,151552.0,57.03333333333333
sdhppo_aug_subsample_safetyoff,9,7,176128.0,52.46666666666668
sdhppo_aug_subsample_safetyoff,9,8,200704.0,52.5
sdhppo_aug_subsample_safetyoff,9,9,225280.0,52.73333333333333
sdhppo_aug_subsample_safetyoff,9,10,251904.0,52.400000000000006
sdhppo_aug_subsample_safetyoff,9,11,276480.0,52.83333333333333
sdhppo_aug_subsample_safetyoff,9,12,301056.0,52.900000000000006
sdhppo_aug_subsample_safetyon,0,1,26624.0,45.8
sdhppo_aug_subsample_safetyon,0,2,51200.0,43.03333333333333
sdhppo_aug_subsample_safetyon,0,3,75776.0,43.99999999999999
sdhppo_aug_subsample_safetyon,0,4,100352.0,45.1
sdhppo_aug_subsample_safetyon,0,5,126976.0,50.59999999999999
sdhppo_aug_subsample_safetyon,0,6,151552.0,52.26666666666666
sdhppo_aug_subsample_safetyon,0,7,176128.0,51.2
sdhppo_aug_subsample_safetyon,0,8,200704.0,50.86666666666666
sdhppo_aug_subsample_safetyon,0,9,225280.0,51.36666666666666
sdhppo_aug_subsample_safetyon,0,10,251904.0,50.46666666666666
sdhppo_aug_subsample_safetyon,0,11,276480.0,51.4
sdhppo_aug_subsample_safetyon,0,12,301056.0,51.03333333333333
sdhppo_aug_subsample_safetyon,1,1,26624.0,39.7
sdhppo_aug_subsample_safetyon,1,2,51200.0,43.53333333333333
sdhppo_aug_subsample_safetyon,1,3,75776.0,43.49999999999999
sdhppo_aug_subsample_safetyon,1,4,100352.0,45.4
sdhppo_aug_subsample_safetyon,1,5,126976.0,47.73333333333333
sdhppo_aug_subsample_safetyon,1,6,151552.0,47.466666666666654
sdhppo_aug_subsample_safetyon,1,7,176128.0,49.03333333333333
sdhppo_aug_subsample_safetyon,1,8,200704.0,48.39999999999999
sdhppo_aug_subsample_safetyon,1,9,225280.0,47.46666666666666
sdhppo_aug_subsample_safetyon,1,10,251904.0,47.99999999999999
sdhppo_aug_subsample_safetyon,1,11,276480.0,46.03333333333333
sdhppo_aug_subsample_safetyon,1,12,301056.0,47.33333333333333
sdhppo_aug_subsample_safetyon,10,1,26624.0,49.16666666666666
sdhppo_aug_subsample_safetyon,10,2,51200.0,46.7
sdhppo_aug_subsample_safetyon,10,3,75776.0,45.83333333333333
sdhppo_aug_subsample_safetyon,10,4,100352.0,43.9
sdhppo_aug_subsample_safetyon,10,5,126976.0,46.1
sdhppo_aug_subsample_safetyon,10,6,151552.0,43.96666666666667
sdhppo_aug_subsample_safetyon,10,7,176128.0,45.3
sdhppo_aug_subsample_safetyon,10,8,200704.0,46.0
sdhppo_aug_subsample_safetyon,10,9,225280.0,46.5
sdhppo_aug_subsample_safetyon,10,10,251904.0,44.566666666666656
sdhppo_aug_subsample_safetyon,10,11,276480.0,43.66666666666666
sdhppo_aug_subsample_safetyon,10,12,301056.0,43.73333333333333
sdhppo_aug_subsample_safetyon,11,1,26624.0,43.766666666666666
sdhppo_aug_subsample_safetyon,11,2,51200.0,45.83333333333333
sdhppo_aug_subsample_safetyon,11,3,75776.0,43.83333333333333
sdhppo_aug_subsample_safetyon,11,4,100352.0,45.1
sdhppo_aug_subsample_safetyon,11,5,126976.0,44.93333333333333
sdhppo_aug_subsample_safetyon,11,6,151552.0,45.8
sdhppo_aug_subsample_safetyon,11,7,176128.0,44.86666666666666
sdhppo_aug_subsample_safetyon,11,8,200704.0,45.26666666666666
sdhppo_aug_subsample_safetyon,11,9,225280.0,45.96666666666666
sdhppo_aug_subsample_safetyon,11,10,251904.0,44.16666666666666
sdhppo_aug_subsample_safetyon,11,11,276480.0,47.43333333333333
sdhppo_aug_subsample_safetyon,11,12,301056.0,47.4
sdhppo_aug_subsample_safetyon,12,1,26624.0,48.73333333333333
sdhppo_aug_subsample_safetyon,12,2,51200.0,47.16666666666666
sdhppo_aug_subsample_safetyon,12,3,75776.0,46.7
sdhppo_aug_subsample_safetyon,12,4,100352.0,48.66666666666666
sdhppo_aug_subsample_safetyon,12,5,126976.0,49.56666666666666
sdhppo_aug_subsample_safetyon,12,6,151552.0,49.633333333333326
sdhppo_aug_subsample_safetyon,12,7,176128.0,50.06666666666666
sdhppo_aug_subsample_safetyon,12,8,200704.0,52.63333333333332
sdhppo_aug_subsample_safetyon,12,9,225280.0,52.73333333333332
sdhppo_aug_subsample_safetyon,12,10,251904.0,53.1
sdhppo_aug_subsample_safetyon,12,11,276480.0,52.56666666666665
sdhppo_aug_subsample_safetyon,12,12,301056.0,52.900000000000006
sdhppo_aug_subsample_safetyon,13,1,26624.0,41.266666666666666
sdhppo_aug_subsample_safetyon,13,2,51200.0,40.13333333333333
sdhppo_aug_subsample_safetyon,13,3,75776.0,40.73333333333333
sdhppo_aug_subsample_safetyon,13,4,100352.0,40.23333333333333
sdhppo_aug_subsample_safetyon,13,5,126976.0,45.8
sdhppo_aug_subsample_safetyon,13,6,151552.0,47.133333333333326
sdhppo_aug_subsample_safetyon,13,7,176128.0,47.16666666666666
sdhppo_aug_subsample_safetyon,13,8,200704.0,48.266666666666666
sdhppo_aug_subsample_safetyon,13,9,225280.0,46.99999999999999
sdhppo_aug_subsample_safetyon,13,10,251904.0,48.53333333333333
sdhppo_aug_subsample_safetyon,13,11,276480.0,49.46666666666666
sdhppo_aug_subsample_safetyon,13,12,301056.0,49.09999999999999
sdhppo_aug_subsample_safetyon,14,1,26624.0,40.99999999999999
sdhppo_aug_subsample_safetyon,14,2,51200.0,42.53333333333333
sdhppo_aug_subsample_safetyon,14,3,75776.0,41.83333333333333
sdhppo_aug_subsample_safetyon,14,4,100352.0,42.16666666666666
sdhppo_aug_subsample_safetyon,14,5,126976.0,46.03333333333333
sdhppo_aug_subsample_safetyon,14,6,151552.0,45.33333333333333
sdhppo_aug_subsample_safetyon,14,7,176128.0,47.29999999999998
sdhppo_aug_subsample_safetyon,14,8,200704.0,47.83333333333333
sdhppo_aug_subsample_safetyon,14,9,225280.0,46.03333333333333
sdhppo_aug_subsample_safetyon,14,10,251904.0,45.16666666666666
sdhppo_aug_subsample_safetyon,14,11,276480.0,41.766666666666666
sdhppo_aug_subsample_safetyon,14,12,301056.0,37.8
sdhppo_aug_subsample_safetyon,15,1,26624.0,43.2
sdhppo_aug_subsample_safetyon,15,2,51200.0,44.23333333333333
sdhppo_aug_subsample_safetyon,15,3,75776.0,40.06666666666666
sdhppo_aug_subsample_safetyon,15,4,100352.0,41.4
sdhppo_aug_subsample_safetyon,15,5,126976.0,41.16666666666666
sdhppo_aug_subsample_safetyon,15,6,151552.0,37.266666666666666
sdhppo_aug_subsample_safetyon,15,7,176128.0,37.43333333333333
sdhppo_aug_subsample_safetyon,15,8,200704.0,37.6
sdhppo_aug_subsample_safetyon,15,9,225280.0,37.5
sdhppo_aug_subsample_safetyon,15,10,251904.0,38.43333333333333
sdhppo_aug_subsample_safetyon,15,11,276480.0,34.53333333333333
sdhppo_aug_subsample_safetyon,15,12,301056.0,36.53333333333333
sdhppo_aug_subsample_safetyon,16,1,26624.0,38.6
sdhppo_aug_subsample_safetyon,16,2,51200.0,40.5
sdhppo_aug_subsample_safetyon,16,3,75776.0,39.93333333333332
sdhppo_aug_subsample_safetyon,16,4,100352.0,38.16666666666666
sdhppo_aug_subsample_safetyon,16,5,126976.0,38.99999999999999
sdhppo_aug_subsample_safetyon,16,6,151552.0,41.5
sdhppo_aug_subsample_safetyon,16,7,176128.0,40.46666666666666
sdhppo_aug_subsample_safetyon,16,8,200704.0,35.099999999999994
sdhppo_aug_subsample_safetyon,16,9,225280.0,34.56666666666666
sdhppo_aug_subsample_safetyon,16,10,251904.0,33.0
sdhppo_aug_subsample_safetyon,16,11,276480.0,31.53333333333333
sdhppo_aug_subsample_safetyon,16,12,301056.0,31.1
sdhppo_aug_subsample_safetyon,17,1,26624.0,41.3
sdhppo_aug_subsample_safetyon,17,2,51200.0,42.6
sdhppo_aug_subsample_safetyon,17,3,75776.0,42.266666666666666
sdhppo_aug_subsample_safetyon,17,4,100352.0,42.93333333333332
sdhppo_aug_subsample_safetyon,17,5,126976.0,46.5
sdhppo_aug_subsample_safetyon,17,6,151552.0,46.86666666666666
sdhppo_aug_subsample_safetyon,17,7,176128.0,47.86666666666666
sdhppo_aug_subsample_safetyon,17,8,200704.0,48.6
sdhppo_aug_subsample_safetyon,17,9,225280.0,46.1
sdhppo_aug_subsample_safetyon,17,10,251904.0,47.83333333333333
sdhppo_aug_subsample_safetyon,17,11,276480.0,49.09999999999999
sdhppo_aug_subsample_safetyon,17,12,301056.0,49.43333333333332
sdhppo_aug_subsample_safetyon,18,1,26624.0,37.43333333333333
sdhppo_aug_subsample_safetyon,18,2,51200.0,36.56666666666666
sdhppo_aug_subsample_safetyon,18,3,75776.0,33.7
sdhppo_aug_subsample_safetyon,18,4,100352.0,31.166666666666664
sdhppo_aug_subsample_safetyon,18,5,126976.0,29.366666666666667
sdhppo_aug_subsample_safetyon,18,6,151552.0,30.133333333333333
sdhppo_aug_subsample_safetyon,18,7,176128.0,31.6
sdhppo_aug_subsample_safetyon,18,8,200704.0,30.2
sdhppo_aug_subsample_safetyon,18,9,225280.0,34.4
sdhppo_aug_subsample_safetyon,18,10,251904.0,30.166666666666664
sdhppo_aug_subsample_safetyon,18,11,276480.0,33.5
sdhppo_aug_subsample_safetyon,18,12,301056.0,35.49999999999999
sdhppo_aug_subsample_safetyon,19,1,26624.0,50.03333333333333
sdhppo_aug_subsample_safetyon,19,2,51200.0,52.19999999999999
sdhppo_aug_subsample_safetyon,19,3,75776.0,53.5
sdhppo_aug_subsample_safetyon,19,4,100352.0,54.33333333333332
sdhppo_aug_subsample_safetyon,19,5,126976.0,54.633333333333326
sdhppo_aug_subsample_safetyon,19,6,151552.0,55.00000000000001
sdhppo_aug_subsample_safetyon,19,7,176128.0,55.03333333333333
sdhppo_aug_subsample_safetyon,19,8,200704.0,54.900000000000006
sdhppo_aug_subsample_safetyon,19,9,225280.0,55.33333333333332
sdhppo_aug_subsample_safetyon,19,10,251904.0,55.266666666666666
sdhppo_aug_subsample_safetyon,19,11,276480.0,55.2
sdhppo_aug_subsample_safetyon,19,12,301056.0,54.7
sdhppo_aug_subsample_safetyon,2,1,26624.0,43.46666666666666
sdhppo_aug_subsample_safetyon,2,2,51200.0,42.6
sdhppo_aug_subsample_safetyon,2,3,75776.0,46.23333333333333
sdhppo_aug_subsample_safetyon,2,4,100352.0,48.63333333333333
sdhppo_aug_subsample_safetyon,2,5,126976.0,50.26666666666666
sdhppo_aug_subsample_safetyon,2,6,151552.0,51.1
sdhppo_aug_subsample_safetyon,2,7,176128.0,50.866666666666674
sdhppo_aug_subsample_safetyon,2,8,200704.0,51.2
sdhppo_aug_subsample_safetyon,2,9,225280.0,51.93333333333332
sdhppo_aug_subsample_safetyon,2,10,251904.0,50.13333333333333
sdhppo_aug_subsample_safetyon,2,11,276480.0,49.8
sdhppo_aug_subsample_safetyon,2,12,301056.0,48.766666666666666
sdhppo_aug_subsample_safetyon,3,1,26624.0,37.73333333333333
sdhppo_aug_subsample_safetyon,3,2,51200.0,36.0
sdhppo_aug_subsample_safetyon,3,3,75776.0,37.7
sdhppo_aug_subsample_safetyon,3,4,100352.0,35.03333333333333
sdhppo_aug_subsample_safetyon,3,5,126976.0,34.83333333333333
sdhppo_aug_subsample_safetyon,3,6,151552.0,40.03333333333333
sdhppo_aug_subsample_safetyon,3,7,176128.0,36.83333333333333
sdhppo_aug_subsample_safetyon,3,8,200704.0,39.33333333333333
sdhppo_aug_subsample_safetyon,3,9,225280.0,37.23333333333333
sdhppo_aug_subsample_safetyon,3,10,251904.0,39.86666666666666
sdhppo_aug_subsample_safetyon,3,11,276480.0,35.9
sdhppo_aug_subsample_safetyon,3,12,301056.0,37.6
sdhppo_aug_subsample_safetyon,4,1,26624.0,44.36666666666667
sdhppo_aug_subsample_safetyon,4,2,51200.0,50.3
sdhppo_aug_subsample_safetyon,4,3,75776.0,47.266666666666666
sdhppo_aug_subsample_safetyon,4,4,100352.0,47.7
sdhppo_aug_subsample_safetyon,4,5,126976.0,47.36666666666666
sdhppo_aug_subsample_safetyon,4,6,151552.0,46.1
sdhppo_aug_subsample_safetyon,4,7,176128.0,47.93333333333333
sdhppo_aug_subsample_safetyon,4,8,200704.0,47.6
sdhppo_aug_subsample_safetyon,4,9,225280.0,48.96666666666666
sdhppo_aug_subsample_safetyon,4,10,251904.0,47.16666666666666
sdhppo_aug_subsample_safetyon,4,11,276480.0,46.0
sdhppo_aug_subsample_safetyon,4,12,301056.0,43.63333333333333
sdhppo_aug_subsample_safetyon,5,1,26624.0,40.46666666666666
sdhppo_aug_subsample_safetyon,5,2,51200.0,40.833333333333336
sdhppo_aug_subsample_safetyon,5,3,75776.0,44.4
sdhppo_aug_subsample_safetyon,5,4,100352.0,39.73333333333333
sdhppo_aug_subsample_safetyon,5,5,126976.0,40.766666666666666
sdhppo_aug_subsample_safetyon,5,6,151552.0,41.333333333333336
sdhppo_aug_subsample_safetyon,5,7,176128.0,46.6
sdhppo_aug_subsample_safetyon,5,8,200704.0,48.66666666666666
sdhppo_aug_subsample_safetyon,5,9,225280.0,49.766666666666666
sdhppo_aug_subsample_safetyon,5,10,251904.0,48.83333333333332
sdhppo_aug_subsample_safetyon,5,11,276480.0,45.76666666666666
sdhppo_aug_subsample_safetyon,5,12,301056.0,47.133333333333326
sdhppo_aug_subsample_safetyon,6,1,26624.0,38.53333333333333
sdhppo_aug_subsample_safetyon,6,2,51200.0,42.8
sdhppo_aug_subsample_safetyon,6,3,75776.0,41.03333333333333
sdhppo_aug_subsample_safetyon,6,4,100352.0,40.133333333333326
sdhppo_aug_subsample_safetyon,6,5,126976.0,40.36666666666666
sdhppo_aug_subsample_safetyon,6,6,151552.0,42.53333333333333
sdhppo_aug_subsample_safetyon,6,7,176128.0,41.89999999999999
sdhppo_aug_subsample_safetyon,6,8,200704.0,40.4
sdhppo_aug_subsample_safetyon,6,9,225280.0,42.43333333333333
sdhppo_aug_subsample_safetyon,6,10,251904.0,38.99999999999999
sdhppo_aug_subsample_safetyon,6,11,276480.0,33.96666666666666
sdhppo_aug_subsample_safetyon,6,12,301056.0,32.800000000000004
sdhppo_aug_subsample_safetyon,7,1,26624.0,42.83333333333333
sdhppo_aug_subsample_safetyon,7,2,51200.0,43.63333333333333
sdhppo_aug_subsample_safetyon,7,3,75776.0,43.86666666666667
sdhppo_aug_subsample_safetyon,7,4,100352.0,43.23333333333333
sdhppo_aug_subsample_safetyon,7,5,126976.0,39.93333333333333
sdhppo_aug_subsample_safetyon,7,6,151552.0,39.26666666666666
sdhppo_aug_subsample_safetyon,7,7,176128.0,45.16666666666666
sdhppo_aug_subsample_safetyon,7,8,200704.0,47.16666666666667
sdhppo_aug_subsample_safetyon,7,9,225280.0,49.36666666666667
sdhppo_aug_subsample_safetyon,7,10,251904.0,50.1
sdhppo_aug_subsample_safetyon,7,11,276480.0,47.96666666666666
sdhppo_aug_subsample_safetyon,7,12,301056.0,48.29999999999999
sdhppo_aug_subsample_safetyon,8,1,26624.0,49.16666666666666
sdhppo_aug_subsample_safetyon,8,2,51200.0,44.73333333333333
sdhppo_aug_subsample_safetyon,8,3,75776.0,45.133333333333326
sdhppo_aug_subsample_safetyon,8,4,100352.0,49.5
sdhppo_aug_subsample_safetyon,8,5,126976.0,48.2
sdhppo_aug_subsample_safetyon,8,6,151552.0,52.23333333333333
sdhppo_aug_subsample_safetyon,8,7,176128.0,53.266666666666666
sdhppo_aug_subsample_safetyon,8,8,200704.0,52.8
sdhppo_aug_subsample_safetyon,8,9,225280.0,49.7
sdhppo_aug_subsample_safetyon,8,10,251904.0,50.33333333333333
sdhppo_aug_subsample_safetyon,8,11,276480.0,53.400000000000006
sdhppo_aug_subsample_safetyon,8,12,301056.0,53.33333333333332
sdhppo_aug_subsample_safetyon,9,1,26624.0,37.89999999999999
sdhppo_aug_subsample_safetyon,9,2,51200.0,38.23333333333333
sdhppo_aug_subsample_safetyon,9,3,75776.0,35.3
sdhppo_aug_subsample_safetyon,9,4,100352.0,33.93333333333333
sdhppo_aug_subsample_safetyon,9,5,126976.0,36.9
sdhppo_aug_subsample_safetyon,9,6,151552.0,37.43333333333333
sdhppo_aug_subsample_safetyon,9,7,176128.0,39.03333333333333
sdhppo_aug_subsample_safetyon,9,8,200704.0,37.66666666666666
sdhppo_aug_subsample_safetyon,9,9,225280.0,32.7
sdhppo_aug_subsample_safetyon,9,10,251904.0,37.33333333333333
sdhppo_aug_subsample_safetyon,9,11,276480.0,37.33333333333332
sdhppo_aug_subsample_safetyon,9,12,301056.0,32.9
sdhppo_full_safetyoff,0,1,26624.0,60.66666666666667
sdhppo_full_safetyoff,0,2,51200.0,50.3
sdhppo_full_safetyoff,0,3,75776.0,51.33333333333333
sdhppo_full_safetyoff,0,4,100352.0,51.3
sdhppo_full_safetyoff,0,5,126976.0,51.46666666666666
sdhppo_full_safetyoff,0,6,151552.0,51.7
sdhppo_full_safetyoff,0,7,176128.0,52.900000000000006
sdhppo_full_safetyoff,0,8,200704.0,52.63333333333332
sdhppo_full_safetyoff,0,9,225280.0,52.6
sdhppo_full_safetyoff,0,10,251904.0,52.8
sdhppo_full_safetyoff,0,11,276480.0,52.96666666666666
sdhppo_full_safetyoff,0,12,301056.0,52.6
sdhppo_full_safetyoff,1,1,26624.0,58.1
sdhppo_full_safetyoff,1,2,51200.0,55.83333333333332
sdhppo_full_safetyoff,1,3,75776.0,52.43333333333332
sdhppo_full_safetyoff,1,4,100352.0,53.66666666666666
sdhppo_full_safetyoff,1,5,126976.0,56.00000000000001
sdhppo_full_safetyoff,1,6,151552.0,53.86666666666666
sdhppo_full_safetyoff,1,7,176128.0,56.133333333333326
sdhppo_full_safetyoff,1,8,200704.0,53.5
sdhppo_full_safetyoff,1,9,225280.0,51.06666666666666
sdhppo_full_safetyoff,1,10,251904.0,50.66666666666666
sdhppo_full_safetyoff,1,11,276480.0,51.13333333333332
sdhppo_full_safetyoff,1,12,301056.0,52.26666666666666
sdhppo_full_safetyoff,10,1,26624.0,61.16666666666666
sdhppo_full_safetyoff,10,2,51200.0,64.03333333333333
sdhppo_full_safetyoff,10,3,75776.0,60.466666666666654
sdhppo_full_safetyoff,10,4,100352.0,57.49999999999999
sdhppo_full_safetyoff,10,5,126976.0,57.06666666666666
sdhppo_full_safetyoff,10,6,151552.0,56.06666666666666
sdhppo_full_safetyoff,10,7,176128.0,55.93333333333332
sdhppo_full_safetyoff,10,8,200704.0,56.39999999999999
sdhppo_full_safetyoff,10,9,225280.0,52.5
sdhppo_full_safetyoff,10,10,251904.0,50.83333333333333
sdhppo_full_safetyoff,10,11,276480.0,50.73333333333333
sdhppo_full_safetyoff,10,12,301056.0,50.86666666666666
sdhppo_full_safetyoff,11,1,26624.0,60.23333333333333
sdhppo_full_safetyoff,11,2,51200.0,60.06666666666667
sdhppo_full_safetyoff,11,3,75776.0,59.56666666666667
sdhppo_full_safetyoff,11,4,100352.0,60.0
sdhppo_full_safetyoff,11,5,126976.0,59.633333333333326
sdhppo_full_safetyoff,11,6,151552.0,59.86666666666668
sdhppo_full_safetyoff,11,7,176128.0,59.73333333333333
sdhppo_full_safetyoff,11,8,200704.0,59.59999999999999
sdhppo_full_safetyoff,11,9,225280.0,59.73333333333334
sdhppo_full_safetyoff,11,10,251904.0,59.0
sdhppo_full_safetyoff,11,11,276480.0,58.56666666666667
sdhppo_full_safetyoff,11,12,301056.0,56.633333333333326
sdhppo_full_safetyoff,12,1,26624.0,56.7
sdhppo_full_safetyoff,12,2,51200.0,55.7
sdhppo_full_safetyoff,12,3,75776.0,53.966666666666654
sdhppo_full_safetyoff,12,4,100352.0,56.86666666666667
sdhppo_full_safetyoff,12,5,126976.0,60.83333333333333
sdhppo_full_safetyoff,12,6,151552.0,58.766666666666666
sdhppo_full_safetyoff,12,7,176128.0,60.566666666666656
sdhppo_full_safetyoff,12,8,200704.0,57.1
sdhppo_full_safetyoff,12,9,225280.0,53.43333333333332
sdhppo_full_safetyoff,12,10,251904.0,53.96666666666666
sdhppo_full_safetyoff,12,11,276480.0,54.86666666666666
sdhppo_full_safetyoff,12,12,301056.0,52.900000000000006
sdhppo_full_safetyoff,13,1,26624.0,50.26666666666666
sdhppo_full_safetyoff,13,2,51200.0,50.33333333333333
sdhppo_full_safetyoff,13,3,75776.0,50.26666666666666
sdhppo_full_safetyoff,13,4,100352.0,50.36666666666666
sdhppo_full_safetyoff,13,5,126976.0,50.33333333333333
sdhppo_full_safetyoff,13,6,151552.0,50.23333333333333
sdhppo_full_safetyoff,13,7,176128.0,50.16666666666666
sdhppo_full_safetyoff,13,8,200704.0,50.23333333333333
sdhppo_full_safetyoff,13,9,225280.0,50.23333333333333
sdhppo_full_safetyoff,13,10,251904.0,50.39999999999999
sdhppo_full_safetyoff,13,11,276480.0,50.33333333333333
sdhppo_full_safetyoff,13,12,301056.0,50.86666666666666
sdhppo_full_safetyoff,14,1,26624.0,57.6
sdhppo_full_safetyoff,14,2,51200.0,52.26666666666665
sdhppo_full_safetyoff,14,3,75776.0,49.36666666666666
sdhppo_full_safetyoff,14,4,100352.0,50.06666666666666
sdhppo_full_safetyoff,14,5,126976.0,49.36666666666666
sdhppo_full_safetyoff,14,6,151552.0,48.6
sdhppo_full_safetyoff,14,7,176128.0,48.066666666666656
sdhppo_full_safetyoff,14,8,200704.0,47.19999999999999
sdhppo_full_safetyoff,14,9,225280.0,47.16666666666666
sdhppo_full_safetyoff,14,10,251904.0,47.49999999999999
sdhppo_full_safetyoff,14,11,276480.0,47.46666666666666
sdhppo_full_safetyoff,14,12,301056.0,48.16666666666666
sdhppo_full_safetyoff,15,1,26624.0,59.0
sdhppo_full_safetyoff,15,2,51200.0,54.56666666666668
sdhppo_full_safetyoff,15,3,75776.0,49.7
sdhppo_full_safetyoff,15,4,100352.0,49.5
sdhppo_full_safetyoff,15,5,126976.0,49.73333333333333
sdhppo_full_safetyoff,15,6,151552.0,49.23333333333332
sdhppo_full_safetyoff,15,7,176128.0,48.89999999999999
sdhppo_full_safetyoff,15,8,200704.0,49.36666666666666
sdhppo_full_safetyoff,15,9,225280.0,49.73333333333333
sdhppo_full_safetyoff,15,10,251904.0,50.26666666666666
sdhppo_full_safetyoff,15,11,276480.0,49.99999999999999
sdhppo_full_safetyoff,15,12,301056.0,49.766666666666666
sdhppo_full_safetyoff,16,1,26624.0,63.96666666666665
sdhppo_full_safetyoff,16,2,51200.0,65.13333333333333
sdhppo_full_safetyoff,16,3,75776.0,59.99999999999999
sdhppo_full_safetyoff,16,4,100352.0,59.5
sdhppo_full_safetyoff,16,5,126976.0,47.79999999999999
sdhppo_full_safetyoff,16,6,151552.0,47.0
sdhppo_full_safetyoff,16,7,176128.0,47.46666666666666
sdhppo_full_safetyoff,16,8,200704.0,47.49999999999999
sdhppo_full_safetyoff,16,9,225280.0,48.23333333333333
sdhppo_full_safetyoff,16,10,251904.0,48.7
sdhppo_full_safetyoff,16,11,276480.0,48.833333333333336
sdhppo_full_safetyoff,16,12,301056.0,48.266666666666666
sdhppo_full_safetyoff,17,1,26624.0,66.3
sdhppo_full_safetyoff,17,2,51200.0,65.13333333333333
sdhppo_full_safetyoff,17,3,75776.0,56.83333333333332
sdhppo_full_safetyoff,17,4,100352.0,52.6
sdhppo_full_safetyoff,17,5,126976.0,49.633333333333326
sdhppo_full_safetyoff,17,6,151552.0,48.96666666666666
sdhppo_full_safetyoff,17,7,176128.0,48.93333333333332
sdhppo_full_safetyoff,17,8,200704.0,49.39999999999999
sdhppo_full_safetyoff,17,9,225280.0,49.99999999999999
sdhppo_full_safetyoff,17,10,251904.0,49.6
sdhppo_full_safetyoff,17,11,276480.0,49.23333333333332
sdhppo_full_safetyoff,17,12,301056.0,49.99999999999999
sdhppo_full_safetyoff,18,1,26624.0,55.53333333333333
sdhppo_full_safetyoff,18,2,51200.0,50.43333333333333
sdhppo_full_safetyoff,18,3,75776.0,48.89999999999999
sdhppo_full_safetyoff,18,4,100352.0,48.43333333333333
sdhppo_full_safetyoff,18,5,126976.0,49.19999999999999
sdhppo_full_safetyoff,18,6,151552.0,49.06666666666666
sdhppo_full_safetyoff,18,7,176128.0,49.06666666666666
sdhppo_full_safetyoff,18,8,200704.0,49.16666666666666
sdhppo_full_safetyoff,18,9,225280.0,49.4
sdhppo_full_safetyoff,18,10,251904.0,49.49999999999999
sdhppo_full_safetyoff,18,11,276480.0,49.16666666666666
sdhppo_full_safetyoff,18,12,301056.0,49.2
sdhppo_full_safetyoff,19,1,26624.0,62.89999999999999
sdhppo_full_safetyoff,19,2,51200.0,60.93333333333333
sdhppo_full_safetyoff,19,3,75776.0,60.59999999999999
sdhppo_full_safetyoff,19,4,100352.0,60.966666666666654
sdhppo_full_safetyoff,19,5,126976.0,57.76666666666665
sdhppo_full_safetyoff,19,6,151552.0,58.83333333333333
sdhppo_full_safetyoff,19,7,176128.0,57.566666666666656
sdhppo_full_safetyoff,19,8,200704.0,58.3
sdhppo_full_safetyoff,19,9,225280.0,58.23333333333333
sdhppo_full_safetyoff,19,10,251904.0,55.7
sdhppo_full_safetyoff,19,11,276480.0,55.1
sdhppo_full_safetyoff,19,12,301056.0,54.56666666666666
sdhppo_full_safetyoff,2,1,26624.0,50.59999999999999
sdhppo_full_safetyoff,2,2,51200.0,52.23333333333332
sdhppo_full_safetyoff,2,3,75776.0,52.1
sdhppo_full_safetyoff,2,4,100352.0,52.56666666666666
sdhppo_full_safetyoff,2,5,126976.0,52.13333333333332
sdhppo_full_safetyoff,2,6,151552.0,51.9
sdhppo_full_safetyoff,2,7,176128.0,52.43333333333332
sdhppo_full_safetyoff,2,8,200704.0,52.66666666666666
sdhppo_full_safetyoff,2,9,225280.0,52.3
sdhppo_full_safetyoff,2,10,251904.0,52.5
sdhppo_full_safetyoff,2,11,276480.0,52.43333333333332
sdhppo_full_safetyoff,2,12,301056.0,52.39999999999999
sdhppo_full_safetyoff,3,1,26624.0,59.2
sdhppo_full_safetyoff,3,2,51200.0,56.99999999999999
sdhppo_full_safetyoff,3,3,75776.0,56.93333333333334
sdhppo_full_safetyoff,3,4,100352.0,57.26666666666668
sdhppo_full_safetyoff,3,5,126976.0,57.26666666666668
sdhppo_full_safetyoff,3,6,151552.0,54.766666666666666
sdhppo_full_safetyoff,3,7,176128.0,49.93333333333333
sdhppo_full_safetyoff,3,8,200704.0,49.03333333333333
sdhppo_full_safetyoff,3,9,225280.0,49.36666666666667
sdhppo_full_safetyoff,3,10,251904.0,49.4
sdhppo_full_safetyoff,3,11,276480.0,49.56666666666666
sdhppo_full_safetyoff,3,12,301056.0,49.4
sdhppo_full_safetyoff,4,1,26624.0,54.36666666666666
sdhppo_full_safetyoff,4,2,51200.0,53.36666666666665
sdhppo_full_safetyoff,4,3,75776.0,53.83333333333332
sdhppo_full_safetyoff,4,4,100352.0,54.2
sdhppo_full_safetyoff,4,5,126976.0,54.56666666666666
sdhppo_full_safetyoff,4,6,151552.0,54.39999999999999
sdhppo_full_safetyoff,4,7,176128.0,54.66666666666666
sdhppo_full_safetyoff,4,8,200704.0,54.133333333333326
sdhppo_full_safetyoff,4,9,225280.0,54.133333333333326
sdhppo_full_safetyoff,4,10,251904.0,54.06666666666666
sdhppo_full_safetyoff,4,11,276480.0,53.53333333333333
sdhppo_full_safetyoff,4,12,301056.0,53.966666666666654
sdhppo_full_safetyoff,5,1,26624.0,61.89999999999999
sdhppo_full_safetyoff,5,2,51200.0,61.133333333333326
sdhppo_full_safetyoff,5,3,75776.0,59.56666666666667
sdhppo_full_safetyoff,5,4,100352.0,59.766666666666666
sdhppo_full_safetyoff,5,5,126976.0,59.69999999999999
sdhppo_full_safetyoff,5,6,151552.0,53.5
sdhppo_full_safetyoff,5,7,176128.0,52.86666666666666
sdhppo_full_safetyoff,5,8,200704.0,52.93333333333332
sdhppo_full_safetyoff,5,9,225280.0,53.333333333333336
sdhppo_full_safetyoff,5,10,251904.0,54.53333333333333
sdhppo_full_safetyoff,5,11,276480.0,53.53333333333333
sdhppo_full_safetyoff,5,12,301056.0,53.766666666666666
sdhppo_full_safetyoff,6,1,26624.0,65.56666666666666
sdhppo_full_safetyoff,6,2,51200.0,51.73333333333333
sdhppo_full_safetyoff,6,3,75776.0,48.73333333333333
sdhppo_full_safetyoff,6,4,100352.0,48.7
sdhppo_full_safetyoff,6,5,126976.0,49.36666666666667
sdhppo_full_safetyoff,6,6,151552.0,48.69999999999999
sdhppo_full_safetyoff,6,7,176128.0,48.83333333333332
sdhppo_full_safetyoff,6,8,200704.0,48.266666666666666
sdhppo_full_safetyoff,6,9,225280.0,49.633333333333326
sdhppo_full_safetyoff,6,10,251904.0,49.266666666666666
sdhppo_full_safetyoff,6,11,276480.0,49.46666666666666
sdhppo_full_safetyoff,6,12,301056.0,49.39999999999999
sdhppo_full_safetyoff,7,1,26624.0,58.4
sdhppo_full_safetyoff,7,2,51200.0,58.2
sdhppo_full_safetyoff,7,3,75776.0,51.76666666666666
sdhppo_full_safetyoff,7,4,100352.0,56.56666666666666
sdhppo_full_safetyoff,7,5,126976.0,52.5
sdhppo_full_safetyoff,7,6,151552.0,48.93333333333333
sdhppo_full_safetyoff,7,7,176128.0,53.06666666666667
sdhppo_full_safetyoff,7,8,200704.0,51.4
sdhppo_full_safetyoff,7,9,225280.0,51.19999999999999
sdhppo_full_safetyoff,7,10,251904.0,50.96666666666666
sdhppo_full_safetyoff,7,11,276480.0,51.26666666666666
sdhppo_full_safetyoff,7,12,301056.0,51.36666666666666
sdhppo_full_safetyoff,8,1,26624.0,61.23333333333333
sdhppo_full_safetyoff,8,2,51200.0,60.43333333333333
sdhppo_full_safetyoff,8,3,75776.0,62.76666666666666
sdhppo_full_safetyoff,8,4,100352.0,61.133333333333326
sdhppo_full_safetyoff,8,5,126976.0,61.09999999999999
sdhppo_full_safetyoff,8,6,151552.0,64.16666666666664
sdhppo_full_safetyoff,8,7,176128.0,63.03333333333333
sdhppo_full_safetyoff,8,8,200704.0,63.366666666666646
sdhppo_full_safetyoff,8,9,225280.0,62.96666666666665
sdhppo_full_safetyoff,8,10,251904.0,62.43333333333333
sdhppo_full_safetyoff,8,11,276480.0,63.2
sdhppo_full_safetyoff,8,12,301056.0,61.26666666666666
sdhppo_full_safetyoff,9,1,26624.0,63.33333333333333
sdhppo_full_safetyoff,9,2,51200.0,57.9
sdhppo_full_safetyoff,9,3,75776.0,57.36666666666667
sdhppo_full_safetyoff,9,4,100352.0,53.0
sdhppo_full_safetyoff,9,5,126976.0,52.33333333333333
sdhppo_full_safetyoff,9,6,151552.0,49.4
sdhppo_full_safetyoff,9,7,176128.0,49.43333333333332
sdhppo_full_safetyoff,9,8,200704.0,49.16666666666666
sdhppo_full_safetyoff,9,9,225280.0,49.49999999999999
sdhppo_full_safetyoff,9,10,251904.0,49.33333333333332
sdhppo_full_safetyoff,9,11,276480.0,50.39999999999999
sdhppo_full_safetyoff,9,12,301056.0,50.13333333333333
sdhppo_full_safetyon,0,1,26624.0,46.6
sdhppo_full_safetyon,0,2,51200.0,44.83333333333333
sdhppo_full_safetyon,0,3,75776.0,45.1
sdhppo_full_safetyon,0,4,100352.0,42.266666666666666
sdhppo_full_safetyon,0,5,126976.0,46.26666666666666
sdhppo_full_safetyon,0,6,151552.0,47.06666666666666
sdhppo_full_safetyon,0,7,176128.0,46.7
sdhppo_full_safetyon,0,8,200704.0,47.7
sdhppo_full_safetyon,0,9,225280.0,47.2
sdhppo_full_safetyon,0,10,251904.0,44.03333333333333
sdhppo_full_safetyon,0,11,276480.0,45.96666666666666
sdhppo_full_safetyon,0,12,301056.0,42.96666666666666
sdhppo_full_safetyon,1,1,26624.0,39.2
sdhppo_full_safetyon,1,2,51200.0,42.29999999999999
sdhppo_full_safetyon,1,3,75776.0,42.53333333333333
sdhppo_full_safetyon,1,4,100352.0,43.99999999999999
sdhppo_full_safetyon,1,5,126976.0,45.36666666666666
sdhppo_full_safetyon,1,6,151552.0,47.1
sdhppo_full_safetyon,1,7,176128.0,46.56666666666666
sdhppo_full_safetyon,1,8,200704.0,46.0
sdhppo_full_safetyon,1,9,225280.0,45.86666666666666
sdhppo_full_safetyon,1,10,251904.0,47.03333333333333
sdhppo_full_safetyon,1,11,276480.0,48.6
sdhppo_full_safetyon,1,12,301056.0,48.49999999999999
sdhppo_full_safetyon,10,1,26624.0,43.43333333333332
sdhppo_full_safetyon,10,2,51200.0,44.2
sdhppo_full_safetyon,10,3,75776.0,44.7
sdhppo_full_safetyon,10,4,100352.0,46.400000000000006
sdhppo_full_safetyon,10,5,126976.0,46.83333333333333
sdhppo_full_safetyon,10,6,151552.0,48.76666666666666
sdhppo_full_safetyon,10,7,176128.0,49.266666666666666
sdhppo_full_safetyon,10,8,200704.0,48.96666666666666
sdhppo_full_safetyon,10,9,225280.0,48.43333333333333
sdhppo_full_safetyon,10,10,251904.0,45.03333333333333
sdhppo_full_safetyon,10,11,276480.0,42.9
sdhppo_full_safetyon,10,12,301056.0,45.66666666666666
sdhppo_full_safetyon,11,1,26624.0,43.86666666666667
sdhppo_full_safetyon,11,2,51200.0,43.9
sdhppo_full_safetyon,11,3,75776.0,42.46666666666667
sdhppo_full_safetyon,11,4,100352.0,43.36666666666667
sdhppo_full_safetyon,11,5,126976.0,44.46666666666667
sdhppo_full_safetyon,11,6,151552.0,43.66666666666666
sdhppo_full_safetyon,11,7,176128.0,43.3
sdhppo_full_safetyon,11,8,200704.0,42.766666666666666
sdhppo_full_safetyon,11,9,225280.0,43.43333333333333
sdhppo_full_safetyon,11,10,251904.0,42.96666666666666
sdhppo_full_safetyon,11,11,276480.0,41.73333333333334
sdhppo_full_safetyon,11,12,301056.0,43.9
sdhppo_full_safetyon,12,1,26624.0,45.3
sdhppo_full_safetyon,12,2,51200.0,44.36666666666667
sdhppo_full_safetyon,12,3,75776.0,44.5
sdhppo_full_safetyon,12,4,100352.0,43.8
sdhppo_full_safetyon,12,5,126976.0,44.86666666666666
sdhppo_full_safetyon,12,6,151552.0,44.56666666666666
sdhppo_full_safetyon,12,7,176128.0,45.56666666666666
sdhppo_full_safetyon,12,8,200704.0,49.46666666666666
sdhppo_full_safetyon,12,9,225280.0,51.73333333333333
sdhppo_full_safetyon,12,10,251904.0,51.83333333333333
sdhppo_full_safetyon,12,11,276480.0,51.5
sdhppo_full_safetyon,12,12,301056.0,50.43333333333333
sdhppo_full_safetyon,13,1,26624.0,38.43333333333333
sdhppo_full_safetyon,13,2,51200.0,36.266666666666666
sdhppo_full_safetyon,13,3,75776.0,41.4
sdhppo_full_safetyon,13,4,100352.0,41.8
sdhppo_full_safetyon,13,5,126976.0,41.49999999999999
sdhppo_full_safetyon,13,6,151552.0,43.3
sdhppo_full_safetyon,13,7,176128.0,44.33333333333332
sdhppo_full_safetyon,13,8,200704.0,43.03333333333333
sdhppo_full_safetyon,13,9,225280.0,43.633333333333326
sdhppo_full_safetyon,13,10,251904.0,43.56666666666666
sdhppo_full_safetyon,13,11,276480.0,43.23333333333332
sdhppo_full_safetyon,13,12,301056.0,43.1
sdhppo_full_safetyon,14,1,26624.0,40.26666666666666
sdhppo_full_safetyon,14,2,51200.0,43.96666666666667
sdhppo_full_safetyon,14,3,75776.0,44.43333333333332
sdhppo_full_safetyon,14,4,100352.0,44.53333333333333
sdhppo_full_safetyon,14,5,126976.0,46.96666666666666
sdhppo_full_safetyon,14,6,151552.0,48.03333333333333
sdhppo_full_safetyon,14,7,176128.0,48.53333333333333
sdhppo_full_safetyon,14,8,200704.0,48.766666666666666
sdhppo_full_safetyon,14,9,225280.0,48.66666666666666
sdhppo_full_safetyon,14,10,251904.0,49.03333333333333
sdhppo_full_safetyon,14,11,276480.0,49.19999999999999
sdhppo_full_safetyon,14,12,301056.0,49.03333333333333
sdhppo_full_safetyon,15,1,26624.0,47.7
sdhppo_full_safetyon,15,2,51200.0,43.83333333333333
sdhppo_full_safetyon,15,3,75776.0,45.56666666666666
sdhppo_full_safetyon,15,4,100352.0,41.23333333333334
sdhppo_full_safetyon,15,5,126976.0,41.266666666666666
sdhppo_full_safetyon,15,6,151552.0,42.36666666666666
sdhppo_full_safetyon,15,7,176128.0,44.86666666666666
sdhppo_full_safetyon,15,8,200704.0,44.9
sdhppo_full_safetyon,15,9,225280.0,45.56666666666666
sdhppo_full_safetyon,15,10,251904.0,46.63333333333334
sdhppo_full_safetyon,15,11,276480.0,44.99999999999999
sdhppo_full_safetyon,15,12,301056.0,45.4
sdhppo_full_safetyon,16,1,26624.0,35.099999999999994
sdhppo_full_safetyon,16,2,51200.0,36.333333333333336
sdhppo_full_safetyon,16,3,75776.0,37.96666666666667
sdhppo_full_safetyon,16,4,100352.0,37.23333333333333
sdhppo_full_safetyon,16,5,126976.0,39.2
sdhppo_full_safetyon,16,6,151552.0,41.19999999999999
sdhppo_full_safetyon,16,7,176128.0,40.63333333333333
sdhppo_full_safetyon,16,8,200704.0,39.66666666666666
sdhppo_full_safetyon,16,9,225280.0,38.56666666666666
sdhppo_full_safetyon,16,10,251904.0,40.06666666666666
sdhppo_full_safetyon,16,11,276480.0,39.266666666666666
sdhppo_full_safetyon,16,12,301056.0,39.333333333333336
sdhppo_full_safetyon,17,1,26624.0,39.633333333333326
sdhppo_full_safetyon,17,2,51200.0,36.133333333333326
sdhppo_full_safetyon,17,3,75776.0,39.46666666666666
sdhppo_full_safetyon,17,4,100352.0,44.66666666666666
sdhppo_full_safetyon,17,5,126976.0,45.03333333333333
sdhppo_full_safetyon,17,6,151552.0,45.59999999999999
sdhppo_full_safetyon,17,7,176128.0,48.73333333333333
sdhppo_full_safetyon,17,8,200704.0,47.79999999999999
sdhppo_full_safetyon,17,9,225280.0,45.53333333333333
sdhppo_full_safetyon,17,10,251904.0,47.29999999999998
sdhppo_full_safetyon,17,11,276480.0,48.66666666666666
sdhppo_full_safetyon,17,12,301056.0,47.133333333333326
sdhppo_full_safetyon,18,1,26624.0,33.76666666666666
sdhppo_full_safetyon,18,2,51200.0,34.29999999999999
sdhppo_full_safetyon,18,3,75776.0,39.23333333333333
sdhppo_full_safetyon,18,4,100352.0,36.03333333333333
sdhppo_full_safetyon,18,5,126976.0,34.93333333333333
sdhppo_full_safetyon,18,6,151552.0,35.99999999999999
sdhppo_full_safetyon,18,7,176128.0,39.900000000000006
sdhppo_full_safetyon,18,8,200704.0,39.03333333333333
sdhppo_full_safetyon,18,9,225280.0,35.766666666666666
sdhppo_full_safetyon,18,10,251904.0,33.2
sdhppo_full_safetyon,18,11,276480.0,34.8
sdhppo_full_safetyon,18,12,301056.0,43.133333333333326
sdhppo_full_safetyon,19,1,26624.0,45.86666666666666
sdhppo_full_safetyon,19,2,51200.0,47.5
sdhppo_full_safetyon,19,3,75776.0,48.73333333333333
sdhppo_full_safetyon,19,4,100352.0,48.5
sdhppo_full_safetyon,19,5,126976.0,49.06666666666666
sdhppo_full_safetyon,19,6,151552.0,50.26666666666666
sdhppo_full_safetyon,19,7,176128.0,50.16666666666666
sdhppo_full_safetyon,19,8,200704.0,51.06666666666666
sdhppo_full_safetyon,19,9,225280.0,53.3
sdhppo_full_safetyon,19,10,251904.0,54.06666666666666
sdhppo_full_safetyon,19,11,276480.0,54.2
sdhppo_full_safetyon,19,12,301056.0,53.13333333333332
sdhppo_full_safetyon,2,1,26624.0,41.79999999999999
sdhppo_full_safetyon,2,2,51200.0,43.2
sdhppo_full_safetyon,2,3,75776.0,41.266666666666666
sdhppo_full_safetyon,2,4,100352.0,43.4
sdhppo_full_safetyon,2,5,126976.0,45.23333333333333
sdhppo_full_safetyon,2,6,151552.0,45.06666666666666
sdhppo_full_safetyon,2,7,176128.0,42.66666666666666
sdhppo_full_safetyon,2,8,200704.0,40.9
sdhppo_full_safetyon,2,9,225280.0,42.6
sdhppo_full_safetyon,2,10,251904.0,36.23333333333333
sdhppo_full_safetyon,2,11,276480.0,36.73333333333333
sdhppo_full_safetyon,2,12,301056.0,39.6
sdhppo_full_safetyon,3,1,26624.0,41.2
sdhppo_full_safetyon,3,2,51200.0,37.1
sdhppo_full_safetyon,3,3,75776.0,44.49999999999999
sdhppo_full_safetyon,3,4,100352.0,42.73333333333332
sdhppo_full_safetyon,3,5,126976.0,46.29999999999999
sdhppo_full_safetyon,3,6,151552.0,47.99999999999999
sdhppo_full_safetyon,3,7,176128.0,47.03333333333333
sdhppo_full_safetyon,3,8,200704.0,48.133333333333326
sdhppo_full_safetyon,3,9,225280.0,46.46666666666666
sdhppo_full_safetyon,3,10,251904.0,47.33333333333333
sdhppo_full_safetyon,3,11,276480.0,46.83333333333333
sdhppo_full_safetyon,3,12,301056.0,48.2
sdhppo_full_safetyon,4,1,26624.0,43.33333333333333
sdhppo_full_safetyon,4,2,51200.0,45.9
sdhppo_full_safetyon,4,3,75776.0,44.333333333333336
sdhppo_full_safetyon,4,4,100352.0,44.0
sdhppo_full_safetyon,4,5,126976.0,45.76666666666666
sdhppo_full_safetyon,4,6,151552.0,44.16666666666666
sdhppo_full_safetyon,4,7,176128.0,41.266666666666666
sdhppo_full_safetyon,4,8,200704.0,40.8
sdhppo_full_safetyon,4,9,225280.0,42.333333333333336
sdhppo_full_safetyon,4,10,251904.0,46.96666666666667
sdhppo_full_safetyon,4,11,276480.0,46.79999999999999
sdhppo_full_safetyon,4,12,301056.0,46.63333333333334
sdhppo_full_safetyon,5,1,26624.0,36.73333333333333
sdhppo_full_safetyon,5,2,51200.0,38.63333333333333
sdhppo_full_safetyon,5,3,75776.0,42.4
sdhppo_full_safetyon,5,4,100352.0,43.23333333333333
sdhppo_full_safetyon,5,5,126976.0,41.13333333333333
sdhppo_full_safetyon,5,6,151552.0,35.9
sdhppo_full_safetyon,5,7,176128.0,39.06666666666666
sdhppo_full_safetyon,5,8,200704.0,38.8
sdhppo_full_safetyon,5,9,225280.0,39.03333333333333
sdhppo_full_safetyon,5,10,251904.0,36.4
sdhppo_full_safetyon,5,11,276480.0,38.1
sdhppo_full_safetyon,5,12,301056.0,38.46666666666666
sdhppo_full_safetyon,6,1,26624.0,39.96666666666666
sdhppo_full_safetyon,6,2,51200.0,40.06666666666666
sdhppo_full_safetyon,6,3,75776.0,43.23333333333332
sdhppo_full_safetyon,6,4,100352.0,44.56666666666666
sdhppo_full_safetyon,6,5,126976.0,43.03333333333333
sdhppo_full_safetyon,6,6,151552.0,41.86666666666666
sdhppo_full_safetyon,6,7,176128.0,38.96666666666666
sdhppo_full_safetyon,6,8,200704.0,38.36666666666667
sdhppo_full_safetyon,6,9,225280.0,31.466666666666672
sdhppo_full_safetyon,6,10,251904.0,32.36666666666666
sdhppo_full_safetyon,6,11,276480.0,41.03333333333333
sdhppo_full_safetyon,6,12,301056.0,39.86666666666666
sdhppo_full_safetyon,7,1,26624.0,47.96666666666667
sdhppo_full_safetyon,7,2,51200.0,42.96666666666666
sdhppo_full_safetyon,7,3,75776.0,39.83333333333333
sdhppo_full_safetyon,7,4,100352.0,38.23333333333333
sdhppo_full_safetyon,7,5,126976.0,40.96666666666667
sdhppo_full_safetyon,7,6,151552.0,41.4
sdhppo_full_safetyon,7,7,176128.0,43.96666666666667
sdhppo_full_safetyon,7,8,200704.0,44.33333333333332
sdhppo_full_safetyon,7,9,225280.0,44.23333333333333
sdhppo_full_safetyon,7,10,251904.0,41.4
sdhppo_full_safetyon,7,11,276480.0,41.99999999999999
sdhppo_full_safetyon,7,12,301056.0,45.7
sdhppo_full_safetyon,8,1,26624.0,48.3
sdhppo_full_safetyon,8,2,51200.0,47.13333333333334
sdhppo_full_safetyon,8,3,75776.0,49.39999999999999
sdhppo_full_safetyon,8,4,100352.0,50.26666666666666
sdhppo_full_safetyon,8,5,126976.0,50.73333333333333
sdhppo_full_safetyon,8,6,151552.0,50.36666666666666
sdhppo_full_safetyon,8,7,176128.0,51.46666666666666
sdhppo_full_safetyon,8,8,200704.0,50.53333333333333
sdhppo_full_safetyon,8,9,225280.0,50.13333333333333
sdhppo_full_safetyon,8,10,251904.0,49.89999999999999
sdhppo_full_safetyon,8,11,276480.0,45.96666666666666
sdhppo_full_safetyon,8,12,301056.0,44.33333333333333
sdhppo_full_safetyon,9,1,26624.0,39.76666666666666
sdhppo_full_safetyon,9,2,51200.0,40.2
sdhppo_full_safetyon,9,3,75776.0,36.96666666666666
sdhppo_full_safetyon,9,4,100352.0,37.63333333333333
sdhppo_full_safetyon,9,5,126976.0,36.4
sdhppo_full_safetyon,9,6,151552.0,34.63333333333333
sdhppo_full_safetyon,9,7,176128.0,31.266666666666666
sdhppo_full_safetyon,9,8,200704.0,36.5
sdhppo_full_safetyon,9,9,225280.0,35.06666666666666
sdhppo_full_safetyon,9,10,251904.0,33.93333333333334
sdhppo_full_safetyon,9,11,276480.0,33.86666666666666
sdhppo_full_safetyon,9,12,301056.0,34.9
sdhppo_no_dueling_safetyoff,0,1,26624.0,54.46666666666668
sdhppo_no_dueling_safetyoff,0,2,51200.0,52.63333333333332
sdhppo_no_dueling_safetyoff,0,3,75776.0,52.5
sdhppo_no_dueling_safetyoff,0,4,100352.0,53.06666666666666
sdhppo_no_dueling_safetyoff,0,5,126976.0,52.86666666666665
sdhppo_no_dueling_safetyoff,0,6,151552.0,52.6
sdhppo_no_dueling_safetyoff,0,7,176128.0,53.33333333333332
sdhppo_no_dueling_safetyoff,0,8,200704.0,52.7
sdhppo_no_dueling_safetyoff,0,9,225280.0,52.86666666666666
sdhppo_no_dueling_safetyoff,0,10,251904.0,52.96666666666666
sdhppo_no_dueling_safetyoff,0,11,276480.0,53.16666666666666
sdhppo_no_dueling_safetyoff,0,12,301056.0,52.56666666666666
sdhppo_no_dueling_safetyoff,1,1,26624.0,60.36666666666666
sdhppo_no_dueling_safetyoff,1,2,51200.0,55.266666666666666
sdhppo_no_dueling_safetyoff,1,3,75776.0,53.66666666666666
sdhppo_no_dueling_safetyoff,1,4,100352.0,54.23333333333332
sdhppo_no_dueling_safetyoff,1,5,126976.0,52.96666666666666
sdhppo_no_dueling_safetyoff,1,6,151552.0,50.59999999999999
sdhppo_no_dueling_safetyoff,1,7,176128.0,52.73333333333332
sdhppo_no_dueling_safetyoff,1,8,200704.0,50.99999999999999
sdhppo_no_dueling_safetyoff,1,9,225280.0,50.96666666666666
sdhppo_no_dueling_safetyoff,1,10,251904.0,52.66666666666666
sdhppo_no_dueling_safetyoff,1,11,276480.0,48.79999999999999
sdhppo_no_dueling_safetyoff,1,12,301056.0,50.7
sdhppo_no_dueling_safetyoff,10,1,26624.0,66.23333333333332
sdhppo_no_dueling_safetyoff,10,2,51200.0,65.49999999999999
sdhppo_no_dueling_safetyoff,10,3,75776.0,61.9
sdhppo_no_dueling_safetyoff,10,4,100352.0,58.03333333333333
sdhppo_no_dueling_safetyoff,10,5,126976.0,60.23333333333333
sdhppo_no_dueling_safetyoff,10,6,151552.0,57.06666666666666
sdhppo_no_dueling_safetyoff,10,7,176128.0,55.53333333333333
sdhppo_no_dueling_safetyoff,10,8,200704.0,55.7
sdhppo_no_dueling_safetyoff,10,9,225280.0,55.7
sdhppo_no_dueling_safetyoff,10,10,251904.0,55.16666666666666
sdhppo_no_dueling_safetyoff,10,11,276480.0,55.50000000000001
sdhppo_no_dueling_safetyoff,10,12,301056.0,55.23333333333332
sdhppo_no_dueling_safetyoff,11,1,26624.0,66.10000000000001
sdhppo_no_dueling_safetyoff,11,2,51200.0,65.4
sdhppo_no_dueling_safetyoff,11,3,75776.0,65.9
sdhppo_no_dueling_safetyoff,11,4,100352.0,63.2
sdhppo_no_dueling_safetyoff,11,5,126976.0,63.2
sdhppo_no_dueling_safetyoff,11,6,151552.0,58.633333333333326
sdhppo_no_dueling_safetyoff,11,7,176128.0,57.1
sdhppo_no_dueling_safetyoff,11,8,200704.0,57.3
sdhppo_no_dueling_safetyoff,11,9,225280.0,57.46666666666667
sdhppo_no_dueling_safetyoff,11,10,251904.0,56.6
sdhppo_no_dueling_safetyoff,11,11,276480.0,56.633333333333326
sdhppo_no_dueling_safetyoff,11,12,301056.0,56.93333333333332
sdhppo_no_dueling_safetyoff,12,1,26624.0,58.66666666666666
sdhppo_no_dueling_safetyoff,12,2,51200.0,56.3
sdhppo_no_dueling_safetyoff,12,3,75776.0,53.53333333333333
sdhppo_no_dueling_safetyoff,12,4,100352.0,55.1
sdhppo_no_dueling_safetyoff,12,5,126976.0,55.966666666666654
sdhppo_no_dueling_safetyoff,12,6,151552.0,52.43333333333332
sdhppo_no_dueling_safetyoff,12,7,176128.0,55.26666666666665
sdhppo_no_dueling_safetyoff,12,8,200704.0,56.633333333333326
sdhppo_no_dueling_safetyoff,12,9,225280.0,58.73333333333333
sdhppo_no_dueling_safetyoff,12,10,251904.0,56.3
sdhppo_no_dueling_safetyoff,12,11,276480.0,54.6
sdhppo_no_dueling_safetyoff,12,12,301056.0,51.96666666666665
sdhppo_no_dueling_safetyoff,13,1,26624.0,49.43333333333332
sdhppo_no_dueling_safetyoff,13,2,51200.0,49.19999999999999
sdhppo_no_dueling_safetyoff,13,3,75776.0,49.53333333333333
sdhppo_no_dueling_safetyoff,13,4,100352.0,48.56666666666666
sdhppo_no_dueling_safetyoff,13,5,126976.0,49.96666666666666
sdhppo_no_dueling_safetyoff,13,6,151552.0,48.06666666666666
sdhppo_no_dueling_safetyoff,13,7,176128.0,48.6
sdhppo_no_dueling_safetyoff,13,8,200704.0,49.266666666666666
sdhppo_no_dueling_safetyoff,13,9,225280.0,47.89999999999999
sdhppo_no_dueling_safetyoff,13,10,251904.0,47.13333333333333
sdhppo_no_dueling_safetyoff,13,11,276480.0,47.73333333333333
sdhppo_no_dueling_safetyoff,13,12,301056.0,46.96666666666666
sdhppo_no_dueling_safetyoff,14,1,26624.0,57.8
sdhppo_no_dueling_safetyoff,14,2,51200.0,58.96666666666667
sdhppo_no_dueling_safetyoff,14,3,75776.0,59.29999999999998
sdhppo_no_dueling_safetyoff,14,4,100352.0,59.73333333333333
sdhppo_no_dueling_safetyoff,14,5,126976.0,59.566666666666656
sdhppo_no_dueling_safetyoff,14,6,151552.0,59.633333333333326
sdhppo_no_dueling_safetyoff,14,7,176128.0,57.93333333333332
sdhppo_no_dueling_safetyoff,14,8,200704.0,59.633333333333326
sdhppo_no_dueling_safetyoff,14,9,225280.0,59.066666666666656
sdhppo_no_dueling_safetyoff,14,10,251904.0,50.53333333333333
sdhppo_no_dueling_safetyoff,14,11,276480.0,50.69999999999999
sdhppo_no_dueling_safetyoff,14,12,301056.0,49.06666666666666
sdhppo_no_dueling_safetyoff,15,1,26624.0,58.76666666666668
sdhppo_no_dueling_safetyoff,15,2,51200.0,54.16666666666665
sdhppo_no_dueling_safetyoff,15,3,75776.0,50.59999999999999
sdhppo_no_dueling_safetyoff,15,4,100352.0,49.83333333333332
sdhppo_no_dueling_safetyoff,15,5,126976.0,50.4
sdhppo_no_dueling_safetyoff,15,6,151552.0,49.89999999999999
sdhppo_no_dueling_safetyoff,15,7,176128.0,49.43333333333333
sdhppo_no_dueling_safetyoff,15,8,200704.0,49.66666666666666
sdhppo_no_dueling_safetyoff,15,9,225280.0,49.83333333333333
sdhppo_no_dueling_safetyoff,15,10,251904.0,49.6
sdhppo_no_dueling_safetyoff,15,11,276480.0,50.46666666666666
sdhppo_no_dueling_safetyoff,15,12,301056.0,49.43333333333333
sdhppo_no_dueling_safetyoff,16,1,26624.0,65.83333333333331
sdhppo_no_dueling_safetyoff,16,2,51200.0,64.46666666666665
sdhppo_no_dueling_safetyoff,16,3,75776.0,61.83333333333333
sdhppo_no_dueling_safetyoff,16,4,100352.0,62.56666666666665
sdhppo_no_dueling_safetyoff,16,5,126976.0,65.86666666666665
sdhppo_no_dueling_safetyoff,16,6,151552.0,59.83333333333333
sdhppo_no_dueling_safetyoff,16,7,176128.0,59.3
sdhppo_no_dueling_safetyoff,16,8,200704.0,60.8
sdhppo_no_dueling_safetyoff,16,9,225280.0,62.16666666666665
sdhppo_no_dueling_safetyoff,16,10,251904.0,60.53333333333333
sdhppo_no_dueling_safetyoff,16,11,276480.0,59.53333333333333
sdhppo_no_dueling_safetyoff,16,12,301056.0,54.3
sdhppo_no_dueling_safetyoff,17,1,26624.0,61.4
sdhppo_no_dueling_safetyoff,17,2,51200.0,62.66666666666666
sdhppo_no_dueling_safetyoff,17,3,75776.0,60.23333333333333
sdhppo_no_dueling_safetyoff,17,4,100352.0,59.93333333333333
sdhppo_no_dueling_safetyoff,17,5,126976.0,57.03333333333333
sdhppo_no_dueling_safetyoff,17,6,151552.0,56.86666666666667
sdhppo_no_dueling_safetyoff,17,7,176128.0,57.16666666666666
sdhppo_no_dueling_safetyoff,17,8,200704.0,57.266666666666666
sdhppo_no_dueling_safetyoff,17,9,225280.0,59.06666666666667
sdhppo_no_dueling_safetyoff,17,10,251904.0,57.33333333333333
sdhppo_no_dueling_safetyoff,17,11,276480.0,57.33333333333333
sdhppo_no_dueling_safetyoff,17,12,301056.0,55.73333333333332
sdhppo_no_dueling_safetyoff,18,1,26624.0,61.066666666666656
sdhppo_no_dueling_safetyoff,18,2,51200.0,53.2
sdhppo_no_dueling_safetyoff,18,3,75776.0,49.73333333333333
sdhppo_no_dueling_safetyoff,18,4,100352.0,48.56666666666666
sdhppo_no_dueling_safetyoff,18,5,126976.0,48.69999999999999
sdhppo_no_dueling_safetyoff,18,6,151552.0,48.66666666666666
sdhppo_no_dueling_safetyoff,18,7,176128.0,48.96666666666666
sdhppo_no_dueling_safetyoff,18,8,200704.0,48.29999999999999
sdhppo_no_dueling_safetyoff,18,9,225280.0,48.66666666666666
sdhppo_no_dueling_safetyoff,18,10,251904.0,48.7
sdhppo_no_dueling_safetyoff,18,11,276480.0,48.03333333333333
sdhppo_no_dueling_safetyoff,18,12,301056.0,48.56666666666666
sdhppo_no_dueling_safetyoff,19,1,26624.0,79.76666666666667
sdhppo_no_dueling_safetyoff,19,2,51200.0,81.8
sdhppo_no_dueling_safetyoff,19,3,75776.0,80.86666666666666
sdhppo_no_dueling_safetyoff,19,4,100352.0,79.53333333333332
sdhppo_no_dueling_safetyoff,19,5,126976.0,80.46666666666667
sdhppo_no_dueling_safetyoff,19,6,151552.0,80.63333333333333
sdhppo_no_dueling_safetyoff,19,7,176128.0,80.43333333333332
sdhppo_no_dueling_safetyoff,19,8,200704.0,80.5
sdhppo_no_dueling_safetyoff,19,9,225280.0,80.36666666666665
sdhppo_no_dueling_safetyoff,19,10,251904.0,75.2
sdhppo_no_dueling_safetyoff,19,11,276480.0,75.3
sdhppo_no_dueling_safetyoff,19,12,301056.0,69.29999999999998
sdhppo_no_dueling_safetyoff,2,1,26624.0,57.16666666666666
sdhppo_no_dueling_safetyoff,2,2,51200.0,53.53333333333333
sdhppo_no_dueling_safetyoff,2,3,75776.0,55.2
sdhppo_no_dueling_safetyoff,2,4,100352.0,52.6
sdhppo_no_dueling_safetyoff,2,5,126976.0,52.13333333333332
sdhppo_no_dueling_safetyoff,2,6,151552.0,51.73333333333333
sdhppo_no_dueling_safetyoff,2,7,176128.0,51.23333333333333
sdhppo_no_dueling_safetyoff,2,8,200704.0,51.33333333333333
sdhppo_no_dueling_safetyoff,2,9,225280.0,50.73333333333333
sdhppo_no_dueling_safetyoff,2,10,251904.0,50.96666666666667
sdhppo_no_dueling_safetyoff,2,11,276480.0,51.7
sdhppo_no_dueling_safetyoff,2,12,301056.0,51.96666666666665
sdhppo_no_dueling_safetyoff,3,1,26624.0,63.13333333333333
sdhppo_no_dueling_safetyoff,3,2,51200.0,59.46666666666668
sdhppo_no_dueling_safetyoff,3,3,75776.0,57.49999999999999
sdhppo_no_dueling_safetyoff,3,4,100352.0,57.66666666666666
sdhppo_no_dueling_safetyoff,3,5,126976.0,57.43333333333332
sdhppo_no_dueling_safetyoff,3,6,151552.0,57.833333333333336
sdhppo_no_dueling_safetyoff,3,7,176128.0,58.06666666666666
sdhppo_no_dueling_safetyoff,3,8,200704.0,57.56666666666666
sdhppo_no_dueling_safetyoff,3,9,225280.0,57.3
sdhppo_no_dueling_safetyoff,3,10,251904.0,57.4
sdhppo_no_dueling_safetyoff,3,11,276480.0,57.16666666666666
sdhppo_no_dueling_safetyoff,3,12,301056.0,57.4
sdhppo_no_dueling_safetyoff,4,1,26624.0,55.633333333333326
sdhppo_no_dueling_safetyoff,4,2,51200.0,54.16666666666666
sdhppo_no_dueling_safetyoff,4,3,75776.0,54.23333333333332
sdhppo_no_dueling_safetyoff,4,4,100352.0,54.03333333333333
sdhppo_no_dueling_safetyoff,4,5,126976.0,55.03333333333333
sdhppo_no_dueling_safetyoff,4,6,151552.0,52.93333333333332
sdhppo_no_dueling_safetyoff,4,7,176128.0,53.43333333333332
sdhppo_no_dueling_safetyoff,4,8,200704.0,53.0
sdhppo_no_dueling_safetyoff,4,9,225280.0,53.03333333333333
sdhppo_no_dueling_safetyoff,4,10,251904.0,52.33333333333332
sdhppo_no_dueling_safetyoff,4,11,276480.0,50.56666666666666
sdhppo_no_dueling_safetyoff,4,12,301056.0,49.23333333333332
sdhppo_no_dueling_safetyoff,5,1,26624.0,65.33333333333331
sdhppo_no_dueling_safetyoff,5,2,51200.0,62.5
sdhppo_no_dueling_safetyoff,5,3,75776.0,60.4
sdhppo_no_dueling_safetyoff,5,4,100352.0,59.133333333333326
sdhppo_no_dueling_safetyoff,5,5,126976.0,58.399999999999984
sdhppo_no_dueling_safetyoff,5,6,151552.0,59.766666666666666
sdhppo_no_dueling_safetyoff,5,7,176128.0,59.19999999999999
sdhppo_no_dueling_safetyoff,5,8,200704.0,53.266666666666666
sdhppo_no_dueling_safetyoff,5,9,225280.0,53.5
sdhppo_no_dueling_safetyoff,5,10,251904.0,53.0
sdhppo_no_dueling_safetyoff,5,11,276480.0,53.66666666666666
sdhppo_no_dueling_safetyoff,5,12,301056.0,52.6
sdhppo_no_dueling_safetyoff,6,1,26624.0,58.86666666666668
sdhppo_no_dueling_safetyoff,6,2,51200.0,49.86666666666667
sdhppo_no_dueling_safetyoff,6,3,75776.0,48.266666666666666
sdhppo_no_dueling_safetyoff,6,4,100352.0,46.83333333333333
sdhppo_no_dueling_safetyoff,6,5,126976.0,48.6
sdhppo_no_dueling_safetyoff,6,6,151552.0,48.6
sdhppo_no_dueling_safetyoff,6,7,176128.0,48.53333333333333
sdhppo_no_dueling_safetyoff,6,8,200704.0,48.53333333333333
sdhppo_no_dueling_safetyoff,6,9,225280.0,49.29999999999999
sdhppo_no_dueling_safetyoff,6,10,251904.0,48.16666666666666
sdhppo_no_dueling_safetyoff,6,11,276480.0,48.633333333333326
sdhppo_no_dueling_safetyoff,6,12,301056.0,46.7
sdhppo_no_dueling_safetyoff,7,1,26624.0,53.73333333333332
sdhppo_no_dueling_safetyoff,7,2,51200.0,51.53333333333333
sdhppo_no_dueling_safetyoff,7,3,75776.0,49.7
sdhppo_no_dueling_safetyoff,7,4,100352.0,49.83333333333333
sdhppo_no_dueling_safetyoff,7,5,126976.0,50.79999999999999
sdhppo_no_dueling_safetyoff,7,6,151552.0,51.29999999999999
sdhppo_no_dueling_safetyoff,7,7,176128.0,50.56666666666666
sdhppo_no_dueling_safetyoff,7,8,200704.0,51.19999999999999
sdhppo_no_dueling_safetyoff,7,9,225280.0,51.06666666666666
sdhppo_no_dueling_safetyoff,7,10,251904.0,49.5
sdhppo_no_dueling_safetyoff,7,11,276480.0,58.6
sdhppo_no_dueling_safetyoff,7,12,301056.0,62.93333333333333
sdhppo_no_dueling_safetyoff,8,1,26624.0,58.5
sdhppo_no_dueling_safetyoff,8,2,51200.0,60.03333333333333
sdhppo_no_dueling_safetyoff,8,3,75776.0,65.33333333333331
sdhppo_no_dueling_safetyoff,8,4,100352.0,64.76666666666665
sdhppo_no_dueling_safetyoff,8,5,126976.0,65.33333333333331
sdhppo_no_dueling_safetyoff,8,6,151552.0,65.26666666666665
sdhppo_no_dueling_safetyoff,8,7,176128.0,65.16666666666666
sdhppo_no_dueling_safetyoff,8,8,200704.0,65.33333333333331
sdhppo_no_dueling_safetyoff,8,9,225280.0,65.36666666666665
sdhppo_no_dueling_safetyoff,8,10,251904.0,65.36666666666665
sdhppo_no_dueling_safetyoff,8,11,276480.0,65.53333333333332
sdhppo_no_dueling_safetyoff,8,12,301056.0,65.36666666666665
sdhppo_no_dueling_safetyoff,9,1,26624.0,62.46666666666666
sdhppo_no_dueling_safetyoff,9,2,51200.0,59.8
sdhppo_no_dueling_safetyoff,9,3,75776.0,58.266666666666666
sdhppo_no_dueling_safetyoff,9,4,100352.0,55.93333333333332
sdhppo_no_dueling_safetyoff,9,5,126976.0,56.266666666666666
sdhppo_no_dueling_safetyoff,9,6,151552.0,55.7
sdhppo_no_dueling_safetyoff,9,7,176128.0,53.266666666666666
sdhppo_no_dueling_safetyoff,9,8,200704.0,52.43333333333332
sdhppo_no_dueling_safetyoff,9,9,225280.0,52.96666666666666
sdhppo_no_dueling_safetyoff,9,10,251904.0,53.0
sdhppo_no_dueling_safetyoff,9,11,276480.0,52.66666666666667
sdhppo_no_dueling_safetyoff,9,12,301056.0,52.400000000000006
sdhppo_no_dueling_safetyon,0,1,26624.0,43.9
sdhppo_no_dueling_safetyon,0,2,51200.0,47.66666666666666
sdhppo_no_dueling_safetyon,0,3,75776.0,46.86666666666666
sdhppo_no_dueling_safetyon,0,4,100352.0,44.56666666666666
sdhppo_no_dueling_safetyon,0,5,126976.0,44.66666666666666
sdhppo_no_dueling_safetyon,0,6,151552.0,43.06666666666666
sdhppo_no_dueling_safetyon,0,7,176128.0,43.93333333333333
sdhppo_no_dueling_safetyon,0,8,200704.0,45.63333333333333
sdhppo_no_dueling_safetyon,0,9,225280.0,45.6
sdhppo_no_dueling_safetyon,0,10,251904.0,46.59999999999999
sdhppo_no_dueling_safetyon,0,11,276480.0,46.3
sdhppo_no_dueling_safetyon,0,12,301056.0,43.2
sdhppo_no_dueling_safetyon,1,1,26624.0,40.5
sdhppo_no_dueling_safetyon,1,2,51200.0,39.5
sdhppo_no_dueling_safetyon,1,3,75776.0,43.43333333333333
sdhppo_no_dueling_safetyon,1,4,100352.0,42.56666666666666
sdhppo_no_dueling_safetyon,1,5,126976.0,42.1
sdhppo_no_dueling_safetyon,1,6,151552.0,40.1
sdhppo_no_dueling_safetyon,1,7,176128.0,39.73333333333333
sdhppo_no_dueling_safetyon,1,8,200704.0,39.83333333333333
sdhppo_no_dueling_safetyon,1,9,225280.0,40.23333333333333
sdhppo_no_dueling_safetyon,1,10,251904.0,43.73333333333333
sdhppo_no_dueling_safetyon,1,11,276480.0,47.33333333333333
sdhppo_no_dueling_safetyon,1,12,301056.0,46.96666666666666
sdhppo_no_dueling_safetyon,10,1,26624.0,43.8
sdhppo_no_dueling_safetyon,10,2,51200.0,41.7
sdhppo_no_dueling_safetyon,10,3,75776.0,40.7
sdhppo_no_dueling_safetyon,10,4,100352.0,40.03333333333334
sdhppo_no_dueling_safetyon,10,5,126976.0,42.66666666666666
sdhppo_no_dueling_safetyon,10,6,151552.0,41.1
sdhppo_no_dueling_safetyon,10,7,176128.0,34.599999999999994
sdhppo_no_dueling_safetyon,10,8,200704.0,37.96666666666667
sdhppo_no_dueling_safetyon,10,9,225280.0,39.93333333333333
sdhppo_no_dueling_safetyon,10,10,251904.0,40.333333333333336
sdhppo_no_dueling_safetyon,10,11,276480.0,36.9
sdhppo_no_dueling_safetyon,10,12,301056.0,34.599999999999994
sdhppo_no_dueling_safetyon,11,1,26624.0,51.66666666666667
sdhppo_no_dueling_safetyon,11,2,51200.0,41.23333333333334
sdhppo_no_dueling_safetyon,11,3,75776.0,41.73333333333333
sdhppo_no_dueling_safetyon,11,4,100352.0,43.56666666666666
sdhppo_no_dueling_safetyon,11,5,126976.0,43.73333333333333
sdhppo_no_dueling_safetyon,11,6,151552.0,45.9
sdhppo_no_dueling_safetyon,11,7,176128.0,45.7
sdhppo_no_dueling_safetyon,11,8,200704.0,47.766666666666666
sdhppo_no_dueling_safetyon,11,9,225280.0,46.43333333333332
sdhppo_no_dueling_safetyon,11,10,251904.0,48.73333333333333
sdhppo_no_dueling_safetyon,11,11,276480.0,44.23333333333333
sdhppo_no_dueling_safetyon,11,12,301056.0,45.43333333333333
sdhppo_no_dueling_safetyon,12,1,26624.0,48.33333333333333
sdhppo_no_dueling_safetyon,12,2,51200.0,47.53333333333333
sdhppo_no_dueling_safetyon,12,3,75776.0,47.53333333333333
sdhppo_no_dueling_safetyon,12,4,100352.0,46.633333333333326
sdhppo_no_dueling_safetyon,12,5,126976.0,45.16666666666666
sdhppo_no_dueling_safetyon,12,6,151552.0,44.56666666666666
sdhppo_no_dueling_safetyon,12,7,176128.0,45.56666666666666
sdhppo_no_dueling_safetyon,12,8,200704.0,43.9
sdhppo_no_dueling_safetyon,12,9,225280.0,42.9
sdhppo_no_dueling_safetyon,12,10,251904.0,45.06666666666666
sdhppo_no_dueling_safetyon,12,11,276480.0,46.3
sdhppo_no_dueling_safetyon,12,12,301056.0,47.89999999999999
sdhppo_no_dueling_safetyon,13,1,26624.0,36.266666666666666
sdhppo_no_dueling_safetyon,13,2,51200.0,34.766666666666666
sdhppo_no_dueling_safetyon,13,3,75776.0,38.53333333333333
sdhppo_no_dueling_safetyon,13,4,100352.0,39.06666666666666
sdhppo_no_dueling_safetyon,13,5,126976.0,36.56666666666666
sdhppo_no_dueling_safetyon,13,6,151552.0,41.333333333333336
sdhppo_no_dueling_safetyon,13,7,176128.0,43.49999999999999
sdhppo_no_dueling_safetyon,13,8,200704.0,39.633333333333326
sdhppo_no_dueling_safetyon,13,9,225280.0,36.3
sdhppo_no_dueling_safetyon,13,10,251904.0,39.8
sdhppo_no_dueling_safetyon,13,11,276480.0,42.633333333333326
sdhppo_no_dueling_safetyon,13,12,301056.0,39.96666666666666
sdhppo_no_dueling_safetyon,14,1,26624.0,34.599999999999994
sdhppo_no_dueling_safetyon,14,2,51200.0,37.133333333333326
sdhppo_no_dueling_safetyon,14,3,75776.0,40.79999999999999
sdhppo_no_dueling_safetyon,14,4,100352.0,43.8
sdhppo_no_dueling_safetyon,14,5,126976.0,43.86666666666667
sdhppo_no_dueling_safetyon,14,6,151552.0,42.53333333333333
sdhppo_no_dueling_safetyon,14,7,176128.0,42.333333333333336
sdhppo_no_dueling_safetyon,14,8,200704.0,41.66666666666666
sdhppo_no_dueling_safetyon,14,9,225280.0,40.63333333333333
sdhppo_no_dueling_safetyon,14,10,251904.0,43.766666666666666
sdhppo_no_dueling_safetyon,14,11,276480.0,39.83333333333333
sdhppo_no_dueling_safetyon,14,12,301056.0,38.5
sdhppo_no_dueling_safetyon,15,1,26624.0,41.96666666666666
sdhppo_no_dueling_safetyon,15,2,51200.0,43.7
sdhppo_no_dueling_safetyon,15,3,75776.0,47.7
sdhppo_no_dueling_safetyon,15,4,100352.0,47.6
sdhppo_no_dueling_safetyon,15,5,126976.0,46.4
sdhppo_no_dueling_safetyon,15,6,151552.0,47.6
sdhppo_no_dueling_safetyon,15,7,176128.0,46.76666666666666
sdhppo_no_dueling_safetyon,15,8,200704.0,45.53333333333333
sdhppo_no_dueling_safetyon,15,9,225280.0,49.133333333333326
sdhppo_no_dueling_safetyon,15,10,251904.0,46.83333333333333
sdhppo_no_dueling_safetyon,15,11,276480.0,48.09999999999999
sdhppo_no_dueling_safetyon,15,12,301056.0,47.96666666666666
sdhppo_no_dueling_safetyon,16,1,26624.0,39.1
sdhppo_no_dueling_safetyon,16,2,51200.0,42.33333333333334
sdhppo_no_dueling_safetyon,16,3,75776.0,42.5
sdhppo_no_dueling_safetyon,16,4,100352.0,44.36666666666667
sdhppo_no_dueling_safetyon,16,5,126976.0,45.06666666666666
sdhppo_no_dueling_safetyon,16,6,151552.0,44.7
sdhppo_no_dueling_safetyon,16,7,176128.0,45.43333333333333
sdhppo_no_dueling_safetyon,16,8,200704.0,44.266666666666666
sdhppo_no_dueling_safetyon,16,9,225280.0,44.9
sdhppo_no_dueling_safetyon,16,10,251904.0,43.36666666666667
sdhppo_no_dueling_safetyon,16,11,276480.0,43.93333333333333
sdhppo_no_dueling_safetyon,16,12,301056.0,43.833333333333336
sdhppo_no_dueling_safetyon,17,1,26624.0,41.3
sdhppo_no_dueling_safetyon,17,2,51200.0,39.56666666666666
sdhppo_no_dueling_safetyon,17,3,75776.0,39.96666666666666
sdhppo_no_dueling_safetyon,17,4,100352.0,42.39999999999999
sdhppo_no_dueling_safetyon,17,5,126976.0,42.96666666666666
sdhppo_no_dueling_safetyon,17,6,151552.0,43.99999999999999
sdhppo_no_dueling_safetyon,17,7,176128.0,44.39999999999999
sdhppo_no_dueling_safetyon,17,8,200704.0,46.16666666666666
sdhppo_no_dueling_safetyon,17,9,225280.0,45.966666666666654
sdhppo_no_dueling_safetyon,17,10,251904.0,45.86666666666665
sdhppo_no_dueling_safetyon,17,11,276480.0,43.16666666666666
sdhppo_no_dueling_safetyon,17,12,301056.0,43.2
sdhppo_no_dueling_safetyon,18,1,26624.0,40.2
sdhppo_no_dueling_safetyon,18,2,51200.0,41.0
sdhppo_no_dueling_safetyon,18,3,75776.0,42.86666666666667
sdhppo_no_dueling_safetyon,18,4,100352.0,46.46666666666666
sdhppo_no_dueling_safetyon,18,5,126976.0,46.79999999999999
sdhppo_no_dueling_safetyon,18,6,151552.0,47.133333333333326
sdhppo_no_dueling_safetyon,18,7,176128.0,46.6
sdhppo_no_dueling_safetyon,18,8,200704.0,46.133333333333326
sdhppo_no_dueling_safetyon,18,9,225280.0,45.66666666666666
sdhppo_no_dueling_safetyon,18,10,251904.0,43.2
sdhppo_no_dueling_safetyon,18,11,276480.0,42.53333333333333
sdhppo_no_dueling_safetyon,18,12,301056.0,42.93333333333332
sdhppo_no_dueling_safetyon,19,1,26624.0,46.8
sdhppo_no_dueling_safetyon,19,2,51200.0,46.73333333333333
sdhppo_no_dueling_safetyon,19,3,75776.0,46.43333333333334
sdhppo_no_dueling_safetyon,19,4,100352.0,45.7
sdhppo_no_dueling_safetyon,19,5,126976.0,46.66666666666666
sdhppo_no_dueling_safetyon,19,6,151552.0,47.766666666666666
sdhppo_no_dueling_safetyon,19,7,176128.0,40.766666666666666
sdhppo_no_dueling_safetyon,19,8,200704.0,41.06666666666666
sdhppo_no_dueling_safetyon,19,9,225280.0,39.8
sdhppo_no_dueling_safetyon,19,10,251904.0,40.2
sdhppo_no_dueling_safetyon,19,11,276480.0,40.03333333333334
sdhppo_no_dueling_safetyon,19,12,301056.0,41.8
sdhppo_no_dueling_safetyon,2,1,26624.0,41.36666666666666
sdhppo_no_dueling_safetyon,2,2,51200.0,44.6
sdhppo_no_dueling_safetyon,2,3,75776.0,44.566666666666656
sdhppo_no_dueling_safetyon,2,4,100352.0,45.76666666666666
sdhppo_no_dueling_safetyon,2,5,126976.0,45.93333333333333
sdhppo_no_dueling_safetyon,2,6,151552.0,46.63333333333333
sdhppo_no_dueling_safetyon,2,7,176128.0,46.16666666666666
sdhppo_no_dueling_safetyon,2,8,200704.0,46.73333333333333
sdhppo_no_dueling_safetyon,2,9,225280.0,45.0
sdhppo_no_dueling_safetyon,2,10,251904.0,42.9
sdhppo_no_dueling_safetyon,2,11,276480.0,40.66666666666666
sdhppo_no_dueling_safetyon,2,12,301056.0,35.266666666666666
sdhppo_no_dueling_safetyon,3,1,26624.0,42.23333333333333
sdhppo_no_dueling_safetyon,3,2,51200.0,39.76666666666666
sdhppo_no_dueling_safetyon,3,3,75776.0,42.46666666666666
sdhppo_no_dueling_safetyon,3,4,100352.0,44.0
sdhppo_no_dueling_safetyon,3,5,126976.0,41.93333333333334
sdhppo_no_dueling_safetyon,3,6,151552.0,44.4
sdhppo_no_dueling_safetyon,3,7,176128.0,45.8
sdhppo_no_dueling_safetyon,3,8,200704.0,45.36666666666666
sdhppo_no_dueling_safetyon,3,9,225280.0,46.56666666666666
sdhppo_no_dueling_safetyon,3,10,251904.0,47.16666666666666
sdhppo_no_dueling_safetyon,3,11,276480.0,46.53333333333333
sdhppo_no_dueling_safetyon,3,12,301056.0,47.46666666666666
sdhppo_no_dueling_safetyon,4,1,26624.0,46.333333333333336
sdhppo_no_dueling_safetyon,4,2,51200.0,44.9
sdhppo_no_dueling_safetyon,4,3,75776.0,48.39999999999999
sdhppo_no_dueling_safetyon,4,4,100352.0,48.46666666666666
sdhppo_no_dueling_safetyon,4,5,126976.0,49.7
sdhppo_no_dueling_safetyon,4,6,151552.0,49.43333333333332
sdhppo_no_dueling_safetyon,4,7,176128.0,51.0
sdhppo_no_dueling_safetyon,4,8,200704.0,51.53333333333333
sdhppo_no_dueling_safetyon,4,9,225280.0,51.86666666666666
sdhppo_no_dueling_safetyon,4,10,251904.0,52.13333333333332
sdhppo_no_dueling_safetyon,4,11,276480.0,51.66666666666666
sdhppo_no_dueling_safetyon,4,12,301056.0,50.66666666666666
sdhppo_no_dueling_safetyon,5,1,26624.0,41.6
sdhppo_no_dueling_safetyon,5,2,51200.0,42.06666666666666
sdhppo_no_dueling_safetyon,5,3,75776.0,43.39999999999999
sdhppo_no_dueling_safetyon,5,4,100352.0,45.13333333333334
sdhppo_no_dueling_safetyon,5,5,126976.0,46.03333333333333
sdhppo_no_dueling_safetyon,5,6,151552.0,46.6
sdhppo_no_dueling_safetyon,5,7,176128.0,45.36666666666666
sdhppo_no_dueling_safetyon,5,8,200704.0,47.53333333333333
sdhppo_no_dueling_safetyon,5,9,225280.0,47.43333333333333
sdhppo_no_dueling_safetyon,5,10,251904.0,46.63333333333333
sdhppo_no_dueling_safetyon,5,11,276480.0,46.93333333333333
sdhppo_no_dueling_safetyon,5,12,301056.0,47.56666666666666
sdhppo_no_dueling_safetyon,6,1,26624.0,32.16666666666667
sdhppo_no_dueling_safetyon,6,2,51200.0,36.266666666666666
sdhppo_no_dueling_safetyon,6,3,75776.0,35.2
sdhppo_no_dueling_safetyon,6,4,100352.0,38.0
sdhppo_no_dueling_safetyon,6,5,126976.0,40.53333333333333
sdhppo_no_dueling_safetyon,6,6,151552.0,41.73333333333333
sdhppo_no_dueling_safetyon,6,7,176128.0,41.29999999999999
sdhppo_no_dueling_safetyon,6,8,200704.0,43.96666666666667
sdhppo_no_dueling_safetyon,6,9,225280.0,41.1
sdhppo_no_dueling_safetyon,6,10,251904.0,44.83333333333333
sdhppo_no_dueling_safetyon,6,11,276480.0,47.83333333333333
sdhppo_no_dueling_safetyon,6,12,301056.0,46.69999999999999
sdhppo_no_dueling_safetyon,7,1,26624.0,42.36666666666667
sdhppo_no_dueling_safetyon,7,2,51200.0,44.73333333333333
sdhppo_no_dueling_safetyon,7,3,75776.0,44.03333333333333
sdhppo_no_dueling_safetyon,7,4,100352.0,45.2
sdhppo_no_dueling_safetyon,7,5,126976.0,46.56666666666666
sdhppo_no_dueling_safetyon,7,6,151552.0,47.36666666666666
sdhppo_no_dueling_safetyon,7,7,176128.0,48.7
sdhppo_no_dueling_safetyon,7,8,200704.0,49.83333333333332
sdhppo_no_dueling_safetyon,7,9,225280.0,49.99999999999999
sdhppo_no_dueling_safetyon,7,10,251904.0,50.83333333333333
sdhppo_no_dueling_safetyon,7,11,276480.0,50.29999999999999
sdhppo_no_dueling_safetyon,7,12,301056.0,50.0
sdhppo_no_dueling_safetyon,8,1,26624.0,47.23333333333333
sdhppo_no_dueling_safetyon,8,2,51200.0,46.66666666666666
sdhppo_no_dueling_safetyon,8,3,75776.0,47.46666666666666
sdhppo_no_dueling_safetyon,8,4,100352.0,46.633333333333326
sdhppo_no_dueling_safetyon,8,5,126976.0,47.766666666666666
sdhppo_no_dueling_safetyon,8,6,151552.0,49.133333333333326
sdhppo_no_dueling_safetyon,8,7,176128.0,49.23333333333332
sdhppo_no_dueling_safetyon,8,8,200704.0,49.633333333333326
sdhppo_no_dueling_safetyon,8,9,225280.0,49.23333333333332
sdhppo_no_dueling_safetyon,8,10,251904.0,49.46666666666666
sdhppo_no_dueling_safetyon,8,11,276480.0,48.1
sdhppo_no_dueling_safetyon,8,12,301056.0,48.53333333333333
sdhppo_no_dueling_safetyon,9,1,26624.0,39.73333333333333
sdhppo_no_dueling_safetyon,9,2,51200.0,39.4
sdhppo_no_dueling_safetyon,9,3,75776.0,39.49999999999999
sdhppo_no_dueling_safetyon,9,4,100352.0,39.3
sdhppo_no_dueling_safetyon,9,5,126976.0,40.833333333333336
sdhppo_no_dueling_safetyon,9,6,151552.0,43.96666666666667
sdhppo_no_dueling_safetyon,9,7,176128.0,46.69999999999999
sdhppo_no_dueling_safetyon,9,8,200704.0,43.33333333333332
sdhppo_no_dueling_safetyon,9,9,225280.0,43.69999999999999
sdhppo_no_dueling_safetyon,9,10,251904.0,42.56666666666666
sdhppo_no_dueling_safetyon,9,11,276480.0,43.266666666666666
sdhppo_no_dueling_safetyon,9,12,301056.0,41.86666666666666
sdhppo_real_only_safetyoff,0,1,26624.0,60.133333333333326
sdhppo_real_only_safetyoff,0,2,51200.0,50.366666666666674
sdhppo_real_only_safetyoff,0,3,75776.0,49.53333333333333
sdhppo_real_only_safetyoff,0,4,100352.0,50.3
sdhppo_real_only_safetyoff,0,5,126976.0,51.7
sdhppo_real_only_safetyoff,0,6,151552.0,51.56666666666666
sdhppo_real_only_safetyoff,0,7,176128.0,51.63333333333333
sdhppo_real_only_safetyoff,0,8,200704.0,51.53333333333333
sdhppo_real_only_safetyoff,0,9,225280.0,49.93333333333333
sdhppo_real_only_safetyoff,0,10,251904.0,51.66666666666666
sdhppo_real_only_safetyoff,0,11,276480.0,51.33333333333333
sdhppo_real_only_safetyoff,0,12,301056.0,51.93333333333332
sdhppo_real_only_safetyoff,1,1,26624.0,54.29999999999999
sdhppo_real_only_safetyoff,1,2,51200.0,50.9
sdhppo_real_only_safetyoff,1,3,75776.0,52.93333333333332
sdhppo_real_only_safetyoff,1,4,100352.0,50.33333333333333
sdhppo_real_only_safetyoff,1,5,126976.0,51.9
sdhppo_real_only_safetyoff,1,6,151552.0,51.5
sdhppo_real_only_safetyoff,1,7,176128.0,49.93333333333332
sdhppo_real_only_safetyoff,1,8,200704.0,51.9
sdhppo_real_only_safetyoff,1,9,225280.0,60.966666666666654
sdhppo_real_only_safetyoff,1,10,251904.0,58.633333333333326
sdhppo_real_only_safetyoff,1,11,276480.0,54.26666666666665
sdhppo_real_only_safetyoff,1,12,301056.0,57.46666666666667
sdhppo_real_only_safetyoff,10,1,26624.0,57.366666666666674
sdhppo_real_only_safetyoff,10,2,51200.0,60.56666666666668
sdhppo_real_only_safetyoff,10,3,75776.0,60.2
sdhppo_real_only_safetyoff,10,4,100352.0,61.43333333333333
sdhppo_real_only_safetyoff,10,5,126976.0,62.1
sdhppo_real_only_safetyoff,10,6,151552.0,59.7
sdhppo_real_only_safetyoff,10,7,176128.0,53.83333333333332
sdhppo_real_only_safetyoff,10,8,200704.0,56.66666666666668
sdhppo_real_only_safetyoff,10,9,225280.0,53.83333333333332
sdhppo_real_only_safetyoff,10,10,251904.0,51.06666666666666
sdhppo_real_only_safetyoff,10,11,276480.0,51.23333333333333
sdhppo_real_only_safetyoff,10,12,301056.0,53.13333333333332
sdhppo_real_only_safetyoff,11,1,26624.0,61.36666666666666
sdhppo_real_only_safetyoff,11,2,51200.0,59.96666666666667
sdhppo_real_only_safetyoff,11,3,75776.0,59.76666666666668
sdhppo_real_only_safetyoff,11,4,100352.0,58.93333333333332
sdhppo_real_only_safetyoff,11,5,126976.0,58.266666666666666
sdhppo_real_only_safetyoff,11,6,151552.0,58.3
sdhppo_real_only_safetyoff,11,7,176128.0,59.46666666666667
sdhppo_real_only_safetyoff,11,8,200704.0,58.93333333333332
sdhppo_real_only_safetyoff,11,9,225280.0,57.66666666666666
sdhppo_real_only_safetyoff,11,10,251904.0,57.49999999999999
sdhppo_real_only_safetyoff,11,11,276480.0,57.36666666666667
sdhppo_real_only_safetyoff,11,12,301056.0,56.8
sdhppo_real_only_safetyoff,12,1,26624.0,57.03333333333333
sdhppo_real_only_safetyoff,12,2,51200.0,55.36666666666667
sdhppo_real_only_safetyoff,12,3,75776.0,58.5
sdhppo_real_only_safetyoff,12,4,100352.0,57.26666666666668
sdhppo_real_only_safetyoff,12,5,126976.0,61.23333333333333
sdhppo_real_only_safetyoff,12,6,151552.0,61.5
sdhppo_real_only_safetyoff,12,7,176128.0,60.53333333333333
sdhppo_real_only_safetyoff,12,8,200704.0,61.46666666666666
sdhppo_real_only_safetyoff,12,9,225280.0,61.133333333333326
sdhppo_real_only_safetyoff,12,10,251904.0,62.56666666666665
sdhppo_real_only_safetyoff,12,11,276480.0,60.83333333333333
sdhppo_real_only_safetyoff,12,12,301056.0,56.93333333333332
sdhppo_real_only_safetyoff,13,1,26624.0,49.56666666666666
sdhppo_real_only_safetyoff,13,2,51200.0,49.53333333333333
sdhppo_real_only_safetyoff,13,3,75776.0,49.89999999999999
sdhppo_real_only_safetyoff,13,4,100352.0,49.79999999999999
sdhppo_real_only_safetyoff,13,5,126976.0,49.3
sdhppo_real_only_safetyoff,13,6,151552.0,49.3
sdhppo_real_only_safetyoff,13,7,176128.0,49.83333333333332
sdhppo_real_only_safetyoff,13,8,200704.0,49.8
sdhppo_real_only_safetyoff,13,9,225280.0,49.93333333333332
sdhppo_real_only_safetyoff,13,10,251904.0,50.99999999999999
sdhppo_real_only_safetyoff,13,11,276480.0,50.36666666666666
sdhppo_real_only_safetyoff,13,12,301056.0,50.86666666666666
sdhppo_real_only_safetyoff,14,1,26624.0,48.7
sdhppo_real_only_safetyoff,14,2,51200.0,47.46666666666666
sdhppo_real_only_safetyoff,14,3,75776.0,48.26666666666666
sdhppo_real_only_safetyoff,14,4,100352.0,47.59999999999999
sdhppo_real_only_safetyoff,14,5,126976.0,48.23333333333333
sdhppo_real_only_safetyoff,14,6,151552.0,49.33333333333332
sdhppo_real_only_safetyoff,14,7,176128.0,48.633333333333326
sdhppo_real_only_safetyoff,14,8,200704.0,48.79999999999999
sdhppo_real_only_safetyoff,14,9,225280.0,49.36666666666667
sdhppo_real_only_safetyoff,14,10,251904.0,48.49999999999999
sdhppo_real_only_safetyoff,14,11,276480.0,48.66666666666666
sdhppo_real_only_safetyoff,14,12,301056.0,48.56666666666666
sdhppo_real_only_safetyoff,15,1,26624.0,55.1
sdhppo_real_only_safetyoff,15,2,51200.0,49.83333333333332
sdhppo_real_only_safetyoff,15,3,75776.0,49.5
sdhppo_real_only_safetyoff,15,4,100352.0,49.96666666666666
sdhppo_real_only_safetyoff,15,5,126976.0,51.36666666666666
sdhppo_real_only_safetyoff,15,6,151552.0,50.06666666666666
sdhppo_real_only_safetyoff,15,7,176128.0,49.86666666666667
sdhppo_real_only_safetyoff,15,8,200704.0,49.96666666666666
sdhppo_real_only_safetyoff,15,9,225280.0,50.2
sdhppo_real_only_safetyoff,15,10,251904.0,49.36666666666667
sdhppo_real_only_safetyoff,15,11,276480.0,49.566666666666656
sdhppo_real_only_safetyoff,15,12,301056.0,49.73333333333333
sdhppo_real_only_safetyoff,16,1,26624.0,63.16666666666666
sdhppo_real_only_safetyoff,16,2,51200.0,62.83333333333333
sdhppo_real_only_safetyoff,16,3,75776.0,60.633333333333326
sdhppo_real_only_safetyoff,16,4,100352.0,63.73333333333333
sdhppo_real_only_safetyoff,16,5,126976.0,64.46666666666665
sdhppo_real_only_safetyoff,16,6,151552.0,60.966666666666654
sdhppo_real_only_safetyoff,16,7,176128.0,56.33333333333332
sdhppo_real_only_safetyoff,16,8,200704.0,57.23333333333333
sdhppo_real_only_safetyoff,16,9,225280.0,57.23333333333333
sdhppo_real_only_safetyoff,16,10,251904.0,56.03333333333333
sdhppo_real_only_safetyoff,16,11,276480.0,55.96666666666668
sdhppo_real_only_safetyoff,16,12,301056.0,55.2
sdhppo_real_only_safetyoff,17,1,26624.0,64.73333333333332
sdhppo_real_only_safetyoff,17,2,51200.0,64.03333333333333
sdhppo_real_only_safetyoff,17,3,75776.0,64.1
sdhppo_real_only_safetyoff,17,4,100352.0,62.9
sdhppo_real_only_safetyoff,17,5,126976.0,62.76666666666667
sdhppo_real_only_safetyoff,17,6,151552.0,61.03333333333333
sdhppo_real_only_safetyoff,17,7,176128.0,57.7
sdhppo_real_only_safetyoff,17,8,200704.0,52.43333333333332
sdhppo_real_only_safetyoff,17,9,225280.0,52.26666666666666
sdhppo_real_only_safetyoff,17,10,251904.0,50.83333333333333
sdhppo_real_only_safetyoff,17,11,276480.0,50.89999999999999
sdhppo_real_only_safetyoff,17,12,301056.0,51.49999999999999
sdhppo_real_only_safetyoff,18,1,26624.0,62.33333333333333
sdhppo_real_only_safetyoff,18,2,51200.0,62.066666666666656
sdhppo_real_only_safetyoff,18,3,75776.0,53.46666666666668
sdhppo_real_only_safetyoff,18,4,100352.0,48.66666666666666
sdhppo_real_only_safetyoff,18,5,126976.0,47.93333333333333
sdhppo_real_only_safetyoff,18,6,151552.0,48.66666666666666
sdhppo_real_only_safetyoff,18,7,176128.0,48.86666666666667
sdhppo_real_only_safetyoff,18,8,200704.0,48.83333333333332
sdhppo_real_only_safetyoff,18,9,225280.0,48.633333333333326
sdhppo_real_only_safetyoff,18,10,251904.0,49.133333333333326
sdhppo_real_only_safetyoff,18,11,276480.0,49.23333333333332
sdhppo_real_only_safetyoff,18,12,301056.0,49.266666666666666
sdhppo_real_only_safetyoff,19,1,26624.0,73.76666666666665
sdhppo_real_only_safetyoff,19,2,51200.0,65.46666666666667
sdhppo_real_only_safetyoff,19,3,75776.0,63.76666666666667
sdhppo_real_only_safetyoff,19,4,100352.0,64.86666666666666
sdhppo_real_only_safetyoff,19,5,126976.0,65.53333333333332
sdhppo_real_only_safetyoff,19,6,151552.0,69.79999999999998
sdhppo_real_only_safetyoff,19,7,176128.0,70.19999999999997
sdhppo_real_only_safetyoff,19,8,200704.0,69.36666666666666
sdhppo_real_only_safetyoff,19,9,225280.0,68.0
sdhppo_real_only_safetyoff,19,10,251904.0,64.63333333333333
sdhppo_real_only_safetyoff,19,11,276480.0,62.46666666666665
sdhppo_real_only_safetyoff,19,12,301056.0,60.03333333333334
sdhppo_real_only_safetyoff,2,1,26624.0,54.7
sdhppo_real_only_safetyoff,2,2,51200.0,53.43333333333332
sdhppo_real_only_safetyoff,2,3,75776.0,52.6
sdhppo_real_only_safetyoff,2,4,100352.0,52.3
sdhppo_real_only_safetyoff,2,5,126976.0,50.933333333333344
sdhppo_real_only_safetyoff,2,6,151552.0,51.93333333333332
sdhppo_real_only_safetyoff,2,7,176128.0,51.36666666666666
sdhppo_real_only_safetyoff,2,8,200704.0,50.93333333333333
sdhppo_real_only_safetyoff,2,9,225280.0,49.93333333333332
sdhppo_real_only_safetyoff,2,10,251904.0,50.29999999999999
sdhppo_real_only_safetyoff,2,11,276480.0,50.03333333333333
sdhppo_real_only_safetyoff,2,12,301056.0,50.19999999999999
sdhppo_real_only_safetyoff,3,1,26624.0,58.83333333333333
sdhppo_real_only_safetyoff,3,2,51200.0,56.99999999999999
sdhppo_real_only_safetyoff,3,3,75776.0,56.93333333333334
sdhppo_real_only_safetyoff,3,4,100352.0,57.23333333333333
sdhppo_real_only_safetyoff,3,5,126976.0,57.366666666666674
sdhppo_real_only_safetyoff,3,6,151552.0,56.2
sdhppo_real_only_safetyoff,3,7,176128.0,56.2
sdhppo_real_only_safetyoff,3,8,200704.0,56.03333333333333
sdhppo_real_only_safetyoff,3,9,225280.0,53.0
sdhppo_real_only_safetyoff,3,10,251904.0,50.03333333333333
sdhppo_real_only_safetyoff,3,11,276480.0,49.93333333333333
sdhppo_real_only_safetyoff,3,12,301056.0,49.46666666666666
sdhppo_real_only_safetyoff,4,1,26624.0,52.73333333333332
sdhppo_real_only_safetyoff,4,2,51200.0,51.8
sdhppo_real_only_safetyoff,4,3,75776.0,51.86666666666666
sdhppo_real_only_safetyoff,4,4,100352.0,52.1
sdhppo_real_only_safetyoff,4,5,126976.0,51.23333333333333
sdhppo_real_only_safetyoff,4,6,151552.0,52.400000000000006
sdhppo_real_only_safetyoff,4,7,176128.0,53.26666666666665
sdhppo_real_only_safetyoff,4,8,200704.0,52.69999999999999
sdhppo_real_only_safetyoff,4,9,225280.0,53.900000000000006
sdhppo_real_only_safetyoff,4,10,251904.0,54.73333333333332
sdhppo_real_only_safetyoff,4,11,276480.0,53.83333333333332
sdhppo_real_only_safetyoff,4,12,301056.0,51.39999999999999
sdhppo_real_only_safetyoff,5,1,26624.0,61.4
sdhppo_real_only_safetyoff,5,2,51200.0,61.23333333333333
sdhppo_real_only_safetyoff,5,3,75776.0,59.79999999999998
sdhppo_real_only_safetyoff,5,4,100352.0,60.03333333333333
sdhppo_real_only_safetyoff,5,5,126976.0,56.066666666666656
sdhppo_real_only_safetyoff,5,6,151552.0,54.16666666666666
sdhppo_real_only_safetyoff,5,7,176128.0,52.7
sdhppo_real_only_safetyoff,5,8,200704.0,52.86666666666666
sdhppo_real_only_safetyoff,5,9,225280.0,50.39999999999999
sdhppo_real_only_safetyoff,5,10,251904.0,50.53333333333334
sdhppo_real_only_safetyoff,5,11,276480.0,49.766666666666666
sdhppo_real_only_safetyoff,5,12,301056.0,49.93333333333332
sdhppo_real_only_safetyoff,6,1,26624.0,64.66666666666666
sdhppo_real_only_safetyoff,6,2,51200.0,50.13333333333333
sdhppo_real_only_safetyoff,6,3,75776.0,46.633333333333326
sdhppo_real_only_safetyoff,6,4,100352.0,47.19999999999999
sdhppo_real_only_safetyoff,6,5,126976.0,46.83333333333333
sdhppo_real_only_safetyoff,6,6,151552.0,47.1
sdhppo_real_only_safetyoff,6,7,176128.0,46.066666666666656
sdhppo_real_only_safetyoff,6,8,200704.0,46.16666666666666
sdhppo_real_only_safetyoff,6,9,225280.0,47.399999999999984
sdhppo_real_only_safetyoff,6,10,251904.0,46.53333333333333
sdhppo_real_only_safetyoff,6,11,276480.0,46.59999999999999
sdhppo_real_only_safetyoff,6,12,301056.0,47.46666666666666
sdhppo_real_only_safetyoff,7,1,26624.0,57.86666666666667
sdhppo_real_only_safetyoff,7,2,51200.0,55.89999999999999
sdhppo_real_only_safetyoff,7,3,75776.0,52.16666666666666
sdhppo_real_only_safetyoff,7,4,100352.0,54.93333333333334
sdhppo_real_only_safetyoff,7,5,126976.0,58.36666666666665
sdhppo_real_only_safetyoff,7,6,151552.0,64.49999999999999
sdhppo_real_only_safetyoff,7,7,176128.0,64.2
sdhppo_real_only_safetyoff,7,8,200704.0,62.53333333333333
sdhppo_real_only_safetyoff,7,9,225280.0,63.23333333333333
sdhppo_real_only_safetyoff,7,10,251904.0,64.73333333333332
sdhppo_real_only_safetyoff,7,11,276480.0,64.33333333333333
sdhppo_real_only_safetyoff,7,12,301056.0,65.66666666666666
sdhppo_real_only_safetyoff,8,1,26624.0,60.73333333333333
sdhppo_real_only_safetyoff,8,2,51200.0,59.266666666666666
sdhppo_real_only_safetyoff,8,3,75776.0,63.1
sdhppo_real_only_safetyoff,8,4,100352.0,62.79999999999999
sdhppo_real_only_safetyoff,8,5,126976.0,62.3
sdhppo_real_only_safetyoff,8,6,151552.0,64.43333333333332
sdhppo_real_only_safetyoff,8,7,176128.0,63.83333333333333
sdhppo_real_only_safetyoff,8,8,200704.0,60.83333333333333
sdhppo_real_only_safetyoff,8,9,225280.0,61.633333333333326
sdhppo_real_only_safetyoff,8,10,251904.0,59.8
sdhppo_real_only_safetyoff,8,11,276480.0,56.36666666666667
sdhppo_real_only_safetyoff,8,12,301056.0,53.96666666666666
sdhppo_real_only_safetyoff,9,1,26624.0,63.4
sdhppo_real_only_safetyoff,9,2,51200.0,58.266666666666666
sdhppo_real_only_safetyoff,9,3,75776.0,57.83333333333333
sdhppo_real_only_safetyoff,9,4,100352.0,53.06666666666667
sdhppo_real_only_safetyoff,9,5,126976.0,52.866666666666674
sdhppo_real_only_safetyoff,9,6,151552.0,49.43333333333332
sdhppo_real_only_safetyoff,9,7,176128.0,49.53333333333333
sdhppo_real_only_safetyoff,9,8,200704.0,49.73333333333333
sdhppo_real_only_safetyoff,9,9,225280.0,49.83333333333332
sdhppo_real_only_safetyoff,9,10,251904.0,49.66666666666666
sdhppo_real_only_safetyoff,9,11,276480.0,49.73333333333333
sdhppo_real_only_safetyoff,9,12,301056.0,49.23333333333332
sdhppo_real_only_safetyon,0,1,26624.0,45.1
sdhppo_real_only_safetyon,0,2,51200.0,44.1
sdhppo_real_only_safetyon,0,3,75776.0,46.13333333333333
sdhppo_real_only_safetyon,0,4,100352.0,46.133333333333326
sdhppo_real_only_safetyon,0,5,126976.0,45.96666666666666
sdhppo_real_only_safetyon,0,6,151552.0,48.06666666666666
sdhppo_real_only_safetyon,0,7,176128.0,45.26666666666666
sdhppo_real_only_safetyon,0,8,200704.0,46.6
sdhppo_real_only_safetyon,0,9,225280.0,45.23333333333333
sdhppo_real_only_safetyon,0,10,251904.0,47.23333333333333
sdhppo_real_only_safetyon,0,11,276480.0,47.7
sdhppo_real_only_safetyon,0,12,301056.0,48.633333333333326
sdhppo_real_only_safetyon,1,1,26624.0,42.766666666666666
sdhppo_real_only_safetyon,1,2,51200.0,44.96666666666666
sdhppo_real_only_safetyon,1,3,75776.0,42.06666666666666
sdhppo_real_only_safetyon,1,4,100352.0,42.29999999999999
sdhppo_real_only_safetyon,1,5,126976.0,41.2
sdhppo_real_only_safetyon,1,6,151552.0,41.16666666666666
sdhppo_real_only_safetyon,1,7,176128.0,40.8
sdhppo_real_only_safetyon,1,8,200704.0,40.13333333333333
sdhppo_real_only_safetyon,1,9,225280.0,39.4
sdhppo_real_only_safetyon,1,10,251904.0,40.23333333333333
sdhppo_real_only_safetyon,1,11,276480.0,41.43333333333333
sdhppo_real_only_safetyon,1,12,301056.0,41.66666666666666
sdhppo_real_only_safetyon,10,1,26624.0,44.63333333333333
sdhppo_real_only_safetyon,10,2,51200.0,42.86666666666667
sdhppo_real_only_safetyon,10,3,75776.0,40.06666666666666
sdhppo_real_only_safetyon,10,4,100352.0,38.76666666666666
sdhppo_real_only_safetyon,10,5,126976.0,38.96666666666666
sdhppo_real_only_safetyon,10,6,151552.0,37.766666666666666
sdhppo_real_only_safetyon,10,7,176128.0,40.7
sdhppo_real_only_safetyon,10,8,200704.0,38.03333333333333
sdhppo_real_only_safetyon,10,9,225280.0,37.46666666666666
sdhppo_real_only_safetyon,10,10,251904.0,34.96666666666666
sdhppo_real_only_safetyon,10,11,276480.0,33.76666666666666
sdhppo_real_only_safetyon,10,12,301056.0,33.7
sdhppo_real_only_safetyon,11,1,26624.0,43.7
sdhppo_real_only_safetyon,11,2,51200.0,43.66666666666666
sdhppo_real_only_safetyon,11,3,75776.0,44.49999999999999
sdhppo_real_only_safetyon,11,4,100352.0,45.36666666666666
sdhppo_real_only_safetyon,11,5,126976.0,45.8
sdhppo_real_only_safetyon,11,6,151552.0,45.43333333333333
sdhppo_real_only_safetyon,11,7,176128.0,46.400000000000006
sdhppo_real_only_safetyon,11,8,200704.0,45.7
sdhppo_real_only_safetyon,11,9,225280.0,46.23333333333333
sdhppo_real_only_safetyon,11,10,251904.0,46.33333333333333
sdhppo_real_only_safetyon,11,11,276480.0,46.56666666666666
sdhppo_real_only_safetyon,11,12,301056.0,47.83333333333333
sdhppo_real_only_safetyon,12,1,26624.0,47.33333333333333
sdhppo_real_only_safetyon,12,2,51200.0,46.7
sdhppo_real_only_safetyon,12,3,75776.0,44.43333333333333
sdhppo_real_only_safetyon,12,4,100352.0,45.6
sdhppo_real_only_safetyon,12,5,126976.0,44.1
sdhppo_real_only_safetyon,12,6,151552.0,43.73333333333333
sdhppo_real_only_safetyon,12,7,176128.0,45.63333333333333
sdhppo_real_only_safetyon,12,8,200704.0,45.36666666666666
sdhppo_real_only_safetyon,12,9,225280.0,47.03333333333333
sdhppo_real_only_safetyon,12,10,251904.0,44.73333333333333
sdhppo_real_only_safetyon,12,11,276480.0,42.333333333333336
sdhppo_real_only_safetyon,12,12,301056.0,43.43333333333333
sdhppo_real_only_safetyon,13,1,26624.0,41.16666666666666
sdhppo_real_only_safetyon,13,2,51200.0,42.6
sdhppo_real_only_safetyon,13,3,75776.0,43.86666666666667
sdhppo_real_only_safetyon,13,4,100352.0,44.73333333333333
sdhppo_real_only_safetyon,13,5,126976.0,46.133333333333326
sdhppo_real_only_safetyon,13,6,151552.0,46.5
sdhppo_real_only_safetyon,13,7,176128.0,46.6
sdhppo_real_only_safetyon,13,8,200704.0,46.93333333333333
sdhppo_real_only_safetyon,13,9,225280.0,46.56666666666666
sdhppo_real_only_safetyon,13,10,251904.0,47.63333333333334
sdhppo_real_only_safetyon,13,11,276480.0,49.2
sdhppo_real_only_safetyon,13,12,301056.0,49.3
sdhppo_real_only_safetyon,14,1,26624.0,34.8
sdhppo_real_only_safetyon,14,2,51200.0,38.43333333333333
sdhppo_real_only_safetyon,14,3,75776.0,34.833333333333336
sdhppo_real_only_safetyon,14,4,100352.0,33.666666666666664
sdhppo_real_only_safetyon,14,5,126976.0,30.2
sdhppo_real_only_safetyon,14,6,151552.0,34.1
sdhppo_real_only_safetyon,14,7,176128.0,37.2
sdhppo_real_only_safetyon,14,8,200704.0,34.86666666666666
sdhppo_real_only_safetyon,14,9,225280.0,37.3
sdhppo_real_only_safetyon,14,10,251904.0,39.03333333333333
sdhppo_real_only_safetyon,14,11,276480.0,38.7
sdhppo_real_only_safetyon,14,12,301056.0,39.96666666666666
sdhppo_real_only_safetyon,15,1,26624.0,42.36666666666666
sdhppo_real_only_safetyon,15,2,51200.0,47.3
sdhppo_real_only_safetyon,15,3,75776.0,42.6
sdhppo_real_only_safetyon,15,4,100352.0,42.46666666666666
sdhppo_real_only_safetyon,15,5,126976.0,42.99999999999999
sdhppo_real_only_safetyon,15,6,151552.0,44.96666666666666
sdhppo_real_only_safetyon,15,7,176128.0,46.06666666666666
sdhppo_real_only_safetyon,15,8,200704.0,46.53333333333333
sdhppo_real_only_safetyon,15,9,225280.0,46.633333333333326
sdhppo_real_only_safetyon,15,10,251904.0,46.8
sdhppo_real_only_safetyon,15,11,276480.0,45.96666666666666
sdhppo_real_only_safetyon,15,12,301056.0,43.89999999999999
sdhppo_real_only_safetyon,16,1,26624.0,37.76666666666667
sdhppo_real_only_safetyon,16,2,51200.0,39.766666666666666
sdhppo_real_only_safetyon,16,3,75776.0,38.43333333333334
sdhppo_real_only_safetyon,16,4,100352.0,36.8
sdhppo_real_only_safetyon,16,5,126976.0,34.36666666666666
sdhppo_real_only_safetyon,16,6,151552.0,34.46666666666666
sdhppo_real_only_safetyon,16,7,176128.0,32.5
sdhppo_real_only_safetyon,16,8,200704.0,31.8
sdhppo_real_only_safetyon,16,9,225280.0,35.2
sdhppo_real_only_safetyon,16,10,251904.0,38.8
sdhppo_real_only_safetyon,16,11,276480.0,35.86666666666666
sdhppo_real_only_safetyon,16,12,301056.0,36.633333333333326
sdhppo_real_only_safetyon,17,1,26624.0,45.36666666666666
sdhppo_real_only_safetyon,17,2,51200.0,40.93333333333333
sdhppo_real_only_safetyon,17,3,75776.0,40.73333333333333
sdhppo_real_only_safetyon,17,4,100352.0,42.06666666666666
sdhppo_real_only_safetyon,17,5,126976.0,44.2
sdhppo_real_only_safetyon,17,6,151552.0,44.39999999999999
sdhppo_real_only_safetyon,17,7,176128.0,44.99999999999999
sdhppo_real_only_safetyon,17,8,200704.0,46.3
sdhppo_real_only_safetyon,17,9,225280.0,45.33333333333333
sdhppo_real_only_safetyon,17,10,251904.0,46.46666666666666
sdhppo_real_only_safetyon,17,11,276480.0,46.66666666666666
sdhppo_real_only_safetyon,17,12,301056.0,45.03333333333333
sdhppo_real_only_safetyon,18,1,26624.0,36.43333333333333
sdhppo_real_only_safetyon,18,2,51200.0,40.06666666666666
sdhppo_real_only_safetyon,18,3,75776.0,42.06666666666666
sdhppo_real_only_safetyon,18,4,100352.0,42.46666666666666
sdhppo_real_only_safetyon,18,5,126976.0,43.133333333333326
sdhppo_real_only_safetyon,18,6,151552.0,44.33333333333332
sdhppo_real_only_safetyon,18,7,176128.0,43.73333333333333
sdhppo_real_only_safetyon,18,8,200704.0,43.3
sdhppo_real_only_safetyon,18,9,225280.0,42.9
sdhppo_real_only_safetyon,18,10,251904.0,43.53333333333333
sdhppo_real_only_safetyon,18,11,276480.0,42.86666666666667
sdhppo_real_only_safetyon,18,12,301056.0,42.03333333333333
sdhppo_real_only_safetyon,19,1,26624.0,48.03333333333333
sdhppo_real_only_safetyon,19,2,51200.0,49.633333333333326
sdhppo_real_only_safetyon,19,3,75776.0,50.53333333333333
sdhppo_real_only_safetyon,19,4,100352.0,50.93333333333333
sdhppo_real_only_safetyon,19,5,126976.0,49.9
sdhppo_real_only_safetyon,19,6,151552.0,48.59999999999999
sdhppo_real_only_safetyon,19,7,176128.0,48.56666666666666
sdhppo_real_only_safetyon,19,8,200704.0,49.2
sdhppo_real_only_safetyon,19,9,225280.0,48.66666666666666
sdhppo_real_only_safetyon,19,10,251904.0,49.3
sdhppo_real_only_safetyon,19,11,276480.0,45.93333333333334
sdhppo_real_only_safetyon,19,12,301056.0,46.73333333333333
sdhppo_real_only_safetyon,2,1,26624.0,40.766666666666666
sdhppo_real_only_safetyon,2,2,51200.0,42.7
sdhppo_real_only_safetyon,2,3,75776.0,41.8
sdhppo_real_only_safetyon,2,4,100352.0,41.7
sdhppo_real_only_safetyon,2,5,126976.0,44.76666666666666
sdhppo_real_only_safetyon,2,6,151552.0,44.16666666666666
sdhppo_real_only_safetyon,2,7,176128.0,44.39999999999999
sdhppo_real_only_safetyon,2,8,200704.0,45.2
sdhppo_real_only_safetyon,2,9,225280.0,45.16666666666666
sdhppo_real_only_safetyon,2,10,251904.0,43.7
sdhppo_real_only_safetyon,2,11,276480.0,42.13333333333333
sdhppo_real_only_safetyon,2,12,301056.0,41.63333333333333
sdhppo_real_only_safetyon,3,1,26624.0,39.46666666666667
sdhppo_real_only_safetyon,3,2,51200.0,39.43333333333333
sdhppo_real_only_safetyon,3,3,75776.0,39.8
sdhppo_real_only_safetyon,3,4,100352.0,38.93333333333332
sdhppo_real_only_safetyon,3,5,126976.0,41.66666666666666
sdhppo_real_only_safetyon,3,6,151552.0,41.96666666666666
sdhppo_real_only_safetyon,3,7,176128.0,41.83333333333333
sdhppo_real_only_safetyon,3,8,200704.0,43.96666666666667
sdhppo_real_only_safetyon,3,9,225280.0,43.99999999999999
sdhppo_real_only_safetyon,3,10,251904.0,41.86666666666666
sdhppo_real_only_safetyon,3,11,276480.0,39.53333333333333
sdhppo_real_only_safetyon,3,12,301056.0,39.900000000000006
sdhppo_real_only_safetyon,4,1,26624.0,45.43333333333333
sdhppo_real_only_safetyon,4,2,51200.0,47.96666666666666
sdhppo_real_only_safetyon,4,3,75776.0,48.9
sdhppo_real_only_safetyon,4,4,100352.0,49.2
sdhppo_real_only_safetyon,4,5,126976.0,50.49999999999999
sdhppo_real_only_safetyon,4,6,151552.0,50.13333333333333
sdhppo_real_only_safetyon,4,7,176128.0,49.39999999999999
sdhppo_real_only_safetyon,4,8,200704.0,50.39999999999999
sdhppo_real_only_safetyon,4,9,225280.0,49.56666666666666
sdhppo_real_only_safetyon,4,10,251904.0,49.66666666666666
sdhppo_real_only_safetyon,4,11,276480.0,48.7
sdhppo_real_only_safetyon,4,12,301056.0,50.16666666666666
sdhppo_real_only_safetyon,5,1,26624.0,42.06666666666666
sdhppo_real_only_safetyon,5,2,51200.0,41.2
sdhppo_real_only_safetyon,5,3,75776.0,36.56666666666666
sdhppo_real_only_safetyon,5,4,100352.0,36.7
sdhppo_real_only_safetyon,5,5,126976.0,36.8
sdhppo_real_only_safetyon,5,6,151552.0,36.9
sdhppo_real_only_safetyon,5,7,176128.0,37.766666666666666
sdhppo_real_only_safetyon,5,8,200704.0,41.633333333333326
sdhppo_real_only_safetyon,5,9,225280.0,42.8
sdhppo_real_only_safetyon,5,10,251904.0,41.86666666666666
sdhppo_real_only_safetyon,5,11,276480.0,40.96666666666666
sdhppo_real_only_safetyon,5,12,301056.0,41.66666666666666
sdhppo_real_only_safetyon,6,1,26624.0,39.46666666666666
sdhppo_real_only_safetyon,6,2,51200.0,38.43333333333333
sdhppo_real_only_safetyon,6,3,75776.0,39.2
sdhppo_real_only_safetyon,6,4,100352.0,38.99999999999999
sdhppo_real_only_safetyon,6,5,126976.0,41.266666666666666
sdhppo_real_only_safetyon,6,6,151552.0,39.93333333333333
sdhppo_real_only_safetyon,6,7,176128.0,37.33333333333332
sdhppo_real_only_safetyon,6,8,200704.0,42.99999999999999
sdhppo_real_only_safetyon,6,9,225280.0,44.966666666666654
sdhppo_real_only_safetyon,6,10,251904.0,43.266666666666666
sdhppo_real_only_safetyon,6,11,276480.0,43.766666666666666
sdhppo_real_only_safetyon,6,12,301056.0,43.96666666666666
sdhppo_real_only_safetyon,7,1,26624.0,43.4
sdhppo_real_only_safetyon,7,2,51200.0,44.03333333333333
sdhppo_real_only_safetyon,7,3,75776.0,44.56666666666666
sdhppo_real_only_safetyon,7,4,100352.0,46.23333333333333
sdhppo_real_only_safetyon,7,5,126976.0,47.03333333333333
sdhppo_real_only_safetyon,7,6,151552.0,48.56666666666666
sdhppo_real_only_safetyon,7,7,176128.0,49.73333333333333
sdhppo_real_only_safetyon,7,8,200704.0,49.6
sdhppo_real_only_safetyon,7,9,225280.0,49.89999999999999
sdhppo_real_only_safetyon,7,10,251904.0,50.76666666666666
sdhppo_real_only_safetyon,7,11,276480.0,51.93333333333332
sdhppo_real_only_safetyon,7,12,301056.0,52.26666666666665
sdhppo_real_only_safetyon,8,1,26624.0,48.36666666666666
sdhppo_real_only_safetyon,8,2,51200.0,45.4
sdhppo_real_only_safetyon,8,3,75776.0,47.1
sdhppo_real_only_safetyon,8,4,100352.0,48.83333333333332
sdhppo_real_only_safetyon,8,5,126976.0,49.53333333333333
sdhppo_real_only_safetyon,8,6,151552.0,48.83333333333332
sdhppo_real_only_safetyon,8,7,176128.0,49.3
sdhppo_real_only_safetyon,8,8,200704.0,50.56666666666666
sdhppo_real_only_safetyon,8,9,225280.0,50.16666666666666
sdhppo_real_only_safetyon,8,10,251904.0,50.86666666666666
sdhppo_real_only_safetyon,8,11,276480.0,51.9
sdhppo_real_only_safetyon,8,12,301056.0,53.0
sdhppo_real_only_safetyon,9,1,26624.0,38.46666666666666
sdhppo_real_only_safetyon,9,2,51200.0,42.93333333333332
sdhppo_real_only_safetyon,9,3,75776.0,41.0
sdhppo_real_only_safetyon,9,4,100352.0,37.99999999999999
sdhppo_real_only_safetyon,9,5,126976.0,37.86666666666667
sdhppo_real_only_safetyon,9,6,151552.0,37.9
sdhppo_real_only_safetyon,9,7,176128.0,36.766666666666666
sdhppo_real_only_safetyon,9,8,200704.0,37.43333333333333
sdhppo_real_only_safetyon,9,9,225280.0,35.5
sdhppo_real_only_safetyon,9,10,251904.0,33.96666666666666
sdhppo_real_only_safetyon,9,11,276480.0,37.93333333333333
sdhppo_real_only_safetyon,9,12,301056.0,33.6
