cell,method,arm,safety,seed,best_val_step,reward,drop_total,viol_p1,delay_p1,viol_p2,delay_p2,viol_p4,delay_p4,viol_total,sens_0.5x,sens_0.75x,sens_1.5x,sens_2x,sens_real_train_median,scen_diurnal,scen_flash,res_mean_abs
bcsdhppo_full_safetyoff,bcsdhppo,full,off,0,26624.0,-0.7446087641229472,1.607628148895882,20.3,39.05074050530621,22.7,46.981463282057916,23.1,42.60334927040202,22.03333333333333,23.76666666666667,22.333333333333332,21.666666666666668,21.366666666666664,25.76666666666667,39.733333333333334,31.7,
bcsdhppo_full_safetyoff,bcsdhppo,full,off,10,26624.0,-1.1558703633372052,2.8242529125714473,31.7,59.00825888378416,42.9,82.84391803205511,37.2,65.1354874363041,37.266666666666666,39.1,37.63333333333333,35.833333333333336,35.099999999999994,40.266666666666666,49.266666666666666,42.266666666666666,
bcsdhppo_full_safetyoff,bcsdhppo,full,off,11,26624.0,-1.2244826487094578,3.082508885808411,33.900000000000006,64.71783047081986,69.3,130.7147673212719,33.6,62.6565886851143,45.6,46.73333333333334,46.199999999999996,43.699999999999996,42.63333333333333,48.23333333333334,58.666666666666664,49.03333333333333,
bcsdhppo_full_safetyoff,bcsdhppo,full,off,12,26624.0,-0.9973040307274131,2.2939363648122026,30.0,57.36562508906511,40.699999999999996,77.95105523859847,26.200000000000003,48.93288856466187,32.3,33.06666666666667,32.5,31.666666666666668,31.200000000000003,34.43333333333333,45.0,35.13333333333333,
bcsdhppo_full_safetyoff,bcsdhppo,full,off,13,51200.0,-1.1242706841462484,2.7157165071586347,30.4,58.81473254678174,51.5,98.02163953521877,33.1,60.49509609819047,38.333333333333336,39.26666666666667,38.93333333333334,37.46666666666667,36.1,40.699999999999996,47.16666666666667,44.93333333333333,
bcsdhppo_full_safetyoff,bcsdhppo,full,off,14,26624.0,-1.1625445075666212,2.937547315848579,33.300000000000004,63.56315111556215,53.6,103.05439282470739,30.5,58.161360560501066,39.13333333333333,40.06666666666666,39.53333333333334,38.300000000000004,37.53333333333333,41.86666666666667,50.96666666666667,43.0,
bcsdhppo_full_safetyoff,bcsdhppo,full,off,15,26624.0,-1.0627923178339458,2.4115804024021967,34.599999999999994,63.07195334985745,44.800000000000004,80.25620318272881,27.0,51.176352672165365,35.46666666666667,39.199999999999996,37.06666666666666,32.199999999999996,30.533333333333335,41.86666666666667,45.33333333333333,39.4,
bcsdhppo_full_safetyoff,bcsdhppo,full,off,16,26624.0,-0.8464875758146179,1.781924138898474,27.800000000000004,51.15632674975652,33.2,63.04023972120003,23.400000000000002,40.42185398900762,28.133333333333336,29.466666666666665,28.833333333333332,27.0,25.73333333333333,30.866666666666664,46.46666666666667,32.733333333333334,
bcsdhppo_full_safetyoff,bcsdhppo,full,off,17,26624.0,-1.0177231640345732,2.3582163804162772,26.8,51.20251897333153,42.3,79.23206415132424,32.6,58.75689741633255,33.9,35.86666666666667,34.53333333333334,32.86666666666667,31.13333333333333,36.56666666666666,51.2,37.56666666666666,
bcsdhppo_full_safetyoff,bcsdhppo,full,off,18,26624.0,-1.219497373546461,3.084314344540691,35.8,68.90386233766678,61.5,114.93741077281939,32.9,58.24905513203438,43.4,44.96666666666667,43.9,41.96666666666667,39.666666666666664,45.9,50.4,48.699999999999996,
bcsdhppo_full_safetyoff,bcsdhppo,full,off,19,26624.0,-1.539673286156838,3.854957690528685,41.199999999999996,80.42085813625131,50.3,96.3907044140369,45.4,84.37736885501945,45.63333333333333,47.23333333333334,46.56666666666666,44.46666666666667,43.43333333333334,48.0,68.10000000000001,50.7,
bcsdhppo_full_safetyoff,bcsdhppo,full,off,1,51200.0,-1.0142425265800803,2.3272598518374616,25.2,47.93253585943214,31.3,62.716102040204674,34.4,63.22314816569974,30.3,31.866666666666664,30.633333333333336,29.399999999999995,28.96666666666667,34.23333333333333,43.333333333333336,37.3,
bcsdhppo_full_safetyoff,bcsdhppo,full,off,2,26624.0,-1.1314786808975599,2.637718910931145,30.8,58.121805060187285,35.199999999999996,69.17683818362151,34.5,64.75180424489902,33.5,35.166666666666664,33.666666666666664,32.73333333333333,32.233333333333334,36.53333333333333,49.0,37.96666666666667,
bcsdhppo_full_safetyoff,bcsdhppo,full,off,3,126976.0,-0.9632381660873748,2.41329171246289,26.8,51.16479277426737,48.4,93.04394105662158,27.500000000000004,50.274164280778265,34.233333333333334,37.36666666666667,35.7,32.4,31.166666666666668,41.93333333333333,49.5,37.9,
bcsdhppo_full_safetyoff,bcsdhppo,full,off,4,26624.0,-1.4373099495783241,3.486551838929885,42.4,78.75069107781404,69.39999999999999,133.9928025963531,39.7,72.40497575984348,50.5,51.70000000000001,51.23333333333334,49.73333333333334,49.03333333333333,51.70000000000001,56.10000000000001,54.300000000000004,
bcsdhppo_full_safetyoff,bcsdhppo,full,off,5,51200.0,-1.0229891483399411,2.4103530949992473,26.6,49.587676693120265,46.7,90.49163137481189,32.2,60.083391909199364,35.16666666666667,36.96666666666667,35.6,34.4,33.4,38.13333333333334,52.83333333333333,39.233333333333334,
bcsdhppo_full_safetyoff,bcsdhppo,full,off,6,26624.0,-1.1431922209603997,2.5202274413504147,35.0,64.78974110904743,41.8,76.83597712064645,35.0,59.35785994761893,37.266666666666666,38.63333333333333,37.86666666666667,36.23333333333333,33.63333333333333,39.800000000000004,55.46666666666666,42.8,
bcsdhppo_full_safetyoff,bcsdhppo,full,off,7,51200.0,-1.0797151056315166,2.574905521495698,32.9,62.6686250259206,45.5,90.02180683052916,26.400000000000002,51.22028759606662,34.93333333333334,36.46666666666667,35.4,34.333333333333336,33.86666666666667,38.03333333333334,49.2,37.96666666666667,
bcsdhppo_full_safetyoff,bcsdhppo,full,off,8,26624.0,-1.216460749276956,2.84388104020909,32.1,60.96374691076158,33.900000000000006,67.72620148280114,39.4,71.88674423848292,35.13333333333333,37.1,35.56666666666666,33.76666666666667,33.46666666666667,39.5,61.9,41.36666666666667,
bcsdhppo_full_safetyoff,bcsdhppo,full,off,9,51200.0,-1.445355850870017,3.5680734544558907,39.300000000000004,75.58641940071703,54.0,106.0940437081462,42.5,78.29977472038338,45.26666666666667,46.36666666666667,45.666666666666664,44.56666666666666,43.76666666666667,47.300000000000004,58.13333333333334,52.5,
bcsdhppo_full_safetyon,bcsdhppo,full,on,0,26624.0,-0.7439576095442069,1.5849806743725936,22.0,40.56712509304384,21.3,42.81243032436999,22.8,41.35911057298406,22.03333333333333,24.033333333333335,22.866666666666664,21.166666666666668,20.8,26.433333333333334,39.33333333333333,33.96666666666667,
bcsdhppo_full_safetyon,bcsdhppo,full,on,10,100352.0,-1.1355781467664925,2.73866268420771,31.7,60.809814789759336,51.1,92.41131007123488,34.1,60.89390170281572,38.96666666666667,44.166666666666664,40.93333333333333,34.9,33.03333333333334,46.400000000000006,48.03333333333333,45.800000000000004,
bcsdhppo_full_safetyon,bcsdhppo,full,on,11,51200.0,-1.1886765737844043,3.0075595018223558,34.4,64.0206389414945,39.4,80.09142070226238,35.0,62.86866274777369,36.266666666666666,40.13333333333333,38.333333333333336,34.76666666666667,33.86666666666667,42.96666666666666,57.49999999999999,42.233333333333334,
bcsdhppo_full_safetyon,bcsdhppo,full,on,12,51200.0,-0.9683622582132739,2.212019352235001,28.999999999999996,53.77024865527477,28.299999999999997,55.85621882256101,31.7,51.761256270946355,29.666666666666668,31.666666666666668,30.73333333333333,28.566666666666663,27.73333333333333,33.36666666666667,42.333333333333336,35.66666666666667,
bcsdhppo_full_safetyon,bcsdhppo,full,on,13,51200.0,-1.135065721420348,2.645935199778866,32.1,59.240951542535754,35.699999999999996,69.32430954957152,36.4,64.09528630602946,34.73333333333333,36.166666666666664,35.733333333333334,34.06666666666667,32.5,37.03333333333333,48.699999999999996,49.6,
bcsdhppo_full_safetyon,bcsdhppo,full,on,14,26624.0,-1.1656368680712055,2.8658480383959493,34.2,62.49528286532706,36.1,72.66470755566215,33.5,62.51741632810008,34.6,36.300000000000004,34.9,34.300000000000004,33.5,38.333333333333336,50.866666666666674,42.66666666666667,
bcsdhppo_full_safetyon,bcsdhppo,full,on,15,51200.0,-1.0264451728536206,2.3735145819292907,31.1,59.067136109720565,37.4,72.36494545900274,28.499999999999996,51.49492790900313,32.333333333333336,35.63333333333333,33.46666666666667,30.099999999999998,28.766666666666666,41.06666666666666,42.333333333333336,41.0,
bcsdhppo_full_safetyon,bcsdhppo,full,on,16,26624.0,-0.8400405006364375,1.7544222182492224,27.200000000000003,50.485353313692784,20.1,40.02735478381643,23.7,41.92000867620262,23.666666666666668,25.333333333333332,24.433333333333334,22.933333333333334,22.466666666666665,25.900000000000002,45.2,31.5,
bcsdhppo_full_safetyon,bcsdhppo,full,on,17,51200.0,-1.0087306173921893,2.3198557817769796,27.6,51.0500713946032,29.9,58.557328363432966,35.6,59.43453884411773,31.03333333333333,32.199999999999996,31.400000000000006,30.3,29.266666666666666,34.333333333333336,48.9,38.5,
bcsdhppo_full_safetyon,bcsdhppo,full,on,18,26624.0,-1.2382488805786351,2.9758625146518916,40.699999999999996,70.52341524941659,41.8,80.18122528395132,36.8,62.27140421045349,39.766666666666666,40.93333333333333,40.300000000000004,38.599999999999994,37.699999999999996,42.166666666666664,49.5,54.733333333333334,
bcsdhppo_full_safetyon,bcsdhppo,full,on,19,26624.0,-1.5306530594145829,3.8214665832323442,44.0,81.52243663400682,45.4,89.10445322185316,44.0,82.48874954017373,44.46666666666667,45.099999999999994,44.86666666666667,43.6,43.099999999999994,46.666666666666664,65.9,50.7,
bcsdhppo_full_safetyon,bcsdhppo,full,on,1,51200.0,-1.0282773003814067,2.290732972352663,26.700000000000003,49.418702273031094,27.900000000000002,55.665729982518855,34.2,64.11477056498815,29.600000000000005,31.066666666666666,30.0,28.8,28.666666666666668,32.36666666666667,43.5,42.56666666666667,
bcsdhppo_full_safetyon,bcsdhppo,full,on,2,26624.0,-1.1447181523545094,2.5832586516075806,34.4,60.03581568611312,31.5,60.42102580113111,36.6,65.63313075452348,34.166666666666664,35.6,34.833333333333336,33.1,32.26666666666667,35.96666666666667,48.03333333333333,43.06666666666666,
bcsdhppo_full_safetyon,bcsdhppo,full,on,3,26624.0,-0.9821429601933722,2.373078085209188,27.700000000000003,51.090855875080955,28.199999999999996,55.809269085012495,31.8,55.42977792586821,29.233333333333334,30.566666666666674,29.566666666666666,28.066666666666666,27.400000000000002,32.733333333333334,51.5,40.0,
bcsdhppo_full_safetyon,bcsdhppo,full,on,4,26624.0,-1.4046853884024229,3.4130226401232067,41.4,75.77653735733352,42.6,83.50985190100246,42.8,75.46065512576367,42.266666666666666,43.666666666666664,43.06666666666666,40.8,40.233333333333334,43.96666666666666,54.766666666666666,54.7,
bcsdhppo_full_safetyon,bcsdhppo,full,on,5,126976.0,-1.0109235806384378,2.31017498822899,27.3,51.09002202899449,33.900000000000006,65.47347942703138,32.2,59.300997535684125,31.133333333333336,33.43333333333334,31.566666666666666,29.166666666666668,28.600000000000005,36.766666666666666,52.800000000000004,39.43333333333333,
bcsdhppo_full_safetyon,bcsdhppo,full,on,6,51200.0,-1.1200322788819725,2.4995533626027524,34.8,63.71682488063532,37.0,71.91957718287998,32.0,58.12126194317842,34.6,38.13333333333333,36.166666666666664,32.9,31.26666666666667,42.3,53.56666666666666,46.06666666666667,
bcsdhppo_full_safetyon,bcsdhppo,full,on,7,151552.0,-1.0749821737319412,2.522733911646591,31.900000000000002,60.73938930025587,32.6,64.95413465710708,31.1,55.362324682798146,31.866666666666664,34.76666666666667,32.8,30.766666666666666,29.400000000000002,36.833333333333336,49.733333333333334,38.36666666666667,
bcsdhppo_full_safetyon,bcsdhppo,full,on,8,51200.0,-1.1680435290377056,2.796197455822031,31.2,58.010875837683386,32.800000000000004,64.4115323252584,36.5,68.95534584233053,33.5,34.0,33.766666666666666,33.166666666666664,32.43333333333333,35.166666666666664,61.8,42.13333333333333,
bcsdhppo_full_safetyon,bcsdhppo,full,on,9,26624.0,-1.4297432419578677,3.482819210521884,38.7,74.01372147296972,40.9,79.09454530822366,45.9,80.62355565087678,41.833333333333336,42.73333333333333,42.36666666666667,40.9,40.23333333333334,43.199999999999996,55.96666666666666,53.800000000000004,
ddqn_aug_subsample_safetyoff,ddqn,aug_subsample,off,0,274999.0,-0.71608276253251,1.7457822875921267,19.6,36.64413687029507,44.4,83.01199821619257,23.3,38.596568515227105,29.099999999999998,31.0,29.76666666666667,26.96666666666667,25.933333333333337,33.06666666666667,29.833333333333336,32.233333333333334,
ddqn_aug_subsample_safetyoff,ddqn,aug_subsample,off,1,274999.0,-0.9467123107869866,2.509069500765821,22.7,43.06977018917844,55.2,102.81131512948257,31.3,55.8841445065798,36.4,38.0,37.13333333333333,34.766666666666666,33.36666666666667,39.233333333333334,35.699999999999996,38.166666666666664,
ddqn_aug_subsample_safetyoff,ddqn,aug_subsample,off,10,249999.0,-1.0315099481623438,3.0472508345087834,29.299999999999997,56.049671467289976,57.699999999999996,110.26296180572794,27.200000000000003,47.899548754632356,38.06666666666667,39.86666666666667,38.93333333333333,36.766666666666666,35.49999999999999,40.96666666666667,39.2,42.333333333333336,
ddqn_aug_subsample_safetyoff,ddqn,aug_subsample,off,11,299999.0,-1.057252387725847,3.391494081428561,31.8,58.512769345831394,67.9,129.2245140439112,23.599999999999998,44.69647309988205,41.1,42.56666666666667,41.73333333333333,39.6,38.33333333333333,43.53333333333333,44.266666666666666,43.233333333333334,
ddqn_aug_subsample_safetyoff,ddqn,aug_subsample,off,12,174999.0,-0.9216446276256559,2.391471287557143,26.5,47.77909425975354,58.599999999999994,108.64676651708481,27.3,47.59588386864749,37.46666666666666,39.666666666666664,38.53333333333334,35.666666666666664,33.800000000000004,40.56666666666667,35.766666666666666,38.4,
ddqn_aug_subsample_safetyoff,ddqn,aug_subsample,off,13,274999.0,-1.0542026301590977,2.8726283266808608,27.3,51.26331103889966,56.599999999999994,107.17734602058282,32.300000000000004,58.182119530804584,38.73333333333333,40.6,39.53333333333333,37.03333333333333,35.733333333333334,41.833333333333336,39.266666666666666,43.233333333333334,
ddqn_aug_subsample_safetyoff,ddqn,aug_subsample,off,14,199999.0,-1.102626735874529,3.0126710250353734,30.4,55.96741699121511,65.4,121.6062796280962,31.4,57.47336139633886,42.400000000000006,44.166666666666664,43.300000000000004,40.4,38.699999999999996,45.666666666666664,41.93333333333334,44.233333333333334,
ddqn_aug_subsample_safetyoff,ddqn,aug_subsample,off,15,299999.0,-1.012009046719308,2.498086267576886,29.599999999999998,56.792190062150986,57.99999999999999,109.25336644588971,25.8,48.551940779657286,37.8,40.9,39.03333333333333,35.86666666666667,34.03333333333333,42.6,35.43333333333333,41.43333333333333,
ddqn_aug_subsample_safetyoff,ddqn,aug_subsample,off,16,199999.0,-0.8159102525359396,2.0114358386130107,24.6,45.97540749795661,46.5,88.15322702731459,22.1,39.077319615418006,31.066666666666663,33.43333333333333,32.1,29.466666666666665,28.166666666666668,35.099999999999994,35.9,33.766666666666666,
ddqn_aug_subsample_safetyoff,ddqn,aug_subsample,off,17,299999.0,-0.9459215352267103,2.5243238034758084,27.1,47.19849038339728,50.6,97.10546062275509,28.7,51.20422442864668,35.46666666666667,37.06666666666667,36.03333333333333,34.4,33.233333333333334,37.9,36.93333333333334,39.233333333333334,
ddqn_aug_subsample_safetyoff,ddqn,aug_subsample,off,18,249999.0,-1.1342563383239495,3.3076859503785303,33.1,63.494098322608984,65.5,125.15770172992949,27.800000000000004,50.3530959972805,42.13333333333333,43.699999999999996,43.0,40.7,39.4,44.5,44.36666666666667,45.7,
ddqn_aug_subsample_safetyoff,ddqn,aug_subsample,off,19,274999.0,-1.2209530923787326,4.196492319154428,31.5,46.15974404733633,75.8,147.8151325017835,40.2,75.129157232623,49.166666666666664,50.70000000000001,50.1,48.199999999999996,46.833333333333336,51.666666666666664,56.3,51.7,
ddqn_aug_subsample_safetyoff,ddqn,aug_subsample,off,2,274999.0,-0.9404348764776319,2.8378950058255135,29.5,55.05828902988987,54.50000000000001,103.07286888086614,25.5,38.7296753146484,36.5,38.233333333333334,37.233333333333334,34.766666666666666,33.63333333333333,38.53333333333333,39.300000000000004,40.833333333333336,
ddqn_aug_subsample_safetyoff,ddqn,aug_subsample,off,3,174999.0,-0.9089183053077959,2.5920054168628868,25.3,47.797025717626795,50.0,98.3606488473731,25.4,44.71170675981525,33.56666666666666,35.7,34.699999999999996,32.53333333333333,31.73333333333333,37.03333333333333,39.0,37.46666666666666,
ddqn_aug_subsample_safetyoff,ddqn,aug_subsample,off,4,199999.0,-1.3192199640623132,3.662193632029486,35.6,68.25194263388438,72.5,137.28356219445328,36.4,67.03450473588167,48.166666666666664,49.86666666666667,48.93333333333334,46.36666666666667,44.6,51.0,46.86666666666667,49.333333333333336,
ddqn_aug_subsample_safetyoff,ddqn,aug_subsample,off,5,224999.0,-0.9188520112983432,2.500994385910148,23.0,42.47829223323529,53.0,98.01100122180645,30.3,53.262467341670124,35.43333333333333,37.43333333333333,36.26666666666667,33.333333333333336,31.73333333333333,38.96666666666667,40.06666666666667,37.733333333333334,
ddqn_aug_subsample_safetyoff,ddqn,aug_subsample,off,6,274999.0,-1.0330284054869325,2.7342564102724034,29.2,56.24420981410729,56.599999999999994,110.80884638780283,27.6,49.96816465146007,37.800000000000004,39.666666666666664,38.43333333333334,36.833333333333336,35.86666666666667,41.1,40.666666666666664,39.800000000000004,
ddqn_aug_subsample_safetyoff,ddqn,aug_subsample,off,7,274999.0,-1.0309517058711934,2.727392948891613,29.4,55.876629876674734,60.0,111.78443964223608,27.0,50.3684437582245,38.800000000000004,41.23333333333333,40.06666666666667,36.766666666666666,35.0,42.46666666666666,38.86666666666667,41.0,
ddqn_aug_subsample_safetyoff,ddqn,aug_subsample,off,8,249999.0,-0.8980636749967821,3.0555013378961196,19.400000000000002,28.45609296129785,52.1,100.71515625217461,33.1,62.58136732082699,34.86666666666667,36.900000000000006,35.699999999999996,33.56666666666667,32.53333333333333,38.23333333333334,47.233333333333334,35.56666666666667,
ddqn_aug_subsample_safetyoff,ddqn,aug_subsample,off,9,274999.0,-1.3598989419438856,3.6837159166585343,35.5,67.9084190134189,62.0,119.52355364243643,39.2,73.96368599948494,45.56666666666666,47.46666666666666,46.333333333333336,44.0,42.86666666666667,48.833333333333336,48.86666666666667,48.333333333333336,
ddqn_aug_subsample_safetyon,ddqn,aug_subsample,on,0,99999.0,-0.7654952423644299,1.621113504261519,20.8,39.330595258272005,40.9,75.47721560891173,28.199999999999996,43.95320585468596,29.96666666666667,32.6,30.899999999999995,27.96666666666667,26.400000000000002,34.63333333333333,39.06666666666666,34.5,
ddqn_aug_subsample_safetyon,ddqn,aug_subsample,on,1,174999.0,-1.0246582800683064,2.320059319281121,25.5,47.9119730314151,45.4,83.6577401665136,35.6,63.980290544975674,35.5,38.86666666666667,37.03333333333333,33.0,31.2,40.56666666666666,41.06666666666667,43.36666666666667,
ddqn_aug_subsample_safetyon,ddqn,aug_subsample,on,10,299999.0,-1.1258300454163996,2.7726388496215297,31.900000000000002,59.90110625703855,45.800000000000004,86.42350841687296,33.300000000000004,60.11513913186428,37.0,39.03333333333334,38.03333333333333,35.53333333333333,34.06666666666666,40.76666666666667,47.266666666666666,43.233333333333334,
ddqn_aug_subsample_safetyon,ddqn,aug_subsample,on,11,199999.0,-1.1839481566112322,3.080243035444476,32.4,62.074897782434036,59.199999999999996,108.29461480513038,35.3,62.11148652327467,42.3,44.633333333333326,43.26666666666667,39.63333333333333,37.56666666666667,46.36666666666665,55.2,47.9,
ddqn_aug_subsample_safetyon,ddqn,aug_subsample,on,12,149999.0,-0.9454513808176024,2.2864694965031034,27.400000000000002,47.26185306583201,53.900000000000006,97.97128583884142,29.599999999999998,53.244315162555104,36.96666666666667,39.733333333333334,38.4,34.6,32.13333333333333,41.733333333333334,42.66666666666667,39.766666666666666,
ddqn_aug_subsample_safetyon,ddqn,aug_subsample,on,13,99999.0,-1.15409605989588,2.698727160038588,31.900000000000002,58.76970953388585,52.400000000000006,97.36291984395798,37.9,65.49117163088508,40.73333333333334,43.333333333333336,41.93333333333334,38.46666666666667,36.96666666666666,45.0,48.3,48.43333333333334,
ddqn_aug_subsample_safetyon,ddqn,aug_subsample,on,14,274999.0,-1.1631850749733998,2.9643974378625155,30.7,57.50301151659133,64.1,122.4980040613221,37.7,64.38090609659513,44.166666666666664,46.1,45.300000000000004,42.63333333333333,41.03333333333333,47.199999999999996,47.46666666666667,47.86666666666667,
ddqn_aug_subsample_safetyon,ddqn,aug_subsample,on,15,199999.0,-1.0468143219382795,2.4222372162837313,30.599999999999998,58.71160074134939,52.7,97.74538239134796,32.1,52.65177568769585,38.46666666666667,40.766666666666666,39.53333333333333,36.4,34.4,42.46666666666667,41.266666666666666,42.9,
ddqn_aug_subsample_safetyon,ddqn,aug_subsample,on,16,249999.0,-0.8343639503847698,1.7934507853499642,25.7,48.520156073609094,40.400000000000006,75.81524683629435,23.599999999999998,41.24776199455191,29.900000000000002,32.83333333333333,31.2,28.166666666666668,26.233333333333334,36.03333333333333,41.333333333333336,34.93333333333333,
ddqn_aug_subsample_safetyon,ddqn,aug_subsample,on,17,249999.0,-1.0113196835594023,2.35890498172546,29.099999999999998,50.21696892630677,48.8,90.18019693330298,32.9,58.54626476045875,36.93333333333333,38.5,37.766666666666666,35.06666666666667,33.333333333333336,38.93333333333334,44.266666666666666,41.13333333333333,
ddqn_aug_subsample_safetyon,ddqn,aug_subsample,on,18,149999.0,-1.2276495861300118,3.041455099085249,34.9,67.10790260967028,67.60000000000001,125.78707471876774,34.599999999999994,61.25486453258274,45.699999999999996,47.833333333333336,46.93333333333333,43.56666666666666,41.63333333333333,48.96666666666666,48.0,53.800000000000004,
ddqn_aug_subsample_safetyon,ddqn,aug_subsample,on,19,299999.0,-1.5093426160513486,3.8652146706668438,41.0,77.61142691645644,53.900000000000006,105.32095500266072,49.6,83.27694482892912,48.166666666666664,50.06666666666666,49.19999999999999,46.833333333333336,45.73333333333333,51.63333333333333,63.366666666666674,52.13333333333333,
ddqn_aug_subsample_safetyon,ddqn,aug_subsample,on,2,274999.0,-1.1461315724327645,2.6221245361451144,30.9,57.51014001676397,53.6,99.47378408832392,35.9,66.20730255175158,40.13333333333333,43.03333333333333,41.79999999999999,37.56666666666667,36.03333333333333,45.333333333333336,49.733333333333334,44.63333333333333,
ddqn_aug_subsample_safetyon,ddqn,aug_subsample,on,3,124999.0,-0.9895847031033077,2.397441419342087,26.900000000000002,50.96624546276596,45.0,82.86231707550323,30.9,54.86280678752336,34.26666666666667,36.56666666666667,35.4,31.96666666666667,30.566666666666663,38.166666666666664,49.833333333333336,40.86666666666667,
ddqn_aug_subsample_safetyon,ddqn,aug_subsample,on,4,299999.0,-1.4034178672334137,3.46697441883465,43.3,76.91933864297657,53.900000000000006,103.76391836231191,42.9,72.5569281877376,46.699999999999996,48.5,47.5,45.4,44.03333333333333,49.1,53.86666666666666,55.93333333333334,
ddqn_aug_subsample_safetyon,ddqn,aug_subsample,on,5,299999.0,-1.0082669289342068,2.3681108288298596,27.6,51.12824412220686,41.4,76.37072237560575,31.7,57.85247057054139,33.56666666666667,35.76666666666667,34.46666666666667,31.566666666666666,30.133333333333336,37.733333333333334,49.4,42.46666666666667,
ddqn_aug_subsample_safetyon,ddqn,aug_subsample,on,6,224999.0,-1.1465965447454292,2.536367929873452,34.2,64.05355282872388,51.800000000000004,94.09688050418423,36.1,59.69286271859275,40.699999999999996,42.9,41.63333333333333,38.3,36.53333333333333,44.13333333333333,52.7,49.3,
ddqn_aug_subsample_safetyon,ddqn,aug_subsample,on,7,224999.0,-1.1030495650000403,2.5721534646410316,35.8,61.91580142357284,47.199999999999996,87.81429183956513,32.0,56.138330984205076,38.333333333333336,39.7,38.833333333333336,36.833333333333336,35.666666666666664,40.86666666666667,49.2,41.86666666666667,
ddqn_aug_subsample_safetyon,ddqn,aug_subsample,on,8,124999.0,-1.1737737289454067,2.8527036653792237,30.2,56.833801763329404,54.7,102.77036942538973,36.3,68.5989556714355,40.4,42.53333333333333,41.699999999999996,38.96666666666666,37.0,44.23333333333333,59.833333333333336,45.06666666666666,
ddqn_aug_subsample_safetyon,ddqn,aug_subsample,on,9,274999.0,-1.4184734162277055,3.51108149806368,38.5,71.7707124348512,53.7,102.28607016211488,44.9,80.19770847785378,45.699999999999996,47.36666666666667,46.5,44.03333333333334,42.93333333333334,48.53333333333333,55.03333333333333,51.733333333333334,
ddqn_full_safetyoff,ddqn,full,off,0,124999.0,-0.747450411626127,3.9649727349855004,10.4,17.586138871970586,95.19999999999999,190.11183406123573,21.8,41.14530441637186,42.46666666666666,42.73333333333333,42.49999999999999,42.300000000000004,42.2,42.6,49.7,46.666666666666664,
ddqn_full_safetyoff,ddqn,full,off,1,174999.0,-0.9664172706820009,4.5493466847323605,24.099999999999998,46.7877991505052,95.89999999999999,190.8892167260528,17.8,32.75274421865447,45.93333333333333,46.03333333333333,45.96666666666667,45.800000000000004,45.599999999999994,46.099999999999994,51.0,50.46666666666667,
ddqn_full_safetyoff,ddqn,full,off,10,249999.0,-1.0186535577021023,4.715237775084848,17.9,32.472495184410754,93.2,182.7396549883777,30.3,56.42421596192893,47.13333333333333,47.900000000000006,47.53333333333333,46.4,45.36666666666667,48.1,48.93333333333334,53.166666666666664,
ddqn_full_safetyoff,ddqn,full,off,11,224999.0,-1.0611281712567147,3.5756474654357895,22.2,41.93707558844064,93.2,181.5294065974614,30.9,59.47258683457733,48.76666666666667,49.56666666666666,49.06666666666666,48.23333333333334,47.199999999999996,49.666666666666664,48.53333333333333,51.76666666666667,
ddqn_full_safetyoff,ddqn,full,off,12,124999.0,-0.8918610582546855,3.6055881463387274,17.7,26.02406874904697,73.1,143.7385082980955,31.2,57.480889912593426,40.666666666666664,41.63333333333333,41.06666666666667,39.86666666666667,39.03333333333333,42.63333333333333,42.266666666666666,45.33333333333333,
ddqn_full_safetyoff,ddqn,full,off,13,224999.0,-0.8862184678668557,3.357010988159221,13.5,21.103704967594968,79.7,153.65816834226104,37.3,63.86998156369737,43.5,44.79999999999999,44.0,42.0,40.800000000000004,45.6,46.86666666666667,48.96666666666666,
ddqn_full_safetyoff,ddqn,full,off,14,299999.0,-0.9385857717820209,3.604792253825944,20.0,31.351976959196335,92.9,174.22520296696194,28.9,55.79587784018313,47.26666666666667,48.29999999999999,47.93333333333333,45.900000000000006,43.699999999999996,48.43333333333333,43.03333333333333,48.5,
ddqn_full_safetyoff,ddqn,full,off,15,299999.0,-0.8430915253192804,3.0715493383179817,14.799999999999999,26.098510707254196,91.60000000000001,178.61985606269178,27.800000000000004,51.89841114153801,44.73333333333334,45.4,44.96666666666667,44.400000000000006,43.300000000000004,45.53333333333333,40.9,48.36666666666667,
ddqn_full_safetyoff,ddqn,full,off,16,274999.0,-0.8255336038063154,2.365693708685026,26.8,51.2372369543872,83.89999999999999,157.40113774998665,16.5,26.888342719182628,42.4,43.199999999999996,42.86666666666667,40.86666666666667,38.73333333333333,44.06666666666666,38.53333333333334,46.86666666666667,
ddqn_full_safetyoff,ddqn,full,off,17,299999.0,-0.9003671537796568,3.487980973796261,16.6,25.89548245948393,82.69999999999999,153.94311945369833,31.3,59.30070531292695,43.53333333333333,45.23333333333334,44.73333333333334,41.13333333333333,39.23333333333333,46.1,41.36666666666667,47.333333333333336,
ddqn_full_safetyoff,ddqn,full,off,18,299999.0,-1.0228761190717364,5.113711232501576,20.4,38.0902800342458,97.3,193.88474119123913,26.5,46.63829774071646,48.06666666666666,48.333333333333336,48.199999999999996,47.76666666666666,47.63333333333333,48.199999999999996,47.3,54.266666666666666,
ddqn_full_safetyoff,ddqn,full,off,19,199999.0,-1.1809687146557943,6.108907473440898,10.6,14.790559814372987,97.6,194.65166674153215,47.4,88.61242782156422,51.86666666666667,52.099999999999994,52.0,51.666666666666664,51.5,51.833333333333336,57.733333333333334,54.36666666666666,
ddqn_full_safetyoff,ddqn,full,off,2,224999.0,-0.9512165787529281,3.9709693552209417,14.099999999999998,20.09227288371123,91.0,181.281754483425,35.699999999999996,67.1471640266496,46.93333333333333,47.29999999999999,47.13333333333333,46.6,46.333333333333336,47.333333333333336,52.5,50.16666666666667,
ddqn_full_safetyoff,ddqn,full,off,3,174999.0,-0.9529562153077606,3.087883535981198,34.9,39.4698019242985,74.1,144.2987300684716,28.599999999999998,54.58549171768549,45.86666666666667,47.03333333333333,46.36666666666667,44.76666666666666,43.9,47.1,43.766666666666666,45.63333333333333,
ddqn_full_safetyoff,ddqn,full,off,4,199999.0,-1.158946322592116,5.3636204223993404,21.8,37.300771319042454,95.1,189.87674701272073,35.9,64.9211192948209,50.93333333333333,51.199999999999996,51.0,50.833333333333336,50.6,51.23333333333333,57.36666666666667,55.166666666666664,
ddqn_full_safetyoff,ddqn,full,off,5,299999.0,-0.826080898496541,3.0856766931300648,18.0,24.32993403395469,75.1,141.91688557192174,31.7,54.97985137560268,41.6,43.833333333333336,42.833333333333336,39.5,37.56666666666666,45.23333333333333,43.766666666666666,46.5,
ddqn_full_safetyoff,ddqn,full,off,6,174999.0,-0.8850403928353989,3.0700513311159963,18.099999999999998,30.14151284572279,91.7,176.9416639244192,28.299999999999997,53.209467321452614,46.03333333333333,46.6,46.36666666666667,45.333333333333336,44.03333333333333,46.73333333333333,44.666666666666664,49.1,
ddqn_full_safetyoff,ddqn,full,off,7,149999.0,-0.9212714426915808,3.135607467009925,21.7,33.33005368474095,85.39999999999999,160.17423544449645,28.499999999999996,55.4947650624801,45.199999999999996,46.4,45.93333333333334,43.23333333333334,41.166666666666664,46.833333333333336,43.03333333333333,47.56666666666667,
ddqn_full_safetyoff,ddqn,full,off,8,199999.0,-0.9068210171856134,3.5182183659716615,9.0,14.581213944431358,78.2,149.3579151166938,46.800000000000004,73.85093934435653,44.666666666666664,46.333333333333336,45.46666666666667,43.13333333333333,41.300000000000004,47.5,48.766666666666666,47.16666666666667,
ddqn_full_safetyoff,ddqn,full,off,9,224999.0,-1.135494426366884,5.57124075793799,15.7,20.475103499701437,97.2,194.03963704382943,41.199999999999996,79.62994548932593,51.36666666666667,51.5,51.43333333333333,51.29999999999999,51.133333333333326,51.5,58.36666666666667,56.2,
ddqn_full_safetyon,ddqn,full,on,0,174999.0,-0.8144857752186969,1.6617834421692388,24.3,42.46936606607974,55.300000000000004,98.63218937367844,27.200000000000003,45.39001783549932,35.6,38.4,36.96666666666667,32.733333333333334,30.299999999999997,40.03333333333334,45.43333333333333,45.86666666666667,
ddqn_full_safetyon,ddqn,full,on,1,149999.0,-1.065903480447394,2.3217591203146837,29.9,50.9561514658053,46.300000000000004,85.78858427544635,37.1,66.08794214098589,37.76666666666667,40.53333333333333,38.93333333333333,36.0,33.63333333333333,42.5,43.46666666666666,50.0,
ddqn_full_safetyon,ddqn,full,on,10,124999.0,-1.2205860584407136,2.779872285850728,32.7,59.949054743751795,65.3,115.28585789910345,48.3,72.43923534633878,48.76666666666667,52.333333333333336,50.56666666666666,45.23333333333333,41.900000000000006,53.9,47.699999999999996,58.06666666666666,
ddqn_full_safetyon,ddqn,full,on,11,274999.0,-1.2267724236094777,3.0929557089693076,37.6,64.85952599831136,63.6,118.66003169376114,34.2,64.256618786521,45.13333333333333,48.5,47.1,42.63333333333333,40.23333333333334,50.53333333333334,54.266666666666666,50.06666666666667,
ddqn_full_safetyon,ddqn,full,on,12,124999.0,-1.013811704842523,2.2887269714674816,27.500000000000004,50.4378821089489,71.7,125.17941640760019,37.6,57.63129335513928,45.6,48.06666666666666,46.96666666666667,42.13333333333333,38.63333333333333,49.46666666666667,46.300000000000004,50.366666666666674,
ddqn_full_safetyon,ddqn,full,on,13,149999.0,-1.1934846321960535,2.697307637812592,31.1,58.88210687270836,52.0,95.79351053247302,45.2,71.1828516189788,42.76666666666667,45.36666666666667,44.0,40.26666666666667,38.06666666666666,46.666666666666664,47.9,56.03333333333333,
ddqn_full_safetyon,ddqn,full,on,14,124999.0,-1.1897500602230398,2.952604540025738,35.0,61.496211071390384,77.3,138.83079309643824,34.9,62.84209599037826,49.06666666666666,51.76666666666667,50.43333333333334,45.76666666666667,42.800000000000004,52.96666666666667,56.00000000000001,54.300000000000004,
ddqn_full_safetyon,ddqn,full,on,15,274999.0,-1.0828912815021727,2.4353612178731527,33.900000000000006,61.45845239484762,60.6,108.51319697202884,31.1,54.05590488723663,41.86666666666667,45.76666666666667,43.699999999999996,38.666666666666664,36.0,47.599999999999994,43.9,48.36666666666667,
ddqn_full_safetyon,ddqn,full,on,16,299999.0,-0.9119098379189516,1.8066928426309028,35.0,53.56957843510923,46.7,85.19720263520243,27.0,45.88741986910155,36.233333333333334,39.06666666666667,37.666666666666664,33.733333333333334,31.73333333333333,40.699999999999996,44.666666666666664,40.8,
ddqn_full_safetyon,ddqn,full,on,17,124999.0,-1.0665325161550774,2.395189153250363,32.0,52.13440341819975,59.0,109.01089731998098,35.3,62.86395624198928,42.1,44.96666666666666,43.43333333333333,39.76666666666667,37.73333333333333,46.5,59.4,47.46666666666667,
ddqn_full_safetyon,ddqn,full,on,18,174999.0,-1.2659425707089254,3.043082181236713,37.4,70.84724326194163,69.5,126.93488919246747,38.7,62.60690905071145,48.53333333333334,51.43333333333334,50.03333333333334,45.79999999999999,42.76666666666667,53.0,50.53333333333333,58.53333333333334,
ddqn_full_safetyon,ddqn,full,on,19,149999.0,-1.5730223799024128,3.8921315083284016,49.1,82.62297943735577,77.3,142.73912443039214,43.9,83.79825495653239,56.76666666666667,59.03333333333333,57.63333333333333,54.36666666666667,51.86666666666667,60.26666666666667,66.0,60.86666666666667,
ddqn_full_safetyon,ddqn,full,on,2,274999.0,-1.1741843101291551,2.643509322501721,30.7,56.44753141988673,53.6,97.57404405365213,41.699999999999996,71.54068470646659,42.0,44.76666666666667,43.26666666666667,38.800000000000004,37.03333333333334,46.46666666666667,49.6,50.16666666666667,
ddqn_full_safetyon,ddqn,full,on,3,174999.0,-1.032201111960282,2.4300226519097547,27.700000000000003,50.70039743537983,62.7,113.56444362753291,36.7,59.47654001022732,42.36666666666667,45.866666666666674,44.26666666666667,39.36666666666667,36.333333333333336,47.9,51.33333333333333,50.76666666666667,
ddqn_full_safetyon,ddqn,full,on,4,74999.0,-1.588394180408006,3.532271726747676,59.699999999999996,96.56228548923362,75.2,141.02761975677498,38.9,72.58708219926656,57.93333333333334,60.43333333333333,59.23333333333333,55.93333333333334,53.866666666666674,61.93333333333334,55.06666666666666,67.06666666666666,
ddqn_full_safetyon,ddqn,full,on,5,224999.0,-1.0543800686274956,2.364202032981814,28.1,49.29083688925411,41.4,76.65720865406044,42.1,66.85991036665023,37.199999999999996,39.300000000000004,38.43333333333333,35.56666666666667,33.76666666666667,40.166666666666664,51.53333333333333,46.1,
ddqn_full_safetyon,ddqn,full,on,6,124999.0,-1.131013940204064,2.545292844860222,35.3,64.76828965867945,62.2,113.08290329208813,30.599999999999998,55.582502620474884,42.699999999999996,46.53333333333333,44.599999999999994,39.63333333333333,37.1,48.800000000000004,54.50000000000001,50.5,
ddqn_full_safetyon,ddqn,full,on,7,174999.0,-1.110784833433674,2.581005867871754,34.699999999999996,61.486504428098364,55.50000000000001,100.55470856326973,33.1,57.19558175931709,41.1,43.73333333333333,42.43333333333333,38.16666666666667,35.9,45.833333333333336,50.7,45.6,
ddqn_full_safetyon,ddqn,full,on,8,49999.0,-1.186069589708556,2.864102538766422,30.3,57.41943991532629,54.50000000000001,100.23220560640219,40.2,70.20448081464377,41.66666666666667,44.76666666666667,43.333333333333336,38.800000000000004,36.96666666666667,47.06666666666666,63.13333333333333,47.63333333333333,
ddqn_full_safetyon,ddqn,full,on,9,224999.0,-1.4262543739483509,3.5441582257829194,38.800000000000004,71.23091195856253,53.1,101.41121270816218,45.800000000000004,81.85214420470275,45.900000000000006,48.199999999999996,46.833333333333336,44.36666666666667,43.1,49.76666666666667,62.1,56.166666666666664,
ddqn_real_only_safetyoff,ddqn,real_only,off,0,224999.0,-0.703310184884602,2.21461589038204,12.3,21.149125873700747,77.3,148.21204873209192,27.700000000000003,47.1084973668855,39.1,40.53333333333334,39.70000000000001,37.766666666666666,36.43333333333334,41.266666666666666,42.46666666666667,43.2,
ddqn_real_only_safetyoff,ddqn,real_only,off,1,249999.0,-0.895592240272262,2.7764919914500585,26.1,42.79982499089489,54.400000000000006,101.99206099768666,29.2,47.69617978083794,36.56666666666667,38.43333333333333,37.56666666666666,34.6,33.03333333333333,39.43333333333334,48.733333333333334,45.03333333333333,
ddqn_real_only_safetyoff,ddqn,real_only,off,10,199999.0,-1.0425791824361381,3.6777577423256727,18.0,29.844645505009634,72.5,138.84287703493223,50.7,74.49609217293288,47.06666666666666,48.63333333333333,47.86666666666667,45.26666666666666,43.46666666666667,48.86666666666667,54.233333333333334,52.2,
ddqn_real_only_safetyoff,ddqn,real_only,off,11,224999.0,-1.0553009126893855,4.564174559708454,17.2,29.68597401052684,77.60000000000001,151.26629304916972,43.5,68.7807484779949,46.1,47.833333333333336,46.86666666666667,44.86666666666667,43.76666666666667,49.03333333333333,54.7,49.9,
ddqn_real_only_safetyoff,ddqn,real_only,off,12,149999.0,-0.8213497641515446,2.8777773578375205,18.9,32.25010047379516,81.5,151.98104361878268,29.799999999999997,45.79862484250402,43.4,45.0,44.26666666666667,41.06666666666667,38.93333333333333,45.86666666666667,47.43333333333333,45.800000000000004,
ddqn_real_only_safetyoff,ddqn,real_only,off,13,249999.0,-0.8805695917384173,3.323422437841945,15.7,20.370120288852434,57.8,111.93192717769811,39.1,67.15704766014122,37.53333333333333,38.833333333333336,38.06666666666666,36.13333333333333,35.199999999999996,39.833333333333336,57.833333333333336,46.33333333333333,
ddqn_real_only_safetyoff,ddqn,real_only,off,14,299999.0,-0.9753488589189945,3.692505630084048,17.4,32.25124768638375,80.9,155.6560038058822,36.8,60.55463844963399,45.03333333333334,46.6,45.800000000000004,43.199999999999996,42.0,47.6,53.333333333333336,48.96666666666666,
ddqn_real_only_safetyoff,ddqn,real_only,off,15,299999.0,-0.9765033873855973,4.762435248368493,11.899999999999999,21.91210100800688,94.39999999999999,188.6991433656209,39.900000000000006,62.49014963018116,48.73333333333333,49.166666666666664,48.93333333333333,48.4,48.199999999999996,48.96666666666667,50.8,53.36666666666666,
ddqn_real_only_safetyoff,ddqn,real_only,off,16,299999.0,-0.8253151449023183,2.1508726933499966,19.6,33.78057934277562,65.9,121.50858692890027,34.9,52.15192336504571,40.13333333333333,42.666666666666664,41.56666666666666,37.699999999999996,35.333333333333336,43.93333333333334,44.333333333333336,43.43333333333334,
ddqn_real_only_safetyoff,ddqn,real_only,off,17,199999.0,-0.8211171571773459,2.6746813087609325,16.6,25.582048193111994,55.2,104.44036488328271,38.1,58.67313638034329,36.63333333333333,40.03333333333333,38.6,34.13333333333333,32.099999999999994,42.0,49.233333333333334,40.166666666666664,
ddqn_real_only_safetyoff,ddqn,real_only,off,18,124999.0,-1.0751376122062484,3.8478397123342476,28.000000000000004,50.481428791888874,75.4,145.68236238914974,28.599999999999998,52.2085666471904,44.0,45.333333333333336,44.43333333333333,42.6,41.36666666666667,46.63333333333333,49.63333333333333,46.733333333333334,
ddqn_real_only_safetyoff,ddqn,real_only,off,19,274999.0,-1.1543637008081156,5.066752786622375,14.899999999999999,22.162557965604005,85.1,166.15972140865446,47.3,86.15593590694989,49.1,49.9,49.5,48.26666666666667,47.20000000000001,50.13333333333333,62.0,52.0,
ddqn_real_only_safetyoff,ddqn,real_only,off,2,224999.0,-0.9806179734999353,2.9055950659312404,42.4,64.84078512238797,50.8,96.92465891667557,23.0,33.23828964350838,38.73333333333333,40.13333333333333,39.4,37.1,35.76666666666667,40.43333333333333,45.800000000000004,47.266666666666666,
ddqn_real_only_safetyoff,ddqn,real_only,off,3,199999.0,-0.934025756245884,2.7682842495004136,22.1,33.018704798708804,60.0,111.40959410684728,43.8,64.72327332031588,41.96666666666666,45.06666666666666,43.26666666666667,39.7,37.46666666666667,46.699999999999996,53.166666666666664,46.43333333333333,
ddqn_real_only_safetyoff,ddqn,real_only,off,4,274999.0,-1.070120719095838,4.90344890216414,18.7,29.84417158028927,93.0,179.08403597624454,36.4,65.85386729946508,49.36666666666667,49.93333333333333,49.73333333333333,48.0,46.86666666666667,49.96666666666667,63.0,59.73333333333334,
ddqn_real_only_safetyoff,ddqn,real_only,off,5,249999.0,-0.8796033332739297,4.617911279220013,7.6,12.870765330564897,95.8,191.38398989160982,34.1,60.254987786210336,45.833333333333336,46.133333333333326,46.0,45.699999999999996,45.5,46.03333333333333,57.166666666666664,50.76666666666667,
ddqn_real_only_safetyoff,ddqn,real_only,off,6,274999.0,-0.9603454282230105,3.2729661584711405,34.2,64.52266096066364,67.30000000000001,131.59982969317196,17.7,25.103212467083694,39.73333333333334,41.199999999999996,40.49999999999999,38.43333333333333,37.833333333333336,42.03333333333333,53.300000000000004,49.6,
ddqn_real_only_safetyoff,ddqn,real_only,off,7,299999.0,-0.9161037422046439,3.148596360779835,17.4,30.511578704855022,63.6,120.03848445652173,38.9,60.99251984282045,39.96666666666667,41.46666666666667,40.63333333333333,38.56666666666666,36.666666666666664,42.300000000000004,49.233333333333334,43.96666666666667,
ddqn_real_only_safetyoff,ddqn,real_only,off,8,274999.0,-0.9470910205204135,3.384184351035354,16.3,23.380524150920397,79.10000000000001,152.732945643649,40.300000000000004,69.57553810168633,45.23333333333334,46.666666666666664,45.93333333333334,44.0,42.53333333333334,47.199999999999996,56.49999999999999,48.766666666666666,
ddqn_real_only_safetyoff,ddqn,real_only,off,9,224999.0,-1.1365090202528914,5.442398958375101,36.8,71.11876220863452,96.3,191.44716525738735,12.0,21.215531358318543,48.36666666666667,48.53333333333333,48.5,48.06666666666667,47.9,48.46666666666666,56.733333333333334,54.0,
ddqn_real_only_safetyon,ddqn,real_only,on,0,274999.0,-0.8635428410127572,1.6460453142616591,36.5,50.232172479137574,50.4,90.63037518982529,25.1,44.096401773082015,37.333333333333336,39.833333333333336,38.43333333333334,35.1,32.53333333333333,41.26666666666667,52.666666666666664,47.03333333333333,
ddqn_real_only_safetyon,ddqn,real_only,on,1,199999.0,-1.0951500940019188,2.34180882350914,34.5,54.178441952277616,50.2,91.17524539660295,37.4,66.13745145912499,40.699999999999996,43.300000000000004,42.06666666666667,37.93333333333334,36.13333333333333,45.199999999999996,54.13333333333333,52.43333333333333,
ddqn_real_only_safetyon,ddqn,real_only,on,10,24999.0,-1.159137707408303,2.7858809007883156,36.199999999999996,62.30780172297383,46.9,87.07429226949301,38.9,62.46246090444754,40.666666666666664,43.366666666666674,42.06666666666666,38.03333333333334,36.266666666666666,45.300000000000004,55.86666666666667,49.4,
ddqn_real_only_safetyon,ddqn,real_only,on,11,99999.0,-1.208546974759808,3.067425781530102,36.7,63.746126013157195,57.3,104.8780831699131,35.5,64.18765604138115,43.166666666666664,46.23333333333333,44.9,40.5,38.53333333333333,47.93333333333334,62.33333333333333,50.43333333333333,
ddqn_real_only_safetyon,ddqn,real_only,on,12,124999.0,-0.9610756161956006,2.270648784967172,27.6,49.24231895796119,59.099999999999994,104.0649092597304,35.099999999999994,53.38300311114365,40.599999999999994,44.0,42.4,36.93333333333333,34.1,45.666666666666664,50.23333333333333,45.96666666666667,
ddqn_real_only_safetyon,ddqn,real_only,on,13,49999.0,-1.1909693057314656,2.720228072539534,31.8,59.90936166293187,59.9,107.24240308778192,41.9,68.76905819839035,44.53333333333333,47.166666666666664,45.800000000000004,41.56666666666667,38.666666666666664,49.300000000000004,54.266666666666666,57.3,
ddqn_real_only_safetyon,ddqn,real_only,on,14,299999.0,-1.2085677203857716,2.917879133246643,40.699999999999996,66.61394248805125,47.599999999999994,88.2208706981905,36.6,63.11517142984308,41.633333333333326,44.0,42.699999999999996,39.699999999999996,37.9,45.6,57.36666666666667,49.03333333333333,
ddqn_real_only_safetyon,ddqn,real_only,on,15,199999.0,-1.1848679475690327,2.5048576128550835,34.9,66.09011685878373,66.9,122.52110888939713,44.6,61.70420421271262,48.800000000000004,52.23333333333333,50.36666666666667,45.6,43.133333333333326,53.53333333333334,52.6,55.766666666666666,
ddqn_real_only_safetyon,ddqn,real_only,on,16,249999.0,-0.882426269064274,1.7978662423927383,29.299999999999997,51.34639369110409,38.7,69.16545637398971,28.599999999999998,45.43639447560373,32.199999999999996,35.266666666666666,33.46666666666666,29.766666666666666,27.666666666666668,37.266666666666666,50.03333333333333,38.766666666666666,
ddqn_real_only_safetyon,ddqn,real_only,on,17,249999.0,-1.0892277194749886,2.3598409208023194,31.7,53.4793429513812,44.0,81.29384319138762,44.3,66.77579442489221,40.0,42.23333333333334,41.1,37.96666666666667,36.333333333333336,43.333333333333336,51.6,46.93333333333333,
ddqn_real_only_safetyon,ddqn,real_only,on,18,224999.0,-1.2734687367187771,3.0763893079864544,38.9,70.3504090205521,64.0,117.78940170822676,39.4,64.60714418163562,47.43333333333334,50.23333333333333,48.86666666666667,44.76666666666667,42.5,51.86666666666667,59.333333333333336,58.8,
ddqn_real_only_safetyon,ddqn,real_only,on,19,274999.0,-1.5647941129086453,3.8697186677712923,41.4,77.2119358510005,76.7,138.60791335436218,55.7,89.90675779052512,57.93333333333334,60.56666666666666,59.4,54.63333333333333,51.56666666666666,61.4,65.7,63.23333333333333,
ddqn_real_only_safetyon,ddqn,real_only,on,2,74999.0,-1.2329124449109308,2.650810320463683,35.0,63.988936449675485,55.1,99.18761365087852,42.3,70.93448781741634,44.133333333333326,47.63333333333333,46.166666666666664,41.06666666666666,38.56666666666667,49.5,53.666666666666664,52.06666666666667,
ddqn_real_only_safetyon,ddqn,real_only,on,3,174999.0,-1.0163289048164115,2.4131666288198965,31.900000000000002,53.39228865405152,50.9,90.80061088634834,30.9,55.621765136850904,37.9,40.9,39.36666666666667,34.63333333333333,32.833333333333336,43.5,52.233333333333334,46.93333333333333,
ddqn_real_only_safetyon,ddqn,real_only,on,4,224999.0,-1.4252021697646748,3.471058502044677,39.900000000000006,72.61356665913742,59.099999999999994,110.84425773719127,50.8,80.68359278439516,49.93333333333334,53.1,51.300000000000004,47.53333333333334,45.333333333333336,54.73333333333334,56.49999999999999,61.73333333333333,
ddqn_real_only_safetyon,ddqn,real_only,on,5,49999.0,-1.0349827868756631,2.3789907051127512,30.099999999999998,49.65237291590363,66.5,119.48795055417108,32.1,60.84439528218865,42.9,46.0,44.666666666666664,40.03333333333333,37.166666666666664,47.366666666666674,53.7,51.53333333333333,
ddqn_real_only_safetyon,ddqn,real_only,on,6,174999.0,-1.1570073898830815,2.530296557544025,37.5,67.25676462092413,49.5,91.91338562566249,34.0,57.78538112727211,40.333333333333336,43.53333333333333,41.76666666666667,37.666666666666664,35.800000000000004,46.166666666666664,55.93333333333334,52.233333333333334,
ddqn_real_only_safetyon,ddqn,real_only,on,7,199999.0,-1.1319248962954847,2.6105997228295426,35.699999999999996,62.24062711726785,65.7,118.45246460041952,34.4,57.972459283661166,45.26666666666667,47.9,46.43333333333333,42.63333333333333,39.6,49.333333333333336,59.66666666666667,50.4,
ddqn_real_only_safetyon,ddqn,real_only,on,8,174999.0,-1.1870802178918407,2.844981516237517,30.4,55.35706126395632,54.2,98.5652500288168,44.6,73.34479057950367,43.06666666666666,46.333333333333336,44.666666666666664,40.0,37.666666666666664,48.29999999999999,62.83333333333333,50.13333333333333,
ddqn_real_only_safetyon,ddqn,real_only,on,9,49999.0,-1.4497940709961754,3.522492174864103,40.9,73.06283830829122,58.699999999999996,109.47326880663502,47.599999999999994,82.95755059519753,49.06666666666666,51.800000000000004,50.13333333333333,46.5,44.86666666666667,53.4,61.8,56.89999999999999,
demand_prop_full_safetyoff,demand_prop,full,off,0,,-0.7539175046449557,1.5940074779239428,22.7,41.05783403779328,19.3,37.05152651543179,28.499999999999996,42.60065331376494,23.5,23.899999999999995,23.73333333333333,22.7,22.03333333333333,24.266666666666666,42.0,28.133333333333333,
demand_prop_full_safetyoff,demand_prop,full,off,1,,-1.0472234771374835,2.3193577710279882,28.000000000000004,51.230568507492734,26.400000000000002,50.68472703961956,39.5,64.95759419357546,31.3,31.633333333333336,31.433333333333337,30.533333333333335,29.96666666666667,32.13333333333333,45.766666666666666,36.4,
demand_prop_full_safetyoff,demand_prop,full,off,10,,-1.1615964928621585,2.7835119291705235,34.599999999999994,63.11036954449388,31.7,61.486369587336796,38.800000000000004,62.7965650424987,35.03333333333333,35.46666666666667,35.13333333333333,34.266666666666666,33.56666666666667,36.13333333333333,51.233333333333334,39.666666666666664,
demand_prop_full_safetyoff,demand_prop,full,off,11,,-1.223729588268177,3.0322197188050706,36.8,67.86786098005553,34.300000000000004,66.8525655046936,38.5,63.537843222215734,36.53333333333333,36.9,36.56666666666666,35.9,35.2,37.53333333333333,61.03333333333333,39.43333333333333,
demand_prop_full_safetyoff,demand_prop,full,off,12,,-0.9937871758712066,2.247170137880528,31.8,56.799809003001776,24.5,47.573025818263034,32.800000000000004,51.859921205596486,29.7,30.166666666666668,29.933333333333337,29.0,28.3,30.666666666666668,46.46666666666667,32.43333333333333,
demand_prop_full_safetyoff,demand_prop,full,off,13,,-1.148046387584749,2.667080952356638,32.7,60.677539503601004,32.9,63.25839715688325,39.6,64.42838335419673,35.06666666666666,35.36666666666667,35.1,34.13333333333333,33.300000000000004,35.833333333333336,50.7,40.8,
demand_prop_full_safetyoff,demand_prop,full,off,14,,-1.1807211026202187,2.889097643206889,35.099999999999994,64.47395129919191,33.4,65.08911942991813,38.5,62.76954360214539,35.666666666666664,36.0,35.733333333333334,34.93333333333333,34.266666666666666,36.599999999999994,54.56666666666666,39.1,
demand_prop_full_safetyoff,demand_prop,full,off,15,,-1.0526455073233711,2.369499228738453,33.2,60.950535722444414,26.900000000000002,52.757592511477974,33.800000000000004,53.838717612376236,31.3,31.900000000000006,31.600000000000005,30.7,30.066666666666666,32.36666666666667,45.06666666666666,35.43333333333333,
demand_prop_full_safetyoff,demand_prop,full,off,16,,-0.8472610867422711,1.783523122730605,28.299999999999997,50.67852657415846,17.7,34.12644062995276,28.000000000000004,42.991343639988166,24.666666666666668,24.933333333333334,24.766666666666662,24.099999999999998,23.566666666666666,25.400000000000002,49.666666666666664,27.566666666666666,
demand_prop_full_safetyoff,demand_prop,full,off,17,,-1.021052329947431,2.3403213160667153,29.299999999999997,53.183363684172356,26.8,52.46092394566728,36.4,58.79373348519926,30.833333333333332,31.3,31.0,30.3,29.599999999999994,31.766666666666662,52.43333333333333,34.46666666666667,
demand_prop_full_safetyoff,demand_prop,full,off,18,,-1.239037492301002,2.9878775897648087,37.9,70.16642018285555,39.0,75.89891277166792,38.6,62.72966959004904,38.5,39.03333333333334,38.7,37.63333333333333,36.833333333333336,39.699999999999996,51.06666666666667,44.53333333333334,
demand_prop_full_safetyoff,demand_prop,full,off,19,,-1.5415786020694997,3.884311214054089,44.9,83.25006513014607,44.0,85.68073854754205,48.199999999999996,81.98198985527756,45.699999999999996,46.166666666666664,45.800000000000004,44.93333333333334,44.1,46.79999999999999,69.69999999999999,48.3,
demand_prop_full_safetyoff,demand_prop,full,off,2,,-1.1452146124060105,2.5904833806952445,33.5,61.3831770698715,29.4,57.02338035828813,38.7,64.17758793272621,33.86666666666667,34.26666666666667,34.03333333333333,33.166666666666664,32.56666666666667,34.800000000000004,50.4,37.7,
demand_prop_full_safetyoff,demand_prop,full,off,3,,-0.9941512792808296,2.425782634660057,29.5,53.43149411404434,26.5,51.26492877978594,34.300000000000004,54.26005901756416,30.100000000000005,30.399999999999995,30.2,29.333333333333332,28.733333333333334,30.900000000000002,53.733333333333334,34.13333333333333,
demand_prop_full_safetyoff,demand_prop,full,off,4,,-1.4227280778003841,3.424548372470148,41.9,77.5187468333436,40.5,78.82995170191316,45.800000000000004,76.13057444524956,42.73333333333334,43.1,42.800000000000004,41.833333333333336,41.13333333333333,43.96666666666667,56.3,48.233333333333334,
demand_prop_full_safetyoff,demand_prop,full,off,5,,-1.0143631331809138,2.3197338902986977,29.599999999999998,53.907547772083376,26.900000000000002,51.409038803428835,35.699999999999996,57.23256142652736,30.73333333333333,30.96666666666667,30.833333333333332,29.833333333333332,29.3,31.333333333333332,55.800000000000004,35.0,
demand_prop_full_safetyoff,demand_prop,full,off,6,,-1.1158987334635209,2.5012689369705123,35.3,63.91403239771571,29.7,56.81411522448323,36.0,57.91601645692791,33.666666666666664,34.03333333333333,33.766666666666666,32.800000000000004,32.06666666666666,34.699999999999996,55.166666666666664,38.56666666666666,
demand_prop_full_safetyoff,demand_prop,full,off,7,,-1.077091412444845,2.545632674900093,33.2,61.28601238156436,28.9,55.88250615010718,33.300000000000004,55.2471665320907,31.8,32.333333333333336,32.03333333333333,31.2,30.566666666666666,32.833333333333336,53.06666666666666,34.46666666666667,
demand_prop_full_safetyoff,demand_prop,full,off,8,,-1.1872677339559554,2.827832270712672,33.6,62.03274550992732,32.6,63.60130969571859,39.1,66.95650308630913,35.1,35.6,35.300000000000004,34.6,33.93333333333333,36.0,65.4,38.333333333333336,
demand_prop_full_safetyoff,demand_prop,full,off,9,,-1.4318079201542486,3.5008266458594948,39.4,74.07967362823724,38.3,74.56308578116553,47.099999999999994,80.9661716034,41.599999999999994,41.86666666666667,41.666666666666664,40.800000000000004,40.166666666666664,42.46666666666666,58.93333333333334,46.800000000000004,
demand_prop_full_safetyon,demand_prop,full,on,0,,-0.750757079320067,1.5744323800858822,23.7,40.9788451484251,19.0,37.54906723184208,27.200000000000003,42.45408795509071,23.3,24.433333333333337,24.066666666666663,22.7,22.066666666666666,24.666666666666668,39.4,35.36666666666667,
demand_prop_full_safetyon,demand_prop,full,on,1,,-1.0328404046746311,2.2845633663762066,28.000000000000004,49.46545479081964,26.400000000000002,51.925101170843945,37.6,65.20385056550109,30.666666666666668,31.633333333333336,31.133333333333336,30.03333333333333,29.633333333333336,32.06666666666667,43.3,44.1,
demand_prop_full_safetyon,demand_prop,full,on,10,,-1.14517499089257,2.7325117355938895,35.199999999999996,62.197451408158024,31.7,62.68803439588043,37.1,61.98242491491173,34.666666666666664,35.86666666666667,35.36666666666667,33.86666666666667,33.3,36.599999999999994,49.233333333333334,46.43333333333333,
demand_prop_full_safetyon,demand_prop,full,on,11,,-1.2137633214434127,2.999579247668594,37.9,66.91381130322702,34.1,68.35584133414245,37.5,63.56600380699303,36.5,37.699999999999996,36.96666666666666,36.03333333333333,35.266666666666666,38.666666666666664,58.766666666666666,43.63333333333333,
demand_prop_full_safetyon,demand_prop,full,on,12,,-0.9685322101817911,2.1994052797097012,31.5,53.913956957190315,25.1,49.19627749735714,31.7,52.105965477502835,29.433333333333334,30.566666666666666,29.96666666666667,28.633333333333336,27.96666666666667,31.0,43.1,35.86666666666667,
demand_prop_full_safetyon,demand_prop,full,on,13,,-1.1437524682372593,2.637888019366764,33.300000000000004,59.81746898025238,32.4,63.88672500881748,38.1,65.02725895435836,34.6,35.6,35.2,34.03333333333334,33.26666666666667,35.9,48.6,49.4,
demand_prop_full_safetyon,demand_prop,full,on,14,,-1.176206082191613,2.861131952951637,36.0,63.330861613372115,33.7,66.69537786101101,37.6,63.72742818776485,35.76666666666667,37.0,36.49999999999999,34.9,34.23333333333333,37.699999999999996,51.63333333333333,44.46666666666667,
demand_prop_full_safetyon,demand_prop,full,on,15,,-1.036409518245594,2.36228779488746,33.900000000000006,60.07558717719954,27.6,54.13071010924117,32.1,52.687145921421966,31.200000000000003,32.233333333333334,31.86666666666667,30.5,29.8,32.800000000000004,42.333333333333336,41.6,
demand_prop_full_safetyon,demand_prop,full,on,16,,-0.8356513018734009,1.7449785324121958,28.7,49.88212922798062,18.6,37.122282313237534,27.0,42.51215603199295,24.766666666666666,25.766666666666666,25.36666666666667,24.200000000000003,23.766666666666666,26.400000000000002,45.96666666666667,32.53333333333333,
demand_prop_full_safetyon,demand_prop,full,on,17,,-1.0053400149060545,2.3114595159540023,30.2,51.51926941219461,27.400000000000002,54.1135905486025,35.199999999999996,58.833627770214754,30.933333333333334,32.03333333333333,31.7,30.2,29.53333333333333,32.46666666666667,49.46666666666666,39.800000000000004,
demand_prop_full_safetyon,demand_prop,full,on,18,,-1.230378207196302,2.961042353149371,38.3,69.5819724884198,39.0,76.71769215981247,36.6,62.36135070936599,37.96666666666667,39.03333333333333,38.699999999999996,37.23333333333333,36.56666666666666,39.63333333333333,49.2,53.56666666666666,
demand_prop_full_safetyon,demand_prop,full,on,19,,-1.5232014238659157,3.8152837570086593,45.0,80.85415543003595,45.1,88.6238346523797,46.9,82.62955555485375,45.666666666666664,46.666666666666664,46.26666666666667,44.96666666666666,44.26666666666667,47.43333333333334,66.93333333333334,52.33333333333333,
demand_prop_full_safetyon,demand_prop,full,on,2,,-1.1414104616600236,2.5727975148791,34.4,60.31397843299519,29.7,57.682413306442655,37.6,65.10239634531231,33.9,34.96666666666667,34.56666666666666,33.1,32.400000000000006,35.46666666666667,47.9,43.5,
demand_prop_full_safetyon,demand_prop,full,on,3,,-0.9798073852716727,2.3646572398116033,30.2,52.24888639460142,26.3,52.27537263789133,33.4,54.18331997915188,29.96666666666667,31.03333333333333,30.7,29.26666666666667,28.666666666666668,31.46666666666667,51.233333333333334,40.63333333333333,
demand_prop_full_safetyon,demand_prop,full,on,4,,-1.4117713391411122,3.4060101264015814,41.9,76.31020571381549,40.699999999999996,80.6203142689513,44.2,76.09437838608743,42.266666666666666,43.6,43.03333333333333,41.599999999999994,40.93333333333333,44.26666666666667,54.400000000000006,56.266666666666666,
demand_prop_full_safetyon,demand_prop,full,on,5,,-1.0043349508972692,2.294565755782033,29.599999999999998,51.04013309983394,26.6,52.31839299774326,35.6,59.40793611555696,30.600000000000005,31.399999999999995,31.133333333333336,29.933333333333326,29.433333333333337,31.766666666666666,52.63333333333333,41.5,
demand_prop_full_safetyon,demand_prop,full,on,6,,-1.1238882243200405,2.4932700181867196,36.3,64.08784860136954,29.9,58.21194886887547,34.8,58.880573288885785,33.666666666666664,35.099999999999994,34.63333333333333,32.900000000000006,32.13333333333333,35.53333333333333,53.1,46.56666666666667,
demand_prop_full_safetyon,demand_prop,full,on,7,,-1.081200985229677,2.509622887600772,34.8,61.41106082967284,29.5,56.34655186501026,32.9,56.09682208856485,32.4,33.56666666666667,33.13333333333333,31.366666666666664,30.76666666666667,33.96666666666667,50.4,39.2,
demand_prop_full_safetyon,demand_prop,full,on,8,,-1.1730798619863967,2.788911091534448,33.300000000000004,59.12346632393453,33.0,64.85469665230585,38.6,68.67627091612657,34.96666666666667,35.93333333333334,35.6,34.36666666666667,33.86666666666667,36.300000000000004,62.133333333333326,43.166666666666664,
demand_prop_full_safetyon,demand_prop,full,on,9,,-1.4284914093880539,3.476872848497416,40.6,74.50923346946307,38.9,76.88083063348364,45.6,80.10556463080945,41.699999999999996,42.56666666666666,42.26666666666667,41.03333333333333,40.5,43.23333333333333,56.233333333333334,54.53333333333333,
dqn_aug_subsample_safetyoff,dqn,aug_subsample,off,0,174999.0,-0.7502000299903366,1.8098047918036144,20.4,38.63357470076638,40.400000000000006,76.17872093173882,23.5,40.97185764240418,28.100000000000005,30.866666666666664,29.099999999999998,26.133333333333336,24.8,33.03333333333333,29.799999999999997,28.733333333333334,
dqn_aug_subsample_safetyoff,dqn,aug_subsample,off,1,274999.0,-0.9426035427395036,2.518747646184533,22.6,42.481271492283796,47.3,90.51210143164418,33.0,56.865390455797495,34.300000000000004,36.53333333333334,35.1,32.9,31.36666666666667,38.333333333333336,35.53333333333333,36.03333333333333,
dqn_aug_subsample_safetyoff,dqn,aug_subsample,off,10,174999.0,-1.0852968355602775,3.029790007102382,30.0,56.77666631653509,54.800000000000004,104.89851106900485,31.7,55.06479166041844,38.833333333333336,40.93333333333333,39.699999999999996,37.1,36.06666666666666,41.733333333333334,40.8,40.03333333333333,
dqn_aug_subsample_safetyoff,dqn,aug_subsample,off,11,224999.0,-1.0691391856878012,3.326063590417224,29.4,54.5823627742073,65.3,123.86036377989998,28.299999999999997,51.80091091626545,40.99999999999999,42.43333333333333,41.53333333333333,39.56666666666666,38.46666666666667,42.93333333333334,44.83333333333333,41.3,
dqn_aug_subsample_safetyoff,dqn,aug_subsample,off,12,274999.0,-0.8965090112744725,2.445498410931095,25.7,46.854386504221246,42.699999999999996,83.36415172917397,26.200000000000003,46.331414098098335,31.53333333333333,33.9,32.53333333333334,30.299999999999997,29.099999999999998,35.733333333333334,36.333333333333336,31.933333333333337,
dqn_aug_subsample_safetyoff,dqn,aug_subsample,off,13,249999.0,-1.0705471238407418,2.8807853796228597,27.200000000000003,52.063161627552255,61.1,116.43815198558248,32.1,58.71911023264281,40.13333333333333,41.73333333333334,41.0,38.8,37.26666666666667,43.1,39.733333333333334,41.43333333333333,
dqn_aug_subsample_safetyoff,dqn,aug_subsample,off,14,299999.0,-1.0779643405548522,3.078262476034336,29.799999999999997,54.558813584515846,54.50000000000001,104.2556274819299,30.4,56.2796369692147,38.23333333333334,40.1,39.03333333333333,36.46666666666667,35.13333333333333,41.96666666666667,40.2,38.93333333333333,
dqn_aug_subsample_safetyoff,dqn,aug_subsample,off,15,249999.0,-1.0231968995925245,2.525870322468972,29.299999999999997,57.20227264410222,64.1,118.80443160988753,27.6,48.95931780338029,40.333333333333336,43.56666666666666,41.93333333333334,38.099999999999994,35.8,45.1,36.733333333333334,42.66666666666667,
dqn_aug_subsample_safetyoff,dqn,aug_subsample,off,16,249999.0,-0.8079968280008368,1.9429348825088326,24.3,45.82668411452996,46.6,86.25644129368486,22.1,38.95567209425933,31.0,33.86666666666667,32.233333333333334,28.700000000000003,27.299999999999997,36.1,34.233333333333334,33.53333333333333,
dqn_aug_subsample_safetyoff,dqn,aug_subsample,off,17,274999.0,-0.9342669410000427,2.603689273435998,23.9,44.9206935437909,46.2,87.85361007963334,29.9,52.17028728104442,33.333333333333336,34.43333333333333,33.86666666666667,32.0,30.96666666666667,35.53333333333333,36.666666666666664,34.86666666666667,
dqn_aug_subsample_safetyoff,dqn,aug_subsample,off,18,199999.0,-1.1663133670698083,3.1982147009442943,32.5,62.01765619149478,62.4,119.62269093129478,31.8,57.72276898202124,42.233333333333334,43.666666666666664,42.800000000000004,40.666666666666664,39.43333333333333,45.46666666666667,42.96666666666666,46.03333333333333,
dqn_aug_subsample_safetyoff,dqn,aug_subsample,off,19,299999.0,-1.4075016742603899,4.109156367290684,37.8,73.08958039781041,72.39999999999999,137.95558909949307,40.0,70.39793307200136,50.06666666666666,51.9,51.06666666666666,48.333333333333336,46.56666666666667,53.29999999999999,53.333333333333336,49.766666666666666,
dqn_aug_subsample_safetyoff,dqn,aug_subsample,off,2,249999.0,-1.0781480986707874,2.7469468709387392,28.299999999999997,54.48596191150922,51.4,98.84742850375142,31.4,58.83407952672968,37.03333333333333,38.333333333333336,37.43333333333334,36.199999999999996,35.266666666666666,39.36666666666667,38.96666666666667,40.5,
dqn_aug_subsample_safetyoff,dqn,aug_subsample,off,3,174999.0,-0.9308939614260547,2.4822854208261056,26.700000000000003,49.05007146270707,48.3,91.93492395033952,26.6,47.7271181332169,33.86666666666667,36.46666666666667,35.0,31.900000000000002,30.76666666666667,38.1,38.63333333333333,36.86666666666667,
dqn_aug_subsample_safetyoff,dqn,aug_subsample,off,4,249999.0,-1.354783695819941,3.6924958149585074,36.8,71.05356565253395,65.3,126.38428824399055,36.8,69.07073618188075,46.29999999999999,48.333333333333336,47.366666666666674,44.833333333333336,43.96666666666667,49.96666666666667,46.800000000000004,49.13333333333333,
dqn_aug_subsample_safetyoff,dqn,aug_subsample,off,5,299999.0,-0.9051620116049107,2.4281820735269948,23.7,43.50855076360311,47.0,88.08533183872953,29.4,51.35930444256211,33.36666666666667,35.46666666666667,34.53333333333333,31.633333333333336,30.299999999999997,36.86666666666667,40.43333333333333,36.86666666666667,
dqn_aug_subsample_safetyoff,dqn,aug_subsample,off,6,174999.0,-1.0565611337774166,2.7059054387199235,31.0,58.50660552832171,61.4,117.90408910605058,27.3,50.47146680679244,39.9,42.43333333333334,41.06666666666667,38.3,37.0,43.4,38.666666666666664,42.46666666666667,
dqn_aug_subsample_safetyoff,dqn,aug_subsample,off,7,249999.0,-1.037466815318469,2.7297284508658195,29.2,56.66003354878168,50.3,96.27866787706365,29.5,51.23814284652508,36.333333333333336,38.03333333333334,37.2,34.7,33.699999999999996,39.4,40.0,38.13333333333333,
dqn_aug_subsample_safetyoff,dqn,aug_subsample,off,8,299999.0,-1.1065268870476135,3.016628261490954,27.800000000000004,52.96778964444522,52.1,100.68503517608117,33.0,62.51373936426503,37.63333333333333,39.166666666666664,38.36666666666667,36.56666666666667,35.53333333333334,40.53333333333333,45.56666666666666,37.5,
dqn_aug_subsample_safetyoff,dqn,aug_subsample,off,9,249999.0,-1.3592952701070784,3.7113418439644876,35.0,66.34615938303601,63.3,122.40189611284266,39.6,75.32837553805884,45.96666666666667,47.73333333333333,46.96666666666667,44.5,43.366666666666674,49.333333333333336,49.36666666666667,48.9,
dqn_aug_subsample_safetyon,dqn,aug_subsample,on,0,124999.0,-0.7798735938320466,1.6251726769521326,21.8,39.84107137761651,40.6,74.59042475175819,29.099999999999998,45.36388905086268,30.5,32.733333333333334,31.266666666666662,28.766666666666666,26.900000000000002,34.46666666666667,36.233333333333334,35.099999999999994,
dqn_aug_subsample_safetyon,dqn,aug_subsample,on,1,274999.0,-1.0504271418262656,2.315798919560306,25.8,48.50181302785291,39.6,74.1990582309794,40.699999999999996,67.43187678696698,35.36666666666667,37.333333333333336,36.300000000000004,33.53333333333333,32.233333333333334,38.53333333333333,45.83333333333333,43.03333333333333,
dqn_aug_subsample_safetyon,dqn,aug_subsample,on,10,274999.0,-1.1295197272450572,2.7812665932152534,32.4,60.80603488247608,44.1,84.29849302441801,36.4,59.763374593120666,37.63333333333333,39.36666666666667,38.43333333333333,36.300000000000004,34.93333333333333,40.43333333333334,45.1,45.5,
dqn_aug_subsample_safetyon,dqn,aug_subsample,on,11,299999.0,-1.187078866363519,3.0530123173584824,34.8,62.66675173977579,49.5,94.28385239124275,37.7,63.03731526947482,40.666666666666664,42.699999999999996,41.699999999999996,39.333333333333336,37.800000000000004,43.96666666666666,57.333333333333336,45.5,
dqn_aug_subsample_safetyon,dqn,aug_subsample,on,12,149999.0,-0.9668347362934869,2.2531595000487665,28.9,51.85643590843607,50.8,93.2922546315784,29.2,51.18564108537635,36.3,38.633333333333326,37.56666666666666,34.1,32.13333333333333,40.03333333333334,41.06666666666667,40.6,
dqn_aug_subsample_safetyon,dqn,aug_subsample,on,13,174999.0,-1.148983026786707,2.6945819972340033,30.599999999999998,57.56917233494077,46.7,88.59750185770174,37.0,66.45763927252433,38.1,40.03333333333333,39.03333333333333,36.6,35.333333333333336,42.36666666666667,51.13333333333333,47.333333333333336,
dqn_aug_subsample_safetyon,dqn,aug_subsample,on,14,224999.0,-1.170362797694667,2.9133372062916,30.9,58.40513189293214,49.2,91.89140460177973,42.6,67.1739893939913,40.9,43.5,42.1,38.333333333333336,36.93333333333333,45.23333333333333,48.13333333333333,46.2,
dqn_aug_subsample_safetyon,dqn,aug_subsample,on,15,99999.0,-1.1030086647092694,2.4617914380680013,32.800000000000004,63.2006017437132,56.599999999999994,102.52992020368086,34.300000000000004,54.71511171934496,41.23333333333334,43.53333333333333,42.53333333333333,38.733333333333334,36.46666666666667,45.03333333333334,39.63333333333333,46.400000000000006,
dqn_aug_subsample_safetyon,dqn,aug_subsample,on,16,224999.0,-0.8409400766365722,1.79386462573586,26.5,48.391152129738686,44.3,78.06881292315165,22.6,41.97768104132256,31.133333333333336,32.833333333333336,32.13333333333333,29.033333333333335,27.033333333333335,33.666666666666664,41.833333333333336,35.9,
dqn_aug_subsample_safetyon,dqn,aug_subsample,on,17,149999.0,-1.0175513923910369,2.374816814827122,28.799999999999997,50.67670074885461,45.5,83.58110929413915,34.2,59.34764343089731,36.166666666666664,38.26666666666666,37.166666666666664,33.96666666666667,32.300000000000004,39.833333333333336,47.86666666666667,40.2,
dqn_aug_subsample_safetyon,dqn,aug_subsample,on,18,174999.0,-1.2173933426379044,3.033694115568856,36.199999999999996,66.66780073064923,59.4,113.87995597642113,35.199999999999996,61.17789411514302,43.599999999999994,45.699999999999996,44.76666666666667,42.166666666666664,40.699999999999996,46.76666666666667,52.6,48.56666666666667,
dqn_aug_subsample_safetyon,dqn,aug_subsample,on,19,174999.0,-1.5441106009344716,3.8770278795891184,41.9,78.30615541781955,70.3,132.03232895269926,45.7,85.21831946495213,52.633333333333326,54.46666666666667,53.53333333333334,50.800000000000004,49.0,55.6,63.0,56.39999999999999,
dqn_aug_subsample_safetyon,dqn,aug_subsample,on,2,274999.0,-1.1682983672107485,2.6595624758489587,30.099999999999998,56.510722857925,50.0,93.0704022991306,39.0,70.37313937923815,39.699999999999996,41.733333333333334,40.53333333333333,37.93333333333333,36.33333333333333,43.23333333333333,46.03333333333333,45.96666666666667,
dqn_aug_subsample_safetyon,dqn,aug_subsample,on,3,174999.0,-1.0124520722031134,2.436368585366581,28.799999999999997,52.50706190837344,37.2,71.03346272200757,35.3,56.943638345939085,33.766666666666666,36.233333333333334,34.93333333333333,32.13333333333333,30.8,37.9,50.73333333333333,39.86666666666667,
dqn_aug_subsample_safetyon,dqn,aug_subsample,on,4,274999.0,-1.3763149068473686,3.4519636796699302,40.1,74.7153499843701,62.7,117.83056444159998,39.2,70.44837746553316,47.333333333333336,49.76666666666667,48.366666666666674,45.4,43.76666666666667,50.4,53.6,58.333333333333336,
dqn_aug_subsample_safetyon,dqn,aug_subsample,on,5,149999.0,-1.0142452485997027,2.3451879206707726,28.7,51.212132503784275,43.4,80.106312163478,30.9,58.407114664350246,34.333333333333336,36.13333333333333,35.23333333333333,32.56666666666666,31.133333333333336,37.6,47.4,41.0,
dqn_aug_subsample_safetyon,dqn,aug_subsample,on,6,49999.0,-1.155070125290909,2.54489969140723,33.800000000000004,64.5724651905556,50.3,93.58259278056977,35.4,60.185764955515836,39.833333333333336,42.56666666666667,41.03333333333333,37.46666666666667,36.1,45.03333333333333,53.03333333333333,47.3,
dqn_aug_subsample_safetyon,dqn,aug_subsample,on,7,149999.0,-1.0879465042852279,2.5759663185183235,31.3,59.164468550154574,62.9,114.4620258349769,31.4,55.5172417357718,41.86666666666667,43.666666666666664,42.9,39.93333333333333,37.266666666666666,45.63333333333333,50.33333333333333,45.46666666666667,
dqn_aug_subsample_safetyon,dqn,aug_subsample,on,8,299999.0,-1.164300423391107,2.854763746041807,30.8,57.49286821017816,52.1,99.73071746341098,36.0,66.70581584114716,39.63333333333333,41.9,40.56666666666666,37.93333333333333,36.766666666666666,43.26666666666667,60.266666666666666,44.3,
dqn_aug_subsample_safetyon,dqn,aug_subsample,on,9,174999.0,-1.4259609870861485,3.524805913746782,38.4,72.59211455939428,50.4,97.28310720143186,44.7,80.35419463475951,44.5,45.76666666666667,45.26666666666667,43.133333333333326,42.199999999999996,47.6,56.166666666666664,50.83333333333333,
dqn_full_safetyoff,dqn,full,off,0,299999.0,-0.6712048113548532,1.9240849772000697,18.2,32.89370170019589,77.3,134.07336078528908,18.7,32.41583403351572,38.06666666666667,39.8,39.06666666666667,35.03333333333334,31.23333333333333,40.6,34.5,44.36666666666667,
dqn_full_safetyoff,dqn,full,off,1,299999.0,-0.8891151941842755,3.0920233339509626,17.1,25.77923861510177,88.2,166.11658898410747,32.4,59.856947101113676,45.900000000000006,47.06666666666666,46.400000000000006,44.1,42.300000000000004,47.63333333333333,40.266666666666666,49.43333333333334,
dqn_full_safetyoff,dqn,full,off,10,199999.0,-1.0232128933434215,3.5944730304645107,23.5,41.27335097169566,70.5,136.715083488981,32.1,58.26584553320944,42.03333333333333,43.26666666666667,42.46666666666666,40.86666666666667,40.03333333333333,44.13333333333333,46.733333333333334,48.6,
dqn_full_safetyoff,dqn,full,off,11,274999.0,-0.9610320777484729,3.48362262543745,28.7,45.5606731568478,80.9,153.52632333433792,24.6,44.745719305031756,44.73333333333334,46.53333333333333,45.63333333333333,42.76666666666667,41.26666666666667,47.166666666666664,48.36666666666667,46.86666666666667,
dqn_full_safetyoff,dqn,full,off,12,299999.0,-0.8569222366647934,3.024087090307688,18.099999999999998,31.101613390695007,84.3,160.98254707135436,27.0,49.61728832667606,43.133333333333326,43.46666666666666,43.300000000000004,42.36666666666667,40.96666666666667,43.666666666666664,42.96666666666666,46.800000000000004,
dqn_full_safetyoff,dqn,full,off,13,149999.0,-1.1557968944369412,3.5978625337564987,29.599999999999998,53.66541785140653,71.2,139.6934326286076,37.6,61.91980124140004,46.13333333333333,47.03333333333333,46.633333333333326,45.46666666666667,44.5,47.166666666666664,44.03333333333334,50.16666666666667,
dqn_full_safetyoff,dqn,full,off,14,299999.0,-0.9331276503736557,3.6396263331643177,20.5,30.752956451019607,72.0,138.80088803117297,33.7,58.04669773301361,42.06666666666667,43.23333333333333,42.6,40.86666666666667,39.50000000000001,44.13333333333333,45.666666666666664,45.0,
dqn_full_safetyoff,dqn,full,off,15,249999.0,-1.0675066445871952,2.900457503333528,28.499999999999996,55.51254288105582,90.7,176.50394935708877,27.6,49.73000798133506,48.93333333333334,49.53333333333333,49.23333333333333,48.166666666666664,47.4,49.73333333333333,45.6,47.96666666666667,
dqn_full_safetyoff,dqn,full,off,16,224999.0,-0.7714406528285209,2.233783401788511,24.099999999999998,44.6742923908762,67.4,125.47322956281516,20.200000000000003,30.630905297303176,37.233333333333334,39.333333333333336,38.166666666666664,35.233333333333334,33.13333333333333,41.166666666666664,38.46666666666667,39.166666666666664,
dqn_full_safetyoff,dqn,full,off,17,199999.0,-0.8715022018382699,3.098016050034002,14.000000000000002,19.53518332385061,72.89999999999999,138.97655287273582,35.099999999999994,66.47221149801815,40.666666666666664,42.26666666666666,41.43333333333333,39.3,37.73333333333334,43.26666666666667,36.9,43.6,
dqn_full_safetyoff,dqn,full,off,18,299999.0,-0.9881035587916588,3.5112347536689206,24.4,41.595296487006244,88.7,167.54681040001842,30.0,51.80963620361174,47.699999999999996,48.5,48.0,46.199999999999996,44.26666666666667,48.76666666666667,43.13333333333333,49.333333333333336,
dqn_full_safetyoff,dqn,full,off,19,249999.0,-1.3170090440881637,4.461365644135037,44.9,88.285233999783,83.6,158.68968880320554,21.4,35.850341699212336,49.96666666666667,50.93333333333334,50.4,48.96666666666667,47.03333333333333,51.199999999999996,57.93333333333334,53.46666666666666,
dqn_full_safetyoff,dqn,full,off,2,274999.0,-1.1359624442280472,2.8331459879631904,29.5,55.87373527516806,64.3,118.85185314940378,35.9,63.71359658034646,43.23333333333333,44.86666666666667,43.800000000000004,41.233333333333334,39.166666666666664,46.26666666666667,42.86666666666667,45.666666666666664,
dqn_full_safetyoff,dqn,full,off,3,249999.0,-0.8739829357212411,3.2422592543344773,19.8,34.63043252426257,69.3,131.03572373225663,27.800000000000004,48.76914838530149,38.96666666666667,41.199999999999996,40.03333333333333,37.199999999999996,35.4,43.133333333333326,41.86666666666667,42.63333333333333,
dqn_full_safetyoff,dqn,full,off,4,299999.0,-1.172679978603774,3.8851714662872565,29.7,45.87217866639454,83.89999999999999,163.01640153787605,37.8,69.92973270802676,50.46666666666666,52.1,51.23333333333333,49.23333333333333,48.0,52.1,49.266666666666666,57.333333333333336,
dqn_full_safetyoff,dqn,full,off,5,224999.0,-0.8230236045537889,2.6594269661499794,15.7,25.406682217167724,81.5,151.58402862281702,29.599999999999998,55.24298865359456,42.266666666666666,43.5,43.13333333333333,40.666666666666664,38.5,44.0,45.766666666666666,45.46666666666667,
dqn_full_safetyoff,dqn,full,off,6,149999.0,-0.9369739851608478,3.9868244344649044,13.700000000000001,23.993566033421562,96.6,190.90232263920262,31.0,59.63588198451362,47.1,47.36666666666667,47.26666666666666,47.0,46.43333333333334,47.23333333333333,48.86666666666667,51.26666666666667,
dqn_full_safetyoff,dqn,full,off,7,199999.0,-0.9464628661327731,3.312885964590482,17.8,31.102282734119957,75.7,144.2574674904964,35.5,61.30700180536876,43.0,44.03333333333333,43.53333333333333,41.56666666666666,40.1,44.6,42.266666666666666,45.46666666666667,
dqn_full_safetyoff,dqn,full,off,8,224999.0,-1.000605445117921,3.49094519153339,17.1,27.86625727582338,85.39999999999999,164.34869893215722,38.1,69.85100198417572,46.86666666666667,48.166666666666664,47.53333333333333,45.76666666666666,44.333333333333336,48.4,52.93333333333333,49.53333333333333,
dqn_full_safetyoff,dqn,full,off,9,199999.0,-1.2311361673099872,4.653808706088084,36.7,70.24255825665232,86.2,168.22547783187403,27.900000000000002,43.23771929809761,50.26666666666667,51.199999999999996,50.833333333333336,49.166666666666664,48.166666666666664,51.46666666666667,56.2,57.666666666666664,
dqn_full_safetyon,dqn,full,on,0,174999.0,-0.7937619625828454,1.6386228026680136,24.6,43.01368051590429,62.6,108.75134652884519,24.9,41.775475941084,37.36666666666667,41.53333333333333,39.36666666666667,33.1,30.400000000000002,43.53333333333334,40.13333333333333,44.166666666666664,
dqn_full_safetyon,dqn,full,on,1,174999.0,-1.1471818183825053,2.362687717219645,26.6,49.595232017414496,58.3,105.62875995220477,56.10000000000001,78.18830210123883,47.0,49.56666666666666,48.333333333333336,44.366666666666674,41.73333333333334,52.29999999999999,49.833333333333336,56.2,
dqn_full_safetyon,dqn,full,on,10,224999.0,-1.1660620156588033,2.82263406755978,34.2,61.71099199243775,66.7,126.22556979375318,32.7,60.584417305209485,44.53333333333334,46.699999999999996,45.699999999999996,43.03333333333333,41.0,47.833333333333336,49.0,53.56666666666666,
dqn_full_safetyon,dqn,full,on,11,49999.0,-1.2445879703217162,3.0375460280622395,35.8,66.05795394310128,48.699999999999996,90.75940452152618,41.6,67.5782467003528,42.03333333333333,44.43333333333334,43.23333333333333,40.166666666666664,38.300000000000004,46.133333333333326,59.56666666666667,47.93333333333333,
dqn_full_safetyon,dqn,full,on,12,299999.0,-0.9639413773300399,2.329604040097741,25.7,46.08712161716216,58.8,109.72039319042734,37.7,56.33342335560837,40.733333333333334,43.29999999999999,42.0,38.699999999999996,36.73333333333333,44.9,44.166666666666664,45.03333333333333,
dqn_full_safetyon,dqn,full,on,13,224999.0,-1.1854094023280763,2.7465206829498436,30.5,57.46039636463936,74.3,136.8049678666903,39.1,68.34102518370372,47.96666666666667,50.166666666666664,49.166666666666664,46.1,43.1,51.333333333333336,48.199999999999996,54.333333333333336,
dqn_full_safetyon,dqn,full,on,14,199999.0,-1.2065017980275414,2.9772177162461784,33.2,62.23762369790531,69.39999999999999,129.2182614100295,37.0,64.49339267980697,46.53333333333333,49.300000000000004,47.900000000000006,44.73333333333333,42.53333333333333,50.300000000000004,51.0,52.1,
dqn_full_safetyon,dqn,full,on,15,249999.0,-1.0638517698640908,2.4173531778500967,36.6,61.38749167694836,59.199999999999996,109.83117590012893,28.299999999999997,51.31372867103118,41.36666666666667,44.06666666666667,42.800000000000004,39.13333333333333,37.0,45.86666666666667,44.333333333333336,47.43333333333333,
dqn_full_safetyon,dqn,full,on,16,49999.0,-0.8743023951903507,1.796626968019017,27.700000000000003,50.645187434193495,39.2,71.52435035551564,31.0,45.205186501289674,32.63333333333333,36.53333333333334,34.53333333333334,29.866666666666664,27.8,39.13333333333333,42.46666666666667,38.43333333333334,
dqn_full_safetyon,dqn,full,on,17,49999.0,-1.0353764843364202,2.386440273753733,27.900000000000002,51.851432464127214,57.9,105.42882457756937,37.4,59.37451533991193,41.06666666666666,44.53333333333334,43.0,38.5,35.833333333333336,46.166666666666664,48.266666666666666,47.199999999999996,
dqn_full_safetyon,dqn,full,on,18,74999.0,-1.3319510433649353,3.049721622401472,37.5,70.8841228079846,56.89999999999999,106.62611503576356,45.4,72.69974781493899,46.599999999999994,48.46666666666667,47.4,44.6,42.6,49.5,52.300000000000004,58.333333333333336,
dqn_full_safetyon,dqn,full,on,19,99999.0,-1.584512358324529,3.9393912366198545,41.8,79.28986692110871,73.9,139.3868215939736,57.699999999999996,89.50867754230639,57.800000000000004,60.333333333333336,59.333333333333336,55.4,53.29999999999999,61.56666666666666,68.03333333333333,61.93333333333333,
dqn_full_safetyon,dqn,full,on,2,149999.0,-1.1687004884331305,2.6292781781746797,33.4,59.0221894403247,60.0,105.64526536473595,39.300000000000004,67.75946316263021,44.23333333333334,47.86666666666667,45.96666666666667,40.36666666666667,37.03333333333333,50.333333333333336,48.03333333333333,52.06666666666667,
dqn_full_safetyon,dqn,full,on,3,99999.0,-1.0071359255932752,2.4271126346089944,28.599999999999998,52.50269064862967,45.2,81.21199575424944,33.300000000000004,55.74139515065741,35.699999999999996,38.333333333333336,37.13333333333333,33.1,31.3,39.93333333333334,52.53333333333333,45.63333333333333,
dqn_full_safetyon,dqn,full,on,4,149999.0,-1.4631958815380257,3.4906764194690707,38.6,72.9288853451929,84.2,154.83878076957248,52.800000000000004,82.43204530250513,58.53333333333334,60.633333333333326,59.866666666666674,56.26666666666667,53.300000000000004,61.03333333333333,56.699999999999996,65.83333333333333,
dqn_full_safetyon,dqn,full,on,5,249999.0,-1.0564816728786381,2.4040187183147905,26.900000000000002,49.9908000784738,57.4,103.79114092561827,39.300000000000004,64.33772184368488,41.199999999999996,44.333333333333336,42.699999999999996,38.333333333333336,36.03333333333333,45.833333333333336,50.83333333333333,47.8,
dqn_full_safetyon,dqn,full,on,6,199999.0,-1.1296392411813276,2.554379289864323,33.5,61.742130045757044,55.400000000000006,102.42215587361929,40.300000000000004,59.86920141614074,43.06666666666667,46.26666666666667,44.53333333333333,40.4,38.13333333333333,47.833333333333336,53.63333333333333,52.400000000000006,
dqn_full_safetyon,dqn,full,on,7,174999.0,-1.1214650936330026,2.5753539040877915,36.0,63.67664218128321,53.400000000000006,96.52089218947958,31.7,56.21696793384124,40.36666666666667,42.46666666666667,41.166666666666664,38.166666666666664,35.8,44.300000000000004,51.83333333333333,45.93333333333333,
dqn_full_safetyon,dqn,full,on,8,174999.0,-1.2207979782544465,2.8492280528568976,34.2,60.024576909205805,59.599999999999994,107.97028412738919,42.8,71.97704294937276,45.53333333333333,49.03333333333334,47.366666666666674,42.43333333333334,39.53333333333333,51.199999999999996,62.36666666666667,51.46666666666667,
dqn_full_safetyon,dqn,full,on,9,74999.0,-1.4503319475076422,3.526750203845372,37.9,70.97193716120513,66.0,121.876443317708,51.2,84.67401995203886,51.70000000000001,53.833333333333336,52.699999999999996,49.0,46.93333333333334,55.633333333333326,56.13333333333333,60.099999999999994,
dqn_real_only_safetyoff,dqn,real_only,off,0,299999.0,-0.7184992006908777,1.8903875000446089,17.0,28.135427915906618,43.3,79.71099676674777,33.6,48.65006399599016,31.3,33.46666666666666,32.1,28.900000000000002,27.7,35.13333333333333,43.233333333333334,35.699999999999996,
dqn_real_only_safetyoff,dqn,real_only,off,1,224999.0,-0.8792951273904812,2.855676995911898,15.6,25.428213182232536,70.6,131.21149473018107,33.900000000000006,63.07918142734612,40.03333333333333,42.23333333333334,41.13333333333333,37.63333333333333,35.733333333333334,43.43333333333334,49.666666666666664,45.6,
dqn_real_only_safetyoff,dqn,real_only,off,10,249999.0,-1.0658545915813737,3.6902530265377367,24.099999999999998,44.39729996242959,77.2,148.714448450757,35.6,59.24444100105734,45.63333333333333,47.166666666666664,46.63333333333333,44.46666666666666,43.0,47.96666666666666,45.9,49.9,
dqn_real_only_safetyoff,dqn,real_only,off,11,249999.0,-1.104995033788136,3.999875727725952,20.3,36.5975141684363,71.8,136.8251150724886,41.8,72.60504822782207,44.633333333333326,47.199999999999996,46.03333333333334,42.26666666666666,40.63333333333333,49.06666666666666,52.1,49.2,
dqn_real_only_safetyoff,dqn,real_only,off,12,249999.0,-0.8558397076710166,2.9124350518150797,29.599999999999998,44.07692172757043,78.8,151.44428837502838,20.599999999999998,36.270274528509226,43.0,44.56666666666666,43.666666666666664,41.4,39.86666666666667,44.666666666666664,51.96666666666667,45.9,
dqn_real_only_safetyoff,dqn,real_only,off,13,299999.0,-1.0111373577849618,3.2501405739067106,34.2,55.99375158779065,59.699999999999996,117.52830644088206,27.1,43.60964814398831,40.333333333333336,42.4,41.4,39.199999999999996,38.23333333333334,43.0,51.5,45.86666666666667,
dqn_real_only_safetyoff,dqn,real_only,off,14,299999.0,-0.9774800524581444,4.568128435965717,20.0,29.370120591343596,94.3,188.07429345988396,29.5,55.14285979080759,47.93333333333334,48.133333333333326,48.06666666666666,47.666666666666664,47.53333333333333,48.06666666666666,53.333333333333336,49.733333333333334,
dqn_real_only_safetyoff,dqn,real_only,off,15,274999.0,-0.9099002147026263,3.7050967682661184,23.1,35.829472668463424,81.2,157.73007624953385,26.1,47.014659157246044,43.46666666666667,45.03333333333333,44.13333333333333,42.03333333333334,40.833333333333336,45.76666666666666,47.16666666666667,48.266666666666666,
dqn_real_only_safetyoff,dqn,real_only,off,16,224999.0,-0.8172183620598555,2.2047323176483187,27.0,38.628794517513406,43.6,79.9997450149077,27.700000000000003,47.55509951398727,32.766666666666666,34.800000000000004,33.53333333333334,30.899999999999995,29.366666666666664,36.03333333333334,48.699999999999996,37.63333333333333,
dqn_real_only_safetyoff,dqn,real_only,off,17,299999.0,-0.9145717142497837,3.3329790780033117,15.9,27.01665785539708,80.60000000000001,157.5960680532594,36.9,60.64775404746943,44.46666666666667,45.4,44.9,43.63333333333333,42.56666666666667,45.96666666666667,55.266666666666666,47.266666666666666,
dqn_real_only_safetyoff,dqn,real_only,off,18,224999.0,-1.0347895639700904,3.856765511105323,23.0,39.570021665663994,66.7,130.66312979703102,36.5,60.66965962964484,42.06666666666667,43.699999999999996,42.900000000000006,40.93333333333333,39.833333333333336,44.6,47.5,49.4,
dqn_real_only_safetyoff,dqn,real_only,off,19,299999.0,-1.1164836290390208,4.49734170322506,19.2,29.834210122101364,80.9,157.59364082806837,40.6,76.629676867334,46.900000000000006,48.06666666666666,47.5,45.76666666666667,44.866666666666674,48.93333333333334,58.233333333333334,50.46666666666667,
dqn_real_only_safetyoff,dqn,real_only,off,2,249999.0,-1.00878257579971,2.9455335983485247,33.4,62.32710585720299,63.5,117.26223251815276,31.5,38.789765761177826,42.800000000000004,45.833333333333336,44.199999999999996,40.43333333333333,37.96666666666667,47.43333333333334,56.93333333333334,46.833333333333336,
dqn_real_only_safetyoff,dqn,real_only,off,3,99999.0,-1.0592832666874512,3.324211741655729,27.3,48.45229501312769,65.5,126.73023896170979,35.6,57.86799532783807,42.800000000000004,44.56666666666666,43.56666666666666,41.43333333333333,40.233333333333334,45.800000000000004,48.06666666666667,48.13333333333333,
dqn_real_only_safetyoff,dqn,real_only,off,4,274999.0,-1.1384771043153845,4.338054022491035,23.400000000000002,42.28602406061988,68.30000000000001,133.08487246095086,41.199999999999996,68.12208922748539,44.300000000000004,46.0,45.1,43.1,42.1,46.699999999999996,57.833333333333336,53.93333333333333,
dqn_real_only_safetyoff,dqn,real_only,off,5,249999.0,-0.8422068898461079,2.605238919209378,18.8,24.928462520321748,60.8,114.226640609016,36.7,62.04724465829752,38.766666666666666,41.46666666666667,40.06666666666666,36.699999999999996,34.53333333333333,43.366666666666674,53.6,42.5,
dqn_real_only_safetyoff,dqn,real_only,off,6,149999.0,-1.1237487738795529,2.6424523440429923,42.3,63.4701008848916,55.60000000000001,107.10120316945704,32.9,55.98011516286605,43.6,46.166666666666664,44.800000000000004,41.6,40.2,47.53333333333333,54.833333333333336,49.166666666666664,
dqn_real_only_safetyoff,dqn,real_only,off,7,174999.0,-0.9626393903725695,2.960506174742001,40.0,65.2586867464533,48.6,94.72996287956458,23.5,29.92928926256078,37.36666666666667,38.63333333333333,37.96666666666667,36.2,35.03333333333333,39.6,49.1,39.83333333333333,
dqn_real_only_safetyoff,dqn,real_only,off,8,249999.0,-0.914467179916003,3.446879104439444,11.1,18.156150153151994,51.1,100.98150111744441,41.8,73.81315375777659,34.666666666666664,35.6,35.199999999999996,34.1,33.46666666666667,36.8,61.46666666666667,39.2,
dqn_real_only_safetyoff,dqn,real_only,off,9,249999.0,-1.2513917146013236,3.863968770478306,30.9,48.75158221908071,59.9,116.49557501465144,42.199999999999996,80.64263878980073,44.333333333333336,45.93333333333334,45.29999999999999,43.0,42.1,46.86666666666667,59.699999999999996,48.46666666666667,
dqn_real_only_safetyon,dqn,real_only,on,0,249999.0,-0.7956524096890328,1.6333527941950683,26.900000000000002,44.40057340436733,44.6,78.20502593237858,25.1,42.20511470161039,32.199999999999996,35.0,33.53333333333334,29.233333333333334,27.099999999999998,36.800000000000004,40.400000000000006,42.86666666666667,
dqn_real_only_safetyon,dqn,real_only,on,1,174999.0,-1.0222448787490894,2.3523140965383122,27.6,45.952870529748324,53.5,95.35449319697294,36.9,65.33382653716743,39.333333333333336,42.43333333333333,41.06666666666667,36.03333333333333,33.93333333333334,44.20000000000001,47.333333333333336,50.7,
dqn_real_only_safetyon,dqn,real_only,on,10,99999.0,-1.2175741165659657,2.7995957349855836,36.199999999999996,63.323847676600415,42.699999999999996,82.10924388001844,46.9,69.6460269791464,41.93333333333333,44.13333333333333,42.79999999999999,40.199999999999996,39.13333333333333,45.93333333333334,56.8,51.7,
dqn_real_only_safetyon,dqn,real_only,on,11,174999.0,-1.2421391458372177,3.0598822912999393,34.699999999999996,65.39600752050397,52.1,96.53051441175573,44.0,67.75539217953845,43.6,46.833333333333336,45.13333333333333,41.13333333333333,39.233333333333334,48.6,56.86666666666667,49.93333333333334,
dqn_real_only_safetyon,dqn,real_only,on,12,174999.0,-0.9658219338355343,2.2965317291630036,28.299999999999997,48.39416253657033,62.3,110.92679250784389,33.4,54.04852030404908,41.333333333333336,43.466666666666676,42.36666666666667,38.199999999999996,35.833333333333336,44.9,51.300000000000004,46.300000000000004,
dqn_real_only_safetyon,dqn,real_only,on,13,299999.0,-1.1811240824442566,2.7389161850373767,31.7,59.36936412421928,60.199999999999996,110.58978319486563,43.5,67.77604244826222,45.133333333333326,48.199999999999996,46.73333333333333,42.6,40.03333333333333,49.699999999999996,58.96666666666667,57.36666666666667,
dqn_real_only_safetyon,dqn,real_only,on,14,174999.0,-1.1945207634386716,2.903047824579983,34.2,63.36029738636296,54.800000000000004,101.38830401030471,40.1,64.22239562834466,43.03333333333333,45.833333333333336,44.43333333333334,40.46666666666667,38.63333333333333,47.9,54.0,50.0,
dqn_real_only_safetyon,dqn,real_only,on,15,149999.0,-1.1202102846574404,2.418755009001028,32.1,60.741620399441715,57.9,104.14830581537993,45.6,61.04144242539495,45.199999999999996,48.666666666666664,46.9,42.300000000000004,39.4,50.099999999999994,53.233333333333334,52.56666666666666,
dqn_real_only_safetyon,dqn,real_only,on,16,99999.0,-0.8974429762373943,1.8016331699027914,30.8,53.43689831760483,38.800000000000004,70.36158568690863,26.700000000000003,44.92246822391599,32.1,35.46666666666666,33.8,29.433333333333334,27.366666666666664,38.166666666666664,46.1,37.166666666666664,
dqn_real_only_safetyon,dqn,real_only,on,17,274999.0,-1.0552855231190503,2.363077854087993,29.799999999999997,52.687654047988225,53.900000000000006,96.39094353787648,40.300000000000004,62.13533068379267,41.333333333333336,44.333333333333336,42.73333333333333,38.1,35.53333333333334,46.56666666666666,49.6,48.46666666666667,
dqn_real_only_safetyon,dqn,real_only,on,18,74999.0,-1.3065133420250241,3.073529412557905,38.3,71.68211450684653,69.8,127.62968517520022,46.2,67.3284292158649,51.43333333333334,54.133333333333326,52.866666666666674,48.699999999999996,46.13333333333335,55.36666666666667,56.13333333333333,61.8,
dqn_real_only_safetyon,dqn,real_only,on,19,274999.0,-1.578636063923287,3.877268788957099,42.8,79.31774007923391,73.3,134.2829385415949,52.300000000000004,89.19241674423367,56.13333333333333,58.20000000000001,57.0,53.4,50.76666666666667,59.5,71.63333333333334,61.36666666666667,
dqn_real_only_safetyon,dqn,real_only,on,2,249999.0,-1.1827182776056184,2.6292436039530016,38.5,62.39255166919937,57.099999999999994,105.78451762947736,39.6,65.80699015800643,45.06666666666666,48.56666666666666,47.03333333333334,42.53333333333333,40.06666666666666,50.56666666666666,52.900000000000006,52.233333333333334,
dqn_real_only_safetyon,dqn,real_only,on,3,149999.0,-1.03199287242622,2.4330374977351905,34.0,52.956868565240484,58.9,106.91001540265921,33.0,57.372773788126196,41.96666666666667,45.699999999999996,43.76666666666667,39.166666666666664,36.400000000000006,47.20000000000001,57.4,51.43333333333333,
dqn_real_only_safetyon,dqn,real_only,on,4,174999.0,-1.4416854389402043,3.493350294306452,38.6,73.34914315154883,73.3,133.2400781642137,49.2,80.26245604385247,53.70000000000001,56.06666666666666,54.86666666666667,50.96666666666667,48.1,57.29999999999999,55.333333333333336,64.76666666666667,
dqn_real_only_safetyon,dqn,real_only,on,5,174999.0,-1.044073290409977,2.3786287923236964,28.599999999999998,48.66945097502379,63.800000000000004,116.8269054299136,35.6,63.276634844290264,42.666666666666664,44.93333333333334,43.833333333333336,40.4,38.1,46.26666666666666,59.63333333333334,49.9,
dqn_real_only_safetyon,dqn,real_only,on,6,149999.0,-1.19840920583506,2.573992589709721,39.0,68.1591734347277,54.800000000000004,101.04268829109954,35.3,61.46611772513486,43.03333333333334,45.63333333333333,44.0,40.79999999999999,38.4,48.0,58.666666666666664,51.63333333333333,
dqn_real_only_safetyon,dqn,real_only,on,7,124999.0,-1.1593987756324886,2.60525196217388,33.6,63.632859849871224,55.50000000000001,99.31812399945117,40.8,61.583759227053534,43.300000000000004,46.300000000000004,44.56666666666666,40.1,37.86666666666667,48.166666666666664,58.333333333333336,48.3,
dqn_real_only_safetyon,dqn,real_only,on,8,274999.0,-1.2089124490064007,2.859204416601957,32.6,58.59397784244991,66.10000000000001,123.26882004678492,41.199999999999996,70.4380096525265,46.63333333333333,48.800000000000004,47.666666666666664,44.56666666666667,42.333333333333336,50.56666666666666,68.13333333333334,53.03333333333333,
dqn_real_only_safetyon,dqn,real_only,on,9,249999.0,-1.4494054814387294,3.526884010104387,40.400000000000006,72.60679483400854,54.1,100.3935015168066,45.6,83.76949142384875,46.699999999999996,49.1,48.166666666666664,44.0,42.43333333333334,50.53333333333333,61.06666666666667,56.166666666666664,
equal_split_full_safetyoff,equal_split,full,off,0,,-1.7818769919010011,1.7317664992972737,20.1,38.41507425424901,17.5,34.42440177449637,98.8,186.33197553637348,45.46666666666667,45.73333333333333,45.56666666666666,45.23333333333333,45.0,45.76666666666667,41.16666666666667,50.26666666666667,
equal_split_full_safetyoff,equal_split,full,off,1,,-1.963628533445099,2.4492002908302952,25.1,48.20569515168699,24.3,47.22378443090525,99.9,193.67574881300914,49.76666666666667,49.93333333333334,49.76666666666667,49.366666666666674,49.23333333333333,50.0,45.06666666666666,55.1,
equal_split_full_safetyoff,equal_split,full,off,10,,-2.066101255667769,2.9273522957550595,30.599999999999998,59.47982255367507,29.299999999999997,57.20421535248549,98.3,190.46662400000002,52.73333333333333,53.1,52.800000000000004,52.43333333333334,52.03333333333333,53.13333333333333,51.13333333333333,57.56666666666666,
equal_split_full_safetyoff,equal_split,full,off,11,,-2.096256392846936,3.1631626751151716,33.300000000000004,64.74454768107218,31.900000000000002,62.678561618871754,97.8,186.47901165369947,54.333333333333336,54.73333333333333,54.36666666666667,54.1,53.633333333333326,54.76666666666667,60.43333333333333,57.4,
equal_split_full_safetyoff,equal_split,full,off,12,,-1.975486277726181,2.3929802115454963,28.1,54.04206197151858,22.5,44.167493785507396,98.3,189.14220150266934,49.63333333333333,49.96666666666667,49.666666666666664,49.4,49.1,50.0,45.96666666666667,52.5,
equal_split_full_safetyoff,equal_split,full,off,13,,-2.0272540621045243,2.7855409094457984,29.5,57.45802720416186,30.599999999999998,59.85769974611962,98.5,188.40510692523424,52.86666666666667,53.199999999999996,52.93333333333334,52.53333333333333,52.23333333333333,53.199999999999996,50.06666666666667,58.86666666666667,
equal_split_full_safetyoff,equal_split,full,off,14,,-2.063964884168459,3.02356581148907,31.5,61.36627710252795,31.4,61.60204643492497,98.4,187.07314728726345,53.76666666666667,54.06666666666666,53.76666666666667,53.5,53.133333333333326,54.06666666666667,53.400000000000006,57.36666666666667,
equal_split_full_safetyoff,equal_split,full,off,15,,-2.022942111921289,2.5263977127909607,29.7,58.03840726007908,25.1,49.255703161291024,98.4,189.6339173419825,51.06666666666666,51.26666666666667,51.06666666666666,50.866666666666674,50.6,51.333333333333336,45.56666666666666,55.36666666666667,
equal_split_full_safetyoff,equal_split,full,off,16,,-1.874980392613884,1.927756562052574,25.1,47.973135921582085,16.1,31.45598313241312,98.4,186.7122593548474,46.53333333333334,46.800000000000004,46.56666666666666,46.366666666666674,46.133333333333326,46.76666666666667,48.5,49.56666666666666,
equal_split_full_safetyoff,equal_split,full,off,17,,-1.9640553371138316,2.4778032102073273,26.200000000000003,50.18262282820928,24.9,49.093132880528835,99.5,191.14980094157107,50.199999999999996,50.5,50.26666666666667,50.0,49.699999999999996,50.56666666666666,51.733333333333334,53.96666666666666,
equal_split_full_safetyoff,equal_split,full,off,18,,-2.1122251231048748,3.122338087088921,34.2,66.47458934840662,36.5,71.64020772915859,97.89999999999999,186.37712903093086,56.199999999999996,56.666666666666664,56.26666666666667,55.833333333333336,55.4,56.699999999999996,50.66666666666667,62.53333333333333,
equal_split_full_safetyoff,equal_split,full,off,19,,-2.3073401219936396,4.008420503993202,40.5,79.46555382935335,41.199999999999996,81.02206264272012,99.5,190.91348972231884,60.4,60.800000000000004,60.4,60.166666666666664,59.63333333333333,60.86666666666667,68.63333333333334,63.2,
equal_split_full_safetyoff,equal_split,full,off,2,,-2.035675634120136,2.718853503961631,29.9,57.85905081180259,27.3,53.225932485295786,99.0,190.00241014666574,52.06666666666666,52.300000000000004,52.06666666666666,51.76666666666667,51.4,52.333333333333336,49.666666666666664,56.13333333333333,
equal_split_full_safetyoff,equal_split,full,off,3,,-1.9370312871815003,2.5554360215684753,26.400000000000002,50.66881511021954,24.4,47.95143094027899,98.3,186.46927126915918,49.699999999999996,50.03333333333333,49.833333333333336,49.46666666666666,49.06666666666666,50.166666666666664,52.400000000000006,53.86666666666666,
equal_split_full_safetyoff,equal_split,full,off,4,,-2.2340380611702066,3.5585227372447825,37.8,73.70754239166574,37.9,74.39630456804879,99.2,191.23904706347318,58.29999999999999,58.6,58.333333333333336,57.96666666666666,57.56666666666666,58.666666666666664,55.43333333333334,64.06666666666668,
equal_split_full_safetyoff,equal_split,full,off,5,,-1.9473627099959285,2.4390727053464296,26.700000000000003,50.6757166883093,24.7,48.12640079133901,99.4,188.72705610569642,50.26666666666667,50.5,50.26666666666667,49.93333333333334,49.70000000000001,50.63333333333333,53.900000000000006,54.800000000000004,
equal_split_full_safetyoff,equal_split,full,off,6,,-1.992850122806329,2.634388689928207,31.1,59.7886191980109,27.200000000000003,52.78141066201087,97.7,182.6870110080213,52.0,52.333333333333336,52.03333333333334,51.6,51.0,52.333333333333336,54.46666666666666,57.199999999999996,
equal_split_full_safetyoff,equal_split,full,off,7,,-2.0380466396962302,2.6899488554828674,30.3,58.49740613817045,26.6,52.11384084374617,99.0,189.8732429759429,51.96666666666667,52.23333333333333,51.96666666666667,51.699999999999996,51.4,52.333333333333336,52.06666666666667,54.800000000000004,
equal_split_full_safetyoff,equal_split,full,off,8,,-2.0263747008163855,2.9361671006646626,30.599999999999998,58.69778999341668,30.4,59.904777218320696,98.6,185.8707966275463,53.199999999999996,53.6,53.333333333333336,52.96666666666666,52.666666666666664,53.666666666666664,63.9,56.666666666666664,
equal_split_full_safetyoff,equal_split,full,off,9,,-2.2065052469299324,3.617443736429273,36.3,70.84878238491581,36.199999999999996,71.29872994634107,99.2,190.58240984817263,57.23333333333333,57.53333333333333,57.29999999999999,56.9,56.699999999999996,57.56666666666666,57.833333333333336,62.76666666666667,
equal_split_full_safetyon,equal_split,full,on,0,,-0.8978579743116258,1.577803831243857,21.7,39.61473368862802,17.4,34.40330421026581,63.5,66.1148890854724,34.199999999999996,34.9,34.56666666666666,33.43333333333333,32.43333333333333,34.9,40.06666666666667,43.1,
equal_split_full_safetyon,equal_split,full,on,1,,-1.1649979586146129,2.2889639303146967,26.6,48.335465900687936,24.8,49.055603585719666,69.8,86.37084755079425,40.4,41.13333333333333,40.699999999999996,39.699999999999996,38.86666666666667,41.53333333333334,43.766666666666666,50.23333333333333,
equal_split_full_safetyon,equal_split,full,on,10,,-1.2890608498804863,2.7343111049983237,32.7,60.38888607940132,30.2,59.71778872409577,69.5,85.41364192260441,44.13333333333333,44.73333333333333,44.4,43.20000000000001,42.36666666666667,45.300000000000004,49.03333333333333,52.800000000000004,
equal_split_full_safetyon,equal_split,full,on,11,,-1.3377363434722291,3.003474003351753,35.3,65.38951537185774,32.7,65.15907974673459,69.1,83.98462493243636,45.699999999999996,46.5,46.0,44.76666666666667,43.666666666666664,47.06666666666666,58.699999999999996,51.06666666666667,
equal_split_full_safetyon,equal_split,full,on,12,,-1.1168875412170276,2.2024301547036815,29.5,52.95120377931684,23.200000000000003,46.26379843549017,66.7,75.3536305710836,39.800000000000004,40.53333333333333,40.233333333333334,39.06666666666667,37.96666666666667,40.93333333333334,43.93333333333334,45.03333333333333,
equal_split_full_safetyon,equal_split,full,on,13,,-1.2718844984844457,2.6422086885356726,31.2,58.206024711079266,31.2,61.356534758724884,68.8,86.04171224756244,43.73333333333333,44.4,44.06666666666666,42.93333333333334,42.1,44.5,49.3,54.800000000000004,
equal_split_full_safetyon,equal_split,full,on,14,,-1.3141558313948372,2.867650283158069,33.900000000000006,62.17673791532584,31.8,63.1833552344174,69.3,85.58059727168003,45.0,45.73333333333333,45.4,44.03333333333334,43.333333333333336,46.1,51.7,51.56666666666667,
equal_split_full_safetyon,equal_split,full,on,15,,-1.1968299080679454,2.3663255526139086,32.5,59.22273378283498,25.900000000000002,51.42353479514983,67.0,77.41600730005652,41.800000000000004,42.56666666666667,42.13333333333333,40.93333333333334,40.0,42.73333333333333,42.333333333333336,49.833333333333336,
equal_split_full_safetyon,equal_split,full,on,16,,-0.9871787254506287,1.7484643000595055,26.8,48.87158936788461,17.299999999999997,34.53197364791925,64.1,66.39993603424324,36.06666666666666,36.9,36.36666666666667,35.233333333333334,34.166666666666664,36.9,46.1,41.63333333333333,
equal_split_full_safetyon,equal_split,full,on,17,,-1.1374906571108054,2.3150156197808487,27.800000000000004,50.212172291901744,25.900000000000002,51.57896637352813,67.9,80.1208038866121,40.53333333333334,41.266666666666666,40.900000000000006,39.833333333333336,38.833333333333336,41.63333333333333,50.0,46.96666666666667,
equal_split_full_safetyon,equal_split,full,on,18,,-1.3601243152559432,2.9673350037100565,35.9,67.61586850846365,37.0,73.27042441002814,67.80000000000001,84.05709953672861,46.900000000000006,47.76666666666667,47.300000000000004,46.26666666666667,45.5,48.13333333333333,49.833333333333336,58.56666666666667,
equal_split_full_safetyon,equal_split,full,on,19,,-1.6361529823164025,3.818551508142053,42.6,79.37154589101614,42.9,85.07690855690839,73.6,101.24303824961156,53.03333333333333,54.03333333333333,53.36666666666667,52.06666666666666,50.96666666666667,54.43333333333334,67.10000000000001,58.06666666666666,
equal_split_full_safetyon,equal_split,full,on,2,,-1.2666136684709304,2.5767256267783747,31.8,58.64562354078458,27.400000000000002,54.32654925139058,69.5,85.85552522415519,42.9,43.73333333333333,43.23333333333333,42.2,41.36666666666667,44.03333333333333,48.8,50.26666666666667,
equal_split_full_safetyon,equal_split,full,on,3,,-1.119525802453394,2.3676972244379813,27.400000000000002,50.839859439016365,25.3,49.86990800777245,66.60000000000001,76.60900067288111,39.76666666666667,40.43333333333334,40.13333333333333,38.93333333333334,38.0,40.733333333333334,51.6,47.4,
equal_split_full_safetyon,equal_split,full,on,4,,-1.543611711456438,3.4113155056707676,40.0,74.72818813634629,38.5,76.33263160753098,72.89999999999999,97.48311123061289,50.46666666666666,51.06666666666667,50.73333333333333,49.6,49.06666666666666,51.69999999999999,54.7,61.06666666666667,
equal_split_full_safetyon,equal_split,full,on,5,,-1.1389430848269988,2.29848561383824,27.500000000000004,49.68503555722269,25.5,49.555147199209145,67.5,81.06553416562427,40.166666666666664,40.5,40.333333333333336,39.23333333333334,38.300000000000004,40.50000000000001,53.0,48.53333333333333,
equal_split_full_safetyon,equal_split,full,on,6,,-1.2525131215753293,2.4981145436830503,33.800000000000004,62.11039321951673,27.500000000000004,53.67730359449123,67.5,80.52638288057402,42.93333333333334,43.53333333333334,43.13333333333333,41.833333333333336,40.699999999999996,43.833333333333336,53.666666666666664,52.900000000000006,
equal_split_full_safetyon,equal_split,full,on,7,,-1.2185042307499974,2.514125131663691,32.7,60.250347793346215,27.1,52.84748591020752,67.30000000000001,78.02493963170541,42.366666666666674,42.866666666666674,42.6,41.50000000000001,40.0,43.333333333333336,50.866666666666674,47.833333333333336,
equal_split_full_safetyon,equal_split,full,on,8,,-1.2882921190728467,2.7928767590941153,30.9,57.65259795553971,31.0,61.52601259407217,69.3,87.82387413268124,43.73333333333333,44.5,44.133333333333326,42.86666666666667,41.73333333333333,44.666666666666664,62.866666666666674,50.16666666666667,
equal_split_full_safetyon,equal_split,full,on,9,,-1.5458487336761235,3.4820768670028635,38.5,72.7686050523092,36.9,73.62979012204279,73.3,99.64397922670865,49.56666666666666,50.20000000000001,49.96666666666667,48.79999999999999,48.20000000000001,50.666666666666664,56.86666666666667,59.56666666666667,
no_control_full_safetyoff,no_control,full,off,0,,-2.205344550944823,4.0312155921967365,62.0,120.35990380561078,35.8,71.71550567187622,67.7,129.3234490429569,55.166666666666664,55.5,55.400000000000006,55.0,54.866666666666674,55.56666666666666,59.833333333333336,60.633333333333326,
no_control_full_safetyoff,no_control,full,off,1,,-2.0990127179683533,4.753933828307794,38.3,73.26236808173225,56.89999999999999,113.68202985160664,82.3,161.67155978106183,59.166666666666664,59.4,59.26666666666666,59.0,58.666666666666664,59.29999999999999,59.9,63.33333333333333,
no_control_full_safetyoff,no_control,full,off,10,,-2.2914690196131655,5.189872975706063,66.8,132.37255786339568,55.1,110.09896512419735,61.9,116.04841213703254,61.26666666666667,61.36666666666667,61.333333333333336,61.23333333333333,61.166666666666664,61.333333333333336,59.53333333333334,65.73333333333333,
no_control_full_safetyoff,no_control,full,off,11,,-2.2705965753857,5.452842317063763,62.6,125.11848336087722,70.0,139.57028194292332,59.599999999999994,117.5656177648474,64.06666666666666,64.23333333333333,64.23333333333333,63.93333333333333,63.800000000000004,64.5,66.96666666666667,66.56666666666666,
no_control_full_safetyoff,no_control,full,off,12,,-2.4033418935393502,5.028527365832383,63.9,126.3913649005767,58.599999999999994,117.11300550994143,71.2,139.03117666756484,64.56666666666666,64.66666666666667,64.63333333333333,64.53333333333333,64.46666666666665,64.63333333333333,60.86666666666667,67.56666666666666,
no_control_full_safetyoff,no_control,full,off,13,,-1.9918450857782384,4.886572285885421,53.2,103.79557509599192,70.7,140.35507688599594,54.6,108.24556765901067,59.5,59.6,59.53333333333333,59.26666666666666,59.13333333333333,59.599999999999994,58.4,62.33333333333333,
no_control_full_safetyoff,no_control,full,off,14,,-2.11456667319662,4.869867797865681,60.0,118.31885245627672,58.099999999999994,116.36867815949483,55.50000000000001,109.86700255662434,57.86666666666667,58.300000000000004,58.1,57.73333333333333,57.666666666666664,58.43333333333334,60.96666666666667,61.23333333333333,
no_control_full_safetyoff,no_control,full,off,15,,-2.1618676029426322,4.5233609076351025,64.4,127.17822701103871,51.1,102.03124094217642,55.00000000000001,109.39762311480864,56.833333333333336,56.900000000000006,56.866666666666674,56.800000000000004,56.73333333333333,56.866666666666674,56.166666666666664,61.133333333333326,
no_control_full_safetyoff,no_control,full,off,16,,-2.2678964351538093,4.399625410783798,74.2,147.89230882164236,43.2,84.89563965633045,51.9,101.8357427338137,56.43333333333334,56.43333333333334,56.43333333333334,56.166666666666664,55.800000000000004,56.666666666666664,57.53333333333334,59.333333333333336,
no_control_full_safetyoff,no_control,full,off,17,,-2.291691459100708,4.801949496552475,50.2,98.80206928463487,54.300000000000004,107.81518376908345,79.4,158.25865724865974,61.300000000000004,61.6,61.53333333333334,60.93333333333334,60.866666666666674,62.03333333333333,60.96666666666667,65.26666666666667,
no_control_full_safetyoff,no_control,full,off,18,,-2.2213001017890046,5.139851363720698,65.9,130.6250348344418,71.7,142.88991536190738,55.00000000000001,106.45394279606013,64.2,64.39999999999999,64.33333333333333,64.0,63.96666666666667,64.36666666666667,63.93333333333333,67.03333333333333,
no_control_full_safetyoff,no_control,full,off,19,,-2.313380203467676,5.713387989245863,52.0,101.64181897370278,62.5,124.58189171002134,75.5,150.14618052286198,63.333333333333336,63.43333333333334,63.36666666666667,63.20000000000001,63.1,63.666666666666664,65.4,67.66666666666666,
no_control_full_safetyoff,no_control,full,off,2,,-2.2380336019646783,4.851949933408477,55.60000000000001,109.43452986753698,42.3,84.38323800069315,73.1,139.74543658346835,57.0,57.13333333333333,57.06666666666666,56.86666666666667,56.79999999999999,57.06666666666666,57.833333333333336,62.36666666666667,
no_control_full_safetyoff,no_control,full,off,3,,-2.4055418154059636,4.708320038463597,66.3,128.2610219415243,52.400000000000006,103.2708003408704,70.89999999999999,140.50852322197406,63.199999999999996,63.46666666666667,63.29999999999999,62.96666666666666,62.76666666666667,63.4,59.86666666666667,66.06666666666666,
no_control_full_safetyoff,no_control,full,off,4,,-2.3391138725395075,5.610832638650422,64.60000000000001,127.68100485722996,69.5,138.53736487660618,64.7,123.11982248994151,66.26666666666667,66.33333333333333,66.26666666666667,66.2,66.16666666666667,66.39999999999999,64.8,70.06666666666666,
no_control_full_safetyoff,no_control,full,off,5,,-2.339924760969151,4.675261580705232,56.89999999999999,111.45277864778767,43.8,87.63763936238162,76.7,152.33836130415804,59.133333333333326,59.46666666666666,59.29999999999999,59.06666666666666,59.0,59.5,61.36666666666667,64.26666666666667,
no_control_full_safetyoff,no_control,full,off,6,,-2.2951040322220595,4.280817759923701,77.0,152.57821260908761,49.3,97.80519736451285,52.5,100.22375710087569,59.6,59.800000000000004,59.666666666666664,59.333333333333336,59.03333333333333,59.93333333333334,60.03333333333334,66.16666666666666,
no_control_full_safetyoff,no_control,full,off,7,,-2.412442426866241,5.005048397944142,72.39999999999999,143.2808280771954,52.400000000000006,104.48295906770534,61.5,121.44496534964526,62.1,62.166666666666664,62.13333333333333,62.0,61.93333333333334,62.1,63.83333333333333,65.63333333333333,
no_control_full_safetyoff,no_control,full,off,8,,-2.275447768507593,5.2821976722706205,51.4,98.48211892131282,61.0,121.60319928822346,76.6,152.05599706671816,63.0,63.26666666666666,63.166666666666664,62.800000000000004,62.699999999999996,63.333333333333336,63.733333333333334,65.76666666666667,
no_control_full_safetyoff,no_control,full,off,9,,-2.333575744571931,5.373766186540854,59.4,116.15924544830678,62.2,122.70717567877116,71.2,138.65121079869283,64.26666666666667,64.36666666666666,64.3,63.9,63.73333333333333,64.43333333333334,63.03333333333333,68.26666666666667,
no_control_full_safetyon,no_control,full,on,0,,-0.8707751254660361,1.6830872222774893,27.700000000000003,47.03678793456986,23.200000000000003,45.516807015986835,30.099999999999998,50.733956989745344,27.0,28.700000000000003,27.76666666666667,25.933333333333334,25.36666666666667,30.266666666666666,39.93333333333333,38.43333333333334,
no_control_full_safetyon,no_control,full,on,1,,-1.1541969968895538,2.400164067679482,31.7,54.049561071614995,33.2,62.90502242703292,42.699999999999996,75.32608624958286,35.86666666666667,37.26666666666667,36.46666666666666,34.5,33.46666666666667,38.93333333333333,44.03333333333334,48.56666666666667,
no_control_full_safetyon,no_control,full,on,10,,-1.2209611963234388,2.8128956210282583,38.3,66.91936736182329,36.199999999999996,70.57648250281976,38.5,66.01689935019829,37.666666666666664,39.53333333333333,38.333333333333336,36.4,35.400000000000006,41.53333333333333,48.0,48.9,
no_control_full_safetyon,no_control,full,on,11,,-1.255777100755412,3.0743186553820827,39.0,69.40852718182413,39.2,77.47864564773604,38.0,65.50208514000403,38.733333333333334,40.96666666666667,40.1,37.666666666666664,37.03333333333334,42.4,57.36666666666667,45.166666666666664,
no_control_full_safetyon,no_control,full,on,12,,-1.0788952069247852,2.3200515521751575,34.8,59.48952188854766,31.6,60.443961555688034,35.099999999999994,59.4538583893312,33.833333333333336,35.9,34.699999999999996,32.1,31.433333333333337,37.43333333333333,42.93333333333334,39.766666666666666,
no_control_full_safetyon,no_control,full,on,13,,-1.2102381713344417,2.7411893241972543,35.4,61.8400591188329,38.3,75.12607951217824,39.0,70.58881651952129,37.56666666666666,39.86666666666667,38.73333333333333,36.333333333333336,35.666666666666664,41.03333333333333,48.333333333333336,51.733333333333334,
no_control_full_safetyon,no_control,full,on,14,,-1.2291464613260779,2.9289790158912163,39.0,66.87081009902369,39.0,76.36127998357226,38.800000000000004,66.02858629635931,38.93333333333334,40.70000000000001,39.73333333333333,37.333333333333336,36.53333333333333,42.833333333333336,49.6,46.53333333333333,
no_control_full_safetyon,no_control,full,on,15,,-1.1325146458698354,2.455220164631814,38.5,65.27230077615926,33.6,64.7505072491136,35.199999999999996,58.87501218355226,35.76666666666666,37.63333333333333,36.800000000000004,34.23333333333333,33.26666666666667,39.23333333333333,41.43333333333333,44.9,
no_control_full_safetyon,no_control,full,on,16,,-0.950176887080576,1.8458308230399818,33.6,57.31571544196137,23.9,46.34925730685738,29.799999999999997,48.61270325881558,29.099999999999998,31.066666666666666,30.0,27.900000000000002,26.86666666666667,33.03333333333333,44.13333333333333,36.36666666666667,
no_control_full_safetyon,no_control,full,on,17,,-1.1088349175074927,2.42670917159425,32.1,55.68256638517228,32.4,63.43519725625131,38.4,66.87933476736443,34.300000000000004,36.06666666666667,35.06666666666667,32.93333333333333,32.4,37.76666666666667,48.733333333333334,42.733333333333334,
no_control_full_safetyon,no_control,full,on,18,,-1.31184528405964,3.0484260993067265,42.4,74.76948333029402,44.3,85.68054913579853,38.5,66.52116908493623,41.73333333333333,43.166666666666664,42.333333333333336,40.6,39.53333333333333,44.06666666666666,50.03333333333333,56.06666666666666,
no_control_full_safetyon,no_control,full,on,19,,-1.5840980229223915,3.8943430832923767,46.5,82.29942446276769,49.9,98.26606192705303,50.1,88.36589804344959,48.833333333333336,50.36666666666667,49.666666666666664,47.666666666666664,47.0,51.96666666666667,64.76666666666667,54.63333333333333,
no_control_full_safetyon,no_control,full,on,2,,-1.2613728667869906,2.685732684016404,39.2,66.40186739883137,33.800000000000004,65.41154804849754,41.9,73.49532794033824,38.300000000000004,40.1,39.23333333333333,36.63333333333333,35.96666666666667,41.4,48.6,46.43333333333333,
no_control_full_safetyon,no_control,full,on,3,,-1.0720045214344958,2.438005163618052,33.1,56.56840188749904,30.599999999999998,60.38146669453958,35.0,60.907358233210445,32.9,34.93333333333334,33.73333333333334,31.833333333333332,31.2,36.63333333333333,50.1,43.03333333333333,
no_control_full_safetyon,no_control,full,on,4,,-1.499398852278594,3.5040215914933492,46.2,81.20462146491364,47.3,91.90032579070987,47.199999999999996,81.31623006630355,46.9,48.73333333333333,47.63333333333333,45.800000000000004,44.9,49.800000000000004,55.13333333333333,59.4,
no_control_full_safetyon,no_control,full,on,5,,-1.1020260579960488,2.384081957047535,32.1,54.74716095682907,30.4,59.40941890058215,38.0,67.61168329603746,33.5,35.33333333333333,34.23333333333334,32.300000000000004,31.7,37.300000000000004,51.43333333333333,43.56666666666666,
no_control_full_safetyon,no_control,full,on,6,,-1.199449800711193,2.568082356106257,40.2,69.95109770851117,34.2,66.29987702510599,36.4,61.6185089040526,36.93333333333334,39.03333333333333,37.86666666666667,35.6,34.53333333333333,40.5,53.46666666666666,48.766666666666666,
no_control_full_safetyon,no_control,full,on,7,,-1.1996658586648647,2.6133071502986125,39.4,68.787004677041,32.800000000000004,63.808682010539755,36.9,62.733448610313886,36.36666666666667,38.03333333333334,37.36666666666667,35.4,34.5,39.300000000000004,49.4,42.4,
no_control_full_safetyon,no_control,full,on,8,,-1.2428038065569635,2.896306028085444,34.4,59.73637035736696,37.1,73.71397638908282,42.3,76.48396748717784,37.93333333333333,40.199999999999996,39.03333333333334,37.0,36.03333333333333,41.4,60.66666666666667,45.56666666666666,
no_control_full_safetyon,no_control,full,on,9,,-1.5002067347436137,3.5666248831240828,42.699999999999996,77.27454896680162,43.3,84.24201830040306,47.9,85.84495932418119,44.63333333333333,46.26666666666666,45.333333333333336,43.5,42.56666666666666,47.5,55.833333333333336,56.03333333333333,
ppo_aug_subsample_safetyoff,ppo,aug_subsample,off,0,51200.0,-0.9199037206985653,3.7973589659586158,25.8,49.88666509931271,95.7,190.78928875164647,19.1,28.41904699570014,46.86666666666667,46.96666666666667,46.96666666666667,46.599999999999994,46.46666666666667,46.96666666666666,48.0,47.3,
ppo_aug_subsample_safetyoff,ppo,aug_subsample,off,1,301056.0,-1.0755520008087405,4.479390668828241,22.400000000000002,42.74842720542331,98.0,195.62753047524183,29.099999999999998,52.81297524211514,49.833333333333336,49.9,49.86666666666667,49.699999999999996,49.56666666666666,49.86666666666667,50.13333333333333,49.9,
ppo_aug_subsample_safetyoff,ppo,aug_subsample,off,10,251904.0,-1.112738645961953,5.28387398795169,22.8,37.55094861487712,98.2,196.09840306914953,30.5,58.29624426121285,50.5,50.63333333333333,50.56666666666666,50.43333333333333,50.26666666666667,50.56666666666666,54.06666666666666,50.9,
ppo_aug_subsample_safetyoff,ppo,aug_subsample,off,11,251904.0,-1.8711678423007823,7.651876134039364,42.3,83.89867813849446,99.1,198.1362678714461,45.6,90.84123598972123,62.33333333333332,62.36666666666667,62.33333333333332,62.33333333333332,62.300000000000004,62.36666666666667,68.53333333333333,64.43333333333334,
ppo_aug_subsample_safetyoff,ppo,aug_subsample,off,12,301056.0,-1.3686334733088035,4.828446400227039,19.7,35.77582614900178,72.39999999999999,143.68098497440369,53.5,102.52903953727565,48.53333333333333,49.03333333333333,48.76666666666666,48.199999999999996,47.93333333333334,49.43333333333334,54.63333333333333,50.3,
ppo_aug_subsample_safetyoff,ppo,aug_subsample,off,13,51200.0,-1.1631024810435482,4.663257432519395,27.500000000000004,50.769235370241965,98.1,195.9057883565678,28.299999999999997,54.102954074871434,51.29999999999999,51.36666666666667,51.333333333333336,51.166666666666664,51.1,51.4,51.46666666666667,51.46666666666667,
ppo_aug_subsample_safetyoff,ppo,aug_subsample,off,14,225280.0,-1.1884088536493518,4.868974020236891,28.999999999999996,53.09957542597412,98.0,195.74800108159542,28.000000000000004,53.394601519769175,51.666666666666664,51.699999999999996,51.666666666666664,51.5,51.400000000000006,51.666666666666664,52.666666666666664,52.13333333333333,
ppo_aug_subsample_safetyoff,ppo,aug_subsample,off,15,100352.0,-1.1294280163657726,4.490175972088645,27.900000000000002,53.735822025262316,96.89999999999999,193.65748633225635,24.5,47.28655482304653,49.76666666666667,49.9,49.79999999999999,49.70000000000001,49.70000000000001,49.96666666666667,50.33333333333333,50.03333333333333,
ppo_aug_subsample_safetyoff,ppo,aug_subsample,off,16,301056.0,-0.9448299274523893,4.0818630860562335,23.599999999999998,43.859166148384794,97.3,194.29607159696562,19.1,36.36706702536572,46.666666666666664,46.666666666666664,46.666666666666664,46.63333333333333,46.56666666666666,46.76666666666666,47.199999999999996,47.266666666666666,
ppo_aug_subsample_safetyoff,ppo,aug_subsample,off,17,301056.0,-1.9575962408840806,7.202909118735972,50.0,99.9011148610807,97.5,194.76642918431358,44.2,87.49283229452874,63.9,63.96666666666666,63.96666666666666,63.833333333333336,63.76666666666666,63.96666666666666,67.23333333333333,67.5,
ppo_aug_subsample_safetyoff,ppo,aug_subsample,off,18,51200.0,-1.1912158737482776,4.701611099633122,33.900000000000006,65.72834011789031,97.2,194.20458035469784,27.500000000000004,40.62125006848911,52.866666666666674,52.93333333333333,52.93333333333333,52.76666666666667,52.666666666666664,52.93333333333334,54.53333333333333,54.03333333333333,
ppo_aug_subsample_safetyoff,ppo,aug_subsample,off,19,100352.0,-2.5837693427225585,9.08349599986109,35.6,70.54062874963707,68.4,136.46627439175072,99.6,198.57016659445543,67.86666666666666,67.93333333333334,67.89999999999999,67.83333333333333,67.73333333333333,67.93333333333334,70.33333333333334,70.13333333333334,
ppo_aug_subsample_safetyoff,ppo,aug_subsample,off,2,26624.0,-1.7278426977620431,5.09280910715643,29.299999999999997,35.0743407422415,47.9,94.64787458852582,77.9,154.86729584420448,51.699999999999996,52.300000000000004,51.93333333333334,51.13333333333333,50.46666666666666,51.866666666666674,54.36666666666666,55.86666666666667,
ppo_aug_subsample_safetyoff,ppo,aug_subsample,off,3,251904.0,-1.0536091945714268,4.519289855396316,24.099999999999998,45.46008811727601,97.5,194.84786204213367,24.5,46.30190189801275,48.699999999999996,48.76666666666667,48.73333333333333,48.666666666666664,48.56666666666666,48.833333333333336,50.13333333333333,49.13333333333333,
ppo_aug_subsample_safetyoff,ppo,aug_subsample,off,4,225280.0,-1.3791393398046374,5.257489496784842,34.300000000000004,63.37306906912447,97.39999999999999,194.79889725211947,34.9,64.98120201631318,55.53333333333333,55.6,55.53333333333333,55.5,55.5,55.56666666666667,56.00000000000001,53.6,
ppo_aug_subsample_safetyoff,ppo,aug_subsample,off,5,251904.0,-1.0492940273917093,4.833280175044312,20.4,29.64498297876989,97.0,193.9305843412014,32.800000000000004,62.37472304547983,50.06666666666667,50.23333333333334,50.166666666666664,49.93333333333333,49.800000000000004,50.199999999999996,53.46666666666666,51.96666666666667,
ppo_aug_subsample_safetyoff,ppo,aug_subsample,off,6,75776.0,-1.029776350071667,4.665754855360029,23.7,36.344838239581236,97.6,194.7230749381912,28.199999999999996,53.00433401883054,49.833333333333336,50.0,49.9,49.699999999999996,49.63333333333333,49.93333333333334,50.83333333333333,51.06666666666667,
ppo_aug_subsample_safetyoff,ppo,aug_subsample,off,7,200704.0,-1.7902586518028791,4.642407767506558,78.9,157.47879867885848,49.6,98.65357397105242,15.7,22.525863886674735,48.06666666666666,49.30000000000001,48.76666666666667,47.5,47.0,50.53333333333333,54.1,51.7,
ppo_aug_subsample_safetyoff,ppo,aug_subsample,off,8,251904.0,-2.2805366943123726,6.631741976314347,43.4,85.36486149675373,45.4,89.55967630373634,80.5,160.65043955297543,56.43333333333334,57.833333333333336,56.800000000000004,55.833333333333336,55.199999999999996,59.166666666666664,60.5,63.7,
ppo_aug_subsample_safetyoff,ppo,aug_subsample,off,9,100352.0,-2.0057989706687684,6.298707634185366,37.7,65.50974686178475,62.9,124.76406344619704,73.3,146.15462939941145,57.96666666666666,58.26666666666667,58.1,57.76666666666667,57.53333333333334,58.333333333333336,62.8,64.4,
ppo_aug_subsample_safetyon,ppo,aug_subsample,on,0,301056.0,-0.7851200728749066,1.6471055244104371,21.2,40.05764545740296,59.099999999999994,110.0192911039654,27.700000000000003,43.57613969131703,36.0,40.033333333333324,37.86666666666667,33.13333333333333,31.166666666666668,42.03333333333334,40.766666666666666,45.93333333333333,
ppo_aug_subsample_safetyon,ppo,aug_subsample,on,1,276480.0,-1.0232657206920472,2.320238440036035,28.1,49.11362473409499,38.7,75.3790663456124,33.300000000000004,62.5245410672719,33.366666666666674,35.43333333333333,34.06666666666666,32.36666666666667,31.46666666666667,37.23333333333334,43.4,42.16666666666667,
ppo_aug_subsample_safetyon,ppo,aug_subsample,on,10,51200.0,-1.2131476245606578,2.787112229177539,38.5,67.8329451087537,54.800000000000004,100.72993433926,37.7,62.69590007481464,43.666666666666664,47.5,45.5,40.300000000000004,38.46666666666667,50.166666666666664,49.13333333333333,53.400000000000006,
ppo_aug_subsample_safetyon,ppo,aug_subsample,on,11,75776.0,-1.2130323385953257,3.062885244578032,35.6,65.25514356929803,71.1,125.85332643586581,32.5,61.65336620269561,46.4,49.46666666666667,48.166666666666664,42.46666666666667,39.5,51.26666666666667,59.66666666666667,51.16666666666667,
ppo_aug_subsample_safetyon,ppo,aug_subsample,on,12,200704.0,-0.9776670535770685,2.2261323238886046,29.7,53.458868132549306,44.1,82.13160657716189,29.4,52.080756051694685,34.4,38.833333333333336,36.56666666666666,31.433333333333326,29.73333333333333,41.93333333333334,44.13333333333333,40.03333333333333,
ppo_aug_subsample_safetyon,ppo,aug_subsample,on,13,176128.0,-1.1715710477654002,2.7333092022241186,29.4,56.557230032682945,63.4,119.0846263915722,38.7,68.75734336720197,43.833333333333336,46.9,45.0,41.53333333333333,39.56666666666667,49.66666666666668,48.86666666666667,55.7,
ppo_aug_subsample_safetyon,ppo,aug_subsample,on,14,126976.0,-1.2021498557319592,2.9081990593794806,40.699999999999996,66.3799721686583,54.1,100.46294678934623,33.800000000000004,61.583650247501495,42.86666666666667,45.03333333333333,44.0,40.93333333333334,39.03333333333333,45.96666666666667,51.06666666666667,50.4,
ppo_aug_subsample_safetyon,ppo,aug_subsample,on,15,100352.0,-1.0719733386624932,2.434880143654596,33.900000000000006,60.26761471873099,53.800000000000004,101.85132550648787,31.0,54.33946417675693,39.56666666666667,44.20000000000001,41.93333333333333,37.03333333333333,35.0,46.56666666666667,43.86666666666667,46.6,
ppo_aug_subsample_safetyon,ppo,aug_subsample,on,16,225280.0,-0.8577491725337186,1.7949885189123673,25.4,48.16824796767246,47.3,87.43895182161513,28.599999999999998,44.8047582892914,33.76666666666666,38.9,36.199999999999996,30.7,28.133333333333336,42.13333333333333,46.43333333333333,37.0,
ppo_aug_subsample_safetyon,ppo,aug_subsample,on,17,100352.0,-1.0264765627677044,2.3607981002638887,27.200000000000003,50.05117238430779,64.0,112.95664959168023,32.5,59.906307763287586,41.233333333333334,45.36666666666667,43.300000000000004,37.06666666666667,34.300000000000004,48.26666666666667,49.86666666666667,48.9,
ppo_aug_subsample_safetyon,ppo,aug_subsample,on,18,75776.0,-1.2564777632621258,3.0948113406262707,37.5,70.29434325510233,70.19999999999999,126.56444636614388,33.4,61.38739589396204,47.03333333333333,50.13333333333333,48.6,43.26666666666666,40.93333333333334,51.9,53.5,57.666666666666664,
ppo_aug_subsample_safetyon,ppo,aug_subsample,on,19,276480.0,-1.5357496570622857,3.858774973326054,40.400000000000006,78.23151553420956,68.5,126.34084973850445,47.9,85.10646232443044,52.26666666666667,55.46666666666667,53.96666666666667,49.26666666666666,47.166666666666664,57.333333333333336,63.93333333333333,56.99999999999999,
ppo_aug_subsample_safetyon,ppo,aug_subsample,on,2,75776.0,-1.1689065006627652,2.622824075757239,31.1,57.72368175649113,50.3,93.22963799005697,40.8,70.02044891101548,40.733333333333334,45.5,42.9,37.4,35.63333333333333,48.06666666666666,49.666666666666664,47.9,
ppo_aug_subsample_safetyon,ppo,aug_subsample,on,3,200704.0,-1.0044699031600461,2.40622790583282,26.900000000000002,51.497506906146604,51.2,94.37237598957016,32.4,55.79206557800654,36.833333333333336,40.36666666666667,38.50000000000001,34.36666666666667,32.333333333333336,42.666666666666664,50.9,45.2,
ppo_aug_subsample_safetyon,ppo,aug_subsample,on,4,51200.0,-1.403025785477017,3.4549233555251018,40.0,74.79531678866219,57.4,108.48988719223347,40.8,74.72643035063348,46.06666666666666,48.93333333333334,47.63333333333333,43.666666666666664,42.300000000000004,51.36666666666667,54.400000000000006,58.36666666666667,
ppo_aug_subsample_safetyon,ppo,aug_subsample,on,5,301056.0,-0.9892805427993527,2.327185670943753,26.900000000000002,49.16057107651584,38.9,76.22153169210104,31.0,57.7599247394019,32.266666666666666,34.96666666666667,33.46666666666667,31.066666666666663,30.166666666666668,37.4,53.0,39.03333333333333,
ppo_aug_subsample_safetyon,ppo,aug_subsample,on,6,26624.0,-1.1630649895714529,2.531208189935364,37.1,65.4680709310572,52.0,94.85646201211505,36.6,60.74066620493647,41.9,45.36666666666667,43.63333333333333,39.13333333333333,36.6,47.833333333333336,56.56666666666666,52.96666666666666,
ppo_aug_subsample_safetyon,ppo,aug_subsample,on,7,200704.0,-1.0822643151946705,2.570959380699283,31.7,60.17983066453515,58.3,107.53125314795531,29.599999999999998,54.38649726437207,39.86666666666667,44.300000000000004,42.13333333333333,36.7,34.266666666666666,47.93333333333334,51.0,44.666666666666664,
ppo_aug_subsample_safetyon,ppo,aug_subsample,on,8,176128.0,-1.1839311053756059,2.8258082570123113,30.8,57.964601864697414,53.0,97.70292310947772,38.6,69.48435870636945,40.800000000000004,43.03333333333333,41.833333333333336,38.63333333333333,36.53333333333333,45.86666666666667,62.3,47.56666666666667,
ppo_aug_subsample_safetyon,ppo,aug_subsample,on,9,151552.0,-1.4148019513197139,3.5098374128240657,37.3,71.24262058123558,53.0,102.46370846524975,43.0,80.30345025608939,44.43333333333334,47.300000000000004,45.76666666666666,42.63333333333333,41.300000000000004,50.199999999999996,56.733333333333334,56.06666666666666,
ppo_full_safetyoff,ppo,full,off,0,301056.0,-0.7670204152655308,3.9611723813331454,14.899999999999999,22.026196753562083,97.6,195.24444979499404,20.0,38.44033179145305,44.166666666666664,44.43333333333334,44.199999999999996,44.1,43.9,44.300000000000004,45.7,46.733333333333334,
ppo_full_safetyoff,ppo,full,off,1,151552.0,-1.5228695976387372,4.696838927929585,56.599999999999994,112.97905731170883,70.89999999999999,140.69684492570713,24.0,34.5544625305003,50.5,50.76666666666666,50.633333333333326,50.199999999999996,49.93333333333333,50.76666666666667,54.400000000000006,53.400000000000006,
ppo_full_safetyoff,ppo,full,off,10,301056.0,-1.3972129349780558,5.181110551054867,43.5,82.64105061368473,98.6,196.8539720930678,23.9,45.20434182991583,55.333333333333336,55.43333333333334,55.43333333333334,55.199999999999996,55.166666666666664,55.333333333333336,58.96666666666667,57.86666666666667,
ppo_full_safetyoff,ppo,full,off,11,251904.0,-1.9518344301108372,7.910199995522579,42.3,83.93143234340276,99.3,198.64341504719533,50.0,100.0,63.86666666666667,63.9,63.86666666666667,63.86666666666667,63.833333333333336,63.9,67.23333333333333,63.93333333333333,
ppo_full_safetyoff,ppo,full,off,12,301056.0,-1.063374039409633,4.521592247859861,26.0,48.8670119687596,97.6,194.82706566473485,23.5,43.67516388584364,49.03333333333333,49.133333333333326,49.03333333333333,48.86666666666667,48.800000000000004,49.06666666666666,51.03333333333333,48.66666666666667,
ppo_full_safetyoff,ppo,full,off,13,51200.0,-1.1724235771234908,4.655692875308535,27.700000000000003,50.53364130554312,98.6,196.94243574240926,29.299999999999997,55.68631099296469,51.86666666666667,51.96666666666667,51.86666666666667,51.833333333333336,51.800000000000004,51.93333333333334,51.56666666666667,52.0,
ppo_full_safetyoff,ppo,full,off,14,176128.0,-0.9392417725657696,5.0198791100569915,14.7,18.62673752343673,98.5,196.72888068753755,30.3,58.529307519500996,47.833333333333336,48.0,47.9,47.666666666666664,47.46666666666667,47.93333333333334,53.400000000000006,49.7,
ppo_full_safetyoff,ppo,full,off,15,301056.0,-1.108183907700766,4.541416123716505,27.500000000000004,50.072959849691166,97.8,194.9084037756293,25.7,48.35170139386593,50.333333333333336,50.36666666666667,50.36666666666667,50.166666666666664,50.03333333333334,50.36666666666667,51.13333333333333,51.26666666666667,
ppo_full_safetyoff,ppo,full,off,16,301056.0,-0.984652375592432,4.12931000698292,27.500000000000004,52.0703250604262,97.3,194.4724091215803,18.099999999999998,31.94853291255211,47.63333333333333,47.73333333333333,47.699999999999996,47.5,47.46666666666667,47.73333333333333,49.93333333333334,49.0,
ppo_full_safetyoff,ppo,full,off,17,276480.0,-1.1656627628468772,4.504107826268158,25.5,47.37918902955792,96.2,192.42552630253542,31.4,59.82341444090937,51.03333333333333,51.23333333333333,51.1,50.96666666666667,50.93333333333333,51.23333333333333,51.46666666666667,51.733333333333334,
ppo_full_safetyoff,ppo,full,off,18,151552.0,-1.0264327998974354,4.590799676357113,34.8,65.97602469425178,98.6,196.9874579373152,14.299999999999999,18.159854544817325,49.23333333333333,49.36666666666665,49.26666666666666,49.166666666666664,49.0,49.26666666666667,54.266666666666666,50.63333333333333,
ppo_full_safetyoff,ppo,full,off,19,200704.0,-2.0670607799120515,6.410900804373604,22.2,38.880358349279014,41.8,82.64370160177275,93.89999999999999,187.66495819690115,52.633333333333326,52.76666666666666,52.73333333333333,52.26666666666666,52.03333333333333,52.96666666666666,62.4,60.46666666666667,
ppo_full_safetyoff,ppo,full,off,2,126976.0,-1.183717383962379,4.63865469115788,27.500000000000004,52.45083223728154,97.1,193.7674892552161,28.9,55.23733917176806,51.166666666666664,51.199999999999996,51.166666666666664,51.03333333333333,51.0,51.199999999999996,51.56666666666667,51.300000000000004,
ppo_full_safetyoff,ppo,full,off,3,251904.0,-0.9455696839851085,4.7519075785419655,17.9,24.49235203904029,98.3,196.5076374249884,28.1,54.48076806845318,48.099999999999994,48.333333333333336,48.199999999999996,48.0,47.76666666666666,48.166666666666664,51.866666666666674,47.333333333333336,
ppo_full_safetyoff,ppo,full,off,4,301056.0,-1.0659717558270672,5.426454917823104,13.5,21.72469075465767,98.0,196.05981270103402,37.1,69.33529209181785,49.53333333333333,49.599999999999994,49.599999999999994,49.36666666666667,49.23333333333333,49.56666666666666,57.86666666666667,56.3,
ppo_full_safetyoff,ppo,full,off,5,301056.0,-0.9553984872018945,4.431522877040607,22.2,30.97670830440095,97.0,193.6990575271089,27.1,50.86102451669719,48.76666666666667,48.833333333333336,48.76666666666667,48.633333333333326,48.53333333333333,48.833333333333336,52.300000000000004,48.3,
ppo_full_safetyoff,ppo,full,off,6,301056.0,-1.147032928476686,4.559677535325163,29.7,56.02985971064413,96.8,193.02774461816483,24.5,46.63810397994638,50.333333333333336,50.4,50.36666666666667,50.199999999999996,50.06666666666667,50.43333333333334,49.766666666666666,48.0,
ppo_full_safetyoff,ppo,full,off,7,151552.0,-1.8552237916042436,4.770550885448823,78.9,156.67283011346194,48.6,96.17345321472118,22.8,31.67992227573934,50.1,50.46666666666667,50.300000000000004,49.833333333333336,49.43333333333334,50.33333333333334,54.800000000000004,54.03333333333333,
ppo_full_safetyoff,ppo,full,off,8,26624.0,-2.756324706346044,7.053111880633312,68.30000000000001,135.9607489840243,33.1,64.92695948146986,83.5,165.27285873626758,61.63333333333333,61.73333333333334,61.70000000000001,61.4,61.166666666666664,61.76666666666667,63.83333333333333,67.66666666666666,
ppo_full_safetyoff,ppo,full,off,9,301056.0,-1.461192691124505,5.1146964963608665,34.699999999999996,66.6187932064504,98.3,196.37657570042228,37.9,73.26543150959263,56.96666666666667,57.03333333333333,57.03333333333333,56.9,56.86666666666667,57.06666666666666,57.599999999999994,58.833333333333336,
ppo_full_safetyon,ppo,full,on,0,176128.0,-0.743006050503355,1.6177204322202203,21.3,39.27026224126757,45.6,85.76270946427479,24.2,40.810516770580726,30.36666666666667,36.53333333333333,33.36666666666667,27.099999999999998,24.633333333333336,40.733333333333334,40.86666666666667,39.766666666666666,
ppo_full_safetyon,ppo,full,on,1,200704.0,-1.0711879321259934,2.318915106327721,26.0,48.308216830459614,46.2,87.09797816703838,40.5,70.05236780938242,37.56666666666667,41.766666666666666,39.4,34.96666666666667,33.233333333333334,45.166666666666664,44.0,49.7,
ppo_full_safetyon,ppo,full,on,10,100352.0,-1.1671461361134048,2.749301880583995,33.2,60.671958514272575,53.0,98.34008706890225,43.0,65.21073907856027,43.06666666666666,46.166666666666664,44.86666666666667,40.46666666666667,38.666666666666664,48.76666666666667,48.766666666666666,52.7,
ppo_full_safetyon,ppo,full,on,11,51200.0,-1.2344352828945455,3.047598586143362,36.199999999999996,67.8525331395041,60.099999999999994,111.16686539311188,37.9,62.78084522790679,44.73333333333333,48.4,46.4,42.333333333333336,39.833333333333336,50.46666666666667,58.56666666666667,50.93333333333333,
ppo_full_safetyon,ppo,full,on,12,251904.0,-0.9794384437317276,2.2602654472388286,28.299999999999997,50.64709150125732,76.5,127.98267648934402,28.1,52.625319380766875,44.300000000000004,47.86666666666667,45.76666666666667,39.333333333333336,34.6,49.73333333333334,43.86666666666667,47.4,
ppo_full_safetyon,ppo,full,on,13,126976.0,-1.1364517211502534,2.6942177476878,31.0,57.53463214090909,54.0,103.8025178762217,34.1,64.13283098009103,39.699999999999996,44.16666666666668,41.666666666666664,37.4,35.6,47.63333333333333,50.06666666666667,52.83333333333333,
ppo_full_safetyon,ppo,full,on,14,225280.0,-1.2064898862957056,2.9767504843428974,32.9,61.65430337565737,67.60000000000001,125.94212543668705,38.3,65.38711527096316,46.26666666666667,48.4,47.26666666666666,44.03333333333333,42.1,50.20000000000001,52.0,52.36666666666666,
ppo_full_safetyon,ppo,full,on,15,51200.0,-1.0816816136029292,2.4535358871826674,32.800000000000004,60.91551568835904,58.599999999999994,105.35882838122912,32.300000000000004,54.646490827918946,41.23333333333334,45.300000000000004,43.03333333333333,38.0,34.93333333333333,47.76666666666667,46.9,48.03333333333333,
ppo_full_safetyon,ppo,full,on,16,26624.0,-0.8964349304026019,1.7975486792783248,27.6,50.61525422946224,57.099999999999994,97.89262133626323,29.099999999999998,46.61112215029244,37.93333333333333,41.7,39.86666666666667,34.26666666666667,30.599999999999998,43.93333333333333,51.13333333333333,43.86666666666667,
ppo_full_safetyon,ppo,full,on,17,51200.0,-1.0673056943794579,2.4021507298403013,28.1,51.86648434654458,53.800000000000004,98.85126035075224,35.9,64.05566711312605,39.26666666666667,44.03333333333333,41.766666666666666,35.63333333333333,33.63333333333333,46.76666666666667,50.7,46.1,
ppo_full_safetyon,ppo,full,on,18,51200.0,-1.2537715705973622,3.062404819420541,35.9,67.96441024622729,66.2,120.76154208583606,35.6,64.31763044290966,45.9,49.0,47.23333333333333,42.9,40.6,51.133333333333326,53.03333333333333,58.099999999999994,
ppo_full_safetyon,ppo,full,on,19,75776.0,-1.5562390723909787,3.8801969639968044,41.5,77.83066501363791,66.2,123.84031429168087,48.4,88.39271577472236,52.03333333333333,55.5,53.86666666666665,49.666666666666664,47.43333333333334,57.5,67.43333333333334,57.63333333333334,
ppo_full_safetyon,ppo,full,on,2,301056.0,-1.1502912721365381,2.600212576329365,32.2,58.812125109908926,44.6,86.00900446910705,36.1,66.07253107483807,37.63333333333333,39.800000000000004,38.46666666666667,36.333333333333336,35.06666666666666,42.56666666666666,48.8,45.83333333333333,
ppo_full_safetyon,ppo,full,on,3,251904.0,-0.9977764490894805,2.4171417948218146,26.700000000000003,50.416576204758115,65.5,116.933857116684,36.3,55.1985741336488,42.833333333333336,47.13333333333333,44.666666666666664,38.6,36.0,49.43333333333334,51.7,49.266666666666666,
ppo_full_safetyon,ppo,full,on,4,301056.0,-1.4407648143208516,3.4931064821177547,38.7,73.70429162092421,73.3,140.88020965644904,46.2,78.62804807975192,52.73333333333333,54.23333333333334,53.63333333333333,51.43333333333334,50.03333333333333,55.699999999999996,55.900000000000006,63.06666666666667,
ppo_full_safetyon,ppo,full,on,5,26624.0,-1.1255748367722112,2.365952203559841,32.800000000000004,56.963062076918014,49.3,88.3755563589632,42.699999999999996,67.44361456854487,41.599999999999994,45.0,43.46666666666667,38.699999999999996,35.93333333333334,47.93333333333334,56.10000000000001,50.1,
ppo_full_safetyon,ppo,full,on,6,301056.0,-1.1296909770361567,2.557484942383582,33.300000000000004,62.0262476396744,61.7,115.1236377831799,33.1,58.15467225739878,42.699999999999996,45.86666666666667,44.166666666666664,40.23333333333334,38.6,47.46666666666667,55.00000000000001,50.13333333333333,
ppo_full_safetyon,ppo,full,on,7,75776.0,-1.1384304587226561,2.567496044543593,34.5,61.94124426884252,57.49999999999999,101.81062031248103,38.4,61.05245036138545,43.46666666666667,47.366666666666674,45.56666666666666,39.8,36.699999999999996,49.96666666666667,54.833333333333336,48.833333333333336,
ppo_full_safetyon,ppo,full,on,8,100352.0,-1.1944909346866799,2.8369764084451394,29.4,56.33933847329072,63.9,115.12718826071972,42.4,72.22290831074316,45.23333333333333,49.43333333333334,47.1,41.900000000000006,38.63333333333333,52.133333333333326,64.46666666666667,51.83333333333333,
ppo_full_safetyon,ppo,full,on,9,51200.0,-1.4496726829350455,3.5159689102115648,42.5,76.09102000777337,59.199999999999996,110.93187658159208,42.6,79.34094073780429,48.099999999999994,51.79999999999999,50.133333333333326,45.29999999999999,43.400000000000006,54.56666666666666,57.99999999999999,59.36666666666667,
ppo_real_only_safetyoff,ppo,real_only,off,0,251904.0,-0.7368212338824874,4.1002693618268164,8.3,14.798548955032986,97.7,195.38552781529341,21.9,41.51833208140272,42.63333333333333,42.73333333333333,42.699999999999996,42.6,42.46666666666666,42.76666666666666,46.300000000000004,46.9,
ppo_real_only_safetyoff,ppo,real_only,off,1,276480.0,-1.002980828284026,4.503609766158064,25.3,46.6398525695837,97.89999999999999,195.40939668200824,26.6,38.50635950739648,49.93333333333333,50.1,50.03333333333333,49.76666666666666,49.56666666666666,50.0,51.16666666666667,51.33333333333333,
ppo_real_only_safetyoff,ppo,real_only,off,10,301056.0,-1.1463449466330655,4.633177673164721,27.0,51.026612701357344,97.6,195.16220586030235,28.299999999999997,51.80303398601849,50.96666666666666,51.133333333333326,51.03333333333333,50.86666666666667,50.833333333333336,51.1,52.26666666666666,53.666666666666664,
ppo_real_only_safetyoff,ppo,real_only,off,11,251904.0,-1.2365084480100046,5.7551268092704655,36.8,62.78540505058138,99.3,198.51331509323882,21.8,42.2307414621604,52.63333333333333,52.73333333333334,52.666666666666664,52.53333333333334,52.43333333333333,52.63333333333335,57.833333333333336,52.733333333333334,
ppo_real_only_safetyoff,ppo,real_only,off,12,151552.0,-1.3919427794407666,4.760119186344422,19.6,34.43610926132217,72.6,144.89419325976056,54.50000000000001,107.67954992969574,48.9,49.73333333333333,49.13333333333333,48.46666666666667,48.333333333333336,50.333333333333336,54.13333333333333,52.13333333333333,
ppo_real_only_safetyoff,ppo,real_only,off,13,276480.0,-0.9784808442252994,4.852871478588012,27.700000000000003,53.85735401683882,99.0,197.89369281891769,14.099999999999998,23.51230648019687,46.93333333333334,47.166666666666664,47.03333333333333,46.900000000000006,46.666666666666664,47.0,52.800000000000004,48.36666666666667,
ppo_real_only_safetyoff,ppo,real_only,off,14,151552.0,-1.1425988991349085,4.907733960553175,28.4,47.47140264011056,98.3,196.67950425862986,27.800000000000004,53.48640933808236,51.5,51.6,51.56666666666667,51.46666666666667,51.43333333333334,51.666666666666664,53.06666666666666,50.73333333333333,
ppo_real_only_safetyoff,ppo,real_only,off,15,301056.0,-0.9371908472054283,4.55542439870586,16.7,32.04132299121486,97.39999999999999,194.66749538187304,25.900000000000002,45.84211167253937,46.666666666666664,47.0,46.800000000000004,46.36666666666667,46.36666666666667,46.800000000000004,50.1,49.0,
ppo_real_only_safetyoff,ppo,real_only,off,16,301056.0,-0.8690368985719313,4.137737749976874,24.8,47.859377846003206,97.3,194.47835413966973,12.7,20.872329959558634,44.93333333333333,45.166666666666664,45.06666666666667,44.800000000000004,44.800000000000004,45.03333333333333,48.199999999999996,46.93333333333333,
ppo_real_only_safetyoff,ppo,real_only,off,17,200704.0,-2.0199971859400025,7.433422358527773,45.5,90.53157883274514,97.5,194.82774931142455,52.900000000000006,105.40959721701938,65.3,65.43333333333332,65.39999999999999,65.23333333333333,65.23333333333333,65.36666666666666,67.4,66.10000000000001,
ppo_real_only_safetyoff,ppo,real_only,off,18,251904.0,-1.0775478071055995,5.009858370994171,34.1,66.51618813940193,98.7,197.16266573376134,13.900000000000002,21.308375555043174,48.900000000000006,49.166666666666664,48.93333333333334,48.866666666666674,48.699999999999996,48.93333333333334,53.63333333333333,55.03333333333333,
ppo_real_only_safetyoff,ppo,real_only,off,19,251904.0,-1.4570508188583389,6.796708486576805,23.7,45.53187251112734,98.6,197.25015823151242,49.8,85.54380787953001,57.36666666666667,57.5,57.4,57.23333333333333,57.1,57.46666666666667,61.5,58.9,
ppo_real_only_safetyoff,ppo,real_only,off,2,301056.0,-0.9040277384520229,4.733853098487808,10.4,14.140606891353057,96.8,193.35145772791398,31.4,61.06800885004474,46.199999999999996,46.333333333333336,46.26666666666666,45.96666666666667,45.833333333333336,46.300000000000004,51.16666666666667,52.300000000000004,
ppo_real_only_safetyoff,ppo,real_only,off,3,301056.0,-1.016347017844204,4.439429937228317,26.1,50.459270125723414,98.2,195.95688333875623,23.599999999999998,36.06773685306899,49.300000000000004,49.333333333333336,49.333333333333336,49.03333333333334,48.96666666666667,49.333333333333336,52.1,52.06666666666667,
ppo_real_only_safetyoff,ppo,real_only,off,4,301056.0,-1.1265190636462763,5.363086757391466,20.9,32.25087983941142,98.0,196.04009561572005,34.4,65.88541194234392,51.1,51.13333333333333,51.1,51.06666666666666,50.63333333333333,51.199999999999996,56.00000000000001,54.2,
ppo_real_only_safetyoff,ppo,real_only,off,5,301056.0,-0.9836574836120816,4.6838333421827025,17.0,28.65206980145992,96.7,193.28587575425937,29.5,55.41110523033659,47.73333333333333,47.833333333333336,47.800000000000004,47.666666666666664,47.63333333333333,47.9,53.766666666666666,49.63333333333333,
ppo_real_only_safetyoff,ppo,real_only,off,6,225280.0,-1.0556275511426,4.763134402885437,35.6,69.00364492812773,97.8,195.41367101380823,14.299999999999999,17.479131303968433,49.23333333333334,49.46666666666667,49.300000000000004,49.166666666666664,48.93333333333333,49.400000000000006,54.7,51.7,
ppo_real_only_safetyoff,ppo,real_only,off,7,75776.0,-1.823625644767769,4.780427682687743,80.2,159.99644760452503,66.10000000000001,130.64283430853783,13.100000000000001,20.753703282105292,53.13333333333333,53.66666666666668,53.333333333333336,52.83333333333334,52.300000000000004,53.96666666666666,56.86666666666667,56.599999999999994,
ppo_real_only_safetyoff,ppo,real_only,off,8,26624.0,-2.6031729593571304,6.6720777671246445,61.5,121.33500000257584,39.0,73.95297840559628,82.1,163.6893908254764,60.86666666666667,61.599999999999994,61.26666666666667,60.26666666666666,59.26666666666666,62.03333333333333,60.766666666666666,67.93333333333334,
ppo_real_only_safetyoff,ppo,real_only,off,9,301056.0,-1.617390972476981,6.7228967020798285,59.4,117.43614037626152,98.4,196.57184195151157,13.5,23.514882415018626,57.1,57.199999999999996,57.166666666666664,57.03333333333333,57.0,57.166666666666664,64.23333333333333,59.03333333333334,
ppo_real_only_safetyon,ppo,real_only,on,0,151552.0,-0.7709935325333838,1.6151244162812426,21.9,40.375507175651,62.9,105.14889674957323,25.4,42.35689358106327,36.73333333333333,41.46666666666667,39.4,31.599999999999998,27.5,44.26666666666667,43.1,44.1,
ppo_real_only_safetyon,ppo,real_only,on,1,51200.0,-1.0683783497004034,2.3266879984770403,28.499999999999996,50.975645335973994,49.5,89.78967280056995,37.4,66.51471398189197,38.46666666666667,43.13333333333333,40.800000000000004,34.93333333333333,32.36666666666667,46.63333333333333,46.33333333333333,50.33333333333333,
ppo_real_only_safetyon,ppo,real_only,on,10,276480.0,-1.1580278607764887,2.788776973482885,30.9,59.749384950487766,55.400000000000006,104.70153815939882,37.2,63.54421035280358,41.16666666666667,43.26666666666667,42.1,39.300000000000004,37.43333333333333,45.6,48.266666666666666,50.93333333333333,
ppo_real_only_safetyon,ppo,real_only,on,11,251904.0,-1.218300823314188,3.048438039341803,35.3,65.52763670622785,69.1,125.17791298900121,36.0,62.51042408627059,46.79999999999999,51.06666666666666,49.26666666666666,43.4,40.46666666666666,53.1,61.1,52.733333333333334,
ppo_real_only_safetyon,ppo,real_only,on,12,276480.0,-0.9599048197932141,2.2305662239954724,28.299999999999997,50.50997499932517,55.2,96.30183151662136,28.499999999999996,52.16087413255412,37.333333333333336,41.0,39.23333333333333,33.7,31.066666666666663,43.300000000000004,44.233333333333334,41.4,
ppo_real_only_safetyon,ppo,real_only,on,13,26624.0,-1.267622555696802,2.817106796739399,40.300000000000004,61.980651188460776,63.9,115.06610707747954,41.3,76.12994139913391,48.5,52.6,50.46666666666666,44.76666666666666,41.9,53.96666666666667,53.2,58.699999999999996,
ppo_real_only_safetyon,ppo,real_only,on,14,26624.0,-1.2076154975424822,2.920435615305614,36.1,64.98592204127354,65.5,116.26710546881677,36.4,63.24657261255461,46.0,49.699999999999996,47.93333333333333,42.03333333333333,39.06666666666666,51.96666666666667,55.266666666666666,52.233333333333334,
ppo_real_only_safetyon,ppo,real_only,on,15,100352.0,-1.0595372224510087,2.391745198842985,34.8,60.57916434710122,39.7,74.32016353964677,33.7,54.07239042973175,36.06666666666667,37.6,36.53333333333333,34.699999999999996,33.0,39.03333333333333,43.53333333333333,45.13333333333333,
ppo_real_only_safetyon,ppo,real_only,on,16,26624.0,-0.8753962803166253,1.7703509992291853,29.099999999999998,50.753106426829724,46.1,79.36020152756558,27.200000000000003,44.95666218485181,34.13333333333333,37.99999999999999,36.03333333333334,30.63333333333333,27.5,40.6,48.8,40.733333333333334,
ppo_real_only_safetyon,ppo,real_only,on,17,251904.0,-1.0106570089809297,2.325153938062732,28.299999999999997,51.569533275071635,40.0,77.06214260735537,32.300000000000004,58.14791595327908,33.53333333333333,36.73333333333333,34.599999999999994,31.333333333333332,30.3,40.96666666666667,50.06666666666667,42.36666666666667,
ppo_real_only_safetyon,ppo,real_only,on,18,100352.0,-1.240970890704221,3.054245392461906,37.8,68.69475223526018,66.4,120.49034203970702,34.9,61.97823092510328,46.36666666666667,49.56666666666666,48.26666666666667,43.06666666666666,40.6,51.4,52.63333333333333,57.63333333333334,
ppo_real_only_safetyon,ppo,real_only,on,19,251904.0,-1.53690495400193,3.8899715072334513,43.8,80.1203160625378,72.2,136.21034787109207,45.300000000000004,82.19141135657867,53.76666666666667,57.1,55.333333333333336,50.96666666666667,49.133333333333326,59.06666666666666,67.66666666666666,59.4,
ppo_real_only_safetyon,ppo,real_only,on,2,75776.0,-1.1929428444032244,2.6343489786650696,32.300000000000004,58.52684372002992,65.4,115.10430508734926,43.2,71.25834612387257,46.966666666666676,51.36666666666667,49.099999999999994,43.333333333333336,39.833333333333336,53.53333333333334,53.63333333333333,54.333333333333336,
ppo_real_only_safetyon,ppo,real_only,on,3,151552.0,-0.9829731160869759,2.383675815071731,28.199999999999996,52.566641254371675,49.7,91.72147062071468,28.000000000000004,52.14504534980745,35.300000000000004,40.43333333333333,37.76666666666666,31.86666666666667,29.700000000000003,44.833333333333336,51.56666666666667,45.56666666666666,
ppo_real_only_safetyon,ppo,real_only,on,4,26624.0,-1.4618227548967282,3.4705064832280246,44.5,79.00655366255174,69.5,126.276018118425,44.0,77.17305982248637,52.666666666666664,56.199999999999996,54.53333333333333,49.53333333333333,46.53333333333333,57.5,58.666666666666664,63.3,
ppo_real_only_safetyon,ppo,real_only,on,5,151552.0,-1.0309048729706785,2.330189149600817,28.199999999999996,49.964871938051076,52.900000000000006,94.78696995341332,37.2,62.38180262347073,39.43333333333333,44.23333333333333,42.0,35.23333333333333,33.333333333333336,47.166666666666664,53.96666666666666,48.833333333333336,
ppo_real_only_safetyon,ppo,real_only,on,6,75776.0,-1.1294012752406744,2.5372392542225493,35.5,63.7362944505926,59.599999999999994,106.73147988221297,32.9,57.244383053906375,42.666666666666664,46.53333333333334,44.6,39.13333333333333,36.766666666666666,48.73333333333333,55.333333333333336,53.03333333333333,
ppo_real_only_safetyon,ppo,real_only,on,7,151552.0,-1.085476647897268,2.551587508483867,32.6,60.350312558635764,56.89999999999999,101.35382702201441,31.5,55.54616299765453,40.333333333333336,45.56666666666667,42.9,36.0,33.4,48.26666666666667,50.866666666666674,46.300000000000004,
ppo_real_only_safetyon,ppo,real_only,on,8,225280.0,-1.1850880923037266,2.8085452609872323,33.5,60.105392442856534,61.3,108.44352702958615,36.8,67.27590258053792,43.86666666666667,48.93333333333334,46.166666666666664,39.8,36.5,51.56666666666666,63.76666666666667,51.06666666666667,
ppo_real_only_safetyon,ppo,real_only,on,9,151552.0,-1.4260347602997385,3.5156735429295223,39.4,73.22933702040143,50.4,97.62463457130673,43.6,79.67915754103048,44.46666666666667,46.20000000000001,45.26666666666667,43.13333333333333,42.06666666666666,47.73333333333333,57.56666666666666,53.400000000000006,
ressdhppo_full_safetyoff,ressdhppo,full,off,0,225280.0,-14.020254146999232,1.593885767567869,22.3,40.20234847650408,22.3,43.207937954622395,25.0,40.87399901680327,23.2,23.96666666666667,23.566666666666666,22.86666666666667,21.866666666666664,25.333333333333332,42.03333333333333,27.633333333333333,0.14099177702957266
ressdhppo_full_safetyoff,ressdhppo,full,off,10,276480.0,-21.723103220441512,2.792897342691482,32.4,61.62110940061911,42.9,80.90081648829114,35.0,60.5446187313954,36.766666666666666,38.36666666666667,37.46666666666666,35.666666666666664,34.699999999999996,38.6,52.1,41.266666666666666,0.14170604128213152
ressdhppo_full_safetyoff,ressdhppo,full,off,11,200704.0,-22.846752913435804,3.0318412858189077,36.7,67.01216992717254,38.5,74.65742542364734,34.0,60.930168411207575,36.4,37.26666666666667,36.93333333333334,35.5,34.733333333333334,37.96666666666667,60.9,39.2,0.1528954233746139
ressdhppo_full_safetyoff,ressdhppo,full,off,12,51200.0,-19.74232076845702,2.2676525001563297,29.2,54.32901205397688,23.7,45.875384911538106,37.4,60.804601604857325,30.099999999999998,30.73333333333333,30.266666666666666,29.5,29.0,30.599999999999998,45.666666666666664,32.96666666666667,0.14588941106585415
ressdhppo_full_safetyoff,ressdhppo,full,off,13,26624.0,-21.375148808973698,2.6696777559893743,30.9,58.56933921812155,35.4,67.98340694909535,38.6,63.2271682858106,34.96666666666667,35.333333333333336,35.166666666666664,34.23333333333333,33.46666666666667,35.56666666666666,50.33333333333333,40.43333333333333,0.14490479894844038
ressdhppo_full_safetyoff,ressdhppo,full,off,14,51200.0,-22.186909568813675,2.8976838131632245,34.4,64.2353238293059,34.699999999999996,69.00318321727919,35.9,60.85468956976808,35.0,36.199999999999996,35.699999999999996,34.199999999999996,33.699999999999996,38.1,54.833333333333336,38.43333333333334,0.15378268073205228
ressdhppo_full_safetyoff,ressdhppo,full,off,15,26624.0,-19.89325378773796,2.3725498215553875,34.599999999999994,62.693344901253475,30.4,57.78982508559531,28.999999999999996,50.48845699870396,31.333333333333332,32.1,31.466666666666665,30.599999999999998,29.666666666666668,32.6,44.766666666666666,35.3,0.1521261655757216
ressdhppo_full_safetyoff,ressdhppo,full,off,16,75776.0,-17.395588339270066,1.8226393276615855,30.5,52.95683373890909,16.5,32.17348778375652,32.300000000000004,49.64069267885567,26.433333333333337,26.76666666666667,26.5,26.166666666666668,25.666666666666668,26.866666666666664,48.833333333333336,29.533333333333335,0.14220238269186342
ressdhppo_full_safetyoff,ressdhppo,full,off,17,126976.0,-19.108295188201637,2.350170332796095,27.200000000000003,50.62969439049874,30.3,58.38067765540023,36.7,59.08492802102889,31.400000000000002,31.7,31.599999999999998,31.166666666666668,30.2,32.5,52.03333333333333,34.9,0.14158355079743323
ressdhppo_full_safetyoff,ressdhppo,full,off,18,26624.0,-24.006476117910527,2.994561177002556,36.0,68.18849709377587,38.5,75.82238818440544,40.9,68.24079364664011,38.46666666666667,39.766666666666666,38.86666666666667,38.0,37.333333333333336,39.46666666666667,51.43333333333333,45.03333333333333,0.14461185403016144
ressdhppo_full_safetyoff,ressdhppo,full,off,19,126976.0,-29.869711007831633,3.890982497864122,42.1,80.57176372341053,42.3,82.49018496448208,51.0,89.14238919818632,45.13333333333333,45.36666666666667,45.166666666666664,44.633333333333326,44.26666666666667,45.73333333333333,68.56666666666666,47.93333333333333,0.14361667111009152
ressdhppo_full_safetyoff,ressdhppo,full,off,1,75776.0,-19.521276808498385,2.321547688098788,28.4,50.374431024019856,34.599999999999994,65.67522088456582,34.300000000000004,62.02493684398058,32.43333333333333,33.06666666666666,32.699999999999996,31.26666666666667,30.7,33.36666666666667,45.96666666666667,36.96666666666666,0.14781572695086598
ressdhppo_full_safetyoff,ressdhppo,full,off,2,26624.0,-22.033086491833814,2.605558597375209,31.4,58.63464789672875,28.1,56.54959490736884,40.8,69.21074148367386,33.43333333333333,34.766666666666666,34.06666666666666,32.96666666666667,32.73333333333334,35.0,49.6,37.6,0.1396167031457635
ressdhppo_full_safetyoff,ressdhppo,full,off,3,176128.0,-18.49752519282232,2.4330681619038246,27.6,51.03032598756259,32.1,61.986960165006586,29.2,53.208814954025904,29.633333333333336,30.833333333333332,30.233333333333334,28.96666666666667,28.5,31.566666666666666,53.300000000000004,33.63333333333333,0.14907110811901736
ressdhppo_full_safetyoff,ressdhppo,full,off,4,301056.0,-26.720936011867305,3.4299529690582826,39.5,75.23719623598731,49.5,94.27697903650748,45.5,75.39921367272467,44.833333333333336,45.4,45.13333333333333,43.86666666666667,43.166666666666664,45.4,56.833333333333336,49.7,0.14462192767128654
ressdhppo_full_safetyoff,ressdhppo,full,off,5,301056.0,-19.20398248279561,2.338612980391065,29.599999999999998,54.27839230092418,37.0,70.19403794695846,32.5,54.76981826978497,33.03333333333333,33.6,33.333333333333336,32.699999999999996,32.0,33.733333333333334,56.56666666666666,36.8,0.1521902295196948
ressdhppo_full_safetyoff,ressdhppo,full,off,6,126976.0,-21.465694135625284,2.5267425233213636,33.0,60.35907186335065,35.5,68.30736666946552,37.4,62.97030881257594,35.300000000000004,36.03333333333333,35.53333333333333,34.56666666666667,33.53333333333333,37.73333333333333,56.166666666666664,40.36666666666667,0.14581063759772953
ressdhppo_full_safetyoff,ressdhppo,full,off,7,301056.0,-20.46795676927408,2.5485034786184535,32.800000000000004,61.96288419783551,29.5,58.03606494748988,32.9,54.29514662373526,31.733333333333334,33.233333333333334,32.26666666666667,30.866666666666664,30.600000000000005,33.86666666666667,52.53333333333333,34.4,0.14226486873464514
ressdhppo_full_safetyoff,ressdhppo,full,off,8,276480.0,-23.439504355540073,2.8423810408643404,35.4,65.94544179380752,30.9,61.10657354405014,39.4,68.66373963758402,35.23333333333333,35.833333333333336,35.53333333333333,34.86666666666667,34.333333333333336,36.23333333333334,65.13333333333333,38.800000000000004,0.14108111319087796
ressdhppo_full_safetyoff,ressdhppo,full,off,9,51200.0,-27.560608010221568,3.5439593119463746,42.5,77.80837251406292,43.0,83.78989966612458,43.5,78.12193144510533,43.0,43.46666666666667,43.333333333333336,42.266666666666666,41.6,44.26666666666667,59.86666666666667,47.56666666666667,0.14324256514205408
ressdhppo_full_safetyon,ressdhppo,full,on,0,251904.0,-14.275020244094623,1.5765241803329726,23.1,40.175636899513734,19.0,37.91669179673715,28.499999999999996,43.4808985033871,23.53333333333333,24.900000000000002,23.933333333333334,22.633333333333336,22.066666666666666,25.933333333333334,40.06666666666667,34.8,0.14012520542355617
ressdhppo_full_safetyon,ressdhppo,full,on,10,276480.0,-21.69317580888552,2.7376256220358495,33.300000000000004,61.390439586932786,33.300000000000004,64.1792650677561,37.7,62.262270197582914,34.76666666666667,36.33333333333333,35.49999999999999,33.53333333333333,32.766666666666666,36.86666666666667,48.93333333333334,46.166666666666664,0.14391391567226977
ressdhppo_full_safetyon,ressdhppo,full,on,11,75776.0,-22.98020238500405,2.9970200844660804,37.6,67.19830011510436,34.4,68.63637920781964,35.699999999999996,62.567800728068015,35.9,38.03333333333333,36.93333333333333,35.199999999999996,34.8,38.333333333333336,58.666666666666664,43.1,0.14835718867121905
ressdhppo_full_safetyon,ressdhppo,full,on,12,200704.0,-18.23815047190854,2.199331768133419,30.7,51.824585307183376,25.0,49.21016372572961,33.0,53.37932692751111,29.566666666666666,30.666666666666668,29.8,28.733333333333334,28.2,31.5,43.333333333333336,35.233333333333334,0.1450820293556265
ressdhppo_full_safetyon,ressdhppo,full,on,13,100352.0,-21.589496276668548,2.6386806832949308,31.5,59.23532593932814,34.0,64.60205284302879,37.1,64.52156952024255,34.199999999999996,35.46666666666667,34.599999999999994,32.833333333333336,32.53333333333333,35.53333333333333,48.43333333333334,47.733333333333334,0.14051187312116423
ressdhppo_full_safetyon,ressdhppo,full,on,14,26624.0,-22.358023453462035,2.862073039225976,36.0,63.132309829516956,34.8,68.0332143599739,38.3,63.923225894177214,36.36666666666667,37.666666666666664,36.93333333333333,35.23333333333334,34.53333333333333,38.86666666666667,51.56666666666667,44.56666666666666,0.14786191771225052
ressdhppo_full_safetyon,ressdhppo,full,on,15,301056.0,-19.77798838342312,2.366680356696919,32.1,59.759046107558895,28.7,57.170883335564795,32.9,53.408619303184544,31.23333333333333,33.333333333333336,32.199999999999996,30.400000000000002,29.7,33.833333333333336,42.0,41.266666666666666,0.1509698411437119
ressdhppo_full_safetyon,ressdhppo,full,on,16,75776.0,-16.123320842119263,1.7486908309281932,30.099999999999998,50.639130622834,17.5,35.87308382857704,28.599999999999998,43.563322747328826,25.399999999999995,26.466666666666665,26.266666666666666,25.13333333333333,24.233333333333334,27.266666666666666,46.53333333333333,33.2,0.14433422461658915
ressdhppo_full_safetyon,ressdhppo,full,on,17,75776.0,-18.980290425682576,2.3120954013196826,29.4,50.46914778953868,27.700000000000003,54.1877329199462,35.3,59.13642608223317,30.8,32.199999999999996,31.46666666666667,29.900000000000002,29.633333333333336,32.56666666666667,49.13333333333333,39.63333333333333,0.14133518883565657
ressdhppo_full_safetyon,ressdhppo,full,on,18,176128.0,-23.370265884818604,2.96540280217237,37.1,68.96686739407157,39.4,76.82945286273001,37.6,62.958740464733545,38.03333333333333,39.43333333333333,38.833333333333336,36.93333333333334,36.23333333333333,39.699999999999996,49.333333333333336,52.53333333333333,0.1427402367599967
ressdhppo_full_safetyon,ressdhppo,full,on,19,100352.0,-29.04907058104564,3.8155664977545607,44.6,80.58747516869816,45.2,88.90734689147547,48.0,83.6318230074432,45.93333333333334,47.199999999999996,46.46666666666667,44.599999999999994,44.23333333333333,47.833333333333336,66.63333333333334,51.800000000000004,0.13929769817460957
ressdhppo_full_safetyon,ressdhppo,full,on,1,200704.0,-19.649306565382673,2.285672716478639,28.599999999999998,50.66167957170827,26.5,52.391574973743985,35.0,63.76810095561557,30.03333333333333,31.266666666666666,30.53333333333333,29.466666666666665,28.8,31.96666666666667,43.5,42.4,0.1489636725207575
ressdhppo_full_safetyon,ressdhppo,full,on,2,251904.0,-21.686941072688835,2.57729687218119,33.5,59.96545207835404,30.2,59.10826656237176,38.2,65.37011905503398,33.96666666666667,35.666666666666664,34.86666666666667,32.86666666666667,31.96666666666667,36.333333333333336,47.86666666666667,43.333333333333336,0.14043651855721762
ressdhppo_full_safetyon,ressdhppo,full,on,3,251904.0,-18.431396219019955,2.3645205229780792,28.1,51.43036776945938,27.0,53.82515468596822,29.2,53.26074781753986,28.099999999999998,29.13333333333333,28.53333333333333,27.633333333333336,27.233333333333334,30.96666666666667,51.733333333333334,38.63333333333333,0.14741763817209774
ressdhppo_full_safetyon,ressdhppo,full,on,4,276480.0,-26.997168744962348,3.4069718948341974,42.5,76.04447931156061,40.699999999999996,81.70677475177375,46.400000000000006,77.69471974266771,43.199999999999996,45.36666666666667,43.93333333333334,42.56666666666667,41.699999999999996,45.93333333333334,55.56666666666666,56.53333333333334,0.14139258790583834
ressdhppo_full_safetyon,ressdhppo,full,on,5,151552.0,-19.58847457444844,2.299655257791475,30.4,52.38038657626625,26.8,53.187106543312225,39.4,61.620110777449966,32.199999999999996,33.699999999999996,32.63333333333333,31.366666666666664,30.566666666666663,34.333333333333336,53.666666666666664,42.5,0.1556724088938058
ressdhppo_full_safetyon,ressdhppo,full,on,6,51200.0,-21.188353289563413,2.4943631526711965,35.4,62.94392388094111,32.4,59.976243883577126,35.099999999999994,58.82606853404977,34.3,35.13333333333333,34.46666666666666,32.63333333333333,32.0,36.23333333333333,53.733333333333334,46.6,0.14473093356810454
ressdhppo_full_safetyon,ressdhppo,full,on,7,126976.0,-20.762419272720646,2.513505732443211,35.3,62.17273812025409,28.199999999999996,56.08803193365591,33.6,56.76396078965163,32.36666666666667,33.86666666666667,33.26666666666666,31.433333333333326,31.133333333333336,34.699999999999996,50.63333333333333,39.1,0.14261177673834516
ressdhppo_full_safetyon,ressdhppo,full,on,8,200704.0,-22.424538912394667,2.789412910495021,34.2,59.69480758766101,31.900000000000002,63.27545658260437,38.800000000000004,69.01553784957242,34.96666666666667,35.93333333333334,35.333333333333336,34.46666666666667,33.96666666666667,36.699999999999996,62.2,42.8,0.14149727200975223
ressdhppo_full_safetyon,ressdhppo,full,on,9,251904.0,-27.224032148148083,3.4774609056082633,40.8,75.01266228540655,38.800000000000004,76.32553475582937,44.5,80.01439864974972,41.36666666666667,42.43333333333333,42.0,40.766666666666666,39.86666666666667,42.833333333333336,56.699999999999996,54.1,0.1436409825573162
sdhppo_aug_subsample_safetyoff,sdhppo,aug_subsample,off,0,51200.0,-0.9107814155081112,3.8000262769222366,24.6,46.91924681338033,94.0,187.5332300852027,20.7,30.917310803993196,46.43333333333333,46.76666666666666,46.56666666666666,46.13333333333333,46.06666666666667,46.66666666666666,46.6,47.0,
sdhppo_aug_subsample_safetyoff,sdhppo,aug_subsample,off,1,301056.0,-1.3297776957356826,3.877950559013966,44.0,86.30537824485597,78.60000000000001,156.41141372171714,30.599999999999998,44.3147177972366,51.06666666666667,51.6,51.36666666666667,50.73333333333334,50.36666666666667,51.26666666666667,53.266666666666666,54.233333333333334,
sdhppo_aug_subsample_safetyoff,sdhppo,aug_subsample,off,10,301056.0,-1.8414748735629873,6.4202452373455925,73.9,146.475822436825,98.1,195.76139389646207,12.0,22.533577242295515,61.333333333333336,61.366666666666674,61.333333333333336,61.26666666666667,61.20000000000001,61.4,63.7,64.60000000000001,
sdhppo_aug_subsample_safetyoff,sdhppo,aug_subsample,off,11,276480.0,-1.3066035315421258,5.438745051337589,40.2,68.3507541139092,99.3,198.59365083854053,24.8,47.722988562967835,54.76666666666667,54.866666666666674,54.833333333333336,54.76666666666667,54.666666666666664,54.80000000000001,58.733333333333334,56.43333333333334,
sdhppo_aug_subsample_safetyoff,sdhppo,aug_subsample,off,12,276480.0,-1.2769526269854192,5.089903118309332,19.400000000000002,37.21770459258485,95.7,191.24933146623567,41.8,82.75798320085049,52.300000000000004,52.4,52.333333333333336,52.300000000000004,52.199999999999996,52.4,58.53333333333334,53.43333333333333,
sdhppo_aug_subsample_safetyoff,sdhppo,aug_subsample,off,13,26624.0,-1.1782758941048255,4.440573179308742,27.500000000000004,50.771842738742066,95.8,191.39301160284032,30.599999999999998,58.14810328650652,51.300000000000004,51.46666666666667,51.43333333333333,51.23333333333333,51.133333333333326,51.43333333333334,51.366666666666674,51.733333333333334,
sdhppo_aug_subsample_safetyoff,sdhppo,aug_subsample,off,14,75776.0,-1.2068293465094224,4.866602727027103,29.5,55.150294487507196,98.0,195.9511122449764,28.1,53.515145489585834,51.86666666666667,52.0,51.93333333333334,51.800000000000004,51.666666666666664,51.96666666666667,52.53333333333333,51.9,
sdhppo_aug_subsample_safetyoff,sdhppo,aug_subsample,off,15,151552.0,-1.1437406894952111,4.50526738641538,27.900000000000002,54.371116385579214,97.2,194.3323229113556,25.1,48.33712614238694,50.06666666666667,50.166666666666664,50.166666666666664,50.03333333333333,50.03333333333333,50.199999999999996,50.53333333333333,50.4,
sdhppo_aug_subsample_safetyoff,sdhppo,aug_subsample,off,16,301056.0,-0.9277534939016998,3.216882589583058,24.0,45.07810007778673,96.6,192.78958972847232,21.3,39.027722600038686,47.300000000000004,47.43333333333333,47.333333333333336,47.16666666666666,47.099999999999994,47.4,48.5,47.333333333333336,
sdhppo_aug_subsample_safetyoff,sdhppo,aug_subsample,off,17,301056.0,-1.284060757532543,4.628763546917393,27.500000000000004,52.96664556787591,97.2,194.1802049524275,35.8,68.50844350791728,53.5,53.56666666666666,53.53333333333333,53.46666666666666,53.36666666666667,53.56666666666666,53.5,54.1,
sdhppo_aug_subsample_safetyoff,sdhppo,aug_subsample,off,18,200704.0,-1.2301792261918827,4.65931416940764,32.0,59.79631877385209,98.7,197.25146199587536,27.400000000000002,52.69486183663095,52.699999999999996,52.833333333333336,52.699999999999996,52.63333333333333,52.6,52.76666666666667,52.900000000000006,53.233333333333334,
sdhppo_aug_subsample_safetyoff,sdhppo,aug_subsample,off,19,75776.0,-2.6830874932273288,7.894390069165485,52.400000000000006,103.87157875745845,41.5,80.74463950711134,93.10000000000001,185.74044250911683,62.333333333333336,62.80000000000001,62.53333333333334,61.76666666666667,61.30000000000001,63.366666666666674,67.13333333333334,67.53333333333333,
sdhppo_aug_subsample_safetyoff,sdhppo,aug_subsample,off,2,126976.0,-1.1626432584444186,3.7237407542586953,28.499999999999996,53.930807725151126,93.60000000000001,186.51900844759535,30.3,57.77353694440982,50.800000000000004,50.93333333333333,50.86666666666667,50.699999999999996,50.43333333333334,50.96666666666667,51.76666666666667,51.56666666666667,
sdhppo_aug_subsample_safetyoff,sdhppo,aug_subsample,off,3,301056.0,-1.000386879465985,3.0873155410891866,25.6,47.898269119021194,97.39999999999999,185.7441755327916,24.8,47.46945333256906,49.26666666666667,49.666666666666664,49.43333333333334,48.199999999999996,46.96666666666667,49.53333333333334,49.5,49.86666666666667,
sdhppo_aug_subsample_safetyoff,sdhppo,aug_subsample,off,4,225280.0,-1.3975450236068172,5.185093351388013,35.3,67.17602984168569,98.0,195.6474469248131,33.6,63.446453499309726,55.63333333333333,55.70000000000001,55.70000000000001,55.56666666666666,55.5,55.63333333333333,56.39999999999999,56.733333333333334,
sdhppo_aug_subsample_safetyoff,sdhppo,aug_subsample,off,5,225280.0,-1.059325117448223,4.470057699567247,22.1,40.652794280445946,97.3,194.5434933484461,27.900000000000002,53.13621807445883,49.1,49.199999999999996,49.199999999999996,49.06666666666666,49.0,49.199999999999996,50.866666666666674,51.5,
sdhppo_aug_subsample_safetyoff,sdhppo,aug_subsample,off,6,126976.0,-1.1638146156261056,4.604038229881802,28.7,55.54976366354125,98.0,195.88964760447487,25.900000000000002,48.94803399901283,50.86666666666667,50.93333333333334,50.9,50.76666666666666,50.73333333333333,50.96666666666667,50.366666666666674,52.03333333333333,
sdhppo_aug_subsample_safetyoff,sdhppo,aug_subsample,off,7,126976.0,-1.6499858999644812,4.45470946092311,62.1,122.72601303842987,64.3,127.92171773800071,24.099999999999998,43.00032670640754,50.166666666666664,50.43333333333334,50.26666666666667,50.0,49.666666666666664,50.53333333333333,54.166666666666664,52.7,
sdhppo_aug_subsample_safetyoff,sdhppo,aug_subsample,off,8,75776.0,-2.3923848489107087,6.371399889999266,49.8,96.77514412846806,37.5,72.40962184607974,83.39999999999999,165.86755047610023,56.9,58.46666666666666,57.46666666666666,55.666666666666664,55.29999999999999,59.29999999999999,59.13333333333334,61.43333333333333,
sdhppo_aug_subsample_safetyoff,sdhppo,aug_subsample,off,9,251904.0,-1.6467946431696654,6.0764794860391484,50.0,98.09301679893507,98.3,196.2066298398298,29.299999999999997,54.996766371998575,59.20000000000001,59.30000000000001,59.26666666666667,59.133333333333326,59.0,59.23333333333333,61.56666666666667,61.66666666666667,
sdhppo_aug_subsample_safetyon,sdhppo,aug_subsample,on,0,51200.0,-0.9103283537503392,1.7083990195275844,27.0,49.75730155517117,46.7,81.3595305873102,32.2,51.29352715815806,35.300000000000004,39.46666666666667,37.4,31.666666666666668,28.566666666666666,42.56666666666667,42.766666666666666,44.166666666666664,
sdhppo_aug_subsample_safetyon,sdhppo,aug_subsample,on,1,26624.0,-1.1239478442628266,2.373128480011335,27.800000000000004,50.35634333897288,50.9,92.55896241983102,46.300000000000004,74.26268870241826,41.666666666666664,44.26666666666667,42.86666666666667,39.0,36.900000000000006,46.06666666666667,46.800000000000004,51.63333333333333,
sdhppo_aug_subsample_safetyon,sdhppo,aug_subsample,on,10,276480.0,-1.1913062082953065,2.903976428014677,32.0,61.04981414374745,79.9,147.40626316370907,36.1,63.10251572943094,49.333333333333336,51.800000000000004,50.699999999999996,46.26666666666666,44.43333333333334,53.0,50.2,52.26666666666666,
sdhppo_aug_subsample_safetyon,sdhppo,aug_subsample,on,11,26624.0,-1.411399172746179,3.151218137153137,47.099999999999994,87.31966760933756,60.699999999999996,112.2962524037775,41.3,63.73353430986769,49.69999999999999,52.699999999999996,51.23333333333334,46.93333333333334,44.53333333333333,54.5,60.5,54.233333333333334,
sdhppo_aug_subsample_safetyon,sdhppo,aug_subsample,on,12,75776.0,-1.0293881936697038,2.285295318852448,30.099999999999998,51.9393782688844,65.8,116.42196459050301,33.4,58.52302301239678,43.099999999999994,46.6,45.1,39.4,36.6,48.166666666666664,50.16666666666667,46.6,
sdhppo_aug_subsample_safetyon,sdhppo,aug_subsample,on,13,51200.0,-1.2095188058660884,2.8014904927983997,32.1,57.78454743097536,68.5,124.31980020057794,39.2,72.01147972912143,46.6,50.0,48.63333333333333,43.26666666666666,40.6,52.1,53.733333333333334,56.2,
sdhppo_aug_subsample_safetyon,sdhppo,aug_subsample,on,14,301056.0,-1.2178770710181388,3.071193002705435,32.2,61.97467284892354,77.4,146.54987405090424,35.0,64.1344461063158,48.20000000000001,50.23333333333333,49.166666666666664,46.43333333333333,44.666666666666664,51.366666666666674,52.300000000000004,52.26666666666666,
sdhppo_aug_subsample_safetyon,sdhppo,aug_subsample,on,15,276480.0,-1.092929274822804,2.468474093019689,30.5,58.352132032695074,58.3,108.41707242540339,35.699999999999996,58.42113225479658,41.5,43.9,42.5,39.666666666666664,37.56666666666666,45.199999999999996,44.36666666666667,46.46666666666667,
sdhppo_aug_subsample_safetyon,sdhppo,aug_subsample,on,16,301056.0,-0.8660087849690978,1.7995481679859693,26.400000000000002,49.327289130764854,41.8,75.96974222164073,26.900000000000002,44.56891225689763,31.700000000000003,33.46666666666667,32.7,29.833333333333332,27.933333333333337,34.9,46.1,34.699999999999996,
sdhppo_aug_subsample_safetyon,sdhppo,aug_subsample,on,17,26624.0,-1.2089439444806809,2.520151156443813,28.999999999999996,52.19468939338992,54.2,99.14478481474545,45.1,82.1164735350381,42.76666666666667,46.06666666666666,44.6,40.199999999999996,37.666666666666664,48.6,49.4,49.46666666666666,
sdhppo_aug_subsample_safetyon,sdhppo,aug_subsample,on,18,126976.0,-1.2388765915388509,3.028327923825869,37.5,69.28873914607719,50.7,99.17558818739087,33.300000000000004,61.862220366221905,40.5,42.2,41.36666666666667,39.199999999999996,38.53333333333333,44.56666666666667,50.26666666666667,54.233333333333334,
sdhppo_aug_subsample_safetyon,sdhppo,aug_subsample,on,19,26624.0,-1.6738870194651303,3.98866451130213,44.5,81.27506597979783,70.1,132.27285422425916,54.50000000000001,99.09465303755034,56.36666666666667,58.800000000000004,57.5,54.666666666666664,52.56666666666666,59.93333333333334,66.7,61.23333333333333,
sdhppo_aug_subsample_safetyon,sdhppo,aug_subsample,on,2,51200.0,-1.2017628911422298,2.6532171202735233,32.0,60.16729360056362,60.199999999999996,107.53798954343952,39.7,70.36032597485634,43.96666666666666,47.5,45.63333333333333,40.833333333333336,37.86666666666667,49.63333333333333,51.33333333333333,50.76666666666667,
sdhppo_aug_subsample_safetyon,sdhppo,aug_subsample,on,3,126976.0,-1.0080407926042796,2.4028816966046587,27.3,51.965634482007566,52.0,92.7317590070928,31.8,55.989827346203235,37.03333333333333,40.800000000000004,38.9,33.233333333333334,31.53333333333333,43.333333333333336,52.7,44.96666666666667,
sdhppo_aug_subsample_safetyon,sdhppo,aug_subsample,on,4,301056.0,-1.4301105069486149,3.4997857235288294,38.5,74.26919977522124,68.4,127.51131200844986,43.8,77.46897567081132,50.23333333333333,52.56666666666667,51.23333333333333,47.833333333333336,45.79999999999999,54.46666666666667,55.63333333333333,58.599999999999994,
sdhppo_aug_subsample_safetyon,sdhppo,aug_subsample,on,5,100352.0,-1.0433875764769962,2.3604187662439218,28.599999999999998,51.426249042102405,60.4,106.34743951586626,35.6,61.18565376195294,41.53333333333333,45.1,43.199999999999996,37.93333333333333,34.96666666666666,47.599999999999994,56.766666666666666,48.96666666666666,
sdhppo_aug_subsample_safetyon,sdhppo,aug_subsample,on,6,301056.0,-1.1367206395924523,2.568335916225978,34.599999999999994,63.768134255833296,55.7,105.04482280542688,31.6,57.30156847181517,40.63333333333333,42.199999999999996,41.4,39.0,37.76666666666667,43.86666666666667,54.06666666666666,48.4,
sdhppo_aug_subsample_safetyon,sdhppo,aug_subsample,on,7,151552.0,-1.102580421405219,2.5903416507287966,32.9,61.03537524407239,62.2,109.88258656595666,33.1,56.09657806894872,42.73333333333333,46.26666666666667,44.56666666666667,39.06666666666667,35.96666666666667,48.199999999999996,53.1,47.733333333333334,
sdhppo_aug_subsample_safetyon,sdhppo,aug_subsample,on,8,51200.0,-1.2705931923864628,2.948162255101905,30.7,57.32116561302376,54.7,101.15241663928848,44.3,81.29141316134701,43.23333333333333,46.46666666666667,45.03333333333333,40.1,38.300000000000004,49.56666666666666,60.73333333333333,49.766666666666666,
sdhppo_aug_subsample_safetyon,sdhppo,aug_subsample,on,9,225280.0,-1.4298994570251884,3.5348920145317093,39.4,73.21778203115262,54.400000000000006,106.53930569814177,43.0,79.62290209192203,45.6,48.4,46.5,44.03333333333333,43.23333333333333,50.300000000000004,57.099999999999994,53.233333333333334,
sdhppo_full_safetyoff,sdhppo,full,off,0,51200.0,-0.9198582976558584,4.0072832854572304,27.800000000000004,52.98574875742088,95.19999999999999,189.98958764639616,15.4,23.256573727896217,46.13333333333333,46.23333333333333,46.166666666666664,45.833333333333336,45.53333333333333,46.333333333333336,46.733333333333334,47.5,
sdhppo_full_safetyoff,sdhppo,full,off,1,251904.0,-1.5072591853402038,4.457190668985207,53.7,105.6739940217292,72.0,143.1516308590481,26.400000000000002,42.45885961457438,50.699999999999996,50.833333333333336,50.73333333333333,50.46666666666667,50.23333333333333,51.0,52.63333333333333,54.1,
sdhppo_full_safetyoff,sdhppo,full,off,10,276480.0,-1.1921892864443244,4.4872991843836925,28.199999999999996,55.090959263242965,97.0,193.5313209137107,28.499999999999996,54.38481222987247,51.23333333333333,51.300000000000004,51.26666666666666,51.06666666666666,50.9,51.333333333333336,53.53333333333333,52.800000000000004,
sdhppo_full_safetyoff,sdhppo,full,off,11,301056.0,-1.46832277764594,5.8107016110797725,48.199999999999996,91.78211329715181,99.3,198.5478976765828,20.7,39.57591471688492,56.06666666666666,56.133333333333326,56.06666666666666,56.0,55.93333333333333,56.099999999999994,59.766666666666666,55.03333333333333,
sdhppo_full_safetyoff,sdhppo,full,off,12,301056.0,-1.4856347115252897,4.803396700259839,17.8,29.966176994481085,65.7,130.10724692741636,63.7,126.4345654776537,49.06666666666666,49.20000000000001,49.1,48.76666666666667,48.53333333333333,49.20000000000001,53.56666666666666,52.03333333333333,
sdhppo_full_safetyoff,sdhppo,full,off,13,176128.0,-1.1710251646656231,4.737950520623233,25.1,47.617175565187246,98.8,197.36349653725915,30.3,58.19529307979208,51.400000000000006,51.53333333333333,51.43333333333334,51.333333333333336,51.199999999999996,51.400000000000006,52.03333333333333,56.43333333333334,
sdhppo_full_safetyoff,sdhppo,full,off,14,225280.0,-1.0304660310718874,4.931814790149616,31.3,58.368804752829575,98.5,196.79316464755368,20.1,25.357481490385386,49.96666666666667,50.13333333333333,50.1,49.9,49.800000000000004,50.1,54.53333333333333,49.46666666666666,
sdhppo_full_safetyoff,sdhppo,full,off,15,176128.0,-1.1363811655318663,4.46375177635748,28.199999999999996,54.478294635462845,96.8,193.1173368746583,25.1,47.6271207499085,50.03333333333333,50.099999999999994,50.06666666666666,49.9,49.9,50.166666666666664,50.6,51.06666666666667,
sdhppo_full_safetyoff,sdhppo,full,off,16,151552.0,-0.8778571310619846,4.004662034310766,21.4,34.15684981012309,95.89999999999999,191.49158388187632,21.2,39.51854664405873,46.16666666666666,46.36666666666667,46.29999999999999,46.03333333333333,45.9,46.29999999999999,47.56666666666667,45.6,
sdhppo_full_safetyoff,sdhppo,full,off,17,176128.0,-0.9130705547695875,4.451099820559196,16.3,20.827326167287076,95.39999999999999,190.8816666003744,30.0,56.9328392496643,47.23333333333333,47.5,47.43333333333334,47.06666666666666,47.03333333333333,47.4,48.8,47.8,
sdhppo_full_safetyoff,sdhppo,full,off,18,100352.0,-1.2560533466182986,4.533077096096536,33.1,63.24927793142988,98.2,196.1942827706224,27.800000000000004,53.15806707205901,53.03333333333334,53.1,53.1,53.0,52.86666666666667,53.06666666666667,53.7,53.733333333333334,
sdhppo_full_safetyoff,sdhppo,full,off,19,301056.0,-1.9665581368929053,6.50988029304783,27.0,47.10884625676126,59.3,116.76588512886178,81.10000000000001,161.31563037723356,55.800000000000004,56.300000000000004,56.1,55.366666666666674,54.86666666666667,56.56666666666666,62.93333333333333,60.73333333333333,
sdhppo_full_safetyoff,sdhppo,full,off,2,26624.0,-1.5933997378468099,4.288985687900672,24.6,37.092634199062154,56.699999999999996,112.9778097166484,69.69999999999999,138.0766240052808,50.333333333333336,50.599999999999994,50.43333333333333,50.06666666666666,49.833333333333336,50.69999999999999,51.16666666666667,54.03333333333333,
sdhppo_full_safetyoff,sdhppo,full,off,3,200704.0,-1.0635395182252232,4.5569717394328055,25.4,46.06148792620951,98.2,196.1465442887013,24.4,46.65276105680201,49.333333333333336,49.4,49.36666666666667,49.26666666666667,49.26666666666667,49.400000000000006,50.16666666666667,49.56666666666666,
sdhppo_full_safetyoff,sdhppo,full,off,4,51200.0,-1.2541829671252835,5.14268686629205,30.2,43.15335103275252,97.8,195.36892760688573,38.3,72.70150714303269,55.43333333333334,55.63333333333333,55.5,55.300000000000004,55.03333333333333,55.43333333333333,57.833333333333336,56.233333333333334,
sdhppo_full_safetyoff,sdhppo,full,off,5,176128.0,-1.2873907792377128,5.112902198335897,38.9,75.33217659483,96.89999999999999,193.52765605447348,20.8,39.26491284052153,52.199999999999996,52.300000000000004,52.23333333333334,52.1,52.0,52.300000000000004,55.06666666666666,55.46666666666666,
sdhppo_full_safetyoff,sdhppo,full,off,6,200704.0,-1.006655940426107,4.631690444680244,25.0,36.01340188858675,97.89999999999999,195.73400007761794,27.3,50.493042896139535,50.06666666666666,50.199999999999996,50.199999999999996,49.9,49.73333333333333,50.13333333333333,50.46666666666667,53.166666666666664,
sdhppo_full_safetyoff,sdhppo,full,off,7,151552.0,-1.8392015745086905,4.772740671814715,74.6,147.9215739174745,56.699999999999996,112.14861395544632,21.9,38.310998316633004,51.06666666666666,51.23333333333333,51.166666666666664,50.73333333333333,50.333333333333336,51.36666666666667,54.06666666666666,53.7,
sdhppo_full_safetyoff,sdhppo,full,off,8,51200.0,-2.5058428197519333,6.794793064073626,59.099999999999994,115.27629096844016,38.5,76.10436625010477,78.10000000000001,156.1443647907244,58.56666666666666,58.76666666666667,58.666666666666664,58.366666666666674,58.166666666666664,58.93333333333334,60.66666666666667,61.36666666666667,
sdhppo_full_safetyoff,sdhppo,full,off,9,200704.0,-1.441641748534649,5.263072323322102,33.5,63.69953935450303,97.6,194.7890221205184,38.5,73.10949772047103,56.53333333333333,56.666666666666664,56.63333333333333,56.4,56.300000000000004,56.66666666666666,57.06666666666666,56.89999999999999,
sdhppo_full_safetyon,sdhppo,full,on,0,100352.0,-0.8141951737630826,1.6254027742647201,27.400000000000002,45.398325274281774,52.0,89.04845594322494,24.099999999999998,43.30675838787375,34.5,39.0,37.03333333333334,30.33333333333334,27.433333333333334,42.333333333333336,44.06666666666666,43.1,
sdhppo_full_safetyon,sdhppo,full,on,1,26624.0,-1.0765570273677592,2.34079736102821,28.299999999999997,51.08405721604597,51.1,91.6642097245183,39.6,67.33724894799792,39.666666666666664,44.03333333333333,41.8,36.56666666666667,33.5,46.599999999999994,47.9,50.96666666666667,
sdhppo_full_safetyon,sdhppo,full,on,10,276480.0,-1.1738316239832476,2.7894837297308595,34.2,62.883699074815404,69.0,124.90149894111039,37.6,61.50389643527536,46.93333333333334,51.1,48.833333333333336,44.03333333333334,40.23333333333333,53.20000000000001,52.53333333333333,54.43333333333334,
sdhppo_full_safetyon,sdhppo,full,on,11,276480.0,-1.213514210660302,3.0631377018854704,34.599999999999994,65.2987404501481,69.8,124.40064240387487,36.9,62.0913973701072,47.099999999999994,50.9,48.9,43.13333333333333,39.86666666666667,53.166666666666664,59.166666666666664,49.93333333333334,
sdhppo_full_safetyon,sdhppo,full,on,12,100352.0,-1.0058371237031243,2.2655930845885344,29.299999999999997,52.773880064181704,59.5,101.52528612192668,32.6,55.59456237708546,40.46666666666667,44.46666666666667,42.53333333333333,36.03333333333333,32.6,46.800000000000004,48.53333333333333,44.766666666666666,
sdhppo_full_safetyon,sdhppo,full,on,13,51200.0,-1.207638737372748,2.7673013441379126,32.0,58.2859544933185,55.300000000000004,104.08656821727232,38.9,72.56278883665419,42.06666666666667,46.06666666666666,44.166666666666664,39.666666666666664,37.699999999999996,48.4,50.43333333333333,54.2,
sdhppo_full_safetyon,sdhppo,full,on,14,26624.0,-1.2168048680495833,2.9261683496859545,36.0,64.74910003308865,66.8,119.1006729869609,39.300000000000004,64.59153238102564,47.36666666666667,50.73333333333333,48.93333333333334,43.400000000000006,40.833333333333336,52.06666666666666,55.766666666666666,53.7,
sdhppo_full_safetyon,sdhppo,full,on,15,100352.0,-1.0990881468041234,2.475668393581571,32.2,60.24922340993215,66.3,117.66712299185471,32.7,56.86037195186768,43.73333333333333,47.73333333333333,45.70000000000001,40.199999999999996,36.833333333333336,49.73333333333333,47.3,48.93333333333334,
sdhppo_full_safetyon,sdhppo,full,on,16,26624.0,-0.9316829924730633,1.8063658996290182,33.800000000000004,54.22970279665831,37.1,66.66011497230939,30.3,49.44650148590806,33.733333333333334,38.33333333333333,35.833333333333336,30.633333333333336,28.2,41.400000000000006,46.36666666666667,40.666666666666664,
sdhppo_full_safetyon,sdhppo,full,on,17,51200.0,-1.0590906846637158,2.3846599336004237,27.6,51.19772024911284,45.7,84.804160668368,36.9,64.61051404923172,36.73333333333334,40.800000000000004,38.4,33.333333333333336,32.03333333333333,43.866666666666674,49.766666666666666,43.96666666666667,
sdhppo_full_safetyon,sdhppo,full,on,18,251904.0,-1.2660837744540405,3.1605515338764505,38.4,69.12083425154862,68.10000000000001,129.14228319644616,35.5,63.20449771830195,47.333333333333336,49.366666666666674,48.5,45.1,43.599999999999994,50.96666666666667,51.53333333333333,52.800000000000004,
sdhppo_full_safetyon,sdhppo,full,on,19,26624.0,-1.6984821081791228,3.974238075832507,46.6,83.80876543897388,58.8,112.50814860048894,56.3,101.0913004916753,53.9,56.86666666666667,55.199999999999996,51.93333333333334,50.36666666666667,58.70000000000001,65.03333333333333,59.166666666666664,
sdhppo_full_safetyon,sdhppo,full,on,2,251904.0,-1.1516311385070122,2.6037083608908413,32.9,59.85081052195508,47.199999999999996,88.4549688058669,35.699999999999996,65.34326207532435,38.599999999999994,42.699999999999996,40.56666666666667,35.699999999999996,34.13333333333333,46.23333333333333,49.1,46.13333333333333,
sdhppo_full_safetyon,sdhppo,full,on,3,51200.0,-1.0123485430808292,2.4196373855634814,28.000000000000004,51.9377419188964,57.699999999999996,101.72808270971349,32.6,56.13147133611466,39.43333333333334,43.400000000000006,41.63333333333333,35.666666666666664,32.86666666666667,45.86666666666667,54.400000000000006,46.63333333333333,
sdhppo_full_safetyon,sdhppo,full,on,4,200704.0,-1.420466154989982,3.4427598506368824,41.3,75.68996549461019,60.9,115.02696889316343,43.1,75.95052327576643,48.43333333333333,51.76666666666666,49.73333333333333,46.133333333333326,44.53333333333333,53.46666666666666,55.96666666666666,60.06666666666667,
sdhppo_full_safetyon,sdhppo,full,on,5,151552.0,-1.087439720040201,2.3871614968825865,33.300000000000004,57.54229822921911,51.300000000000004,94.22447822967311,32.6,60.487961577471296,39.06666666666667,43.1,40.93333333333334,35.93333333333333,33.93333333333334,45.833333333333336,54.666666666666664,45.2,
sdhppo_full_safetyon,sdhppo,full,on,6,225280.0,-1.1352887438306356,2.5403781543329895,33.5,62.850221431087775,53.5,100.18301032689128,36.3,58.95924675990628,41.1,42.76666666666667,41.833333333333336,39.56666666666667,37.833333333333336,44.1,53.833333333333336,50.46666666666667,
sdhppo_full_safetyon,sdhppo,full,on,7,100352.0,-1.1030493038188611,2.559896615213284,33.5,61.90057710773079,51.2,92.89122423788032,31.7,56.402092263860816,38.800000000000004,43.0,41.0,35.26666666666667,33.16666666666667,45.86666666666667,52.56666666666666,44.7,
sdhppo_full_safetyon,sdhppo,full,on,8,301056.0,-1.1857265489671358,2.8887889822560613,29.7,56.179962116291584,67.7,125.49127479402765,39.1,69.6486368001635,45.5,48.53333333333333,46.93333333333334,43.26666666666667,40.9,50.333333333333336,63.66666666666667,48.46666666666667,
sdhppo_full_safetyon,sdhppo,full,on,9,176128.0,-1.4275356701091222,3.508839163969676,40.6,74.28633551075235,51.9,98.71523575021077,42.1,78.88165488149583,44.86666666666667,47.5,45.833333333333336,42.666666666666664,41.5,50.56666666666666,57.36666666666667,55.400000000000006,
sdhppo_no_dueling_safetyoff,sdhppo,no_dueling,off,0,75776.0,-0.8552448963601496,3.955974123966518,22.0,42.09836828696203,97.0,193.4073848237124,19.3,27.36798435246044,46.1,46.23333333333333,46.13333333333333,45.833333333333336,45.76666666666666,46.199999999999996,46.666666666666664,46.33333333333333,
sdhppo_no_dueling_safetyoff,sdhppo,no_dueling,off,1,276480.0,-1.41376731220002,4.544293261336666,51.1,95.76940271792243,69.19999999999999,137.72759289414012,25.7,41.07845346677746,48.66666666666666,48.86666666666667,48.800000000000004,48.300000000000004,48.03333333333333,48.76666666666666,51.2,52.300000000000004,
sdhppo_no_dueling_safetyoff,sdhppo,no_dueling,off,10,251904.0,-1.3021188816468514,5.490622765021948,35.8,63.030982219806816,98.1,196.17959940676513,27.700000000000003,53.034324883025064,53.86666666666665,54.0,53.93333333333334,53.79999999999999,53.699999999999996,53.96666666666666,56.46666666666667,54.300000000000004,
sdhppo_no_dueling_safetyoff,sdhppo,no_dueling,off,11,251904.0,-1.4686739121351893,6.0062238826987935,50.4,98.40515477945526,99.1,198.2424126062145,16.3,30.385329098598913,55.26666666666667,55.333333333333336,55.300000000000004,55.23333333333333,55.23333333333333,55.300000000000004,61.5,56.56666666666666,
sdhppo_no_dueling_safetyoff,sdhppo,no_dueling,off,12,301056.0,-1.2431525346785128,4.486983857379271,23.3,41.732042226608854,80.30000000000001,160.2207184381297,40.6,79.44574677349763,48.06666666666667,48.23333333333334,48.23333333333334,48.0,47.800000000000004,48.26666666666667,51.366666666666674,50.06666666666667,
sdhppo_no_dueling_safetyoff,sdhppo,no_dueling,off,13,301056.0,-0.9217857501389715,4.803120707275024,15.6,17.00453109646174,99.1,197.94086848521187,31.2,59.65475478359584,48.633333333333326,48.76666666666667,48.73333333333333,48.4,48.29999999999999,48.666666666666664,49.8,50.56666666666667,
sdhppo_no_dueling_safetyoff,sdhppo,no_dueling,off,14,301056.0,-1.2002066937537037,5.009224699865447,28.299999999999997,53.79822659911452,98.2,196.09649523845033,31.8,53.36925853351576,52.76666666666667,52.76666666666667,52.76666666666667,52.599999999999994,52.29999999999999,52.76666666666667,54.53333333333333,55.1,
sdhppo_no_dueling_safetyoff,sdhppo,no_dueling,off,15,176128.0,-1.1344385925138483,4.5126239381781446,28.199999999999996,53.750970369536866,97.5,194.83293785096302,24.5,47.71665835420525,50.06666666666666,50.166666666666664,50.166666666666664,49.96666666666667,49.93333333333334,50.199999999999996,50.53333333333333,50.53333333333333,
sdhppo_no_dueling_safetyoff,sdhppo,no_dueling,off,16,301056.0,-1.05250992371903,4.2512959084514135,27.700000000000003,53.17125266346491,97.2,194.18761495806243,21.6,39.128879600460515,48.833333333333336,48.93333333333334,48.900000000000006,48.76666666666666,48.699999999999996,48.93333333333333,50.06666666666667,50.0,
sdhppo_no_dueling_safetyoff,sdhppo,no_dueling,off,17,301056.0,-1.584509827136719,5.679010942977057,25.7,48.27924862495669,97.1,194.08464287331182,54.7,107.80899697930532,59.166666666666664,59.23333333333333,59.166666666666664,59.13333333333333,58.96666666666666,59.26666666666667,63.43333333333333,60.46666666666667,
sdhppo_no_dueling_safetyoff,sdhppo,no_dueling,off,18,276480.0,-1.230194077092077,4.6373193635945995,33.1,63.83664880550135,97.1,193.95808460629917,27.400000000000002,48.420995517220845,52.53333333333333,52.6,52.6,52.46666666666667,52.43333333333334,52.56666666666667,53.06666666666666,53.53333333333333,
sdhppo_no_dueling_safetyoff,sdhppo,no_dueling,off,19,301056.0,-2.3280715948649684,9.529074205367547,30.0,58.42727777583301,98.6,197.00114166478198,85.5,170.23118759928968,71.36666666666666,71.36666666666666,71.36666666666666,71.33333333333333,71.23333333333333,71.39999999999999,77.60000000000001,67.56666666666666,
sdhppo_no_dueling_safetyoff,sdhppo,no_dueling,off,2,225280.0,-1.054947488725392,4.858438268739827,19.400000000000002,22.69582579425961,97.3,194.33672367129427,36.7,71.24531640948852,51.13333333333333,51.366666666666674,51.26666666666667,50.9,50.76666666666667,51.20000000000001,51.93333333333333,50.8,
sdhppo_no_dueling_safetyoff,sdhppo,no_dueling,off,3,276480.0,-1.5591166007640926,5.9039364208490746,21.5,40.83879455713778,98.2,196.2744156694655,57.3,111.28520795575494,59.0,59.1,59.1,58.86666666666667,58.79999999999999,59.1,60.699999999999996,58.43333333333334,
sdhppo_no_dueling_safetyoff,sdhppo,no_dueling,off,4,301056.0,-1.064208185424462,5.395297911529951,16.2,20.34244831290845,98.0,196.02303905659184,37.8,71.18165796557624,50.666666666666664,50.699999999999996,50.699999999999996,50.633333333333326,50.43333333333334,50.800000000000004,55.233333333333334,51.366666666666674,
sdhppo_no_dueling_safetyoff,sdhppo,no_dueling,off,5,301056.0,-1.265121508290163,5.0405762951963835,39.800000000000004,75.77917144501191,96.7,193.25222349771758,19.3,36.26866971646593,51.93333333333334,52.06666666666667,52.03333333333333,51.900000000000006,51.73333333333334,52.03333333333334,54.56666666666666,54.63333333333333,
sdhppo_no_dueling_safetyoff,sdhppo,no_dueling,off,6,301056.0,-0.949221033031707,4.6627418942866,20.8,26.972004409162732,98.3,196.2014824595258,28.000000000000004,52.906335977861715,49.03333333333333,49.1,49.1,48.800000000000004,48.63333333333333,49.03333333333334,50.16666666666667,49.5,
sdhppo_no_dueling_safetyoff,sdhppo,no_dueling,off,7,251904.0,-1.6564767664733688,4.6913114891072505,70.7,139.79948958551674,58.199999999999996,115.13221696556289,16.6,23.22102679326597,48.5,48.76666666666667,48.666666666666664,48.26666666666667,47.73333333333333,48.76666666666666,54.900000000000006,51.9,
sdhppo_no_dueling_safetyoff,sdhppo,no_dueling,off,8,26624.0,-2.720874080974071,6.723247053899912,69.0,136.95859349094948,18.2,35.2675214375212,82.0,163.59459229902964,56.4,56.56666666666666,56.5,56.199999999999996,55.96666666666667,56.833333333333336,58.03333333333334,64.26666666666667,
sdhppo_no_dueling_safetyoff,sdhppo,no_dueling,off,9,301056.0,-1.5735371707109815,5.644680596754519,42.4,81.21604133170938,98.5,196.61409769641293,35.6,67.83058037112835,58.833333333333336,58.833333333333336,58.833333333333336,58.76666666666667,58.599999999999994,58.9,62.0,60.8,
sdhppo_no_dueling_safetyon,sdhppo,no_dueling,on,0,151552.0,-0.7945021816807871,1.617546442518024,23.0,40.80280384204607,57.3,98.32764135467887,30.9,45.83167879514947,37.06666666666666,42.43333333333334,40.06666666666667,32.233333333333334,28.8,44.96666666666667,44.86666666666667,44.5,
sdhppo_no_dueling_safetyon,sdhppo,no_dueling,on,1,51200.0,-1.0864978977056485,2.3412173903028877,28.199999999999996,51.545354233201635,53.7,96.6905315022338,40.400000000000006,67.9591706388267,40.76666666666667,45.63333333333333,43.099999999999994,37.13333333333333,34.4,48.93333333333334,47.46666666666667,51.66666666666667,
sdhppo_no_dueling_safetyon,sdhppo,no_dueling,on,10,176128.0,-1.163739276422024,2.765415181897107,34.599999999999994,64.12823720368532,53.0,97.99269805218904,37.0,60.43855641764338,41.53333333333333,45.53333333333333,43.19999999999999,38.733333333333334,36.76666666666666,48.300000000000004,48.833333333333336,51.56666666666667,
sdhppo_no_dueling_safetyon,sdhppo,no_dueling,on,11,51200.0,-1.2397214089050774,3.0594502146229985,37.1,68.91095751353778,60.5,110.57573550610908,37.9,62.31283611544213,45.166666666666664,48.36666666666667,47.23333333333333,42.43333333333333,39.733333333333334,50.93333333333334,60.86666666666667,50.83333333333333,
sdhppo_no_dueling_safetyon,sdhppo,no_dueling,on,12,225280.0,-0.9910579582785921,2.241997787553414,28.299999999999997,51.769399693203134,57.199999999999996,97.40650807437338,32.4,55.373277593691164,39.300000000000004,44.699999999999996,42.03333333333334,34.233333333333334,31.0,47.36666666666667,44.93333333333333,44.53333333333334,
sdhppo_no_dueling_safetyon,sdhppo,no_dueling,on,13,51200.0,-1.1910792090406148,2.754517369436571,33.300000000000004,58.76766820484714,55.300000000000004,101.12812479190922,39.4,70.18396818610029,42.666666666666664,45.73333333333334,44.5,39.666666666666664,37.4,48.1,49.93333333333334,54.166666666666664,
sdhppo_no_dueling_safetyon,sdhppo,no_dueling,on,14,26624.0,-1.202865169780388,2.9121567805595996,34.8,64.12031992694075,53.0,97.84300281153737,38.5,64.6621419686257,42.1,45.43333333333334,43.53333333333333,39.53333333333333,37.06666666666667,48.23333333333333,52.53333333333333,49.63333333333333,
sdhppo_no_dueling_safetyon,sdhppo,no_dueling,on,15,26624.0,-1.2472905719542946,2.5404250592519864,39.1,73.840461014582,56.3,102.74701433035546,40.400000000000006,62.06181505469103,45.26666666666667,49.03333333333333,46.666666666666664,41.699999999999996,39.4,51.6,46.7,50.5,
sdhppo_no_dueling_safetyon,sdhppo,no_dueling,on,16,26624.0,-0.9310689710792137,1.8220904967047307,28.1,52.13195980644869,54.50000000000001,93.48055874134761,30.2,49.695657479482655,37.6,41.599999999999994,39.733333333333334,33.800000000000004,30.500000000000004,43.93333333333333,50.46666666666667,43.3,
sdhppo_no_dueling_safetyon,sdhppo,no_dueling,on,17,51200.0,-1.0655445418299878,2.390941183831325,29.5,51.87601201694464,54.50000000000001,98.09014904660074,35.4,64.00872588005971,39.800000000000004,44.03333333333333,42.166666666666664,35.9,33.4,47.06666666666667,51.43333333333333,46.800000000000004,
sdhppo_no_dueling_safetyon,sdhppo,no_dueling,on,18,26624.0,-1.4857921840428034,3.184202416968726,45.2,84.01311964529663,61.5,113.60110010493952,43.1,77.05060472500126,49.93333333333334,52.366666666666674,51.26666666666666,47.800000000000004,45.46666666666666,53.666666666666664,53.93333333333333,62.36666666666667,
sdhppo_no_dueling_safetyon,sdhppo,no_dueling,on,19,225280.0,-1.5460178651795948,3.8633357474911083,42.8,79.05329741646521,58.8,112.37551324320057,47.099999999999994,86.13561379486953,49.56666666666666,51.46666666666667,50.26666666666667,48.0,46.23333333333333,54.166666666666664,65.33333333333333,55.333333333333336,
sdhppo_no_dueling_safetyon,sdhppo,no_dueling,on,2,301056.0,-1.1531412824249871,2.6064088194618558,32.800000000000004,58.25444974708892,49.2,89.6209906649761,38.6,67.35609991940235,40.199999999999996,42.76666666666667,41.5,37.699999999999996,35.1,45.866666666666674,48.833333333333336,47.86666666666667,
sdhppo_no_dueling_safetyon,sdhppo,no_dueling,on,3,51200.0,-1.0260306474728522,2.4370606289273375,27.700000000000003,52.27166659837118,62.6,112.5133254850498,32.1,56.62246224215785,40.800000000000004,44.46666666666667,42.93333333333334,37.166666666666664,34.6,47.46666666666666,55.733333333333334,47.63333333333333,
sdhppo_no_dueling_safetyon,sdhppo,no_dueling,on,4,51200.0,-1.4388333237029065,3.4728357871414994,42.699999999999996,79.07977812609732,64.4,119.19751810501914,42.699999999999996,74.21148852150404,49.93333333333333,53.26666666666667,51.666666666666664,47.0,44.36666666666667,55.79999999999999,57.833333333333336,60.73333333333333,
sdhppo_no_dueling_safetyon,sdhppo,no_dueling,on,5,26624.0,-1.1503088764325768,2.3903840827231404,34.9,61.77475350537444,57.3,102.06846987372471,39.7,63.985286630203454,43.96666666666666,47.300000000000004,45.333333333333336,40.73333333333333,37.86666666666667,49.53333333333333,57.13333333333333,50.93333333333333,
sdhppo_no_dueling_safetyon,sdhppo,no_dueling,on,6,26624.0,-1.1617516761070514,2.5287879449863335,36.6,64.9486342437099,44.4,83.85196105343366,38.9,61.754839772264546,39.96666666666667,43.1,40.93333333333333,37.63333333333333,36.199999999999996,45.199999999999996,54.96666666666666,51.13333333333333,
sdhppo_no_dueling_safetyon,sdhppo,no_dueling,on,7,26624.0,-1.298246902726034,2.6713296958263477,41.3,75.16902067661056,48.699999999999996,88.19517853932034,40.9,67.41330580610006,43.63333333333333,46.96666666666666,45.26666666666667,40.833333333333336,38.46666666666667,49.300000000000004,52.7,49.03333333333333,
sdhppo_no_dueling_safetyon,sdhppo,no_dueling,on,8,100352.0,-1.1986471504554788,2.8509407978933177,31.900000000000002,58.582892925650526,64.9,116.52501007519345,39.4,69.86713337651295,45.400000000000006,49.1,47.43333333333334,42.06666666666667,38.9,51.36666666666667,65.0,51.63333333333333,
sdhppo_no_dueling_safetyon,sdhppo,no_dueling,on,9,100352.0,-1.4365230131743842,3.5388496517081194,38.2,72.93743149184185,68.89999999999999,124.63588984194384,42.8,79.99688892475929,49.96666666666666,53.4,51.36666666666667,46.833333333333336,43.9,55.36666666666667,58.46666666666667,58.93333333333334,
sdhppo_real_only_safetyoff,sdhppo,real_only,off,0,75776.0,-0.8762313593800465,3.657418755499592,27.0,51.27473177049262,92.4,183.75399593071407,16.2,22.355173480819673,45.199999999999996,45.53333333333333,45.300000000000004,45.0,44.73333333333334,45.56666666666666,48.199999999999996,48.1,
sdhppo_real_only_safetyoff,sdhppo,real_only,off,1,176128.0,-1.5360519937620798,4.503860230652886,56.00000000000001,111.40311673658664,65.4,130.83470512056013,28.7,40.41209109318175,50.03333333333333,50.4,50.23333333333333,49.6,49.300000000000004,50.300000000000004,52.400000000000006,53.06666666666666,
sdhppo_real_only_safetyoff,sdhppo,real_only,off,10,251904.0,-1.8296816104835643,4.992409481963866,74.5,148.23139647247027,64.7,128.20080943503038,24.3,34.33116320771654,54.5,55.06666666666666,54.76666666666667,54.23333333333333,53.833333333333336,55.03333333333334,58.233333333333334,57.86666666666667,
sdhppo_real_only_safetyoff,sdhppo,real_only,off,11,301056.0,-1.406671175480759,6.032528683271026,48.4,88.3988515855256,99.2,198.41789992758413,17.5,33.56211887130357,55.03333333333333,55.13333333333333,55.06666666666666,55.03333333333333,54.96666666666666,55.1,59.099999999999994,55.00000000000001,
sdhppo_real_only_safetyoff,sdhppo,real_only,off,12,51200.0,-1.5484902371877738,4.856644401835526,16.400000000000002,28.749754571139707,63.3,124.59758430882796,68.4,136.4873181681301,49.366666666666674,49.6,49.56666666666666,49.06666666666666,48.666666666666664,49.73333333333334,55.2,52.53333333333333,
sdhppo_real_only_safetyoff,sdhppo,real_only,off,13,126976.0,-1.0863870595991976,4.593014990616393,25.7,38.83347179471035,96.89999999999999,193.46378865198892,30.599999999999998,58.51770029123288,51.06666666666666,51.199999999999996,51.099999999999994,51.0,50.9,51.23333333333333,51.866666666666674,55.13333333333333,
sdhppo_real_only_safetyoff,sdhppo,real_only,off,14,51200.0,-1.0824110440275334,4.8299622271354545,31.0,59.80969456473235,97.5,194.5312090023873,23.7,31.693820173940367,50.73333333333333,50.93333333333333,50.800000000000004,50.46666666666667,50.26666666666666,50.833333333333336,54.46666666666666,51.13333333333333,
sdhppo_real_only_safetyoff,sdhppo,real_only,off,15,251904.0,-1.1345987606392716,4.470264093607403,28.599999999999998,54.92460404824013,96.3,192.41265027601395,24.7,46.851656483483566,49.86666666666667,49.86666666666667,49.86666666666667,49.833333333333336,49.73333333333333,49.93333333333333,50.3,50.866666666666674,
sdhppo_real_only_safetyoff,sdhppo,real_only,off,16,301056.0,-1.2109671039141958,4.544367851489509,24.5,46.31704420975973,95.8,191.53920376864167,34.699999999999996,67.02043808219206,51.666666666666664,51.76666666666666,51.73333333333333,51.56666666666666,51.56666666666666,51.86666666666667,58.699999999999996,52.6,
sdhppo_real_only_safetyoff,sdhppo,real_only,off,17,251904.0,-1.0778881701134229,4.27958237061465,23.599999999999998,45.19158327077559,97.1,194.07508378086334,27.500000000000004,51.74203456226908,49.4,49.46666666666667,49.46666666666667,49.333333333333336,49.26666666666667,49.5,52.2,49.7,
sdhppo_real_only_safetyoff,sdhppo,real_only,off,18,126976.0,-1.254303119453858,4.752666618749604,31.7,61.21760180207373,98.3,196.28721354919853,28.1,53.678425326216065,52.699999999999996,52.73333333333333,52.699999999999996,52.633333333333326,52.5,52.76666666666666,53.233333333333334,53.300000000000004,
sdhppo_real_only_safetyoff,sdhppo,real_only,off,19,301056.0,-1.6551260673119488,6.472050789223201,40.300000000000004,64.79781562252269,95.39999999999999,190.37498820976728,47.9,93.20882197613612,61.199999999999996,61.333333333333336,61.199999999999996,61.13333333333333,60.866666666666674,61.26666666666667,71.23333333333333,63.03333333333333,
sdhppo_real_only_safetyoff,sdhppo,real_only,off,2,225280.0,-0.9787309969451342,4.649227201784059,21.4,25.580969383651027,97.0,193.72631829748525,31.1,58.9827777483255,49.833333333333336,50.0,49.9,49.699999999999996,49.53333333333333,49.96666666666666,50.56666666666667,47.9,
sdhppo_real_only_safetyoff,sdhppo,real_only,off,3,301056.0,-1.0578423516283788,4.5461810166458445,23.9,45.41895950987136,98.2,196.197756617572,25.1,46.66353655625534,49.06666666666666,49.166666666666664,49.133333333333326,49.03333333333333,49.0,49.166666666666664,50.5,48.6,
sdhppo_real_only_safetyoff,sdhppo,real_only,off,4,126976.0,-1.1113486143913165,5.322583958569647,23.3,26.51961205488375,98.0,195.97528903719999,37.0,71.21041803648366,52.76666666666667,52.9,52.86666666666667,52.43333333333334,52.23333333333333,52.76666666666667,55.833333333333336,52.5,
sdhppo_real_only_safetyoff,sdhppo,real_only,off,5,276480.0,-1.0248056698416435,4.256630235287298,21.3,40.18420591162477,97.2,193.99353983480643,26.900000000000002,50.502457515226254,48.46666666666667,48.6,48.56666666666666,48.46666666666667,48.333333333333336,48.5,50.96666666666667,49.06666666666666,
sdhppo_real_only_safetyoff,sdhppo,real_only,off,6,176128.0,-0.9569917799721429,4.786021482001615,14.499999999999998,20.60973533053541,97.89999999999999,195.6901794176913,31.7,60.341297437046656,48.03333333333333,48.099999999999994,48.06666666666666,47.99999999999999,47.93333333333333,48.099999999999994,49.766666666666666,49.233333333333334,
sdhppo_real_only_safetyoff,sdhppo,real_only,off,7,75776.0,-1.8262561047196821,4.814490650094407,80.2,160.15898976912231,55.50000000000001,109.2719728301057,15.6,22.197819264890008,50.43333333333334,50.73333333333333,50.6,50.166666666666664,49.833333333333336,50.833333333333336,55.300000000000004,53.0,
sdhppo_real_only_safetyoff,sdhppo,real_only,off,8,301056.0,-1.843049120153265,5.7420910750723575,21.2,34.81347247294917,56.599999999999994,111.51643291172861,82.5,164.59535281792242,53.43333333333334,53.73333333333333,53.699999999999996,53.0,52.6,54.0,59.13333333333334,58.9,
sdhppo_real_only_safetyoff,sdhppo,real_only,off,9,301056.0,-1.4436544428458415,5.336507108360858,34.2,66.29591479225826,98.5,196.7380076377622,36.5,69.604526014226,56.4,56.53333333333334,56.46666666666667,56.26666666666666,56.166666666666664,56.46666666666667,57.166666666666664,57.333333333333336,
sdhppo_real_only_safetyon,sdhppo,real_only,on,0,51200.0,-1.109240306338398,1.8708192000525279,32.1,60.58772642807076,44.3,77.36031545978686,36.0,64.8173089624445,37.46666666666667,41.833333333333336,39.333333333333336,34.0,31.666666666666668,44.03333333333333,44.03333333333334,46.7,
sdhppo_real_only_safetyon,sdhppo,real_only,on,1,225280.0,-1.066528309774621,2.318170083128657,30.9,52.50309817923085,57.49999999999999,102.18331286604621,34.8,63.778065877886725,41.06666666666666,45.666666666666664,43.23333333333333,37.666666666666664,34.13333333333333,48.56666666666667,49.166666666666664,51.4,
sdhppo_real_only_safetyon,sdhppo,real_only,on,10,301056.0,-1.1616052431801043,2.7656862716187236,34.4,62.62470854087084,48.6,92.42275884700801,35.9,62.17576977796153,39.63333333333333,43.86666666666667,41.46666666666667,36.8,35.06666666666666,47.36666666666667,49.93333333333334,50.06666666666667,
sdhppo_real_only_safetyon,sdhppo,real_only,on,11,51200.0,-1.2345822953365555,3.0496377443133493,36.6,67.11576025144608,69.6,122.19015598391182,37.3,63.10004478102584,47.833333333333336,50.86666666666667,49.43333333333334,44.03333333333333,40.666666666666664,52.43333333333334,63.5,52.666666666666664,
sdhppo_real_only_safetyon,sdhppo,real_only,on,12,276480.0,-0.9946487595340391,2.2406381876031047,29.299999999999997,53.53383086929477,55.400000000000006,99.69982132405468,30.8,53.521315600315255,38.5,44.5,41.46666666666667,34.266666666666666,31.666666666666668,47.599999999999994,48.16666666666667,44.1,
sdhppo_real_only_safetyon,sdhppo,real_only,on,13,26624.0,-1.2993826228880934,2.8656704279880003,36.6,62.94506893592635,63.0,115.276679289341,41.0,78.45177344239643,46.86666666666667,50.29999999999999,48.633333333333326,44.4,41.199999999999996,52.23333333333334,53.2,57.99999999999999,
sdhppo_real_only_safetyon,sdhppo,real_only,on,14,126976.0,-1.2234997358890813,2.9064404884034207,41.699999999999996,69.77325489960795,45.300000000000004,87.23469428463912,33.7,61.43437740672468,40.233333333333334,43.4,41.96666666666667,38.36666666666667,36.93333333333333,44.866666666666674,50.9,47.9,
sdhppo_real_only_safetyon,sdhppo,real_only,on,15,26624.0,-1.2722867308145143,2.569114628546048,41.5,78.35487326936092,60.8,108.66875734212152,31.900000000000002,59.10975745215897,44.73333333333333,48.03333333333333,46.43333333333334,42.00000000000001,39.0,50.166666666666664,48.6,51.53333333333333,
sdhppo_real_only_safetyon,sdhppo,real_only,on,16,200704.0,-0.8635512109484799,1.7744779902870123,27.6,49.841380153742314,42.699999999999996,76.5053062510178,25.8,44.54067494402178,32.03333333333333,37.5,34.4,28.433333333333337,25.866666666666664,41.36666666666667,47.36666666666667,38.36666666666667,
sdhppo_real_only_safetyon,sdhppo,real_only,on,17,75776.0,-1.0443497267601667,2.3701016109458246,30.9,51.62676550807545,59.3,103.73403956788455,34.2,61.341070680281675,41.46666666666666,45.76666666666667,43.46666666666667,37.06666666666667,34.4,48.23333333333333,52.83333333333333,48.16666666666667,
sdhppo_real_only_safetyon,sdhppo,real_only,on,18,26624.0,-1.312190674115476,3.084520607801414,40.1,72.27440665321383,60.3,112.4628212098819,38.9,67.98573839352731,46.43333333333334,50.13333333333333,48.1,43.833333333333336,41.46666666666667,52.666666666666664,52.33333333333333,59.699999999999996,
sdhppo_real_only_safetyon,sdhppo,real_only,on,19,276480.0,-1.5358144452971583,3.8489370213612393,43.2,79.74292967503038,69.0,126.38831771776546,44.5,83.37011712289227,52.23333333333333,55.20000000000001,53.633333333333326,48.96666666666667,46.93333333333334,57.199999999999996,68.23333333333333,57.333333333333336,
sdhppo_real_only_safetyon,sdhppo,real_only,on,2,26624.0,-1.224201285116274,2.6432706843342846,34.2,61.3715048061062,51.800000000000004,91.46065615676227,42.9,73.38808510367545,42.96666666666667,46.20000000000001,44.63333333333333,39.56666666666667,36.666666666666664,48.4,51.7,50.7,
sdhppo_real_only_safetyon,sdhppo,real_only,on,3,100352.0,-1.022426191411599,2.415395368293244,28.9,52.33700473036265,61.1,109.63153983831627,33.6,56.76314509022418,41.199999999999996,46.23333333333333,43.76666666666667,37.56666666666666,34.333333333333336,48.6,55.93333333333334,47.93333333333333,
sdhppo_real_only_safetyon,sdhppo,real_only,on,4,26624.0,-1.430863523072924,3.474691349244335,41.8,76.51577262399881,68.8,127.06776997967611,43.9,75.56771245141199,51.5,54.5,52.93333333333333,48.63333333333333,46.03333333333333,56.666666666666664,59.199999999999996,62.53333333333333,
sdhppo_real_only_safetyon,sdhppo,real_only,on,5,75776.0,-1.070025021274066,2.346553719899626,31.1,55.65885193427843,47.699999999999996,85.36539797901176,34.8,61.22938718250062,37.86666666666667,41.333333333333336,39.666666666666664,34.6,32.300000000000004,44.36666666666667,55.2,46.233333333333334,
sdhppo_real_only_safetyon,sdhppo,real_only,on,6,176128.0,-1.1537464926154248,2.5611438024337043,32.7,60.914861359150265,66.7,119.09249488975188,37.9,62.903967948270804,45.76666666666667,48.76666666666667,47.300000000000004,42.1,39.5,51.06666666666666,56.266666666666666,53.733333333333334,
sdhppo_real_only_safetyon,sdhppo,real_only,on,7,26624.0,-1.5405272357186763,2.8379417197664503,50.0,94.01229019956455,48.699999999999996,87.69287554743056,43.2,77.27896901819841,47.29999999999999,50.46666666666666,48.86666666666667,44.13333333333333,42.300000000000004,52.400000000000006,53.300000000000004,53.03333333333333,
sdhppo_real_only_safetyon,sdhppo,real_only,on,8,51200.0,-1.2062669765947904,2.861610245832434,31.6,57.525488660726126,59.199999999999996,105.04305937188326,40.9,72.8679107703368,43.9,47.56666666666666,45.93333333333334,40.4,37.166666666666664,50.13333333333333,63.800000000000004,50.76666666666667,
sdhppo_real_only_safetyon,sdhppo,real_only,on,9,301056.0,-1.4361055643366782,3.511243721794057,39.2,72.53748924095342,55.900000000000006,105.93934451724111,43.6,81.81950029511279,46.23333333333334,49.5,47.833333333333336,43.300000000000004,42.03333333333334,53.53333333333334,56.666666666666664,55.333333333333336,
threshold_full_safetyoff,threshold,full,off,0,,-1.5742157358696585,1.749006282866954,66.3,91.18716180630072,63.0,106.10288907538964,67.2,94.98377211519922,65.5,70.53333333333335,68.06666666666666,60.6,55.93333333333334,72.56666666666666,69.66666666666667,70.96666666666667,
threshold_full_safetyoff,threshold,full,off,1,,-1.760059899036441,2.4592310290764825,67.4,95.87627383480562,66.9,115.79179498036414,72.6,108.91431990825457,68.96666666666667,73.13333333333333,71.19999999999999,64.33333333333333,60.333333333333336,75.2,72.03333333333333,74.66666666666667,
threshold_full_safetyoff,threshold,full,off,10,,-1.8502408796872516,2.878277181626879,70.89999999999999,106.72137155820599,69.39999999999999,121.84232045621768,71.0,104.85832095266686,70.43333333333332,73.63333333333334,72.33333333333333,66.26666666666667,62.9,75.39999999999999,73.8,75.63333333333333,
threshold_full_safetyoff,threshold,full,off,11,,-1.8678233577953145,3.157342267329109,71.39999999999999,106.75499470356124,71.8,125.3760103024175,71.0,105.07630364425434,71.39999999999999,74.8,73.06666666666666,67.03333333333332,63.599999999999994,76.26666666666667,77.9,74.2,
threshold_full_safetyoff,threshold,full,off,12,,-1.7591189701453547,2.366119223117498,69.39999999999999,102.88481982833373,67.4,115.54706736410985,69.5,101.16696723157246,68.76666666666667,72.5,70.73333333333333,63.76666666666667,59.80000000000001,74.13333333333333,70.89999999999999,71.46666666666667,
threshold_full_safetyoff,threshold,full,off,13,,-1.8100068191723404,2.8107856027571048,69.3,101.4639531918696,70.1,123.21240655871752,70.6,105.94090421355719,69.99999999999999,73.66666666666667,72.10000000000001,65.96666666666665,62.1,75.13333333333333,73.76666666666667,76.33333333333333,
threshold_full_safetyoff,threshold,full,off,14,,-1.873755844910935,3.0125406204088456,71.1,106.66813249385558,70.89999999999999,123.90441472656512,71.2,107.12803564925267,71.06666666666666,75.03333333333333,73.23333333333333,66.26666666666667,62.833333333333336,76.5,74.86666666666667,74.96666666666667,
threshold_full_safetyoff,threshold,full,off,15,,-1.7627840901737108,2.5238213222837347,70.5,104.59692114145486,68.4,115.21875279372034,68.7,98.80414547357007,69.2,73.73333333333333,71.63333333333334,63.833333333333336,59.666666666666664,75.23333333333333,71.39999999999999,73.66666666666667,
threshold_full_safetyoff,threshold,full,off,16,,-1.6241875716828271,1.8803976916818592,68.60000000000001,98.96589443009294,63.7,107.99031454217577,67.10000000000001,91.52693069166445,66.46666666666668,70.43333333333334,68.93333333333334,61.366666666666674,57.56666666666666,72.69999999999999,71.8,69.46666666666667,
threshold_full_safetyoff,threshold,full,off,17,,-1.7419097154588694,2.478633611093754,68.2,97.50515210623556,67.30000000000001,115.71160989914932,71.1,104.55456589817621,68.86666666666666,73.76666666666667,71.43333333333334,64.06666666666666,59.93333333333334,75.46666666666665,74.3,72.6,
threshold_full_safetyoff,threshold,full,off,18,,-1.8509509572847358,3.117633718492635,71.8,106.62594941507638,70.7,129.01765065072811,69.6,102.81988954411304,70.7,74.8,72.66666666666667,67.63333333333334,64.43333333333334,76.1,74.36666666666667,77.96666666666667,
threshold_full_safetyoff,threshold,full,off,19,,-2.0881927203899733,3.963012353693413,74.7,114.6058529105118,75.0,136.34441044805786,76.2,119.3322499172875,75.3,78.93333333333334,77.16666666666667,71.76666666666667,69.0,80.06666666666666,81.63333333333334,78.23333333333333,
threshold_full_safetyoff,threshold,full,off,2,,-1.7973648212454465,2.739511749336423,70.7,100.66519134184296,67.5,117.19834130144456,71.39999999999999,106.3583096410355,69.86666666666666,73.83333333333333,72.3,65.46666666666665,61.76666666666666,75.83333333333333,73.8,74.16666666666667,
threshold_full_safetyoff,threshold,full,off,3,,-1.7240033179019965,2.5101900346770942,69.19999999999999,98.74389223322345,67.7,115.639568114473,70.1,100.35228262101637,68.99999999999999,73.03333333333335,70.76666666666665,64.13333333333334,60.03333333333334,74.6,74.83333333333333,73.16666666666667,
threshold_full_safetyoff,threshold,full,off,4,,-1.9862448358437637,3.5652175857104416,73.5,112.33463277226438,72.5,132.23696185036533,74.5,111.27657587911759,73.5,77.13333333333333,75.86666666666666,70.10000000000001,67.16666666666666,78.73333333333333,76.56666666666668,79.46666666666667,
threshold_full_safetyoff,threshold,full,off,5,,-1.7162453791441414,2.4444470812648476,68.2,94.81237930215924,65.60000000000001,113.6169942792737,70.89999999999999,104.51009626628276,68.23333333333333,72.46666666666667,70.33333333333333,63.56666666666667,59.666666666666664,74.73333333333333,75.4,73.26666666666667,
threshold_full_safetyoff,threshold,full,off,6,,-1.7981105839936233,2.6474807159680993,72.0,107.6699793773219,68.89999999999999,118.30828356780255,70.1,98.89403830728001,70.33333333333333,74.3,72.66666666666667,65.60000000000001,61.63333333333333,76.16666666666667,75.96666666666667,75.83333333333333,
threshold_full_safetyoff,threshold,full,off,7,,-1.7783046975855714,2.6580404501224444,70.89999999999999,101.71948702624756,66.9,115.45153788850587,69.8,103.2022303434778,69.2,73.53333333333332,71.0,64.66666666666667,60.666666666666664,75.33333333333333,75.13333333333333,72.63333333333334,
threshold_full_safetyoff,threshold,full,off,8,,-1.840981511618464,2.964815967356275,68.8,102.21845697310906,69.0,122.62020036925749,72.39999999999999,108.25690304676564,70.06666666666666,73.76666666666667,72.16666666666667,66.5,62.53333333333333,76.19999999999999,79.76666666666667,73.6,
threshold_full_safetyoff,threshold,full,off,9,,-2.0350514207292267,3.6271315949983713,73.1,111.54140982142603,71.8,130.27780723284454,75.0,118.37799287690757,73.3,76.93333333333334,75.39999999999999,70.06666666666666,67.0,78.06666666666666,77.3,78.93333333333334,
threshold_full_safetyon,threshold,full,on,0,,-1.5477432595147953,1.7475833689761568,66.7,89.55590427258497,58.599999999999994,102.44895204856967,67.7,93.4233259840649,64.33333333333333,68.93333333333334,66.7,59.70000000000001,56.900000000000006,70.56666666666666,68.7,69.63333333333334,
threshold_full_safetyon,threshold,full,on,1,,-1.7382782432886361,2.4563186218351323,67.5,93.90652005262004,62.7,112.51936221610282,72.7,108.3589808301914,67.63333333333333,71.83333333333333,70.0,63.800000000000004,60.63333333333333,73.46666666666665,71.2,73.86666666666667,
threshold_full_safetyon,threshold,full,on,10,,-1.8332069723493978,2.8786200411318257,71.2,106.20486879507979,64.4,118.12962994998253,71.1,103.33699889265105,68.9,72.60000000000001,70.93333333333332,65.46666666666667,62.96666666666666,74.8,72.73333333333333,74.53333333333333,
threshold_full_safetyon,threshold,full,on,11,,-1.8756020047185358,3.1638361249980935,72.1,107.75932958937017,67.30000000000001,124.13725512126004,71.3,104.76435913543833,70.23333333333333,73.8,71.93333333333334,67.46666666666665,64.73333333333333,75.10000000000001,77.10000000000001,73.63333333333333,
threshold_full_safetyon,threshold,full,on,12,,-1.7465258544087143,2.3695940102551765,69.6,102.37390038877702,62.5,110.99296892298182,69.5,100.19953527504451,67.2,70.69999999999999,69.10000000000001,63.333333333333336,60.63333333333335,73.03333333333332,69.76666666666667,70.0,
threshold_full_safetyon,threshold,full,on,13,,-1.8234357561546826,2.8149765187850417,69.69999999999999,101.73035986435565,66.60000000000001,120.50009259040348,71.2,107.37092694243356,69.16666666666667,72.26666666666667,70.76666666666665,65.66666666666667,63.133333333333326,73.8,72.8,76.06666666666668,
threshold_full_safetyon,threshold,full,on,14,,-1.8675501637375687,3.0130690919823158,71.6,107.53643824053773,67.5,122.13520396811728,71.5,105.19940569539229,70.2,73.89999999999999,72.16666666666667,66.63333333333333,63.833333333333336,75.06666666666666,73.63333333333333,74.03333333333333,
threshold_full_safetyon,threshold,full,on,15,,-1.7441174551778067,2.5229421699363757,71.2,102.26719958718748,64.8,115.64566020336031,69.89999999999999,98.66997749518036,68.63333333333333,72.19999999999999,70.10000000000001,64.53333333333333,62.23333333333333,73.69999999999999,69.6,73.13333333333333,
threshold_full_safetyon,threshold,full,on,16,,-1.5791325459977765,1.884496810696624,68.60000000000001,94.62487597216176,59.099999999999994,103.60315953819588,66.8,90.65555679170785,64.83333333333333,68.76666666666667,66.76666666666667,60.800000000000004,57.333333333333336,70.76666666666667,70.83333333333334,68.30000000000001,
threshold_full_safetyon,threshold,full,on,17,,-1.7378006281864837,2.486841381085144,68.10000000000001,97.43588418091184,62.9,112.57048488239305,71.1,103.84380217779363,67.36666666666666,71.13333333333333,69.43333333333334,64.10000000000001,60.73333333333333,72.83333333333333,73.4,71.3,
threshold_full_safetyon,threshold,full,on,18,,-1.8812377453225162,3.1242684125447475,72.2,108.81292865794913,69.8,126.91024989142257,70.39999999999999,104.30898860804696,70.8,73.76666666666667,72.26666666666667,67.83333333333333,64.96666666666667,75.03333333333333,73.63333333333333,78.13333333333333,
threshold_full_safetyon,threshold,full,on,19,,-2.111929891776128,3.9692077013882914,74.6,116.43210117979423,72.39999999999999,133.1873467957712,75.9,120.29468782619776,74.3,77.26666666666667,75.36666666666667,71.5,69.23333333333333,78.76666666666667,80.93333333333334,77.13333333333333,
threshold_full_safetyon,threshold,full,on,2,,-1.8428268572484614,2.7468578381992392,70.8,104.09037889555309,63.4,114.24835996382139,71.89999999999999,108.30720416477408,68.69999999999999,72.5,70.33333333333333,65.60000000000001,62.56666666666666,73.96666666666667,72.83333333333334,73.13333333333333,
threshold_full_safetyon,threshold,full,on,3,,-1.7039274606315193,2.5226045737575227,69.3,96.66748580527104,63.0,112.01400433350788,69.8,100.06122593536996,67.36666666666667,71.33333333333333,69.4,63.80000000000001,60.300000000000004,73.16666666666667,73.63333333333333,72.03333333333333,
threshold_full_safetyon,threshold,full,on,4,,-2.021236849357463,3.5775663199673136,73.9,114.67998836903752,69.3,127.68208320171414,74.1,113.25562500371863,72.43333333333332,75.66666666666667,74.10000000000001,69.5,66.7,77.36666666666666,75.9,79.03333333333333,
threshold_full_safetyon,threshold,full,on,5,,-1.7521024520503157,2.4561042132399438,67.9,97.14251604208886,61.4,111.05727940348739,70.39999999999999,106.31054111804805,66.56666666666666,70.49999999999999,68.30000000000001,63.633333333333326,60.63333333333333,72.43333333333334,74.43333333333332,71.93333333333334,
threshold_full_safetyon,threshold,full,on,6,,-1.801785475883335,2.658660598892037,71.8,105.71051906610298,65.10000000000001,116.89915003945418,70.0,101.277392680357,68.96666666666667,71.93333333333334,70.76666666666665,65.63333333333333,62.9,73.46666666666667,74.96666666666667,74.9,
threshold_full_safetyon,threshold,full,on,7,,-1.7749391478634065,2.655698463033658,71.89999999999999,105.346007593662,63.6,111.37869565156947,70.0,98.72222796654997,68.5,72.26666666666667,70.33333333333333,64.66666666666667,61.20000000000001,73.83333333333333,73.63333333333333,71.83333333333334,
threshold_full_safetyon,threshold,full,on,8,,-1.8577364358037096,2.96861365478539,69.39999999999999,101.9077700891229,66.0,119.53656154225776,72.7,110.8841836416974,69.36666666666666,73.0,70.76666666666667,66.03333333333333,63.13333333333333,74.93333333333334,78.46666666666667,73.06666666666666,
threshold_full_safetyon,threshold,full,on,9,,-2.034051795510173,3.629385536237357,73.0,112.16765072742835,69.69999999999999,125.49465280601018,75.0,117.65303646356027,72.56666666666666,75.2,73.89999999999999,69.3,66.6,76.60000000000001,76.8,78.36666666666666,
